experiment,size,rate,scenario,fold,calib_mode,mcc,f1,auc,sens,spec,thr,n_tr,n_te,rate_te
v3_calibration,30,0.1,B,0,oracle_clean,0.4559083884449214,0.48837209302325585,0.8324561510131151,0.5753424657534246,0.9494232475598935,0.16312321428571436,4800,1200,0.060833333333333336
v3_calibration,30,0.1,B,0,blind95,0.5334892164620934,0.5563909774436091,0.8324561510131151,0.5068493150684932,0.9795918367346939,0.24582559523809497,4800,1200,0.060833333333333336
v3_calibration,30,0.1,B,0,rate_aware,0.49355410573302444,0.5241379310344828,0.8324561510131151,0.5205479452054794,0.9698314108251996,0.2121959523809521,4800,1200,0.060833333333333336
v3_calibration,30,0.1,B,0,fixed05,0.5114944944510897,0.49056603773584906,0.8324561510131151,0.3561643835616438,0.9937888198757764,0.5,4800,1200,0.060833333333333336
v3_calibration,30,0.1,B,1,oracle_clean,0.3992127221814074,0.43636363636363634,0.8504912825059101,0.5,0.949468085106383,0.1461041666666666,4800,1200,0.06
v3_calibration,30,0.1,B,1,blind95,0.44114662395451837,0.4696969696969697,0.8504912825059101,0.4305555555555556,0.974290780141844,0.2300729166666665,4800,1200,0.06
v3_calibration,30,0.1,B,1,rate_aware,0.405471873894888,0.4413793103448276,0.8504912825059101,0.4444444444444444,0.9636524822695035,0.18333290426587293,4800,1200,0.06
v3_calibration,30,0.1,B,1,fixed05,0.5021197473401562,0.4421052631578948,0.8504912825059101,0.2916666666666667,0.99822695035461,0.5,4800,1200,0.06
v3_calibration,30,0.1,B,2,oracle_clean,0.35700028292483893,0.39751552795031053,0.7763679570527975,0.4444444444444444,0.949468085106383,0.18279374999999992,4800,1200,0.06
v3_calibration,30,0.1,B,2,blind95,0.40894614045418853,0.43939393939393945,0.7763679570527975,0.4027777777777778,0.9725177304964538,0.24404464285714275,4800,1200,0.06
v3_calibration,30,0.1,B,2,rate_aware,0.3761111299488425,0.41379310344827586,0.7763679570527975,0.4166666666666667,0.9618794326241135,0.20702419022817461,4800,1200,0.06
v3_calibration,30,0.1,B,2,fixed05,0.5153167707478461,0.4583333333333333,0.7763679570527975,0.3055555555555556,0.99822695035461,0.5,4800,1200,0.06
v3_calibration,30,0.1,B,3,oracle_clean,0.48919887353197594,0.5172413793103449,0.8496971040189125,0.625,0.949468085106383,0.1453192460317458,4800,1200,0.06
v3_calibration,30,0.1,B,3,blind95,0.5216478327053429,0.5454545454545454,0.8496971040189125,0.5,0.9787234042553191,0.236789880952381,4800,1200,0.06
v3_calibration,30,0.1,B,3,rate_aware,0.49355410573302444,0.5241379310344828,0.8496971040189125,0.5277777777777778,0.9689716312056738,0.19015546626984126,4800,1200,0.06
v3_calibration,30,0.1,B,3,fixed05,0.5653028787873138,0.52,0.8496971040189125,0.3611111111111111,0.99822695035461,0.5,4800,1200,0.06
v3_calibration,30,0.1,B,4,oracle_clean,0.3992127221814074,0.43636363636363634,0.8380368400315208,0.5,0.949468085106383,0.16999374999999992,4800,1200,0.06
v3_calibration,30,0.1,B,4,blind95,0.45724686570468326,0.4848484848484848,0.8380368400315208,0.4444444444444444,0.975177304964539,0.2370660714285714,4800,1200,0.06
v3_calibration,30,0.1,B,4,rate_aware,0.4201522458679107,0.4551724137931034,0.8380368400315208,0.4583333333333333,0.9645390070921985,0.20840028149801593,4800,1200,0.06
v3_calibration,30,0.1,B,4,fixed05,0.5278570122822659,0.509433962264151,0.8380368400315208,0.375,0.9937943262411347,0.5,4800,1200,0.06
v3_calibration,30,0.2,B,0,oracle_clean,0.479564526651089,0.5367647058823529,0.8211412492526838,0.5,0.9497153700189753,0.3003380952380952,4800,1200,0.12166666666666667
v3_calibration,30,0.2,B,0,blind95,0.47604813829821246,0.4660194174757281,0.8211412492526838,0.3287671232876712,0.9886148007590133,0.5010398809523801,4800,1200,0.12166666666666667
v3_calibration,30,0.2,B,0,rate_aware,0.44633620129448154,0.5136986301369864,0.8211412492526838,0.5136986301369864,0.9326375711574952,0.2695051587301587,4800,1200,0.12166666666666667
v3_calibration,30,0.2,B,0,fixed05,0.48253054467257844,0.4734299516908213,0.8211412492526838,0.3356164383561644,0.9886148007590133,0.5,4800,1200,0.12166666666666667
v3_calibration,30,0.2,B,1,oracle_clean,0.4217268994332648,0.48091603053435117,0.8051649294273608,0.4315068493150685,0.9497153700189753,0.28952023809523775,4800,1200,0.12166666666666667
v3_calibration,30,0.2,B,1,blind95,0.4292620804802063,0.42718446601941745,0.8051649294273608,0.3013698630136986,0.9848197343453511,0.4913779761904756,4800,1200,0.12166666666666667
v3_calibration,30,0.2,B,1,rate_aware,0.44633620129448154,0.5136986301369864,0.8051649294273608,0.5136986301369864,0.9326375711574952,0.2487331944444445,4800,1200,0.12166666666666667
v3_calibration,30,0.2,B,1,fixed05,0.4292620804802063,0.42718446601941745,0.8051649294273608,0.3013698630136986,0.9848197343453511,0.5,4800,1200,0.12166666666666667
v3_calibration,30,0.2,B,2,oracle_clean,0.41575487721755144,0.47509578544061304,0.8205109043175378,0.4246575342465753,0.9497153700189753,0.3254378968253967,4800,1200,0.12166666666666667
v3_calibration,30,0.2,B,2,blind95,0.4643516238437109,0.4563106796116505,0.8205109043175378,0.3219178082191781,0.9876660341555977,0.5612967261904761,4800,1200,0.12166666666666667
v3_calibration,30,0.2,B,2,rate_aware,0.4151438746068467,0.4863013698630137,0.8205109043175378,0.4863013698630137,0.928842504743833,0.2830161904761905,4800,1200,0.12166666666666667
v3_calibration,30,0.2,B,2,fixed05,0.4555900086995395,0.46511627906976744,0.8205109043175378,0.3424657534246575,0.9819734345351043,0.5,4800,1200,0.12166666666666667
v3_calibration,30,0.2,B,3,oracle_clean,0.5018270666879092,0.5579710144927537,0.8541043903199812,0.5273972602739726,0.9497153700189753,0.3342089285714285,4800,1200,0.12166666666666667
v3_calibration,30,0.2,B,3,blind95,0.5579237394797232,0.5339805825242718,0.8541043903199812,0.3767123287671233,0.9952561669829222,0.6463434523809514,4800,1200,0.12166666666666667
v3_calibration,30,0.2,B,3,rate_aware,0.49312469132593384,0.5547945205479452,0.8541043903199812,0.5547945205479452,0.9383301707779886,0.30974410714285716,4800,1200,0.12166666666666667
v3_calibration,30,0.2,B,3,fixed05,0.5607469020802671,0.5596330275229358,0.8541043903199812,0.4178082191780822,0.9895635673624289,0.5,4800,1200,0.12166666666666667
v3_calibration,30,0.2,B,4,oracle_clean,0.4625546765646601,0.5204460966542751,0.823685373398144,0.4794520547945205,0.9497153700189753,0.2857041666666666,4800,1200,0.12166666666666667
v3_calibration,30,0.2,B,4,blind95,0.47604813829821246,0.4660194174757281,0.823685373398144,0.3287671232876712,0.9886148007590133,0.4814650793650794,4800,1200,0.12166666666666667
v3_calibration,30,0.2,B,4,rate_aware,0.45413428296639025,0.5205479452054794,0.823685373398144,0.5205479452054794,0.9335863377609108,0.24324587962962957,4800,1200,0.12166666666666667
v3_calibration,30,0.2,B,4,fixed05,0.44943277250165553,0.43564356435643564,0.823685373398144,0.3013698630136986,0.9886148007590133,0.5,4800,1200,0.12166666666666667
v3_calibration,30,0.4,B,0,oracle_clean,0.5050518368724938,0.5811965811965812,0.796892932013282,0.4755244755244755,0.949671772428884,0.44390158730158724,4800,1200,0.23833333333333334
v3_calibration,30,0.4,B,0,blind95,0.3831995194497898,0.3294797687861271,0.796892932013282,0.1993006993006993,0.9967177242888403,0.8791125,4800,1200,0.23833333333333334
v3_calibration,30,0.4,B,0,rate_aware,0.438327900511926,0.5724258289703316,0.796892932013282,0.5734265734265734,0.8654266958424508,0.3160197172619047,4800,1200,0.23833333333333334
v3_calibration,30,0.4,B,0,fixed05,0.49543708804699926,0.5491990846681921,0.796892932013282,0.4195804195804196,0.9660831509846827,0.5,4800,1200,0.23833333333333334
v3_calibration,30,0.4,B,1,oracle_clean,0.49597275354732634,0.5720430107526882,0.7980616210922558,0.46503496503496505,0.949671772428884,0.5197037698412694,4800,1200,0.23833333333333334
v3_calibration,30,0.4,B,1,blind95,0.4101222023151146,0.3468208092485549,0.7980616210922558,0.2097902097902098,1.0,0.9188642857142857,4800,1200,0.23833333333333334
v3_calibration,30,0.4,B,1,rate_aware,0.4795937988498398,0.6038394415357766,0.7980616210922558,0.6048951048951049,0.87527352297593,0.3654076636904763,4800,1200,0.23833333333333334
v3_calibration,30,0.4,B,1,fixed05,0.4837349393739671,0.570230607966457,0.7980616210922558,0.4755244755244755,0.9398249452954048,0.5,4800,1200,0.23833333333333334
v3_calibration,30,0.4,B,2,oracle_clean,0.47757746847603283,0.5533769063180829,0.8007299046686356,0.44405594405594406,0.949671772428884,0.4641190476190468,4800,1200,0.23833333333333334
v3_calibration,30,0.4,B,2,blind95,0.3921737470715647,0.3352601156069364,0.8007299046686356,0.20279720279720279,0.9978118161925602,0.8965476190476183,4800,1200,0.23833333333333334
v3_calibration,30,0.4,B,2,rate_aware,0.46125339958854483,0.5898778359511343,0.8007299046686356,0.5909090909090909,0.8708971553610503,0.3376284970238096,4800,1200,0.23833333333333334
v3_calibration,30,0.4,B,2,fixed05,0.4668825927110895,0.5306122448979592,0.8007299046686356,0.4090909090909091,0.9584245076586433,0.5,4800,1200,0.23833333333333334
v3_calibration,30,0.4,B,3,oracle_clean,0.4556851576056891,0.5309734513274336,0.7927441814203302,0.4195804195804196,0.949671772428884,0.4579157738095235,4800,1200,0.23833333333333334
v3_calibration,30,0.4,B,3,blind95,0.3921737470715647,0.3352601156069364,0.7927441814203302,0.20279720279720279,0.9978118161925602,0.9039833333333332,4800,1200,0.23833333333333334
v3_calibration,30,0.4,B,3,rate_aware,0.4429130003272498,0.5759162303664921,0.7927441814203302,0.5769230769230769,0.8665207877461707,0.30591257440476194,4800,1200,0.23833333333333334
v3_calibration,30,0.4,B,3,fixed05,0.46471810420040977,0.5197215777262181,0.7927441814203302,0.3916083916083916,0.9638949671772429,0.5,4800,1200,0.23833333333333334
v3_calibration,30,0.4,B,4,oracle_clean,0.4762039498524882,0.5521739130434783,0.7937457781712851,0.4425087108013937,0.9496166484118291,0.4538523809523808,4800,1200,0.23916666666666667
v3_calibration,30,0.4,B,4,blind95,0.391256086022019,0.33429394812680113,0.7937457781712851,0.20209059233449478,0.9978094194961665,0.9061392857142855,4800,1200,0.23916666666666667
v3_calibration,30,0.4,B,4,rate_aware,0.438327900511926,0.5724258289703316,0.7937457781712851,0.5714285714285714,0.8663745892661555,0.30140479166666667,4800,1200,0.23916666666666667
v3_calibration,30,0.4,B,4,fixed05,0.46557129911184,0.5294117647058822,0.7937457781712851,0.4076655052264808,0.9583789704271632,0.5,4800,1200,0.23916666666666667
v3_calibration,30,0.6,B,0,oracle_clean,0.414604270828086,0.5094936708860759,0.75989070939429,0.3726851851851852,0.94921875,0.6166604166666666,4800,1200,0.36
v3_calibration,30,0.6,B,0,blind95,0.305887645160749,0.24390243902439027,0.75989070939429,0.1388888888888889,1.0,0.9710458333333332,4800,1200,0.36
v3_calibration,30,0.6,B,0,rate_aware,0.3598090277777778,0.5902777777777778,0.75989070939429,0.5902777777777778,0.76953125,0.38750476190476185,4800,1200,0.36
v3_calibration,30,0.6,B,0,fixed05,0.3900664718545656,0.5572413793103449,0.75989070939429,0.4675925925925926,0.8815104166666666,0.5,4800,1200,0.36
v3_calibration,30,0.6,B,1,oracle_clean,0.4442855566603214,0.541795665634675,0.796850887345679,0.4050925925925926,0.94921875,0.6504571428571428,4800,1200,0.36
v3_calibration,30,0.6,B,1,blind95,0.305887645160749,0.24390243902439027,0.796850887345679,0.1388888888888889,1.0,0.9737416666666668,4800,1200,0.36
v3_calibration,30,0.6,B,1,rate_aware,0.4574652777777778,0.6527777777777778,0.796850887345679,0.6527777777777778,0.8046875,0.38724,4800,1200,0.36
v3_calibration,30,0.6,B,1,fixed05,0.448631152217441,0.6098535286284953,0.796850887345679,0.5300925925925926,0.8828125,0.5,4800,1200,0.36
v3_calibration,30,0.6,B,2,oracle_clean,0.45881842491280006,0.557427258805513,0.7864658685378086,0.4212962962962963,0.94921875,0.6429571428571427,4800,1200,0.36
v3_calibration,30,0.6,B,2,blind95,0.305887645160749,0.24390243902439027,0.7864658685378086,0.1388888888888889,1.0,0.9871833333333333,4800,1200,0.36
v3_calibration,30,0.6,B,2,rate_aware,0.4068287037037037,0.6203703703703703,0.7864658685378086,0.6203703703703703,0.7864583333333334,0.4099114285714285,4800,1200,0.36
v3_calibration,30,0.6,B,2,fixed05,0.42779263194649864,0.6086956521739131,0.7864658685378086,0.5509259259259259,0.8541666666666666,0.5,4800,1200,0.36
v3_calibration,30,0.6,B,3,oracle_clean,0.40160079149357386,0.4952076677316294,0.7880105854552468,0.3587962962962963,0.94921875,0.6360604166666666,4800,1200,0.36
v3_calibration,30,0.6,B,3,blind95,0.305887645160749,0.24390243902439027,0.7880105854552468,0.1388888888888889,1.0,0.9876416666666665,4800,1200,0.36
v3_calibration,30,0.6,B,3,rate_aware,0.4032118055555556,0.6180555555555556,0.7880105854552468,0.6180555555555556,0.78515625,0.3785761904761904,4800,1200,0.36
v3_calibration,30,0.6,B,3,fixed05,0.4187715320667364,0.5882352941176472,0.7880105854552468,0.5092592592592593,0.875,0.5,4800,1200,0.36
v3_calibration,30,0.6,B,4,oracle_clean,0.46704044859817084,0.5662100456621004,0.7884084442515432,0.4305555555555556,0.94921875,0.5947869047619048,4800,1200,0.36
v3_calibration,30,0.6,B,4,blind95,0.305887645160749,0.24390243902439027,0.7884084442515432,0.1388888888888889,1.0,0.9798595238095238,4800,1200,0.36
v3_calibration,30,0.6,B,4,rate_aware,0.4574652777777778,0.6527777777777778,0.7884084442515432,0.6527777777777778,0.8046875,0.3868833333333333,4800,1200,0.36
v3_calibration,30,0.6,B,4,fixed05,0.49131550090192877,0.6332882273342354,0.7884084442515432,0.5416666666666666,0.9049479166666666,0.5,4800,1200,0.36
v3_calibration,50,0.1,B,0,oracle_clean,0.5178390459245077,0.5423728813559322,0.9004444936958235,0.6666666666666666,0.949468085106383,0.13040416666666657,4800,1200,0.06
v3_calibration,50,0.1,B,0,blind95,0.6021490414561674,0.6212121212121212,0.9004444936958235,0.5694444444444444,0.9831560283687943,0.2338107142857141,4800,1200,0.06
v3_calibration,50,0.1,B,0,rate_aware,0.5669559655981381,0.593103448275862,0.9004444936958235,0.5972222222222222,0.973404255319149,0.1916953199404742,4800,1200,0.06
v3_calibration,50,0.1,B,0,fixed05,0.5609391384827047,0.5420560747663552,0.9004444936958235,0.4027777777777778,0.9946808510638298,0.5,4800,1200,0.06
v3_calibration,50,0.1,B,1,oracle_clean,0.48919887353197594,0.5172413793103449,0.8819752265563435,0.625,0.949468085106383,0.18221428571428538,4800,1200,0.06
v3_calibration,50,0.1,B,1,blind95,0.5216478327053429,0.5454545454545454,0.8819752265563435,0.5,0.9787234042553191,0.3111314123376622,4800,1200,0.06
v3_calibration,50,0.1,B,1,rate_aware,0.5082344777060471,0.5379310344827586,0.8819752265563435,0.5416666666666666,0.9698581560283688,0.27688311383928466,4800,1200,0.06
v3_calibration,50,0.1,B,1,fixed05,0.5706072595178053,0.5663716814159292,0.8819752265563435,0.4444444444444444,0.9920212765957447,0.5,4800,1200,0.06
v3_calibration,50,0.1,B,2,oracle_clean,0.5040175711694366,0.5310734463276836,0.8905142759903246,0.6438356164383562,0.9494232475598935,0.20265357142857154,4800,1200,0.060833333333333336
v3_calibration,50,0.1,B,2,blind95,0.5494858946168788,0.5714285714285714,0.8905142759903246,0.5205479452054794,0.9804791481810116,0.37125833333333297,4800,1200,0.060833333333333336
v3_calibration,50,0.1,B,2,rate_aware,0.5478358109175773,0.5753424657534246,0.8905142759903246,0.5753424657534246,0.9724933451641526,0.3050061259920637,4800,1200,0.060833333333333336
v3_calibration,50,0.1,B,2,fixed05,0.5886641016629356,0.5862068965517241,0.8905142759903246,0.4657534246575342,0.9920141969831411,0.5,4800,1200,0.060833333333333336
v3_calibration,50,0.1,B,3,oracle_clean,0.5134284818727918,0.5393258426966293,0.9099682755770563,0.6575342465753424,0.9494232475598935,0.16984404761904806,4800,1200,0.060833333333333336
v3_calibration,50,0.1,B,3,blind95,0.6294692853908058,0.6466165413533834,0.9099682755770563,0.589041095890411,0.9849157054125999,0.26508690476190466,4800,1200,0.060833333333333336
v3_calibration,50,0.1,B,3,rate_aware,0.5915936356674891,0.6164383561643836,0.9099682755770563,0.6164383561643836,0.9751552795031055,0.23022926587301595,4800,1200,0.060833333333333336
v3_calibration,50,0.1,B,3,fixed05,0.551935753068656,0.5192307692307693,0.9099682755770563,0.3698630136986301,0.9964507542147294,0.5,4800,1200,0.060833333333333336
v3_calibration,50,0.1,B,4,oracle_clean,0.4559083884449214,0.48837209302325585,0.8923496736395571,0.5753424657534246,0.9494232475598935,0.18340119047619063,4800,1200,0.060833333333333336
v3_calibration,50,0.1,B,4,blind95,0.4695025038429518,0.49624060150375937,0.8923496736395571,0.4520547945205479,0.9760425909494232,0.34385833333333315,4800,1200,0.060833333333333336
v3_calibration,50,0.1,B,4,rate_aware,0.47490610300105746,0.5068493150684932,0.8923496736395571,0.5068493150684932,0.9680567879325643,0.25864620535714294,4800,1200,0.060833333333333336
v3_calibration,50,0.1,B,4,fixed05,0.4577169831050455,0.46017699115044247,0.8923496736395571,0.3561643835616438,0.9875776397515528,0.5,4800,1200,0.060833333333333336
v3_calibration,50,0.2,B,0,oracle_clean,0.579228718301566,0.6293706293706294,0.8711784903837884,0.6293706293706294,0.9498580889309366,0.2910499999999999,4800,1200,0.11916666666666667
v3_calibration,50,0.2,B,0,blind95,0.6001207454476777,0.5714285714285714,0.8711784903837884,0.40559440559440557,0.9981078524124882,0.7061023809523802,4800,1200,0.11916666666666667
v3_calibration,50,0.2,B,0,rate_aware,0.5765440116451339,0.627177700348432,0.8711784903837884,0.6293706293706294,0.9489120151371807,0.29043523809523814,4800,1200,0.11916666666666667
v3_calibration,50,0.2,B,0,fixed05,0.6203185987807955,0.6315789473684211,0.8711784903837884,0.5034965034965035,0.9877010406811731,0.5,4800,1200,0.11916666666666667
v3_calibration,50,0.2,B,1,oracle_clean,0.5394154282447673,0.5928571428571429,0.8462949810606062,0.5763888888888888,0.9498106060606061,0.26999553571428575,4800,1200,0.12
v3_calibration,50,0.2,B,1,blind95,0.562429234330218,0.5392156862745097,0.8462949810606062,0.3819444444444444,0.9952651515151515,0.616643452380952,4800,1200,0.12
v3_calibration,50,0.2,B,1,rate_aware,0.5265151515151515,0.5833333333333334,0.8462949810606062,0.5833333333333334,0.9431818181818182,0.2561869419642858,4800,1200,0.12
v3_calibration,50,0.2,B,1,fixed05,0.5901004264170429,0.5982142857142857,0.8462949810606062,0.4652777777777778,0.9876893939393939,0.5,4800,1200,0.12
v3_calibration,50,0.2,B,2,oracle_clean,0.560774429948441,0.6126760563380282,0.8750887784090909,0.6041666666666666,0.9498106060606061,0.26848511904761907,4800,1200,0.12
v3_calibration,50,0.2,B,2,blind95,0.5506629323567824,0.5294117647058825,0.8750887784090909,0.375,0.9943181818181818,0.6040559523809524,4800,1200,0.12
v3_calibration,50,0.2,B,2,rate_aware,0.5580808080808081,0.6111111111111112,0.8750887784090909,0.6111111111111112,0.946969696969697,0.2638298611111112,4800,1200,0.12
v3_calibration,50,0.2,B,2,fixed05,0.6003809216507892,0.6071428571428571,0.8750887784090909,0.4722222222222222,0.9886363636363636,0.5,4800,1200,0.12
v3_calibration,50,0.2,B,3,oracle_clean,0.5869439594685779,0.6366782006920416,0.8798762363215489,0.6388888888888888,0.9498106060606061,0.2738839285714285,4800,1200,0.12
v3_calibration,50,0.2,B,3,blind95,0.5506629323567824,0.5294117647058825,0.8798762363215489,0.375,0.9943181818181818,0.7528615079365077,4800,1200,0.12
v3_calibration,50,0.2,B,3,rate_aware,0.5896464646464646,0.6388888888888888,0.8798762363215489,0.6388888888888888,0.9507575757575758,0.2756342385912701,4800,1200,0.12
v3_calibration,50,0.2,B,3,fixed05,0.6068326875542412,0.6271186440677965,0.8798762363215489,0.5138888888888888,0.9829545454545454,0.5,4800,1200,0.12
v3_calibration,50,0.2,B,4,oracle_clean,0.5285858712261974,0.5827338129496402,0.8443319917929293,0.5625,0.9498106060606061,0.2898452380952381,4800,1200,0.12
v3_calibration,50,0.2,B,4,blind95,0.5035977244630404,0.49019607843137253,0.8443319917929293,0.3472222222222222,0.990530303030303,0.6204517857142849,4800,1200,0.12
v3_calibration,50,0.2,B,4,rate_aware,0.5265151515151515,0.5833333333333334,0.8443319917929293,0.5833333333333334,0.9431818181818182,0.26353865947420635,4800,1200,0.12
v3_calibration,50,0.2,B,4,fixed05,0.4851576154699626,0.5045045045045045,0.8443319917929293,0.3888888888888889,0.9791666666666666,0.5,4800,1200,0.12
v3_calibration,50,0.4,B,0,oracle_clean,0.5157101889734944,0.592901878914405,0.8283053391249777,0.4879725085910653,0.9493949394939494,0.5031499999999999,4800,1200,0.2425
v3_calibration,50,0.4,B,0,blind95,0.3876274639729713,0.33048433048433046,0.8283053391249777,0.19931271477663232,0.9977997799779978,0.8929999999999997,4800,1200,0.2425
v3_calibration,50,0.4,B,0,rate_aware,0.4964444898098057,0.6185567010309279,0.8283053391249777,0.6185567010309279,0.8778877887788779,0.3355883705357142,4800,1200,0.2425
v3_calibration,50,0.4,B,0,fixed05,0.5167841733701958,0.5962732919254659,0.8283053391249777,0.4948453608247423,0.9471947194719472,0.5,4800,1200,0.2425
v3_calibration,50,0.4,B,1,oracle_clean,0.509824486485171,0.5870020964360586,0.8394085112978651,0.48109965635738833,0.9493949394939494,0.49506190476190454,4800,1200,0.2425
v3_calibration,50,0.4,B,1,blind95,0.3965486944441559,0.33618233618233617,0.8394085112978651,0.2027491408934708,0.9988998899889989,0.9565184523809522,4800,1200,0.2425
v3_calibration,50,0.4,B,1,rate_aware,0.4964444898098057,0.6185567010309279,0.8394085112978651,0.6185567010309279,0.8778877887788779,0.35006598958333324,4800,1200,0.2425
v3_calibration,50,0.4,B,1,fixed05,0.5117539540141337,0.5864978902953587,0.8394085112978651,0.47766323024054985,0.9515951595159516,0.5,4800,1200,0.2425
v3_calibration,50,0.4,B,2,oracle_clean,0.5389576665787388,0.6160164271047226,0.853150435318446,0.5154639175257731,0.9493949394939494,0.5078190476190476,4800,1200,0.2425
v3_calibration,50,0.4,B,2,blind95,0.3876274639729713,0.33048433048433046,0.853150435318446,0.19931271477663232,0.9977997799779978,0.9558583333333329,4800,1200,0.2425
v3_calibration,50,0.4,B,2,rate_aware,0.5463463872160412,0.6563573883161512,0.853150435318446,0.6563573883161512,0.88998899889989,0.35234760912698415,4800,1200,0.2425
v3_calibration,50,0.4,B,2,fixed05,0.539980605959786,0.6191446028513238,0.853150435318446,0.5223367697594502,0.9471947194719472,0.5,4800,1200,0.2425
v3_calibration,50,0.4,B,3,oracle_clean,0.5689603745786489,0.6451612903225807,0.8727832512315271,0.5517241379310345,0.9494505494505494,0.4646934523809524,4800,1200,0.24166666666666667
v3_calibration,50,0.4,B,3,blind95,0.40639176292436924,0.34285714285714286,0.8727832512315271,0.20689655172413793,1.0,0.9141874999999999,4800,1200,0.24166666666666667
v3_calibration,50,0.4,B,3,rate_aware,0.5662555761590291,0.6712564543889845,0.8727832512315271,0.6724137931034483,0.8945054945054945,0.36432670758928576,4800,1200,0.24166666666666667
v3_calibration,50,0.4,B,3,fixed05,0.5716817695620708,0.6404958677685949,0.8727832512315271,0.5344827586206896,0.9571428571428572,0.5,4800,1200,0.24166666666666667
v3_calibration,50,0.4,B,4,oracle_clean,0.5968736636740568,0.6719367588932806,0.8630920803334596,0.5862068965517241,0.9494505494505494,0.511004166666666,4800,1200,0.24166666666666667
v3_calibration,50,0.4,B,4,blind95,0.40639176292436924,0.34285714285714286,0.8630920803334596,0.20689655172413793,1.0,0.9532249999999998,4800,1200,0.24166666666666667
v3_calibration,50,0.4,B,4,rate_aware,0.5707974295872147,0.674698795180723,0.8630920803334596,0.6758620689655173,0.8956043956043956,0.38200015873015875,4800,1200,0.24166666666666667
v3_calibration,50,0.4,B,4,fixed05,0.6005856988800915,0.6771037181996086,0.8630920803334596,0.596551724137931,0.9472527472527472,0.5,4800,1200,0.24166666666666667
v3_calibration,50,0.6,B,0,oracle_clean,0.48129558768048386,0.5813253012048193,0.8202703028549383,0.44675925925925924,0.94921875,0.6179354166666667,4800,1200,0.36
v3_calibration,50,0.6,B,0,blind95,0.2979218210680212,0.23983739837398374,0.8202703028549383,0.13657407407407407,0.9986979166666666,0.997625,4800,1200,0.36
v3_calibration,50,0.6,B,0,rate_aware,0.47193287037037035,0.6620370370370371,0.8202703028549383,0.6620370370370371,0.8098958333333334,0.3606,4800,1200,0.36
v3_calibration,50,0.6,B,0,fixed05,0.4992311252076973,0.637720488466757,0.8202703028549383,0.5439814814814815,0.9088541666666666,0.5,4800,1200,0.36
v3_calibration,50,0.6,B,1,oracle_clean,0.5053755957811945,0.6065088757396451,0.8187044873649691,0.47453703703703703,0.94921875,0.6076458333333332,4800,1200,0.36
v3_calibration,50,0.6,B,1,blind95,0.3085615390693398,0.24746450304259632,0.8187044873649691,0.1412037037037037,1.0,1.0,4800,1200,0.36
v3_calibration,50,0.6,B,1,rate_aware,0.45384837962962965,0.6504629629629629,0.8187044873649691,0.6504629629629629,0.8033854166666666,0.3844233333333333,4800,1200,0.36
v3_calibration,50,0.6,B,1,fixed05,0.5042230272403467,0.6517739816031537,0.8187044873649691,0.5740740740740741,0.89453125,0.5,4800,1200,0.36
v3_calibration,50,0.6,B,2,oracle_clean,0.48129558768048386,0.5813253012048193,0.8182388117283951,0.44675925925925924,0.94921875,0.6488166666666664,4800,1200,0.36
v3_calibration,50,0.6,B,2,blind95,0.305887645160749,0.24390243902439027,0.8182388117283951,0.1388888888888889,1.0,0.9966833333333333,4800,1200,0.36
v3_calibration,50,0.6,B,2,rate_aware,0.47554976851851855,0.6643518518518519,0.8182388117283951,0.6643518518518519,0.8111979166666666,0.40414333333333335,4800,1200,0.36
v3_calibration,50,0.6,B,2,fixed05,0.4751396729902225,0.6392811296534018,0.8182388117283951,0.5763888888888888,0.8723958333333334,0.5,4800,1200,0.36
v3_calibration,50,0.6,B,3,oracle_clean,0.4873560544016331,0.5877061469265368,0.8164228274498457,0.4537037037037037,0.94921875,0.6269083333333333,4800,1200,0.36
v3_calibration,50,0.6,B,3,blind95,0.31121709913873435,0.25101214574898784,0.8164228274498457,0.14351851851851852,1.0,0.9975,4800,1200,0.36
v3_calibration,50,0.6,B,3,rate_aware,0.45384837962962965,0.6504629629629629,0.8164228274498457,0.6504629629629629,0.8033854166666666,0.39007190476190473,4800,1200,0.36
v3_calibration,50,0.6,B,3,fixed05,0.5094317846790758,0.6497326203208555,0.8164228274498457,0.5625,0.9049479166666666,0.5,4800,1200,0.36
v3_calibration,50,0.6,B,4,oracle_clean,0.5093489561235569,0.6106194690265487,0.836718147183642,0.4791666666666667,0.94921875,0.5957375,4800,1200,0.36
v3_calibration,50,0.6,B,4,blind95,0.305887645160749,0.24390243902439027,0.836718147183642,0.1388888888888889,1.0,0.9965083333333333,4800,1200,0.36
v3_calibration,50,0.6,B,4,rate_aware,0.5081018518518519,0.6851851851851852,0.836718147183642,0.6851851851851852,0.8229166666666666,0.3955733333333333,4800,1200,0.36
v3_calibration,50,0.6,B,4,fixed05,0.5155126886353919,0.656042496679947,0.836718147183642,0.5717592592592593,0.9036458333333334,0.5,4800,1200,0.36
v3_calibration,80,0.1,B,0,oracle_clean,0.5690764642802116,0.5856353591160222,0.9239137214785613,0.7464788732394366,0.9495128432240921,0.16734999999999994,4800,1200,0.059166666666666666
v3_calibration,80,0.1,B,0,blind95,0.542092216944766,0.564885496183206,0.9239137214785613,0.5211267605633803,0.9796279893711249,0.4072184523809522,4800,1200,0.059166666666666666
v3_calibration,80,0.1,B,0,rate_aware,0.5761610812827883,0.6013986013986014,0.9239137214785613,0.6056338028169014,0.9743135518157662,0.3042677380952377,4800,1200,0.059166666666666666
v3_calibration,80,0.1,B,0,fixed05,0.5599798590415956,0.5737704918032787,0.9239137214785613,0.49295774647887325,0.9858281665190434,0.5,4800,1200,0.059166666666666666
v3_calibration,80,0.1,B,1,oracle_clean,0.5823770476096851,0.5978260869565217,0.9252733451536643,0.7638888888888888,0.949468085106383,0.13545833333333232,4800,1200,0.06
v3_calibration,80,0.1,B,1,blind95,0.6021490414561674,0.6212121212121212,0.9252733451536643,0.5694444444444444,0.9831560283687943,0.3099017857142852,4800,1200,0.06
v3_calibration,80,0.1,B,1,rate_aware,0.601063829787234,0.625,0.9252733451536643,0.625,0.976063829787234,0.25323457961309515,4800,1200,0.06
v3_calibration,80,0.1,B,1,fixed05,0.6067142356561973,0.5945945945945945,0.9252733451536643,0.4583333333333333,0.9946808510638298,0.5,4800,1200,0.06
v3_calibration,80,0.1,B,2,oracle_clean,0.5550910884508226,0.5745856353591161,0.8875098502758079,0.7222222222222222,0.949468085106383,0.14900119047618976,4800,1200,0.06
v3_calibration,80,0.1,B,2,blind95,0.6182492832063323,0.6363636363636365,0.8875098502758079,0.5833333333333334,0.9840425531914894,0.302501388888888,4800,1200,0.06
v3_calibration,80,0.1,B,2,rate_aware,0.6306146572104019,0.6527777777777778,0.8875098502758079,0.6527777777777778,0.9778368794326241,0.26604638434193095,4800,1200,0.06
v3_calibration,80,0.1,B,2,fixed05,0.5819644898295839,0.5789473684210527,0.8875098502758079,0.4583333333333333,0.9920212765957447,0.5,4800,1200,0.06
v3_calibration,80,0.1,B,3,oracle_clean,0.6091406170068107,0.6203208556149733,0.9404489263199369,0.8055555555555556,0.949468085106383,0.16633898809523723,4800,1200,0.06
v3_calibration,80,0.1,B,3,blind95,0.6826502502069919,0.696969696969697,0.9404489263199369,0.6388888888888888,0.9875886524822695,0.4122,4800,1200,0.06
v3_calibration,80,0.1,B,3,rate_aware,0.7192671394799054,0.7361111111111113,0.9404489263199369,0.7361111111111112,0.9831560283687943,0.3323930138062168,4800,1200,0.06
v3_calibration,80,0.1,B,3,fixed05,0.6947417626063107,0.6991869918699186,0.9404489263199369,0.5972222222222222,0.9929078014184397,0.5,4800,1200,0.06
v3_calibration,80,0.1,B,4,oracle_clean,0.52724934682882,0.550561797752809,0.9168082643814026,0.6805555555555556,0.949468085106383,0.14247410714285694,4800,1200,0.06
v3_calibration,80,0.1,B,4,blind95,0.6182492832063323,0.6363636363636365,0.9168082643814026,0.5833333333333334,0.9840425531914894,0.3727133928571425,4800,1200,0.06
v3_calibration,80,0.1,B,4,rate_aware,0.6306146572104019,0.6527777777777778,0.9168082643814026,0.6527777777777778,0.9778368794326241,0.2748663599537036,4800,1200,0.06
v3_calibration,80,0.1,B,4,fixed05,0.6182568314019729,0.6218487394957983,0.9168082643814026,0.5138888888888888,0.9911347517730497,0.5,4800,1200,0.06
v3_calibration,80,0.2,B,0,oracle_clean,0.549948827546628,0.6021505376344085,0.8915140179450998,0.5915492957746479,0.9499054820415879,0.31843392857142855,4800,1200,0.11833333333333333
v3_calibration,80,0.2,B,0,blind95,0.5433490032257707,0.5247524752475248,0.8915140179450998,0.3732394366197183,0.9933837429111532,0.5889702380952373,4800,1200,0.11833333333333333
v3_calibration,80,0.2,B,0,rate_aware,0.5421227623785766,0.5964912280701754,0.8915140179450998,0.5985915492957746,0.945179584120983,0.30188701388888917,4800,1200,0.11833333333333333
v3_calibration,80,0.2,B,0,fixed05,0.5847157986758993,0.5945945945945946,0.8915140179450998,0.4647887323943662,0.9867674858223062,0.5,4800,1200,0.11833333333333333
v3_calibration,80,0.2,B,1,oracle_clean,0.5607079184879529,0.6120996441281139,0.906933091935355,0.6056338028169014,0.9499054820415879,0.29248928571428573,4800,1200,0.11833333333333333
v3_calibration,80,0.2,B,1,blind95,0.5433490032257707,0.5247524752475248,0.906933091935355,0.3732394366197183,0.9933837429111532,0.7290970238095237,4800,1200,0.11833333333333333
v3_calibration,80,0.2,B,1,rate_aware,0.5500859826255261,0.6035087719298246,0.906933091935355,0.6056338028169014,0.946124763705104,0.2888621143353177,4800,1200,0.11833333333333333
v3_calibration,80,0.2,B,1,fixed05,0.5950586488883268,0.6036036036036037,0.906933091935355,0.47183098591549294,0.9877126654064272,0.5,4800,1200,0.11833333333333333
v3_calibration,80,0.2,B,2,oracle_clean,0.6255330159361129,0.6711864406779661,0.9235764235764236,0.6923076923076923,0.9498580889309366,0.3288265873015871,4800,1200,0.11916666666666667
v3_calibration,80,0.2,B,2,blind95,0.6237243145901625,0.5911330049261084,0.9235764235764236,0.4195804195804196,1.0,0.7818374999999995,4800,1200,0.11916666666666667
v3_calibration,80,0.2,B,2,rate_aware,0.6427413645956692,0.6853146853146853,0.9235764235764236,0.6853146853146853,0.9574266792809839,0.35009378720238077,4800,1200,0.11916666666666667
v3_calibration,80,0.2,B,2,fixed05,0.6352182332254427,0.6554621848739496,0.9235764235764236,0.5454545454545454,0.9839167455061495,0.5,4800,1200,0.11916666666666667
v3_calibration,80,0.2,B,3,oracle_clean,0.6153882186771018,0.6621160409556314,0.9198119761033667,0.6783216783216783,0.9498580889309366,0.31672222222222224,4800,1200,0.11916666666666667
v3_calibration,80,0.2,B,3,blind95,0.5529136071627079,0.5320197044334976,0.9198119761033667,0.3776223776223776,0.9943235572374646,0.6723380952380931,4800,1200,0.11916666666666667
v3_calibration,80,0.2,B,3,rate_aware,0.6030459606618547,0.6503496503496503,0.9198119761033667,0.6503496503496503,0.9526963103122044,0.3313671130952379,4800,1200,0.11916666666666667
v3_calibration,80,0.2,B,3,fixed05,0.5646902243809316,0.5941422594142259,0.9198119761033667,0.4965034965034965,0.9763481551561022,0.5,4800,1200,0.11916666666666667
v3_calibration,80,0.2,B,4,oracle_clean,0.6255330159361129,0.6711864406779661,0.920172542689099,0.6923076923076923,0.9498580889309366,0.2806214285714283,4800,1200,0.11916666666666667
v3_calibration,80,0.2,B,4,blind95,0.6237243145901625,0.5911330049261084,0.920172542689099,0.4195804195804196,1.0,0.8195059523809524,4800,1200,0.11916666666666667
v3_calibration,80,0.2,B,4,rate_aware,0.6348022838089064,0.6783216783216783,0.920172542689099,0.6783216783216783,0.956480605487228,0.2989828124999994,4800,1200,0.11916666666666667
v3_calibration,80,0.2,B,4,fixed05,0.619071280593674,0.6382978723404256,0.920172542689099,0.5244755244755245,0.9839167455061495,0.5,4800,1200,0.11916666666666667
v3_calibration,80,0.4,B,0,oracle_clean,0.6095283980591178,0.6836935166994106,0.8889808909939647,0.6020761245674741,0.9495060373216246,0.5118095238095237,4800,1200,0.24083333333333334
v3_calibration,80,0.4,B,0,blind95,0.4073178724384612,0.3438395415472779,0.8889808909939647,0.20761245674740483,1.0,0.9875333333333334,4800,1200,0.24083333333333334
v3_calibration,80,0.4,B,0,rate_aware,0.597103106147915,0.6943005181347149,0.8889808909939647,0.6955017301038062,0.9023051591657519,0.3730131870039682,4800,1200,0.24083333333333334
v3_calibration,80,0.4,B,0,fixed05,0.609998246918855,0.6849315068493151,0.8889808909939647,0.6055363321799307,0.9484083424807903,0.5,4800,1200,0.24083333333333334
v3_calibration,80,0.4,B,1,oracle_clean,0.5901569161249711,0.6653386454183267,0.8866981415152747,0.5778546712802768,0.9495060373216246,0.5036111111111111,4800,1200,0.24083333333333334
v3_calibration,80,0.4,B,1,blind95,0.4020059039493652,0.3428571428571428,0.8866981415152747,0.20761245674740483,0.9989023051591658,0.99375,4800,1200,0.24083333333333334
v3_calibration,80,0.4,B,1,rate_aware,0.6016556426964728,0.6977547495682211,0.8866981415152747,0.698961937716263,0.9034028540065862,0.3528749131944443,4800,1200,0.24083333333333334
v3_calibration,80,0.4,B,1,fixed05,0.5860664513182349,0.6640316205533596,0.8866981415152747,0.5813148788927336,0.9462129527991219,0.5,4800,1200,0.24083333333333334
v3_calibration,80,0.4,B,2,oracle_clean,0.6215458275212988,0.6951456310679611,0.8977927245168624,0.6172413793103448,0.9494505494505494,0.5814083333333329,4800,1200,0.24166666666666667
v3_calibration,80,0.4,B,2,blind95,0.40639176292436924,0.34285714285714286,0.8977927245168624,0.20689655172413793,1.0,0.9867499999999998,4800,1200,0.24166666666666667
v3_calibration,80,0.4,B,2,rate_aware,0.6316786661614248,0.7206896551724138,0.8977927245168624,0.7206896551724138,0.910989010989011,0.4021143005952381,4800,1200,0.24166666666666667
v3_calibration,80,0.4,B,2,fixed05,0.6456727545937568,0.7232472324723248,0.8977927245168624,0.6758620689655173,0.9384615384615385,0.5,4800,1200,0.24166666666666667
v3_calibration,80,0.4,B,3,oracle_clean,0.5519307116120771,0.6285714285714286,0.8653694581280789,0.5310344827586206,0.9494505494505494,0.5234479166666665,4800,1200,0.24166666666666667
v3_calibration,80,0.4,B,3,blind95,0.40639176292436924,0.34285714285714286,0.8653694581280789,0.20689655172413793,1.0,0.9651119047619046,4800,1200,0.24166666666666667
v3_calibration,80,0.4,B,3,rate_aware,0.5498294808639637,0.6586206896551724,0.8653694581280789,0.6586206896551724,0.8912087912087913,0.3445997991071429,4800,1200,0.24166666666666667
v3_calibration,80,0.4,B,3,fixed05,0.537611479710776,0.6242544731610338,0.8653694581280789,0.5413793103448276,0.9384615384615385,0.5,4800,1200,0.24166666666666667
v3_calibration,80,0.4,B,4,oracle_clean,0.6023912740757957,0.6771653543307087,0.8979158772262221,0.593103448275862,0.9494505494505494,0.48796547619047514,4800,1200,0.24166666666666667
v3_calibration,80,0.4,B,4,blind95,0.40639176292436924,0.34285714285714286,0.8979158772262221,0.20689655172413793,1.0,0.9505976190476193,4800,1200,0.24166666666666667
v3_calibration,80,0.4,B,4,rate_aware,0.5953012504736642,0.6931034482758621,0.8979158772262221,0.6931034482758621,0.9021978021978022,0.36285197916666667,4800,1200,0.24166666666666667
v3_calibration,80,0.4,B,4,fixed05,0.601505720044636,0.6746031746031746,0.8979158772262221,0.5862068965517241,0.9516483516483516,0.5,4800,1200,0.24166666666666667
v3_calibration,80,0.6,B,0,oracle_clean,0.6002141773709084,0.7006896551724138,0.8782627435378088,0.5879629629629629,0.94921875,0.6043625,4800,1200,0.36
v3_calibration,80,0.6,B,0,blind95,0.32679091889488504,0.272,0.8782627435378088,0.1574074074074074,1.0,0.9975,4800,1200,0.36
v3_calibration,80,0.6,B,0,rate_aware,0.5949074074074074,0.7407407407407407,0.8782627435378088,0.7407407407407407,0.8541666666666666,0.41561095238095236,4800,1200,0.36
v3_calibration,80,0.6,B,0,fixed05,0.6007525589382086,0.7306733167082295,0.8782627435378088,0.6782407407407407,0.8997395833333334,0.5,4800,1200,0.36
v3_calibration,80,0.6,B,1,oracle_clean,0.5812140120693149,0.6825174825174825,0.8885377483603395,0.5648148148148148,0.94921875,0.6170530753968252,4800,1200,0.36
v3_calibration,80,0.6,B,1,blind95,0.31385480288043544,0.2545454545454546,0.8885377483603395,0.14583333333333334,1.0,0.9975,4800,1200,0.36
v3_calibration,80,0.6,B,1,rate_aware,0.5840567129629629,0.7337962962962963,0.8885377483603395,0.7337962962962963,0.8502604166666666,0.4413104761904763,4800,1200,0.36
v3_calibration,80,0.6,B,1,fixed05,0.5739939933971797,0.7165644171779141,0.8885377483603395,0.6759259259259259,0.8815104166666666,0.5,4800,1200,0.36
v3_calibration,80,0.6,B,2,oracle_clean,0.5368804500187105,0.638728323699422,0.867897316261574,0.5115740740740741,0.94921875,0.6728002976190475,4800,1200,0.36
v3_calibration,80,0.6,B,2,blind95,0.305887645160749,0.24390243902439027,0.867897316261574,0.1388888888888889,1.0,0.997525,4800,1200,0.36
v3_calibration,80,0.6,B,2,rate_aware,0.5716154229765039,0.7260115606936416,0.867897316261574,0.7268518518518519,0.8450520833333334,0.42991666666666667,4800,1200,0.36
v3_calibration,80,0.6,B,2,fixed05,0.5631585314702355,0.7057356608478802,0.867897316261574,0.6550925925925926,0.88671875,0.5,4800,1200,0.36
v3_calibration,80,0.6,B,3,oracle_clean,0.5639816586329454,0.6657223796033994,0.8880524811921297,0.5439814814814815,0.94921875,0.6159470238095237,4800,1200,0.36
v3_calibration,80,0.6,B,3,blind95,0.3085615390693398,0.24746450304259632,0.8880524811921297,0.1412037037037037,1.0,0.9975,4800,1200,0.36
v3_calibration,80,0.6,B,3,rate_aware,0.6202256944444444,0.7569444444444444,0.8880524811921297,0.7569444444444444,0.86328125,0.41406047619047615,4800,1200,0.36
v3_calibration,80,0.6,B,3,fixed05,0.6080061666500405,0.7343358395989976,0.8880524811921297,0.6782407407407407,0.9049479166666666,0.5,4800,1200,0.36
v3_calibration,80,0.6,B,4,oracle_clean,0.5407764245113471,0.6426512968299712,0.8821629653742283,0.5162037037037037,0.94921875,0.6923833333333335,4800,1200,0.36
v3_calibration,80,0.6,B,4,blind95,0.2979218210680212,0.23983739837398374,0.8821629653742283,0.13657407407407407,0.9986979166666666,0.9983541666666667,4800,1200,0.36
v3_calibration,80,0.6,B,4,rate_aware,0.6021412037037037,0.7453703703703705,0.8821629653742283,0.7453703703703703,0.8567708333333334,0.4857219047619048,4800,1200,0.36
v3_calibration,80,0.6,B,4,fixed05,0.5925721229803066,0.7370892018779343,0.8821629653742283,0.7268518518518519,0.8619791666666666,0.5,4800,1200,0.36
v3_calibration,100,0.1,B,0,oracle_clean,0.5823770476096851,0.5978260869565217,0.9514381402679275,0.7638888888888888,0.949468085106383,0.14794523809523757,4800,1200,0.06
v3_calibration,100,0.1,B,0,blind95,0.6021490414561674,0.6212121212121212,0.9514381402679275,0.5694444444444444,0.9831560283687943,0.40492232142857126,4800,1200,0.06
v3_calibration,100,0.1,B,0,rate_aware,0.5669559655981381,0.593103448275862,0.9514381402679275,0.5972222222222222,0.973404255319149,0.29632654761904903,4800,1200,0.06
v3_calibration,100,0.1,B,0,fixed05,0.607768582510378,0.6178861788617886,0.9514381402679275,0.5277777777777778,0.9884751773049646,0.5,4800,1200,0.06
v3_calibration,100,0.1,B,1,oracle_clean,0.6128356739489222,0.6243386243386244,0.9450535425605621,0.8082191780821918,0.9494232475598935,0.16104166666666678,4800,1200,0.060833333333333336
v3_calibration,100,0.1,B,1,blind95,0.709452676164733,0.7218045112781954,0.9450535425605621,0.6575342465753424,0.9893522626441881,0.3905166666666665,4800,1200,0.060833333333333336
v3_calibration,100,0.1,B,1,rate_aware,0.6936952267506169,0.7123287671232877,0.9450535425605621,0.7123287671232876,0.9813664596273292,0.29385230654761874,4800,1200,0.060833333333333336
v3_calibration,100,0.1,B,1,fixed05,0.7226183558475926,0.7213114754098361,0.9450535425605621,0.6027397260273972,0.9955634427684117,0.5,4800,1200,0.060833333333333336
v3_calibration,100,0.1,B,2,oracle_clean,0.568540310545211,0.5869565217391305,0.9432728421922669,0.7397260273972602,0.9494232475598935,0.14381250000000043,4800,1200,0.060833333333333336
v3_calibration,100,0.1,B,2,blind95,0.6774593198551621,0.6917293233082706,0.9432728421922669,0.6301369863013698,0.9875776397515528,0.29874136904761883,4800,1200,0.060833333333333336
v3_calibration,100,0.1,B,2,rate_aware,0.679109285167313,0.6986301369863014,0.9432728421922669,0.6986301369863014,0.9804791481810116,0.24442158358134752,4800,1200,0.060833333333333336
v3_calibration,100,0.1,B,2,fixed05,0.5798189420340075,0.5636363636363636,0.9432728421922669,0.4246575342465753,0.9946761313220941,0.5,4800,1200,0.060833333333333336
v3_calibration,100,0.1,B,3,oracle_clean,0.47536930524646476,0.5057471264367815,0.9139854869881245,0.6027397260273972,0.9494232475598935,0.17247738095238108,4800,1200,0.060833333333333336
v3_calibration,100,0.1,B,3,blind95,0.5654825727716642,0.5864661654135339,0.9139854869881245,0.5342465753424658,0.9813664596273292,0.3612848214285713,4800,1200,0.060833333333333336
v3_calibration,100,0.1,B,3,rate_aware,0.5478358109175773,0.5753424657534246,0.9139854869881245,0.5753424657534246,0.9724933451641526,0.2573345312499997,4800,1200,0.060833333333333336
v3_calibration,100,0.1,B,3,fixed05,0.5699073792711902,0.5689655172413793,0.9139854869881245,0.4520547945205479,0.9911268855368234,0.5,4800,1200,0.060833333333333336
v3_calibration,100,0.1,B,4,oracle_clean,0.568540310545211,0.5869565217391305,0.91491534076406,0.7397260273972602,0.9494232475598935,0.13971060606060612,4800,1200,0.060833333333333336
v3_calibration,100,0.1,B,4,blind95,0.6454659635455913,0.6616541353383458,0.91491534076406,0.6027397260273972,0.9858030168589175,0.39607886904761846,4800,1200,0.060833333333333336
v3_calibration,100,0.1,B,4,rate_aware,0.6061795772507931,0.6301369863013698,0.91491534076406,0.6301369863013698,0.9760425909494232,0.27602357886904727,4800,1200,0.060833333333333336
v3_calibration,100,0.1,B,4,fixed05,0.5640689329527263,0.5737704918032787,0.91491534076406,0.4794520547945205,0.9875776397515528,0.5,4800,1200,0.060833333333333336
v3_calibration,100,0.2,B,0,oracle_clean,0.5924169275258668,0.6411149825783973,0.9214136425357438,0.647887323943662,0.9499054820415879,0.37515238095238085,4800,1200,0.11833333333333333
v3_calibration,100,0.2,B,0,blind95,0.567024341056959,0.5445544554455445,0.9214136425357438,0.3873239436619718,0.995274102079395,0.8090526785714285,4800,1200,0.11833333333333333
v3_calibration,100,0.2,B,0,rate_aware,0.597865304107223,0.6456140350877193,0.9214136425357438,0.647887323943662,0.9517958412098299,0.3848867931547616,4800,1200,0.11833333333333333
v3_calibration,100,0.2,B,0,fixed05,0.5915075909203104,0.6265060240963856,0.9214136425357438,0.5492957746478874,0.9725897920604915,0.5,4800,1200,0.11833333333333333
v3_calibration,100,0.2,B,1,oracle_clean,0.6385221556263496,0.6824324324324325,0.9162018424345696,0.7112676056338029,0.9499054820415879,0.2690660714285714,4800,1200,0.11833333333333333
v3_calibration,100,0.2,B,1,blind95,0.5551866721413649,0.5346534653465346,0.9162018424345696,0.38028169014084506,0.994328922495274,0.6635666666666666,4800,1200,0.11833333333333333
v3_calibration,100,0.2,B,1,rate_aware,0.64564462558892,0.687719298245614,0.9162018424345696,0.6901408450704225,0.9574669187145558,0.2955238839285712,4800,1200,0.11833333333333333
v3_calibration,100,0.2,B,1,fixed05,0.6194158756977781,0.6347826086956522,0.9162018424345696,0.5140845070422535,0.9858223062381852,0.5,4800,1200,0.11833333333333333
v3_calibration,100,0.2,B,2,oracle_clean,0.6334795083739783,0.6779661016949152,0.9241326978886553,0.704225352112676,0.9499054820415879,0.31215773809523806,4800,1200,0.11833333333333333
v3_calibration,100,0.2,B,2,blind95,0.5433490032257707,0.5247524752475248,0.9241326978886553,0.3732394366197183,0.9933837429111532,0.7347895833333332,4800,1200,0.11833333333333333
v3_calibration,100,0.2,B,2,rate_aware,0.6536078458358695,0.6947368421052631,0.9241326978886553,0.6971830985915493,0.9584120982986768,0.35434892113095207,4800,1200,0.11833333333333333
v3_calibration,100,0.2,B,2,fixed05,0.6629222733727329,0.6929133858267716,0.9241326978886553,0.6197183098591549,0.9773156899810964,0.5,4800,1200,0.11833333333333333
v3_calibration,100,0.2,B,3,oracle_clean,0.6153882186771018,0.6621160409556314,0.9325938961700551,0.6783216783216783,0.9498580889309366,0.35053333333333325,4800,1200,0.11916666666666667
v3_calibration,100,0.2,B,3,blind95,0.529310038020223,0.5123152709359606,0.9325938961700551,0.36363636363636365,0.9924314096499527,0.755002083333333,4800,1200,0.11916666666666667
v3_calibration,100,0.2,B,3,rate_aware,0.6189241222353805,0.6643356643356644,0.9325938961700551,0.6643356643356644,0.9545884578997161,0.39501254092261967,4800,1200,0.11916666666666667
v3_calibration,100,0.2,B,3,fixed05,0.629992330068881,0.6640625,0.9325938961700551,0.5944055944055944,0.9735099337748344,0.5,4800,1200,0.11916666666666667
v3_calibration,100,0.2,B,4,oracle_clean,0.6102857240184656,0.6575342465753425,0.9206819670395829,0.6713286713286714,0.9498580889309366,0.31237738095238055,4800,1200,0.11916666666666667
v3_calibration,100,0.2,B,4,blind95,0.5411118225914655,0.5221674876847291,0.9206819670395829,0.3706293706293706,0.9933774834437086,0.6697029761904758,4800,1200,0.11916666666666667
v3_calibration,100,0.2,B,4,rate_aware,0.6189241222353805,0.6643356643356644,0.9206819670395829,0.6643356643356644,0.9545884578997161,0.3303597123015874,4800,1200,0.11916666666666667
v3_calibration,100,0.2,B,4,fixed05,0.5908792433743602,0.6198347107438017,0.9206819670395829,0.5244755244755245,0.9772942289498581,0.5,4800,1200,0.11916666666666667
v3_calibration,100,0.4,B,0,oracle_clean,0.6183417139591525,0.6915520628683693,0.9164221027283033,0.6132404181184669,0.9496166484118291,0.5376142857142854,4800,1200,0.23916666666666667
v3_calibration,100,0.4,B,0,blind95,0.40918305445372666,0.345821325648415,0.9164221027283033,0.20905923344947736,1.0,0.9933541666666668,4800,1200,0.23916666666666667
v3_calibration,100,0.4,B,0,rate_aware,0.650079460686838,0.7339130434782608,0.9164221027283033,0.735191637630662,0.9156626506024096,0.3678142857142858,4800,1200,0.23916666666666667
v3_calibration,100,0.4,B,0,fixed05,0.6330039762617669,0.7065637065637066,0.9164221027283033,0.6376306620209059,0.9474260679079957,0.5,4800,1200,0.23916666666666667
v3_calibration,100,0.4,B,1,oracle_clean,0.6438978622113118,0.7153846153846155,0.9160251431530214,0.6458333333333334,0.9495614035087719,0.5209624999999999,4800,1200,0.24
v3_calibration,100,0.4,B,1,blind95,0.40824829046386296,0.3448275862068966,0.9160251431530214,0.20833333333333334,1.0,0.9958369047619049,4800,1200,0.24
v3_calibration,100,0.4,B,1,rate_aware,0.6345029239766082,0.7222222222222222,0.9160251431530214,0.7222222222222222,0.9122807017543859,0.3833282291666667,4800,1200,0.24
v3_calibration,100,0.4,B,1,fixed05,0.6512422770432593,0.7245283018867925,0.9160251431530214,0.6666666666666666,0.9451754385964912,0.5,4800,1200,0.24
v3_calibration,100,0.4,B,2,oracle_clean,0.6384893547871598,0.7104247104247103,0.9167313901072125,0.6388888888888888,0.9495614035087719,0.5227404761904759,4800,1200,0.24
v3_calibration,100,0.4,B,2,blind95,0.40824829046386296,0.3448275862068966,0.9167313901072125,0.20833333333333334,1.0,0.9815083333333331,4800,1200,0.24
v3_calibration,100,0.4,B,2,rate_aware,0.6390716374269005,0.7256944444444444,0.9167313901072125,0.7256944444444444,0.9133771929824561,0.379571656746032,4800,1200,0.24
v3_calibration,100,0.4,B,2,fixed05,0.6393641706643546,0.7156308851224106,0.9167313901072125,0.6597222222222222,0.9418859649122807,0.5,4800,1200,0.24
v3_calibration,100,0.4,B,3,oracle_clean,0.6786578370933319,0.7467166979362101,0.9306888096978557,0.6909722222222222,0.9495614035087719,0.4933258928571426,4800,1200,0.24
v3_calibration,100,0.4,B,3,blind95,0.40824829046386296,0.3448275862068966,0.9306888096978557,0.20833333333333334,1.0,0.9912184523809523,4800,1200,0.24
v3_calibration,100,0.4,B,3,rate_aware,0.6756213450292398,0.7534722222222221,0.9306888096978557,0.7534722222222222,0.9221491228070176,0.40083989087301597,4800,1200,0.24
v3_calibration,100,0.4,B,3,fixed05,0.6800003236171257,0.7462121212121212,0.9306888096978557,0.6840277777777778,0.9528508771929824,0.5,4800,1200,0.24
v3_calibration,100,0.4,B,4,oracle_clean,0.6465957089715845,0.7178502879078694,0.9143975389863547,0.6493055555555556,0.9495614035087719,0.49210505952380945,4800,1200,0.24
v3_calibration,100,0.4,B,4,blind95,0.40824829046386296,0.3448275862068966,0.9143975389863547,0.20833333333333334,1.0,0.9941875000000001,4800,1200,0.24
v3_calibration,100,0.4,B,4,rate_aware,0.6573464912280702,0.7395833333333334,0.9143975389863547,0.7395833333333334,0.9177631578947368,0.38869994543650804,4800,1200,0.24
v3_calibration,100,0.4,B,4,fixed05,0.647984737836648,0.7170542635658915,0.9143975389863547,0.6423611111111112,0.9528508771929824,0.5,4800,1200,0.24
v3_calibration,100,0.6,B,0,oracle_clean,0.6190827672196481,0.7183673469387757,0.8871904538001543,0.6111111111111112,0.94921875,0.6431666666666667,4800,1200,0.36
v3_calibration,100,0.6,B,0,blind95,0.32679091889488504,0.272,0.8871904538001543,0.1574074074074074,1.0,1.0,4800,1200,0.36
v3_calibration,100,0.6,B,0,rate_aware,0.5912905092592593,0.7384259259259258,0.8871904538001543,0.7384259259259259,0.8528645833333334,0.43393071428571434,4800,1200,0.36
v3_calibration,100,0.6,B,0,fixed05,0.6116442053668646,0.7423687423687425,0.8871904538001543,0.7037037037037037,0.8919270833333334,0.5,4800,1200,0.36
v3_calibration,100,0.6,B,1,oracle_clean,0.5735718209041855,0.6751054852320676,0.9032766083140432,0.5555555555555556,0.94921875,0.6613472222222221,4800,1200,0.36
v3_calibration,100,0.6,B,1,blind95,0.35395616087586945,0.30919765166340507,0.9032766083140432,0.18287037037037038,1.0,1.0,4800,1200,0.36
v3_calibration,100,0.6,B,1,rate_aware,0.6346932870370371,0.7662037037037037,0.9032766083140432,0.7662037037037037,0.8684895833333334,0.4223803174603175,4800,1200,0.36
v3_calibration,100,0.6,B,1,fixed05,0.6217620953827677,0.7459727385377943,0.9032766083140432,0.6967592592592593,0.9036458333333334,0.5,4800,1200,0.36
v3_calibration,100,0.6,B,2,oracle_clean,0.5812140120693149,0.6825174825174825,0.898045669367284,0.5648148148148148,0.94921875,0.6784583333333333,4800,1200,0.36
v3_calibration,100,0.6,B,2,blind95,0.3242359626844184,0.2685370741482966,0.898045669367284,0.1550925925925926,1.0,0.9975,4800,1200,0.36
v3_calibration,100,0.6,B,2,rate_aware,0.6346932870370371,0.7662037037037037,0.898045669367284,0.7662037037037037,0.8684895833333334,0.4494271428571428,4800,1200,0.36
v3_calibration,100,0.6,B,2,fixed05,0.63001507981245,0.7577937649880095,0.898045669367284,0.7314814814814815,0.8880208333333334,0.5,4800,1200,0.36
v3_calibration,100,0.6,B,3,oracle_clean,0.6284746761609173,0.7270270270270269,0.9095745322145061,0.6226851851851852,0.94921875,0.6055916666666666,4800,1200,0.36
v3_calibration,100,0.6,B,3,blind95,0.31121709913873435,0.25101214574898784,0.9095745322145061,0.14351851851851852,1.0,0.9975,4800,1200,0.36
v3_calibration,100,0.6,B,3,rate_aware,0.6563946759259259,0.7800925925925926,0.9095745322145061,0.7800925925925926,0.8763020833333334,0.4344135714285714,4800,1200,0.36
v3_calibration,100,0.6,B,3,fixed05,0.6542809381604758,0.7701711491442542,0.9095745322145061,0.7291666666666666,0.9075520833333334,0.5,4800,1200,0.36
v3_calibration,100,0.6,B,4,oracle_clean,0.617201187540124,0.7166212534059945,0.8844401041666667,0.6087962962962963,0.94921875,0.6248068452380949,4800,1200,0.36
v3_calibration,100,0.6,B,4,blind95,0.3085615390693398,0.24746450304259632,0.8844401041666667,0.1412037037037037,1.0,1.0,4800,1200,0.36
v3_calibration,100,0.6,B,4,rate_aware,0.5876736111111112,0.7361111111111113,0.8844401041666667,0.7361111111111112,0.8515625,0.44047404761904774,4800,1200,0.36
v3_calibration,100,0.6,B,4,fixed05,0.5849397801370922,0.7232472324723247,0.8844401041666667,0.6805555555555556,0.88671875,0.5,4800,1200,0.36
v3_calibration,150,0.1,B,0,oracle_clean,0.6949548402012766,0.6903553299492385,0.9754543439716312,0.9444444444444444,0.949468085106383,0.10836666666666603,4800,1200,0.06
v3_calibration,150,0.1,B,0,blind95,0.7631514589578164,0.7727272727272727,0.9754543439716312,0.7083333333333334,0.9920212765957447,0.3812341269841269,4800,1200,0.06
v3_calibration,150,0.1,B,0,rate_aware,0.7488179669030733,0.763888888888889,0.9754543439716312,0.7638888888888888,0.9849290780141844,0.2808035714285715,4800,1200,0.06
v3_calibration,150,0.1,B,0,fixed05,0.736320167468083,0.7333333333333334,0.9754543439716312,0.6111111111111112,0.9964539007092199,0.5,4800,1200,0.06
v3_calibration,150,0.1,B,1,oracle_clean,0.5733413600819875,0.5901639344262296,0.9511180063041765,0.75,0.949468085106383,0.12156597222222208,4800,1200,0.06
v3_calibration,150,0.1,B,1,blind95,0.6343495249564972,0.6515151515151515,0.9511180063041765,0.5972222222222222,0.9849290780141844,0.33638720238095215,4800,1200,0.06
v3_calibration,150,0.1,B,1,rate_aware,0.6453900709219859,0.6666666666666666,0.9511180063041765,0.6666666666666666,0.9787234042553191,0.27170606398809527,4800,1200,0.06
v3_calibration,150,0.1,B,1,fixed05,0.646787073174785,0.65,0.9511180063041765,0.5416666666666666,0.9920212765957447,0.5,4800,1200,0.06
v3_calibration,150,0.1,B,2,oracle_clean,0.6053646260631652,0.6162162162162163,0.9536358986514304,0.8028169014084507,0.9495128432240921,0.13333095238095224,4800,1200,0.059166666666666666
v3_calibration,150,0.1,B,2,blind95,0.7041526704409591,0.717557251908397,0.9536358986514304,0.6619718309859155,0.9884853852967228,0.41103541666666604,4800,1200,0.059166666666666666
v3_calibration,150,0.1,B,2,rate_aware,0.680268659212048,0.6993006993006993,0.9536358986514304,0.704225352112676,0.9805137289636847,0.30309072916666685,4800,1200,0.059166666666666666
v3_calibration,150,0.1,B,2,fixed05,0.6680897625149521,0.6774193548387097,0.9536358986514304,0.5915492957746479,0.9902568644818424,0.5,4800,1200,0.059166666666666666
v3_calibration,150,0.1,B,3,oracle_clean,0.658134121666103,0.6596858638743456,0.9778440349804762,0.8873239436619719,0.9495128432240921,0.12292499999999923,4800,1200,0.059166666666666666
v3_calibration,150,0.1,B,3,blind95,0.752770806489817,0.7633587786259541,0.9778440349804762,0.704225352112676,0.9911426040744021,0.4760797619047612,4800,1200,0.059166666666666666
v3_calibration,150,0.1,B,3,rate_aware,0.7695037260085563,0.7832167832167832,0.9778440349804762,0.7887323943661971,0.9858281665190434,0.3453727331349213,4800,1200,0.059166666666666666
v3_calibration,150,0.1,B,3,fixed05,0.7669176749063608,0.7751937984496124,0.9778440349804762,0.704225352112676,0.9929140832595217,0.5,4800,1200,0.059166666666666666
v3_calibration,150,0.1,B,4,oracle_clean,0.6231674006818694,0.6310160427807486,0.9683566411756633,0.8309859154929577,0.9495128432240921,0.13729047619047513,4800,1200,0.059166666666666666
v3_calibration,150,0.1,B,4,blind95,0.7689768518394363,0.7786259541984734,0.9683566411756633,0.7183098591549296,0.9920283436669619,0.4847300595238087,4800,1200,0.059166666666666666
v3_calibration,150,0.1,B,4,rate_aware,0.7397587037430535,0.7552447552447553,0.9683566411756633,0.7605633802816901,0.9840566873339238,0.3303030952380958,4800,1200,0.059166666666666666
v3_calibration,150,0.1,B,4,fixed05,0.7760928554866056,0.7846153846153846,0.9683566411756633,0.7183098591549296,0.9929140832595217,0.5,4800,1200,0.059166666666666666
v3_calibration,150,0.2,B,0,oracle_clean,0.7548753058636124,0.7828746177370031,0.976518026565465,0.8767123287671232,0.9497153700189753,0.3588294642857124,4800,1200,0.12166666666666667
v3_calibration,150,0.2,B,0,blind95,0.6164063117522308,0.5825242718446603,0.976518026565465,0.410958904109589,1.0,0.887475,4800,1200,0.12166666666666667
v3_calibration,150,0.2,B,0,rate_aware,0.7473135039567843,0.7781569965870306,0.976518026565465,0.7808219178082192,0.9686907020872866,0.5011195833333333,4800,1200,0.12166666666666667
v3_calibration,150,0.2,B,0,fixed05,0.7519477599924356,0.782312925170068,0.976518026565465,0.7876712328767124,0.9686907020872866,0.5,4800,1200,0.12166666666666667
v3_calibration,150,0.2,B,1,oracle_clean,0.733388107445655,0.7654320987654322,0.9591578321737051,0.8435374149659864,0.949667616334283,0.25986428571428544,4800,1200,0.1225
v3_calibration,150,0.2,B,1,blind95,0.5906902357376694,0.5603864734299516,0.9591578321737051,0.3945578231292517,0.9981006647673314,0.8315470238095235,4800,1200,0.1225
v3_calibration,150,0.2,B,1,rate_aware,0.7674283388569103,0.7959183673469388,0.9591578321737051,0.7959183673469388,0.9715099715099715,0.3908722222222214,4800,1200,0.1225
v3_calibration,150,0.2,B,1,fixed05,0.7565505433748708,0.782608695652174,0.9591578321737051,0.7346938775510204,0.98005698005698,0.5,4800,1200,0.1225
v3_calibration,150,0.2,B,2,oracle_clean,0.6916364924680167,0.7301587301587302,0.96242998623951,0.782312925170068,0.949667616334283,0.32393095238095215,4800,1200,0.1225
v3_calibration,150,0.2,B,2,blind95,0.5673658434084425,0.5410628019323672,0.96242998623951,0.38095238095238093,0.9962013295346629,0.8420919642857141,4800,1200,0.1225
v3_calibration,150,0.2,B,2,rate_aware,0.6976568405139834,0.7346938775510203,0.96242998623951,0.7346938775510204,0.9629629629629629,0.4012135131448404,4800,1200,0.1225
v3_calibration,150,0.2,B,2,fixed05,0.68604922308468,0.72,0.96242998623951,0.673469387755102,0.9724596391263058,0.5,4800,1200,0.1225
v3_calibration,150,0.2,B,3,oracle_clean,0.7103352499500641,0.7460815047021943,0.9648752188434728,0.8095238095238095,0.949667616334283,0.30245714285714287,4800,1200,0.1225
v3_calibration,150,0.2,B,3,blind95,0.5673658434084425,0.5410628019323672,0.9648752188434728,0.38095238095238093,0.9962013295346629,0.9255208333333335,4800,1200,0.1225
v3_calibration,150,0.2,B,3,rate_aware,0.7364187840378317,0.7687074829931972,0.9648752188434728,0.7687074829931972,0.9677113010446344,0.4276867559523806,4800,1200,0.1225
v3_calibration,150,0.2,B,3,fixed05,0.7304681637220193,0.7622377622377622,0.9648752188434728,0.7414965986394558,0.9715099715099715,0.5,4800,1200,0.1225
v3_calibration,150,0.2,B,4,oracle_clean,0.7242082993613942,0.7577639751552796,0.9672493878843086,0.8299319727891157,0.949667616334283,0.25424761904761894,4800,1200,0.1225
v3_calibration,150,0.2,B,4,blind95,0.5906902357376694,0.5603864734299516,0.9672493878843086,0.3945578231292517,0.9981006647673314,0.7863994047619047,4800,1200,0.1225
v3_calibration,150,0.2,B,4,rate_aware,0.728666395333062,0.7619047619047619,0.9672493878843086,0.7619047619047619,0.9667616334283001,0.32965251860119044,4800,1200,0.1225
v3_calibration,150,0.2,B,4,fixed05,0.7379066516594054,0.7604562737642585,0.9672493878843086,0.6802721088435374,0.9848053181386515,0.5,4800,1200,0.1225
v3_calibration,150,0.4,B,0,oracle_clean,0.7102040690501062,0.7743119266055046,0.9365577028508771,0.7326388888888888,0.9495614035087719,0.520751785714285,4800,1200,0.24
v3_calibration,150,0.4,B,0,blind95,0.41181696227631975,0.34957020057306587,0.9365577028508771,0.21180555555555555,1.0,0.9925,4800,1200,0.24
v3_calibration,150,0.4,B,0,rate_aware,0.6938961988304093,0.7673611111111112,0.9365577028508771,0.7673611111111112,0.9265350877192983,0.4254647619047619,4800,1200,0.24
v3_calibration,150,0.4,B,0,fixed05,0.7116584144666297,0.7767695099818512,0.9365577028508771,0.7430555555555556,0.9462719298245614,0.5,4800,1200,0.24
v3_calibration,150,0.4,B,1,oracle_clean,0.7283993276053536,0.7898550724637681,0.9512613456384014,0.7569444444444444,0.9495614035087719,0.5571636904761897,4800,1200,0.24
v3_calibration,150,0.4,B,1,blind95,0.40824829046386296,0.3448275862068966,0.9512613456384014,0.20833333333333334,1.0,0.9904583333333332,4800,1200,0.24
v3_calibration,150,0.4,B,1,rate_aware,0.735014619883041,0.7986111111111112,0.9512613456384014,0.7986111111111112,0.9364035087719298,0.4764995238095239,4800,1200,0.24
v3_calibration,150,0.4,B,1,fixed05,0.7331823236568152,0.7964912280701756,0.9512613456384014,0.7881944444444444,0.9396929824561403,0.5,4800,1200,0.24
v3_calibration,150,0.4,B,2,oracle_clean,0.6839491272624498,0.7514018691588784,0.9483906706871343,0.6979166666666666,0.9495614035087719,0.5811946428571428,4800,1200,0.24
v3_calibration,150,0.4,B,2,blind95,0.40824829046386296,0.3448275862068966,0.9483906706871343,0.20833333333333334,1.0,0.9921041666666667,4800,1200,0.24
v3_calibration,150,0.4,B,2,rate_aware,0.7076023391812866,0.7777777777777778,0.9483906706871343,0.7777777777777778,0.9298245614035088,0.4808700000000001,4800,1200,0.24
v3_calibration,150,0.4,B,2,fixed05,0.7062746922288147,0.7752212389380531,0.9483906706871343,0.7604166666666666,0.9364035087719298,0.5,4800,1200,0.24
v3_calibration,150,0.4,B,3,oracle_clean,0.7745998538658998,0.8280701754385965,0.9574272051656919,0.8194444444444444,0.9495614035087719,0.46650119047619026,4800,1200,0.24
v3_calibration,150,0.4,B,3,blind95,0.41181696227631975,0.34957020057306587,0.9574272051656919,0.21180555555555555,1.0,0.9915833333333333,4800,1200,0.24
v3_calibration,150,0.4,B,3,rate_aware,0.7624269005847953,0.8194444444444444,0.9574272051656919,0.8194444444444444,0.9429824561403509,0.443485,4800,1200,0.24
v3_calibration,150,0.4,B,3,fixed05,0.776596173083081,0.8279569892473118,0.9574272051656919,0.8020833333333334,0.9572368421052632,0.5,4800,1200,0.24
v3_calibration,150,0.4,B,4,oracle_clean,0.6971172509898034,0.762962962962963,0.9439418859649122,0.7152777777777778,0.9495614035087719,0.5095480158730157,4800,1200,0.24
v3_calibration,150,0.4,B,4,blind95,0.40824829046386296,0.3448275862068966,0.9439418859649122,0.20833333333333334,1.0,0.9945476190476191,4800,1200,0.24
v3_calibration,150,0.4,B,4,rate_aware,0.7076023391812866,0.7777777777777778,0.9439418859649122,0.7777777777777778,0.9298245614035088,0.42646333333333336,4800,1200,0.24
v3_calibration,150,0.4,B,4,fixed05,0.6933039110106706,0.7610294117647058,0.9439418859649122,0.71875,0.9462719298245614,0.5,4800,1200,0.24
v3_calibration,150,0.6,B,0,oracle_clean,0.6583746818711659,0.753968253968254,0.930932315779321,0.6597222222222222,0.94921875,0.6538529761904758,4800,1200,0.36
v3_calibration,150,0.6,B,0,blind95,0.305887645160749,0.24390243902439027,0.930932315779321,0.1388888888888889,1.0,0.9983541666666668,4800,1200,0.36
v3_calibration,150,0.6,B,0,rate_aware,0.7034143518518519,0.8101851851851852,0.930932315779321,0.8101851851851852,0.8932291666666666,0.47283190476190484,4800,1200,0.36
v3_calibration,150,0.6,B,0,fixed05,0.6925408615945108,0.8014101057579318,0.930932315779321,0.7893518518518519,0.8984375,0.5,4800,1200,0.36
v3_calibration,150,0.6,B,1,oracle_clean,0.6303500057460477,0.728744939271255,0.930514865451389,0.625,0.94921875,0.6861857142857141,4800,1200,0.36
v3_calibration,150,0.6,B,1,blind95,0.33934246374406424,0.28910891089108914,0.930514865451389,0.16898148148148148,1.0,1.0,4800,1200,0.36
v3_calibration,150,0.6,B,1,rate_aware,0.6853298611111112,0.7986111111111112,0.930514865451389,0.7986111111111112,0.88671875,0.4858904761904762,4800,1200,0.36
v3_calibration,150,0.6,B,1,fixed05,0.6897108329593008,0.8004667444574095,0.930514865451389,0.7939814814814815,0.8932291666666666,0.5,4800,1200,0.36
v3_calibration,150,0.6,B,2,oracle_clean,0.673254510486726,0.7670157068062827,0.9384403935185185,0.6782407407407407,0.94921875,0.6707791666666665,4800,1200,0.36
v3_calibration,150,0.6,B,2,blind95,0.34426518632954817,0.29585798816568043,0.9384403935185185,0.1736111111111111,1.0,1.0,4800,1200,0.36
v3_calibration,150,0.6,B,2,rate_aware,0.70703125,0.8125,0.9384403935185185,0.8125,0.89453125,0.4998619047619048,4800,1200,0.36
v3_calibration,150,0.6,B,2,fixed05,0.70703125,0.8125,0.9384403935185185,0.8125,0.89453125,0.5,4800,1200,0.36
v3_calibration,150,0.6,B,3,oracle_clean,0.6153184926169035,0.7148703956343793,0.9295985845871914,0.6064814814814815,0.94921875,0.674871726190476,4800,1200,0.36
v3_calibration,150,0.6,B,3,blind95,0.3293305197172165,0.27544910179640714,0.9295985845871914,0.1597222222222222,1.0,0.9999019607843137,4800,1200,0.36
v3_calibration,150,0.6,B,3,rate_aware,0.6997974537037037,0.8078703703703703,0.9295985845871914,0.8078703703703703,0.8919270833333334,0.46518761904761907,4800,1200,0.36
v3_calibration,150,0.6,B,3,fixed05,0.6811010115852886,0.793388429752066,0.9295985845871914,0.7777777777777778,0.8971354166666666,0.5,4800,1200,0.36
v3_calibration,150,0.6,B,4,oracle_clean,0.662098356820007,0.7572559366754618,0.9236879701967593,0.6643518518518519,0.94921875,0.6616055555555554,4800,1200,0.36
v3_calibration,150,0.6,B,4,blind95,0.34670681399063474,0.2992125984251968,0.9236879701967593,0.17592592592592593,1.0,1.0,4800,1200,0.36
v3_calibration,150,0.6,B,4,rate_aware,0.6744791666666666,0.7916666666666666,0.9236879701967593,0.7916666666666666,0.8828125,0.47109000000000006,4800,1200,0.36
v3_calibration,150,0.6,B,4,fixed05,0.659200657515022,0.7792207792207791,0.9236879701967593,0.7638888888888888,0.8893229166666666,0.5,4800,1200,0.36
v3_calibration,200,0.1,B,0,oracle_clean,0.692302078983951,0.6871794871794872,0.9745381055152883,0.9436619718309859,0.9495128432240921,0.08757380952380953,4800,1200,0.059166666666666666
v3_calibration,200,0.1,B,0,blind95,0.752770806489817,0.7633587786259541,0.9745381055152883,0.704225352112676,0.9911426040744021,0.6044464285714284,4800,1200,0.059166666666666666
v3_calibration,200,0.1,B,0,rate_aware,0.799248748274059,0.8111888111888113,0.9745381055152883,0.8169014084507042,0.9875996457041629,0.4322413095238089,4800,1200,0.059166666666666666
v3_calibration,200,0.1,B,0,fixed05,0.7940280690906195,0.8057553956834531,0.9745381055152883,0.7887323943661971,0.9893711248892826,0.5,4800,1200,0.059166666666666666
v3_calibration,200,0.1,B,1,oracle_clean,0.686591083080735,0.683673469387755,0.9814999507486208,0.9305555555555556,0.949468085106383,0.09419999999999991,4800,1200,0.06
v3_calibration,200,0.1,B,1,blind95,0.7953519424581462,0.803030303030303,0.9814999507486208,0.7361111111111112,0.9937943262411347,0.5234904761904761,4800,1200,0.06
v3_calibration,200,0.1,B,1,rate_aware,0.807919621749409,0.8194444444444444,0.9814999507486208,0.8194444444444444,0.9884751773049646,0.39797244791666586,4800,1200,0.06
v3_calibration,200,0.1,B,1,fixed05,0.8231905192961537,0.832116788321168,0.9814999507486208,0.7916666666666666,0.9929078014184397,0.5,4800,1200,0.06
v3_calibration,200,0.1,B,2,oracle_clean,0.6949548402012766,0.6903553299492385,0.9788157505910167,0.9444444444444444,0.949468085106383,0.11054583333333325,4800,1200,0.06
v3_calibration,200,0.1,B,2,blind95,0.7309509754574867,0.7424242424242424,0.9788157505910167,0.6805555555555556,0.9902482269503546,0.5498428571428569,4800,1200,0.06
v3_calibration,200,0.1,B,2,rate_aware,0.7635933806146572,0.7777777777777778,0.9788157505910167,0.7777777777777778,0.9858156028368794,0.4106731473214277,4800,1200,0.06
v3_calibration,200,0.1,B,2,fixed05,0.7586424620394148,0.7703703703703704,0.9788157505910167,0.7222222222222222,0.9902482269503546,0.5,4800,1200,0.06
v3_calibration,200,0.1,B,3,oracle_clean,0.6526677388265522,0.6562500000000001,0.9744200650118203,0.875,0.949468085106383,0.059904166666666626,4800,1200,0.06
v3_calibration,200,0.1,B,3,blind95,0.7792517007079813,0.7878787878787877,0.9744200650118203,0.7222222222222222,0.9929078014184397,0.5916249999999996,4800,1200,0.06
v3_calibration,200,0.1,B,3,rate_aware,0.7783687943262412,0.7916666666666666,0.9744200650118203,0.7916666666666666,0.9867021276595744,0.3026703980654747,4800,1200,0.06
v3_calibration,200,0.1,B,3,fixed05,0.783319292800885,0.7941176470588235,0.9744200650118203,0.75,0.9911347517730497,0.5,4800,1200,0.06
v3_calibration,200,0.1,B,4,oracle_clean,0.6612205948676222,0.6632124352331606,0.980644208037825,0.8888888888888888,0.949468085106383,0.09655694444444436,4800,1200,0.06
v3_calibration,200,0.1,B,4,blind95,0.7309509754574867,0.7424242424242424,0.980644208037825,0.6805555555555556,0.9902482269503546,0.4410994047619038,4800,1200,0.06
v3_calibration,200,0.1,B,4,rate_aware,0.7635933806146572,0.7777777777777778,0.980644208037825,0.7777777777777778,0.9858156028368794,0.3613316431051585,4800,1200,0.06
v3_calibration,200,0.1,B,4,fixed05,0.7483644994760568,0.752,0.980644208037825,0.6527777777777778,0.9946808510638298,0.5,4800,1200,0.06
v3_calibration,200,0.2,B,0,oracle_clean,0.7898000032699206,0.8108108108108109,0.9760385683935282,0.9310344827586207,0.9497630331753555,0.193010119047619,4800,1200,0.12083333333333333
v3_calibration,200,0.2,B,0,blind95,0.5953591201247275,0.5658536585365854,0.9760385683935282,0.4,0.9981042654028436,0.935470833333333,4800,1200,0.12083333333333333
v3_calibration,200,0.2,B,0,rate_aware,0.8274227815002452,0.8482758620689655,0.9760385683935282,0.8482758620689655,0.9791469194312796,0.46101220238095264,4800,1200,0.12083333333333333
v3_calibration,200,0.2,B,0,fixed05,0.8209987922172869,0.8421052631578947,0.9760385683935282,0.8275862068965517,0.981042654028436,0.5,4800,1200,0.12083333333333333
v3_calibration,200,0.2,B,1,oracle_clean,0.7352380549183036,0.7663551401869159,0.967024023533257,0.8482758620689655,0.9497630331753555,0.23982321428571418,4800,1200,0.12083333333333333
v3_calibration,200,0.2,B,1,blind95,0.5718966917454279,0.5463414634146341,0.967024023533257,0.38620689655172413,0.9962085308056872,0.8725357142857142,4800,1200,0.12083333333333333
v3_calibration,200,0.2,B,1,rate_aware,0.7646674293185161,0.7931034482758621,0.967024023533257,0.7931034482758621,0.9715639810426541,0.41059236111111136,4800,1200,0.12083333333333333
v3_calibration,200,0.2,B,1,fixed05,0.74985475279413,0.7765567765567765,0.967024023533257,0.7310344827586207,0.9791469194312796,0.5,4800,1200,0.12083333333333333
v3_calibration,200,0.2,B,2,oracle_clean,0.7987246421635411,0.817910447761194,0.9766268998202319,0.9448275862068966,0.9497630331753555,0.18407499999999993,4800,1200,0.12083333333333333
v3_calibration,200,0.2,B,2,blind95,0.6070903343143773,0.5756097560975609,0.9766268998202319,0.4068965517241379,0.9990521327014218,0.9098500000000002,4800,1200,0.12083333333333333
v3_calibration,200,0.2,B,2,rate_aware,0.8352672005229612,0.8551724137931035,0.9766268998202319,0.8551724137931035,0.9800947867298578,0.4278898313492067,4800,1200,0.12083333333333333
v3_calibration,200,0.2,B,2,fixed05,0.8484914660283319,0.8661971830985916,0.9766268998202319,0.8482758620689655,0.9848341232227488,0.5,4800,1200,0.12083333333333333
v3_calibration,200,0.2,B,3,oracle_clean,0.7718111862004828,0.7963525835866262,0.9843176989704201,0.903448275862069,0.9497630331753555,0.19638035714285687,4800,1200,0.12083333333333333
v3_calibration,200,0.2,B,3,blind95,0.6070903343143773,0.5756097560975609,0.9843176989704201,0.4068965517241379,0.9990521327014218,0.9250613095238095,4800,1200,0.12083333333333333
v3_calibration,200,0.2,B,3,rate_aware,0.7960451054093807,0.8206896551724138,0.9843176989704201,0.8206896551724138,0.9753554502369668,0.45913640873015865,4800,1200,0.12083333333333333
v3_calibration,200,0.2,B,3,fixed05,0.8066219421106195,0.8285714285714285,0.9843176989704201,0.8,0.9819905213270143,0.5,4800,1200,0.12083333333333333
v3_calibration,200,0.2,B,4,oracle_clean,0.7672839670580502,0.7926829268292683,0.9766138257885275,0.896551724137931,0.9497630331753555,0.20761190476190455,4800,1200,0.12083333333333333
v3_calibration,200,0.2,B,4,blind95,0.5953591201247275,0.5658536585365854,0.9766138257885275,0.4,0.9981042654028436,0.9285708333333333,4800,1200,0.12083333333333333
v3_calibration,200,0.2,B,4,rate_aware,0.8038895244320967,0.8275862068965517,0.9766138257885275,0.8275862068965517,0.976303317535545,0.4087101686507941,4800,1200,0.12083333333333333
v3_calibration,200,0.2,B,4,fixed05,0.7875655302965342,0.8102189781021898,0.9766138257885275,0.7655172413793103,0.9829383886255925,0.5,4800,1200,0.12083333333333333
v3_calibration,200,0.4,B,0,oracle_clean,0.7580939173726359,0.8142857142857143,0.956198068889535,0.7972027972027972,0.949671772428884,0.5509095238095223,4800,1200,0.23833333333333334
v3_calibration,200,0.4,B,0,blind95,0.4011479746933397,0.34104046242774566,0.956198068889535,0.2062937062937063,0.9989059080962801,0.9917083333333333,4800,1200,0.23833333333333334
v3_calibration,200,0.4,B,0,rate_aware,0.7730401870305605,0.8272251308900523,0.956198068889535,0.8286713286713286,0.9452954048140044,0.5036764285714287,4800,1200,0.23833333333333334
v3_calibration,200,0.4,B,0,fixed05,0.7690254428404673,0.8243478260869566,0.956198068889535,0.8286713286713286,0.9431072210065645,0.5,4800,1200,0.23833333333333334
v3_calibration,200,0.4,B,1,oracle_clean,0.7555177406185727,0.8121645796064401,0.9614810790959587,0.7937062937062938,0.949671772428884,0.5240631944444444,4800,1200,0.23833333333333334
v3_calibration,200,0.4,B,1,blind95,0.4101222023151146,0.3468208092485549,0.9614810790959587,0.2097902097902098,1.0,0.9896041666666666,4800,1200,0.23833333333333334
v3_calibration,200,0.4,B,1,rate_aware,0.7501146879539418,0.8097731239092496,0.9614810790959587,0.8111888111888111,0.9398249452954048,0.4717838913690475,4800,1200,0.23833333333333334
v3_calibration,200,0.4,B,1,fixed05,0.747241211627296,0.8063943161634103,0.9614810790959587,0.7937062937062938,0.9452954048140044,0.5,4800,1200,0.23833333333333334
v3_calibration,200,0.4,B,2,oracle_clean,0.768375205010794,0.8226950354609929,0.9623953726798365,0.8111888111888111,0.949671772428884,0.5243285714285694,4800,1200,0.23833333333333334
v3_calibration,200,0.4,B,2,blind95,0.4101222023151146,0.3468208092485549,0.9623953726798365,0.2097902097902098,1.0,0.9933583333333332,4800,1200,0.23833333333333334
v3_calibration,200,0.4,B,2,rate_aware,0.7730401870305605,0.8272251308900523,0.9623953726798365,0.8286713286713286,0.9452954048140044,0.48781961309523797,4800,1200,0.23833333333333334
v3_calibration,200,0.4,B,2,fixed05,0.7673548263741112,0.8224956063268893,0.9623953726798365,0.8181818181818182,0.9463894967177243,0.5,4800,1200,0.23833333333333334
v3_calibration,200,0.4,B,3,oracle_clean,0.7969536814457574,0.8457538994800694,0.9656720006411456,0.8501742160278746,0.9496166484118291,0.4190000000000001,4800,1200,0.23916666666666667
v3_calibration,200,0.4,B,3,blind95,0.4163122154112953,0.3553008595988539,0.9656720006411456,0.21602787456445993,1.0,0.99,4800,1200,0.23916666666666667
v3_calibration,200,0.4,B,3,rate_aware,0.7984971243860459,0.8466898954703833,0.9656720006411456,0.8466898954703833,0.9518072289156626,0.4457356398809535,4800,1200,0.23916666666666667
v3_calibration,200,0.4,B,3,fixed05,0.7798261823611126,0.8312611012433392,0.9656720006411456,0.8153310104529616,0.9539978094194962,0.5,4800,1200,0.23916666666666667
v3_calibration,200,0.4,B,4,oracle_clean,0.7796604788224528,0.8321678321678322,0.9712381359457469,0.8292682926829268,0.9485213581599123,0.5386666666666666,4800,1200,0.23916666666666667
v3_calibration,200,0.4,B,4,blind95,0.40918305445372666,0.345821325648415,0.9712381359457469,0.20905923344947736,1.0,0.9862708333333333,4800,1200,0.23916666666666667
v3_calibration,200,0.4,B,4,rate_aware,0.7801786811484137,0.8327526132404183,0.9712381359457469,0.8327526132404182,0.9474260679079957,0.5378936135912701,4800,1200,0.23916666666666667
v3_calibration,200,0.4,B,4,fixed05,0.7798292085419822,0.8330464716006885,0.9712381359457469,0.8432055749128919,0.9430449069003286,0.5,4800,1200,0.23916666666666667
v3_calibration,200,0.6,B,0,oracle_clean,0.7251198644300164,0.8106060606060606,0.9508026499807098,0.7430555555555556,0.94921875,0.6437535714285713,4800,1200,0.36
v3_calibration,200,0.6,B,0,blind95,0.3587287653335707,0.3157894736842105,0.9508026499807098,0.1875,1.0,1.0,4800,1200,0.36
v3_calibration,200,0.6,B,0,rate_aware,0.7359664351851852,0.8310185185185185,0.9508026499807098,0.8310185185185185,0.9049479166666666,0.5058397619047619,4800,1200,0.36
v3_calibration,200,0.6,B,0,fixed05,0.7345719915829356,0.8304498269896194,0.9508026499807098,0.8333333333333334,0.90234375,0.5,4800,1200,0.36
v3_calibration,200,0.6,B,1,oracle_clean,0.6490532682220791,0.7456724367509987,0.9313783998842591,0.6481481481481481,0.94921875,0.7290339285714282,4800,1200,0.36
v3_calibration,200,0.6,B,1,blind95,0.33934246374406424,0.28910891089108914,0.9313783998842591,0.16898148148148148,1.0,1.0,4800,1200,0.36
v3_calibration,200,0.6,B,1,rate_aware,0.6744791666666666,0.7916666666666666,0.9313783998842591,0.7916666666666666,0.8828125,0.5009059523809524,4800,1200,0.36
v3_calibration,200,0.6,B,1,fixed05,0.6744791666666666,0.7916666666666666,0.9313783998842591,0.7916666666666666,0.8828125,0.5,4800,1200,0.36
v3_calibration,200,0.6,B,2,oracle_clean,0.7121729549024157,0.7999999999999999,0.9413896725501543,0.7268518518518519,0.94921875,0.6314190476190474,4800,1200,0.36
v3_calibration,200,0.6,B,2,blind95,0.331855129449563,0.27888446215139445,0.9413896725501543,0.16203703703703703,1.0,1.0,4800,1200,0.36
v3_calibration,200,0.6,B,2,rate_aware,0.7251157407407407,0.8240740740740741,0.9413896725501543,0.8240740740740741,0.9010416666666666,0.4623490476190476,4800,1200,0.36
v3_calibration,200,0.6,B,2,fixed05,0.7161005390909222,0.8164705882352942,0.9413896725501543,0.8032407407407407,0.9075520833333334,0.5,4800,1200,0.36
v3_calibration,200,0.6,B,3,oracle_clean,0.7177224518591299,0.8045685279187816,0.9520926769868826,0.7337962962962963,0.94921875,0.6610458333333331,4800,1200,0.36
v3_calibration,200,0.6,B,3,blind95,0.31385480288043544,0.2545454545454546,0.9520926769868826,0.14583333333333334,1.0,1.0,4800,1200,0.36
v3_calibration,200,0.6,B,3,rate_aware,0.7504340277777778,0.8402777777777778,0.9520926769868826,0.8402777777777778,0.91015625,0.49600190476190475,4800,1200,0.36
v3_calibration,200,0.6,B,3,fixed05,0.7465653566204113,0.8375870069605569,0.9520926769868826,0.8356481481481481,0.91015625,0.5,4800,1200,0.36
v3_calibration,200,0.6,B,4,oracle_clean,0.7029198052148427,0.7923076923076924,0.9495065948109569,0.7152777777777778,0.94921875,0.6602729166666668,4800,1200,0.36
v3_calibration,200,0.6,B,4,blind95,0.34670681399063474,0.2992125984251968,0.9495065948109569,0.17592592592592593,1.0,1.0,4800,1200,0.36
v3_calibration,200,0.6,B,4,rate_aware,0.7178819444444444,0.8194444444444444,0.9495065948109569,0.8194444444444444,0.8984375,0.48704404761904757,4800,1200,0.36
v3_calibration,200,0.6,B,4,fixed05,0.7240740759165927,0.8224299065420562,0.9495065948109569,0.8148148148148148,0.90625,0.5,4800,1200,0.36
v3_calibration,250,0.1,B,0,oracle_clean,0.7279668092765039,0.7164179104477612,0.9931663711583925,1.0,0.949468085106383,0.09189166666666647,4800,1200,0.06
v3_calibration,250,0.1,B,0,blind95,0.7792517007079813,0.7878787878787877,0.9931663711583925,0.7222222222222222,0.9929078014184397,0.7099485119047617,4800,1200,0.06
v3_calibration,250,0.1,B,0,rate_aware,0.793144208037825,0.8055555555555556,0.9931663711583925,0.8055555555555556,0.9875886524822695,0.5011379761904753,4800,1200,0.06
v3_calibration,250,0.1,B,0,fixed05,0.7871615451934791,0.8,0.9931663711583925,0.8055555555555556,0.9867021276595744,0.5,4800,1200,0.06
v3_calibration,250,0.1,B,1,oracle_clean,0.6781813691171663,0.676923076923077,0.9895710204885737,0.9166666666666666,0.949468085106383,0.06087916666666633,4800,1200,0.06
v3_calibration,250,0.1,B,1,blind95,0.8114521842083111,0.8181818181818182,0.9895710204885737,0.75,0.9946808510638298,0.4847032738095231,4800,1200,0.06
v3_calibration,250,0.1,B,1,rate_aware,0.807919621749409,0.8194444444444444,0.9895710204885737,0.8194444444444444,0.9884751773049646,0.3783869047619036,4800,1200,0.06
v3_calibration,250,0.1,B,1,fixed05,0.8189150754933003,0.8244274809160305,0.9895710204885737,0.75,0.9955673758865248,0.5,4800,1200,0.06
v3_calibration,250,0.1,B,2,oracle_clean,0.6526677388265522,0.6562500000000001,0.969562647754137,0.875,0.949468085106383,0.0629624999999998,4800,1200,0.06
v3_calibration,250,0.1,B,2,blind95,0.7631514589578164,0.7727272727272727,0.969562647754137,0.7083333333333334,0.9920212765957447,0.6031538690476188,4800,1200,0.06
v3_calibration,250,0.1,B,2,rate_aware,0.793144208037825,0.8055555555555556,0.969562647754137,0.8055555555555556,0.9875886524822695,0.43069583333333256,4800,1200,0.06
v3_calibration,250,0.1,B,2,fixed05,0.7855839802556001,0.7971014492753623,0.969562647754137,0.7638888888888888,0.9902482269503546,0.5,4800,1200,0.06
v3_calibration,250,0.1,B,3,oracle_clean,0.7032734816848363,0.696969696969697,0.9787234042553191,0.9583333333333334,0.949468085106383,0.0641065476190476,4800,1200,0.06
v3_calibration,250,0.1,B,3,blind95,0.8436526677086409,0.8484848484848485,0.9787234042553191,0.7777777777777778,0.9964539007092199,0.488285119047619,4800,1200,0.06
v3_calibration,250,0.1,B,3,rate_aware,0.8226950354609929,0.8333333333333334,0.9787234042553191,0.8333333333333334,0.9893617021276596,0.2922966666666657,4800,1200,0.06
v3_calibration,250,0.1,B,3,fixed05,0.8351440702513919,0.8396946564885496,0.9787234042553191,0.7638888888888888,0.9964539007092199,0.5,4800,1200,0.06
v3_calibration,250,0.1,B,4,oracle_clean,0.6612205948676222,0.6632124352331606,0.9767102541371159,0.8888888888888888,0.949468085106383,0.08705833333333314,4800,1200,0.06
v3_calibration,250,0.1,B,4,blind95,0.7792517007079813,0.7878787878787877,0.9767102541371159,0.7222222222222222,0.9929078014184397,0.625255952380951,4800,1200,0.06
v3_calibration,250,0.1,B,4,rate_aware,0.793144208037825,0.8055555555555556,0.9767102541371159,0.8055555555555556,0.9875886524822695,0.3951613095238069,4800,1200,0.06
v3_calibration,250,0.1,B,4,fixed05,0.8031610036275842,0.8142857142857143,0.9767102541371159,0.7916666666666666,0.9902482269503546,0.5,4800,1200,0.06
v3_calibration,250,0.2,B,0,oracle_clean,0.80482206855349,0.8217522658610271,0.9882684576266674,0.9577464788732394,0.9499054820415879,0.16483333333333333,4800,1200,0.11833333333333333
v3_calibration,250,0.2,B,0,blind95,0.6262126856349296,0.5940594059405941,0.9882684576266674,0.4225352112676056,1.0,0.9564208333333333,4800,1200,0.11833333333333333
v3_calibration,250,0.2,B,0,rate_aware,0.8367619115157078,0.856140350877193,0.9882684576266674,0.8591549295774648,0.9801512287334594,0.49401249999999847,4800,1200,0.11833333333333333
v3_calibration,250,0.2,B,0,fixed05,0.8402513378950451,0.8591549295774648,0.9882684576266674,0.8591549295774648,0.9810964083175804,0.5,4800,1200,0.11833333333333333
v3_calibration,250,0.2,B,1,oracle_clean,0.763717757870404,0.7888198757763976,0.9692483825447962,0.8943661971830986,0.9499054820415879,0.2225154761904759,4800,1200,0.11833333333333333
v3_calibration,250,0.2,B,1,blind95,0.6025373478037414,0.5742574257425742,0.9692483825447962,0.4084507042253521,0.998109640831758,0.9451232142857143,4800,1200,0.11833333333333333
v3_calibration,250,0.2,B,1,rate_aware,0.7889825900340108,0.8140350877192982,0.9692483825447962,0.8169014084507042,0.9744801512287334,0.4665111235119042,4800,1200,0.11833333333333333
v3_calibration,250,0.2,B,1,fixed05,0.80604056115035,0.8285714285714286,0.9692483825447962,0.8169014084507042,0.9792060491493384,0.5,4800,1200,0.11833333333333333
v3_calibration,250,0.2,B,2,oracle_clean,0.763717757870404,0.7888198757763976,0.9817753401315263,0.8943661971830986,0.9499054820415879,0.1990333333333333,4800,1200,0.11833333333333333
v3_calibration,250,0.2,B,2,blind95,0.6143750167193355,0.5841584158415841,0.9817753401315263,0.4154929577464789,0.999054820415879,0.9267202380952381,4800,1200,0.11833333333333333
v3_calibration,250,0.2,B,2,rate_aware,0.8049090305279099,0.8280701754385965,0.9817753401315263,0.8309859154929577,0.9763705103969754,0.3395894717261893,4800,1200,0.11833333333333333
v3_calibration,250,0.2,B,2,fixed05,0.8234378035933704,0.8384615384615385,0.9817753401315263,0.7676056338028169,0.9914933837429112,0.5,4800,1200,0.11833333333333333
v3_calibration,250,0.2,B,3,oracle_clean,0.7877296810640205,0.8085106382978724,0.9821866874847007,0.9300699300699301,0.9498580889309366,0.18091666666666628,4800,1200,0.11916666666666667
v3_calibration,250,0.2,B,3,blind95,0.61192253001892,0.58128078817734,0.9821866874847007,0.4125874125874126,0.9990539262062441,0.9357874999999999,4800,1200,0.11916666666666667
v3_calibration,250,0.2,B,3,rate_aware,0.833279303477979,0.8531468531468531,0.9821866874847007,0.8531468531468531,0.9801324503311258,0.44844243055555555,4800,1200,0.11916666666666667
v3_calibration,250,0.2,B,3,fixed05,0.8429828484547717,0.8612099644128114,0.9821866874847007,0.8461538461538461,0.9839167455061495,0.5,4800,1200,0.11916666666666667
v3_calibration,250,0.2,B,4,oracle_clean,0.7695079139370536,0.7938461538461538,0.9795634828747413,0.9020979020979021,0.9498580889309366,0.1665976190476185,4800,1200,0.11916666666666667
v3_calibration,250,0.2,B,4,blind95,0.5883189608764352,0.5615763546798029,0.9795634828747413,0.3986013986013986,0.9971617786187322,0.9289970238095238,4800,1200,0.11916666666666667
v3_calibration,250,0.2,B,4,rate_aware,0.7935838995441644,0.8181818181818182,0.9795634828747413,0.8181818181818182,0.9754020813623463,0.4496441964285715,4800,1200,0.11916666666666667
v3_calibration,250,0.2,B,4,fixed05,0.8005917646893439,0.8231046931407943,0.9795634828747413,0.7972027972027972,0.9810785241248817,0.5,4800,1200,0.11916666666666667
v3_calibration,250,0.4,B,0,oracle_clean,0.8100530906062009,0.8561643835616439,0.9726581536306043,0.8680555555555556,0.9495614035087719,0.4667565476190473,4800,1200,0.24
v3_calibration,250,0.4,B,0,blind95,0.40824829046386296,0.3448275862068966,0.9726581536306043,0.20833333333333334,1.0,0.9916833333333333,4800,1200,0.24
v3_calibration,250,0.4,B,0,rate_aware,0.805600862765029,0.8521739130434782,0.9726581536306043,0.8506944444444444,0.9539473684210527,0.4869615608465612,4800,1200,0.24
v3_calibration,250,0.4,B,0,fixed05,0.8030859081932448,0.8501742160278747,0.9726581536306043,0.8472222222222222,0.9539473684210527,0.5,4800,1200,0.24
v3_calibration,250,0.4,B,1,oracle_clean,0.8020216248316114,0.8497409326424871,0.9716980051978583,0.8571428571428571,0.9496166484118291,0.4636976190476189,4800,1200,0.23916666666666667
v3_calibration,250,0.4,B,1,blind95,0.40021957023787286,0.3400576368876081,0.9716980051978583,0.20557491289198607,0.9989047097480832,0.9898190476190477,4800,1200,0.23916666666666667
v3_calibration,250,0.4,B,1,rate_aware,0.7964525449957236,0.8452173913043478,0.9716980051978583,0.8466898954703833,0.9507119386637459,0.48511203869047625,4800,1200,0.23916666666666667
v3_calibration,250,0.4,B,1,fixed05,0.7939175135766379,0.8432055749128919,0.9716980051978583,0.8432055749128919,0.9507119386637459,0.5,4800,1200,0.23916666666666667
v3_calibration,250,0.4,B,2,oracle_clean,0.791878386111071,0.8417391304347825,0.9725089779453576,0.8432055749128919,0.9496166484118291,0.45519999999999994,4800,1200,0.23916666666666667
v3_calibration,250,0.4,B,2,blind95,0.40918305445372666,0.345821325648415,0.9725089779453576,0.20905923344947736,1.0,0.9932428571428572,4800,1200,0.23916666666666667
v3_calibration,250,0.4,B,2,rate_aware,0.791878386111071,0.8417391304347825,0.9725089779453576,0.8432055749128919,0.9496166484118291,0.4561123511904762,4800,1200,0.23916666666666667
v3_calibration,250,0.4,B,2,fixed05,0.8163044065233139,0.8586762075134169,0.9725089779453576,0.8362369337979094,0.9649507119386638,0.5,4800,1200,0.23916666666666667
v3_calibration,250,0.4,B,3,oracle_clean,0.8045529172767957,0.8517241379310344,0.9693853017391072,0.8606271777003485,0.9496166484118291,0.48837857142857155,4800,1200,0.23916666666666667
v3_calibration,250,0.4,B,3,blind95,0.4163122154112953,0.3553008595988539,0.9693853017391072,0.21602787456445993,1.0,0.9941666666666665,4800,1200,0.23916666666666667
v3_calibration,250,0.4,B,3,rate_aware,0.8010267038803762,0.8486956521739131,0.9693853017391072,0.8501742160278746,0.9518072289156626,0.5140818154761905,4800,1200,0.23916666666666667
v3_calibration,250,0.4,B,3,fixed05,0.8065743408233895,0.853195164075993,0.9693853017391072,0.8606271777003485,0.9507119386637459,0.5,4800,1200,0.23916666666666667
v3_calibration,250,0.4,B,4,oracle_clean,0.8020216248316114,0.8497409326424871,0.972129251882411,0.8571428571428571,0.9496166484118291,0.46897619047619044,4800,1200,0.23916666666666667
v3_calibration,250,0.4,B,4,blind95,0.40021957023787286,0.3400576368876081,0.972129251882411,0.20557491289198607,0.9989047097480832,0.9962708333333333,4800,1200,0.23916666666666667
v3_calibration,250,0.4,B,4,rate_aware,0.805600862765029,0.8521739130434782,0.972129251882411,0.8536585365853658,0.9529025191675794,0.4764120312499999,4800,1200,0.23916666666666667
v3_calibration,250,0.4,B,4,fixed05,0.8038303839795897,0.8500881834215168,0.972129251882411,0.8397212543554007,0.9572836801752465,0.5,4800,1200,0.23916666666666667
v3_calibration,250,0.6,B,0,oracle_clean,0.7917515893496205,0.8623188405797102,0.9674072265625,0.8263888888888888,0.94921875,0.5886773809523806,4800,1200,0.36
v3_calibration,250,0.6,B,0,blind95,0.3216652730914426,0.26506024096385544,0.9674072265625,0.1527777777777778,1.0,1.0,4800,1200,0.36
v3_calibration,250,0.6,B,0,rate_aware,0.8083043981481481,0.8773148148148148,0.9674072265625,0.8773148148148148,0.9309895833333334,0.4980795238095239,4800,1200,0.36
v3_calibration,250,0.6,B,0,fixed05,0.8083043981481481,0.8773148148148148,0.9674072265625,0.8773148148148148,0.9309895833333334,0.5,4800,1200,0.36
v3_calibration,250,0.6,B,1,oracle_clean,0.7602562887821315,0.8384710234278668,0.9579264322916667,0.7870370370370371,0.94921875,0.6282333333333332,4800,1200,0.36
v3_calibration,250,0.6,B,1,blind95,0.31405009143681567,0.2610441767068273,0.9579264322916667,0.15046296296296297,0.9986979166666666,1.0,4800,1200,0.36
v3_calibration,250,0.6,B,1,rate_aware,0.7721354166666666,0.8541666666666666,0.9579264322916667,0.8541666666666666,0.91796875,0.489242619047619,4800,1200,0.36
v3_calibration,250,0.6,B,1,fixed05,0.7699889077836746,0.8524970963995355,0.9579264322916667,0.8495370370370371,0.9192708333333334,0.5,4800,1200,0.36
v3_calibration,250,0.6,B,2,oracle_clean,0.7251198644300164,0.8106060606060606,0.953756450135031,0.7430555555555556,0.94921875,0.6566392857142855,4800,1200,0.36
v3_calibration,250,0.6,B,2,blind95,0.31121709913873435,0.25101214574898784,0.953756450135031,0.14351851851851852,1.0,1.0,4800,1200,0.36
v3_calibration,250,0.6,B,2,rate_aware,0.7287326388888888,0.8263888888888888,0.953756450135031,0.8263888888888888,0.90234375,0.4648704761904762,4800,1200,0.36
v3_calibration,250,0.6,B,2,fixed05,0.7270322591055404,0.8235294117647058,0.953756450135031,0.8101851851851852,0.9114583333333334,0.5,4800,1200,0.36
v3_calibration,250,0.6,B,3,oracle_clean,0.7806247497997997,0.854014598540146,0.9645860460069445,0.8125,0.94921875,0.6456749999999996,4800,1200,0.36
v3_calibration,250,0.6,B,3,blind95,0.3515520295364292,0.30588235294117644,0.9645860460069445,0.18055555555555555,1.0,1.0,4800,1200,0.36
v3_calibration,250,0.6,B,3,rate_aware,0.7866030092592593,0.8634259259259259,0.9645860460069445,0.8634259259259259,0.9231770833333334,0.5327466666666667,4800,1200,0.36
v3_calibration,250,0.6,B,3,fixed05,0.7938838531032397,0.8691695108077361,0.9645860460069445,0.8842592592592593,0.9153645833333334,0.5,4800,1200,0.36
v3_calibration,250,0.6,B,4,oracle_clean,0.7806247497997997,0.854014598540146,0.9633698640046298,0.8125,0.94921875,0.586517857142857,4800,1200,0.36
v3_calibration,250,0.6,B,4,blind95,0.3085615390693398,0.24746450304259632,0.9633698640046298,0.1412037037037037,1.0,0.9983333333333333,4800,1200,0.36
v3_calibration,250,0.6,B,4,rate_aware,0.7902199074074074,0.8657407407407407,0.9633698640046298,0.8657407407407407,0.9244791666666666,0.48229785714285717,4800,1200,0.36
v3_calibration,250,0.6,B,4,fixed05,0.7823711111923445,0.8601398601398602,0.9633698640046298,0.8541666666666666,0.92578125,0.5,4800,1200,0.36
v3_calibration,300,0.1,B,0,oracle_clean,0.7257292230755653,0.7135678391959799,0.9928018064097607,1.0,0.9495128432240921,0.10157857142857085,4800,1200,0.059166666666666666
v3_calibration,300,0.1,B,0,blind95,0.8013889425386749,0.8091603053435115,0.9928018064097607,0.7464788732394366,0.9937998228520815,0.7827666666666658,4800,1200,0.059166666666666666
v3_calibration,300,0.1,B,0,rate_aware,0.799248748274059,0.8111888111888113,0.9928018064097607,0.8169014084507042,0.9875996457041629,0.5891975000000003,4800,1200,0.059166666666666666
v3_calibration,300,0.1,B,0,fixed05,0.799145246218198,0.8108108108108109,0.9928018064097607,0.8450704225352113,0.9849424269264836,0.5,4800,1200,0.059166666666666666
v3_calibration,300,0.1,B,1,oracle_clean,0.692302078983951,0.6871794871794872,0.9788108634089747,0.9436619718309859,0.9495128432240921,0.05524999999999977,4800,1200,0.059166666666666666
v3_calibration,300,0.1,B,1,blind95,0.8013889425386749,0.8091603053435115,0.9788108634089747,0.7464788732394366,0.9937998228520815,0.5267148809523805,4800,1200,0.059166666666666666
v3_calibration,300,0.1,B,1,rate_aware,0.8438662816723131,0.8531468531468532,0.9788108634089747,0.8591549295774648,0.9902568644818424,0.3127369593253979,4800,1200,0.059166666666666666
v3_calibration,300,0.1,B,1,fixed05,0.8119683244944069,0.8208955223880596,0.9788108634089747,0.7746478873239436,0.9929140832595217,0.5,4800,1200,0.059166666666666666
v3_calibration,300,0.1,B,2,oracle_clean,0.6753141808730944,0.6735751295336787,0.9707144550206463,0.9154929577464789,0.9495128432240921,0.04071666666666655,4800,1200,0.059166666666666666
v3_calibration,300,0.1,B,2,blind95,0.7851828971890555,0.7938931297709925,0.9707144550206463,0.7323943661971831,0.9929140832595217,0.6069538690476185,4800,1200,0.059166666666666666
v3_calibration,300,0.1,B,2,rate_aware,0.7843762371413077,0.7972027972027971,0.9707144550206463,0.8028169014084507,0.9867139061116031,0.39726779761904873,4800,1200,0.059166666666666666
v3_calibration,300,0.1,B,2,fixed05,0.7761059029279199,0.7883211678832117,0.9707144550206463,0.7605633802816901,0.9893711248892826,0.5,4800,1200,0.059166666666666666
v3_calibration,300,0.1,B,3,oracle_clean,0.686591083080735,0.683673469387755,0.9882904846335698,0.9305555555555556,0.949468085106383,0.04615833333333327,4800,1200,0.06
v3_calibration,300,0.1,B,3,blind95,0.827552425958476,0.8333333333333334,0.9882904846335698,0.7638888888888888,0.9955673758865248,0.5339868055555548,4800,1200,0.06
v3_calibration,300,0.1,B,3,rate_aware,0.807919621749409,0.8194444444444444,0.9882904846335698,0.8194444444444444,0.9884751773049646,0.3252998511904762,4800,1200,0.06
v3_calibration,300,0.1,B,3,fixed05,0.8129081706740637,0.8208955223880596,0.9882904846335698,0.7638888888888888,0.9937943262411347,0.5,4800,1200,0.06
v3_calibration,300,0.1,B,4,oracle_clean,0.7032734816848363,0.696969696969697,0.9849721729708432,0.9583333333333334,0.949468085106383,0.06216249999999997,4800,1200,0.06
v3_calibration,300,0.1,B,4,blind95,0.827552425958476,0.8333333333333334,0.9849721729708432,0.7638888888888888,0.9955673758865248,0.700642857142856,4800,1200,0.06
v3_calibration,300,0.1,B,4,rate_aware,0.8670212765957447,0.875,0.9849721729708432,0.875,0.9920212765957447,0.43947771577381,4800,1200,0.06
v3_calibration,300,0.1,B,4,fixed05,0.8708242945452106,0.8776978417266188,0.9849721729708432,0.8472222222222222,0.9946808510638298,0.5,4800,1200,0.06
v3_calibration,300,0.2,B,0,oracle_clean,0.8022258599155492,0.8203592814371257,0.9902935606060606,0.9513888888888888,0.9498106060606061,0.14625297619047622,4800,1200,0.12
v3_calibration,300,0.2,B,0,blind95,0.6212607441973956,0.5882352941176471,0.9902935606060606,0.4166666666666667,1.0,0.939909226190476,4800,1200,0.12
v3_calibration,300,0.2,B,0,rate_aware,0.8658459595959596,0.8819444444444444,0.9902935606060606,0.8819444444444444,0.9839015151515151,0.4235991220238098,4800,1200,0.12
v3_calibration,300,0.2,B,0,fixed05,0.8629999682836198,0.8785714285714286,0.9902935606060606,0.8541666666666666,0.9876893939393939,0.5,4800,1200,0.12
v3_calibration,300,0.2,B,1,oracle_clean,0.7932675643942364,0.8132530120481928,0.9765657880892256,0.9375,0.9498106060606061,0.15952232142857145,4800,1200,0.12
v3_calibration,300,0.2,B,1,blind95,0.6094944422239601,0.5784313725490197,0.9765657880892256,0.4097222222222222,0.9990530303030303,0.9343812499999997,4800,1200,0.12
v3_calibration,300,0.2,B,1,rate_aware,0.8263888888888888,0.8472222222222222,0.9765657880892256,0.8472222222222222,0.9791666666666666,0.46122781250000083,4800,1200,0.12
v3_calibration,300,0.2,B,1,fixed05,0.8512174274768198,0.8683274021352312,0.9765657880892256,0.8472222222222222,0.9857954545454546,0.5,4800,1200,0.12
v3_calibration,300,0.2,B,2,oracle_clean,0.7977524136768739,0.8168168168168168,0.9866109006734007,0.9444444444444444,0.9498106060606061,0.17053869047619047,4800,1200,0.12
v3_calibration,300,0.2,B,2,blind95,0.6094944422239601,0.5784313725490197,0.9866109006734007,0.4097222222222222,0.9990530303030303,0.9601315476190475,4800,1200,0.12
v3_calibration,300,0.2,B,2,rate_aware,0.8658459595959596,0.8819444444444444,0.9866109006734007,0.8819444444444444,0.9839015151515151,0.3730802182539692,4800,1200,0.12
v3_calibration,300,0.2,B,2,fixed05,0.8782702134324285,0.8913043478260869,0.9866109006734007,0.8541666666666666,0.9914772727272727,0.5,4800,1200,0.12
v3_calibration,300,0.2,B,3,oracle_clean,0.7831925357446978,0.8048780487804879,0.9844096301049944,0.9230769230769231,0.9498580889309366,0.19301111111110997,4800,1200,0.11916666666666667
v3_calibration,300,0.2,B,3,blind95,0.5883189608764352,0.5615763546798029,0.9844096301049944,0.3986013986013986,0.9971617786187322,0.9602833333333332,4800,1200,0.11916666666666667
v3_calibration,300,0.2,B,3,rate_aware,0.8140003591101809,0.8362369337979094,0.9844096301049944,0.8391608391608392,0.9772942289498581,0.4833725029310972,4800,1200,0.11916666666666667
v3_calibration,300,0.2,B,3,fixed05,0.8243039363155847,0.8450704225352114,0.9844096301049944,0.8391608391608392,0.9801324503311258,0.5,4800,1200,0.11916666666666667
v3_calibration,300,0.2,B,4,oracle_clean,0.8057606669817496,0.8228228228228228,0.9829839035137048,0.958041958041958,0.9498580889309366,0.1472690476190475,4800,1200,0.11916666666666667
v3_calibration,300,0.2,B,4,blind95,0.61192253001892,0.58128078817734,0.9829839035137048,0.4125874125874126,0.9990539262062441,0.9398791666666665,4800,1200,0.11916666666666667
v3_calibration,300,0.2,B,4,rate_aware,0.8456612054388538,0.8641114982578397,0.9829839035137048,0.8671328671328671,0.9810785241248817,0.41755970982142954,4800,1200,0.11916666666666667
v3_calibration,300,0.2,B,4,fixed05,0.8466196220831982,0.8642857142857143,0.9829839035137048,0.8461538461538461,0.9848628192999054,0.5,4800,1200,0.11916666666666667
v3_calibration,300,0.4,B,0,oracle_clean,0.7990130250406631,0.8472222222222222,0.9698895196707013,0.8531468531468531,0.949671772428884,0.4264842261904751,4800,1200,0.23833333333333334
v3_calibration,300,0.4,B,0,blind95,0.4101222023151146,0.3468208092485549,0.9698895196707013,0.2097902097902098,1.0,0.9963124999999999,4800,1200,0.23833333333333334
v3_calibration,300,0.4,B,0,rate_aware,0.8005507859225031,0.8481675392670158,0.9698895196707013,0.8496503496503497,0.9518599562363238,0.4382341121031744,4800,1200,0.23833333333333334
v3_calibration,300,0.4,B,0,fixed05,0.803338142139972,0.8478260869565217,0.9698895196707013,0.8181818181818182,0.9649890590809628,0.5,4800,1200,0.23833333333333334
v3_calibration,300,0.4,B,1,oracle_clean,0.8066288994012346,0.853195164075993,0.9777203103242491,0.8636363636363636,0.949671772428884,0.49724285714285665,4800,1200,0.23833333333333334
v3_calibration,300,0.4,B,1,blind95,0.4101222023151146,0.3468208092485549,0.9777203103242491,0.2097902097902098,1.0,0.9933541666666668,4800,1200,0.23833333333333334
v3_calibration,300,0.4,B,1,rate_aware,0.8143060853684744,0.8586387434554973,0.9777203103242491,0.8601398601398601,0.9551422319474836,0.5282771502976189,4800,1200,0.23833333333333334
v3_calibration,300,0.4,B,1,fixed05,0.8040920630783169,0.85121107266436,0.9777203103242491,0.8601398601398601,0.949671772428884,0.5,4800,1200,0.23833333333333334
v3_calibration,300,0.4,B,2,oracle_clean,0.824742953773573,0.8673469387755101,0.9817349855551443,0.8885017421602788,0.9496166484118291,0.4414166666666666,4800,1200,0.23916666666666667
v3_calibration,300,0.4,B,2,blind95,0.4233458060408404,0.3646723646723647,0.9817349855551443,0.2229965156794425,1.0,0.995,4800,1200,0.23916666666666667
v3_calibration,300,0.4,B,2,rate_aware,0.8213951784330862,0.8641114982578397,0.9817349855551443,0.8641114982578397,0.9572836801752465,0.5109922842261904,4800,1200,0.23916666666666667
v3_calibration,300,0.4,B,2,fixed05,0.8243338718661871,0.8665511265164645,0.9817349855551443,0.8710801393728222,0.9561883899233297,0.5,4800,1200,0.23916666666666667
v3_calibration,300,0.4,B,3,oracle_clean,0.854851346641508,0.89,0.9806645015284451,0.9303135888501742,0.9496166484118291,0.3340261904761895,4800,1200,0.23916666666666667
v3_calibration,300,0.4,B,3,blind95,0.41275989743549346,0.3505747126436782,0.9806645015284451,0.21254355400696864,1.0,0.9933333333333334,4800,1200,0.23916666666666667
v3_calibration,300,0.4,B,3,rate_aware,0.8442932324801264,0.8815331010452961,0.9806645015284451,0.8815331010452961,0.9627601314348302,0.4715744642857143,4800,1200,0.23916666666666667
v3_calibration,300,0.4,B,3,fixed05,0.8386368410826366,0.8767605633802816,0.9806645015284451,0.867595818815331,0.9649507119386638,0.5,4800,1200,0.23916666666666667
v3_calibration,300,0.4,B,4,oracle_clean,0.8171838059523856,0.8615384615384615,0.9759093389713431,0.8780487804878049,0.9496166484118291,0.4575452380952379,4800,1200,0.23916666666666667
v3_calibration,300,0.4,B,4,blind95,0.41275989743549346,0.3505747126436782,0.9759093389713431,0.21254355400696864,1.0,1.0,4800,1200,0.23916666666666667
v3_calibration,300,0.4,B,4,rate_aware,0.8213951784330862,0.8641114982578397,0.9759093389713431,0.8641114982578397,0.9572836801752465,0.490440587797619,4800,1200,0.23916666666666667
v3_calibration,300,0.4,B,4,fixed05,0.823476284999122,0.8656195462478184,0.9759093389713431,0.8641114982578397,0.9583789704271632,0.5,4800,1200,0.23916666666666667
v3_calibration,300,0.6,B,0,oracle_clean,0.7565560609838846,0.8355995055624228,0.9562114197530864,0.7824074074074074,0.94921875,0.5901001984126983,4800,1200,0.36
v3_calibration,300,0.6,B,0,blind95,0.3190784576925949,0.26156941649899396,0.9562114197530864,0.15046296296296297,1.0,1.0,4800,1200,0.36
v3_calibration,300,0.6,B,0,rate_aware,0.7829861111111112,0.8611111111111112,0.9562114197530864,0.8611111111111112,0.921875,0.457778253968254,4800,1200,0.36
v3_calibration,300,0.6,B,0,fixed05,0.7815461456846083,0.8584905660377359,0.9562114197530864,0.8425925925925926,0.9322916666666666,0.5,4800,1200,0.36
v3_calibration,300,0.6,B,1,oracle_clean,0.7491575303976358,0.8298136645962734,0.9524799864969136,0.7731481481481481,0.94921875,0.6822291666666666,4800,1200,0.36
v3_calibration,300,0.6,B,1,blind95,0.38451829236781787,0.3567362428842505,0.9524799864969136,0.2175925925925926,0.9986979166666666,1.0,4800,1200,0.36
v3_calibration,300,0.6,B,1,rate_aware,0.7685185185185185,0.8518518518518519,0.9524799864969136,0.8518518518518519,0.9166666666666666,0.5062180952380952,4800,1200,0.36
v3_calibration,300,0.6,B,1,fixed05,0.7723709906959518,0.8545034642032332,0.9524799864969136,0.8564814814814815,0.9166666666666666,0.5,4800,1200,0.36
v3_calibration,300,0.6,B,2,oracle_clean,0.7602562887821315,0.8384710234278668,0.9561104480131172,0.7870370370370371,0.94921875,0.6202249999999998,4800,1200,0.36
v3_calibration,300,0.6,B,2,blind95,0.3418105012843192,0.29249011857707513,0.9561104480131172,0.1712962962962963,1.0,1.0,4800,1200,0.36
v3_calibration,300,0.6,B,2,rate_aware,0.7757523148148148,0.8564814814814815,0.9561104480131172,0.8564814814814815,0.9192708333333334,0.4479921428571429,4800,1200,0.36
v3_calibration,300,0.6,B,2,fixed05,0.7706021649291293,0.8514150943396227,0.9561104480131172,0.8356481481481481,0.9283854166666666,0.5,4800,1200,0.36
v3_calibration,300,0.6,B,3,oracle_clean,0.7658081542921895,0.8427518427518428,0.9578736858603396,0.7939814814814815,0.94921875,0.6323077380952381,4800,1200,0.36
v3_calibration,300,0.6,B,3,blind95,0.3085615390693398,0.24746450304259632,0.9578736858603396,0.1412037037037037,1.0,0.999375,4800,1200,0.36
v3_calibration,300,0.6,B,3,rate_aware,0.7757523148148148,0.8564814814814815,0.9578736858603396,0.8564814814814815,0.9192708333333334,0.4670366666666666,4800,1200,0.36
v3_calibration,300,0.6,B,3,fixed05,0.7655565542057404,0.8487690504103165,0.9578736858603396,0.8379629629629629,0.9231770833333334,0.5,4800,1200,0.36
v3_calibration,300,0.6,B,4,oracle_clean,0.7584060827580413,0.837037037037037,0.9591817973572531,0.7847222222222222,0.94921875,0.6781113095238096,4800,1200,0.36
v3_calibration,300,0.6,B,4,blind95,0.305887645160749,0.24390243902439027,0.9591817973572531,0.1388888888888889,1.0,0.9988125,4800,1200,0.36
v3_calibration,300,0.6,B,4,rate_aware,0.7757523148148148,0.8564814814814815,0.9591817973572531,0.8564814814814815,0.9192708333333334,0.5501280952380952,4800,1200,0.36
v3_calibration,300,0.6,B,4,fixed05,0.7861404655773769,0.864,0.9591817973572531,0.875,0.9153645833333334,0.5,4800,1200,0.36
