"nF","ipf","total_items","rep","z_threshold","n_true_careless","n_noise","n_clean","mcc_std","mcc_f","sens_std","spec_std","sens_f","spec_f","noise_flagged_std","noise_flagged_f","mode_std","mode_f","n_pairs_std","n_pairs_f"
4,3,12,1,0.1,22,23,255,0.165846420822307,0.152977671619547,0.590909090909091,0.705035971223022,0.636363636363636,0.647482014388489,0.391304347826087,0.608695652173913,"weighted","efa_d",66,21
4,3,12,1,0.3,22,23,255,0.103474038494309,0.115549236726063,0.590909090909091,0.60431654676259,0.681818181818182,0.539568345323741,0.478260869565217,0.695652173913043,"weighted","efa_d",66,21
4,3,12,1,0.5,22,23,255,0.0729772299715763,0.0837275393776081,0.636363636363636,0.503597122302158,0.681818181818182,0.47841726618705,0.521739130434783,0.695652173913043,"weighted","efa_d",66,21
4,3,12,1,0.7,22,23,255,0.137820897703325,0.0395609571332485,0.863636363636364,0.392086330935252,0.681818181818182,0.392086330935252,0.739130434782609,0.695652173913043,"weighted","efa_d",66,21
4,3,12,1,0.9,22,23,255,0.0987223985415831,0.0455747696759563,0.863636363636364,0.309352517985612,0.727272727272727,0.356115107913669,0.869565217391304,0.695652173913043,"weighted","efa_d",66,21
4,3,12,1,1.1,22,23,255,0.0528547454310001,0.0559199769267644,0.863636363636364,0.219424460431655,0.772727272727273,0.327338129496403,0.91304347826087,0.739130434782609,"weighted","efa_d",66,21
4,3,12,1,1.3,22,23,255,0.0351081239782335,0.0682635220076349,0.909090909090909,0.136690647482014,0.863636363636364,0.248201438848921,0.91304347826087,0.869565217391304,"weighted","efa_d",66,21
4,3,12,1,1.5,22,23,255,-0.0113119791552492,0.0384617427714361,0.909090909090909,0.079136690647482,0.863636363636364,0.194244604316547,1,0.869565217391304,"weighted","efa_d",66,21
4,3,12,1,1.7,22,23,255,-0.0902299796246607,0.0860702633911288,0.909090909090909,0.0287769784172662,0.954545454545455,0.165467625899281,1,0.869565217391304,"weighted","efa_d",66,21
4,3,12,1,1.9,22,23,255,0.0327019072605787,0.0686892235710211,1,0.0143884892086331,0.954545454545455,0.133093525179856,1,0.869565217391304,"weighted","efa_d",66,21
4,3,12,1,2.1,22,23,255,0.0230460133033402,0.0534900048931362,1,0.00719424460431655,0.954545454545455,0.107913669064748,1,0.869565217391304,"weighted","efa_d",66,21
4,3,12,1,2.3,22,23,255,0.0162687186397353,0.0385540422581805,1,0.00359712230215827,0.954545454545455,0.0863309352517986,1,0.869565217391304,"weighted","efa_d",66,21
4,3,12,1,2.5,22,23,255,0,0.00986394050030015,1,0,0.954545454545455,0.0539568345323741,1,0.91304347826087,"weighted","efa_d",66,21
4,3,12,1,2.7,22,23,255,0,-0.0254858242669388,1,0,0.954545454545455,0.0287769784172662,1,0.956521739130435,"weighted","efa_d",66,21
4,3,12,1,2.9,22,23,255,0,-0.0412226860926696,1,0,0.954545454545455,0.0215827338129496,1,1,"weighted","efa_d",66,21
8,3,24,1,0.1,22,23,255,0.200292066481522,0.211949998390659,0.5,0.81294964028777,0.636363636363636,0.733812949640288,0.521739130434783,0.521739130434783,"weighted","efa_d",276,63
8,3,24,1,0.3,22,23,255,0.18926654653174,0.159694925336383,0.590909090909091,0.737410071942446,0.636363636363636,0.658273381294964,0.521739130434783,0.565217391304348,"weighted","efa_d",276,63
8,3,24,1,0.5,22,23,255,0.177160012737398,0.17097740494302,0.681818181818182,0.647482014388489,0.727272727272727,0.597122302158273,0.652173913043478,0.565217391304348,"weighted","efa_d",276,63
8,3,24,1,0.7,22,23,255,0.182784090022266,0.173425448947477,0.818181818181818,0.532374100719424,0.818181818181818,0.514388489208633,0.652173913043478,0.608695652173913,"weighted","efa_d",276,63
8,3,24,1,0.9,22,23,255,0.144548388054761,0.144548388054761,0.818181818181818,0.456834532374101,0.818181818181818,0.456834532374101,0.695652173913043,0.608695652173913,"weighted","efa_d",276,63
8,3,24,1,1.1,22,23,255,0.119236849276842,0.109646674903334,0.863636363636364,0.352517985611511,0.818181818181818,0.384892086330935,0.695652173913043,0.739130434782609,"weighted","efa_d",276,63
8,3,24,1,1.3,22,23,255,0.0738253703431308,0.0689024729750553,0.863636363636364,0.258992805755396,0.818181818181818,0.302158273381295,0.782608695652174,0.91304347826087,"weighted","efa_d",276,63
8,3,24,1,1.5,22,23,255,0.059231400714665,0.0644960767470796,0.909090909090909,0.176258992805755,0.863636363636364,0.241007194244604,0.91304347826087,0.956521739130435,"weighted","efa_d",276,63
8,3,24,1,1.7,22,23,255,0.0686892235710211,0.0710564400353651,0.954545454545455,0.133093525179856,0.909090909090909,0.197841726618705,0.91304347826087,1,"weighted","efa_d",276,63
8,3,24,1,1.9,22,23,255,0.043787523806311,0.0823642987626659,0.954545454545455,0.0935251798561151,0.954545454545455,0.158273381294964,0.91304347826087,1,"weighted","efa_d",276,63
8,3,24,1,2.1,22,23,255,0.020649916910064,0.0645324495537322,0.954545454545455,0.0647482014388489,0.954545454545455,0.12589928057554,1,1,"weighted","efa_d",276,63
8,3,24,1,2.3,22,23,255,-0.0078303629989854,0.0511477169287564,0.954545454545455,0.039568345323741,0.954545454545455,0.10431654676259,1,1,"weighted","efa_d",276,63
8,3,24,1,2.5,22,23,255,0.0401874918725943,0.0385540422581805,1,0.0215827338129496,0.954545454545455,0.0863309352517986,1,1,"weighted","efa_d",276,63
8,3,24,1,2.7,22,23,255,0.0327019072605787,0.0710723443150359,1,0.0143884892086331,1,0.0647482014388489,1,1,"weighted","efa_d",276,63
8,3,24,1,2.9,22,23,255,0.0230460133033402,0.0622400515561235,1,0.00719424460431655,1,0.0503597122302158,1,1,"weighted","efa_d",276,63
12,3,36,1,0.1,21,24,255,0.0972601995669621,0.0792233209931848,0.333333333333333,0.817204301075269,0.428571428571429,0.71326164874552,0.208333333333333,0.333333333333333,"weighted","efa_d",630,99
12,3,36,1,0.3,21,24,255,0.061684897588347,0.0563502395766712,0.380952380952381,0.727598566308244,0.476190476190476,0.630824372759857,0.291666666666667,0.458333333333333,"weighted","efa_d",630,99
12,3,36,1,0.5,21,24,255,0.0725844222685278,0.113763300877166,0.476190476190476,0.659498207885305,0.666666666666667,0.555555555555556,0.375,0.708333333333333,"weighted","efa_d",630,99
12,3,36,1,0.7,21,24,255,0.0745447291470949,0.132840246489501,0.571428571428571,0.573476702508961,0.761904761904762,0.498207885304659,0.5,0.833333333333333,"weighted","efa_d",630,99
12,3,36,1,0.9,21,24,255,0.0888218394229085,0.147342947692573,0.714285714285714,0.458781362007168,0.857142857142857,0.426523297491039,0.625,0.833333333333333,"weighted","efa_d",630,99
12,3,36,1,1.1,21,24,255,0.0590188303175536,0.115835019501286,0.761904761904762,0.347670250896057,0.857142857142857,0.3584229390681,0.708333333333333,0.833333333333333,"weighted","efa_d",630,99
12,3,36,1,1.3,21,24,255,0.0528590273478942,0.0923795403638942,0.80952380952381,0.283154121863799,0.857142857142857,0.308243727598566,0.833333333333333,0.833333333333333,"weighted","efa_d",630,99
12,3,36,1,1.5,21,24,255,0.0131507013370667,0.0980552781436411,0.80952380952381,0.211469534050179,0.904761904761905,0.261648745519713,0.875,0.833333333333333,"weighted","efa_d",630,99
12,3,36,1,1.7,21,24,255,-0.0429779937908786,0.0945343991393666,0.80952380952381,0.132616487455197,0.952380952380952,0.189964157706093,0.916666666666667,0.916666666666667,"weighted","efa_d",630,99
12,3,36,1,1.9,21,24,255,-0.0827409679540155,0.0768115483799806,0.80952380952381,0.0931899641577061,0.952380952380952,0.154121863799283,0.958333333333333,0.958333333333333,"weighted","efa_d",630,99
12,3,36,1,2.1,21,24,255,-0.150729848218938,0.063172475224483,0.80952380952381,0.0501792114695341,0.952380952380952,0.129032258064516,0.958333333333333,1,"weighted","efa_d",630,99
12,3,36,1,2.3,21,24,255,-0.155013351029282,0.0914505435281224,0.857142857142857,0.028673835125448,1,0.10752688172043,1,1,"weighted","efa_d",630,99
12,3,36,1,2.5,21,24,255,-0.116771155724203,0.0862795962814576,0.904761904761905,0.021505376344086,1,0.0967741935483871,1,1,"weighted","efa_d",630,99
12,3,36,1,2.7,21,24,255,-0.0820098751910124,0.0733235575106766,0.952380952380952,0.010752688172043,1,0.0716845878136201,1,1,"weighted","efa_d",630,99
12,3,36,1,2.9,21,24,255,-0.138065390978713,0.0651190966146206,0.952380952380952,0.003584229390681,1,0.0573476702508961,1,1,"weighted","efa_d",630,99
20,3,60,1,0.1,23,22,255,0.133887730379213,0.103060244870351,0.217391304347826,0.924187725631769,0.304347826086957,0.84115523465704,0.181818181818182,0.318181818181818,"weighted","efa_d",1770,228
20,3,60,1,0.3,23,22,255,0.120526813171387,0.110448755431427,0.260869565217391,0.888086642599278,0.391304347826087,0.783393501805054,0.227272727272727,0.409090909090909,"weighted","efa_d",1770,228
20,3,60,1,0.5,23,22,255,0.154875853097169,0.101847889732193,0.391304347826087,0.833935018050541,0.434782608695652,0.736462093862816,0.272727272727273,0.5,"weighted","efa_d",1770,228
20,3,60,1,0.7,23,22,255,0.101847889732193,0.108268600976767,0.434782608695652,0.736462093862816,0.521739130434783,0.671480144404332,0.318181818181818,0.681818181818182,"weighted","efa_d",1770,228
20,3,60,1,0.9,23,22,255,0.106003065895125,0.118513835819704,0.521739130434783,0.667870036101083,0.608695652173913,0.610108303249097,0.363636363636364,0.727272727272727,"weighted","efa_d",1770,228
20,3,60,1,1.1,23,22,255,0.108104016463026,0.170614189311859,0.608695652173913,0.592057761732852,0.782608695652174,0.537906137184116,0.5,0.772727272727273,"weighted","efa_d",1770,228
20,3,60,1,1.3,23,22,255,0.064564543322556,0.13657122968399,0.608695652173913,0.512635379061372,0.782608695652174,0.472924187725632,0.590909090909091,0.818181818181818,"weighted","efa_d",1770,228
20,3,60,1,1.5,23,22,255,0.0402360904938245,0.114658356558463,0.652173913043478,0.422382671480144,0.782608695652174,0.429602888086643,0.727272727272727,0.818181818181818,"weighted","efa_d",1770,228
20,3,60,1,1.7,23,22,255,0.0595099803803705,0.0929010308021301,0.739130434782609,0.368231046931408,0.782608695652174,0.386281588447653,0.772727272727273,0.818181818181818,"weighted","efa_d",1770,228
20,3,60,1,1.9,23,22,255,0.051944569466359,0.0576992819613219,0.782608695652174,0.306859205776173,0.782608695652174,0.317689530685921,0.909090909090909,0.863636363636364,"weighted","efa_d",1770,228
20,3,60,1,2.1,23,22,255,0.07392380644465,0.0758157257218514,0.869565217391304,0.249097472924188,0.869565217391304,0.252707581227437,0.954545454545455,0.909090909090909,"weighted","efa_d",1770,228
20,3,60,1,2.3,23,22,255,0.0756876870108946,0.0562890726971072,0.91304347826087,0.1985559566787,0.869565217391304,0.216606498194946,0.954545454545455,0.909090909090909,"weighted","efa_d",1770,228
20,3,60,1,2.5,23,22,255,0.0508755488315448,0.0637039054052981,0.91304347826087,0.155234657039711,0.91304347826087,0.176895306859206,1,0.954545454545455,"weighted","efa_d",1770,228
20,3,60,1,2.7,23,22,255,0.0293006888526826,0.0552626980422829,0.91304347826087,0.122743682310469,0.91304347826087,0.162454873646209,1,0.954545454545455,"weighted","efa_d",1770,228
20,3,60,1,2.9,23,22,255,0.0183989364627086,0.0678542268167385,0.91304347826087,0.108303249097473,0.956521739130435,0.126353790613718,1,0.954545454545455,"weighted","efa_d",1770,228
30,3,90,1,0.1,23,22,255,0.270380318004162,0.371241833913942,0.608695652173913,0.812274368231047,0.521739130434783,0.92057761732852,0.590909090909091,0.318181818181818,"coupled","efa_d",121,290
30,3,90,1,0.3,23,22,255,0.271065239185925,0.353119587738256,0.652173913043478,0.787003610108303,0.565217391304348,0.895306859205776,0.636363636363636,0.318181818181818,"coupled","efa_d",121,290
30,3,90,1,0.5,23,22,255,0.244943888328014,0.386756576913005,0.652173913043478,0.75812274368231,0.695652173913043,0.862815884476534,0.636363636363636,0.409090909090909,"coupled","efa_d",121,290
30,3,90,1,0.7,23,22,255,0.218664584136831,0.35686899974886,0.652173913043478,0.725631768953069,0.739130434782609,0.819494584837545,0.681818181818182,0.545454545454545,"coupled","efa_d",121,290
30,3,90,1,0.9,23,22,255,0.197433131591406,0.329278050338424,0.652173913043478,0.696750902527076,0.782608695652174,0.768953068592058,0.727272727272727,0.590909090909091,"coupled","efa_d",121,290
30,3,90,1,1.1,23,22,255,0.173050780962127,0.312622140441449,0.652173913043478,0.660649819494585,0.826086956521739,0.72202166064982,0.727272727272727,0.681818181818182,"coupled","efa_d",121,290
30,3,90,1,1.3,23,22,255,0.17610944860036,0.298157054516885,0.695652173913043,0.628158844765343,0.869565217391304,0.671480144404332,0.727272727272727,0.727272727272727,"coupled","efa_d",121,290
30,3,90,1,1.5,23,22,255,0.175727465944615,0.266095786583303,0.739130434782609,0.588447653429603,0.91304347826087,0.584837545126354,0.772727272727273,0.772727272727273,"coupled","efa_d",121,290
30,3,90,1,1.7,23,22,255,0.147499672821985,0.222989095987689,0.739130434782609,0.537906137184116,0.91304347826087,0.505415162454874,0.772727272727273,0.863636363636364,"coupled","efa_d",121,290
30,3,90,1,1.9,23,22,255,0.217494264600692,0.197917682293198,0.91304347826087,0.494584837545126,0.91304347826087,0.454873646209386,0.772727272727273,0.863636363636364,"coupled","efa_d",121,290
30,3,90,1,2.1,23,22,255,0.219824172757517,0.198141361891979,0.956521739130435,0.451263537906137,0.956521739130435,0.404332129963899,0.772727272727273,0.909090909090909,"coupled","efa_d",121,290
30,3,90,1,2.3,23,22,255,0.232022094616459,0.170814159210277,1,0.425992779783394,0.956521739130435,0.342960288808664,0.772727272727273,1,"coupled","efa_d",121,290
30,3,90,1,2.5,23,22,255,0.203755356953786,0.148615534387234,1,0.36101083032491,0.956521739130435,0.292418772563177,0.772727272727273,1,"coupled","efa_d",121,290
30,3,90,1,2.7,23,22,255,0.175244535854382,0.121136073760781,1,0.292418772563177,0.956521739130435,0.231046931407942,0.863636363636364,1,"coupled","efa_d",121,290
30,3,90,1,2.9,23,22,255,0.158967789576202,0.109344025007832,1,0.252707581227437,0.956521739130435,0.205776173285199,0.909090909090909,1,"coupled","efa_d",121,290
4,6,24,1,0.1,23,22,255,0.207306499974607,0.154811383923913,0.434782608695652,0.855595667870036,0.478260869565217,0.772563176895307,0.136363636363636,0.318181818181818,"weighted","efa_d",276,96
4,6,24,1,0.3,23,22,255,0.242001775370422,0.14901110938742,0.608695652173913,0.783393501805054,0.565217391304348,0.696750902527076,0.272727272727273,0.363636363636364,"weighted","efa_d",276,96
4,6,24,1,0.5,23,22,255,0.205191851629955,0.10779661882993,0.652173913043478,0.707581227436823,0.565217391304348,0.631768953068592,0.409090909090909,0.409090909090909,"weighted","efa_d",276,96
4,6,24,1,0.7,23,22,255,0.1841740827779,0.115095655483068,0.739130434782609,0.602888086642599,0.652173913043478,0.563176895306859,0.545454545454545,0.409090909090909,"weighted","efa_d",276,96
4,6,24,1,0.9,23,22,255,0.145842958653176,0.105109035335122,0.782608695652174,0.490974729241877,0.695652173913043,0.501805054151625,0.681818181818182,0.409090909090909,"weighted","efa_d",276,96
4,6,24,1,1.1,23,22,255,0.134759040990315,0.147256159521902,0.826086956521739,0.422382671480144,0.826086956521739,0.447653429602888,0.772727272727273,0.545454545454545,"weighted","efa_d",276,96
4,6,24,1,1.3,23,22,255,0.122296636167956,0.151614435062215,0.869565217391304,0.346570397111913,0.869565217391304,0.407942238267148,0.863636363636364,0.545454545454545,"weighted","efa_d",276,96
4,6,24,1,1.5,23,22,255,0.118805071811103,0.137812586144016,0.91304347826087,0.285198555956679,0.869565217391304,0.379061371841155,0.954545454545455,0.636363636363636,"weighted","efa_d",276,96
4,6,24,1,1.7,23,22,255,0.124437883868597,0.135632000048313,0.956521739130435,0.23826714801444,0.91304347826087,0.32129963898917,0.954545454545455,0.772727272727273,"weighted","efa_d",276,96
4,6,24,1,1.9,23,22,255,0.125760536602764,0.117101254780787,1,0.173285198555957,0.91304347826087,0.28158844765343,0.954545454545455,0.818181818181818,"weighted","efa_d",276,96
4,6,24,1,2.1,23,22,255,0.111387404242177,0.0907253439463592,1,0.140794223826715,0.91304347826087,0.227436823104693,0.954545454545455,0.818181818181818,"weighted","efa_d",276,96
4,6,24,1,2.3,23,22,255,0.101303715157648,0.0756876870108946,1,0.11913357400722,0.91304347826087,0.1985559566787,0.954545454545455,0.863636363636364,"weighted","efa_d",276,96
4,6,24,1,2.5,23,22,255,0.0942623769759861,0.0878556363890107,1,0.104693140794224,0.956521739130435,0.162454873646209,0.954545454545455,1,"weighted","efa_d",276,96
4,6,24,1,2.7,23,22,255,0.0830324909747292,0.0781745446019076,1,0.0830324909747292,0.956521739130435,0.144404332129964,1,1,"weighted","efa_d",276,96
4,6,24,1,2.9,23,22,255,0.0683950788834818,0.0612627210241901,1,0.0577617328519856,0.956521739130435,0.115523465703971,1,1,"weighted","efa_d",276,96
8,6,48,1,0.1,20,25,255,0.142857142857143,0.321599864372564,0.2,0.942857142857143,0.55,0.892857142857143,0.16,0.36,"weighted","efa_d",1128,181
8,6,48,1,0.3,20,25,255,0.238772569236185,0.35184706869676,0.45,0.882142857142857,0.65,0.871428571428571,0.28,0.36,"weighted","efa_d",1128,181
8,6,48,1,0.5,20,25,255,0.245255735793986,0.338437440805911,0.55,0.835714285714286,0.7,0.839285714285714,0.48,0.48,"weighted","efa_d",1128,181
8,6,48,1,0.7,20,25,255,0.191007073598627,0.322782356200176,0.55,0.778571428571429,0.75,0.8,0.56,0.52,"weighted","efa_d",1128,181
8,6,48,1,0.9,20,25,255,0.288754267480239,0.30952380952381,0.8,0.732142857142857,0.8,0.757142857142857,0.6,0.56,"weighted","efa_d",1128,181
8,6,48,1,1.1,20,25,255,0.263380782526799,0.338026783572676,0.85,0.660714285714286,0.9,0.728571428571429,0.64,0.6,"weighted","efa_d",1128,181
8,6,48,1,1.3,20,25,255,0.257838109124156,0.318635492147806,0.9,0.610714285714286,0.95,0.667857142857143,0.72,0.6,"weighted","efa_d",1128,181
8,6,48,1,1.5,20,25,255,0.221014556909778,0.286994259354871,0.9,0.542857142857143,0.95,0.617857142857143,0.76,0.68,"weighted","efa_d",1128,181
8,6,48,1,1.7,20,25,255,0.188025358272589,0.257033870348626,0.9,0.475,0.95,0.564285714285714,0.76,0.68,"weighted","efa_d",1128,181
8,6,48,1,1.9,20,25,255,0.168453384784431,0.233491185122426,0.9,0.432142857142857,0.95,0.517857142857143,0.84,0.72,"weighted","efa_d",1128,181
8,6,48,1,2.1,20,25,255,0.196116135138184,0.206746271272778,1,0.375,0.95,0.460714285714286,0.84,0.72,"weighted","efa_d",1128,181
8,6,48,1,2.3,20,25,255,0.173576032715863,0.187843646008504,1,0.317857142857143,0.95,0.417857142857143,0.88,0.76,"weighted","efa_d",1128,181
8,6,48,1,2.5,20,25,255,0.1570467354963,0.165107548419542,1,0.275,0.95,0.364285714285714,0.96,0.84,"weighted","efa_d",1128,181
8,6,48,1,2.7,20,25,255,0.147441956154897,0.142839912585024,1,0.25,0.95,0.310714285714286,1,0.84,"weighted","efa_d",1128,181
8,6,48,1,2.9,20,25,255,0.132237145745356,0.11737540225461,1,0.210714285714286,0.95,0.25,1,0.88,"weighted","efa_d",1128,181
12,6,72,1,0.1,21,24,255,0.342862151836783,0.256189293555084,0.761904761904762,0.806451612903226,0.333333333333333,0.939068100358423,0.291666666666667,0.125,"coupled","efa_d",77,321
12,6,72,1,0.3,21,24,255,0.300761120054001,0.2316143933158,0.761904761904762,0.763440860215054,0.380952380952381,0.906810035842294,0.291666666666667,0.125,"coupled","efa_d",77,321
12,6,72,1,0.5,21,24,255,0.299190529772311,0.223324072334668,0.80952380952381,0.731182795698925,0.428571428571429,0.878136200716846,0.291666666666667,0.166666666666667,"coupled","efa_d",77,321
12,6,72,1,0.7,21,24,255,0.286643223019695,0.300050069750567,0.857142857142857,0.681003584229391,0.619047619047619,0.842293906810036,0.291666666666667,0.25,"coupled","efa_d",77,321
12,6,72,1,0.9,21,24,255,0.247262491815526,0.292040998629188,0.857142857142857,0.620071684587814,0.666666666666667,0.810035842293907,0.416666666666667,0.291666666666667,"coupled","efa_d",77,321
12,6,72,1,1.1,21,24,255,0.242867220034085,0.291371369113118,0.904761904761905,0.56989247311828,0.761904761904762,0.752688172043011,0.5,0.458333333333333,"coupled","efa_d",77,321
12,6,72,1,1.3,21,24,255,0.240992561862543,0.262592539621165,0.952380952380952,0.519713261648746,0.761904761904762,0.716845878136201,0.541666666666667,0.5,"coupled","efa_d",77,321
12,6,72,1,1.5,21,24,255,0.254918883595647,0.227355272980245,1,0.498207885304659,0.761904761904762,0.666666666666667,0.541666666666667,0.583333333333333,"coupled","efa_d",77,321
12,6,72,1,1.7,21,24,255,0.24318672855696,0.235975512723128,1,0.473118279569892,0.80952380952381,0.6415770609319,0.541666666666667,0.583333333333333,"coupled","efa_d",77,321
12,6,72,1,1.9,21,24,255,0.220908718035046,0.248786302068036,1,0.422939068100358,0.904761904761905,0.580645161290323,0.583333333333333,0.625,"coupled","efa_d",77,321
12,6,72,1,2.1,21,24,255,0.201319057990068,0.220270061213801,1,0.376344086021505,0.904761904761905,0.526881720430108,0.625,0.625,"coupled","efa_d",77,321
12,6,72,1,2.3,21,24,255,0.192542725157492,0.206004221231783,1,0.354838709677419,0.904761904761905,0.498207885304659,0.708333333333333,0.625,"coupled","efa_d",77,321
12,6,72,1,2.5,21,24,255,0.178180971042434,0.187185290423811,1,0.318996415770609,0.904761904761905,0.458781362007168,0.75,0.708333333333333,"coupled","efa_d",77,321
12,6,72,1,2.7,21,24,255,0.171088300858246,0.200535347581589,1,0.301075268817204,0.952380952380952,0.433691756272401,0.833333333333333,0.75,"coupled","efa_d",77,321
12,6,72,1,2.9,21,24,255,0.161213154788378,0.181639862872144,1,0.275985663082437,0.952380952380952,0.390681003584229,0.833333333333333,0.791666666666667,"coupled","efa_d",77,321
20,6,120,1,0.1,24,21,255,0.4372098277869,0.515372789290097,0.583333333333333,0.927536231884058,0.541666666666667,0.963768115942029,0.333333333333333,0.142857142857143,"coupled","efa_d",215,424
20,6,120,1,0.3,24,21,255,0.462651945572992,0.51604684654214,0.666666666666667,0.91304347826087,0.625,0.945652173913043,0.428571428571429,0.142857142857143,"coupled","efa_d",215,424
20,6,120,1,0.5,24,21,255,0.44758308832832,0.505368809837663,0.666666666666667,0.905797101449275,0.625,0.942028985507246,0.428571428571429,0.19047619047619,"coupled","efa_d",215,424
20,6,120,1,0.7,24,21,255,0.560473402386419,0.524632209513003,0.875,0.894927536231884,0.666666666666667,0.938405797101449,0.428571428571429,0.19047619047619,"coupled","efa_d",215,424
20,6,120,1,0.9,24,21,255,0.533448754742767,0.48725908793342,0.875,0.880434782608696,0.666666666666667,0.923913043478261,0.428571428571429,0.238095238095238,"coupled","efa_d",215,424
20,6,120,1,1.1,24,21,255,0.486722175455849,0.433440368862527,0.875,0.851449275362319,0.666666666666667,0.898550724637681,0.476190476190476,0.380952380952381,"coupled","efa_d",215,424
20,6,120,1,1.3,24,21,255,0.456638197027351,0.416772067439841,0.875,0.829710144927536,0.708333333333333,0.873188405797101,0.523809523809524,0.428571428571429,"coupled","efa_d",215,424
20,6,120,1,1.5,24,21,255,0.451961575475105,0.365345074344665,0.875,0.826086956521739,0.708333333333333,0.83695652173913,0.523809523809524,0.476190476190476,"coupled","efa_d",215,424
20,6,120,1,1.7,24,21,255,0.441462194079983,0.331171538891482,0.916666666666667,0.797101449275362,0.708333333333333,0.807971014492754,0.571428571428571,0.523809523809524,"coupled","efa_d",215,424
20,6,120,1,1.9,24,21,255,0.430709760199962,0.294517173714281,0.958333333333333,0.764492753623188,0.708333333333333,0.771739130434783,0.571428571428571,0.619047619047619,"coupled","efa_d",215,424
20,6,120,1,2.1,24,21,255,0.400324503550536,0.302141073407122,0.958333333333333,0.731884057971015,0.75,0.753623188405797,0.666666666666667,0.619047619047619,"coupled","efa_d",215,424
20,6,120,1,2.3,24,21,255,0.376098839538905,0.313252730529969,0.958333333333333,0.702898550724638,0.791666666666667,0.739130434782609,0.666666666666667,0.619047619047619,"coupled","efa_d",215,424
20,6,120,1,2.5,24,21,255,0.368793870092243,0.328629139286801,1,0.66304347826087,0.916666666666667,0.670289855072464,0.761904761904762,0.761904761904762,"coupled","efa_d",215,424
20,6,120,1,2.7,24,21,255,0.348911350395459,0.301412216471354,1,0.634057971014493,0.916666666666667,0.630434782608696,0.761904761904762,0.761904761904762,"coupled","efa_d",215,424
20,6,120,1,2.9,24,21,255,0.323819911429738,0.268083231602425,1,0.594202898550725,0.916666666666667,0.576086956521739,0.80952380952381,0.761904761904762,"coupled","efa_d",215,424
30,6,180,1,0.1,21,24,255,0.487844248107856,0.372482917263746,0.333333333333333,0.992831541218638,0.19047619047619,0.996415770609319,0.0416666666666667,0.0416666666666667,"coupled","efa_d",484,1010
30,6,180,1,0.3,21,24,255,0.458512369387107,0.476846143238327,0.333333333333333,0.989247311827957,0.285714285714286,0.996415770609319,0.0833333333333333,0.0416666666666667,"coupled","efa_d",484,1010
30,6,180,1,0.5,21,24,255,0.434810059840074,0.5644289024419,0.380952380952381,0.978494623655914,0.380952380952381,0.996415770609319,0.208333333333333,0.0416666666666667,"coupled","efa_d",484,1010
30,6,180,1,0.7,21,24,255,0.416606700619267,0.544017408835629,0.380952380952381,0.974910394265233,0.428571428571429,0.989247311827957,0.25,0.0833333333333333,"coupled","efa_d",484,1010
30,6,180,1,0.9,21,24,255,0.400017307775526,0.496748814803048,0.380952380952381,0.971326164874552,0.428571428571429,0.982078853046595,0.25,0.0833333333333333,"coupled","efa_d",484,1010
30,6,180,1,1.1,21,24,255,0.465048922815152,0.441309077895755,0.476190476190476,0.967741935483871,0.428571428571429,0.971326164874552,0.25,0.125,"coupled","efa_d",484,1010
30,6,180,1,1.3,21,24,255,0.423980741817889,0.400656940296672,0.476190476190476,0.956989247311828,0.476190476190476,0.949820788530466,0.333333333333333,0.208333333333333,"coupled","efa_d",484,1010
30,6,180,1,1.5,21,24,255,0.426275361647324,0.440779126219777,0.523809523809524,0.946236559139785,0.571428571428571,0.939068100358423,0.333333333333333,0.291666666666667,"coupled","efa_d",484,1010
30,6,180,1,1.7,21,24,255,0.396568581965035,0.4213253347831,0.523809523809524,0.935483870967742,0.619047619047619,0.917562724014337,0.375,0.375,"coupled","efa_d",484,1010
30,6,180,1,1.9,21,24,255,0.446349045411987,0.385280599204956,0.619047619047619,0.92831541218638,0.619047619047619,0.899641577060932,0.375,0.375,"coupled","efa_d",484,1010
30,6,180,1,2.1,21,24,255,0.47665210056448,0.384937114931641,0.714285714285714,0.913978494623656,0.666666666666667,0.881720430107527,0.375,0.416666666666667,"coupled","efa_d",484,1010
30,6,180,1,2.3,21,24,255,0.46338778913679,0.405030299690383,0.761904761904762,0.89247311827957,0.761904761904762,0.85663082437276,0.416666666666667,0.458333333333333,"coupled","efa_d",484,1010
30,6,180,1,2.5,21,24,255,0.426579974793136,0.408468798704945,0.761904761904762,0.870967741935484,0.80952380952381,0.838709677419355,0.458333333333333,0.5,"coupled","efa_d",484,1010
30,6,180,1,2.7,21,24,255,0.39995575335231,0.381937652726823,0.761904761904762,0.853046594982079,0.80952380952381,0.817204301075269,0.458333333333333,0.541666666666667,"coupled","efa_d",484,1010
30,6,180,1,2.9,21,24,255,0.373750633984241,0.350850050345941,0.80952380952381,0.810035842293907,0.80952380952381,0.788530465949821,0.541666666666667,0.583333333333333,"coupled","efa_d",484,1010
4,10,40,1,0.1,23,22,255,0.196278531780871,0.132829693996566,0.304347826086957,0.916967509025271,0.347826086956522,0.84115523465704,0.136363636363636,0.181818181818182,"weighted","efa_d",780,256
4,10,40,1,0.3,23,22,255,0.176177123465231,0.14021930945607,0.434782608695652,0.826714801444043,0.434782608695652,0.787003610108303,0.181818181818182,0.272727272727273,"weighted","efa_d",780,256
4,10,40,1,0.5,23,22,255,0.169058829651352,0.152452098546642,0.521739130434783,0.75812274368231,0.521739130434783,0.736462093862816,0.272727272727273,0.272727272727273,"weighted","efa_d",780,256
4,10,40,1,0.7,23,22,255,0.11985400056536,0.158653595313234,0.521739130434783,0.689530685920578,0.608695652173913,0.675090252707581,0.318181818181818,0.272727272727273,"weighted","efa_d",780,256
4,10,40,1,0.9,23,22,255,0.0841445814419186,0.161578245345525,0.521739130434783,0.631768953068592,0.652173913043478,0.642599277978339,0.409090909090909,0.318181818181818,"weighted","efa_d",780,256
4,10,40,1,1.1,23,22,255,0.0746862780512092,0.115095655483068,0.565217391304348,0.574007220216607,0.652173913043478,0.563176895306859,0.454545454545455,0.5,"weighted","efa_d",780,256
4,10,40,1,1.3,23,22,255,0.168666228392264,0.0975263638115699,0.782608695652174,0.534296028880866,0.695652173913043,0.487364620938628,0.545454545454545,0.636363636363636,"weighted","efa_d",780,256
4,10,40,1,1.5,23,22,255,0.204942426993223,0.123746635801236,0.91304347826087,0.469314079422383,0.782608695652174,0.447653429602888,0.636363636363636,0.681818181818182,"weighted","efa_d",780,256
4,10,40,1,1.7,23,22,255,0.204718597613659,0.112844913897461,0.956521739130435,0.418772563176895,0.782608695652174,0.425992779783394,0.681818181818182,0.772727272727273,"weighted","efa_d",780,256
4,10,40,1,1.9,23,22,255,0.186788485466118,0.118802805189341,0.956521739130435,0.379061371841155,0.826086956521739,0.389891696750903,0.772727272727273,0.772727272727273,"weighted","efa_d",780,256
4,10,40,1,2.1,23,22,255,0.169226673989063,0.157249581195418,0.956521739130435,0.339350180505415,0.91304347826087,0.368231046931408,0.818181818181818,0.772727272727273,"weighted","efa_d",780,256
4,10,40,1,2.3,23,22,255,0.137432412768305,0.158133612526996,0.956521739130435,0.267148014440433,0.956521739130435,0.314079422382672,0.909090909090909,0.818181818181818,"weighted","efa_d",780,256
4,10,40,1,2.5,23,22,255,0.122790166789362,0.176726921724038,0.956521739130435,0.234657039711191,1,0.296028880866426,0.954545454545455,0.818181818181818,"weighted","efa_d",780,256
4,10,40,1,2.7,23,22,255,0.102395923398553,0.163407706658522,0.956521739130435,0.191335740072202,1,0.263537906137184,0.954545454545455,0.818181818181818,"weighted","efa_d",780,256
4,10,40,1,2.9,23,22,255,0.0859621342326103,0.150057607897974,0.956521739130435,0.15884476534296,1,0.231046931407942,0.954545454545455,0.863636363636364,"weighted","efa_d",780,256
8,10,80,1,0.1,23,22,255,0.143236001365198,0.372103206263525,0.434782608695652,0.790613718411552,0.478260869565217,0.935018050541516,0.409090909090909,0.272727272727273,"coupled","efa_d",95,536
8,10,80,1,0.3,23,22,255,0.180832122063559,0.335652345224754,0.521739130434783,0.772563176895307,0.521739130434783,0.902527075812274,0.5,0.409090909090909,"coupled","efa_d",95,536
8,10,80,1,0.5,23,22,255,0.196835757688302,0.335076890580175,0.608695652173913,0.729241877256318,0.565217391304348,0.884476534296029,0.590909090909091,0.409090909090909,"coupled","efa_d",95,536
8,10,80,1,0.7,23,22,255,0.205191851629955,0.31676698873881,0.652173913043478,0.707581227436823,0.608695652173913,0.851985559566787,0.681818181818182,0.5,"coupled","efa_d",95,536
8,10,80,1,0.9,23,22,255,0.256227205579377,0.361111968341128,0.782608695652174,0.67870036101083,0.739130434782609,0.823104693140794,0.727272727272727,0.5,"coupled","efa_d",95,536
8,10,80,1,1.1,23,22,255,0.225047010790793,0.329192166816931,0.782608695652174,0.631768953068592,0.739130434782609,0.794223826714801,0.772727272727273,0.545454545454545,"coupled","efa_d",95,536
8,10,80,1,1.3,23,22,255,0.200987762917967,0.316024017908562,0.782608695652174,0.592057761732852,0.782608695652174,0.754512635379061,0.772727272727273,0.636363636363636,"coupled","efa_d",95,536
8,10,80,1,1.5,23,22,255,0.230687915666555,0.345544218452399,0.869565217391304,0.563176895306859,0.869565217391304,0.732851985559567,0.818181818181818,0.681818181818182,"coupled","efa_d",95,536
8,10,80,1,1.7,23,22,255,0.249765957845277,0.34857816667324,0.91304347826087,0.555956678700361,0.91304347826087,0.707581227436823,0.818181818181818,0.681818181818182,"coupled","efa_d",95,536
8,10,80,1,1.9,23,22,255,0.232323319048483,0.311461328136858,0.91304347826087,0.523465703971119,0.91304347826087,0.657039711191336,0.863636363636364,0.727272727272727,"coupled","efa_d",95,536
8,10,80,1,2.1,23,22,255,0.219317597411166,0.297049743439058,0.91304347826087,0.498194945848375,0.91304347826087,0.635379061371841,0.863636363636364,0.772727272727273,"coupled","efa_d",95,536
8,10,80,1,2.3,23,22,255,0.228437285629008,0.281150332055568,0.956521739130435,0.469314079422383,0.91304347826087,0.610108303249097,0.863636363636364,0.772727272727273,"coupled","efa_d",95,536
8,10,80,1,2.5,23,22,255,0.221532937568093,0.247782736496989,0.956521739130435,0.454873646209386,0.91304347826087,0.552346570397112,0.863636363636364,0.818181818181818,"coupled","efa_d",95,536
8,10,80,1,2.7,23,22,255,0.194878979932272,0.248081642422913,0.956521739130435,0.397111913357401,0.956521739130435,0.509025270758123,0.863636363636364,0.818181818181818,"coupled","efa_d",95,536
8,10,80,1,2.9,23,22,255,0.183574845904472,0.231933692313575,0.956521739130435,0.371841155234657,0.956521739130435,0.476534296028881,0.863636363636364,0.818181818181818,"coupled","efa_d",95,536
12,10,120,1,0.1,22,23,255,0.408596424811967,0.467354506556448,0.545454545454545,0.931654676258993,0.454545454545455,0.971223021582734,0.304347826086957,0.173913043478261,"coupled","efa_d",215,923
12,10,120,1,0.3,22,23,255,0.504485646720684,0.451848181879536,0.681818181818182,0.931654676258993,0.454545454545455,0.967625899280576,0.304347826086957,0.173913043478261,"coupled","efa_d",215,923
12,10,120,1,0.5,22,23,255,0.555571158552532,0.509483322432963,0.772727272727273,0.928057553956835,0.545454545454545,0.964028776978417,0.304347826086957,0.217391304347826,"coupled","efa_d",215,923
12,10,120,1,0.7,22,23,255,0.505279832515902,0.427235833845345,0.772727272727273,0.906474820143885,0.545454545454545,0.938848920863309,0.304347826086957,0.347826086956522,"coupled","efa_d",215,923
12,10,120,1,0.9,22,23,255,0.49179001937045,0.415579044325978,0.818181818181818,0.884892086330935,0.590909090909091,0.920863309352518,0.391304347826087,0.434782608695652,"coupled","efa_d",215,923
12,10,120,1,1.1,22,23,255,0.461546963033647,0.43926770348524,0.818181818181818,0.866906474820144,0.681818181818182,0.902877697841727,0.391304347826087,0.521739130434783,"coupled","efa_d",215,923
12,10,120,1,1.3,22,23,255,0.450458716187498,0.418983606749214,0.818181818181818,0.859712230215827,0.681818181818182,0.892086330935252,0.434782608695652,0.521739130434783,"coupled","efa_d",215,923
12,10,120,1,1.5,22,23,255,0.472815659978832,0.390303261733874,0.909090909090909,0.838129496402878,0.727272727272727,0.856115107913669,0.478260869565217,0.521739130434783,"coupled","efa_d",215,923
12,10,120,1,1.7,22,23,255,0.432291140898692,0.375532800757132,0.909090909090909,0.805755395683453,0.727272727272727,0.845323741007194,0.565217391304348,0.521739130434783,"coupled","efa_d",215,923
12,10,120,1,1.9,22,23,255,0.433758423064389,0.362795012360674,0.954545454545455,0.784172661870504,0.772727272727273,0.81294964028777,0.608695652173913,0.652173913043478,"coupled","efa_d",215,923
12,10,120,1,2.1,22,23,255,0.436631975483231,0.347068184178886,1,0.762589928057554,0.772727272727273,0.798561151079137,0.739130434782609,0.652173913043478,"coupled","efa_d",215,923
12,10,120,1,2.3,22,23,255,0.416445933674792,0.321926252855807,1,0.741007194244604,0.772727272727273,0.773381294964029,0.739130434782609,0.695652173913043,"coupled","efa_d",215,923
12,10,120,1,2.5,22,23,255,0.400838449789608,0.293181262965647,1,0.723021582733813,0.772727272727273,0.741007194244604,0.826086956521739,0.695652173913043,"coupled","efa_d",215,923
12,10,120,1,2.7,22,23,255,0.383364239038927,0.281328368958434,1,0.701438848920863,0.818181818181818,0.694244604316547,0.826086956521739,0.695652173913043,"coupled","efa_d",215,923
12,10,120,1,2.9,22,23,255,0.367077998589421,0.282717120624627,1,0.679856115107914,0.863636363636364,0.661870503597122,0.826086956521739,0.739130434782609,"coupled","efa_d",215,923
20,10,200,1,0.1,24,21,255,0.601046132160402,0.601046132160402,0.458333333333333,0.992753623188406,0.458333333333333,0.992753623188406,0.0952380952380952,0.0952380952380952,"coupled","efa_d",597,1410
20,10,200,1,0.3,24,21,255,0.665234923300209,0.649815289319979,0.541666666666667,0.992753623188406,0.583333333333333,0.985507246376812,0.0952380952380952,0.0952380952380952,"coupled","efa_d",597,1410
20,10,200,1,0.5,24,21,255,0.680018964559847,0.660042465225247,0.625,0.985507246376812,0.625,0.981884057971015,0.142857142857143,0.142857142857143,"coupled","efa_d",597,1410
20,10,200,1,0.7,24,21,255,0.680018964559847,0.641436351532653,0.625,0.985507246376812,0.625,0.978260869565217,0.142857142857143,0.19047619047619,"coupled","efa_d",597,1410
20,10,200,1,0.9,24,21,255,0.660042465225247,0.607733504216638,0.625,0.981884057971015,0.625,0.971014492753623,0.142857142857143,0.238095238095238,"coupled","efa_d",597,1410
20,10,200,1,1.1,24,21,255,0.695251926334052,0.607733504216638,0.75,0.971014492753623,0.625,0.971014492753623,0.19047619047619,0.238095238095238,"coupled","efa_d",597,1410
20,10,200,1,1.3,24,21,255,0.723002791990315,0.581187224306203,0.791666666666667,0.971014492753623,0.666666666666667,0.956521739130435,0.19047619047619,0.285714285714286,"coupled","efa_d",597,1410
20,10,200,1,1.5,24,21,255,0.720827341201719,0.534955892218301,0.833333333333333,0.963768115942029,0.666666666666667,0.942028985507246,0.19047619047619,0.380952380952381,"coupled","efa_d",597,1410
20,10,200,1,1.7,24,21,255,0.708527983328417,0.553489037304693,0.875,0.952898550724638,0.708333333333333,0.938405797101449,0.238095238095238,0.380952380952381,"coupled","efa_d",597,1410
20,10,200,1,1.9,24,21,255,0.674091560300529,0.507105127393792,0.875,0.942028985507246,0.708333333333333,0.920289855072464,0.238095238095238,0.476190476190476,"coupled","efa_d",597,1410
20,10,200,1,2.1,24,21,255,0.633844899553848,0.508088546544315,0.875,0.927536231884058,0.791666666666667,0.894927536231884,0.333333333333333,0.523809523809524,"coupled","efa_d",597,1410
20,10,200,1,2.3,24,21,255,0.633144106578423,0.507727743005076,0.916666666666667,0.916666666666667,0.833333333333333,0.880434782608696,0.380952380952381,0.523809523809524,"coupled","efa_d",597,1410
20,10,200,1,2.5,24,21,255,0.616561975192244,0.520933406874352,0.916666666666667,0.909420289855073,0.875,0.873188405797101,0.380952380952381,0.523809523809524,"coupled","efa_d",597,1410
20,10,200,1,2.7,24,21,255,0.597411435167559,0.514899347413156,0.958333333333333,0.88768115942029,0.875,0.869565217391304,0.523809523809524,0.571428571428571,"coupled","efa_d",597,1410
20,10,200,1,2.9,24,21,255,0.584000405285291,0.481448160950128,0.958333333333333,0.880434782608696,0.875,0.847826086956522,0.523809523809524,0.619047619047619,"coupled","efa_d",597,1410
30,10,300,1,0.1,20,25,255,0.439072040284697,0.578334669340419,0.25,0.996428571428571,0.35,1,0,0,"coupled","efa_d",1346,2171
30,10,300,1,0.3,20,25,255,0.439072040284697,0.578334669340419,0.25,0.996428571428571,0.35,1,0,0,"coupled","efa_d",1346,2171
30,10,300,1,0.5,20,25,255,0.489814056686273,0.587776750230277,0.3,0.996428571428571,0.45,0.992857142857143,0,0.08,"coupled","efa_d",1346,2171
30,10,300,1,0.7,20,25,255,0.489814056686273,0.627376434428478,0.3,0.996428571428571,0.5,0.992857142857143,0,0.08,"coupled","efa_d",1346,2171
30,10,300,1,0.9,20,25,255,0.579683864209739,0.674453273433462,0.4,0.996428571428571,0.6,0.989285714285714,0,0.08,"coupled","efa_d",1346,2171
30,10,300,1,1.1,20,25,255,0.620364583731831,0.65022051668794,0.45,0.996428571428571,0.6,0.985714285714286,0,0.12,"coupled","efa_d",1346,2171
30,10,300,1,1.3,20,25,255,0.658878776467811,0.72023861857015,0.5,0.996428571428571,0.7,0.985714285714286,0,0.12,"coupled","efa_d",1346,2171
30,10,300,1,1.5,20,25,255,0.695569525127226,0.698617385295302,0.55,0.996428571428571,0.7,0.982142857142857,0,0.16,"coupled","efa_d",1346,2171
30,10,300,1,1.7,20,25,255,0.695569525127226,0.678571428571429,0.55,0.996428571428571,0.7,0.978571428571429,0,0.2,"coupled","efa_d",1346,2171
30,10,300,1,1.9,20,25,255,0.695569525127226,0.678571428571429,0.55,0.996428571428571,0.7,0.978571428571429,0,0.2,"coupled","efa_d",1346,2171
30,10,300,1,2.1,20,25,255,0.764482454814457,0.678571428571429,0.65,0.996428571428571,0.7,0.978571428571429,0,0.2,"coupled","efa_d",1346,2171
30,10,300,1,2.3,20,25,255,0.797081141330456,0.626143369708215,0.7,0.996428571428571,0.7,0.967857142857143,0,0.28,"coupled","efa_d",1346,2171
30,10,300,1,2.5,20,25,255,0.764659956897056,0.626143369708215,0.8,0.982142857142857,0.7,0.967857142857143,0.16,0.28,"coupled","efa_d",1346,2171
30,10,300,1,2.7,20,25,255,0.74135712690335,0.644658371220304,0.85,0.971428571428571,0.75,0.964285714285714,0.24,0.32,"coupled","efa_d",1346,2171
30,10,300,1,2.9,20,25,255,0.74135712690335,0.616364996148578,0.85,0.971428571428571,0.75,0.957142857142857,0.24,0.32,"coupled","efa_d",1346,2171
4,3,12,2,0.1,23,22,255,0.0354357142528323,0.118513835819704,0.391304347826087,0.671480144404332,0.608695652173913,0.610108303249097,0.681818181818182,0.590909090909091,"weighted","efa_d",66,21
4,3,12,2,0.3,23,22,255,0.0395955899329505,0.116608165786793,0.521739130434783,0.552346570397112,0.695652173913043,0.523465703971119,0.727272727272727,0.636363636363636,"weighted","efa_d",66,21
4,3,12,2,0.5,23,22,255,0.0965946367506053,0.0781386125569063,0.739130434782609,0.44043321299639,0.739130434782609,0.404332129963899,0.818181818181818,0.818181818181818,"weighted","efa_d",66,21
4,3,12,2,0.7,23,22,255,0.0404262379321496,0.0384804003271289,0.739130434782609,0.332129963898917,0.739130434782609,0.328519855595668,0.863636363636364,0.909090909090909,"weighted","efa_d",66,21
4,3,12,2,0.9,23,22,255,0.0486328627846084,0.0259100167786134,0.826086956521739,0.252707581227437,0.782608695652174,0.259927797833935,0.909090909090909,0.954545454545455,"weighted","efa_d",66,21
4,3,12,2,1.1,23,22,255,0.0280143918884604,0.0458948809027071,0.869565217391304,0.169675090252708,0.869565217391304,0.1985559566787,0.954545454545455,1,"weighted","efa_d",66,21
4,3,12,2,1.3,23,22,255,0.0239765840214115,0.0840484812539517,0.91304347826087,0.115523465703971,0.956521739130435,0.155234657039711,1,1,"weighted","efa_d",66,21
4,3,12,2,1.5,23,22,255,-0.0431186366874125,0.0656947427630363,0.91304347826087,0.0505415162454874,0.956521739130435,0.122743682310469,1,1,"weighted","efa_d",66,21
4,3,12,2,1.7,23,22,255,-0.0227672930071059,0.0442334186840417,0.956521739130435,0.0288808664259928,0.956521739130435,0.0902527075812274,1,1,"weighted","efa_d",66,21
4,3,12,2,1.9,23,22,255,-0.0969548023453825,0.0267868821265546,0.956521739130435,0.0072202166064982,0.956521739130435,0.0685920577617329,1,1,"weighted","efa_d",66,21
4,3,12,2,2.1,23,22,255,0.0166643523339933,0.0683950788834818,1,0.0036101083032491,1,0.0577617328519856,1,1,"weighted","efa_d",66,21
4,3,12,2,2.3,23,22,255,0,0.0562174904355579,1,0,1,0.0397111913357401,1,1,"weighted","efa_d",66,21
4,3,12,2,2.5,23,22,255,0,0.0535087781953221,1,0,1,0.036101083032491,1,1,"weighted","efa_d",66,21
4,3,12,2,2.7,23,22,255,0,0.0506755876609777,1,0,1,0.0324909747292419,1,1,"weighted","efa_d",66,21
4,3,12,2,2.9,23,22,255,0,0.0445388750248001,1,0,1,0.0252707581227437,1,1,"weighted","efa_d",66,21
8,3,24,2,0.1,25,20,255,0.00451022782660763,0.0613832572096161,0.28,0.727272727272727,0.44,0.665454545454545,0.35,0.4,"weighted","efa_d",276,91
8,3,24,2,0.3,25,20,255,0.0294359390836198,0.109960706249747,0.4,0.650909090909091,0.6,0.596363636363636,0.35,0.4,"weighted","efa_d",276,91
8,3,24,2,0.5,25,20,255,0.0322329185610152,0.114597232678489,0.52,0.538181818181818,0.68,0.527272727272727,0.45,0.5,"weighted","efa_d",276,91
8,3,24,2,0.7,25,20,255,0.0182706187988829,0.119557456987139,0.6,0.432727272727273,0.76,0.454545454545455,0.5,0.55,"weighted","efa_d",276,91
8,3,24,2,0.9,25,20,255,0.044249767886871,0.0869649096392685,0.72,0.356363636363636,0.76,0.392727272727273,0.6,0.55,"weighted","efa_d",276,91
8,3,24,2,1.1,25,20,255,0.0537215309350254,0.0496927189883736,0.8,0.287272727272727,0.76,0.323636363636364,0.7,0.7,"weighted","efa_d",276,91
8,3,24,2,1.3,25,20,255,0.0707474915343226,0.0981211050232458,0.88,0.225454545454545,0.88,0.276363636363636,0.75,0.8,"weighted","efa_d",276,91
8,3,24,2,1.5,25,20,255,0.0447987779680097,0.0645346088519044,0.88,0.181818181818182,0.88,0.214545454545455,0.8,0.85,"weighted","efa_d",276,91
8,3,24,2,1.7,25,20,255,0.0473049916791266,0.042481136589518,0.92,0.138181818181818,0.88,0.178181818181818,0.85,0.85,"weighted","efa_d",276,91
8,3,24,2,1.9,25,20,255,0.0526782951034178,0.0544949764098676,0.96,0.0945454545454545,0.92,0.149090909090909,0.95,0.9,"weighted","efa_d",276,91
8,3,24,2,2.1,25,20,255,0.0354514838676833,0.0317046804699353,0.96,0.0727272727272727,0.92,0.116363636363636,0.95,0.95,"weighted","efa_d",276,91
8,3,24,2,2.3,25,20,255,0.0138342892773215,0.0444554224474387,0.96,0.0509090909090909,0.96,0.0836363636363636,1,0.95,"weighted","efa_d",276,91
8,3,24,2,2.5,25,20,255,-0.0176749080410067,0.0415520581480211,0.96,0.0290909090909091,0.96,0.08,1,0.95,"weighted","efa_d",276,91
8,3,24,2,2.7,25,20,255,-0.0249532564252975,0.0322329185610152,0.96,0.0254545454545455,0.96,0.0690909090909091,1,0.95,"weighted","efa_d",276,91
8,3,24,2,2.9,25,20,255,-0.0549548070385202,0.0253918358059513,0.96,0.0145454545454545,0.96,0.0618181818181818,1,0.95,"weighted","efa_d",276,91
12,3,36,2,0.1,21,24,255,0.0997029418189016,0.157531258952035,0.238095238095238,0.888888888888889,0.476190476190476,0.78494623655914,0.125,0.291666666666667,"weighted","efa_d",630,103
12,3,36,2,0.3,21,24,255,0.161506797272374,0.143874138511132,0.380952380952381,0.853046594982079,0.523809523809524,0.731182795698925,0.166666666666667,0.416666666666667,"weighted","efa_d",630,103
12,3,36,2,0.5,21,24,255,0.194713313154851,0.136291634494645,0.523809523809524,0.795698924731183,0.571428571428571,0.681003584229391,0.25,0.541666666666667,"weighted","efa_d",630,103
12,3,36,2,0.7,21,24,255,0.124489934397779,0.126768441100014,0.523809523809524,0.702508960573477,0.619047619047619,0.623655913978495,0.333333333333333,0.625,"weighted","efa_d",630,103
12,3,36,2,0.9,21,24,255,0.108674190919924,0.121407366311786,0.619047619047619,0.591397849462366,0.666666666666667,0.56989247311828,0.583333333333333,0.708333333333333,"weighted","efa_d",630,103
12,3,36,2,1.1,21,24,255,0.108494507376239,0.0914505435281224,0.714285714285714,0.498207885304659,0.666666666666667,0.512544802867383,0.625,0.75,"weighted","efa_d",630,103
12,3,36,2,1.3,21,24,255,0.122453511120805,0.0517721700278958,0.80952380952381,0.426523297491039,0.666666666666667,0.433691756272401,0.666666666666667,0.75,"weighted","efa_d",630,103
12,3,36,2,1.5,21,24,255,0.11251662320349,0.0767078675687589,0.857142857142857,0.351254480286738,0.761904761904762,0.383512544802867,0.75,0.791666666666667,"weighted","efa_d",630,103
12,3,36,2,1.7,21,24,255,0.0768115483799806,0.0463398599331468,0.857142857142857,0.275985663082437,0.761904761904762,0.32258064516129,0.75,0.916666666666667,"weighted","efa_d",630,103
12,3,36,2,1.9,21,24,255,0.0432344542073164,0.0294681970444486,0.857142857142857,0.211469534050179,0.761904761904762,0.290322580645161,0.833333333333333,0.958333333333333,"weighted","efa_d",630,103
12,3,36,2,2.1,21,24,255,0.000372828167503619,0.0337954416130652,0.857142857142857,0.14336917562724,0.80952380952381,0.247311827956989,0.958333333333333,0.958333333333333,"weighted","efa_d",630,103
12,3,36,2,2.3,21,24,255,-0.0428842279270997,0.00198490203197882,0.857142857142857,0.0931899641577061,0.80952380952381,0.193548387096774,1,0.958333333333333,"weighted","efa_d",630,103
12,3,36,2,2.5,21,24,255,-0.063565764566299,0.0691775761616549,0.857142857142857,0.0752688172043011,0.952380952380952,0.139784946236559,1,0.958333333333333,"weighted","efa_d",630,103
12,3,36,2,2.7,21,24,255,-0.102275215235764,0.0455368605823842,0.857142857142857,0.0501792114695341,0.952380952380952,0.100358422939068,1,0.958333333333333,"weighted","efa_d",630,103
12,3,36,2,2.9,21,24,255,-0.0773358081187903,0.0380768841558612,0.904761904761905,0.03584229390681,0.952380952380952,0.0896057347670251,1,0.958333333333333,"weighted","efa_d",630,103
20,3,60,2,0.1,22,23,255,0.160858106620279,0.187171790011809,0.181818181818182,0.956834532374101,0.318181818181818,0.906474820143885,0.130434782608696,0.304347826086957,"weighted","efa_d",1770,190
20,3,60,2,0.3,22,23,255,0.140589304495577,0.181308481639881,0.227272727272727,0.924460431654676,0.363636363636364,0.877697841726619,0.217391304347826,0.391304347826087,"weighted","efa_d",1770,190
20,3,60,2,0.5,22,23,255,0.152971111619446,0.153693171035307,0.318181818181818,0.881294964028777,0.409090909090909,0.823741007194245,0.304347826086957,0.478260869565217,"weighted","efa_d",1770,190
20,3,60,2,0.7,22,23,255,0.115082363089702,0.159547446139522,0.363636363636364,0.81294964028777,0.5,0.766187050359712,0.434782608695652,0.478260869565217,"weighted","efa_d",1770,190
20,3,60,2,0.9,22,23,255,0.0881341815788201,0.158498085105445,0.409090909090909,0.741007194244604,0.590909090909091,0.694244604316547,0.434782608695652,0.608695652173913,"weighted","efa_d",1770,190
20,3,60,2,1.1,22,23,255,0.126584141188868,0.146402316449962,0.545454545454545,0.683453237410072,0.636363636363636,0.636690647482014,0.434782608695652,0.695652173913043,"weighted","efa_d",1770,190
20,3,60,2,1.3,22,23,255,0.0954105669563368,0.13306123050909,0.590909090909091,0.589928057553957,0.681818181818182,0.571942446043165,0.565217391304348,0.739130434782609,"weighted","efa_d",1770,190
20,3,60,2,1.5,22,23,255,0.0417938607566047,0.138637133711102,0.590909090909091,0.489208633093525,0.772727272727273,0.492805755395683,0.608695652173913,0.782608695652174,"weighted","efa_d",1770,190
20,3,60,2,1.7,22,23,255,0.0246430628792933,0.151387017980384,0.636363636363636,0.410071942446043,0.863636363636364,0.420863309352518,0.782608695652174,0.826086956521739,"weighted","efa_d",1770,190
20,3,60,2,1.9,22,23,255,-0.0160545833368214,0.107327636922365,0.636363636363636,0.334532374100719,0.863636363636364,0.327338129496403,0.91304347826087,0.826086956521739,"weighted","efa_d",1770,190
20,3,60,2,2.1,22,23,255,-0.0350320175437479,0.116812096538441,0.681818181818182,0.258992805755396,0.909090909090909,0.29136690647482,0.956521739130435,0.826086956521739,"weighted","efa_d",1770,190
20,3,60,2,2.3,22,23,255,-0.0119296215145734,0.0964704752744333,0.772727272727273,0.20863309352518,0.909090909090909,0.248201438848921,0.956521739130435,0.91304347826087,"weighted","efa_d",1770,190
20,3,60,2,2.5,22,23,255,-0.0194654819113452,0.0691344342533096,0.818181818181818,0.154676258992806,0.909090909090909,0.194244604316547,0.956521739130435,0.956521739130435,"weighted","efa_d",1770,190
20,3,60,2,2.7,22,23,255,-0.0607749233256261,0.0397994227989983,0.818181818181818,0.107913669064748,0.909090909090909,0.143884892086331,0.956521739130435,1,"weighted","efa_d",1770,190
20,3,60,2,2.9,22,23,255,-0.0584452256354542,0.0143600917509809,0.863636363636364,0.0755395683453237,0.909090909090909,0.107913669064748,0.956521739130435,1,"weighted","efa_d",1770,190
30,3,90,2,0.1,24,21,255,0.352121027956072,0.216730361715753,0.5,0.916666666666667,0.25,0.949275362318841,0.238095238095238,0.142857142857143,"coupled","efa_d",121,194
30,3,90,2,0.3,24,21,255,0.340513168396454,0.222277112237194,0.583333333333333,0.876811594202899,0.291666666666667,0.934782608695652,0.333333333333333,0.285714285714286,"coupled","efa_d",121,194
30,3,90,2,0.5,24,21,255,0.384313183682844,0.270310252950645,0.666666666666667,0.869565217391304,0.375,0.923913043478261,0.428571428571429,0.380952380952381,"coupled","efa_d",121,194
30,3,90,2,0.7,24,21,255,0.389619700840612,0.330998982332739,0.708333333333333,0.855072463768116,0.5,0.905797101449275,0.428571428571429,0.476190476190476,"coupled","efa_d",121,194
30,3,90,2,0.9,24,21,255,0.422765091271286,0.370274855880289,0.833333333333333,0.822463768115942,0.583333333333333,0.894927536231884,0.428571428571429,0.476190476190476,"coupled","efa_d",121,194
30,3,90,2,1.1,24,21,255,0.441462194079983,0.394799410052475,0.916666666666667,0.797101449275362,0.708333333333333,0.858695652173913,0.523809523809524,0.523809523809524,"coupled","efa_d",121,194
30,3,90,2,1.3,24,21,255,0.390100573155301,0.323365536756617,0.916666666666667,0.746376811594203,0.708333333333333,0.800724637681159,0.619047619047619,0.571428571428571,"coupled","efa_d",121,194
30,3,90,2,1.5,24,21,255,0.361920433146634,0.291146964016524,0.916666666666667,0.713768115942029,0.708333333333333,0.768115942028985,0.666666666666667,0.571428571428571,"coupled","efa_d",121,194
30,3,90,2,1.7,24,21,255,0.331246080587508,0.239976018697559,0.916666666666667,0.673913043478261,0.708333333333333,0.706521739130435,0.666666666666667,0.619047619047619,"coupled","efa_d",121,194
30,3,90,2,1.9,24,21,255,0.306162922023308,0.245238952049041,0.916666666666667,0.63768115942029,0.791666666666667,0.648550724637681,0.714285714285714,0.619047619047619,"coupled","efa_d",121,194
30,3,90,2,2.1,24,21,255,0.29272323450706,0.258416348233706,0.958333333333333,0.579710144927536,0.875,0.597826086956522,0.80952380952381,0.666666666666667,"coupled","efa_d",121,194
30,3,90,2,2.3,24,21,255,0.274266418768951,0.207627891919988,0.958333333333333,0.547101449275362,0.875,0.507246376811594,0.857142857142857,0.80952380952381,"coupled","efa_d",121,194
30,3,90,2,2.5,24,21,255,0.268533585088075,0.202920694272717,1,0.492753623188406,0.916666666666667,0.452898550724638,0.857142857142857,0.80952380952381,"coupled","efa_d",121,194
30,3,90,2,2.7,24,21,255,0.245819880017744,0.168265232084943,1,0.445652173913043,0.916666666666667,0.380434782608696,0.857142857142857,0.857142857142857,"coupled","efa_d",121,194
30,3,90,2,2.9,24,21,255,0.221162934232346,0.159765243851967,1,0.391304347826087,0.958333333333333,0.307971014492754,0.904761904761905,0.904761904761905,"coupled","efa_d",121,194
4,6,24,2,0.1,24,21,255,0.0892911376198232,0.122407742894965,0.333333333333333,0.800724637681159,0.458333333333333,0.742753623188406,0.285714285714286,0.333333333333333,"weighted","efa_d",276,97
4,6,24,2,0.3,24,21,255,0.119750867712504,0.0827864867995945,0.458333333333333,0.739130434782609,0.458333333333333,0.684782608695652,0.380952380952381,0.476190476190476,"weighted","efa_d",276,97
4,6,24,2,0.5,24,21,255,0.14425708913821,0.049700085879794,0.583333333333333,0.670289855072464,0.458333333333333,0.630434782608696,0.428571428571429,0.476190476190476,"weighted","efa_d",276,97
4,6,24,2,0.7,24,21,255,0.097585942992026,0.111974859840359,0.583333333333333,0.594202898550725,0.625,0.579710144927536,0.523809523809524,0.571428571428571,"weighted","efa_d",276,97
4,6,24,2,0.9,24,21,255,0.161379024999422,0.16227633034381,0.75,0.547101449275362,0.791666666666667,0.507246376811594,0.666666666666667,0.761904761904762,"weighted","efa_d",276,97
4,6,24,2,1.1,24,21,255,0.114761183228928,0.130173676715789,0.75,0.460144927536232,0.791666666666667,0.445652173913043,0.80952380952381,0.857142857142857,"weighted","efa_d",276,97
4,6,24,2,1.3,24,21,255,0.0931751250701086,0.133216220866146,0.791666666666667,0.373188405797101,0.833333333333333,0.405797101449275,0.857142857142857,0.904761904761905,"weighted","efa_d",276,97
4,6,24,2,1.5,24,21,255,0.0876679996705033,0.135594056775282,0.833333333333333,0.315217391304348,0.875,0.36231884057971,0.952380952380952,0.904761904761905,"weighted","efa_d",276,97
4,6,24,2,1.7,24,21,255,0.111731873349117,0.119729726559907,0.916666666666667,0.260869565217391,0.875,0.329710144927536,1,0.904761904761905,"weighted","efa_d",276,97
4,6,24,2,1.9,24,21,255,0.0917044116095481,0.123986539809318,0.916666666666667,0.221014492753623,0.916666666666667,0.286231884057971,1,0.952380952380952,"weighted","efa_d",276,97
4,6,24,2,2.1,24,21,255,0.0801789738064283,0.100953431733553,0.916666666666667,0.199275362318841,0.916666666666667,0.239130434782609,1,1,"weighted","efa_d",276,97
4,6,24,2,2.3,24,21,255,0.0594928221676726,0.0935771250603561,0.916666666666667,0.16304347826087,0.916666666666667,0.22463768115942,1,1,"weighted","efa_d",276,97
4,6,24,2,2.5,24,21,255,0.0688932446001011,0.109736577235033,0.958333333333333,0.123188405797101,0.958333333333333,0.199275362318841,1,1,"weighted","efa_d",276,97
4,6,24,2,2.7,24,21,255,0.0869565217391304,0.0989070710093681,1,0.0869565217391304,0.958333333333333,0.177536231884058,1,1,"weighted","efa_d",276,97
4,6,24,2,2.9,24,21,255,0.0829545138051608,0.0913903020527318,1,0.0797101449275362,0.958333333333333,0.16304347826087,1,1,"weighted","efa_d",276,97
8,6,48,2,0.1,24,21,255,0.116575344410256,0.168845660905127,0.208333333333333,0.916666666666667,0.375,0.855072463768116,0.19047619047619,0.238095238095238,"weighted","efa_d",1128,279
8,6,48,2,0.3,24,21,255,0.113214851796668,0.183279422677888,0.291666666666667,0.858695652173913,0.458333333333333,0.815217391304348,0.285714285714286,0.285714285714286,"weighted","efa_d",1128,279
8,6,48,2,0.5,24,21,255,0.0892911376198232,0.163168918732138,0.333333333333333,0.800724637681159,0.458333333333333,0.793478260869565,0.428571428571429,0.333333333333333,"weighted","efa_d",1128,279
8,6,48,2,0.7,24,21,255,0.0948384314321348,0.123638433021899,0.416666666666667,0.739130434782609,0.5,0.710144927536232,0.523809523809524,0.476190476190476,"weighted","efa_d",1128,279
8,6,48,2,0.9,24,21,255,0.0837924721966357,0.0927367001602779,0.5,0.648550724637681,0.5,0.66304347826087,0.619047619047619,0.523809523809524,"weighted","efa_d",1128,279
8,6,48,2,1.1,24,21,255,0.1263687459238,0.0913305348894909,0.666666666666667,0.565217391304348,0.583333333333333,0.583333333333333,0.666666666666667,0.571428571428571,"weighted","efa_d",1128,279
8,6,48,2,1.3,24,21,255,0.115045638191228,0.0550560092676889,0.708333333333333,0.503623188405797,0.583333333333333,0.518115942028985,0.714285714285714,0.666666666666667,"weighted","efa_d",1128,279
8,6,48,2,1.5,24,21,255,0.0976792222507397,0.0691528793626824,0.708333333333333,0.471014492753623,0.666666666666667,0.460144927536232,0.714285714285714,0.666666666666667,"weighted","efa_d",1128,279
8,6,48,2,1.7,24,21,255,0.136830620020647,0.0381761310339923,0.833333333333333,0.41304347826087,0.666666666666667,0.402173913043478,0.761904761904762,0.80952380952381,"weighted","efa_d",1128,279
8,6,48,2,1.9,24,21,255,0.104257207028537,0.083840599990823,0.833333333333333,0.347826086956522,0.791666666666667,0.355072463768116,0.80952380952381,0.80952380952381,"weighted","efa_d",1128,279
8,6,48,2,2.1,24,21,255,0.105423324174427,0.0913887818249013,0.875,0.300724637681159,0.833333333333333,0.322463768115942,0.80952380952381,0.80952380952381,"weighted","efa_d",1128,279
8,6,48,2,2.3,24,21,255,0.079402925395753,0.0627458956052767,0.875,0.25,0.833333333333333,0.268115942028986,0.857142857142857,0.857142857142857,"weighted","efa_d",1128,279
8,6,48,2,2.5,24,21,255,0.0656134938644558,0.0443786559898036,0.875,0.22463768115942,0.833333333333333,0.235507246376812,0.904761904761905,0.904761904761905,"weighted","efa_d",1128,279
8,6,48,2,2.7,24,21,255,0.0466695788240945,0.0552907335580864,0.875,0.192028985507246,0.875,0.206521739130435,0.904761904761905,0.952380952380952,"weighted","efa_d",1128,279
8,6,48,2,2.9,24,21,255,0.0329690236697894,0.068036140009568,0.875,0.170289855072464,0.916666666666667,0.177536231884058,0.904761904761905,0.952380952380952,"weighted","efa_d",1128,279
12,6,72,2,0.1,23,22,255,0.33502487345555,0.267478592176655,0.695652173913043,0.823104693140794,0.347826086956522,0.935018050541516,0.363636363636364,0.363636363636364,"coupled","efa_d",77,270
12,6,72,2,0.3,23,22,255,0.314756899112169,0.379188214443843,0.739130434782609,0.779783393501805,0.521739130434783,0.924187725631769,0.454545454545455,0.363636363636364,"coupled","efa_d",77,270
12,6,72,2,0.5,23,22,255,0.288318814702084,0.366096681220582,0.739130434782609,0.750902527075812,0.565217391304348,0.902527075812274,0.5,0.363636363636364,"coupled","efa_d",77,270
12,6,72,2,0.7,23,22,255,0.273171750934545,0.421024405148383,0.739130434782609,0.732851985559567,0.695652173913043,0.884476534296029,0.5,0.363636363636364,"coupled","efa_d",77,270
12,6,72,2,0.9,23,22,255,0.250721426217967,0.40509676908246,0.739130434782609,0.703971119133574,0.782608695652174,0.837545126353791,0.545454545454545,0.409090909090909,"coupled","efa_d",77,270
12,6,72,2,1.1,23,22,255,0.27724593257003,0.366098850963981,0.826086956521739,0.675090252707581,0.782608695652174,0.805054151624549,0.545454545454545,0.5,"coupled","efa_d",77,270
12,6,72,2,1.3,23,22,255,0.304158005508039,0.329278050338424,0.91304347826087,0.646209386281588,0.782608695652174,0.768953068592058,0.590909090909091,0.545454545454545,"coupled","efa_d",77,270
12,6,72,2,1.5,23,22,255,0.302028950811372,0.309718117714177,0.956521739130435,0.606498194945848,0.826086956521739,0.71841155234657,0.590909090909091,0.545454545454545,"coupled","efa_d",77,270
12,6,72,2,1.7,23,22,255,0.276845541200008,0.311197654457583,0.956521739130435,0.563176895306859,0.869565217391304,0.689530685920578,0.590909090909091,0.545454545454545,"coupled","efa_d",77,270
12,6,72,2,1.9,23,22,255,0.251772110117127,0.304158005508039,0.956521739130435,0.516245487364621,0.91304347826087,0.646209386281588,0.636363636363636,0.590909090909091,"coupled","efa_d",77,270
12,6,72,2,2.1,23,22,255,0.246889626339718,0.266095786583303,1,0.458483754512635,0.91304347826087,0.584837545126354,0.636363636363636,0.636363636363636,"coupled","efa_d",77,270
12,6,72,2,2.3,23,22,255,0.22399712899402,0.255503521506202,1,0.407942238267148,0.956521739130435,0.523465703971119,0.772727272727273,0.727272727272727,"coupled","efa_d",77,270
12,6,72,2,2.5,23,22,255,0.211446926751245,0.211375046607044,1,0.379061371841155,0.956521739130435,0.433212996389892,0.772727272727273,0.727272727272727,"coupled","efa_d",77,270
12,6,72,2,2.7,23,22,255,0.199187408653885,0.186788485466118,1,0.350180505415162,0.956521739130435,0.379061371841155,0.818181818181818,0.727272727272727,"coupled","efa_d",77,270
12,6,72,2,2.9,23,22,255,0.190139166846027,0.166054741043617,1,0.328519855595668,0.956521739130435,0.332129963898917,0.818181818181818,0.772727272727273,"coupled","efa_d",77,270
20,6,120,2,0.1,26,19,255,0.44034482383796,0.341767942707863,0.538461538461538,0.937956204379562,0.269230769230769,0.978102189781022,0.210526315789474,0.157894736842105,"coupled","efa_d",215,643
20,6,120,2,0.3,26,19,255,0.424929749125454,0.401434767157186,0.576923076923077,0.91970802919708,0.346153846153846,0.974452554744526,0.210526315789474,0.157894736842105,"coupled","efa_d",215,643
20,6,120,2,0.5,26,19,255,0.401973546715849,0.312008879442469,0.576923076923077,0.908759124087591,0.346153846153846,0.948905109489051,0.263157894736842,0.210526315789474,"coupled","efa_d",215,643
20,6,120,2,0.7,26,19,255,0.388748916218522,0.392510260235903,0.615384615384615,0.886861313868613,0.5,0.930656934306569,0.315789473684211,0.263157894736842,"coupled","efa_d",215,643
20,6,120,2,0.9,26,19,255,0.396784938829449,0.332267151331597,0.653846153846154,0.875912408759124,0.5,0.901459854014598,0.315789473684211,0.263157894736842,"coupled","efa_d",215,643
20,6,120,2,1.1,26,19,255,0.389214665884921,0.350322226550705,0.692307692307692,0.854014598540146,0.576923076923077,0.87956204379562,0.421052631578947,0.263157894736842,"coupled","efa_d",215,643
20,6,120,2,1.3,26,19,255,0.384407460492966,0.329212404957133,0.730769230769231,0.832116788321168,0.615384615384615,0.846715328467153,0.421052631578947,0.263157894736842,"coupled","efa_d",215,643
20,6,120,2,1.5,26,19,255,0.373423925913762,0.379819692537235,0.769230769230769,0.802919708029197,0.730769230769231,0.828467153284672,0.421052631578947,0.263157894736842,"coupled","efa_d",215,643
20,6,120,2,1.7,26,19,255,0.400053502171071,0.365397196860125,0.884615384615385,0.762773722627737,0.769230769230769,0.795620437956204,0.473684210526316,0.315789473684211,"coupled","efa_d",215,643
20,6,120,2,1.9,26,19,255,0.410505638549951,0.335644775882366,0.961538461538462,0.726277372262774,0.769230769230769,0.766423357664234,0.578947368421053,0.315789473684211,"coupled","efa_d",215,643
20,6,120,2,2.1,26,19,255,0.380261959766135,0.321985819613837,0.961538461538462,0.68978102189781,0.769230769230769,0.751824817518248,0.578947368421053,0.315789473684211,"coupled","efa_d",215,643
20,6,120,2,2.3,26,19,255,0.360960461319428,0.309973645435677,0.961538461538462,0.664233576642336,0.807692307692308,0.711678832116788,0.578947368421053,0.368421052631579,"coupled","efa_d",215,643
20,6,120,2,2.5,26,19,255,0.345437324876507,0.268863132345214,0.961538461538462,0.642335766423358,0.807692307692308,0.656934306569343,0.578947368421053,0.473684210526316,"coupled","efa_d",215,643
20,6,120,2,2.7,26,19,255,0.330730640560486,0.249781442443384,0.961538461538462,0.62043795620438,0.846153846153846,0.594890510948905,0.578947368421053,0.578947368421053,"coupled","efa_d",215,643
20,6,120,2,2.9,26,19,255,0.312219246030345,0.227884179567298,0.961538461538462,0.591240875912409,0.846153846153846,0.558394160583942,0.631578947368421,0.631578947368421,"coupled","efa_d",215,643
30,6,180,2,0.1,23,22,255,0.435049631414141,0.492465411423939,0.304347826086957,0.989169675090253,0.391304347826087,0.985559566787004,0.0909090909090909,0.181818181818182,"coupled","efa_d",484,757
30,6,180,2,0.3,23,22,255,0.530224432233277,0.530224432233277,0.434782608695652,0.985559566787004,0.434782608695652,0.985559566787004,0.0909090909090909,0.181818181818182,"coupled","efa_d",484,757
30,6,180,2,0.5,23,22,255,0.48917349897099,0.471251339977093,0.434782608695652,0.978339350180505,0.434782608695652,0.974729241877256,0.136363636363636,0.272727272727273,"coupled","efa_d",484,757
30,6,180,2,0.7,23,22,255,0.525438922189867,0.490893843027423,0.478260869565217,0.978339350180505,0.478260869565217,0.971119133574007,0.136363636363636,0.318181818181818,"coupled","efa_d",484,757
30,6,180,2,0.9,23,22,255,0.469192431826827,0.525692561733635,0.521739130434783,0.956678700361011,0.521739130434783,0.971119133574007,0.318181818181818,0.318181818181818,"coupled","efa_d",484,757
30,6,180,2,1.1,23,22,255,0.456896948670709,0.482027939099043,0.565217391304348,0.942238267148014,0.521739130434783,0.96028880866426,0.363636363636364,0.318181818181818,"coupled","efa_d",484,757
30,6,180,2,1.3,23,22,255,0.410763675707478,0.499293819874301,0.565217391304348,0.924187725631769,0.608695652173913,0.945848375451264,0.454545454545455,0.409090909090909,"coupled","efa_d",484,757
30,6,180,2,1.5,23,22,255,0.417614912496911,0.501538867453958,0.608695652173913,0.913357400722022,0.695652173913043,0.924187725631769,0.5,0.545454545454545,"coupled","efa_d",484,757
30,6,180,2,1.7,23,22,255,0.461438479682506,0.489939985252702,0.695652173913043,0.906137184115523,0.739130434782609,0.906137184115523,0.5,0.636363636363636,"coupled","efa_d",484,757
30,6,180,2,1.9,23,22,255,0.442627391837675,0.503257484434149,0.739130434782609,0.88086642599278,0.782608695652174,0.898916967509025,0.590909090909091,0.681818181818182,"coupled","efa_d",484,757
30,6,180,2,2.1,23,22,255,0.457814932155932,0.457814932155932,0.782608695652174,0.873646209386282,0.782608695652174,0.873646209386282,0.590909090909091,0.681818181818182,"coupled","efa_d",484,757
30,6,180,2,2.3,23,22,255,0.435855825201098,0.440804878186916,0.826086956521739,0.84115523465704,0.826086956521739,0.844765342960289,0.590909090909091,0.681818181818182,"coupled","efa_d",484,757
30,6,180,2,2.5,23,22,255,0.40815429567786,0.399598136573218,0.826086956521739,0.819494584837545,0.826086956521739,0.812274368231047,0.636363636363636,0.681818181818182,"coupled","efa_d",484,757
30,6,180,2,2.7,23,22,255,0.412297238304915,0.36093037255677,0.869565217391304,0.8014440433213,0.826086956521739,0.776173285198556,0.727272727272727,0.681818181818182,"coupled","efa_d",484,757
30,6,180,2,2.9,23,22,255,0.385500825012031,0.345544218452399,0.869565217391304,0.776173285198556,0.869565217391304,0.732851985559567,0.772727272727273,0.772727272727273,"coupled","efa_d",484,757
4,10,40,2,0.1,22,23,255,0.181786938797006,0.238492246944387,0.318181818181818,0.902877697841727,0.5,0.848920863309353,0.130434782608696,0.217391304347826,"weighted","efa_d",780,255
4,10,40,2,0.3,22,23,255,0.222295835339995,0.221476111029392,0.5,0.834532374100719,0.590909090909091,0.776978417266187,0.173913043478261,0.391304347826087,"weighted","efa_d",780,255
4,10,40,2,0.5,22,23,255,0.180485960923149,0.203798090482789,0.5,0.79136690647482,0.636363636363636,0.723021582733813,0.304347826086957,0.434782608695652,"weighted","efa_d",780,255
4,10,40,2,0.7,22,23,255,0.132712797568072,0.178404302473218,0.5,0.73021582733813,0.636363636363636,0.68705035971223,0.434782608695652,0.478260869565217,"weighted","efa_d",780,255
4,10,40,2,0.9,22,23,255,0.225301768428983,0.155471042762806,0.772727272727273,0.647482014388489,0.681818181818182,0.611510791366906,0.478260869565217,0.608695652173913,"weighted","efa_d",780,255
4,10,40,2,1.1,22,23,255,0.192671794856795,0.125201717895775,0.772727272727273,0.593525179856115,0.681818181818182,0.557553956834532,0.521739130434783,0.608695652173913,"weighted","efa_d",780,255
4,10,40,2,1.3,22,23,255,0.204590867715026,0.149705625969729,0.863636363636364,0.528776978417266,0.772727272727273,0.514388489208633,0.652173913043478,0.652173913043478,"weighted","efa_d",780,255
4,10,40,2,1.5,22,23,255,0.242677607015899,0.124144756299718,1,0.460431654676259,0.772727272727273,0.464028776978417,0.652173913043478,0.695652173913043,"weighted","efa_d",780,255
4,10,40,2,1.7,22,23,255,0.209460519723162,0.10629123470345,1,0.384892086330935,0.772727272727273,0.428057553956835,0.739130434782609,0.739130434782609,"weighted","efa_d",780,255
4,10,40,2,1.9,22,23,255,0.192978743904128,0.12768958691764,1,0.345323741007194,0.863636363636364,0.370503597122302,0.782608695652174,0.739130434782609,"weighted","efa_d",780,255
4,10,40,2,2.1,22,23,255,0.182701754578847,0.131628723539676,1,0.320143884892086,0.909090909090909,0.323741007194245,0.782608695652174,0.739130434782609,"weighted","efa_d",780,255
4,10,40,2,2.3,22,23,255,0.166747663253392,0.113479959287762,1,0.280575539568345,0.909090909090909,0.284172661870504,0.826086956521739,0.826086956521739,"weighted","efa_d",780,255
4,10,40,2,2.5,22,23,255,0.139189484689537,0.101645766890177,1,0.212230215827338,0.909090909090909,0.258992805755396,0.91304347826087,0.91304347826087,"weighted","efa_d",780,255
4,10,40,2,2.7,22,23,255,0.110339818217305,0.118532882083695,1,0.143884892086331,0.954545454545455,0.233812949640288,0.91304347826087,0.956521739130435,"weighted","efa_d",780,255
4,10,40,2,2.9,22,23,255,0.0902575428274047,0.103651137299294,1,0.100719424460432,0.954545454545455,0.201438848920863,1,0.956521739130435,"weighted","efa_d",780,255
8,10,80,2,0.1,22,23,255,0.283209888199892,0.273632961031403,0.590909090909091,0.838129496402878,0.318181818181818,0.949640287769784,0.260869565217391,0.130434782608696,"coupled","efa_d",95,533
8,10,80,2,0.3,22,23,255,0.321706442662701,0.340692450892203,0.681818181818182,0.823741007194245,0.454545454545455,0.931654676258993,0.260869565217391,0.173913043478261,"coupled","efa_d",95,533
8,10,80,2,0.5,22,23,255,0.33241017045442,0.317026640963963,0.727272727272727,0.809352517985611,0.454545454545455,0.920863309352518,0.260869565217391,0.217391304347826,"coupled","efa_d",95,533
8,10,80,2,0.7,22,23,255,0.357982745585954,0.392656307876136,0.818181818181818,0.784172661870504,0.590909090909091,0.910071942446043,0.304347826086957,0.260869565217391,"coupled","efa_d",95,533
8,10,80,2,0.9,22,23,255,0.318098386039558,0.378666194336662,0.818181818181818,0.741007194244604,0.590909090909091,0.902877697841727,0.391304347826087,0.260869565217391,"coupled","efa_d",95,533
8,10,80,2,1.1,22,23,255,0.308258334078897,0.429148629243198,0.863636363636364,0.697841726618705,0.727272727272727,0.881294964028777,0.391304347826087,0.260869565217391,"coupled","efa_d",95,533
8,10,80,2,1.3,22,23,255,0.290112847865458,0.393268177815317,0.863636363636364,0.672661870503597,0.772727272727273,0.838129496402878,0.434782608695652,0.347826086956522,"coupled","efa_d",95,533
8,10,80,2,1.5,22,23,255,0.299388520785927,0.362795012360674,0.909090909090909,0.651079136690647,0.772727272727273,0.81294964028777,0.434782608695652,0.347826086956522,"coupled","efa_d",95,533
8,10,80,2,1.7,22,23,255,0.278766056180915,0.350841784549443,0.909090909090909,0.618705035971223,0.818181818181818,0.776978417266187,0.652173913043478,0.391304347826087,"coupled","efa_d",95,533
8,10,80,2,1.9,22,23,255,0.263746113526444,0.370693705982798,0.909090909090909,0.593525179856115,0.909090909090909,0.744604316546763,0.695652173913043,0.478260869565217,"coupled","efa_d",95,533
8,10,80,2,2.1,22,23,255,0.247489355261427,0.337955224155982,0.909090909090909,0.564748201438849,0.909090909090909,0.705035971223022,0.695652173913043,0.565217391304348,"coupled","efa_d",95,533
8,10,80,2,2.3,22,23,255,0.230164726179404,0.309106397596434,0.909090909090909,0.532374100719424,0.909090909090909,0.665467625899281,0.695652173913043,0.695652173913043,"coupled","efa_d",95,533
8,10,80,2,2.5,22,23,255,0.217273527846792,0.280980118782924,0.909090909090909,0.507194244604317,0.909090909090909,0.622302158273381,0.695652173913043,0.695652173913043,"coupled","efa_d",95,533
8,10,80,2,2.7,22,23,255,0.199568464561649,0.255506515485248,0.909090909090909,0.471223021582734,0.909090909090909,0.579136690647482,0.695652173913043,0.695652173913043,"coupled","efa_d",95,533
8,10,80,2,2.9,22,23,255,0.18587915550255,0.230164726179404,0.909090909090909,0.442446043165468,0.909090909090909,0.532374100719424,0.739130434782609,0.739130434782609,"coupled","efa_d",95,533
12,10,120,2,0.1,22,23,255,0.534619996549723,0.517635146267791,0.681818181818182,0.942446043165468,0.363636363636364,0.992805755395683,0.173913043478261,0.0869565217391304,"coupled","efa_d",215,779
12,10,120,2,0.3,22,23,255,0.507992690737925,0.595107587922891,0.727272727272727,0.920863309352518,0.454545454545455,0.992805755395683,0.217391304347826,0.0869565217391304,"coupled","efa_d",215,779
12,10,120,2,0.5,22,23,255,0.461684656041711,0.594720551153534,0.727272727272727,0.899280575539568,0.545454545454545,0.982014388489209,0.260869565217391,0.173913043478261,"coupled","efa_d",215,779
12,10,120,2,0.7,22,23,255,0.498328956364616,0.524212595675546,0.818181818181818,0.888489208633094,0.545454545454545,0.967625899280576,0.260869565217391,0.217391304347826,"coupled","efa_d",215,779
12,10,120,2,0.9,22,23,255,0.473184711135209,0.543718734072628,0.818181818181818,0.87410071942446,0.590909090909091,0.964028776978417,0.304347826086957,0.260869565217391,"coupled","efa_d",215,779
12,10,120,2,1.1,22,23,255,0.420048252276295,0.525134794632173,0.818181818181818,0.838129496402878,0.636363636363636,0.949640287769784,0.434782608695652,0.260869565217391,"coupled","efa_d",215,779
12,10,120,2,1.3,22,23,255,0.445047785101803,0.534619996549723,0.909090909090909,0.816546762589928,0.681818181818182,0.942446043165468,0.434782608695652,0.260869565217391,"coupled","efa_d",215,779
12,10,120,2,1.5,22,23,255,0.432291140898692,0.584883612645784,0.909090909090909,0.805755395683453,0.818181818181818,0.928057553956835,0.434782608695652,0.304347826086957,"coupled","efa_d",215,779
12,10,120,2,1.7,22,23,255,0.42415316148148,0.511965626656224,0.909090909090909,0.798561151079137,0.818181818181818,0.89568345323741,0.434782608695652,0.347826086956522,"coupled","efa_d",215,779
12,10,120,2,1.9,22,23,255,0.429989045165818,0.473184711135209,0.954545454545455,0.780575539568345,0.818181818181818,0.87410071942446,0.434782608695652,0.391304347826087,"coupled","efa_d",215,779
12,10,120,2,2.1,22,23,255,0.415481542386409,0.488006229216223,0.954545454545455,0.766187050359712,0.909090909090909,0.848920863309353,0.434782608695652,0.434782608695652,"coupled","efa_d",215,779
12,10,120,2,2.3,22,23,255,0.392046065927992,0.479689570806405,0.954545454545455,0.741007194244604,0.954545454545455,0.823741007194245,0.521739130434783,0.434782608695652,"coupled","efa_d",215,779
12,10,120,2,2.5,22,23,255,0.373644525109173,0.457717296127411,0.954545454545455,0.719424460431655,0.954545454545455,0.805755395683453,0.521739130434783,0.478260869565217,"coupled","efa_d",215,779
12,10,120,2,2.7,22,23,255,0.362118264319823,0.411988848507353,0.954545454545455,0.705035971223022,0.954545454545455,0.762589928057554,0.521739130434783,0.478260869565217,"coupled","efa_d",215,779
12,10,120,2,2.9,22,23,255,0.33298578380029,0.388878903643363,0.954545454545455,0.665467625899281,0.954545454545455,0.737410071942446,0.695652173913043,0.565217391304348,"coupled","efa_d",215,779
20,10,200,2,0.1,22,23,255,0.550193970939208,0.549447583125583,0.363636363636364,0.996402877697842,0.318181818181818,1,0,0,"coupled","efa_d",597,1416
20,10,200,2,0.3,22,23,255,0.550193970939208,0.550193970939208,0.363636363636364,0.996402877697842,0.363636363636364,0.996402877697842,0,0.0434782608695652,"coupled","efa_d",597,1416
20,10,200,2,0.5,22,23,255,0.693755023998172,0.625482638518011,0.545454545454545,0.996402877697842,0.454545454545455,0.996402877697842,0,0.0434782608695652,"coupled","efa_d",597,1416
20,10,200,2,0.7,22,23,255,0.75684887046843,0.625482638518011,0.636363636363636,0.996402877697842,0.454545454545455,0.996402877697842,0,0.0434782608695652,"coupled","efa_d",597,1416
20,10,200,2,0.9,22,23,255,0.815943322816349,0.580837505243214,0.727272727272727,0.996402877697842,0.5,0.985611510791367,0,0.0869565217391304,"coupled","efa_d",597,1416
20,10,200,2,1.1,22,23,255,0.766846914405936,0.650026244069238,0.727272727272727,0.989208633093525,0.590909090909091,0.985611510791367,0.0434782608695652,0.0869565217391304,"coupled","efa_d",597,1416
20,10,200,2,1.3,22,23,255,0.852844996729889,0.682725246905042,0.863636363636364,0.989208633093525,0.636363636363636,0.985611510791367,0.0434782608695652,0.0869565217391304,"coupled","efa_d",597,1416
20,10,200,2,1.5,22,23,255,0.832078699108201,0.576910936917709,0.863636363636364,0.985611510791367,0.636363636363636,0.964028776978417,0.0434782608695652,0.173913043478261,"coupled","efa_d",597,1416
20,10,200,2,1.7,22,23,255,0.760473117534094,0.576910936917709,0.863636363636364,0.971223021582734,0.636363636363636,0.964028776978417,0.0434782608695652,0.173913043478261,"coupled","efa_d",597,1416
20,10,200,2,1.9,22,23,255,0.760473117534094,0.549631461971932,0.863636363636364,0.971223021582734,0.636363636363636,0.956834532374101,0.0434782608695652,0.217391304347826,"coupled","efa_d",597,1416
20,10,200,2,2.1,22,23,255,0.71606803700259,0.502952549799438,0.863636363636364,0.960431654676259,0.636363636363636,0.942446043165468,0.130434782608696,0.217391304347826,"coupled","efa_d",597,1416
20,10,200,2,2.3,22,23,255,0.706172339172983,0.525703369535282,0.909090909090909,0.949640287769784,0.727272727272727,0.928057553956835,0.173913043478261,0.260869565217391,"coupled","efa_d",597,1416
20,10,200,2,2.5,22,23,255,0.651697082488347,0.49151373569527,0.909090909090909,0.931654676258993,0.727272727272727,0.913669064748201,0.260869565217391,0.347826086956522,"coupled","efa_d",597,1416
20,10,200,2,2.7,22,23,255,0.606262314509888,0.454794171428634,0.909090909090909,0.913669064748201,0.727272727272727,0.89568345323741,0.347826086956522,0.434782608695652,"coupled","efa_d",597,1416
20,10,200,2,2.9,22,23,255,0.636689610607452,0.519466192474591,1,0.902877697841727,0.863636363636364,0.884892086330935,0.434782608695652,0.434782608695652,"coupled","efa_d",597,1416
30,10,300,2,0.1,22,23,255,0.41648855213416,0.462791156844662,0.227272727272727,0.996402877697842,0.227272727272727,1,0.0434782608695652,0,"coupled","efa_d",1346,2075
30,10,300,2,0.3,22,23,255,0.41648855213416,0.50782376093551,0.227272727272727,0.996402877697842,0.272727272727273,1,0.0434782608695652,0,"coupled","efa_d",1346,2075
30,10,300,2,0.5,22,23,255,0.464743433620097,0.429651039945879,0.272727272727273,0.996402877697842,0.272727272727273,0.992805755395683,0.0434782608695652,0.0869565217391304,"coupled","efa_d",1346,2075
30,10,300,2,0.7,22,23,255,0.50902007441864,0.475235664271741,0.318181818181818,0.996402877697842,0.318181818181818,0.992805755395683,0.0434782608695652,0.0869565217391304,"coupled","efa_d",1346,2075
30,10,300,2,0.9,22,23,255,0.517635146267791,0.557446093356516,0.363636363636364,0.992805755395683,0.409090909090909,0.992805755395683,0.0869565217391304,0.0869565217391304,"coupled","efa_d",1346,2075
30,10,300,2,1.1,22,23,255,0.557446093356516,0.595107587922891,0.409090909090909,0.992805755395683,0.454545454545455,0.992805755395683,0.0869565217391304,0.0869565217391304,"coupled","efa_d",1346,2075
30,10,300,2,1.3,22,23,255,0.557446093356516,0.604617643688057,0.409090909090909,0.992805755395683,0.5,0.989208633093525,0.0869565217391304,0.130434782608696,"coupled","efa_d",1346,2075
30,10,300,2,1.5,22,23,255,0.559209549901632,0.650026244069238,0.5,0.982014388489209,0.590909090909091,0.985611510791367,0.217391304347826,0.173913043478261,"coupled","efa_d",1346,2075
30,10,300,2,1.7,22,23,255,0.556847759388336,0.682725246905042,0.545454545454545,0.974820143884892,0.636363636363636,0.985611510791367,0.304347826086957,0.173913043478261,"coupled","efa_d",1346,2075
30,10,300,2,1.9,22,23,255,0.558534990189666,0.642480710326135,0.590909090909091,0.967625899280576,0.636363636363636,0.97841726618705,0.391304347826087,0.260869565217391,"coupled","efa_d",1346,2075
30,10,300,2,2.1,22,23,255,0.624044183397914,0.624044183397914,0.681818181818182,0.967625899280576,0.681818181818182,0.967625899280576,0.391304347826087,0.347826086956522,"coupled","efa_d",1346,2075
30,10,300,2,2.3,22,23,255,0.685978847797384,0.595080590580416,0.772727272727273,0.967625899280576,0.681818181818182,0.960431654676259,0.391304347826087,0.434782608695652,"coupled","efa_d",1346,2075
30,10,300,2,2.5,22,23,255,0.715791970792961,0.58174853056956,0.818181818181818,0.967625899280576,0.681818181818182,0.956834532374101,0.391304347826087,0.478260869565217,"coupled","efa_d",1346,2075
30,10,300,2,2.7,22,23,255,0.758691134443221,0.588198744680699,0.909090909090909,0.964028776978417,0.727272727272727,0.949640287769784,0.434782608695652,0.521739130434783,"coupled","efa_d",1346,2075
30,10,300,2,2.9,22,23,255,0.718445429783319,0.565566690500172,0.909090909090909,0.953237410071942,0.727272727272727,0.942446043165468,0.478260869565217,0.608695652173913,"coupled","efa_d",1346,2075
4,3,12,3,0.1,21,24,255,0.0915396977232288,0.0673768691200977,0.523809523809524,0.648745519713262,0.523809523809524,0.60573476702509,0.5,0.541666666666667,"weighted","efa_d",66,13
4,3,12,3,0.3,21,24,255,0.0726637008652788,0.0653218168058017,0.619047619047619,0.523297491039427,0.619047619047619,0.508960573476703,0.5,0.625,"weighted","efa_d",66,13
4,3,12,3,0.5,21,24,255,0.0604423368957874,0.10634611805615,0.714285714285714,0.401433691756272,0.761904761904762,0.444444444444444,0.583333333333333,0.75,"weighted","efa_d",66,13
4,3,12,3,0.7,21,24,255,0.0726660703045859,0.0661410483202437,0.80952380952381,0.32258064516129,0.761904761904762,0.362007168458781,0.666666666666667,0.75,"weighted","efa_d",66,13
4,3,12,3,0.9,21,24,255,0.110979499321732,0.0565347432607542,0.952380952380952,0.225806451612903,0.80952380952381,0.290322580645161,0.791666666666667,0.916666666666667,"weighted","efa_d",66,13
4,3,12,3,1.1,21,24,255,0.0749384616682273,0.0452255826469856,0.952380952380952,0.150537634408602,0.857142857142857,0.21505376344086,0.833333333333333,0.916666666666667,"weighted","efa_d",66,13
4,3,12,3,1.3,21,24,255,0.0455368605823842,0.0505371378773511,0.952380952380952,0.100358422939068,0.904761904761905,0.168458781362007,0.958333333333333,0.916666666666667,"weighted","efa_d",66,13
4,3,12,3,1.5,21,24,255,0.0790554070585604,0.0980858106924563,1,0.0824372759856631,1,0.121863799283154,1,0.958333333333333,"weighted","efa_d",66,13
4,3,12,3,1.7,21,24,255,0.0583899728771902,0.0862795962814576,1,0.046594982078853,1,0.0967741935483871,1,1,"weighted","efa_d",66,13
4,3,12,3,1.9,21,24,255,0.0424055553878004,0.0771785274703958,1,0.025089605734767,1,0.0788530465949821,1,1,"weighted","efa_d",66,13
4,3,12,3,2.1,21,24,255,0.0357175400115921,0.0651190966146206,1,0.017921146953405,1,0.0573476702508961,1,1,"weighted","efa_d",66,13
4,3,12,3,2.3,21,24,255,0.0275733763415315,0.0583899728771902,1,0.010752688172043,1,0.046594982078853,1,1,"weighted","efa_d",66,13
4,3,12,3,2.5,21,24,255,0,0.0535247893688552,1,0,1,0.039426523297491,1,1,"weighted","efa_d",66,13
4,3,12,3,2.7,21,24,255,0,0.039193090083481,1,0,1,0.021505376344086,1,1,"weighted","efa_d",66,13
4,3,12,3,2.9,21,24,255,0,0.0318927292409493,1,0,1,0.014336917562724,1,1,"weighted","efa_d",66,13
8,3,24,3,0.1,21,24,255,0.181208583835256,0.135220198770265,0.428571428571429,0.842293906810036,0.476190476190476,0.756272401433692,0.375,0.5,"weighted","efa_d",276,48
8,3,24,3,0.3,21,24,255,0.209775308751369,0.171036639218863,0.571428571428571,0.781362007168459,0.619047619047619,0.695340501792115,0.416666666666667,0.541666666666667,"weighted","efa_d",276,48
8,3,24,3,0.5,21,24,255,0.166282198642108,0.159879097137738,0.619047619047619,0.688172043010753,0.666666666666667,0.637992831541219,0.5,0.583333333333333,"weighted","efa_d",276,48
8,3,24,3,0.7,21,24,255,0.155548339929646,0.155548339929646,0.714285714285714,0.587813620071685,0.714285714285714,0.587813620071685,0.625,0.625,"weighted","efa_d",276,48
8,3,24,3,0.9,21,24,255,0.106690591668733,0.123090923509143,0.714285714285714,0.494623655913978,0.714285714285714,0.526881720430108,0.75,0.666666666666667,"weighted","efa_d",276,48
8,3,24,3,1.1,21,24,255,0.0906695681392714,0.095938636223601,0.761904761904762,0.412186379928315,0.714285714285714,0.473118279569892,0.875,0.708333333333333,"weighted","efa_d",276,48
8,3,24,3,1.3,21,24,255,0.10250938712484,0.06436731786077,0.857142857142857,0.329749103942652,0.761904761904762,0.3584229390681,0.875,0.791666666666667,"weighted","efa_d",276,48
8,3,24,3,1.5,21,24,255,0.0768115483799806,0.0673540961438339,0.857142857142857,0.275985663082437,0.80952380952381,0.311827956989247,0.875,0.833333333333333,"weighted","efa_d",276,48
8,3,24,3,1.7,21,24,255,0.0491530639189404,0.0660687240940437,0.857142857142857,0.222222222222222,0.857142857142857,0.254480286738351,0.875,0.916666666666667,"weighted","efa_d",276,48
8,3,24,3,1.9,21,24,255,0.00797694159703395,0.039193090083481,0.857142857142857,0.154121863799283,0.857142857142857,0.204301075268817,0.916666666666667,1,"weighted","efa_d",276,48
8,3,24,3,2.1,21,24,255,0.0479026656575879,0.0585759316367273,0.952380952380952,0.103942652329749,0.904761904761905,0.182795698924731,1,1,"weighted","efa_d",276,48
8,3,24,3,2.3,21,24,255,0.0240655401945725,0.0730426863913574,0.952380952380952,0.0716845878136201,0.952380952380952,0.146953405017921,1,1,"weighted","efa_d",276,48
8,3,24,3,2.5,21,24,255,-0.00123877509925947,0.052479393187332,0.952380952380952,0.046594982078853,0.952380952380952,0.111111111111111,1,1,"weighted","efa_d",276,48
8,3,24,3,2.7,21,24,255,-0.0356800753601732,0.043113896128102,0.952380952380952,0.025089605734767,0.952380952380952,0.0967741935483871,1,1,"weighted","efa_d",276,48
8,3,24,3,2.9,21,24,255,-0.0541237910676643,0.0069770460658522,0.952380952380952,0.017921146953405,0.952380952380952,0.0537634408602151,1,1,"weighted","efa_d",276,48
12,3,36,3,0.1,26,19,255,0.274525967247197,0.119204491709873,0.423076923076923,0.901459854014598,0.346153846153846,0.821167883211679,0,0.315789473684211,"weighted","efa_d",630,81
12,3,36,3,0.3,26,19,255,0.285932633388099,0.153547227632842,0.576923076923077,0.832116788321168,0.461538461538462,0.773722627737226,0.210526315789474,0.368421052631579,"weighted","efa_d",630,81
12,3,36,3,0.5,26,19,255,0.222567999595337,0.121404657726173,0.576923076923077,0.77007299270073,0.5,0.700729927007299,0.315789473684211,0.368421052631579,"weighted","efa_d",630,81
12,3,36,3,0.7,26,19,255,0.14655456669045,0.118053017632061,0.576923076923077,0.671532846715328,0.576923076923077,0.627737226277372,0.526315789473684,0.473684210526316,"weighted","efa_d",630,81
12,3,36,3,0.9,26,19,255,0.150034450640343,0.098153231738336,0.692307692307692,0.572992700729927,0.615384615384615,0.558394160583942,0.578947368421053,0.631578947368421,"weighted","efa_d",630,81
12,3,36,3,1.1,26,19,255,0.125923965685999,0.116427057163867,0.730769230769231,0.492700729927007,0.692307692307692,0.514598540145985,0.631578947368421,0.631578947368421,"weighted","efa_d",630,81
12,3,36,3,1.3,26,19,255,0.10056368168657,0.111930463176129,0.769230769230769,0.405109489051095,0.730769230769231,0.467153284671533,0.736842105263158,0.631578947368421,"weighted","efa_d",630,81
12,3,36,3,1.5,26,19,255,0.0763971782035744,0.149145170424044,0.807692307692308,0.317518248175182,0.846153846153846,0.412408759124088,0.842105263157895,0.684210526315789,"weighted","efa_d",630,81
12,3,36,3,1.7,26,19,255,0.0453883053208128,0.129623328493023,0.807692307692308,0.262773722627737,0.884615384615385,0.328467153284672,0.842105263157895,0.736842105263158,"weighted","efa_d",630,81
12,3,36,3,1.9,26,19,255,0.00337817726286909,0.0918531865258334,0.807692307692308,0.197080291970803,0.884615384615385,0.255474452554745,0.894736842105263,0.842105263157895,"weighted","efa_d",630,81
12,3,36,3,2.1,26,19,255,-0.00625143544334762,0.0928005165741097,0.846153846153846,0.145985401459854,0.923076923076923,0.208029197080292,0.894736842105263,0.842105263157895,"weighted","efa_d",630,81
12,3,36,3,2.3,26,19,255,-0.00530120665355608,0.0962234557735577,0.884615384615385,0.109489051094891,0.961538461538462,0.160583941605839,0.947368421052632,0.947368421052632,"weighted","efa_d",630,81
12,3,36,3,2.5,26,19,255,-0.00424191867012517,0.0727563016491159,0.923076923076923,0.072992700729927,0.961538461538462,0.12043795620438,0.947368421052632,0.947368421052632,"weighted","efa_d",630,81
12,3,36,3,2.7,26,19,255,0.0163084427921055,0.050011483546781,0.961538461538462,0.0510948905109489,0.961538461538462,0.0875912408759124,0.947368421052632,0.947368421052632,"weighted","efa_d",630,81
12,3,36,3,2.9,26,19,255,-0.00880033160274231,0.0866563385468427,0.961538461538462,0.0328467153284672,1,0.0802919708029197,0.947368421052632,0.947368421052632,"weighted","efa_d",630,81
20,3,60,3,0.1,22,23,255,0.264224983649444,0.389395826807623,0.318181818181818,0.946043165467626,0.636363636363636,0.892086330935252,0,0.173913043478261,"weighted","efa_d",1770,134
20,3,60,3,0.3,22,23,255,0.289837062596287,0.315589067491038,0.409090909090909,0.924460431654676,0.636363636363636,0.841726618705036,0.0434782608695652,0.217391304347826,"weighted","efa_d",1770,134
20,3,60,3,0.5,22,23,255,0.244472049703704,0.277149986291503,0.409090909090909,0.899280575539568,0.681818181818182,0.780575539568345,0.0869565217391304,0.260869565217391,"weighted","efa_d",1770,134
20,3,60,3,0.7,22,23,255,0.186875201075607,0.22082313490705,0.5,0.798561151079137,0.681818181818182,0.712230215827338,0.217391304347826,0.347826086956522,"weighted","efa_d",1770,134
20,3,60,3,0.9,22,23,255,0.131233506245564,0.18576109475644,0.545454545454545,0.690647482014389,0.727272727272727,0.622302158273381,0.260869565217391,0.434782608695652,"weighted","efa_d",1770,134
20,3,60,3,1.1,22,23,255,0.129472540628558,0.188498841371625,0.636363636363636,0.607913669064748,0.818181818181818,0.543165467625899,0.347826086956522,0.652173913043478,"weighted","efa_d",1770,134
20,3,60,3,1.3,22,23,255,0.129747591921136,0.166070025604814,0.727272727272727,0.52158273381295,0.818181818181818,0.5,0.434782608695652,0.695652173913043,"weighted","efa_d",1770,134
20,3,60,3,1.5,22,23,255,0.116979304020197,0.149684438653683,0.772727272727273,0.449640287769784,0.863636363636364,0.41726618705036,0.478260869565217,0.826086956521739,"weighted","efa_d",1770,134
20,3,60,3,1.7,22,23,255,0.0939364361072537,0.129377908104281,0.818181818181818,0.352517985611511,0.863636363636364,0.37410071942446,0.652173913043478,0.869565217391304,"weighted","efa_d",1770,134
20,3,60,3,1.9,22,23,255,0.0615141105631406,0.133262485033351,0.818181818181818,0.287769784172662,0.909090909090909,0.327338129496403,0.695652173913043,0.869565217391304,"weighted","efa_d",1770,134
20,3,60,3,2.1,22,23,255,0.0216413130898583,0.129728405420041,0.818181818181818,0.215827338129496,0.954545454545455,0.258992805755396,0.739130434782609,0.869565217391304,"weighted","efa_d",1770,134
20,3,60,3,2.3,22,23,255,0.0691344342533096,0.100240509871269,0.909090909090909,0.194244604316547,0.954545454545455,0.194244604316547,0.739130434782609,0.869565217391304,"weighted","efa_d",1770,134
20,3,60,3,2.5,22,23,255,0.0487379999881323,0.115068541540694,0.909090909090909,0.158273381294964,1,0.154676258992806,0.782608695652174,0.869565217391304,"weighted","efa_d",1770,134
20,3,60,3,2.7,22,23,255,0.0351081239782335,0.100574430636213,0.909090909090909,0.136690647482014,1,0.122302158273381,0.782608695652174,0.869565217391304,"weighted","efa_d",1770,134
20,3,60,3,2.9,22,23,255,0.0171642252849257,0.0884686705474446,0.909090909090909,0.111510791366906,1,0.0971223021582734,0.782608695652174,0.91304347826087,"weighted","efa_d",1770,134
30,3,90,3,0.1,23,22,255,0.317041224975803,0.234830429456158,0.652173913043478,0.830324909747292,0.391304347826087,0.898916967509025,0.363636363636364,0.363636363636364,"coupled","efa_d",121,242
30,3,90,3,0.3,23,22,255,0.292855779950014,0.270088377962137,0.652173913043478,0.808664259927798,0.478260869565217,0.88086642599278,0.409090909090909,0.363636363636364,"coupled","efa_d",121,242
30,3,90,3,0.5,23,22,255,0.279532027541233,0.303075411675481,0.695652173913043,0.768953068592058,0.608695652173913,0.84115523465704,0.409090909090909,0.454545454545455,"coupled","efa_d",121,242
30,3,90,3,0.7,23,22,255,0.28214558708413,0.314756899112169,0.739130434782609,0.743682310469314,0.739130434782609,0.779783393501805,0.545454545454545,0.590909090909091,"coupled","efa_d",121,242
30,3,90,3,0.9,23,22,255,0.27462678545945,0.267367095285562,0.782608695652174,0.703971119133574,0.739130434782609,0.725631768953069,0.590909090909091,0.636363636363636,"coupled","efa_d",121,242
30,3,90,3,1.1,23,22,255,0.234282034270346,0.239011909249131,0.782608695652174,0.646209386281588,0.782608695652174,0.653429602888087,0.636363636363636,0.727272727272727,"coupled","efa_d",121,242
30,3,90,3,1.3,23,22,255,0.240929098066597,0.270318515654373,0.869565217391304,0.581227436823105,0.91304347826087,0.592057761732852,0.636363636363636,0.772727272727273,"coupled","efa_d",121,242
30,3,90,3,1.5,23,22,255,0.218789921822358,0.23996627809276,0.869565217391304,0.541516245487365,0.91304347826087,0.537906137184116,0.636363636363636,0.818181818181818,"coupled","efa_d",121,242
30,3,90,3,1.7,23,22,255,0.190541512085891,0.206714370931164,0.869565217391304,0.487364620938628,0.91304347826087,0.472924187725632,0.681818181818182,0.818181818181818,"coupled","efa_d",121,242
30,3,90,3,1.9,23,22,255,0.155080353586683,0.173967631570102,0.869565217391304,0.415162454873646,0.91304347826087,0.404332129963899,0.727272727272727,0.818181818181818,"coupled","efa_d",121,242
30,3,90,3,2.1,23,22,255,0.125751702195087,0.1456184058783,0.869565217391304,0.353790613718412,0.91304347826087,0.342960288808664,0.818181818181818,0.863636363636364,"coupled","efa_d",121,242
30,3,90,3,2.3,23,22,255,0.13229045117277,0.113678081530529,0.91304347826087,0.314079422382672,0.91304347826087,0.274368231046931,0.863636363636364,0.954545454545455,"coupled","efa_d",121,242
30,3,90,3,2.5,23,22,255,0.139038141503921,0.0925462833437063,0.956521739130435,0.270758122743682,0.91304347826087,0.231046931407942,0.863636363636364,0.954545454545455,"coupled","efa_d",121,242
30,3,90,3,2.7,23,22,255,0.147072474565873,0.0756876870108946,1,0.223826714801444,0.91304347826087,0.1985559566787,0.909090909090909,0.954545454545455,"coupled","efa_d",121,242
30,3,90,3,2.9,23,22,255,0.133479168212887,0.0530842763405896,1,0.191335740072202,0.91304347826087,0.15884476534296,0.909090909090909,1,"coupled","efa_d",121,242
4,6,24,3,0.1,23,22,255,0.151335901268357,0.137877283854797,0.391304347826087,0.830324909747292,0.478260869565217,0.750902527075812,0.181818181818182,0.409090909090909,"weighted","efa_d",276,103
4,6,24,3,0.3,23,22,255,0.152452098546642,0.14901110938742,0.521739130434783,0.736462093862816,0.565217391304348,0.696750902527076,0.454545454545455,0.454545454545455,"weighted","efa_d",276,103
4,6,24,3,0.5,23,22,255,0.144144836964846,0.135767024044323,0.565217391304348,0.689530685920578,0.608695652173913,0.63898916967509,0.590909090909091,0.590909090909091,"weighted","efa_d",276,103
4,6,24,3,0.7,23,22,255,0.213886586309278,0.163400714335398,0.782608695652174,0.613718411552347,0.739130434782609,0.566787003610108,0.681818181818182,0.727272727272727,"weighted","efa_d",276,103
4,6,24,3,0.9,23,22,255,0.164794106048387,0.18219962561839,0.782608695652174,0.527075812274368,0.826086956521739,0.516245487364621,0.727272727272727,0.727272727272727,"weighted","efa_d",276,103
4,6,24,3,1.1,23,22,255,0.167297428895376,0.150852701355583,0.869565217391304,0.44043321299639,0.826086956521739,0.454873646209386,0.772727272727273,0.727272727272727,"weighted","efa_d",276,103
4,6,24,3,1.3,23,22,255,0.153924501520353,0.151614435062215,0.91304347826087,0.36101083032491,0.869565217391304,0.407942238267148,0.818181818181818,0.863636363636364,"weighted","efa_d",276,103
4,6,24,3,1.5,23,22,255,0.181181673348744,0.147279730263822,1,0.306859205776173,0.91304347826087,0.346570397111913,0.863636363636364,0.863636363636364,"weighted","efa_d",276,103
4,6,24,3,1.7,23,22,255,0.153034050235018,0.130616162551301,1,0.23826714801444,0.91304347826087,0.310469314079422,0.863636363636364,0.909090909090909,"weighted","efa_d",276,103
4,6,24,3,1.9,23,22,255,0.136528191057784,0.118805071811103,1,0.1985559566787,0.91304347826087,0.285198555956679,0.863636363636364,0.954545454545455,"weighted","efa_d",276,103
4,6,24,3,2.1,23,22,255,0.121048719633676,0.154519564094688,1,0.162454873646209,1,0.24187725631769,0.863636363636364,0.954545454545455,"weighted","efa_d",276,103
4,6,24,3,2.3,23,22,255,0.106407764780795,0.141068597060395,1,0.129963898916967,1,0.209386281588448,0.909090909090909,0.954545454545455,"weighted","efa_d",276,103
4,6,24,3,2.5,23,22,255,0.0868815761276804,0.127316652919422,1,0.0902527075812274,1,0.176895306859206,1,1,"weighted","efa_d",276,103
4,6,24,3,2.7,23,22,255,0.0770122861138446,0.108080419398156,1,0.0722021660649819,1,0.133574007220217,1,1,"weighted","efa_d",276,103
4,6,24,3,2.9,23,22,255,0.0613274294109778,0.0906201114648194,1,0.0469314079422383,1,0.0974729241877256,1,1,"weighted","efa_d",276,103
8,6,48,3,0.1,23,22,255,0.428045845353016,0.37539285130537,0.565217391304348,0.931407942238267,0.652173913043478,0.873646209386282,0.227272727272727,0.363636363636364,"weighted","efa_d",1128,187
8,6,48,3,0.3,23,22,255,0.392813232030281,0.366524555780606,0.652173913043478,0.884476534296029,0.695652173913043,0.848375451263538,0.318181818181818,0.409090909090909,"weighted","efa_d",1128,187
8,6,48,3,0.5,23,22,255,0.339476840896966,0.311169731627091,0.652173913043478,0.848375451263538,0.695652173913043,0.8014440433213,0.363636363636364,0.454545454545455,"weighted","efa_d",1128,187
8,6,48,3,0.7,23,22,255,0.285352119177158,0.327678917732259,0.652173913043478,0.8014440433213,0.826086956521739,0.740072202166065,0.5,0.545454545454545,"weighted","efa_d",1128,187
8,6,48,3,0.9,23,22,255,0.28214558708413,0.327780356838699,0.739130434782609,0.743682310469314,0.869565217391304,0.711191335740072,0.545454545454545,0.590909090909091,"weighted","efa_d",1128,187
8,6,48,3,1.1,23,22,255,0.26726244594477,0.298157054516885,0.826086956521739,0.660649819494585,0.869565217391304,0.671480144404332,0.636363636363636,0.636363636363636,"weighted","efa_d",1128,187
8,6,48,3,1.3,23,22,255,0.245117908228546,0.285600837864398,0.869565217391304,0.588447653429603,0.91304347826087,0.617328519855596,0.727272727272727,0.636363636363636,"weighted","efa_d",1128,187
8,6,48,3,1.5,23,22,255,0.236124144854936,0.251761378602604,0.91304347826087,0.530685920577617,0.91304347826087,0.55956678700361,0.727272727272727,0.727272727272727,"weighted","efa_d",1128,187
8,6,48,3,1.7,23,22,255,0.197917682293198,0.222989095987689,0.91304347826087,0.454873646209386,0.91304347826087,0.505415162454874,0.818181818181818,0.818181818181818,"weighted","efa_d",1128,187
8,6,48,3,1.9,23,22,255,0.173967631570102,0.189263591480391,0.91304347826087,0.404332129963899,0.91304347826087,0.436823104693141,0.818181818181818,0.863636363636364,"weighted","efa_d",1128,187
8,6,48,3,2.1,23,22,255,0.153924501520353,0.172285594789937,0.91304347826087,0.36101083032491,0.91304347826087,0.40072202166065,0.818181818181818,0.863636363636364,"weighted","efa_d",1128,187
8,6,48,3,2.3,23,22,255,0.130616162551301,0.177178571264161,0.91304347826087,0.310469314079422,0.956521739130435,0.357400722021661,0.818181818181818,0.863636363636364,"weighted","efa_d",1128,187
8,6,48,3,2.5,23,22,255,0.105013052700742,0.161301557816588,0.91304347826087,0.256317689530686,0.956521739130435,0.32129963898917,0.863636363636364,0.909090909090909,"weighted","efa_d",1128,187
8,6,48,3,2.7,23,22,255,0.0795348652927051,0.145432203518074,0.91304347826087,0.205776173285199,0.956521739130435,0.285198555956679,0.954545454545455,0.909090909090909,"weighted","efa_d",1128,187
8,6,48,3,2.9,23,22,255,0.061631662154613,0.161928337926376,0.91304347826087,0.173285198555957,1,0.259927797833935,0.954545454545455,0.909090909090909,"weighted","efa_d",1128,187
12,6,72,3,0.1,22,23,255,0.130146811101526,0.305351816968038,0.454545454545455,0.762589928057554,0.409090909090909,0.931654676258993,0.608695652173913,0.304347826086957,"coupled","efa_d",77,281
12,6,72,3,0.3,22,23,255,0.135261315309239,0.238874464060417,0.5,0.733812949640288,0.409090909090909,0.89568345323741,0.652173913043478,0.347826086956522,"coupled","efa_d",77,281
12,6,72,3,0.5,22,23,255,0.195909693423357,0.21309687843322,0.636363636363636,0.712230215827338,0.454545454545455,0.852517985611511,0.652173913043478,0.391304347826087,"coupled","efa_d",77,281
12,6,72,3,0.7,22,23,255,0.237043424475435,0.325867029792821,0.772727272727273,0.665467625899281,0.681818181818182,0.827338129496403,0.652173913043478,0.434782608695652,"coupled","efa_d",77,281
12,6,72,3,0.9,22,23,255,0.225301768428983,0.361637853230649,0.772727272727273,0.647482014388489,0.818181818181818,0.787769784172662,0.652173913043478,0.478260869565217,"coupled","efa_d",77,281
12,6,72,3,1.1,22,23,255,0.240083228301704,0.340527270006842,0.863636363636364,0.593525179856115,0.818181818181818,0.766187050359712,0.739130434782609,0.478260869565217,"coupled","efa_d",77,281
12,6,72,3,1.3,22,23,255,0.219907177610713,0.352285059663504,0.863636363636364,0.557553956834532,0.909090909090909,0.723021582733813,0.826086956521739,0.521739130434783,"coupled","efa_d",77,281
12,6,72,3,1.5,22,23,255,0.199004423718491,0.311595073068386,0.863636363636364,0.517985611510791,0.909090909090909,0.669064748201439,0.826086956521739,0.652173913043478,"coupled","efa_d",77,281
12,6,72,3,1.7,22,23,255,0.232231976901193,0.270084569576043,0.954545454545455,0.489208633093525,0.909090909090909,0.60431654676259,0.826086956521739,0.739130434782609,"coupled","efa_d",77,281
12,6,72,3,1.9,22,23,255,0.221892947656,0.239674997400121,0.954545454545455,0.467625899280576,0.909090909090909,0.550359712230216,0.826086956521739,0.826086956521739,"coupled","efa_d",77,281
12,6,72,3,2.1,22,23,255,0.211815781851743,0.224583398489505,0.954545454545455,0.446043165467626,0.909090909090909,0.52158273381295,0.826086956521739,0.826086956521739,"coupled","efa_d",77,281
12,6,72,3,2.3,22,23,255,0.218679141839708,0.208327448629855,1,0.406474820143885,0.909090909090909,0.489208633093525,0.869565217391304,0.869565217391304,"coupled","efa_d",77,281
12,6,72,3,2.5,22,23,255,0.197427893179956,0.169195491466124,1,0.356115107913669,0.909090909090909,0.406474820143885,0.869565217391304,0.869565217391304,"coupled","efa_d",77,281
12,6,72,3,2.7,22,23,255,0.188558121976651,0.154440198702062,1,0.334532374100719,0.909090909090909,0.37410071942446,0.869565217391304,0.869565217391304,"coupled","efa_d",77,281
12,6,72,3,2.9,22,23,255,0.172531191610128,0.133262485033351,1,0.294964028776978,0.909090909090909,0.327338129496403,0.91304347826087,0.869565217391304,"coupled","efa_d",77,281
20,6,120,3,0.1,23,22,255,0.490130028505724,0.530224432233277,0.565217391304348,0.953068592057762,0.434782608695652,0.985559566787004,0.227272727272727,0.181818181818182,"coupled","efa_d",215,497
20,6,120,3,0.3,23,22,255,0.499293819874301,0.525438922189867,0.608695652173913,0.945848375451264,0.478260869565217,0.978339350180505,0.227272727272727,0.181818181818182,"coupled","efa_d",215,497
20,6,120,3,0.5,23,22,255,0.501538867453958,0.507494941226962,0.695652173913043,0.924187725631769,0.478260869565217,0.974729241877256,0.363636363636364,0.181818181818182,"coupled","efa_d",215,497
20,6,120,3,0.7,23,22,255,0.525693328861511,0.495658739900033,0.782608695652174,0.909747292418773,0.521739130434783,0.963898916967509,0.409090909090909,0.227272727272727,"coupled","efa_d",215,497
20,6,120,3,0.9,23,22,255,0.53802884448257,0.579190603037351,0.826086956521739,0.902527075812274,0.652173913043478,0.96028880866426,0.454545454545455,0.227272727272727,"coupled","efa_d",215,497
20,6,120,3,1.1,23,22,255,0.55050048773411,0.597757114843865,0.869565217391304,0.895306859205776,0.782608695652174,0.938628158844765,0.545454545454545,0.272727272727273,"coupled","efa_d",215,497
20,6,120,3,1.3,23,22,255,0.537178142462467,0.53802884448257,0.91304347826087,0.873646209386282,0.826086956521739,0.902527075812274,0.590909090909091,0.409090909090909,"coupled","efa_d",215,497
20,6,120,3,1.5,23,22,255,0.544986136114971,0.517197243662754,0.956521739130435,0.862815884476534,0.869565217391304,0.877256317689531,0.636363636363636,0.409090909090909,"coupled","efa_d",215,497
20,6,120,3,1.7,23,22,255,0.512331385569407,0.517489252342082,0.956521739130435,0.84115523465704,0.956521739130435,0.844765342960289,0.636363636363636,0.409090909090909,"coupled","efa_d",215,497
20,6,120,3,1.9,23,22,255,0.492701409928726,0.453510029289072,0.956521739130435,0.826714801444043,0.956521739130435,0.794223826714801,0.681818181818182,0.545454545454545,"coupled","efa_d",215,497
20,6,120,3,2.1,23,22,255,0.457568559326402,0.430480241792797,0.956521739130435,0.797833935018051,0.956521739130435,0.772563176895307,0.681818181818182,0.636363636363636,"coupled","efa_d",215,497
20,6,120,3,2.3,23,22,255,0.458283056117412,0.406103021008837,1,0.776173285198556,0.956521739130435,0.747292418772563,0.681818181818182,0.681818181818182,"coupled","efa_d",215,497
20,6,120,3,2.5,23,22,255,0.426573347323467,0.377962073287691,1,0.743682310469314,0.956521739130435,0.714801444043321,0.727272727272727,0.681818181818182,"coupled","efa_d",215,497
20,6,120,3,2.7,23,22,255,0.407510713907571,0.358103917025738,1,0.72202166064982,0.956521739130435,0.689530685920578,0.727272727272727,0.818181818181818,"coupled","efa_d",215,497
20,6,120,3,2.9,23,22,255,0.37600484942991,0.3397096633246,1,0.682310469314079,0.956521739130435,0.664259927797834,0.727272727272727,0.818181818181818,"coupled","efa_d",215,497
30,6,180,3,0.1,22,23,255,0.353336457872031,0.446400951827269,0.272727272727273,0.982014388489209,0.318181818181818,0.989208633093525,0.130434782608696,0.0869565217391304,"coupled","efa_d",484,870
30,6,180,3,0.3,22,23,255,0.502302200861439,0.489409548195021,0.454545454545455,0.97841726618705,0.363636363636364,0.989208633093525,0.130434782608696,0.0869565217391304,"coupled","efa_d",484,870
30,6,180,3,0.5,22,23,255,0.484109165322126,0.543994216847677,0.454545454545455,0.974820143884892,0.454545454545455,0.985611510791367,0.130434782608696,0.130434782608696,"coupled","efa_d",484,870
30,6,180,3,0.7,22,23,255,0.504347970633936,0.559209549901632,0.5,0.971223021582734,0.5,0.982014388489209,0.173913043478261,0.130434782608696,"coupled","efa_d",484,870
30,6,180,3,0.9,22,23,255,0.562889016969435,0.609347548142736,0.636363636363636,0.960431654676259,0.590909090909091,0.97841726618705,0.173913043478261,0.173913043478261,"coupled","efa_d",484,870
30,6,180,3,1.1,22,23,255,0.537067383828426,0.558534990189666,0.636363636363636,0.953237410071942,0.590909090909091,0.967625899280576,0.217391304347826,0.217391304347826,"coupled","efa_d",484,870
30,6,180,3,1.3,22,23,255,0.557050908275059,0.595080590580416,0.681818181818182,0.949640287769784,0.681818181818182,0.960431654676259,0.260869565217391,0.217391304347826,"coupled","efa_d",484,870
30,6,180,3,1.5,22,23,255,0.534619996549723,0.524143348910804,0.681818181818182,0.942446043165468,0.681818181818182,0.938848920863309,0.304347826086957,0.217391304347826,"coupled","efa_d",484,870
30,6,180,3,1.7,22,23,255,0.504485646720684,0.453897888575734,0.681818181818182,0.931654676258993,0.681818181818182,0.910071942446043,0.347826086956522,0.391304347826087,"coupled","efa_d",484,870
30,6,180,3,1.9,22,23,255,0.49151373569527,0.41261685426846,0.727272727272727,0.913669064748201,0.681818181818182,0.888489208633094,0.347826086956522,0.434782608695652,"coupled","efa_d",484,870
30,6,180,3,2.1,22,23,255,0.441608463121241,0.390303261733874,0.727272727272727,0.888489208633094,0.727272727272727,0.856115107913669,0.478260869565217,0.478260869565217,"coupled","efa_d",484,870
30,6,180,3,2.3,22,23,255,0.428500641098063,0.362795012360674,0.772727272727273,0.863309352517986,0.772727272727273,0.81294964028777,0.478260869565217,0.478260869565217,"coupled","efa_d",484,870
30,6,180,3,2.5,22,23,255,0.393268177815317,0.350841784549443,0.772727272727273,0.838129496402878,0.818181818181818,0.776978417266187,0.521739130434783,0.521739130434783,"coupled","efa_d",484,870
30,6,180,3,2.7,22,23,255,0.347068184178886,0.327449413109127,0.772727272727273,0.798561151079137,0.818181818181818,0.751798561151079,0.608695652173913,0.565217391304348,"coupled","efa_d",484,870
30,6,180,3,2.9,22,23,255,0.347352362692997,0.283968766623077,0.818181818181818,0.773381294964029,0.818181818181818,0.697841726618705,0.652173913043478,0.608695652173913,"coupled","efa_d",484,870
4,10,40,3,0.1,24,21,255,0.206452865878165,0.172937790248593,0.416666666666667,0.86231884057971,0.375,0.858695652173913,0.285714285714286,0.238095238095238,"weighted","efa_d",780,259
4,10,40,3,0.3,24,21,255,0.183279422677888,0.119457062491385,0.458333333333333,0.815217391304348,0.375,0.804347826086957,0.285714285714286,0.285714285714286,"weighted","efa_d",780,259
4,10,40,3,0.5,24,21,255,0.17638735438379,0.127809339536386,0.5,0.778985507246377,0.458333333333333,0.75,0.333333333333333,0.285714285714286,"weighted","efa_d",780,259
4,10,40,3,0.7,24,21,255,0.16354926752434,0.153920184211787,0.541666666666667,0.731884057971015,0.583333333333333,0.684782608695652,0.380952380952381,0.380952380952381,"weighted","efa_d",780,259
4,10,40,3,0.9,24,21,255,0.165187209546804,0.155747155451037,0.625,0.666666666666667,0.625,0.652173913043478,0.380952380952381,0.380952380952381,"weighted","efa_d",780,259
4,10,40,3,1.1,24,21,255,0.147374689416529,0.194963019987512,0.666666666666667,0.601449275362319,0.75,0.605072463768116,0.571428571428571,0.428571428571429,"weighted","efa_d",780,259
4,10,40,3,1.3,24,21,255,0.126811354914676,0.169523219983887,0.708333333333333,0.52536231884058,0.75,0.561594202898551,0.619047619047619,0.476190476190476,"weighted","efa_d",780,259
4,10,40,3,1.5,24,21,255,0.137624032201092,0.131902542482886,0.791666666666667,0.460144927536232,0.75,0.492753623188406,0.619047619047619,0.571428571428571,"weighted","efa_d",780,259
4,10,40,3,1.7,24,21,255,0.107985876005133,0.142262431715737,0.791666666666667,0.402173913043478,0.833333333333333,0.423913043478261,0.80952380952381,0.619047619047619,"weighted","efa_d",780,259
4,10,40,3,1.9,24,21,255,0.109717328383052,0.139105050240417,0.833333333333333,0.358695652173913,0.875,0.369565217391304,0.80952380952381,0.666666666666667,"weighted","efa_d",780,259
4,10,40,3,2.1,24,21,255,0.130880105797703,0.125035737329432,0.916666666666667,0.300724637681159,0.875,0.340579710144928,0.80952380952381,0.666666666666667,"weighted","efa_d",780,259
4,10,40,3,2.3,24,21,255,0.117019066519031,0.129162538800297,0.916666666666667,0.271739130434783,0.916666666666667,0.297101449275362,0.80952380952381,0.714285714285714,"weighted","efa_d",780,259
4,10,40,3,2.5,24,21,255,0.162680755946693,0.111731873349117,1,0.253623188405797,0.916666666666667,0.260869565217391,0.80952380952381,0.714285714285714,"weighted","efa_d",780,259
4,10,40,3,2.7,24,21,255,0.153562461637508,0.097287051216159,1,0.231884057971014,0.916666666666667,0.231884057971014,0.80952380952381,0.714285714285714,"weighted","efa_d",780,259
4,10,40,3,2.9,24,21,255,0.1428187970927,0.0782030780295637,1,0.206521739130435,0.916666666666667,0.195652173913043,0.857142857142857,0.714285714285714,"weighted","efa_d",780,259
8,10,80,3,0.1,22,23,255,0.270896212967185,0.41328407614648,0.590909090909091,0.827338129496403,0.5,0.946043165467626,0.260869565217391,0.304347826086957,"coupled","efa_d",95,619
8,10,80,3,0.3,22,23,255,0.305821307793239,0.391507805308544,0.681818181818182,0.809352517985611,0.545454545454545,0.924460431654676,0.347826086956522,0.304347826086957,"coupled","efa_d",95,619
8,10,80,3,0.5,22,23,255,0.306550621329498,0.317106997573535,0.727272727272727,0.784172661870504,0.545454545454545,0.884892086330935,0.347826086956522,0.347826086956522,"coupled","efa_d",95,619
8,10,80,3,0.7,22,23,255,0.277143813885363,0.365534110273527,0.727272727272727,0.751798561151079,0.636363636363636,0.877697841726619,0.434782608695652,0.347826086956522,"coupled","efa_d",95,619
8,10,80,3,0.9,22,23,255,0.275799848991793,0.349261018007163,0.772727272727273,0.719424460431655,0.636363636363636,0.866906474820144,0.521739130434783,0.347826086956522,"coupled","efa_d",95,619
8,10,80,3,1.1,22,23,255,0.32707081341753,0.294473288964996,0.909090909090909,0.690647482014389,0.636363636363636,0.823741007194245,0.521739130434783,0.391304347826087,"coupled","efa_d",95,619
8,10,80,3,1.3,22,23,255,0.33298578380029,0.291018172769391,0.954545454545455,0.665467625899281,0.681818181818182,0.794964028776978,0.521739130434783,0.391304347826087,"coupled","efa_d",95,619
8,10,80,3,1.5,22,23,255,0.339796599420114,0.268120492663802,1,0.640287769784173,0.727272727272727,0.741007194244604,0.521739130434783,0.521739130434783,"coupled","efa_d",95,619
8,10,80,3,1.7,22,23,255,0.319518969552675,0.267556400544972,1,0.607913669064748,0.772727272727273,0.70863309352518,0.565217391304348,0.608695652173913,"coupled","efa_d",95,619
8,10,80,3,1.9,22,23,255,0.300735651642021,0.249320798815526,1,0.575539568345324,0.772727272727273,0.683453237410072,0.608695652173913,0.608695652173913,"coupled","efa_d",95,619
8,10,80,3,2.1,22,23,255,0.290851153428617,0.223011767202472,1,0.557553956834532,0.772727272727273,0.643884892086331,0.608695652173913,0.608695652173913,"coupled","efa_d",95,619
8,10,80,3,2.3,22,23,255,0.273908184855308,0.218476053096544,1,0.525179856115108,0.818181818181818,0.597122302158273,0.652173913043478,0.652173913043478,"coupled","efa_d",95,619
8,10,80,3,2.5,22,23,255,0.252747749704122,0.194296869659155,1,0.482014388489209,0.818181818181818,0.553956834532374,0.695652173913043,0.695652173913043,"coupled","efa_d",95,619
8,10,80,3,2.7,22,23,255,0.236125804780954,0.175281757969113,1,0.446043165467626,0.818181818181818,0.517985611510791,0.739130434782609,0.695652173913043,"coupled","efa_d",95,619
8,10,80,3,2.9,22,23,255,0.220234268399559,0.149865354980599,1,0.410071942446043,0.818181818181818,0.467625899280576,0.826086956521739,0.695652173913043,"coupled","efa_d",95,619
12,10,120,3,0.1,23,22,255,0.456896948670709,0.492465411423939,0.565217391304348,0.942238267148014,0.391304347826087,0.985559566787004,0.227272727272727,0.0454545454545455,"coupled","efa_d",215,855
12,10,120,3,0.3,23,22,255,0.471895304680045,0.471251339977093,0.652173913043478,0.924187725631769,0.434782608695652,0.974729241877256,0.227272727272727,0.136363636363636,"coupled","efa_d",215,855
12,10,120,3,0.5,23,22,255,0.497544776997256,0.495658739900033,0.739130434782609,0.909747292418773,0.521739130434783,0.963898916967509,0.227272727272727,0.227272727272727,"coupled","efa_d",215,855
12,10,120,3,0.7,23,22,255,0.476244662103828,0.502402157607891,0.782608695652174,0.884476534296029,0.565217391304348,0.956678700361011,0.272727272727273,0.272727272727273,"coupled","efa_d",215,855
12,10,120,3,0.9,23,22,255,0.457814932155932,0.509217623864965,0.782608695652174,0.873646209386282,0.652173913043478,0.938628158844765,0.318181818181818,0.318181818181818,"coupled","efa_d",215,855
12,10,120,3,1.1,23,22,255,0.440717582163939,0.539640072882215,0.782608695652174,0.862815884476534,0.739130434782609,0.927797833935018,0.363636363636364,0.363636363636364,"coupled","efa_d",215,855
12,10,120,3,1.3,23,22,255,0.391355851786784,0.53802884448257,0.782608695652174,0.826714801444043,0.826086956521739,0.902527075812274,0.363636363636364,0.409090909090909,"coupled","efa_d",215,855
12,10,120,3,1.5,23,22,255,0.408280509443833,0.490664604398645,0.869565217391304,0.797833935018051,0.826086956521739,0.877256317689531,0.454545454545455,0.409090909090909,"coupled","efa_d",215,855
12,10,120,3,1.7,23,22,255,0.374874613143566,0.417032360201042,0.869565217391304,0.765342960288809,0.826086956521739,0.826714801444043,0.590909090909091,0.454545454545455,"coupled","efa_d",215,855
12,10,120,3,1.9,23,22,255,0.351762741658859,0.387319094447937,0.869565217391304,0.740072202166065,0.826086956521739,0.8014440433213,0.636363636363636,0.454545454545455,"coupled","efa_d",215,855
12,10,120,3,2.1,23,22,255,0.345738318797458,0.375647438830893,0.91304347826087,0.703971119133574,0.826086956521739,0.790613718411552,0.636363636363636,0.454545454545455,"coupled","efa_d",215,855
12,10,120,3,2.3,23,22,255,0.334690793541759,0.33718048703552,0.91304347826087,0.689530685920578,0.826086956521739,0.750902527075812,0.636363636363636,0.454545454545455,"coupled","efa_d",215,855
12,10,120,3,2.5,23,22,255,0.318973980148853,0.312622140441449,0.91304347826087,0.667870036101083,0.826086956521739,0.72202166064982,0.636363636363636,0.590909090909091,"coupled","efa_d",215,855
12,10,120,3,2.7,23,22,255,0.301767582651291,0.290279918858506,0.91304347826087,0.642599277978339,0.826086956521739,0.693140794223827,0.681818181818182,0.727272727272727,"coupled","efa_d",215,855
12,10,120,3,2.9,23,22,255,0.281150332055568,0.26726244594477,0.91304347826087,0.610108303249097,0.826086956521739,0.660649819494585,0.727272727272727,0.727272727272727,"coupled","efa_d",215,855
20,10,200,3,0.1,23,22,255,0.365255572898503,0.463424577015608,0.260869565217391,0.985559566787004,0.304347826086957,0.992779783393502,0.0909090909090909,0.0454545454545455,"coupled","efa_d",597,1112
20,10,200,3,0.3,23,22,255,0.452651373976936,0.463424577015608,0.347826086956522,0.985559566787004,0.304347826086957,0.992779783393502,0.0909090909090909,0.0454545454545455,"coupled","efa_d",597,1112
20,10,200,3,0.5,23,22,255,0.530224432233277,0.543732012236404,0.434782608695652,0.985559566787004,0.391304347826087,0.992779783393502,0.0909090909090909,0.0454545454545455,"coupled","efa_d",597,1112
20,10,200,3,0.7,23,22,255,0.508736225351709,0.516585183860684,0.434782608695652,0.981949458483754,0.391304347826087,0.989169675090253,0.136363636363636,0.0454545454545455,"coupled","efa_d",597,1112
20,10,200,3,0.9,23,22,255,0.525438922189867,0.553997949294485,0.478260869565217,0.978339350180505,0.434782608695652,0.989169675090253,0.136363636363636,0.0454545454545455,"coupled","efa_d",597,1112
20,10,200,3,1.1,23,22,255,0.559280177886337,0.623704863849271,0.565217391304348,0.971119133574007,0.521739130434783,0.989169675090253,0.136363636363636,0.0454545454545455,"coupled","efa_d",597,1112
20,10,200,3,1.3,23,22,255,0.547731675587551,0.626143369708215,0.608695652173913,0.96028880866426,0.608695652173913,0.978339350180505,0.136363636363636,0.0909090909090909,"coupled","efa_d",597,1112
20,10,200,3,1.5,23,22,255,0.547731675587551,0.623720890303165,0.608695652173913,0.96028880866426,0.695652173913043,0.963898916967509,0.136363636363636,0.181818181818182,"coupled","efa_d",597,1112
20,10,200,3,1.7,23,22,255,0.553566442402535,0.596634371012691,0.652173913043478,0.953068592057762,0.695652173913043,0.956678700361011,0.136363636363636,0.227272727272727,"coupled","efa_d",597,1112
20,10,200,3,1.9,23,22,255,0.608372884675154,0.560717161223468,0.782608695652174,0.942238267148014,0.695652173913043,0.945848375451264,0.181818181818182,0.227272727272727,"coupled","efa_d",597,1112
20,10,200,3,2.1,23,22,255,0.643624185646172,0.568851042881619,0.869565217391304,0.935018050541516,0.739130434782609,0.938628158844765,0.227272727272727,0.227272727272727,"coupled","efa_d",597,1112
20,10,200,3,2.3,23,22,255,0.572800204530991,0.559172219958219,0.869565217391304,0.906137184115523,0.782608695652174,0.924187725631769,0.272727272727273,0.272727272727273,"coupled","efa_d",597,1112
20,10,200,3,2.5,23,22,255,0.577096472902285,0.561446672470319,0.91304347826087,0.895306859205776,0.826086956521739,0.913357400722022,0.363636363636364,0.318181818181818,"coupled","efa_d",597,1112
20,10,200,3,2.7,23,22,255,0.543414578637107,0.523546581726723,0.91304347826087,0.877256317689531,0.826086956521739,0.895306859205776,0.363636363636364,0.318181818181818,"coupled","efa_d",597,1112
20,10,200,3,2.9,23,22,255,0.519340606528192,0.478658124380451,0.91304347826087,0.862815884476534,0.826086956521739,0.870036101083033,0.409090909090909,0.318181818181818,"coupled","efa_d",597,1112
30,10,300,3,0.1,22,23,255,0.50782376093551,0.50902007441864,0.272727272727273,1,0.318181818181818,0.996402877697842,0,0,"coupled","efa_d",1346,2166
30,10,300,3,0.3,22,23,255,0.50782376093551,0.588869340708312,0.272727272727273,1,0.409090909090909,0.996402877697842,0,0,"coupled","efa_d",1346,2166
30,10,300,3,0.5,22,23,255,0.588389108891401,0.588869340708312,0.363636363636364,1,0.409090909090909,0.996402877697842,0,0,"coupled","efa_d",1346,2166
30,10,300,3,0.7,22,23,255,0.588389108891401,0.588869340708312,0.363636363636364,1,0.409090909090909,0.996402877697842,0,0,"coupled","efa_d",1346,2166
30,10,300,3,0.9,22,23,255,0.588389108891401,0.660360612914435,0.363636363636364,1,0.5,0.996402877697842,0,0,"coupled","efa_d",1346,2166
30,10,300,3,1.1,22,23,255,0.660103535148834,0.693755023998172,0.454545454545455,1,0.545454545454545,0.996402877697842,0,0,"coupled","efa_d",1346,2166
30,10,300,3,1.3,22,23,255,0.725613637905981,0.725864497368817,0.545454545454545,1,0.590909090909091,0.996402877697842,0,0,"coupled","efa_d",1346,2166
30,10,300,3,1.5,22,23,255,0.786487924209197,0.698178415393358,0.636363636363636,1,0.590909090909091,0.992805755395683,0,0,"coupled","efa_d",1346,2166
30,10,300,3,1.7,22,23,255,0.843746295102598,0.705331936984941,0.727272727272727,1,0.636363636363636,0.989208633093525,0,0,"coupled","efa_d",1346,2166
30,10,300,3,1.9,22,23,255,0.898095987253636,0.714347125651536,0.818181818181818,1,0.681818181818182,0.985611510791367,0,0.0434782608695652,"coupled","efa_d",1346,2166
30,10,300,3,2.1,22,23,255,0.950051263141838,0.714347125651536,0.909090909090909,1,0.681818181818182,0.985611510791367,0,0.0434782608695652,"coupled","efa_d",1346,2166
30,10,300,3,2.3,22,23,255,0.925140011106173,0.72467630339086,0.909090909090909,0.996402877697842,0.727272727272727,0.982014388489209,0,0.0869565217391304,"coupled","efa_d",1346,2166
30,10,300,3,2.5,22,23,255,0.976258681625987,0.754741661216481,1,0.996402877697842,0.772727272727273,0.982014388489209,0,0.0869565217391304,"coupled","efa_d",1346,2166
30,10,300,3,2.7,22,23,255,0.976258681625987,0.718310676358324,1,0.996402877697842,0.772727272727273,0.974820143884892,0,0.130434782608696,"coupled","efa_d",1346,2166
30,10,300,3,2.9,22,23,255,0.976258681625987,0.731427976405868,1,0.996402877697842,0.818181818181818,0.971223021582734,0,0.173913043478261,"coupled","efa_d",1346,2166
4,3,12,4,0.1,22,23,255,0.148166218649453,0.0494397696659187,0.545454545454545,0.715827338129496,0.409090909090909,0.679856115107914,0.347826086956522,0.391304347826087,"weighted","efa_d",66,30
4,3,12,4,0.3,22,23,255,0.0914319259613297,0.0777428991228449,0.590909090909091,0.58273381294964,0.590909090909091,0.557553956834532,0.347826086956522,0.478260869565217,"weighted","efa_d",66,30
4,3,12,4,0.5,22,23,255,0.114866523362837,0.0525388481272413,0.727272727272727,0.492805755395683,0.636363636363636,0.464028776978417,0.478260869565217,0.565217391304348,"weighted","efa_d",66,30
4,3,12,4,0.7,22,23,255,0.121807767157518,0.0432784043768831,0.818181818181818,0.410071942446043,0.681818181818182,0.399280575539568,0.521739130434783,0.608695652173913,"weighted","efa_d",66,30
4,3,12,4,0.9,22,23,255,0.150055947250264,0.0761671827223969,0.954545454545455,0.305755395683453,0.818181818181818,0.316546762589928,0.608695652173913,0.652173913043478,"weighted","efa_d",66,30
4,3,12,4,1.1,22,23,255,0.158083945701891,0.137595973873428,1,0.258992805755396,0.954545454545455,0.276978417266187,0.695652173913043,0.695652173913043,"weighted","efa_d",66,30
4,3,12,4,1.3,22,23,255,0.136245834563223,0.146495042454426,1,0.205035971223022,1,0.23021582733813,0.739130434782609,0.695652173913043,"weighted","efa_d",66,30
4,3,12,4,1.5,22,23,255,0.113502057611958,0.131800867518828,1,0.151079136690647,1,0.194244604316547,0.91304347826087,0.782608695652174,"weighted","efa_d",66,30
4,3,12,4,1.7,22,23,255,0.103881504159667,0.118174863442086,1,0.129496402877698,1,0.161870503597122,0.91304347826087,0.782608695652174,"weighted","efa_d",66,30
4,3,12,4,1.9,22,23,255,0.0866563385468427,0.103881504159667,1,0.0935251798561151,1,0.129496402877698,0.91304347826087,0.826086956521739,"weighted","efa_d",66,30
4,3,12,4,2.1,22,23,255,0.0522384092563825,0.0920244638735079,1,0.0359712230215827,1,0.10431654676259,1,0.869565217391304,"weighted","efa_d",66,30
4,3,12,4,2.3,22,23,255,0.0366237606136064,0.0848188929679971,1,0.0179856115107914,1,0.0899280575539568,1,0.869565217391304,"weighted","efa_d",66,30
4,3,12,4,2.5,22,23,255,0.0230460133033402,0.0710723443150359,1,0.00719424460431655,1,0.0647482014388489,1,0.956521739130435,"weighted","efa_d",66,30
4,3,12,4,2.7,22,23,255,0.0162687186397353,0.0667712895404933,1,0.00359712230215827,1,0.0575539568345324,1,0.956521739130435,"weighted","efa_d",66,30
4,3,12,4,2.9,22,23,255,0,0.0574226619925596,1,0,1,0.0431654676258993,1,1,"weighted","efa_d",66,30
8,3,24,4,0.1,23,22,255,0.18297122438344,0.155766321241919,0.478260869565217,0.805054151624549,0.434782608695652,0.805054151624549,0.136363636363636,0.136363636363636,"weighted","efa_d",276,49
8,3,24,4,0.3,23,22,255,0.112090913058985,0.139430160146542,0.478260869565217,0.714801444043321,0.521739130434783,0.71841155234657,0.272727272727273,0.318181818181818,"weighted","efa_d",276,49
8,3,24,4,0.5,23,22,255,0.147001993060151,0.0884113899083468,0.608695652173913,0.657039711191336,0.521739130434783,0.63898916967509,0.409090909090909,0.363636363636364,"weighted","efa_d",276,49
8,3,24,4,0.7,23,22,255,0.16542903251648,0.0593982175811303,0.739130434782609,0.570397111913357,0.521739130434783,0.588447653429603,0.545454545454545,0.454545454545455,"weighted","efa_d",276,49
8,3,24,4,0.9,23,22,255,0.145842958653176,0.0684188415320776,0.782608695652174,0.490974729241877,0.608695652173913,0.51985559566787,0.545454545454545,0.454545454545455,"weighted","efa_d",276,49
8,3,24,4,1.1,23,22,255,0.158555848511695,0.0459331139793088,0.869565217391304,0.422382671480144,0.652173913043478,0.433212996389892,0.681818181818182,0.590909090909091,"weighted","efa_d",276,49
8,3,24,4,1.3,23,22,255,0.117099014804529,0.0449115250640915,0.869565217391304,0.335740072202166,0.695652173913043,0.386281588447653,0.772727272727273,0.681818181818182,"weighted","efa_d",276,49
8,3,24,4,1.5,23,22,255,0.0814256519304729,0.106623063641474,0.869565217391304,0.263537906137184,0.869565217391304,0.314079422382672,0.818181818181818,0.727272727272727,"weighted","efa_d",276,49
8,3,24,4,1.7,23,22,255,0.0458948809027071,0.101496158121498,0.869565217391304,0.1985559566787,0.91304347826087,0.249097472924188,0.863636363636364,0.772727272727273,"weighted","efa_d",276,49
8,3,24,4,1.9,23,22,255,0.0595349388540686,0.0697857567111155,0.91304347826087,0.169675090252708,0.91304347826087,0.187725631768953,0.863636363636364,0.909090909090909,"weighted","efa_d",276,49
8,3,24,4,2.1,23,22,255,0.0417011956430082,0.0840484812539517,0.91304347826087,0.140794223826715,0.956521739130435,0.155234657039711,0.909090909090909,0.954545454545455,"weighted","efa_d",276,49
8,3,24,4,2.3,23,22,255,0.00631662952948951,0.104721322622266,0.91304347826087,0.0938628158844765,1,0.126353790613718,0.954545454545455,0.954545454545455,"weighted","efa_d",276,49
8,3,24,4,2.5,23,22,255,0.0299526697551067,0.096051196403405,0.956521739130435,0.0722021660649819,1,0.108303249097473,0.954545454545455,1,"weighted","efa_d",276,49
8,3,24,4,2.7,23,22,255,0.00862264788731711,0.0830324909747292,0.956521739130435,0.0505415162454874,1,0.0830324909747292,0.954545454545455,1,"weighted","efa_d",276,49
8,3,24,4,2.9,23,22,255,0.0535087781953221,0.070624482150649,1,0.036101083032491,1,0.0613718411552347,0.954545454545455,1,"weighted","efa_d",276,49
12,3,36,4,0.1,23,22,255,0.191605639347651,0.227867226456947,0.347826086956522,0.891696750902527,0.478260869565217,0.848375451263538,0.181818181818182,0.272727272727273,"weighted","efa_d",630,77
12,3,36,4,0.3,23,22,255,0.215642941467375,0.203083912799124,0.478260869565217,0.837545126353791,0.521739130434783,0.797833935018051,0.318181818181818,0.363636363636364,"weighted","efa_d",630,77
12,3,36,4,0.5,23,22,255,0.209765261593729,0.213871233158986,0.565217391304348,0.776173285198556,0.608695652173913,0.750902527075812,0.454545454545455,0.409090909090909,"weighted","efa_d",630,77
12,3,36,4,0.7,23,22,255,0.159011636203267,0.224077278904686,0.565217391304348,0.711191335740072,0.695652173913043,0.700361010830325,0.590909090909091,0.454545454545455,"weighted","efa_d",630,77
12,3,36,4,0.9,23,22,255,0.135767024044323,0.171704981476604,0.608695652173913,0.63898916967509,0.695652173913043,0.620938628158845,0.681818181818182,0.5,"weighted","efa_d",630,77
12,3,36,4,1.1,23,22,255,0.148406585064058,0.147499672821985,0.695652173913043,0.581227436823105,0.739130434782609,0.537906137184116,0.772727272727273,0.545454545454545,"weighted","efa_d",630,77
12,3,36,4,1.3,23,22,255,0.113265451548036,0.127396097735603,0.739130434782609,0.472924187725632,0.782608695652174,0.454873646209386,0.772727272727273,0.590909090909091,"weighted","efa_d",630,77
12,3,36,4,1.5,23,22,255,0.130924316486363,0.113485885959608,0.869565217391304,0.364620938628159,0.826086956521739,0.379061371841155,0.772727272727273,0.772727272727273,"weighted","efa_d",630,77
12,3,36,4,1.7,23,22,255,0.0869472500225965,0.11362084515032,0.869565217391304,0.274368231046931,0.869565217391304,0.328519855595668,0.863636363636364,0.818181818181818,"weighted","efa_d",630,77
12,3,36,4,1.9,23,22,255,0.0458948809027071,0.108499273238135,0.869565217391304,0.1985559566787,0.91304347826087,0.263537906137184,0.909090909090909,0.818181818181818,"weighted","efa_d",630,77
12,3,36,4,2.1,23,22,255,0.0530842763405896,0.114447903607238,0.91304347826087,0.15884476534296,0.956521739130435,0.216606498194946,0.909090909090909,0.863636363636364,"weighted","efa_d",630,77
12,3,36,4,2.3,23,22,255,0.0239765840214115,0.138045779627226,0.91304347826087,0.115523465703971,1,0.202166064981949,0.954545454545455,0.954545454545455,"weighted","efa_d",630,77
12,3,36,4,2.5,23,22,255,-0.00738885719412326,0.121048719633676,0.91304347826087,0.0794223826714801,1,0.162454873646209,1,0.954545454545455,"weighted","efa_d",630,77
12,3,36,4,2.7,23,22,255,-0.0431186366874125,0.106407764780795,0.91304347826087,0.0505415162454874,1,0.129963898916967,1,0.954545454545455,"weighted","efa_d",630,77
12,3,36,4,2.9,23,22,255,-0.10783335284451,0.0942623769759861,0.91304347826087,0.0216606498194946,1,0.104693140794224,1,0.954545454545455,"weighted","efa_d",630,77
20,3,60,4,0.1,22,23,255,0.217765455660473,0.185881541159054,0.227272727272727,0.960431654676259,0.363636363636364,0.881294964028777,0.0434782608695652,0.260869565217391,"weighted","efa_d",1770,131
20,3,60,4,0.3,22,23,255,0.179618209899357,0.254890532603924,0.272727272727273,0.924460431654676,0.545454545454545,0.838129496402878,0.130434782608696,0.347826086956522,"weighted","efa_d",1770,131
20,3,60,4,0.5,22,23,255,0.136756043340498,0.198069249929221,0.272727272727273,0.89568345323741,0.545454545454545,0.780575539568345,0.173913043478261,0.391304347826087,"weighted","efa_d",1770,131
20,3,60,4,0.7,22,23,255,0.131083743677814,0.228871291772639,0.363636363636364,0.830935251798561,0.681818181818182,0.723021582733813,0.217391304347826,0.521739130434783,"weighted","efa_d",1770,131
20,3,60,4,0.9,22,23,255,0.135659525460431,0.186281205914027,0.454545454545455,0.76978417266187,0.681818181818182,0.661870503597122,0.260869565217391,0.608695652173913,"weighted","efa_d",1770,131
20,3,60,4,1.1,22,23,255,0.218197557027963,0.183608172720368,0.681818181818182,0.70863309352518,0.727272727272727,0.618705035971223,0.304347826086957,0.652173913043478,"weighted","efa_d",1770,131
20,3,60,4,1.3,22,23,255,0.159695459383693,0.157207958022882,0.681818181818182,0.618705035971223,0.772727272727273,0.528776978417266,0.391304347826087,0.695652173913043,"weighted","efa_d",1770,131
20,3,60,4,1.5,22,23,255,0.0911158580000101,0.17734859438763,0.681818181818182,0.492805755395683,0.863636363636364,0.474820143884892,0.565217391304348,0.695652173913043,"weighted","efa_d",1770,131
20,3,60,4,1.7,22,23,255,0.0474377515643746,0.182766315850202,0.727272727272727,0.359712230215827,0.954545454545455,0.381294964028777,0.739130434782609,0.782608695652174,"weighted","efa_d",1770,131
20,3,60,4,1.9,22,23,255,0.0539756591614527,0.146950375234169,0.818181818181818,0.273381294964029,0.954545454545455,0.298561151079137,0.782608695652174,0.826086956521739,"weighted","efa_d",1770,131
20,3,60,4,2.1,22,23,255,0.0082027254204237,0.126554823073113,0.818181818181818,0.194244604316547,0.954545454545455,0.251798561151079,0.869565217391304,0.826086956521739,"weighted","efa_d",1770,131
20,3,60,4,2.3,22,23,255,0.0132491650453175,0.101951412538108,0.863636363636364,0.154676258992806,0.954545454545455,0.197841726618705,0.91304347826087,0.826086956521739,"weighted","efa_d",1770,131
20,3,60,4,2.5,22,23,255,0.0171642252849257,0.113502057611958,0.909090909090909,0.111510791366906,1,0.151079136690647,0.91304347826087,0.91304347826087,"weighted","efa_d",1770,131
20,3,60,4,2.7,22,23,255,0.0300850228907783,0.0988986314036196,0.954545454545455,0.0755395683453237,1,0.118705035971223,0.91304347826087,0.91304347826087,"weighted","efa_d",1770,131
20,3,60,4,2.9,22,23,255,0.0300850228907783,0.0848188929679971,0.954545454545455,0.0755395683453237,1,0.0899280575539568,0.91304347826087,0.956521739130435,"weighted","efa_d",1770,131
30,3,90,4,0.1,23,22,255,0.181805993132256,0.105320985716528,0.391304347826087,0.859205776173285,0.173913043478261,0.931407942238267,0.318181818181818,0.227272727272727,"coupled","efa_d",121,218
30,3,90,4,0.3,23,22,255,0.219632307353826,0.143944620561191,0.478260869565217,0.84115523465704,0.260869565217391,0.906137184115523,0.363636363636364,0.227272727272727,"coupled","efa_d",121,218
30,3,90,4,0.5,23,22,255,0.20989255111285,0.220476335848526,0.521739130434783,0.805054151624549,0.434782608695652,0.866425992779783,0.454545454545455,0.363636363636364,"coupled","efa_d",121,218
30,3,90,4,0.7,23,22,255,0.229069902983629,0.207901695517793,0.608695652173913,0.768953068592058,0.478260869565217,0.830324909747292,0.5,0.454545454545455,"coupled","efa_d",121,218
30,3,90,4,0.9,23,22,255,0.221447901409214,0.18696021708816,0.652173913043478,0.729241877256318,0.521739130434783,0.779783393501805,0.5,0.5,"coupled","efa_d",121,218
30,3,90,4,1.1,23,22,255,0.232568263943314,0.139430160146542,0.739130434782609,0.67870036101083,0.521739130434783,0.71841155234657,0.545454545454545,0.590909090909091,"coupled","efa_d",121,218
30,3,90,4,1.3,23,22,255,0.229628351562199,0.175397836910566,0.782608695652174,0.63898916967509,0.652173913043478,0.664259927797834,0.545454545454545,0.636363636363636,"coupled","efa_d",121,218
30,3,90,4,1.5,23,22,255,0.200987762917967,0.209530771549524,0.782608695652174,0.592057761732852,0.782608695652174,0.606498194945848,0.590909090909091,0.681818181818182,"coupled","efa_d",121,218
30,3,90,4,1.7,23,22,255,0.211066754173479,0.189851496729844,0.869565217391304,0.527075812274368,0.826086956521739,0.530685920577617,0.636363636363636,0.772727272727273,"coupled","efa_d",121,218
30,3,90,4,1.9,23,22,255,0.17613527700177,0.161737918200696,0.869565217391304,0.458483754512635,0.826086956521739,0.476534296028881,0.772727272727273,0.772727272727273,"coupled","efa_d",121,218
30,3,90,4,2.1,23,22,255,0.206374847606534,0.141257221269024,0.956521739130435,0.422382671480144,0.869565217391304,0.386281588447653,0.818181818181818,0.818181818181818,"coupled","efa_d",121,218
30,3,90,4,2.3,23,22,255,0.183574845904472,0.117099014804529,0.956521739130435,0.371841155234657,0.869565217391304,0.335740072202166,0.863636363636364,0.818181818181818,"coupled","efa_d",121,218
30,3,90,4,2.5,23,22,255,0.16288558344717,0.0995540301886118,0.956521739130435,0.324909747292419,0.869565217391304,0.299638989169675,0.954545454545455,0.818181818181818,"coupled","efa_d",121,218
30,3,90,4,2.7,23,22,255,0.147024803832742,0.0758157257218514,0.956521739130435,0.288808664259928,0.869565217391304,0.252707581227437,0.954545454545455,0.818181818181818,"coupled","efa_d",121,218
30,3,90,4,2.9,23,22,255,0.158967789576202,0.0562890726971072,1,0.252707581227437,0.869565217391304,0.216606498194946,0.954545454545455,0.818181818181818,"coupled","efa_d",121,218
4,6,24,4,0.1,20,25,255,0.173702083444913,0.226615120265253,0.45,0.825,0.55,0.817857142857143,0.44,0.36,"weighted","efa_d",276,61
4,6,24,4,0.3,20,25,255,0.188064704117239,0.182303574236429,0.55,0.775,0.55,0.767857142857143,0.52,0.44,"weighted","efa_d",276,61
4,6,24,4,0.5,20,25,255,0.191512554418525,0.131775408947805,0.65,0.707142857142857,0.55,0.696428571428571,0.56,0.56,"weighted","efa_d",276,61
4,6,24,4,0.7,20,25,255,0.167782674104683,0.178339560247575,0.7,0.628571428571429,0.7,0.646428571428571,0.56,0.56,"weighted","efa_d",276,61
4,6,24,4,0.9,20,25,255,0.193828721514277,0.14770004453671,0.8,0.585714285714286,0.7,0.592857142857143,0.56,0.6,"weighted","efa_d",276,61
4,6,24,4,1.1,20,25,255,0.210264201286413,0.162142089957795,0.9,0.521428571428571,0.8,0.525,0.6,0.6,"weighted","efa_d",276,61
4,6,24,4,1.3,20,25,255,0.171666501551998,0.164539329692607,0.9,0.439285714285714,0.85,0.478571428571429,0.64,0.6,"weighted","efa_d",276,61
4,6,24,4,1.5,20,25,255,0.169599113120816,0.201943134418919,0.95,0.375,0.95,0.45,0.72,0.64,"weighted","efa_d",276,61
4,6,24,4,1.7,20,25,255,0.135417871028077,0.178656894441255,0.95,0.292857142857143,0.95,0.396428571428571,0.72,0.72,"weighted","efa_d",276,61
4,6,24,4,1.9,20,25,255,0.147441956154897,0.159147434553375,1,0.25,0.95,0.35,0.84,0.76,"weighted","efa_d",276,61
4,6,24,4,2.1,20,25,255,0.130840530387077,0.136904761904762,1,0.207142857142857,0.95,0.296428571428571,0.92,0.8,"weighted","efa_d",276,61
4,6,24,4,2.3,20,25,255,0.115192618497436,0.154303349962092,1,0.167857142857143,1,0.267857142857143,0.92,0.8,"weighted","efa_d",276,61
4,6,24,4,2.5,20,25,255,0.0986927542439654,0.137794563652388,1,0.128571428571429,1,0.225,1,0.92,"weighted","efa_d",276,61
4,6,24,4,2.7,20,25,255,0.0857492925712544,0.119522860933439,1,0.1,1,0.178571428571429,1,0.92,"weighted","efa_d",276,61
4,6,24,4,2.9,20,25,255,0.0733235575106766,0.107832773203438,1,0.075,1,0.15,1,0.96,"weighted","efa_d",276,61
8,6,48,4,0.1,21,24,255,0.0785422988622087,0.181688854821877,0.19047619047619,0.903225806451613,0.380952380952381,0.870967741935484,0.25,0.333333333333333,"weighted","efa_d",1128,190
8,6,48,4,0.3,21,24,255,0.292474741908388,0.173881087541494,0.523809523809524,0.881720430107527,0.428571428571429,0.835125448028674,0.291666666666667,0.541666666666667,"weighted","efa_d",1128,190
8,6,48,4,0.5,21,24,255,0.291540301406854,0.212904614088543,0.619047619047619,0.835125448028674,0.571428571428571,0.78494623655914,0.333333333333333,0.583333333333333,"weighted","efa_d",1128,190
8,6,48,4,0.7,21,24,255,0.230695923515139,0.178071496811643,0.619047619047619,0.774193548387097,0.571428571428571,0.741935483870968,0.416666666666667,0.625,"weighted","efa_d",1128,190
8,6,48,4,0.9,21,24,255,0.285320996514937,0.185860783646435,0.761904761904762,0.745519713261649,0.619047619047619,0.716845878136201,0.5,0.625,"weighted","efa_d",1128,190
8,6,48,4,1.1,21,24,255,0.254605029716678,0.214336057461999,0.761904761904762,0.706093189964158,0.714285714285714,0.684587813620072,0.541666666666667,0.625,"weighted","efa_d",1128,190
8,6,48,4,1.3,21,24,255,0.233746028526187,0.204829309774014,0.80952380952381,0.637992831541219,0.761904761904762,0.630824372759857,0.583333333333333,0.708333333333333,"weighted","efa_d",1128,190
8,6,48,4,1.5,21,24,255,0.216667951421994,0.194345114599602,0.857142857142857,0.566308243727599,0.80952380952381,0.56989247311828,0.583333333333333,0.708333333333333,"weighted","efa_d",1128,190
8,6,48,4,1.7,21,24,255,0.188716518074573,0.188716518074573,0.857142857142857,0.512544802867383,0.857142857142857,0.512544802867383,0.583333333333333,0.791666666666667,"weighted","efa_d",1128,190
8,6,48,4,1.9,21,24,255,0.15405386323479,0.169379311812265,0.857142857142857,0.440860215053763,0.857142857142857,0.473118279569892,0.666666666666667,0.791666666666667,"weighted","efa_d",1128,190
8,6,48,4,2.1,21,24,255,0.125765222687997,0.173939147637081,0.857142857142857,0.379928315412186,0.904761904761905,0.43010752688172,0.666666666666667,0.833333333333333,"weighted","efa_d",1128,190
8,6,48,4,2.3,21,24,255,0.135380792606461,0.160954006583017,0.904761904761905,0.344086021505376,0.904761904761905,0.401433691756272,0.791666666666667,0.833333333333333,"weighted","efa_d",1128,190
8,6,48,4,2.5,21,24,255,0.137423757622538,0.136974839109154,0.952380952380952,0.28673835125448,0.904761904761905,0.347670250896057,0.833333333333333,0.875,"weighted","efa_d",1128,190
8,6,48,4,2.7,21,24,255,0.11416636663448,0.122587745827799,0.952380952380952,0.232974910394265,0.904761904761905,0.315412186379928,0.916666666666667,0.875,"weighted","efa_d",1128,190
8,6,48,4,2.9,21,24,255,0.10123000363092,0.107996828795442,0.952380952380952,0.204301075268817,0.904761904761905,0.283154121863799,0.916666666666667,0.875,"weighted","efa_d",1128,190
12,6,72,4,0.1,24,21,255,0.292278290850758,0.402487878735054,0.625,0.818840579710145,0.5,0.938405797101449,0.428571428571429,0.19047619047619,"coupled","efa_d",77,378
12,6,72,4,0.3,24,21,255,0.287310531469158,0.390395052733906,0.666666666666667,0.789855072463768,0.541666666666667,0.920289855072464,0.476190476190476,0.19047619047619,"coupled","efa_d",77,378
12,6,72,4,0.5,24,21,255,0.247799153729582,0.426684071824589,0.666666666666667,0.746376811594203,0.666666666666667,0.894927536231884,0.523809523809524,0.285714285714286,"coupled","efa_d",77,378
12,6,72,4,0.7,24,21,255,0.245485760041318,0.44678013288961,0.708333333333333,0.713768115942029,0.791666666666667,0.858695652173913,0.571428571428571,0.333333333333333,"coupled","efa_d",77,378
12,6,72,4,0.9,24,21,255,0.252556869108158,0.397944341368309,0.75,0.692028985507246,0.791666666666667,0.822463768115942,0.571428571428571,0.428571428571429,"coupled","efa_d",77,378
12,6,72,4,1.1,24,21,255,0.222386787162089,0.389313432842161,0.75,0.648550724637681,0.833333333333333,0.793478260869565,0.619047619047619,0.428571428571429,"coupled","efa_d",77,378
12,6,72,4,1.3,24,21,255,0.242460894035516,0.35084445533802,0.833333333333333,0.608695652173913,0.875,0.728260869565217,0.714285714285714,0.476190476190476,"coupled","efa_d",77,378
12,6,72,4,1.5,24,21,255,0.241358811910725,0.330187054284846,0.875,0.568840579710145,0.875,0.702898550724638,0.714285714285714,0.523809523809524,"coupled","efa_d",77,378
12,6,72,4,1.7,24,21,255,0.255708156905398,0.300724378283674,0.916666666666667,0.554347826086957,0.875,0.66304347826087,0.761904761904762,0.619047619047619,"coupled","efa_d",77,378
12,6,72,4,1.9,24,21,255,0.268350323608698,0.316987808185776,0.958333333333333,0.536231884057971,0.958333333333333,0.619565217391304,0.761904761904762,0.714285714285714,"coupled","efa_d",77,378
12,6,72,4,2.1,24,21,255,0.275838642183685,0.317363237411695,1,0.507246376811594,1,0.583333333333333,0.80952380952381,0.714285714285714,"coupled","efa_d",77,378
12,6,72,4,2.3,24,21,255,0.252656158555246,0.290977992672435,1,0.460144927536232,1,0.536231884057971,0.857142857142857,0.761904761904762,"coupled","efa_d",77,378
12,6,72,4,2.5,24,21,255,0.237441370035828,0.268533585088075,1,0.427536231884058,1,0.492753623188406,0.857142857142857,0.80952380952381,"coupled","efa_d",77,378
12,6,72,4,2.7,24,21,255,0.222765352913007,0.247517316837403,1,0.394927536231884,1,0.449275362318841,0.904761904761905,0.80952380952381,"coupled","efa_d",77,378
12,6,72,4,2.9,24,21,255,0.210080251424195,0.234137600310196,1,0.365942028985507,1,0.420289855072464,0.904761904761905,0.80952380952381,"coupled","efa_d",77,378
20,6,120,4,0.1,21,24,255,0.484503612858339,0.411259593773813,0.571428571428571,0.953405017921147,0.285714285714286,0.989247311827957,0.125,0.125,"coupled","efa_d",215,501
20,6,120,4,0.3,21,24,255,0.51821974665936,0.458159358324295,0.666666666666667,0.942652329749104,0.428571428571429,0.974910394265233,0.125,0.166666666666667,"coupled","efa_d",215,501
20,6,120,4,0.5,21,24,255,0.488102931792903,0.425784315771743,0.666666666666667,0.931899641577061,0.428571428571429,0.967741935483871,0.125,0.166666666666667,"coupled","efa_d",215,501
20,6,120,4,0.7,21,24,255,0.499381467676315,0.474096668746717,0.761904761904762,0.910394265232975,0.523809523809524,0.960573476702509,0.25,0.166666666666667,"coupled","efa_d",215,501
20,6,120,4,0.9,21,24,255,0.477117887052572,0.472710586227643,0.761904761904762,0.899641577060932,0.571428571428571,0.949820788530466,0.25,0.208333333333333,"coupled","efa_d",215,501
20,6,120,4,1.1,21,24,255,0.450438693971912,0.413063610893839,0.761904761904762,0.885304659498208,0.571428571428571,0.92831541218638,0.291666666666667,0.291666666666667,"coupled","efa_d",215,501
20,6,120,4,1.3,21,24,255,0.477750949264494,0.409738156086477,0.857142857142857,0.867383512544803,0.666666666666667,0.896057347670251,0.333333333333333,0.375,"coupled","efa_d",215,501
20,6,120,4,1.5,21,24,255,0.440733316770106,0.438192068374682,0.857142857142857,0.842293906810036,0.761904761904762,0.878136200716846,0.333333333333333,0.416666666666667,"coupled","efa_d",215,501
20,6,120,4,1.7,21,24,255,0.404639116131698,0.405030299690383,0.857142857142857,0.813620071684588,0.761904761904762,0.85663082437276,0.375,0.5,"coupled","efa_d",215,501
20,6,120,4,1.9,21,24,255,0.403277861530701,0.35477805526274,0.904761904761905,0.788530465949821,0.761904761904762,0.817204301075269,0.458333333333333,0.5,"coupled","efa_d",215,501
20,6,120,4,2.1,21,24,255,0.371694658426623,0.300761120054001,0.904761904761905,0.756272401433692,0.761904761904762,0.763440860215054,0.5,0.625,"coupled","efa_d",215,501
20,6,120,4,2.3,21,24,255,0.352813583294852,0.299190529772311,0.904761904761905,0.734767025089606,0.80952380952381,0.731182795698925,0.5,0.625,"coupled","efa_d",215,501
20,6,120,4,2.5,21,24,255,0.346487902527123,0.279784306253384,0.952380952380952,0.695340501792115,0.80952380952381,0.706093189964158,0.666666666666667,0.625,"coupled","efa_d",215,501
20,6,120,4,2.7,21,24,255,0.316330397872888,0.242776779160337,0.952380952380952,0.652329749103943,0.80952380952381,0.652329749103943,0.708333333333333,0.666666666666667,"coupled","efa_d",215,501
20,6,120,4,2.9,21,24,255,0.291614671993862,0.216522440079138,0.952380952380952,0.612903225806452,0.80952380952381,0.609318996415771,0.75,0.75,"coupled","efa_d",215,501
30,6,180,4,0.1,23,22,255,0.504843689929778,0.610310338351776,0.347826086956522,0.992779783393502,0.391304347826087,1,0.0454545454545455,0,"coupled","efa_d",484,781
30,6,180,4,0.3,23,22,255,0.580518993744432,0.644431806961053,0.434782608695652,0.992779783393502,0.434782608695652,1,0.0454545454545455,0,"coupled","efa_d",484,781
30,6,180,4,0.5,23,22,255,0.649020048118253,0.708417856060741,0.521739130434783,0.992779783393502,0.565217391304348,0.996389891696751,0.0454545454545455,0.0454545454545455,"coupled","efa_d",484,781
30,6,180,4,0.7,23,22,255,0.771265700700434,0.696647462179679,0.695652173913043,0.992779783393502,0.652173913043478,0.985559566787004,0.0454545454545455,0.0909090909090909,"coupled","efa_d",484,781
30,6,180,4,0.9,23,22,255,0.755691127100151,0.696647462179679,0.739130434782609,0.985559566787004,0.652173913043478,0.985559566787004,0.136363636363636,0.0909090909090909,"coupled","efa_d",484,781
30,6,180,4,1.1,23,22,255,0.764558154135928,0.623293046617486,0.782608695652174,0.981949458483754,0.652173913043478,0.971119133574007,0.136363636363636,0.136363636363636,"coupled","efa_d",484,781
30,6,180,4,1.3,23,22,255,0.757311752100607,0.668881304688669,0.826086956521739,0.974729241877256,0.782608695652174,0.96028880866426,0.181818181818182,0.181818181818182,"coupled","efa_d",484,781
30,6,180,4,1.5,23,22,255,0.697415208668201,0.63097529163289,0.826086956521739,0.96028880866426,0.782608695652174,0.949458483754513,0.181818181818182,0.227272727272727,"coupled","efa_d",484,781
30,6,180,4,1.7,23,22,255,0.659475173378046,0.636783694703095,0.826086956521739,0.949458483754513,0.826086956521739,0.942238267148014,0.227272727272727,0.272727272727273,"coupled","efa_d",484,781
30,6,180,4,1.9,23,22,255,0.626109456536269,0.561446672470319,0.826086956521739,0.938628158844765,0.826086956521739,0.913357400722022,0.272727272727273,0.409090909090909,"coupled","efa_d",484,781
30,6,180,4,2.1,23,22,255,0.569757371626756,0.56999986564217,0.826086956521739,0.916967509025271,0.91304347826087,0.891696750902527,0.363636363636364,0.409090909090909,"coupled","efa_d",484,781
30,6,180,4,2.3,23,22,255,0.530682748975685,0.513665093809513,0.826086956521739,0.898916967509025,0.91304347826087,0.859205776173285,0.363636363636364,0.5,"coupled","efa_d",484,781
30,6,180,4,2.5,23,22,255,0.505024622362958,0.477195720653224,0.869565217391304,0.870036101083033,0.91304347826087,0.833935018050541,0.363636363636364,0.545454545454545,"coupled","efa_d",484,781
30,6,180,4,2.7,23,22,255,0.497373937438373,0.465892999017281,0.91304347826087,0.848375451263538,0.956521739130435,0.805054151624549,0.454545454545455,0.636363636363636,"coupled","efa_d",484,781
30,6,180,4,2.9,23,22,255,0.465892999017281,0.441723599685638,0.956521739130435,0.805054151624549,0.956521739130435,0.783393501805054,0.454545454545455,0.681818181818182,"coupled","efa_d",484,781
4,10,40,4,0.1,21,24,255,0.249032666985199,0.215463514616968,0.428571428571429,0.896057347670251,0.476190476190476,0.845878136200717,0.25,0.333333333333333,"weighted","efa_d",780,253
4,10,40,4,0.3,21,24,255,0.211512216779446,0.239817768649261,0.476190476190476,0.842293906810036,0.571428571428571,0.813620071684588,0.291666666666667,0.416666666666667,"weighted","efa_d",780,253
4,10,40,4,0.5,21,24,255,0.194713313154851,0.242133221407997,0.523809523809524,0.795698924731183,0.666666666666667,0.756272401433692,0.458333333333333,0.458333333333333,"weighted","efa_d",780,253
4,10,40,4,0.7,21,24,255,0.196271092957524,0.231893802635456,0.619047619047619,0.731182795698925,0.714285714285714,0.709677419354839,0.541666666666667,0.541666666666667,"weighted","efa_d",780,253
4,10,40,4,0.9,21,24,255,0.189191203728233,0.234500080408137,0.666666666666667,0.684587813620072,0.761904761904762,0.67741935483871,0.541666666666667,0.583333333333333,"weighted","efa_d",780,253
4,10,40,4,1.1,21,24,255,0.184569543399176,0.242776779160337,0.714285714285714,0.637992831541219,0.80952380952381,0.652329749103943,0.583333333333333,0.583333333333333,"weighted","efa_d",780,253
4,10,40,4,1.3,21,24,255,0.228531055829138,0.238785927067438,0.857142857142857,0.587813620071685,0.857142857142857,0.60573476702509,0.666666666666667,0.666666666666667,"weighted","efa_d",780,253
4,10,40,4,1.5,21,24,255,0.208996224214026,0.214733275566982,0.857142857142857,0.551971326164875,0.857142857142857,0.562724014336918,0.666666666666667,0.708333333333333,"weighted","efa_d",780,253
4,10,40,4,1.7,21,24,255,0.174576862636389,0.190516524921795,0.857142857142857,0.483870967741935,0.857142857142857,0.516129032258065,0.708333333333333,0.75,"weighted","efa_d",780,253
4,10,40,4,1.9,21,24,255,0.157429659880744,0.195639670232771,0.857142857142857,0.448028673835125,0.904761904761905,0.476702508960573,0.708333333333333,0.75,"weighted","efa_d",780,253
4,10,40,4,2.1,21,24,255,0.130727492617181,0.208622716875475,0.857142857142857,0.390681003584229,0.952380952380952,0.451612903225806,0.791666666666667,0.791666666666667,"weighted","efa_d",780,253
4,10,40,4,2.3,21,24,255,0.114176615661062,0.211756930189813,0.857142857142857,0.354838709677419,1,0.401433691756272,0.833333333333333,0.791666666666667,"weighted","efa_d",780,253
4,10,40,4,2.5,21,24,255,0.117756092406266,0.191093052938338,0.904761904761905,0.304659498207885,1,0.351254480286738,0.875,0.791666666666667,"weighted","efa_d",780,253
4,10,40,4,2.7,21,24,255,0.0912891239676334,0.175338533680723,0.904761904761905,0.247311827956989,1,0.311827956989247,0.916666666666667,0.833333333333333,"weighted","efa_d",780,253
4,10,40,4,2.9,21,24,255,0.0681483030979394,0.161213154788378,0.904761904761905,0.200716845878136,1,0.275985663082437,0.958333333333333,0.875,"weighted","efa_d",780,253
8,10,80,4,0.1,25,20,255,0.221137554887943,0.232000483956245,0.44,0.858181818181818,0.2,0.970909090909091,0.5,0.05,"coupled","efa_d",95,570
8,10,80,4,0.3,25,20,255,0.275610417043011,0.321084085689254,0.56,0.836363636363636,0.36,0.949090909090909,0.5,0.15,"coupled","efa_d",95,570
8,10,80,4,0.5,25,20,255,0.359049477296118,0.368748065723925,0.76,0.8,0.44,0.941818181818182,0.55,0.15,"coupled","efa_d",95,570
8,10,80,4,0.7,25,20,255,0.347442395438344,0.38679710173321,0.76,0.789090909090909,0.52,0.923636363636364,0.55,0.15,"coupled","efa_d",95,570
8,10,80,4,0.9,25,20,255,0.342269551654836,0.296078262731896,0.8,0.76,0.52,0.872727272727273,0.55,0.35,"coupled","efa_d",95,570
8,10,80,4,1.1,25,20,255,0.355732072762611,0.262337662337662,0.88,0.723636363636364,0.52,0.847272727272727,0.55,0.45,"coupled","efa_d",95,570
8,10,80,4,1.3,25,20,255,0.363234757536151,0.330604577699741,0.92,0.705454545454545,0.68,0.818181818181818,0.55,0.5,"coupled","efa_d",95,570
8,10,80,4,1.5,25,20,255,0.348971689451453,0.323519816657859,0.92,0.687272727272727,0.72,0.789090909090909,0.6,0.5,"coupled","efa_d",95,570
8,10,80,4,1.7,25,20,255,0.33808915253724,0.305613728314023,0.92,0.672727272727273,0.72,0.770909090909091,0.65,0.5,"coupled","efa_d",95,570
8,10,80,4,1.9,25,20,255,0.315089885049239,0.273287539911296,0.92,0.64,0.72,0.734545454545455,0.65,0.55,"coupled","efa_d",95,570
8,10,80,4,2.1,25,20,255,0.305446406249297,0.272896916935181,0.92,0.625454545454545,0.76,0.705454545454545,0.65,0.6,"coupled","efa_d",95,570
8,10,80,4,2.3,25,20,255,0.287068512284021,0.256513183442973,0.92,0.596363636363636,0.76,0.683636363636364,0.65,0.6,"coupled","efa_d",95,570
8,10,80,4,2.5,25,20,255,0.284848484848485,0.231144611745063,0.92,0.592727272727273,0.76,0.647272727272727,0.65,0.65,"coupled","efa_d",95,570
8,10,80,4,2.7,25,20,255,0.273979807768629,0.229856711388116,0.92,0.574545454545455,0.8,0.610909090909091,0.65,0.65,"coupled","efa_d",95,570
8,10,80,4,2.9,25,20,255,0.25731255395001,0.240750147988346,0.92,0.545454545454545,0.84,0.592727272727273,0.7,0.65,"coupled","efa_d",95,570
12,10,120,4,0.1,23,22,255,0.30338037316483,0.292633200463325,0.391304347826087,0.935018050541516,0.260869565217391,0.971119133574007,0.136363636363636,0.227272727272727,"coupled","efa_d",215,889
12,10,120,4,0.3,23,22,255,0.285544475970029,0.349232485542878,0.434782608695652,0.909747292418773,0.347826086956522,0.963898916967509,0.181818181818182,0.227272727272727,"coupled","efa_d",215,889
12,10,120,4,0.5,23,22,255,0.255530569442554,0.362869228672522,0.434782608695652,0.891696750902527,0.391304347826087,0.956678700361011,0.227272727272727,0.227272727272727,"coupled","efa_d",215,889
12,10,120,4,0.7,23,22,255,0.335076890580175,0.295158870741601,0.565217391304348,0.884476534296029,0.391304347826087,0.931407942238267,0.227272727272727,0.272727272727273,"coupled","efa_d",215,889
12,10,120,4,0.9,23,22,255,0.336530055256261,0.324571055829259,0.608695652173913,0.866425992779783,0.478260869565217,0.913357400722022,0.227272727272727,0.318181818181818,"coupled","efa_d",215,889
12,10,120,4,1.1,23,22,255,0.330222036479488,0.313264488505374,0.652173913043478,0.84115523465704,0.565217391304348,0.870036101083033,0.227272727272727,0.5,"coupled","efa_d",215,889
12,10,120,4,1.3,23,22,255,0.326787319522769,0.339476840896966,0.695652173913043,0.815884476534296,0.652173913043478,0.848375451263538,0.318181818181818,0.5,"coupled","efa_d",215,889
12,10,120,4,1.5,23,22,255,0.311169731627091,0.311169731627091,0.695652173913043,0.8014440433213,0.695652173913043,0.8014440433213,0.363636363636364,0.5,"coupled","efa_d",215,889
12,10,120,4,1.7,23,22,255,0.32589457658578,0.314756899112169,0.782608695652174,0.765342960288809,0.739130434782609,0.779783393501805,0.409090909090909,0.5,"coupled","efa_d",215,889
12,10,120,4,1.9,23,22,255,0.301203571149074,0.276126395584329,0.826086956521739,0.707581227436823,0.739130434782609,0.736462093862816,0.545454545454545,0.545454545454545,"coupled","efa_d",215,889
12,10,120,4,2.1,23,22,255,0.272207789545877,0.250721426217967,0.826086956521739,0.667870036101083,0.739130434782609,0.703971119133574,0.590909090909091,0.590909090909091,"coupled","efa_d",215,889
12,10,120,4,2.3,23,22,255,0.288173431214673,0.253700442674211,0.869565217391304,0.657039711191336,0.782608695652174,0.675090252707581,0.590909090909091,0.590909090909091,"coupled","efa_d",215,889
12,10,120,4,2.5,23,22,255,0.255844271564518,0.248320987093334,0.869565217391304,0.606498194945848,0.826086956521739,0.631768953068592,0.772727272727273,0.636363636363636,"coupled","efa_d",215,889
12,10,120,4,2.7,23,22,255,0.243016582502063,0.272452735334649,0.869565217391304,0.584837545126354,0.91304347826087,0.595667870036101,0.818181818181818,0.681818181818182,"coupled","efa_d",215,889
12,10,120,4,2.9,23,22,255,0.259870890664593,0.251761378602604,0.91304347826087,0.574007220216607,0.91304347826087,0.55956678700361,0.818181818181818,0.681818181818182,"coupled","efa_d",215,889
20,10,200,4,0.1,21,24,255,0.344011008528412,0.427391315672245,0.285714285714286,0.978494623655914,0.238095238095238,0.996415770609319,0.166666666666667,0.0416666666666667,"coupled","efa_d",597,1531
20,10,200,4,0.3,21,24,255,0.416606700619267,0.476846143238327,0.380952380952381,0.974910394265233,0.285714285714286,0.996415770609319,0.166666666666667,0.0416666666666667,"coupled","efa_d",597,1531
20,10,200,4,0.5,21,24,255,0.400017307775526,0.476846143238327,0.380952380952381,0.971326164874552,0.285714285714286,0.996415770609319,0.166666666666667,0.0416666666666667,"coupled","efa_d",597,1531
20,10,200,4,0.7,21,24,255,0.436763952892985,0.487844248107856,0.476190476190476,0.960573476702509,0.333333333333333,0.992831541218638,0.208333333333333,0.0416666666666667,"coupled","efa_d",597,1531
20,10,200,4,0.9,21,24,255,0.400656940296672,0.620626324728995,0.476190476190476,0.949820788530466,0.523809523809524,0.989247311827957,0.25,0.0416666666666667,"coupled","efa_d",597,1531
20,10,200,4,1.1,21,24,255,0.415876784192634,0.535806102792865,0.523809523809524,0.942652329749104,0.523809523809524,0.974910394265233,0.25,0.166666666666667,"coupled","efa_d",597,1531
20,10,200,4,1.3,21,24,255,0.51821974665936,0.574328522604374,0.666666666666667,0.942652329749104,0.619047619047619,0.967741935483871,0.25,0.166666666666667,"coupled","efa_d",597,1531
20,10,200,4,1.5,21,24,255,0.520102071823025,0.552828524321932,0.714285714285714,0.931899641577061,0.666666666666667,0.953405017921147,0.25,0.25,"coupled","efa_d",597,1531
20,10,200,4,1.7,21,24,255,0.541933732144675,0.507735188819633,0.761904761904762,0.92831541218638,0.666666666666667,0.939068100358423,0.25,0.333333333333333,"coupled","efa_d",597,1531
20,10,200,4,1.9,21,24,255,0.572525388669686,0.561314597324057,0.80952380952381,0.92831541218638,0.761904761904762,0.935483870967742,0.25,0.333333333333333,"coupled","efa_d",597,1531
20,10,200,4,2.1,21,24,255,0.567022091264867,0.523989870281159,0.857142857142857,0.913978494623656,0.761904761904762,0.921146953405018,0.333333333333333,0.375,"coupled","efa_d",597,1531
20,10,200,4,2.3,21,24,255,0.5433249044066,0.529371221990972,0.857142857142857,0.903225806451613,0.80952380952381,0.910394265232975,0.375,0.416666666666667,"coupled","efa_d",597,1531
20,10,200,4,2.5,21,24,255,0.521710639220632,0.521710639220632,0.857142857142857,0.89247311827957,0.857142857142857,0.89247311827957,0.458333333333333,0.458333333333333,"coupled","efa_d",597,1531
20,10,200,4,2.7,21,24,255,0.530118803626421,0.483553653151724,0.904761904761905,0.881720430107527,0.857142857142857,0.870967741935484,0.5,0.5,"coupled","efa_d",597,1531
20,10,200,4,2.9,21,24,255,0.516042352765834,0.478132631752197,0.952380952380952,0.85663082437276,0.904761904761905,0.849462365591398,0.583333333333333,0.541666666666667,"coupled","efa_d",597,1531
30,10,300,4,0.1,25,20,255,0.512572333189195,0.512638893191188,0.32,0.996363636363636,0.28,1,0.05,0,"coupled","efa_d",1346,1884
30,10,300,4,0.3,25,20,255,0.615457454896664,0.512638893191188,0.44,0.996363636363636,0.28,1,0.05,0,"coupled","efa_d",1346,1884
30,10,300,4,0.5,25,20,255,0.676620212793238,0.518716577540107,0.52,0.996363636363636,0.36,0.992727272727273,0.05,0.1,"coupled","efa_d",1346,1884
30,10,300,4,0.7,25,20,255,0.65021159603411,0.562261866969029,0.52,0.992727272727273,0.44,0.989090909090909,0.1,0.15,"coupled","efa_d",1346,1884
30,10,300,4,0.9,25,20,255,0.65021159603411,0.656391466417136,0.52,0.992727272727273,0.56,0.989090909090909,0.1,0.15,"coupled","efa_d",1346,1884
30,10,300,4,1.1,25,20,255,0.708555026662207,0.685579566760685,0.6,0.992727272727273,0.6,0.989090909090909,0.1,0.15,"coupled","efa_d",1346,1884
30,10,300,4,1.3,25,20,255,0.736363238372587,0.693007749061827,0.64,0.992727272727273,0.64,0.985454545454545,0.1,0.2,"coupled","efa_d",1346,1884
30,10,300,4,1.5,25,20,255,0.763388169758248,0.693007749061827,0.68,0.992727272727273,0.64,0.985454545454545,0.1,0.2,"coupled","efa_d",1346,1884
30,10,300,4,1.7,25,20,255,0.763388169758248,0.729049747506188,0.68,0.992727272727273,0.72,0.981818181818182,0.1,0.25,"coupled","efa_d",1346,1884
30,10,300,4,1.9,25,20,255,0.768115483799806,0.790174426551267,0.72,0.989090909090909,0.84,0.978181818181818,0.15,0.25,"coupled","efa_d",1346,1884
30,10,300,4,2.1,25,20,255,0.800197604053897,0.790174426551267,0.8,0.985454545454545,0.84,0.978181818181818,0.15,0.25,"coupled","efa_d",1346,1884
30,10,300,4,2.3,25,20,255,0.807328234398036,0.758446368225708,0.84,0.981818181818182,0.84,0.970909090909091,0.2,0.25,"coupled","efa_d",1346,1884
30,10,300,4,2.5,25,20,255,0.769312150143407,0.769312150143407,0.88,0.967272727272727,0.88,0.967272727272727,0.3,0.3,"coupled","efa_d",1346,1884
30,10,300,4,2.7,25,20,255,0.769312150143407,0.755351778552404,0.88,0.967272727272727,0.88,0.963636363636364,0.3,0.3,"coupled","efa_d",1346,1884
30,10,300,4,2.9,25,20,255,0.767253267372434,0.729207650808511,0.92,0.96,0.88,0.956363636363636,0.3,0.35,"coupled","efa_d",1346,1884
4,3,12,5,0.1,22,23,255,0.181208788249295,0.183864751254088,0.590909090909091,0.726618705035971,0.590909090909091,0.73021582733813,0.391304347826087,0.478260869565217,"weighted","efa_d",66,12
4,3,12,5,0.3,22,23,255,0.144239949901756,0.217646742244204,0.636363636363636,0.633093525179856,0.727272727272727,0.672661870503597,0.478260869565217,0.521739130434783,"weighted","efa_d",66,12
4,3,12,5,0.5,22,23,255,0.166752738968041,0.177233613386152,0.772727272727273,0.546762589928058,0.727272727272727,0.607913669064748,0.608695652173913,0.565217391304348,"weighted","efa_d",66,12
4,3,12,5,0.7,22,23,255,0.182509484982425,0.196249323116204,0.909090909090909,0.435251798561151,0.818181818181818,0.557553956834532,0.652173913043478,0.652173913043478,"weighted","efa_d",66,12
4,3,12,5,0.9,22,23,255,0.159359493948316,0.173828765778977,0.954545454545455,0.327338129496403,0.863636363636364,0.467625899280576,0.826086956521739,0.782608695652174,"weighted","efa_d",66,12
4,3,12,5,1.1,22,23,255,0.134458904240432,0.157705460530332,0.954545454545455,0.26978417266187,0.909090909090909,0.381294964028777,0.869565217391304,0.869565217391304,"weighted","efa_d",66,12
4,3,12,5,1.3,22,23,255,0.115281610113284,0.16819239362164,0.954545454545455,0.226618705035971,1,0.284172661870504,0.869565217391304,0.91304347826087,"weighted","efa_d",66,12
4,3,12,5,1.5,22,23,255,0.091495817557293,0.136245834563223,0.954545454545455,0.176258992805755,1,0.205035971223022,0.956521739130435,0.91304347826087,"weighted","efa_d",66,12
4,3,12,5,1.7,22,23,255,0.110339818217305,0.119715669873762,1,0.143884892086331,1,0.165467625899281,0.956521739130435,0.91304347826087,"weighted","efa_d",66,12
4,3,12,5,1.9,22,23,255,0.0810611901711108,0.0954978621390547,1,0.0827338129496403,1,0.111510791366906,0.956521739130435,1,"weighted","efa_d",66,12
4,3,12,5,2.1,22,23,255,0.0667712895404933,0.0710723443150359,1,0.0575539568345324,1,0.0647482014388489,1,1,"weighted","efa_d",66,12
4,3,12,5,2.3,22,23,255,0.0522384092563825,0.0622400515561235,1,0.0359712230215827,1,0.0503597122302158,1,1,"weighted","efa_d",66,12
4,3,12,5,2.5,22,23,255,0.0401874918725943,0.0548828130969393,1,0.0215827338129496,1,0.039568345323741,1,1,"weighted","efa_d",66,12
4,3,12,5,2.7,22,23,255,0.0162687186397353,0.0401874918725943,1,0.00359712230215827,1,0.0215827338129496,1,1,"weighted","efa_d",66,12
4,3,12,5,2.9,22,23,255,0,0.0327019072605787,1,0,1,0.0143884892086331,1,1,"weighted","efa_d",66,12
8,3,24,5,0.1,24,21,255,0.0576024348581922,0.13029827384139,0.375,0.721014492753623,0.583333333333333,0.648550724637681,0.476190476190476,0.571428571428571,"weighted","efa_d",276,67
8,3,24,5,0.3,24,21,255,0.0874032473672982,0.136748058920085,0.541666666666667,0.615942028985507,0.666666666666667,0.583333333333333,0.619047619047619,0.619047619047619,"weighted","efa_d",276,67
8,3,24,5,0.5,24,21,255,0.0796345848336215,0.149411169188726,0.625,0.521739130434783,0.75,0.52536231884058,0.666666666666667,0.666666666666667,"weighted","efa_d",276,67
8,3,24,5,0.7,24,21,255,0.074766717941884,0.10721410617462,0.708333333333333,0.427536231884058,0.75,0.445652173913043,0.666666666666667,0.666666666666667,"weighted","efa_d",276,67
8,3,24,5,0.9,24,21,255,0.0637468862172703,0.102443034160392,0.75,0.36231884057971,0.791666666666667,0.391304347826087,0.80952380952381,0.714285714285714,"weighted","efa_d",276,67
8,3,24,5,1.1,24,21,255,0.0305108314680999,0.0724997132414356,0.791666666666667,0.257246376811594,0.791666666666667,0.333333333333333,0.80952380952381,0.761904761904762,"weighted","efa_d",276,67
8,3,24,5,1.3,24,21,255,0.00830499217698919,0.0725096997158278,0.791666666666667,0.221014492753623,0.833333333333333,0.286231884057971,0.857142857142857,0.80952380952381,"weighted","efa_d",276,67
8,3,24,5,1.5,24,21,255,-0.0358963216097513,0.117019066519031,0.791666666666667,0.159420289855072,0.916666666666667,0.271739130434783,0.904761904761905,0.80952380952381,"weighted","efa_d",276,67
8,3,24,5,1.7,24,21,255,-0.0496124627275915,0.104580485965731,0.833333333333333,0.108695652173913,0.916666666666667,0.246376811594203,0.952380952380952,0.80952380952381,"weighted","efa_d",276,67
8,3,24,5,1.9,24,21,255,-0.0489130434782609,0.113250674353634,0.875,0.0760869565217391,0.958333333333333,0.206521739130435,0.952380952380952,0.904761904761905,"weighted","efa_d",276,67
8,3,24,5,2.1,24,21,255,0.00699029178925758,0.097053017685624,0.958333333333333,0.0471014492753623,0.958333333333333,0.173913043478261,1,0.904761904761905,"weighted","efa_d",276,67
8,3,24,5,2.3,24,21,255,-0.0456367959527063,0.0666667467902011,0.958333333333333,0.0181159420289855,0.958333333333333,0.119565217391304,1,0.904761904761905,"weighted","efa_d",276,67
8,3,24,5,2.5,24,21,255,-0.0575859231140653,0.0498030426786678,0.958333333333333,0.0144927536231884,0.958333333333333,0.0942028985507246,1,0.904761904761905,"weighted","efa_d",276,67
8,3,24,5,2.7,24,21,255,-0.0938503362779262,0.0471653316859784,0.958333333333333,0.0072463768115942,0.958333333333333,0.0905797101449275,1,0.904761904761905,"weighted","efa_d",276,67
8,3,24,5,2.9,24,21,255,-0.196116135138184,0.0745011159729912,0.958333333333333,0,1,0.0652173913043478,1,0.904761904761905,"weighted","efa_d",276,67
12,3,36,5,0.1,23,22,255,0.169765904980611,0.232908408289127,0.391304347826087,0.848375451263538,0.652173913043478,0.743682310469314,0.181818181818182,0.363636363636364,"weighted","efa_d",630,92
12,3,36,5,0.3,23,22,255,0.163789056716881,0.184978860022288,0.478260869565217,0.783393501805054,0.652173913043478,0.67870036101083,0.318181818181818,0.545454545454545,"weighted","efa_d",630,92
12,3,36,5,0.5,23,22,255,0.0954421066118348,0.157102740403834,0.478260869565217,0.689530685920578,0.652173913043478,0.635379061371841,0.5,0.590909090909091,"weighted","efa_d",630,92
12,3,36,5,0.7,23,22,255,0.114319130651485,0.148406585064058,0.608695652173913,0.602888086642599,0.695652173913043,0.581227436823105,0.590909090909091,0.590909090909091,"weighted","efa_d",630,92
12,3,36,5,0.9,23,22,255,0.128278752284276,0.139736715366929,0.739130434782609,0.501805054151625,0.739130434782609,0.523465703971119,0.681818181818182,0.636363636363636,"weighted","efa_d",630,92
12,3,36,5,1.1,23,22,255,0.0818352766511975,0.127396097735603,0.739130434782609,0.411552346570397,0.782608695652174,0.454873646209386,0.772727272727273,0.681818181818182,"weighted","efa_d",630,92
12,3,36,5,1.3,23,22,255,0.0557893534659777,0.151614435062215,0.782608695652174,0.314079422382672,0.869565217391304,0.407942238267148,0.818181818181818,0.727272727272727,"weighted","efa_d",630,92
12,3,36,5,1.5,23,22,255,0.0216998546476271,0.158913528800625,0.782608695652174,0.252707581227437,0.91304347826087,0.371841155234657,0.863636363636364,0.727272727272727,"weighted","efa_d",630,92
12,3,36,5,1.7,23,22,255,-0.0227218208703198,0.118805071811103,0.782608695652174,0.184115523465704,0.91304347826087,0.285198555956679,0.909090909090909,0.772727272727273,"weighted","efa_d",630,92
12,3,36,5,1.9,23,22,255,0.0106068252706131,0.0888928220699956,0.869565217391304,0.144404332129964,0.91304347826087,0.223826714801444,0.909090909090909,0.863636363636364,"weighted","efa_d",630,92
12,3,36,5,2.1,23,22,255,-0.00326457838993376,0.0717717368011273,0.869565217391304,0.126353790613718,0.91304347826087,0.191335740072202,0.909090909090909,0.863636363636364,"weighted","efa_d",630,92
12,3,36,5,2.3,23,22,255,0.0094686345688022,0.0440496827239951,0.91304347826087,0.0974729241877256,0.91304347826087,0.144404332129964,0.909090909090909,0.909090909090909,"weighted","efa_d",630,92
12,3,36,5,2.5,23,22,255,-0.0191500675483469,0.0239765840214115,0.91304347826087,0.0685920577617329,0.91304347826087,0.115523465703971,1,0.909090909090909,"weighted","efa_d",630,92
12,3,36,5,2.7,23,22,255,-0.0431186366874125,-0.00377745983163828,0.91304347826087,0.0505415162454874,0.91304347826087,0.0830324909747292,1,0.954545454545455,"weighted","efa_d",630,92
12,3,36,5,2.9,23,22,255,-0.0550419686933723,-0.0111442473708994,0.91304347826087,0.0433212996389892,0.91304347826087,0.075812274368231,1,0.954545454545455,"weighted","efa_d",630,92
20,3,60,5,0.1,23,22,255,0.375016349771765,0.289411094321228,0.391304347826087,0.96028880866426,0.521739130434783,0.873646209386282,0,0.227272727272727,"weighted","efa_d",1770,168
20,3,60,5,0.3,23,22,255,0.366413603668913,0.260716898699659,0.434782608695652,0.945848375451264,0.521739130434783,0.851985559566787,0.0909090909090909,0.272727272727273,"weighted","efa_d",1770,168
20,3,60,5,0.5,23,22,255,0.371241833913942,0.292855779950014,0.521739130434783,0.92057761732852,0.652173913043478,0.808664259927798,0.227272727272727,0.272727272727273,"weighted","efa_d",1770,168
20,3,60,5,0.7,23,22,255,0.307541107980977,0.28283930950644,0.608695652173913,0.844765342960289,0.695652173913043,0.772563176895307,0.227272727272727,0.363636363636364,"weighted","efa_d",1770,168
20,3,60,5,0.9,23,22,255,0.264249285510214,0.229364613550799,0.652173913043478,0.779783393501805,0.695652173913043,0.707581227436823,0.272727272727273,0.454545454545455,"weighted","efa_d",1770,168
20,3,60,5,1.1,23,22,255,0.240196221988262,0.208555602981508,0.739130434782609,0.689530685920578,0.739130434782609,0.642599277978339,0.318181818181818,0.590909090909091,"weighted","efa_d",1770,168
20,3,60,5,1.3,23,22,255,0.1841740827779,0.172570438740736,0.739130434782609,0.602888086642599,0.782608695652174,0.541516245487365,0.318181818181818,0.681818181818182,"weighted","efa_d",1770,168
20,3,60,5,1.5,23,22,255,0.133982448368206,0.134729400661765,0.739130434782609,0.512635379061372,0.782608695652174,0.469314079422383,0.545454545454545,0.727272727272727,"weighted","efa_d",1770,168
20,3,60,5,1.7,23,22,255,0.120106182481595,0.105597376596532,0.782608695652174,0.44043321299639,0.782608695652174,0.411552346570397,0.636363636363636,0.727272727272727,"weighted","efa_d",1770,168
20,3,60,5,1.9,23,22,255,0.117031185019247,0.0856108489682522,0.826086956521739,0.386281588447653,0.782608695652174,0.371841155234657,0.727272727272727,0.772727272727273,"weighted","efa_d",1770,168
20,3,60,5,2.1,23,22,255,0.0755812625999099,0.0633838703987818,0.826086956521739,0.303249097472924,0.782608695652174,0.328519855595668,0.772727272727273,0.863636363636364,"weighted","efa_d",1770,168
20,3,60,5,2.3,23,22,255,0.0603146141319371,0.0259100167786134,0.869565217391304,0.223826714801444,0.782608695652174,0.259927797833935,0.863636363636364,0.863636363636364,"weighted","efa_d",1770,168
20,3,60,5,2.5,23,22,255,0.025644081821392,0.0210633947708697,0.869565217391304,0.166064981949458,0.826086956521739,0.205776173285199,0.909090909090909,0.863636363636364,"weighted","efa_d",1770,168
20,3,60,5,2.7,23,22,255,-0.00925284911137344,-0.00824677521128464,0.869565217391304,0.11913357400722,0.826086956521739,0.162454873646209,0.954545454545455,0.909090909090909,"weighted","efa_d",1770,168
20,3,60,5,2.9,23,22,255,-0.0535692146573936,-0.00622319688661533,0.869565217391304,0.075812274368231,0.869565217391304,0.122743682310469,0.954545454545455,1,"weighted","efa_d",1770,168
30,3,90,5,0.1,22,23,255,0.226017274291265,0.294348815616336,0.454545454545455,0.863309352517986,0.318181818181818,0.956834532374101,0.173913043478261,0.173913043478261,"coupled","efa_d",121,260
30,3,90,5,0.3,22,23,255,0.2184515296176,0.276936690321029,0.5,0.830935251798561,0.363636363636364,0.935251798561151,0.260869565217391,0.173913043478261,"coupled","efa_d",121,260
30,3,90,5,0.5,22,23,255,0.221014436385222,0.275603299374595,0.545454545454545,0.805755395683453,0.409090909090909,0.91726618705036,0.304347826086957,0.217391304347826,"coupled","efa_d",121,260
30,3,90,5,0.7,22,23,255,0.224649010091909,0.270661514497201,0.590909090909091,0.780575539568345,0.5,0.87410071942446,0.304347826086957,0.304347826086957,"coupled","efa_d",121,260
30,3,90,5,0.9,22,23,255,0.232144282197807,0.250830708908746,0.636363636363636,0.758992805755396,0.545454545454545,0.834532374100719,0.391304347826087,0.347826086956522,"coupled","efa_d",121,260
30,3,90,5,1.1,22,23,255,0.203798090482789,0.234457350511045,0.636363636363636,0.723021582733813,0.590909090909091,0.79136690647482,0.434782608695652,0.347826086956522,"coupled","efa_d",121,260
30,3,90,5,1.3,22,23,255,0.222512110770845,0.22082313490705,0.727272727272727,0.679856115107914,0.681818181818182,0.712230215827338,0.478260869565217,0.478260869565217,"coupled","efa_d",121,260
30,3,90,5,1.5,22,23,255,0.246956205411859,0.172702133776302,0.818181818181818,0.643884892086331,0.681818181818182,0.640287769784173,0.478260869565217,0.565217391304348,"coupled","efa_d",121,260
30,3,90,5,1.7,22,23,255,0.246401291997482,0.164829850350197,0.863636363636364,0.60431654676259,0.727272727272727,0.586330935251799,0.565217391304348,0.652173913043478,"coupled","efa_d",121,260
30,3,90,5,1.9,22,23,255,0.223843013438095,0.159101223075709,0.863636363636364,0.564748201438849,0.772727272727273,0.532374100719424,0.695652173913043,0.652173913043478,"coupled","efa_d",121,260
30,3,90,5,2.1,22,23,255,0.257619725877578,0.133172139435413,0.954545454545455,0.539568345323741,0.772727272727273,0.482014388489209,0.695652173913043,0.739130434782609,"coupled","efa_d",121,260
30,3,90,5,2.3,22,23,255,0.232231976901193,0.151387017980384,0.954545454545455,0.489208633093525,0.863636363636364,0.420863309352518,0.739130434782609,0.782608695652174,"coupled","efa_d",121,260
30,3,90,5,2.5,22,23,255,0.223361864168253,0.107327636922365,1,0.41726618705036,0.863636363636364,0.327338129496403,0.782608695652174,0.826086956521739,"coupled","efa_d",121,260
30,3,90,5,2.7,22,23,255,0.192978743904128,0.0738253703431308,1,0.345323741007194,0.863636363636364,0.258992805755396,0.826086956521739,0.826086956521739,"coupled","efa_d",121,260
30,3,90,5,2.9,22,23,255,0.184162223496586,0.108688898473607,1,0.323741007194245,0.954545454545455,0.212230215827338,0.869565217391304,0.869565217391304,"coupled","efa_d",121,260
4,6,24,5,0.1,21,24,255,0.176385309278594,0.0527980717897434,0.523809523809524,0.774193548387097,0.380952380952381,0.71326164874552,0.25,0.458333333333333,"weighted","efa_d",276,61
4,6,24,5,0.3,21,24,255,0.180820221455597,0.112360820100717,0.619047619047619,0.709677419354839,0.571428571428571,0.6415770609319,0.333333333333333,0.458333333333333,"weighted","efa_d",276,61
4,6,24,5,0.5,21,24,255,0.249422661480338,0.117569898023713,0.857142857142857,0.623655913978495,0.666666666666667,0.562724014336918,0.458333333333333,0.5,"weighted","efa_d",276,61
4,6,24,5,0.7,21,24,255,0.195965450417405,0.0859807087781489,0.857142857142857,0.526881720430108,0.666666666666667,0.50179211469534,0.666666666666667,0.541666666666667,"weighted","efa_d",276,61
4,6,24,5,0.9,21,24,255,0.164181047326012,0.152371351464055,0.904761904761905,0.408602150537634,0.857142857142857,0.437275985663082,0.75,0.625,"weighted","efa_d",276,61
4,6,24,5,1.1,21,24,255,0.177004235718156,0.178546299269191,0.952380952380952,0.379928315412186,0.952380952380952,0.383512544802867,0.75,0.666666666666667,"weighted","efa_d",276,61
4,6,24,5,1.3,21,24,255,0.169674557398489,0.146547313043494,1,0.297491039426523,0.952380952380952,0.308243727598566,0.875,0.666666666666667,"weighted","efa_d",276,61
4,6,24,5,1.5,21,24,255,0.152763281521595,0.122026202744614,1,0.254480286738351,0.952380952380952,0.25089605734767,0.875,0.708333333333333,"weighted","efa_d",276,61
4,6,24,5,1.7,21,24,255,0.137175815292184,0.132874559190318,1,0.21505376344086,1,0.204301075268817,0.875,0.708333333333333,"weighted","efa_d",276,61
4,6,24,5,1.9,21,24,255,0.110693555665253,0.118248656220831,1,0.150537634408602,1,0.168458781362007,1,0.791666666666667,"weighted","efa_d",276,61
4,6,24,5,2.1,21,24,255,0.0948014844674385,0.104483737252465,1,0.114695340501792,1,0.136200716845878,1,0.791666666666667,"weighted","efa_d",276,61
4,6,24,5,2.3,21,24,255,0.0880242045948749,0.0914505435281224,1,0.100358422939068,1,0.10752688172043,1,0.833333333333333,"weighted","efa_d",276,61
4,6,24,5,2.5,21,24,255,0.0733235575106766,0.0827201290245944,1,0.0716845878136201,1,0.0896057347670251,1,0.875,"weighted","efa_d",276,61
4,6,24,5,2.7,21,24,255,0.0583899728771902,0.0733235575106766,1,0.046594982078853,1,0.0716845878136201,1,0.916666666666667,"weighted","efa_d",276,61
4,6,24,5,2.9,21,24,255,0.0454110050038568,0.0672417160942315,1,0.028673835125448,1,0.0609318996415771,1,0.916666666666667,"weighted","efa_d",276,61
8,6,48,5,0.1,20,25,255,0.138678830157825,0.136719760855368,0.25,0.914285714285714,0.4,0.817857142857143,0.24,0.44,"weighted","efa_d",1128,286
8,6,48,5,0.3,20,25,255,0.119490409818963,0.139717041977665,0.3,0.867857142857143,0.45,0.785714285714286,0.32,0.48,"weighted","efa_d",1128,286
8,6,48,5,0.5,20,25,255,0.0924944826497447,0.153137360348129,0.3,0.839285714285714,0.55,0.728571428571429,0.44,0.52,"weighted","efa_d",1128,286
8,6,48,5,0.7,20,25,255,0.154303349962092,0.16366209680409,0.5,0.767857142857143,0.65,0.664285714285714,0.52,0.56,"weighted","efa_d",1128,286
8,6,48,5,0.9,20,25,255,0.116325772750132,0.167782674104683,0.55,0.671428571428571,0.7,0.628571428571429,0.6,0.64,"weighted","efa_d",1128,286
8,6,48,5,1.1,20,25,255,0.124544678587963,0.174718345366596,0.65,0.596428571428571,0.75,0.596428571428571,0.64,0.68,"weighted","efa_d",1128,286
8,6,48,5,1.3,20,25,255,0.119506888703127,0.149936424370032,0.7,0.539285714285714,0.75,0.55,0.68,0.76,"weighted","efa_d",1128,286
8,6,48,5,1.5,20,25,255,0.121290573609144,0.121290573609144,0.75,0.492857142857143,0.75,0.492857142857143,0.76,0.76,"weighted","efa_d",1128,286
8,6,48,5,1.7,20,25,255,0.149501264592036,0.127530872450368,0.85,0.446428571428571,0.8,0.453571428571429,0.84,0.8,"weighted","efa_d",1128,286
8,6,48,5,1.9,20,25,255,0.116926793336686,0.151029539630752,0.85,0.375,0.9,0.392857142857143,0.84,0.84,"weighted","efa_d",1128,286
8,6,48,5,2.1,20,25,255,0.121352823262934,0.127607705216002,0.9,0.325,0.9,0.339285714285714,0.84,0.92,"weighted","efa_d",1128,286
8,6,48,5,2.3,20,25,255,0.102339099542692,0.1150672576431,0.9,0.282142857142857,0.9,0.310714285714286,0.84,0.92,"weighted","efa_d",1128,286
8,6,48,5,2.5,20,25,255,0.112775147285482,0.127953668849867,0.95,0.239285714285714,0.95,0.275,0.88,0.92,"weighted","efa_d",1128,286
8,6,48,5,2.7,20,25,255,0.0887632443035455,0.121932060911177,0.95,0.185714285714286,0.95,0.260714285714286,0.92,0.92,"weighted","efa_d",1128,286
8,6,48,5,2.9,20,25,255,0.0693210684879247,0.146067816613013,0.95,0.146428571428571,1,0.246428571428571,0.92,0.92,"weighted","efa_d",1128,286
12,6,72,5,0.1,21,24,255,0.270914306415422,0.30434517580228,0.571428571428571,0.842293906810036,0.380952380952381,0.942652329749104,0.458333333333333,0.25,"coupled","efa_d",77,263
12,6,72,5,0.3,21,24,255,0.271708429373897,0.388647535556608,0.619047619047619,0.817204301075269,0.571428571428571,0.917562724014337,0.458333333333333,0.333333333333333,"coupled","efa_d",77,263
12,6,72,5,0.5,21,24,255,0.277703290296853,0.353574278159569,0.714285714285714,0.767025089605735,0.571428571428571,0.899641577060932,0.5,0.375,"coupled","efa_d",77,263
12,6,72,5,0.7,21,24,255,0.302098751902513,0.348995274135035,0.80952380952381,0.734767025089606,0.619047619047619,0.878136200716846,0.583333333333333,0.375,"coupled","efa_d",77,263
12,6,72,5,0.9,21,24,255,0.304850697510531,0.31352775541905,0.857142857142857,0.706093189964158,0.619047619047619,0.853046594982079,0.583333333333333,0.541666666666667,"coupled","efa_d",77,263
12,6,72,5,1.1,21,24,255,0.286643223019695,0.335489750823168,0.857142857142857,0.681003584229391,0.714285714285714,0.824372759856631,0.625,0.541666666666667,"coupled","efa_d",77,263
12,6,72,5,1.3,21,24,255,0.265050448951143,0.343709492028382,0.857142857142857,0.648745519713262,0.80952380952381,0.781362007168459,0.666666666666667,0.583333333333333,"coupled","efa_d",77,263
12,6,72,5,1.5,21,24,255,0.300323112376798,0.317216474066712,0.952380952380952,0.627240143369176,0.80952380952381,0.752688172043011,0.75,0.625,"coupled","efa_d",77,263
12,6,72,5,1.7,21,24,255,0.279079270612807,0.282461159882617,0.952380952380952,0.591397849462366,0.80952380952381,0.709677419354839,0.75,0.625,"coupled","efa_d",77,263
12,6,72,5,1.9,21,24,255,0.274351630584367,0.274419695245982,1,0.537634408602151,0.857142857142857,0.663082437275986,0.833333333333333,0.666666666666667,"coupled","efa_d",77,263
12,6,72,5,2.1,21,24,255,0.251520870311766,0.230553651748806,1,0.491039426523298,0.857142857142857,0.591397849462366,0.833333333333333,0.75,"coupled","efa_d",77,263
12,6,72,5,2.3,21,24,255,0.233463071087775,0.220270061213801,1,0.451612903225806,0.904761904761905,0.526881720430108,0.833333333333333,0.791666666666667,"coupled","efa_d",77,263
12,6,72,5,2.5,21,24,255,0.213268131603574,0.206004221231783,1,0.405017921146953,0.904761904761905,0.498207885304659,0.875,0.833333333333333,"coupled","efa_d",77,263
12,6,72,5,2.7,21,24,255,0.19984633113367,0.216867818539973,1,0.372759856630824,0.952380952380952,0.469534050179211,0.875,0.833333333333333,"coupled","efa_d",77,263
12,6,72,5,2.9,21,24,255,0.188203665907037,0.194164321178503,1,0.344086021505376,0.952380952380952,0.419354838709677,0.875,0.833333333333333,"coupled","efa_d",77,263
20,6,120,5,0.1,21,24,255,0.563269470752011,0.423980741817889,0.80952380952381,0.924731182795699,0.476190476190476,0.956989247311828,0.166666666666667,0.25,"coupled","efa_d",215,515
20,6,120,5,0.3,21,24,255,0.537415090500101,0.437234967701428,0.80952380952381,0.913978494623656,0.523809523809524,0.949820788530466,0.208333333333333,0.291666666666667,"coupled","efa_d",215,515
20,6,120,5,0.5,21,24,255,0.521586606337562,0.464815899823891,0.80952380952381,0.906810035842294,0.619047619047619,0.935483870967742,0.208333333333333,0.333333333333333,"coupled","efa_d",215,515
20,6,120,5,0.7,21,24,255,0.486074666596272,0.470039689599876,0.80952380952381,0.888888888888889,0.666666666666667,0.924731182795699,0.291666666666667,0.416666666666667,"coupled","efa_d",215,515
20,6,120,5,0.9,21,24,255,0.455880944815453,0.461347844852528,0.857142857142857,0.853046594982079,0.714285714285714,0.906810035842294,0.333333333333333,0.416666666666667,"coupled","efa_d",215,515
20,6,120,5,1.1,21,24,255,0.417515111896293,0.414802721347552,0.857142857142857,0.824372759856631,0.714285714285714,0.881720430107527,0.333333333333333,0.416666666666667,"coupled","efa_d",215,515
20,6,120,5,1.3,21,24,255,0.380888582053641,0.405030299690383,0.857142857142857,0.792114695340502,0.761904761904762,0.85663082437276,0.416666666666667,0.416666666666667,"coupled","efa_d",215,515
20,6,120,5,1.5,21,24,255,0.371694658426623,0.386146583579517,0.904761904761905,0.756272401433692,0.80952380952381,0.82078853046595,0.458333333333333,0.416666666666667,"coupled","efa_d",215,515
20,6,120,5,1.7,21,24,255,0.374931594004551,0.340222664216571,0.952380952380952,0.731182795698925,0.80952380952381,0.777777777777778,0.458333333333333,0.541666666666667,"coupled","efa_d",215,515
20,6,120,5,1.9,21,24,255,0.373878250552983,0.32679144531654,1,0.698924731182796,0.80952380952381,0.763440860215054,0.541666666666667,0.541666666666667,"coupled","efa_d",215,515
20,6,120,5,2.1,21,24,255,0.357994997846337,0.294279212878151,1,0.67741935483871,0.857142857142857,0.691756272401434,0.583333333333333,0.666666666666667,"coupled","efa_d",215,515
20,6,120,5,2.3,21,24,255,0.338355587332042,0.26049042538273,1,0.648745519713262,0.857142857142857,0.6415770609319,0.583333333333333,0.708333333333333,"coupled","efa_d",215,515
20,6,120,5,2.5,21,24,255,0.318029044457074,0.247262491815526,1,0.616487455197133,0.857142857142857,0.620071684587814,0.75,0.75,"coupled","efa_d",215,515
20,6,120,5,2.7,21,24,255,0.295265757258268,0.225772268418952,1,0.577060931899642,0.904761904761905,0.537634408602151,0.75,0.791666666666667,"coupled","efa_d",215,515
20,6,120,5,2.9,21,24,255,0.279894647724612,0.214854539968558,1,0.548387096774194,0.904761904761905,0.516129032258065,0.75,0.791666666666667,"coupled","efa_d",215,515
30,6,180,5,0.1,22,23,255,0.285299912710536,0.475235664271741,0.227272727272727,0.97841726618705,0.318181818181818,0.992805755395683,0.0434782608695652,0.0434782608695652,"coupled","efa_d",484,850
30,6,180,5,0.3,22,23,255,0.33409548795671,0.463496595093069,0.272727272727273,0.97841726618705,0.409090909090909,0.97841726618705,0.0434782608695652,0.130434782608696,"coupled","efa_d",484,850
30,6,180,5,0.5,22,23,255,0.422747363166917,0.467354506556448,0.363636363636364,0.97841726618705,0.454545454545455,0.971223021582734,0.0434782608695652,0.217391304347826,"coupled","efa_d",484,850
30,6,180,5,0.7,22,23,255,0.359669136382152,0.509483322432963,0.363636363636364,0.964028776978417,0.545454545454545,0.964028776978417,0.0869565217391304,0.217391304347826,"coupled","efa_d",484,850
30,6,180,5,0.9,22,23,255,0.447598745727438,0.470359315549802,0.5,0.956834532374101,0.545454545454545,0.953237410071942,0.0869565217391304,0.260869565217391,"coupled","efa_d",484,850
30,6,180,5,1.1,22,23,255,0.447705090346159,0.513779216798488,0.545454545454545,0.946043165467626,0.636363636363636,0.946043165467626,0.173913043478261,0.260869565217391,"coupled","efa_d",484,850
30,6,180,5,1.3,22,23,255,0.432375008367891,0.514109414486585,0.590909090909091,0.928057553956835,0.681818181818182,0.935251798561151,0.304347826086957,0.260869565217391,"coupled","efa_d",484,850
30,6,180,5,1.5,22,23,255,0.469547229783995,0.516683769946429,0.681818181818182,0.91726618705036,0.727272727272727,0.924460431654676,0.347826086956522,0.260869565217391,"coupled","efa_d",484,850
30,6,180,5,1.7,22,23,255,0.43926770348524,0.490604736108054,0.681818181818182,0.902877697841727,0.772727272727273,0.899280575539568,0.347826086956522,0.304347826086957,"coupled","efa_d",484,850
30,6,180,5,1.9,22,23,255,0.49179001937045,0.483053413451427,0.818181818181818,0.884892086330935,0.863636363636364,0.863309352517986,0.347826086956522,0.434782608695652,"coupled","efa_d",484,850
30,6,180,5,2.1,22,23,255,0.47777360436841,0.479689570806405,0.909090909090909,0.841726618705036,0.954545454545455,0.823741007194245,0.434782608695652,0.652173913043478,"coupled","efa_d",484,850
30,6,180,5,2.3,22,23,255,0.449457034831211,0.415481542386409,0.909090909090909,0.820143884892086,0.954545454545455,0.766187050359712,0.434782608695652,0.652173913043478,"coupled","efa_d",484,850
30,6,180,5,2.5,22,23,255,0.466267331578618,0.395255914224477,0.954545454545455,0.81294964028777,0.954545454545455,0.744604316546763,0.434782608695652,0.652173913043478,"coupled","efa_d",484,850
30,6,180,5,2.7,22,23,255,0.462560443188186,0.373644525109173,1,0.787769784172662,0.954545454545455,0.719424460431655,0.565217391304348,0.695652173913043,"coupled","efa_d",484,850
30,6,180,5,2.9,22,23,255,0.41324163420365,0.33298578380029,1,0.737410071942446,0.954545454545455,0.665467625899281,0.652173913043478,0.695652173913043,"coupled","efa_d",484,850
4,10,40,5,0.1,22,23,255,0.246978211556274,0.295775692282396,0.318181818181818,0.938848920863309,0.545454545454545,0.870503597122302,0.0434782608695652,0.130434782608696,"weighted","efa_d",780,380
4,10,40,5,0.3,22,23,255,0.300894136051276,0.270896212967185,0.545454545454545,0.87410071942446,0.590909090909091,0.827338129496403,0.173913043478261,0.173913043478261,"weighted","efa_d",780,380
4,10,40,5,0.5,22,23,255,0.33241017045442,0.354384663660787,0.727272727272727,0.809352517985611,0.818181818181818,0.780575539568345,0.304347826086957,0.347826086956522,"weighted","efa_d",780,380
4,10,40,5,0.7,22,23,255,0.290195018843106,0.324947884831882,0.772727272727273,0.737410071942446,0.863636363636364,0.719424460431655,0.434782608695652,0.434782608695652,"weighted","efa_d",780,380
4,10,40,5,0.9,22,23,255,0.280298159781257,0.325604678472961,0.863636363636364,0.658273381294964,0.954545454545455,0.654676258992806,0.478260869565217,0.521739130434783,"weighted","efa_d",780,380
4,10,40,5,1.1,22,23,255,0.317363237411695,0.289485812309116,1,0.60431654676259,0.954545454545455,0.597122302158273,0.521739130434783,0.608695652173913,"weighted","efa_d",780,380
4,10,40,5,1.3,22,23,255,0.279443236739478,0.259512486020418,1,0.535971223021583,0.954545454545455,0.543165467625899,0.608695652173913,0.652173913043478,"weighted","efa_d",780,380
4,10,40,5,1.5,22,23,255,0.234506489250922,0.241078365517335,1,0.442446043165468,0.954545454545455,0.507194244604317,0.782608695652174,0.652173913043478,"weighted","efa_d",780,380
4,10,40,5,1.7,22,23,255,0.20491680526071,0.211815781851743,1,0.37410071942446,0.954545454545455,0.446043165467626,0.826086956521739,0.695652173913043,"weighted","efa_d",780,380
4,10,40,5,1.9,22,23,255,0.188558121976651,0.209460519723162,1,0.334532374100719,1,0.384892086330935,0.826086956521739,0.739130434782609,"weighted","efa_d",780,380
4,10,40,5,2.1,22,23,255,0.163859539278428,0.195941440073016,1,0.273381294964029,1,0.352517985611511,0.826086956521739,0.826086956521739,"weighted","efa_d",780,380
4,10,40,5,2.3,22,23,255,0.14065622155408,0.179787199280226,1,0.215827338129496,1,0.31294964028777,0.869565217391304,0.826086956521739,"weighted","efa_d",780,380
4,10,40,5,2.5,22,23,255,0.12124884515862,0.16819239362164,1,0.169064748201439,1,0.284172661870504,0.869565217391304,0.91304347826087,"weighted","efa_d",780,380
4,10,40,5,2.7,22,23,255,0.107134684524951,0.149400820126323,1,0.136690647482014,1,0.237410071942446,0.956521739130435,1,"weighted","efa_d",780,380
4,10,40,5,2.9,22,23,255,0.0937708143693868,0.139189484689537,1,0.107913669064748,1,0.212230215827338,0.956521739130435,1,"weighted","efa_d",780,380
8,10,80,5,0.1,23,22,255,0.313264488505374,0.145929929583934,0.565217391304348,0.870036101083033,0.217391304347826,0.931407942238267,0.227272727272727,0.136363636363636,"coupled","efa_d",95,521
8,10,80,5,0.3,23,22,255,0.298702274804703,0.238039921521482,0.608695652173913,0.837545126353791,0.347826086956522,0.92057761732852,0.318181818181818,0.136363636363636,"coupled","efa_d",95,521
8,10,80,5,0.5,23,22,255,0.262931824233051,0.213154466739801,0.608695652173913,0.805054151624549,0.347826086956522,0.906137184115523,0.363636363636364,0.136363636363636,"coupled","efa_d",95,521
8,10,80,5,0.7,23,22,255,0.254394189542668,0.346926610817469,0.652173913043478,0.768953068592058,0.565217391304348,0.891696750902527,0.454545454545455,0.136363636363636,"coupled","efa_d",95,521
8,10,80,5,0.9,23,22,255,0.251690125831814,0.336530055256261,0.695652173913043,0.736462093862816,0.608695652173913,0.866425992779783,0.545454545454545,0.181818181818182,"coupled","efa_d",95,521
8,10,80,5,1.1,23,22,255,0.224077278904686,0.32134647096248,0.695652173913043,0.700361010830325,0.652173913043478,0.833935018050541,0.636363636363636,0.227272727272727,"coupled","efa_d",95,521
8,10,80,5,1.3,23,22,255,0.192018487457191,0.321861775083662,0.695652173913043,0.653429602888087,0.739130434782609,0.787003610108303,0.636363636363636,0.363636363636364,"coupled","efa_d",95,521
8,10,80,5,1.5,23,22,255,0.239298853989588,0.285212362258923,0.826086956521739,0.617328519855596,0.739130434782609,0.747292418772563,0.772727272727273,0.363636363636364,"coupled","efa_d",95,521
8,10,80,5,1.7,23,22,255,0.243016582502063,0.264515089581331,0.869565217391304,0.584837545126354,0.739130434782609,0.72202166064982,0.818181818181818,0.454545454545455,"coupled","efa_d",95,521
8,10,80,5,1.9,23,22,255,0.274842861243397,0.305902179849974,0.956521739130435,0.55956678700361,0.869565217391304,0.682310469314079,0.818181818181818,0.454545454545455,"coupled","efa_d",95,521
8,10,80,5,2.1,23,22,255,0.25738516576353,0.278548294126503,0.956521739130435,0.527075812274368,0.869565217391304,0.642599277978339,0.818181818181818,0.590909090909091,"coupled","efa_d",95,521
8,10,80,5,2.3,23,22,255,0.248081642422913,0.255844271564518,0.956521739130435,0.509025270758123,0.869565217391304,0.606498194945848,0.818181818181818,0.681818181818182,"coupled","efa_d",95,521
8,10,80,5,2.5,23,22,255,0.211375046607044,0.234746408808525,0.956521739130435,0.433212996389892,0.869565217391304,0.570397111913357,0.818181818181818,0.681818181818182,"coupled","efa_d",95,521
8,10,80,5,2.7,23,22,255,0.188399792874119,0.251772110117127,0.956521739130435,0.382671480144404,0.956521739130435,0.516245487364621,0.863636363636364,0.727272727272727,"coupled","efa_d",95,521
8,10,80,5,2.9,23,22,255,0.202229078107797,0.231933692313575,1,0.357400722021661,0.956521739130435,0.476534296028881,0.863636363636364,0.727272727272727,"coupled","efa_d",95,521
12,10,120,5,0.1,21,24,255,0.437677020820961,0.398042169343673,0.619047619047619,0.924731182795699,0.428571428571429,0.960573476702509,0.125,0.0833333333333333,"coupled","efa_d",215,787
12,10,120,5,0.3,21,24,255,0.406151068868605,0.46107470327943,0.619047619047619,0.910394265232975,0.523809523809524,0.956989247311828,0.166666666666667,0.0833333333333333,"coupled","efa_d",215,787
12,10,120,5,0.5,21,24,255,0.409738156086477,0.495809805473173,0.666666666666667,0.896057347670251,0.619047619047619,0.946236559139785,0.25,0.0833333333333333,"coupled","efa_d",215,787
12,10,120,5,0.7,21,24,255,0.386738168525527,0.474671868788826,0.714285714285714,0.863799283154122,0.619047619047619,0.939068100358423,0.291666666666667,0.0833333333333333,"coupled","efa_d",215,787
12,10,120,5,0.9,21,24,255,0.38539871915423,0.488102931792903,0.761904761904762,0.842293906810036,0.666666666666667,0.931899641577061,0.333333333333333,0.0833333333333333,"coupled","efa_d",215,787
12,10,120,5,1.1,21,24,255,0.376204280639783,0.484710269810308,0.761904761904762,0.835125448028674,0.714285714285714,0.917562724014337,0.333333333333333,0.208333333333333,"coupled","efa_d",215,787
12,10,120,5,1.3,21,24,255,0.35477805526274,0.447020972836839,0.761904761904762,0.817204301075269,0.714285714285714,0.899641577060932,0.333333333333333,0.208333333333333,"coupled","efa_d",215,787
12,10,120,5,1.5,21,24,255,0.373750633984241,0.392067031848707,0.80952380952381,0.810035842293907,0.714285714285714,0.867383512544803,0.333333333333333,0.208333333333333,"coupled","efa_d",215,787
12,10,120,5,1.7,21,24,255,0.36200702772914,0.348293492104621,0.80952380952381,0.799283154121864,0.714285714285714,0.835125448028674,0.375,0.375,"coupled","efa_d",215,787
12,10,120,5,1.9,21,24,255,0.343709492028382,0.346762514500103,0.80952380952381,0.781362007168459,0.761904761904762,0.810035842293907,0.375,0.416666666666667,"coupled","efa_d",215,787
12,10,120,5,2.1,21,24,255,0.320363545144274,0.317341664620536,0.80952380952381,0.756272401433692,0.761904761904762,0.781362007168459,0.458333333333333,0.416666666666667,"coupled","efa_d",215,787
12,10,120,5,2.3,21,24,255,0.311049509891749,0.29445809603494,0.80952380952381,0.745519713261649,0.761904761904762,0.756272401433692,0.5,0.5,"coupled","efa_d",215,787
12,10,120,5,2.5,21,24,255,0.299190529772311,0.318762066812858,0.80952380952381,0.731182795698925,0.857142857142857,0.724014336917563,0.5,0.541666666666667,"coupled","efa_d",215,787
12,10,120,5,2.7,21,24,255,0.307568249277553,0.296878826702821,0.857142857142857,0.709677419354839,0.857142857142857,0.695340501792115,0.625,0.541666666666667,"coupled","efa_d",215,787
12,10,120,5,2.9,21,24,255,0.284149903105237,0.281681503083051,0.857142857142857,0.67741935483871,0.857142857142857,0.673835125448029,0.625,0.541666666666667,"coupled","efa_d",215,787
20,10,200,5,0.1,23,22,255,0.633814086615415,0.504843689929778,0.565217391304348,0.985559566787004,0.347826086956522,0.992779783393502,0.0909090909090909,0.0454545454545455,"coupled","efa_d",597,1314
20,10,200,5,0.3,23,22,255,0.633814086615415,0.530224432233277,0.565217391304348,0.985559566787004,0.434782608695652,0.985559566787004,0.0909090909090909,0.0454545454545455,"coupled","efa_d",597,1314
20,10,200,5,0.5,23,22,255,0.696647462179679,0.56622054460049,0.652173913043478,0.985559566787004,0.478260869565217,0.985559566787004,0.0909090909090909,0.0454545454545455,"coupled","efa_d",597,1314
20,10,200,5,0.7,23,22,255,0.676368773695505,0.645209057391615,0.652173913043478,0.981949458483754,0.608695652173913,0.981949458483754,0.0909090909090909,0.0909090909090909,"coupled","efa_d",597,1314
20,10,200,5,0.9,23,22,255,0.657485652493244,0.676368773695505,0.652173913043478,0.978339350180505,0.652173913043478,0.981949458483754,0.136363636363636,0.0909090909090909,"coupled","efa_d",597,1314
20,10,200,5,1.1,23,22,255,0.653913861679908,0.706588389796698,0.695652173913043,0.971119133574007,0.695652173913043,0.981949458483754,0.181818181818182,0.0909090909090909,"coupled","efa_d",597,1314
20,10,200,5,1.3,23,22,255,0.683720229526529,0.700094219143179,0.739130434782609,0.971119133574007,0.739130434782609,0.974729241877256,0.181818181818182,0.136363636363636,"coupled","efa_d",597,1314
20,10,200,5,1.5,23,22,255,0.725838156843158,0.668251177568979,0.826086956521739,0.967509025270758,0.739130434782609,0.967509025270758,0.227272727272727,0.136363636363636,"coupled","efa_d",597,1314
20,10,200,5,1.7,23,22,255,0.753675047095853,0.682770228233002,0.869565217391304,0.967509025270758,0.782608695652174,0.963898916967509,0.227272727272727,0.136363636363636,"coupled","efa_d",597,1314
20,10,200,5,1.9,23,22,255,0.739176598408812,0.65565381892759,0.869565217391304,0.963898916967509,0.782608695652174,0.956678700361011,0.272727272727273,0.227272727272727,"coupled","efa_d",597,1314
20,10,200,5,2.1,23,22,255,0.699516167511504,0.684192924644345,0.869565217391304,0.953068592057762,0.826086956521739,0.956678700361011,0.318181818181818,0.227272727272727,"coupled","efa_d",597,1314
20,10,200,5,2.3,23,22,255,0.653943689166986,0.664662994500325,0.869565217391304,0.938628158844765,0.869565217391304,0.942238267148014,0.363636363636364,0.272727272727273,"coupled","efa_d",597,1314
20,10,200,5,2.5,23,22,255,0.605863668941506,0.61481908561718,0.869565217391304,0.92057761732852,0.869565217391304,0.924187725631769,0.363636363636364,0.363636363636364,"coupled","efa_d",597,1314
20,10,200,5,2.7,23,22,255,0.597200016079127,0.605863668941506,0.869565217391304,0.916967509025271,0.869565217391304,0.92057761732852,0.363636363636364,0.363636363636364,"coupled","efa_d",597,1314
20,10,200,5,2.9,23,22,255,0.607571564579412,0.55772064058617,0.91304347826087,0.909747292418773,0.869565217391304,0.898916967509025,0.409090909090909,0.454545454545455,"coupled","efa_d",597,1314
30,10,300,5,0.1,20,25,255,0.216385633707315,0.579683864209739,0.05,1,0.4,0.996428571428571,0,0.04,"coupled","efa_d",1346,1951
30,10,300,5,0.3,20,25,255,0.376050716545177,0.620364583731831,0.15,1,0.45,0.996428571428571,0,0.04,"coupled","efa_d",1346,1951
30,10,300,5,0.5,20,25,255,0.43495883620084,0.658878776467811,0.2,1,0.5,0.996428571428571,0,0.04,"coupled","efa_d",1346,1951
30,10,300,5,0.7,20,25,255,0.578334669340419,0.658878776467811,0.35,1,0.5,0.996428571428571,0,0.04,"coupled","efa_d",1346,1951
30,10,300,5,0.9,20,25,255,0.658019521535379,0.627376434428478,0.45,1,0.5,0.992857142857143,0,0.04,"coupled","efa_d",1346,1951
30,10,300,5,1.1,20,25,255,0.694808333779651,0.637772655673939,0.5,1,0.55,0.989285714285714,0,0.08,"coupled","efa_d",1346,1951
30,10,300,5,1.3,20,25,255,0.694808333779651,0.590749127966482,0.5,1,0.55,0.982142857142857,0,0.12,"coupled","efa_d",1346,1951
30,10,300,5,1.5,20,25,255,0.694808333779651,0.570269335181175,0.5,1,0.55,0.978571428571429,0,0.12,"coupled","efa_d",1346,1951
30,10,300,5,1.7,20,25,255,0.7307012138278,0.551432692342771,0.6,0.996428571428571,0.55,0.975,0.04,0.16,"coupled","efa_d",1346,1951
30,10,300,5,1.9,20,25,255,0.764482454814457,0.571428571428571,0.65,0.996428571428571,0.6,0.971428571428571,0.04,0.2,"coupled","efa_d",1346,1951
30,10,300,5,2.1,20,25,255,0.828634682852314,0.626143369708215,0.75,0.996428571428571,0.7,0.967857142857143,0.04,0.2,"coupled","efa_d",1346,1951
30,10,300,5,2.3,20,25,255,0.808347864661056,0.644658371220304,0.8,0.989285714285714,0.75,0.964285714285714,0.12,0.24,"coupled","efa_d",1346,1951
30,10,300,5,2.5,20,25,255,0.764659956897056,0.644658371220304,0.8,0.982142857142857,0.75,0.964285714285714,0.16,0.24,"coupled","efa_d",1346,1951
30,10,300,5,2.7,20,25,255,0.758556266005134,0.579066024143586,0.85,0.975,0.75,0.946428571428571,0.2,0.32,"coupled","efa_d",1346,1951
30,10,300,5,2.9,20,25,255,0.681335122079749,0.590627602479385,0.85,0.957142857142857,0.85,0.928571428571429,0.32,0.4,"coupled","efa_d",1346,1951
