size,rate,rep,scenario,pattern,corruption,rate_full,rate_norr,delta
30,0.1,1,B,acquiescent,0.1,0.0,0.0,0.0
30,0.1,1,B,acquiescent,0.3,0.0,0.0,0.0
30,0.1,1,B,acquiescent,0.4,0.0,0.0,0.0
30,0.1,1,B,acquiescent,0.6,1.0,0.0,1.0
30,0.1,1,B,acquiescent,0.7,0.0,0.0,0.0
30,0.1,1,B,acquiescent,0.8,1.0,1.0,0.0
30,0.1,1,B,acquiescent,0.9,1.0,1.0,0.0
30,0.1,1,B,acquiescent,1.0,1.0,1.0,0.0
30,0.1,1,B,fatigue,0.1,0.0,0.0,0.0
30,0.1,1,B,fatigue,0.2,0.0,0.0,0.0
30,0.1,1,B,fatigue,0.3,0.0,0.0,0.0
30,0.1,1,B,fatigue,0.5,0.0,0.0,0.0
30,0.1,1,B,fatigue,0.6,0.0,0.0,0.0
30,0.1,1,B,fatigue,0.7,1.0,1.0,0.0
30,0.1,1,B,fatigue,0.9,1.0,1.0,0.0
30,0.1,1,B,fatigue,1.0,1.0,1.0,0.0
30,0.1,1,B,longstring,0.1,0.0,0.0,0.0
30,0.1,1,B,longstring,0.2,0.0,0.0,0.0
30,0.1,1,B,longstring,0.3,0.0,0.0,0.0
30,0.1,1,B,longstring,0.4,0.0,0.0,0.0
30,0.1,1,B,longstring,0.5,1.0,0.0,1.0
30,0.1,1,B,longstring,0.6,1.0,0.0,1.0
30,0.1,1,B,longstring,0.7,1.0,1.0,0.0
30,0.1,1,B,longstring,0.9,1.0,1.0,0.0
30,0.1,1,B,longstring,1.0,1.0,1.0,0.0
30,0.1,1,B,mixed,0.1,0.0,0.0,0.0
30,0.1,1,B,mixed,0.2,0.0,0.0,0.0
30,0.1,1,B,mixed,0.3,0.0,1.0,-1.0
30,0.1,1,B,mixed,0.5,0.0,0.0,0.0
30,0.1,1,B,mixed,0.6,0.0,0.0,0.0
30,0.1,1,B,mixed,0.7,0.0,0.0,0.0
30,0.1,1,B,mixed,0.9,1.0,1.0,0.0
30,0.1,1,B,mixed,1.0,0.0,0.0,0.0
30,0.1,1,B,pure_straight,0.1,0.0,0.0,0.0
30,0.1,1,B,pure_straight,0.2,0.0,0.0,0.0
30,0.1,1,B,pure_straight,0.3,1.0,1.0,0.0
30,0.1,1,B,pure_straight,0.4,0.0,0.0,0.0
30,0.1,1,B,pure_straight,0.5,0.0,0.0,0.0
30,0.1,1,B,pure_straight,0.7,1.0,1.0,0.0
30,0.1,1,B,pure_straight,0.8,1.0,1.0,0.0
30,0.1,1,B,pure_straight,0.9,1.0,1.0,0.0
30,0.1,1,B,random,0.1,0.0,0.0,0.0
30,0.1,1,B,random,0.2,0.0,0.0,0.0
30,0.1,1,B,random,0.3,0.0,0.0,0.0
30,0.1,1,B,random,0.5,0.0,0.0,0.0
30,0.1,1,B,random,0.6,0.0,0.0,0.0
30,0.1,1,B,random,0.7,0.0,0.0,0.0
30,0.1,1,B,random,0.8,0.0,0.0,0.0
30,0.1,1,B,random,0.9,0.0,0.0,0.0
30,0.1,1,B,random,1.0,0.0,0.0,0.0
30,0.1,2,B,acquiescent,0.2,0.0,0.0,0.0
30,0.1,2,B,acquiescent,0.3,0.0,0.0,0.0
30,0.1,2,B,acquiescent,0.5,0.0,0.0,0.0
30,0.1,2,B,acquiescent,0.6,0.0,0.0,0.0
30,0.1,2,B,acquiescent,0.7,1.0,1.0,0.0
30,0.1,2,B,acquiescent,0.8,1.0,1.0,0.0
30,0.1,2,B,acquiescent,0.9,1.0,1.0,0.0
30,0.1,2,B,acquiescent,1.0,1.0,1.0,0.0
30,0.1,2,B,fatigue,0.1,0.0,0.0,0.0
30,0.1,2,B,fatigue,0.2,0.0,0.0,0.0
30,0.1,2,B,fatigue,0.3,0.0,0.0,0.0
30,0.1,2,B,fatigue,0.6,0.0,0.0,0.0
30,0.1,2,B,fatigue,0.7,0.0,0.0,0.0
30,0.1,2,B,fatigue,0.8,0.0,0.0,0.0
30,0.1,2,B,fatigue,0.9,0.0,0.0,0.0
30,0.1,2,B,fatigue,1.0,1.0,1.0,0.0
30,0.1,2,B,longstring,0.1,0.0,0.0,0.0
30,0.1,2,B,longstring,0.2,0.0,0.0,0.0
30,0.1,2,B,longstring,0.3,0.0,0.0,0.0
30,0.1,2,B,longstring,0.4,0.0,0.0,0.0
30,0.1,2,B,longstring,0.6,1.0,1.0,0.0
30,0.1,2,B,longstring,0.7,1.0,0.0,1.0
30,0.1,2,B,longstring,0.8,0.0,0.0,0.0
30,0.1,2,B,longstring,0.9,1.0,1.0,0.0
30,0.1,2,B,longstring,1.0,1.0,1.0,0.0
30,0.1,2,B,mixed,0.1,0.0,0.0,0.0
30,0.1,2,B,mixed,0.2,0.0,0.0,0.0
30,0.1,2,B,mixed,0.5,0.0,0.0,0.0
30,0.1,2,B,mixed,0.6,0.0,0.0,0.0
30,0.1,2,B,mixed,0.7,0.0,0.0,0.0
30,0.1,2,B,mixed,0.8,0.0,0.0,0.0
30,0.1,2,B,mixed,0.9,0.0,0.0,0.0
30,0.1,2,B,mixed,1.0,0.0,0.0,0.0
30,0.1,2,B,pure_straight,0.1,0.0,0.0,0.0
30,0.1,2,B,pure_straight,0.2,0.0,0.0,0.0
30,0.1,2,B,pure_straight,0.4,1.0,1.0,0.0
30,0.1,2,B,pure_straight,0.6,1.0,1.0,0.0
30,0.1,2,B,pure_straight,0.7,1.0,1.0,0.0
30,0.1,2,B,pure_straight,0.8,1.0,1.0,0.0
30,0.1,2,B,pure_straight,0.9,1.0,1.0,0.0
30,0.1,2,B,pure_straight,1.0,1.0,1.0,0.0
30,0.1,2,B,random,0.1,0.0,0.0,0.0
30,0.1,2,B,random,0.2,0.0,0.0,0.0
30,0.1,2,B,random,0.4,0.0,0.0,0.0
30,0.1,2,B,random,0.5,0.0,0.0,0.0
30,0.1,2,B,random,0.6,0.0,0.0,0.0
30,0.1,2,B,random,0.7,0.0,0.0,0.0
30,0.1,2,B,random,0.8,0.0,0.0,0.0
30,0.1,2,B,random,0.9,0.0,0.0,0.0
30,0.1,2,B,random,1.0,0.0,1.0,-1.0
30,0.1,3,B,acquiescent,0.1,0.0,0.0,0.0
30,0.1,3,B,acquiescent,0.2,0.0,0.0,0.0
30,0.1,3,B,acquiescent,0.3,0.0,1.0,-1.0
30,0.1,3,B,acquiescent,0.4,0.0,0.0,0.0
30,0.1,3,B,acquiescent,0.5,1.0,1.0,0.0
30,0.1,3,B,acquiescent,0.6,0.0,0.0,0.0
30,0.1,3,B,acquiescent,0.8,0.0,1.0,-1.0
30,0.1,3,B,acquiescent,0.9,1.0,1.0,0.0
30,0.1,3,B,fatigue,0.1,0.0,0.0,0.0
30,0.1,3,B,fatigue,0.2,0.0,0.0,0.0
30,0.1,3,B,fatigue,0.3,0.0,0.0,0.0
30,0.1,3,B,fatigue,0.4,1.0,0.0,1.0
30,0.1,3,B,fatigue,0.5,0.0,0.0,0.0
30,0.1,3,B,fatigue,0.6,0.0,0.0,0.0
30,0.1,3,B,fatigue,0.8,1.0,1.0,0.0
30,0.1,3,B,fatigue,1.0,1.0,1.0,0.0
30,0.1,3,B,longstring,0.1,0.0,0.0,0.0
30,0.1,3,B,longstring,0.2,0.0,0.0,0.0
30,0.1,3,B,longstring,0.3,0.0,0.0,0.0
30,0.1,3,B,longstring,0.4,1.0,1.0,0.0
30,0.1,3,B,longstring,0.5,0.0,0.0,0.0
30,0.1,3,B,longstring,0.6,0.0,0.0,0.0
30,0.1,3,B,longstring,0.8,0.0,0.0,0.0
30,0.1,3,B,longstring,0.9,1.0,1.0,0.0
30,0.1,3,B,longstring,1.0,1.0,1.0,0.0
30,0.1,3,B,mixed,0.1,0.0,0.0,0.0
30,0.1,3,B,mixed,0.3,0.0,0.0,0.0
30,0.1,3,B,mixed,0.4,0.0,0.0,0.0
30,0.1,3,B,mixed,0.6,0.0,0.0,0.0
30,0.1,3,B,mixed,0.7,1.0,1.0,0.0
30,0.1,3,B,mixed,0.8,0.0,0.0,0.0
30,0.1,3,B,mixed,0.9,0.0,1.0,-1.0
30,0.1,3,B,mixed,1.0,1.0,1.0,0.0
30,0.1,3,B,pure_straight,0.1,0.0,0.0,0.0
30,0.1,3,B,pure_straight,0.2,0.0,0.0,0.0
30,0.1,3,B,pure_straight,0.3,0.0,0.0,0.0
30,0.1,3,B,pure_straight,0.4,1.0,0.0,1.0
30,0.1,3,B,pure_straight,0.5,1.0,0.0,1.0
30,0.1,3,B,pure_straight,0.6,1.0,1.0,0.0
30,0.1,3,B,pure_straight,0.7,0.0,1.0,-1.0
30,0.1,3,B,pure_straight,0.9,1.0,1.0,0.0
30,0.1,3,B,random,0.1,0.0,0.0,0.0
30,0.1,3,B,random,0.2,0.0,0.0,0.0
30,0.1,3,B,random,0.3,1.0,1.0,0.0
30,0.1,3,B,random,0.4,0.0,0.0,0.0
30,0.1,3,B,random,0.5,0.0,0.0,0.0
30,0.1,3,B,random,0.6,0.0,0.0,0.0
30,0.1,3,B,random,0.7,1.0,0.0,1.0
30,0.1,3,B,random,0.8,0.0,0.0,0.0
30,0.1,3,B,random,0.9,0.0,1.0,-1.0
30,0.1,4,B,acquiescent,0.1,0.0,0.0,0.0
30,0.1,4,B,acquiescent,0.2,1.0,1.0,0.0
30,0.1,4,B,acquiescent,0.3,0.0,0.0,0.0
30,0.1,4,B,acquiescent,0.6,1.0,1.0,0.0
30,0.1,4,B,acquiescent,0.7,0.0,0.0,0.0
30,0.1,4,B,acquiescent,0.8,1.0,1.0,0.0
30,0.1,4,B,acquiescent,0.9,0.0,0.0,0.0
30,0.1,4,B,acquiescent,1.0,1.0,1.0,0.0
30,0.1,4,B,fatigue,0.1,0.0,0.0,0.0
30,0.1,4,B,fatigue,0.2,1.0,1.0,0.0
30,0.1,4,B,fatigue,0.3,0.0,0.0,0.0
30,0.1,4,B,fatigue,0.4,0.0,0.0,0.0
30,0.1,4,B,fatigue,0.7,1.0,1.0,0.0
30,0.1,4,B,fatigue,0.8,1.0,1.0,0.0
30,0.1,4,B,fatigue,0.9,1.0,1.0,0.0
30,0.1,4,B,fatigue,1.0,1.0,1.0,0.0
30,0.1,4,B,longstring,0.1,1.0,1.0,0.0
30,0.1,4,B,longstring,0.2,0.0,0.0,0.0
30,0.1,4,B,longstring,0.3,0.0,0.0,0.0
30,0.1,4,B,longstring,0.4,0.0,0.0,0.0
30,0.1,4,B,longstring,0.5,0.0,0.0,0.0
30,0.1,4,B,longstring,0.6,1.0,1.0,0.0
30,0.1,4,B,longstring,0.7,0.0,0.0,0.0
30,0.1,4,B,longstring,0.9,1.0,1.0,0.0
30,0.1,4,B,longstring,1.0,1.0,1.0,0.0
30,0.1,4,B,mixed,0.1,0.0,0.0,0.0
30,0.1,4,B,mixed,0.4,0.0,0.0,0.0
30,0.1,4,B,mixed,0.5,0.0,0.0,0.0
30,0.1,4,B,mixed,0.6,1.0,1.0,0.0
30,0.1,4,B,mixed,0.7,0.0,0.0,0.0
30,0.1,4,B,mixed,0.8,1.0,0.0,1.0
30,0.1,4,B,mixed,0.9,0.0,0.0,0.0
30,0.1,4,B,mixed,1.0,0.0,0.0,0.0
30,0.1,4,B,pure_straight,0.1,0.0,0.0,0.0
30,0.1,4,B,pure_straight,0.2,0.0,0.0,0.0
30,0.1,4,B,pure_straight,0.3,0.0,0.0,0.0
30,0.1,4,B,pure_straight,0.4,1.0,1.0,0.0
30,0.1,4,B,pure_straight,0.7,0.0,1.0,-1.0
30,0.1,4,B,pure_straight,0.8,1.0,1.0,0.0
30,0.1,4,B,pure_straight,0.9,1.0,1.0,0.0
30,0.1,4,B,pure_straight,1.0,1.0,1.0,0.0
30,0.1,4,B,random,0.1,0.0,0.0,0.0
30,0.1,4,B,random,0.2,0.0,0.0,0.0
30,0.1,4,B,random,0.4,0.0,0.0,0.0
30,0.1,4,B,random,0.5,0.0,0.0,0.0
30,0.1,4,B,random,0.6,0.0,0.0,0.0
30,0.1,4,B,random,0.7,0.0,0.0,0.0
30,0.1,4,B,random,0.8,0.0,0.0,0.0
30,0.1,4,B,random,0.9,0.0,0.0,0.0
30,0.1,4,B,random,1.0,1.0,1.0,0.0
30,0.1,5,B,acquiescent,0.1,0.0,0.0,0.0
30,0.1,5,B,acquiescent,0.2,0.0,0.0,0.0
30,0.1,5,B,acquiescent,0.3,1.0,1.0,0.0
30,0.1,5,B,acquiescent,0.4,1.0,1.0,0.0
30,0.1,5,B,acquiescent,0.5,1.0,1.0,0.0
30,0.1,5,B,acquiescent,0.6,0.0,0.0,0.0
30,0.1,5,B,acquiescent,0.8,0.0,0.0,0.0
30,0.1,5,B,acquiescent,0.9,1.0,1.0,0.0
30,0.1,5,B,fatigue,0.1,0.0,0.0,0.0
30,0.1,5,B,fatigue,0.2,0.0,0.0,0.0
30,0.1,5,B,fatigue,0.3,0.0,0.0,0.0
30,0.1,5,B,fatigue,0.4,0.0,1.0,-1.0
30,0.1,5,B,fatigue,0.5,0.0,0.0,0.0
30,0.1,5,B,fatigue,0.6,0.0,0.0,0.0
30,0.1,5,B,fatigue,0.8,0.0,1.0,-1.0
30,0.1,5,B,fatigue,0.9,1.0,1.0,0.0
30,0.1,5,B,longstring,0.1,0.0,0.0,0.0
30,0.1,5,B,longstring,0.2,0.0,0.0,0.0
30,0.1,5,B,longstring,0.3,1.0,1.0,0.0
30,0.1,5,B,longstring,0.4,1.0,0.0,1.0
30,0.1,5,B,longstring,0.5,0.0,1.0,-1.0
30,0.1,5,B,longstring,0.6,0.0,0.0,0.0
30,0.1,5,B,longstring,0.8,1.0,1.0,0.0
30,0.1,5,B,longstring,0.9,1.0,0.0,1.0
30,0.1,5,B,longstring,1.0,1.0,1.0,0.0
30,0.1,5,B,mixed,0.1,0.0,0.0,0.0
30,0.1,5,B,mixed,0.2,0.0,0.0,0.0
30,0.1,5,B,mixed,0.3,0.0,0.0,0.0
30,0.1,5,B,mixed,0.4,0.0,0.0,0.0
30,0.1,5,B,mixed,0.5,0.0,0.0,0.0
30,0.1,5,B,mixed,0.7,0.0,0.0,0.0
30,0.1,5,B,mixed,0.8,1.0,1.0,0.0
30,0.1,5,B,mixed,1.0,0.0,0.0,0.0
30,0.1,5,B,pure_straight,0.1,0.0,0.0,0.0
30,0.1,5,B,pure_straight,0.2,0.0,0.0,0.0
30,0.1,5,B,pure_straight,0.3,0.0,0.0,0.0
30,0.1,5,B,pure_straight,0.4,0.0,0.0,0.0
30,0.1,5,B,pure_straight,0.5,0.0,1.0,-1.0
30,0.1,5,B,pure_straight,0.6,1.0,1.0,0.0
30,0.1,5,B,pure_straight,0.9,1.0,1.0,0.0
30,0.1,5,B,pure_straight,1.0,1.0,1.0,0.0
30,0.1,5,B,random,0.1,0.0,0.0,0.0
30,0.1,5,B,random,0.2,0.0,0.0,0.0
30,0.1,5,B,random,0.3,0.0,0.0,0.0
30,0.1,5,B,random,0.4,0.0,0.0,0.0
30,0.1,5,B,random,0.5,0.0,0.0,0.0
30,0.1,5,B,random,0.6,0.0,0.0,0.0
30,0.1,5,B,random,0.8,0.0,0.0,0.0
30,0.1,5,B,random,0.9,0.0,0.0,0.0
30,0.1,5,B,random,1.0,0.0,0.0,0.0
30,0.1,6,B,acquiescent,0.1,0.0,0.0,0.0
30,0.1,6,B,acquiescent,0.2,0.0,0.0,0.0
30,0.1,6,B,acquiescent,0.3,0.0,0.0,0.0
30,0.1,6,B,acquiescent,0.5,0.0,0.0,0.0
30,0.1,6,B,acquiescent,0.7,0.0,0.0,0.0
30,0.1,6,B,acquiescent,0.8,1.0,1.0,0.0
30,0.1,6,B,acquiescent,0.9,1.0,1.0,0.0
30,0.1,6,B,acquiescent,1.0,1.0,1.0,0.0
30,0.1,6,B,fatigue,0.1,0.0,0.0,0.0
30,0.1,6,B,fatigue,0.3,0.0,0.0,0.0
30,0.1,6,B,fatigue,0.4,0.0,0.0,0.0
30,0.1,6,B,fatigue,0.6,0.0,1.0,-1.0
30,0.1,6,B,fatigue,0.7,0.0,0.0,0.0
30,0.1,6,B,fatigue,0.8,1.0,1.0,0.0
30,0.1,6,B,fatigue,0.9,0.0,0.0,0.0
30,0.1,6,B,fatigue,1.0,1.0,1.0,0.0
30,0.1,6,B,longstring,0.1,0.0,0.0,0.0
30,0.1,6,B,longstring,0.2,0.0,0.0,0.0
30,0.1,6,B,longstring,0.3,0.0,0.0,0.0
30,0.1,6,B,longstring,0.4,0.0,0.0,0.0
30,0.1,6,B,longstring,0.5,0.0,0.0,0.0
30,0.1,6,B,longstring,0.6,0.0,0.0,0.0
30,0.1,6,B,longstring,0.7,0.0,0.0,0.0
30,0.1,6,B,longstring,0.8,1.0,1.0,0.0
30,0.1,6,B,longstring,0.9,1.0,1.0,0.0
30,0.1,6,B,mixed,0.1,0.0,0.0,0.0
30,0.1,6,B,mixed,0.2,0.0,0.0,0.0
30,0.1,6,B,mixed,0.3,0.0,0.0,0.0
30,0.1,6,B,mixed,0.4,0.0,0.0,0.0
30,0.1,6,B,mixed,0.5,0.0,0.0,0.0
30,0.1,6,B,mixed,0.6,0.0,0.0,0.0
30,0.1,6,B,mixed,0.7,0.0,0.0,0.0
30,0.1,6,B,mixed,1.0,0.0,0.0,0.0
30,0.1,6,B,pure_straight,0.2,0.0,0.0,0.0
30,0.1,6,B,pure_straight,0.3,1.0,1.0,0.0
30,0.1,6,B,pure_straight,0.4,1.0,1.0,0.0
30,0.1,6,B,pure_straight,0.5,0.0,0.0,0.0
30,0.1,6,B,pure_straight,0.6,0.0,0.0,0.0
30,0.1,6,B,pure_straight,0.7,1.0,1.0,0.0
30,0.1,6,B,pure_straight,0.8,1.0,1.0,0.0
30,0.1,6,B,pure_straight,1.0,1.0,1.0,0.0
30,0.1,6,B,random,0.1,0.0,0.0,0.0
30,0.1,6,B,random,0.2,0.0,0.0,0.0
30,0.1,6,B,random,0.3,0.0,0.0,0.0
30,0.1,6,B,random,0.5,1.0,1.0,0.0
30,0.1,6,B,random,0.6,1.0,1.0,0.0
30,0.1,6,B,random,0.7,1.0,0.0,1.0
30,0.1,6,B,random,0.8,0.0,0.0,0.0
30,0.1,6,B,random,0.9,0.0,0.0,0.0
30,0.1,6,B,random,1.0,0.0,1.0,-1.0
30,0.1,7,B,acquiescent,0.1,0.0,0.0,0.0
30,0.1,7,B,acquiescent,0.2,0.0,0.0,0.0
30,0.1,7,B,acquiescent,0.4,0.0,0.0,0.0
30,0.1,7,B,acquiescent,0.5,1.0,1.0,0.0
30,0.1,7,B,acquiescent,0.6,0.0,0.0,0.0
30,0.1,7,B,acquiescent,0.8,0.0,0.0,0.0
30,0.1,7,B,acquiescent,0.9,1.0,1.0,0.0
30,0.1,7,B,acquiescent,1.0,1.0,1.0,0.0
30,0.1,7,B,fatigue,0.2,0.0,1.0,-1.0
30,0.1,7,B,fatigue,0.3,0.0,0.0,0.0
30,0.1,7,B,fatigue,0.4,1.0,0.0,1.0
30,0.1,7,B,fatigue,0.5,0.0,0.0,0.0
30,0.1,7,B,fatigue,0.6,0.0,0.0,0.0
30,0.1,7,B,fatigue,0.7,0.0,0.0,0.0
30,0.1,7,B,fatigue,0.8,1.0,0.0,1.0
30,0.1,7,B,fatigue,0.9,1.0,1.0,0.0
30,0.1,7,B,longstring,0.2,0.0,0.0,0.0
30,0.1,7,B,longstring,0.3,0.0,0.0,0.0
30,0.1,7,B,longstring,0.4,0.0,0.0,0.0
30,0.1,7,B,longstring,0.5,0.0,0.0,0.0
30,0.1,7,B,longstring,0.6,1.0,1.0,0.0
30,0.1,7,B,longstring,0.7,0.0,1.0,-1.0
30,0.1,7,B,longstring,0.8,0.0,0.0,0.0
30,0.1,7,B,longstring,0.9,1.0,1.0,0.0
30,0.1,7,B,longstring,1.0,1.0,1.0,0.0
30,0.1,7,B,mixed,0.2,0.0,0.0,0.0
30,0.1,7,B,mixed,0.4,0.0,0.0,0.0
30,0.1,7,B,mixed,0.5,0.0,0.0,0.0
30,0.1,7,B,mixed,0.6,0.0,0.0,0.0
30,0.1,7,B,mixed,0.7,1.0,1.0,0.0
30,0.1,7,B,mixed,0.8,0.0,0.0,0.0
30,0.1,7,B,mixed,0.9,1.0,0.0,1.0
30,0.1,7,B,mixed,1.0,0.0,0.0,0.0
30,0.1,7,B,pure_straight,0.1,0.0,0.0,0.0
30,0.1,7,B,pure_straight,0.2,0.0,0.0,0.0
30,0.1,7,B,pure_straight,0.3,1.0,1.0,0.0
30,0.1,7,B,pure_straight,0.6,1.0,1.0,0.0
30,0.1,7,B,pure_straight,0.7,1.0,1.0,0.0
30,0.1,7,B,pure_straight,0.8,1.0,1.0,0.0
30,0.1,7,B,pure_straight,0.9,1.0,1.0,0.0
30,0.1,7,B,pure_straight,1.0,1.0,1.0,0.0
30,0.1,7,B,random,0.1,0.0,0.0,0.0
30,0.1,7,B,random,0.2,0.0,0.0,0.0
30,0.1,7,B,random,0.3,0.0,1.0,-1.0
30,0.1,7,B,random,0.4,0.0,0.0,0.0
30,0.1,7,B,random,0.6,0.0,0.0,0.0
30,0.1,7,B,random,0.7,0.0,0.0,0.0
30,0.1,7,B,random,0.8,1.0,0.0,1.0
30,0.1,7,B,random,0.9,0.0,0.0,0.0
30,0.1,7,B,random,1.0,0.0,0.0,0.0
30,0.1,8,B,acquiescent,0.2,0.0,0.0,0.0
30,0.1,8,B,acquiescent,0.3,0.0,0.0,0.0
30,0.1,8,B,acquiescent,0.4,0.0,0.0,0.0
30,0.1,8,B,acquiescent,0.6,0.0,0.0,0.0
30,0.1,8,B,acquiescent,0.7,0.0,0.0,0.0
30,0.1,8,B,acquiescent,0.8,0.0,1.0,-1.0
30,0.1,8,B,acquiescent,0.9,1.0,1.0,0.0
30,0.1,8,B,acquiescent,1.0,1.0,1.0,0.0
30,0.1,8,B,fatigue,0.1,0.0,0.0,0.0
30,0.1,8,B,fatigue,0.2,0.0,0.0,0.0
30,0.1,8,B,fatigue,0.3,0.0,0.0,0.0
30,0.1,8,B,fatigue,0.4,0.0,0.0,0.0
30,0.1,8,B,fatigue,0.5,0.0,0.0,0.0
30,0.1,8,B,fatigue,0.6,0.0,0.0,0.0
30,0.1,8,B,fatigue,0.8,0.0,0.0,0.0
30,0.1,8,B,fatigue,0.9,0.0,0.0,0.0
30,0.1,8,B,longstring,0.1,0.0,0.0,0.0
30,0.1,8,B,longstring,0.2,0.0,0.0,0.0
30,0.1,8,B,longstring,0.4,0.0,0.0,0.0
30,0.1,8,B,longstring,0.5,0.0,0.0,0.0
30,0.1,8,B,longstring,0.6,0.0,0.0,0.0
30,0.1,8,B,longstring,0.7,1.0,1.0,0.0
30,0.1,8,B,longstring,0.8,0.0,0.0,0.0
30,0.1,8,B,longstring,0.9,1.0,1.0,0.0
30,0.1,8,B,longstring,1.0,1.0,1.0,0.0
30,0.1,8,B,mixed,0.1,0.0,0.0,0.0
30,0.1,8,B,mixed,0.4,0.0,0.0,0.0
30,0.1,8,B,mixed,0.5,0.0,0.0,0.0
30,0.1,8,B,mixed,0.6,0.0,0.0,0.0
30,0.1,8,B,mixed,0.7,0.0,0.0,0.0
30,0.1,8,B,mixed,0.8,0.0,0.0,0.0
30,0.1,8,B,mixed,0.9,0.0,0.0,0.0
30,0.1,8,B,mixed,1.0,0.0,0.0,0.0
30,0.1,8,B,pure_straight,0.1,1.0,0.0,1.0
30,0.1,8,B,pure_straight,0.2,0.0,0.0,0.0
30,0.1,8,B,pure_straight,0.4,1.0,1.0,0.0
30,0.1,8,B,pure_straight,0.5,1.0,1.0,0.0
30,0.1,8,B,pure_straight,0.6,1.0,1.0,0.0
30,0.1,8,B,pure_straight,0.7,1.0,1.0,0.0
30,0.1,8,B,pure_straight,0.9,1.0,1.0,0.0
30,0.1,8,B,pure_straight,1.0,1.0,1.0,0.0
30,0.1,8,B,random,0.1,0.0,0.0,0.0
30,0.1,8,B,random,0.2,0.0,0.0,0.0
30,0.1,8,B,random,0.4,0.0,0.0,0.0
30,0.1,8,B,random,0.5,0.0,0.0,0.0
30,0.1,8,B,random,0.6,0.0,0.0,0.0
30,0.1,8,B,random,0.7,0.0,0.0,0.0
30,0.1,8,B,random,0.8,0.0,0.0,0.0
30,0.1,8,B,random,0.9,0.0,1.0,-1.0
30,0.1,8,B,random,1.0,0.0,0.0,0.0
30,0.1,9,B,acquiescent,0.1,1.0,0.0,1.0
30,0.1,9,B,acquiescent,0.2,0.0,1.0,-1.0
30,0.1,9,B,acquiescent,0.3,0.0,0.0,0.0
30,0.1,9,B,acquiescent,0.5,1.0,1.0,0.0
30,0.1,9,B,acquiescent,0.6,0.0,0.0,0.0
30,0.1,9,B,acquiescent,0.7,1.0,1.0,0.0
30,0.1,9,B,acquiescent,0.9,1.0,1.0,0.0
30,0.1,9,B,acquiescent,1.0,1.0,1.0,0.0
30,0.1,9,B,fatigue,0.2,0.0,0.0,0.0
30,0.1,9,B,fatigue,0.3,0.0,0.0,0.0
30,0.1,9,B,fatigue,0.4,1.0,1.0,0.0
30,0.1,9,B,fatigue,0.5,0.0,0.0,0.0
30,0.1,9,B,fatigue,0.6,1.0,1.0,0.0
30,0.1,9,B,fatigue,0.7,0.0,0.0,0.0
30,0.1,9,B,fatigue,0.9,0.0,0.0,0.0
30,0.1,9,B,fatigue,1.0,1.0,1.0,0.0
30,0.1,9,B,longstring,0.1,0.0,0.0,0.0
30,0.1,9,B,longstring,0.2,0.0,0.0,0.0
30,0.1,9,B,longstring,0.4,0.0,0.0,0.0
30,0.1,9,B,longstring,0.5,0.0,0.0,0.0
30,0.1,9,B,longstring,0.6,0.0,0.0,0.0
30,0.1,9,B,longstring,0.7,0.0,0.0,0.0
30,0.1,9,B,longstring,0.8,1.0,1.0,0.0
30,0.1,9,B,longstring,0.9,0.0,0.0,0.0
30,0.1,9,B,longstring,1.0,0.0,0.0,0.0
30,0.1,9,B,mixed,0.1,0.0,0.0,0.0
30,0.1,9,B,mixed,0.3,0.0,0.0,0.0
30,0.1,9,B,mixed,0.5,0.0,0.0,0.0
30,0.1,9,B,mixed,0.6,0.0,0.0,0.0
30,0.1,9,B,mixed,0.7,0.0,0.0,0.0
30,0.1,9,B,mixed,0.8,0.0,0.0,0.0
30,0.1,9,B,mixed,0.9,0.0,0.0,0.0
30,0.1,9,B,mixed,1.0,0.0,0.0,0.0
30,0.1,9,B,pure_straight,0.2,0.0,0.0,0.0
30,0.1,9,B,pure_straight,0.3,1.0,1.0,0.0
30,0.1,9,B,pure_straight,0.4,0.0,0.0,0.0
30,0.1,9,B,pure_straight,0.6,1.0,1.0,0.0
30,0.1,9,B,pure_straight,0.7,1.0,1.0,0.0
30,0.1,9,B,pure_straight,0.8,1.0,1.0,0.0
30,0.1,9,B,pure_straight,0.9,1.0,1.0,0.0
30,0.1,9,B,pure_straight,1.0,1.0,1.0,0.0
30,0.1,9,B,random,0.1,0.0,0.0,0.0
30,0.1,9,B,random,0.2,0.0,0.0,0.0
30,0.1,9,B,random,0.3,0.0,0.0,0.0
30,0.1,9,B,random,0.4,0.0,0.0,0.0
30,0.1,9,B,random,0.6,0.0,0.0,0.0
30,0.1,9,B,random,0.7,0.0,0.0,0.0
30,0.1,9,B,random,0.8,0.0,0.0,0.0
30,0.1,9,B,random,0.9,0.0,0.0,0.0
30,0.1,9,B,random,1.0,0.0,0.0,0.0
30,0.1,10,B,acquiescent,0.1,0.0,0.0,0.0
30,0.1,10,B,acquiescent,0.2,0.0,0.0,0.0
30,0.1,10,B,acquiescent,0.3,1.0,1.0,0.0
30,0.1,10,B,acquiescent,0.4,0.0,0.0,0.0
30,0.1,10,B,acquiescent,0.6,0.0,0.0,0.0
30,0.1,10,B,acquiescent,0.7,1.0,1.0,0.0
30,0.1,10,B,acquiescent,0.9,1.0,0.0,1.0
30,0.1,10,B,acquiescent,1.0,1.0,1.0,0.0
30,0.1,10,B,fatigue,0.1,0.0,0.0,0.0
30,0.1,10,B,fatigue,0.3,0.0,0.0,0.0
30,0.1,10,B,fatigue,0.4,0.0,0.0,0.0
30,0.1,10,B,fatigue,0.5,0.0,0.0,0.0
30,0.1,10,B,fatigue,0.6,0.0,0.0,0.0
30,0.1,10,B,fatigue,0.8,0.0,0.0,0.0
30,0.1,10,B,fatigue,0.9,1.0,1.0,0.0
30,0.1,10,B,fatigue,1.0,1.0,1.0,0.0
30,0.1,10,B,longstring,0.1,0.0,0.0,0.0
30,0.1,10,B,longstring,0.2,0.0,0.0,0.0
30,0.1,10,B,longstring,0.3,0.0,0.0,0.0
30,0.1,10,B,longstring,0.4,0.0,0.0,0.0
30,0.1,10,B,longstring,0.5,0.0,1.0,-1.0
30,0.1,10,B,longstring,0.7,0.0,0.0,0.0
30,0.1,10,B,longstring,0.8,1.0,1.0,0.0
30,0.1,10,B,longstring,0.9,0.0,0.0,0.0
30,0.1,10,B,longstring,1.0,1.0,1.0,0.0
30,0.1,10,B,mixed,0.2,0.0,0.0,0.0
30,0.1,10,B,mixed,0.3,0.0,0.0,0.0
30,0.1,10,B,mixed,0.4,0.0,0.0,0.0
30,0.1,10,B,mixed,0.5,0.0,0.0,0.0
30,0.1,10,B,mixed,0.6,0.0,0.0,0.0
30,0.1,10,B,mixed,0.7,0.0,0.0,0.0
30,0.1,10,B,mixed,0.8,0.0,0.0,0.0
30,0.1,10,B,mixed,0.9,0.0,0.0,0.0
30,0.1,10,B,pure_straight,0.1,0.0,0.0,0.0
30,0.1,10,B,pure_straight,0.2,0.0,0.0,0.0
30,0.1,10,B,pure_straight,0.3,0.0,0.0,0.0
30,0.1,10,B,pure_straight,0.5,1.0,1.0,0.0
30,0.1,10,B,pure_straight,0.6,1.0,1.0,0.0
30,0.1,10,B,pure_straight,0.8,1.0,1.0,0.0
30,0.1,10,B,pure_straight,0.9,1.0,1.0,0.0
30,0.1,10,B,pure_straight,1.0,1.0,1.0,0.0
30,0.1,10,B,random,0.1,0.0,0.0,0.0
30,0.1,10,B,random,0.2,0.0,0.0,0.0
30,0.1,10,B,random,0.3,0.0,0.0,0.0
30,0.1,10,B,random,0.4,0.0,0.0,0.0
30,0.1,10,B,random,0.5,0.0,0.0,0.0
30,0.1,10,B,random,0.7,0.0,0.0,0.0
30,0.1,10,B,random,0.8,0.0,0.0,0.0
30,0.1,10,B,random,0.9,0.0,0.0,0.0
30,0.1,10,B,random,1.0,0.0,0.0,0.0
30,0.1,11,B,acquiescent,0.1,0.0,0.0,0.0
30,0.1,11,B,acquiescent,0.2,0.0,0.0,0.0
30,0.1,11,B,acquiescent,0.3,0.0,0.0,0.0
30,0.1,11,B,acquiescent,0.4,0.0,0.0,0.0
30,0.1,11,B,acquiescent,0.6,0.0,0.0,0.0
30,0.1,11,B,acquiescent,0.8,1.0,1.0,0.0
30,0.1,11,B,acquiescent,0.9,1.0,1.0,0.0
30,0.1,11,B,acquiescent,1.0,1.0,1.0,0.0
30,0.1,11,B,fatigue,0.3,0.0,0.0,0.0
30,0.1,11,B,fatigue,0.4,0.0,0.0,0.0
30,0.1,11,B,fatigue,0.5,0.0,0.0,0.0
30,0.1,11,B,fatigue,0.6,1.0,0.0,1.0
30,0.1,11,B,fatigue,0.7,1.0,1.0,0.0
30,0.1,11,B,fatigue,0.8,0.0,0.0,0.0
30,0.1,11,B,fatigue,0.9,0.0,0.0,0.0
30,0.1,11,B,fatigue,1.0,1.0,1.0,0.0
30,0.1,11,B,longstring,0.1,0.0,0.0,0.0
30,0.1,11,B,longstring,0.2,0.0,0.0,0.0
30,0.1,11,B,longstring,0.3,0.0,0.0,0.0
30,0.1,11,B,longstring,0.4,0.0,0.0,0.0
30,0.1,11,B,longstring,0.5,0.0,0.0,0.0
30,0.1,11,B,longstring,0.6,0.0,0.0,0.0
30,0.1,11,B,longstring,0.7,1.0,1.0,0.0
30,0.1,11,B,longstring,0.9,0.0,0.0,0.0
30,0.1,11,B,longstring,1.0,1.0,1.0,0.0
30,0.1,11,B,mixed,0.1,0.0,0.0,0.0
30,0.1,11,B,mixed,0.2,0.0,0.0,0.0
30,0.1,11,B,mixed,0.4,0.0,0.0,0.0
30,0.1,11,B,mixed,0.6,0.0,0.0,0.0
30,0.1,11,B,mixed,0.7,0.0,0.0,0.0
30,0.1,11,B,mixed,0.8,0.0,0.0,0.0
30,0.1,11,B,mixed,0.9,0.0,0.0,0.0
30,0.1,11,B,mixed,1.0,0.0,0.0,0.0
30,0.1,11,B,pure_straight,0.1,0.0,0.0,0.0
30,0.1,11,B,pure_straight,0.3,1.0,1.0,0.0
30,0.1,11,B,pure_straight,0.5,1.0,1.0,0.0
30,0.1,11,B,pure_straight,0.6,0.0,0.0,0.0
30,0.1,11,B,pure_straight,0.7,1.0,1.0,0.0
30,0.1,11,B,pure_straight,0.8,1.0,1.0,0.0
30,0.1,11,B,pure_straight,0.9,1.0,1.0,0.0
30,0.1,11,B,pure_straight,1.0,1.0,1.0,0.0
30,0.1,11,B,random,0.1,0.0,0.0,0.0
30,0.1,11,B,random,0.2,0.0,0.0,0.0
30,0.1,11,B,random,0.3,0.0,0.0,0.0
30,0.1,11,B,random,0.4,0.0,1.0,-1.0
30,0.1,11,B,random,0.5,0.0,0.0,0.0
30,0.1,11,B,random,0.6,0.0,0.0,0.0
30,0.1,11,B,random,0.7,0.0,0.0,0.0
30,0.1,11,B,random,0.8,0.0,0.0,0.0
30,0.1,11,B,random,0.9,0.0,0.0,0.0
30,0.1,12,B,acquiescent,0.1,0.0,0.0,0.0
30,0.1,12,B,acquiescent,0.2,0.0,0.0,0.0
30,0.1,12,B,acquiescent,0.3,0.0,0.0,0.0
30,0.1,12,B,acquiescent,0.5,0.0,0.0,0.0
30,0.1,12,B,acquiescent,0.6,0.0,1.0,-1.0
30,0.1,12,B,acquiescent,0.7,0.0,0.0,0.0
30,0.1,12,B,acquiescent,0.8,0.0,0.0,0.0
30,0.1,12,B,acquiescent,0.9,1.0,1.0,0.0
30,0.1,12,B,fatigue,0.1,1.0,0.0,1.0
30,0.1,12,B,fatigue,0.2,0.0,0.0,0.0
30,0.1,12,B,fatigue,0.3,1.0,0.0,1.0
30,0.1,12,B,fatigue,0.4,0.0,0.0,0.0
30,0.1,12,B,fatigue,0.5,1.0,1.0,0.0
30,0.1,12,B,fatigue,0.7,0.0,0.0,0.0
30,0.1,12,B,fatigue,0.8,0.0,0.0,0.0
30,0.1,12,B,fatigue,0.9,1.0,1.0,0.0
30,0.1,12,B,longstring,0.1,0.0,0.0,0.0
30,0.1,12,B,longstring,0.2,0.0,0.0,0.0
30,0.1,12,B,longstring,0.4,0.0,0.0,0.0
30,0.1,12,B,longstring,0.5,0.0,0.0,0.0
30,0.1,12,B,longstring,0.6,0.0,0.0,0.0
30,0.1,12,B,longstring,0.7,0.0,0.0,0.0
30,0.1,12,B,longstring,0.8,0.0,0.0,0.0
30,0.1,12,B,longstring,0.9,1.0,0.0,1.0
30,0.1,12,B,longstring,1.0,1.0,1.0,0.0
30,0.1,12,B,mixed,0.1,0.0,0.0,0.0
30,0.1,12,B,mixed,0.2,0.0,0.0,0.0
30,0.1,12,B,mixed,0.3,0.0,0.0,0.0
30,0.1,12,B,mixed,0.4,0.0,0.0,0.0
30,0.1,12,B,mixed,0.5,0.0,0.0,0.0
30,0.1,12,B,mixed,0.8,0.0,0.0,0.0
30,0.1,12,B,mixed,0.9,0.0,0.0,0.0
30,0.1,12,B,mixed,1.0,0.0,0.0,0.0
30,0.1,12,B,pure_straight,0.2,0.0,0.0,0.0
30,0.1,12,B,pure_straight,0.3,0.0,0.0,0.0
30,0.1,12,B,pure_straight,0.4,1.0,1.0,0.0
30,0.1,12,B,pure_straight,0.5,1.0,0.0,1.0
30,0.1,12,B,pure_straight,0.6,1.0,1.0,0.0
30,0.1,12,B,pure_straight,0.8,1.0,1.0,0.0
30,0.1,12,B,pure_straight,0.9,1.0,1.0,0.0
30,0.1,12,B,pure_straight,1.0,1.0,1.0,0.0
30,0.1,12,B,random,0.1,0.0,0.0,0.0
30,0.1,12,B,random,0.2,1.0,0.0,1.0
30,0.1,12,B,random,0.3,0.0,0.0,0.0
30,0.1,12,B,random,0.4,0.0,0.0,0.0
30,0.1,12,B,random,0.6,0.0,0.0,0.0
30,0.1,12,B,random,0.7,0.0,0.0,0.0
30,0.1,12,B,random,0.8,0.0,0.0,0.0
30,0.1,12,B,random,0.9,0.0,0.0,0.0
30,0.1,12,B,random,1.0,0.0,0.0,0.0
30,0.2,1,B,acquiescent,0.1,0.0,0.0,0.0
30,0.2,1,B,acquiescent,0.2,0.5,1.0,-0.5
30,0.2,1,B,acquiescent,0.3,0.0,0.0,0.0
30,0.2,1,B,acquiescent,0.4,0.0,0.0,0.0
30,0.2,1,B,acquiescent,0.5,0.5,1.0,-0.5
30,0.2,1,B,acquiescent,0.6,0.0,1.0,-1.0
30,0.2,1,B,acquiescent,0.7,1.0,1.0,0.0
30,0.2,1,B,acquiescent,0.8,1.0,1.0,0.0
30,0.2,1,B,acquiescent,0.9,1.0,1.0,0.0
30,0.2,1,B,acquiescent,1.0,1.0,1.0,0.0
30,0.2,1,B,fatigue,0.1,0.0,0.0,0.0
30,0.2,1,B,fatigue,0.2,0.0,0.0,0.0
30,0.2,1,B,fatigue,0.3,0.0,0.0,0.0
30,0.2,1,B,fatigue,0.4,0.0,0.0,0.0
30,0.2,1,B,fatigue,0.5,0.0,0.0,0.0
30,0.2,1,B,fatigue,0.6,0.0,0.0,0.0
30,0.2,1,B,fatigue,0.7,0.0,0.0,0.0
30,0.2,1,B,fatigue,0.8,0.0,0.0,0.0
30,0.2,1,B,fatigue,0.9,0.0,0.0,0.0
30,0.2,1,B,fatigue,1.0,0.0,0.0,0.0
30,0.2,1,B,longstring,0.1,0.5,0.5,0.0
30,0.2,1,B,longstring,0.2,0.5,0.5,0.0
30,0.2,1,B,longstring,0.3,0.0,0.0,0.0
30,0.2,1,B,longstring,0.4,0.5,0.5,0.0
30,0.2,1,B,longstring,0.5,0.5,0.5,0.0
30,0.2,1,B,longstring,0.6,1.0,1.0,0.0
30,0.2,1,B,longstring,0.7,0.0,0.0,0.0
30,0.2,1,B,longstring,0.8,1.0,1.0,0.0
30,0.2,1,B,longstring,0.9,0.0,0.0,0.0
30,0.2,1,B,longstring,1.0,0.0,0.0,0.0
30,0.2,1,B,mixed,0.1,0.5,0.5,0.0
30,0.2,1,B,mixed,0.2,0.0,0.0,0.0
30,0.2,1,B,mixed,0.3,0.0,0.0,0.0
30,0.2,1,B,mixed,0.4,0.0,0.0,0.0
30,0.2,1,B,mixed,0.5,0.0,0.0,0.0
30,0.2,1,B,mixed,0.6,0.0,0.0,0.0
30,0.2,1,B,mixed,0.7,0.0,0.0,0.0
30,0.2,1,B,mixed,0.8,0.0,0.0,0.0
30,0.2,1,B,mixed,0.9,0.5,0.5,0.0
30,0.2,1,B,mixed,1.0,0.0,0.0,0.0
30,0.2,1,B,pure_straight,0.1,1.0,1.0,0.0
30,0.2,1,B,pure_straight,0.2,1.0,0.0,1.0
30,0.2,1,B,pure_straight,0.3,0.0,0.0,0.0
30,0.2,1,B,pure_straight,0.4,0.0,0.0,0.0
30,0.2,1,B,pure_straight,0.5,0.0,0.0,0.0
30,0.2,1,B,pure_straight,0.6,1.0,1.0,0.0
30,0.2,1,B,pure_straight,0.7,1.0,1.0,0.0
30,0.2,1,B,pure_straight,0.8,1.0,1.0,0.0
30,0.2,1,B,pure_straight,0.9,1.0,1.0,0.0
30,0.2,1,B,pure_straight,1.0,1.0,1.0,0.0
30,0.2,1,B,random,0.1,0.0,0.0,0.0
30,0.2,1,B,random,0.2,0.0,0.0,0.0
30,0.2,1,B,random,0.3,0.0,0.0,0.0
30,0.2,1,B,random,0.4,0.0,0.0,0.0
30,0.2,1,B,random,0.5,0.0,0.0,0.0
30,0.2,1,B,random,0.6,0.0,0.0,0.0
30,0.2,1,B,random,0.7,0.0,0.0,0.0
30,0.2,1,B,random,0.8,0.0,0.0,0.0
30,0.2,1,B,random,0.9,0.0,0.0,0.0
30,0.2,1,B,random,1.0,0.0,0.0,0.0
30,0.2,2,B,acquiescent,0.1,0.5,0.0,0.5
30,0.2,2,B,acquiescent,0.2,1.0,1.0,0.0
30,0.2,2,B,acquiescent,0.3,0.0,0.0,0.0
30,0.2,2,B,acquiescent,0.4,0.0,0.0,0.0
30,0.2,2,B,acquiescent,0.5,0.0,0.0,0.0
30,0.2,2,B,acquiescent,0.6,0.0,0.0,0.0
30,0.2,2,B,acquiescent,0.7,0.5,0.0,0.5
30,0.2,2,B,acquiescent,0.8,0.5,1.0,-0.5
30,0.2,2,B,acquiescent,0.9,1.0,1.0,0.0
30,0.2,2,B,acquiescent,1.0,1.0,1.0,0.0
30,0.2,2,B,fatigue,0.1,0.5,0.5,0.0
30,0.2,2,B,fatigue,0.2,0.0,0.0,0.0
30,0.2,2,B,fatigue,0.3,0.0,0.0,0.0
30,0.2,2,B,fatigue,0.4,1.0,1.0,0.0
30,0.2,2,B,fatigue,0.5,0.5,0.5,0.0
30,0.2,2,B,fatigue,0.6,0.0,1.0,-1.0
30,0.2,2,B,fatigue,0.7,0.0,0.0,0.0
30,0.2,2,B,fatigue,0.8,0.0,1.0,-1.0
30,0.2,2,B,fatigue,0.9,0.5,0.5,0.0
30,0.2,2,B,fatigue,1.0,0.5,1.0,-0.5
30,0.2,2,B,longstring,0.1,0.0,0.0,0.0
30,0.2,2,B,longstring,0.2,0.0,0.0,0.0
30,0.2,2,B,longstring,0.3,0.0,0.0,0.0
30,0.2,2,B,longstring,0.4,0.5,0.5,0.0
30,0.2,2,B,longstring,0.5,0.0,0.0,0.0
30,0.2,2,B,longstring,0.6,0.5,0.5,0.0
30,0.2,2,B,longstring,0.7,1.0,0.0,1.0
30,0.2,2,B,longstring,0.8,1.0,1.0,0.0
30,0.2,2,B,longstring,0.9,0.5,0.5,0.0
30,0.2,2,B,longstring,1.0,1.0,1.0,0.0
30,0.2,2,B,mixed,0.1,0.0,0.0,0.0
30,0.2,2,B,mixed,0.2,0.0,0.0,0.0
30,0.2,2,B,mixed,0.3,0.0,0.0,0.0
30,0.2,2,B,mixed,0.4,0.0,0.0,0.0
30,0.2,2,B,mixed,0.5,0.5,0.5,0.0
30,0.2,2,B,mixed,0.6,0.0,0.0,0.0
30,0.2,2,B,mixed,0.7,0.0,0.0,0.0
30,0.2,2,B,mixed,0.8,0.0,0.0,0.0
30,0.2,2,B,mixed,0.9,0.0,1.0,-1.0
30,0.2,2,B,mixed,1.0,0.5,0.5,0.0
30,0.2,2,B,pure_straight,0.1,0.0,0.0,0.0
30,0.2,2,B,pure_straight,0.2,1.0,1.0,0.0
30,0.2,2,B,pure_straight,0.3,0.0,0.0,0.0
30,0.2,2,B,pure_straight,0.4,0.5,0.5,0.0
30,0.2,2,B,pure_straight,0.5,1.0,1.0,0.0
30,0.2,2,B,pure_straight,0.6,0.5,0.0,0.5
30,0.2,2,B,pure_straight,0.7,1.0,1.0,0.0
30,0.2,2,B,pure_straight,0.8,1.0,1.0,0.0
30,0.2,2,B,pure_straight,0.9,1.0,1.0,0.0
30,0.2,2,B,pure_straight,1.0,1.0,1.0,0.0
30,0.2,2,B,random,0.1,0.5,0.0,0.5
30,0.2,2,B,random,0.2,0.0,0.0,0.0
30,0.2,2,B,random,0.3,0.5,0.0,0.5
30,0.2,2,B,random,0.4,0.0,0.0,0.0
30,0.2,2,B,random,0.5,0.0,0.0,0.0
30,0.2,2,B,random,0.6,0.0,0.0,0.0
30,0.2,2,B,random,0.7,0.5,0.5,0.0
30,0.2,2,B,random,0.8,0.5,0.0,0.5
30,0.2,2,B,random,0.9,0.0,0.0,0.0
30,0.2,2,B,random,1.0,0.5,0.0,0.5
30,0.2,3,B,acquiescent,0.1,0.0,0.0,0.0
30,0.2,3,B,acquiescent,0.2,0.0,0.0,0.0
30,0.2,3,B,acquiescent,0.3,0.0,1.0,-1.0
30,0.2,3,B,acquiescent,0.4,1.0,0.0,1.0
30,0.2,3,B,acquiescent,0.5,0.0,0.0,0.0
30,0.2,3,B,acquiescent,0.6,0.5,0.5,0.0
30,0.2,3,B,acquiescent,0.7,0.5,0.5,0.0
30,0.2,3,B,acquiescent,0.8,1.0,0.5,0.5
30,0.2,3,B,acquiescent,0.9,0.5,0.5,0.0
30,0.2,3,B,acquiescent,1.0,1.0,1.0,0.0
30,0.2,3,B,fatigue,0.1,0.0,0.0,0.0
30,0.2,3,B,fatigue,0.2,0.0,0.0,0.0
30,0.2,3,B,fatigue,0.3,0.5,0.5,0.0
30,0.2,3,B,fatigue,0.4,1.0,1.0,0.0
30,0.2,3,B,fatigue,0.5,0.0,0.0,0.0
30,0.2,3,B,fatigue,0.6,0.0,0.0,0.0
30,0.2,3,B,fatigue,0.7,0.5,0.5,0.0
30,0.2,3,B,fatigue,0.8,0.0,0.0,0.0
30,0.2,3,B,fatigue,0.9,0.5,0.5,0.0
30,0.2,3,B,fatigue,1.0,1.0,1.0,0.0
30,0.2,3,B,longstring,0.1,0.5,0.0,0.5
30,0.2,3,B,longstring,0.2,0.0,0.0,0.0
30,0.2,3,B,longstring,0.3,0.0,0.0,0.0
30,0.2,3,B,longstring,0.4,0.0,0.0,0.0
30,0.2,3,B,longstring,0.5,0.5,0.0,0.5
30,0.2,3,B,longstring,0.6,1.0,1.0,0.0
30,0.2,3,B,longstring,0.7,0.0,0.0,0.0
30,0.2,3,B,longstring,0.8,0.5,0.5,0.0
30,0.2,3,B,longstring,0.9,0.0,0.0,0.0
30,0.2,3,B,longstring,1.0,1.0,1.0,0.0
30,0.2,3,B,mixed,0.1,0.0,0.0,0.0
30,0.2,3,B,mixed,0.2,0.0,0.0,0.0
30,0.2,3,B,mixed,0.3,0.0,0.0,0.0
30,0.2,3,B,mixed,0.4,0.0,0.0,0.0
30,0.2,3,B,mixed,0.5,0.0,0.0,0.0
30,0.2,3,B,mixed,0.6,0.0,0.0,0.0
30,0.2,3,B,mixed,0.7,1.0,1.0,0.0
30,0.2,3,B,mixed,0.8,0.0,0.0,0.0
30,0.2,3,B,mixed,0.9,0.5,0.5,0.0
30,0.2,3,B,mixed,1.0,1.0,1.0,0.0
30,0.2,3,B,pure_straight,0.1,0.5,0.5,0.0
30,0.2,3,B,pure_straight,0.2,0.0,0.5,-0.5
30,0.2,3,B,pure_straight,0.3,0.0,0.5,-0.5
30,0.2,3,B,pure_straight,0.4,1.0,1.0,0.0
30,0.2,3,B,pure_straight,0.5,0.0,0.0,0.0
30,0.2,3,B,pure_straight,0.6,0.0,1.0,-1.0
30,0.2,3,B,pure_straight,0.7,1.0,1.0,0.0
30,0.2,3,B,pure_straight,0.8,1.0,1.0,0.0
30,0.2,3,B,pure_straight,0.9,1.0,1.0,0.0
30,0.2,3,B,pure_straight,1.0,1.0,1.0,0.0
30,0.2,3,B,random,0.1,0.0,0.0,0.0
30,0.2,3,B,random,0.2,0.0,0.0,0.0
30,0.2,3,B,random,0.3,0.0,0.0,0.0
30,0.2,3,B,random,0.4,0.0,0.0,0.0
30,0.2,3,B,random,0.5,0.0,0.0,0.0
30,0.2,3,B,random,0.6,0.5,0.0,0.5
30,0.2,3,B,random,0.7,0.5,0.5,0.0
30,0.2,3,B,random,0.8,0.5,0.0,0.5
30,0.2,3,B,random,0.9,0.5,0.5,0.0
30,0.2,3,B,random,1.0,0.0,0.0,0.0
30,0.2,4,B,acquiescent,0.1,0.0,0.0,0.0
30,0.2,4,B,acquiescent,0.2,0.0,0.0,0.0
30,0.2,4,B,acquiescent,0.3,0.0,0.0,0.0
30,0.2,4,B,acquiescent,0.4,0.5,0.5,0.0
30,0.2,4,B,acquiescent,0.5,0.0,0.5,-0.5
30,0.2,4,B,acquiescent,0.6,1.0,1.0,0.0
30,0.2,4,B,acquiescent,0.7,1.0,1.0,0.0
30,0.2,4,B,acquiescent,0.8,1.0,1.0,0.0
30,0.2,4,B,acquiescent,0.9,1.0,1.0,0.0
30,0.2,4,B,acquiescent,1.0,1.0,1.0,0.0
30,0.2,4,B,fatigue,0.1,0.0,0.0,0.0
30,0.2,4,B,fatigue,0.2,0.0,0.0,0.0
30,0.2,4,B,fatigue,0.3,0.5,0.5,0.0
30,0.2,4,B,fatigue,0.4,0.0,0.0,0.0
30,0.2,4,B,fatigue,0.5,0.0,0.0,0.0
30,0.2,4,B,fatigue,0.6,0.5,0.5,0.0
30,0.2,4,B,fatigue,0.7,0.5,0.5,0.0
30,0.2,4,B,fatigue,0.8,0.5,0.5,0.0
30,0.2,4,B,fatigue,0.9,0.5,0.5,0.0
30,0.2,4,B,fatigue,1.0,0.5,0.5,0.0
30,0.2,4,B,longstring,0.1,0.0,0.0,0.0
30,0.2,4,B,longstring,0.2,0.0,0.0,0.0
30,0.2,4,B,longstring,0.3,0.0,0.0,0.0
30,0.2,4,B,longstring,0.4,0.0,0.0,0.0
30,0.2,4,B,longstring,0.5,1.0,1.0,0.0
30,0.2,4,B,longstring,0.6,0.0,0.0,0.0
30,0.2,4,B,longstring,0.7,0.5,0.5,0.0
30,0.2,4,B,longstring,0.8,0.0,0.0,0.0
30,0.2,4,B,longstring,0.9,1.0,1.0,0.0
30,0.2,4,B,longstring,1.0,0.0,0.0,0.0
30,0.2,4,B,mixed,0.1,0.0,0.0,0.0
30,0.2,4,B,mixed,0.2,0.0,0.0,0.0
30,0.2,4,B,mixed,0.3,0.0,0.0,0.0
30,0.2,4,B,mixed,0.4,0.0,0.0,0.0
30,0.2,4,B,mixed,0.5,0.0,0.0,0.0
30,0.2,4,B,mixed,0.6,0.5,0.5,0.0
30,0.2,4,B,mixed,0.7,0.0,0.0,0.0
30,0.2,4,B,mixed,0.8,0.0,0.0,0.0
30,0.2,4,B,mixed,0.9,0.0,0.0,0.0
30,0.2,4,B,mixed,1.0,0.0,0.0,0.0
30,0.2,4,B,pure_straight,0.1,0.0,0.5,-0.5
30,0.2,4,B,pure_straight,0.2,0.5,0.0,0.5
30,0.2,4,B,pure_straight,0.3,0.5,0.5,0.0
30,0.2,4,B,pure_straight,0.4,1.0,1.0,0.0
30,0.2,4,B,pure_straight,0.5,1.0,0.0,1.0
30,0.2,4,B,pure_straight,0.6,1.0,1.0,0.0
30,0.2,4,B,pure_straight,0.7,0.5,0.5,0.0
30,0.2,4,B,pure_straight,0.8,1.0,1.0,0.0
30,0.2,4,B,pure_straight,0.9,1.0,1.0,0.0
30,0.2,4,B,pure_straight,1.0,1.0,1.0,0.0
30,0.2,4,B,random,0.1,0.0,0.0,0.0
30,0.2,4,B,random,0.2,0.0,0.0,0.0
30,0.2,4,B,random,0.3,0.0,0.0,0.0
30,0.2,4,B,random,0.4,0.5,1.0,-0.5
30,0.2,4,B,random,0.5,0.0,0.0,0.0
30,0.2,4,B,random,0.6,0.0,0.0,0.0
30,0.2,4,B,random,0.7,0.0,0.0,0.0
30,0.2,4,B,random,0.8,0.0,0.0,0.0
30,0.2,4,B,random,0.9,0.5,0.5,0.0
30,0.2,4,B,random,1.0,0.0,0.0,0.0
30,0.2,5,B,acquiescent,0.1,0.0,0.0,0.0
30,0.2,5,B,acquiescent,0.2,0.0,0.0,0.0
30,0.2,5,B,acquiescent,0.3,0.0,0.0,0.0
30,0.2,5,B,acquiescent,0.4,0.0,0.0,0.0
30,0.2,5,B,acquiescent,0.5,0.0,0.0,0.0
30,0.2,5,B,acquiescent,0.6,0.5,0.5,0.0
30,0.2,5,B,acquiescent,0.7,1.0,1.0,0.0
30,0.2,5,B,acquiescent,0.8,1.0,1.0,0.0
30,0.2,5,B,acquiescent,0.9,1.0,1.0,0.0
30,0.2,5,B,acquiescent,1.0,1.0,1.0,0.0
30,0.2,5,B,fatigue,0.1,0.0,0.0,0.0
30,0.2,5,B,fatigue,0.2,0.0,0.0,0.0
30,0.2,5,B,fatigue,0.3,0.5,0.5,0.0
30,0.2,5,B,fatigue,0.4,0.0,0.0,0.0
30,0.2,5,B,fatigue,0.5,0.0,0.0,0.0
30,0.2,5,B,fatigue,0.6,0.0,0.0,0.0
30,0.2,5,B,fatigue,0.7,1.0,1.0,0.0
30,0.2,5,B,fatigue,0.8,1.0,1.0,0.0
30,0.2,5,B,fatigue,0.9,0.5,0.0,0.5
30,0.2,5,B,fatigue,1.0,0.5,0.5,0.0
30,0.2,5,B,longstring,0.1,0.0,0.0,0.0
30,0.2,5,B,longstring,0.2,0.5,0.5,0.0
30,0.2,5,B,longstring,0.3,0.0,0.0,0.0
30,0.2,5,B,longstring,0.4,0.0,0.0,0.0
30,0.2,5,B,longstring,0.5,0.0,0.0,0.0
30,0.2,5,B,longstring,0.6,0.0,0.0,0.0
30,0.2,5,B,longstring,0.7,0.0,0.0,0.0
30,0.2,5,B,longstring,0.8,1.0,1.0,0.0
30,0.2,5,B,longstring,0.9,0.5,0.5,0.0
30,0.2,5,B,longstring,1.0,1.0,1.0,0.0
30,0.2,5,B,mixed,0.1,0.0,0.0,0.0
30,0.2,5,B,mixed,0.2,0.5,0.0,0.5
30,0.2,5,B,mixed,0.3,0.0,0.0,0.0
30,0.2,5,B,mixed,0.4,0.5,0.5,0.0
30,0.2,5,B,mixed,0.5,1.0,0.0,1.0
30,0.2,5,B,mixed,0.6,0.0,0.0,0.0
30,0.2,5,B,mixed,0.7,0.0,0.0,0.0
30,0.2,5,B,mixed,0.8,0.0,0.0,0.0
30,0.2,5,B,mixed,0.9,0.5,0.5,0.0
30,0.2,5,B,mixed,1.0,0.0,0.0,0.0
30,0.2,5,B,pure_straight,0.1,0.0,0.0,0.0
30,0.2,5,B,pure_straight,0.2,0.0,0.0,0.0
30,0.2,5,B,pure_straight,0.3,1.0,1.0,0.0
30,0.2,5,B,pure_straight,0.4,1.0,1.0,0.0
30,0.2,5,B,pure_straight,0.5,1.0,1.0,0.0
30,0.2,5,B,pure_straight,0.6,1.0,1.0,0.0
30,0.2,5,B,pure_straight,0.7,1.0,1.0,0.0
30,0.2,5,B,pure_straight,0.8,1.0,1.0,0.0
30,0.2,5,B,pure_straight,0.9,1.0,1.0,0.0
30,0.2,5,B,pure_straight,1.0,1.0,1.0,0.0
30,0.2,5,B,random,0.1,0.0,0.0,0.0
30,0.2,5,B,random,0.2,0.0,0.0,0.0
30,0.2,5,B,random,0.3,0.0,0.0,0.0
30,0.2,5,B,random,0.4,0.0,0.0,0.0
30,0.2,5,B,random,0.5,0.5,0.5,0.0
30,0.2,5,B,random,0.6,0.5,0.0,0.5
30,0.2,5,B,random,0.7,0.0,0.0,0.0
30,0.2,5,B,random,0.8,0.0,1.0,-1.0
30,0.2,5,B,random,0.9,0.5,0.5,0.0
30,0.2,5,B,random,1.0,0.0,0.0,0.0
30,0.2,6,B,acquiescent,0.1,0.0,0.0,0.0
30,0.2,6,B,acquiescent,0.2,0.0,0.0,0.0
30,0.2,6,B,acquiescent,0.3,0.0,0.0,0.0
30,0.2,6,B,acquiescent,0.4,0.5,0.5,0.0
30,0.2,6,B,acquiescent,0.5,1.0,1.0,0.0
30,0.2,6,B,acquiescent,0.6,0.0,0.0,0.0
30,0.2,6,B,acquiescent,0.7,0.5,0.0,0.5
30,0.2,6,B,acquiescent,0.8,1.0,1.0,0.0
30,0.2,6,B,acquiescent,0.9,1.0,1.0,0.0
30,0.2,6,B,acquiescent,1.0,1.0,1.0,0.0
30,0.2,6,B,fatigue,0.1,0.0,0.0,0.0
30,0.2,6,B,fatigue,0.2,0.0,0.0,0.0
30,0.2,6,B,fatigue,0.3,0.0,1.0,-1.0
30,0.2,6,B,fatigue,0.4,0.0,1.0,-1.0
30,0.2,6,B,fatigue,0.5,0.0,0.0,0.0
30,0.2,6,B,fatigue,0.6,0.0,0.0,0.0
30,0.2,6,B,fatigue,0.7,0.5,0.5,0.0
30,0.2,6,B,fatigue,0.8,0.5,0.5,0.0
30,0.2,6,B,fatigue,0.9,0.5,0.5,0.0
30,0.2,6,B,fatigue,1.0,1.0,1.0,0.0
30,0.2,6,B,longstring,0.1,0.0,0.0,0.0
30,0.2,6,B,longstring,0.2,0.0,0.0,0.0
30,0.2,6,B,longstring,0.3,0.0,0.0,0.0
30,0.2,6,B,longstring,0.4,0.5,0.0,0.5
30,0.2,6,B,longstring,0.5,0.0,0.5,-0.5
30,0.2,6,B,longstring,0.6,0.0,0.0,0.0
30,0.2,6,B,longstring,0.7,0.0,0.0,0.0
30,0.2,6,B,longstring,0.8,1.0,0.0,1.0
30,0.2,6,B,longstring,0.9,1.0,1.0,0.0
30,0.2,6,B,longstring,1.0,1.0,1.0,0.0
30,0.2,6,B,mixed,0.1,0.0,0.0,0.0
30,0.2,6,B,mixed,0.2,0.0,0.0,0.0
30,0.2,6,B,mixed,0.3,0.0,0.0,0.0
30,0.2,6,B,mixed,0.4,0.0,0.0,0.0
30,0.2,6,B,mixed,0.5,0.0,0.0,0.0
30,0.2,6,B,mixed,0.6,0.5,0.5,0.0
30,0.2,6,B,mixed,0.7,0.0,0.0,0.0
30,0.2,6,B,mixed,0.8,0.5,0.5,0.0
30,0.2,6,B,mixed,0.9,0.0,0.5,-0.5
30,0.2,6,B,mixed,1.0,1.0,0.0,1.0
30,0.2,6,B,pure_straight,0.1,0.5,0.0,0.5
30,0.2,6,B,pure_straight,0.2,0.0,0.0,0.0
30,0.2,6,B,pure_straight,0.3,0.0,0.0,0.0
30,0.2,6,B,pure_straight,0.4,0.0,0.0,0.0
30,0.2,6,B,pure_straight,0.5,0.0,0.0,0.0
30,0.2,6,B,pure_straight,0.6,0.5,1.0,-0.5
30,0.2,6,B,pure_straight,0.7,1.0,1.0,0.0
30,0.2,6,B,pure_straight,0.8,1.0,1.0,0.0
30,0.2,6,B,pure_straight,0.9,1.0,1.0,0.0
30,0.2,6,B,pure_straight,1.0,1.0,1.0,0.0
30,0.2,6,B,random,0.1,0.0,0.5,-0.5
30,0.2,6,B,random,0.2,1.0,0.0,1.0
30,0.2,6,B,random,0.3,0.0,0.0,0.0
30,0.2,6,B,random,0.4,0.0,0.0,0.0
30,0.2,6,B,random,0.5,1.0,1.0,0.0
30,0.2,6,B,random,0.6,0.0,0.0,0.0
30,0.2,6,B,random,0.7,1.0,1.0,0.0
30,0.2,6,B,random,0.8,0.0,0.0,0.0
30,0.2,6,B,random,0.9,0.5,0.5,0.0
30,0.2,6,B,random,1.0,0.0,0.0,0.0
30,0.2,7,B,acquiescent,0.1,0.0,0.0,0.0
30,0.2,7,B,acquiescent,0.2,0.0,0.0,0.0
30,0.2,7,B,acquiescent,0.3,0.0,0.0,0.0
30,0.2,7,B,acquiescent,0.4,1.0,1.0,0.0
30,0.2,7,B,acquiescent,0.5,0.5,0.5,0.0
30,0.2,7,B,acquiescent,0.6,0.5,0.5,0.0
30,0.2,7,B,acquiescent,0.7,0.0,0.0,0.0
30,0.2,7,B,acquiescent,0.8,0.5,0.5,0.0
30,0.2,7,B,acquiescent,0.9,0.5,0.5,0.0
30,0.2,7,B,acquiescent,1.0,1.0,1.0,0.0
30,0.2,7,B,fatigue,0.1,0.0,0.0,0.0
30,0.2,7,B,fatigue,0.2,0.0,0.0,0.0
30,0.2,7,B,fatigue,0.3,0.0,0.0,0.0
30,0.2,7,B,fatigue,0.4,0.0,0.0,0.0
30,0.2,7,B,fatigue,0.5,0.0,0.0,0.0
30,0.2,7,B,fatigue,0.6,0.0,0.0,0.0
30,0.2,7,B,fatigue,0.7,0.0,0.0,0.0
30,0.2,7,B,fatigue,0.8,0.5,0.5,0.0
30,0.2,7,B,fatigue,0.9,1.0,1.0,0.0
30,0.2,7,B,fatigue,1.0,1.0,1.0,0.0
30,0.2,7,B,longstring,0.1,0.5,0.5,0.0
30,0.2,7,B,longstring,0.2,0.0,0.0,0.0
30,0.2,7,B,longstring,0.3,1.0,1.0,0.0
30,0.2,7,B,longstring,0.4,0.0,0.0,0.0
30,0.2,7,B,longstring,0.5,0.0,0.0,0.0
30,0.2,7,B,longstring,0.6,0.0,0.0,0.0
30,0.2,7,B,longstring,0.7,0.0,0.0,0.0
30,0.2,7,B,longstring,0.8,1.0,1.0,0.0
30,0.2,7,B,longstring,0.9,0.5,0.5,0.0
30,0.2,7,B,longstring,1.0,0.0,0.0,0.0
30,0.2,7,B,mixed,0.1,0.0,0.0,0.0
30,0.2,7,B,mixed,0.2,0.0,0.0,0.0
30,0.2,7,B,mixed,0.3,0.0,0.0,0.0
30,0.2,7,B,mixed,0.4,1.0,1.0,0.0
30,0.2,7,B,mixed,0.5,0.5,0.5,0.0
30,0.2,7,B,mixed,0.6,1.0,1.0,0.0
30,0.2,7,B,mixed,0.7,0.5,0.5,0.0
30,0.2,7,B,mixed,0.8,1.0,1.0,0.0
30,0.2,7,B,mixed,0.9,1.0,1.0,0.0
30,0.2,7,B,mixed,1.0,0.5,0.5,0.0
30,0.2,7,B,pure_straight,0.1,0.0,0.0,0.0
30,0.2,7,B,pure_straight,0.2,0.5,0.5,0.0
30,0.2,7,B,pure_straight,0.3,0.0,0.0,0.0
30,0.2,7,B,pure_straight,0.4,0.0,0.0,0.0
30,0.2,7,B,pure_straight,0.5,1.0,1.0,0.0
30,0.2,7,B,pure_straight,0.6,0.5,1.0,-0.5
30,0.2,7,B,pure_straight,0.7,1.0,1.0,0.0
30,0.2,7,B,pure_straight,0.8,1.0,1.0,0.0
30,0.2,7,B,pure_straight,0.9,1.0,1.0,0.0
30,0.2,7,B,pure_straight,1.0,1.0,1.0,0.0
30,0.2,7,B,random,0.1,0.0,0.0,0.0
30,0.2,7,B,random,0.2,0.0,0.0,0.0
30,0.2,7,B,random,0.3,0.0,0.0,0.0
30,0.2,7,B,random,0.4,0.0,0.0,0.0
30,0.2,7,B,random,0.5,0.0,0.0,0.0
30,0.2,7,B,random,0.6,0.5,0.5,0.0
30,0.2,7,B,random,0.7,0.5,0.5,0.0
30,0.2,7,B,random,0.8,0.0,0.0,0.0
30,0.2,7,B,random,0.9,0.0,0.0,0.0
30,0.2,7,B,random,1.0,0.0,0.5,-0.5
30,0.2,8,B,acquiescent,0.1,0.0,0.0,0.0
30,0.2,8,B,acquiescent,0.2,0.0,0.0,0.0
30,0.2,8,B,acquiescent,0.3,0.0,0.0,0.0
30,0.2,8,B,acquiescent,0.4,0.0,0.0,0.0
30,0.2,8,B,acquiescent,0.5,0.0,0.5,-0.5
30,0.2,8,B,acquiescent,0.6,0.0,0.0,0.0
30,0.2,8,B,acquiescent,0.7,0.5,0.5,0.0
30,0.2,8,B,acquiescent,0.8,0.0,0.0,0.0
30,0.2,8,B,acquiescent,0.9,1.0,1.0,0.0
30,0.2,8,B,acquiescent,1.0,1.0,1.0,0.0
30,0.2,8,B,fatigue,0.1,0.5,0.0,0.5
30,0.2,8,B,fatigue,0.2,0.0,0.0,0.0
30,0.2,8,B,fatigue,0.3,0.0,0.0,0.0
30,0.2,8,B,fatigue,0.4,0.0,0.0,0.0
30,0.2,8,B,fatigue,0.5,0.0,0.0,0.0
30,0.2,8,B,fatigue,0.6,0.0,0.0,0.0
30,0.2,8,B,fatigue,0.7,1.0,1.0,0.0
30,0.2,8,B,fatigue,0.8,1.0,1.0,0.0
30,0.2,8,B,fatigue,0.9,1.0,1.0,0.0
30,0.2,8,B,fatigue,1.0,1.0,1.0,0.0
30,0.2,8,B,longstring,0.1,0.0,0.0,0.0
30,0.2,8,B,longstring,0.2,0.0,0.0,0.0
30,0.2,8,B,longstring,0.3,1.0,1.0,0.0
30,0.2,8,B,longstring,0.4,1.0,1.0,0.0
30,0.2,8,B,longstring,0.5,0.0,0.0,0.0
30,0.2,8,B,longstring,0.6,0.5,0.5,0.0
30,0.2,8,B,longstring,0.7,0.5,0.5,0.0
30,0.2,8,B,longstring,0.8,0.5,0.5,0.0
30,0.2,8,B,longstring,0.9,0.5,0.5,0.0
30,0.2,8,B,longstring,1.0,0.5,0.5,0.0
30,0.2,8,B,mixed,0.1,0.0,0.0,0.0
30,0.2,8,B,mixed,0.2,0.0,0.0,0.0
30,0.2,8,B,mixed,0.3,0.0,0.0,0.0
30,0.2,8,B,mixed,0.4,0.0,0.5,-0.5
30,0.2,8,B,mixed,0.5,0.0,0.0,0.0
30,0.2,8,B,mixed,0.6,1.0,1.0,0.0
30,0.2,8,B,mixed,0.7,0.0,0.0,0.0
30,0.2,8,B,mixed,0.8,0.5,0.0,0.5
30,0.2,8,B,mixed,0.9,0.0,0.0,0.0
30,0.2,8,B,mixed,1.0,0.0,0.0,0.0
30,0.2,8,B,pure_straight,0.1,0.0,0.0,0.0
30,0.2,8,B,pure_straight,0.2,0.0,0.0,0.0
30,0.2,8,B,pure_straight,0.3,0.5,0.5,0.0
30,0.2,8,B,pure_straight,0.4,0.5,0.5,0.0
30,0.2,8,B,pure_straight,0.5,0.0,0.0,0.0
30,0.2,8,B,pure_straight,0.6,1.0,1.0,0.0
30,0.2,8,B,pure_straight,0.7,1.0,1.0,0.0
30,0.2,8,B,pure_straight,0.8,1.0,1.0,0.0
30,0.2,8,B,pure_straight,0.9,1.0,1.0,0.0
30,0.2,8,B,pure_straight,1.0,1.0,1.0,0.0
30,0.2,8,B,random,0.1,0.0,0.0,0.0
30,0.2,8,B,random,0.2,0.0,0.0,0.0
30,0.2,8,B,random,0.3,0.0,0.0,0.0
30,0.2,8,B,random,0.4,0.0,0.0,0.0
30,0.2,8,B,random,0.5,0.0,0.0,0.0
30,0.2,8,B,random,0.6,0.0,0.0,0.0
30,0.2,8,B,random,0.7,0.5,0.5,0.0
30,0.2,8,B,random,0.8,0.0,0.0,0.0
30,0.2,8,B,random,0.9,0.0,0.0,0.0
30,0.2,8,B,random,1.0,0.0,0.0,0.0
30,0.2,9,B,acquiescent,0.1,0.0,0.0,0.0
30,0.2,9,B,acquiescent,0.2,0.0,0.0,0.0
30,0.2,9,B,acquiescent,0.3,0.0,0.0,0.0
30,0.2,9,B,acquiescent,0.4,0.5,1.0,-0.5
30,0.2,9,B,acquiescent,0.5,0.5,0.5,0.0
30,0.2,9,B,acquiescent,0.6,0.0,0.0,0.0
30,0.2,9,B,acquiescent,0.7,0.0,0.0,0.0
30,0.2,9,B,acquiescent,0.8,1.0,1.0,0.0
30,0.2,9,B,acquiescent,0.9,1.0,1.0,0.0
30,0.2,9,B,acquiescent,1.0,1.0,1.0,0.0
30,0.2,9,B,fatigue,0.1,0.0,0.0,0.0
30,0.2,9,B,fatigue,0.2,0.0,0.0,0.0
30,0.2,9,B,fatigue,0.3,0.0,0.0,0.0
30,0.2,9,B,fatigue,0.4,0.0,0.0,0.0
30,0.2,9,B,fatigue,0.5,0.0,0.0,0.0
30,0.2,9,B,fatigue,0.6,0.0,0.0,0.0
30,0.2,9,B,fatigue,0.7,0.5,0.5,0.0
30,0.2,9,B,fatigue,0.8,0.5,0.5,0.0
30,0.2,9,B,fatigue,0.9,0.5,0.5,0.0
30,0.2,9,B,fatigue,1.0,0.0,0.0,0.0
30,0.2,9,B,longstring,0.1,0.5,0.5,0.0
30,0.2,9,B,longstring,0.2,0.0,0.0,0.0
30,0.2,9,B,longstring,0.3,0.5,0.5,0.0
30,0.2,9,B,longstring,0.4,0.0,0.0,0.0
30,0.2,9,B,longstring,0.5,0.0,0.0,0.0
30,0.2,9,B,longstring,0.6,0.0,0.0,0.0
30,0.2,9,B,longstring,0.7,0.5,0.5,0.0
30,0.2,9,B,longstring,0.8,1.0,1.0,0.0
30,0.2,9,B,longstring,0.9,0.5,0.5,0.0
30,0.2,9,B,longstring,1.0,0.5,0.5,0.0
30,0.2,9,B,mixed,0.1,0.0,0.0,0.0
30,0.2,9,B,mixed,0.2,0.0,0.0,0.0
30,0.2,9,B,mixed,0.3,0.0,0.0,0.0
30,0.2,9,B,mixed,0.4,0.0,0.0,0.0
30,0.2,9,B,mixed,0.5,0.0,0.0,0.0
30,0.2,9,B,mixed,0.6,0.0,0.0,0.0
30,0.2,9,B,mixed,0.7,0.0,0.0,0.0
30,0.2,9,B,mixed,0.8,0.0,0.0,0.0
30,0.2,9,B,mixed,0.9,0.5,0.5,0.0
30,0.2,9,B,mixed,1.0,0.0,0.0,0.0
30,0.2,9,B,pure_straight,0.1,0.0,0.5,-0.5
30,0.2,9,B,pure_straight,0.2,0.0,0.0,0.0
30,0.2,9,B,pure_straight,0.3,0.0,0.0,0.0
30,0.2,9,B,pure_straight,0.4,0.5,0.0,0.5
30,0.2,9,B,pure_straight,0.5,0.5,0.5,0.0
30,0.2,9,B,pure_straight,0.6,0.5,0.5,0.0
30,0.2,9,B,pure_straight,0.7,1.0,1.0,0.0
30,0.2,9,B,pure_straight,0.8,1.0,1.0,0.0
30,0.2,9,B,pure_straight,0.9,1.0,1.0,0.0
30,0.2,9,B,pure_straight,1.0,1.0,1.0,0.0
30,0.2,9,B,random,0.1,0.0,0.0,0.0
30,0.2,9,B,random,0.2,0.0,0.0,0.0
30,0.2,9,B,random,0.3,0.0,0.0,0.0
30,0.2,9,B,random,0.4,0.0,0.0,0.0
30,0.2,9,B,random,0.5,1.0,1.0,0.0
30,0.2,9,B,random,0.6,0.0,0.0,0.0
30,0.2,9,B,random,0.7,0.0,0.0,0.0
30,0.2,9,B,random,0.8,0.0,0.0,0.0
30,0.2,9,B,random,0.9,0.0,0.0,0.0
30,0.2,9,B,random,1.0,1.0,1.0,0.0
30,0.2,10,B,acquiescent,0.1,0.0,0.0,0.0
30,0.2,10,B,acquiescent,0.2,0.5,0.5,0.0
30,0.2,10,B,acquiescent,0.3,0.0,0.0,0.0
30,0.2,10,B,acquiescent,0.4,0.0,0.0,0.0
30,0.2,10,B,acquiescent,0.5,0.0,0.0,0.0
30,0.2,10,B,acquiescent,0.6,0.5,0.5,0.0
30,0.2,10,B,acquiescent,0.7,0.0,0.0,0.0
30,0.2,10,B,acquiescent,0.8,1.0,1.0,0.0
30,0.2,10,B,acquiescent,0.9,1.0,1.0,0.0
30,0.2,10,B,acquiescent,1.0,1.0,1.0,0.0
30,0.2,10,B,fatigue,0.1,0.0,0.0,0.0
30,0.2,10,B,fatigue,0.2,0.0,0.0,0.0
30,0.2,10,B,fatigue,0.3,0.0,0.0,0.0
30,0.2,10,B,fatigue,0.4,0.0,0.0,0.0
30,0.2,10,B,fatigue,0.5,0.0,0.0,0.0
30,0.2,10,B,fatigue,0.6,0.0,0.0,0.0
30,0.2,10,B,fatigue,0.7,0.0,0.0,0.0
30,0.2,10,B,fatigue,0.8,0.5,0.5,0.0
30,0.2,10,B,fatigue,0.9,0.5,1.0,-0.5
30,0.2,10,B,fatigue,1.0,0.0,0.0,0.0
30,0.2,10,B,longstring,0.1,0.0,0.0,0.0
30,0.2,10,B,longstring,0.2,0.0,0.0,0.0
30,0.2,10,B,longstring,0.3,0.0,0.0,0.0
30,0.2,10,B,longstring,0.4,0.5,0.5,0.0
30,0.2,10,B,longstring,0.5,0.0,0.0,0.0
30,0.2,10,B,longstring,0.6,0.5,0.5,0.0
30,0.2,10,B,longstring,0.7,1.0,1.0,0.0
30,0.2,10,B,longstring,0.8,1.0,0.5,0.5
30,0.2,10,B,longstring,0.9,0.5,0.5,0.0
30,0.2,10,B,longstring,1.0,0.0,0.0,0.0
30,0.2,10,B,mixed,0.1,0.0,0.0,0.0
30,0.2,10,B,mixed,0.2,0.0,0.0,0.0
30,0.2,10,B,mixed,0.3,0.5,0.0,0.5
30,0.2,10,B,mixed,0.4,0.0,0.0,0.0
30,0.2,10,B,mixed,0.5,0.0,0.0,0.0
30,0.2,10,B,mixed,0.6,0.5,0.0,0.5
30,0.2,10,B,mixed,0.7,0.0,0.0,0.0
30,0.2,10,B,mixed,0.8,0.0,0.0,0.0
30,0.2,10,B,mixed,0.9,0.0,0.0,0.0
30,0.2,10,B,mixed,1.0,0.0,0.0,0.0
30,0.2,10,B,pure_straight,0.1,0.0,0.0,0.0
30,0.2,10,B,pure_straight,0.2,0.5,0.0,0.5
30,0.2,10,B,pure_straight,0.3,1.0,0.0,1.0
30,0.2,10,B,pure_straight,0.4,1.0,1.0,0.0
30,0.2,10,B,pure_straight,0.5,1.0,1.0,0.0
30,0.2,10,B,pure_straight,0.6,0.5,0.5,0.0
30,0.2,10,B,pure_straight,0.7,1.0,1.0,0.0
30,0.2,10,B,pure_straight,0.8,1.0,1.0,0.0
30,0.2,10,B,pure_straight,0.9,1.0,1.0,0.0
30,0.2,10,B,pure_straight,1.0,1.0,1.0,0.0
30,0.2,10,B,random,0.1,0.0,0.5,-0.5
30,0.2,10,B,random,0.2,0.0,0.0,0.0
30,0.2,10,B,random,0.3,0.0,0.0,0.0
30,0.2,10,B,random,0.4,0.0,0.0,0.0
30,0.2,10,B,random,0.5,0.0,0.0,0.0
30,0.2,10,B,random,0.6,0.0,0.0,0.0
30,0.2,10,B,random,0.7,0.0,0.0,0.0
30,0.2,10,B,random,0.8,0.0,0.0,0.0
30,0.2,10,B,random,0.9,0.0,0.0,0.0
30,0.2,10,B,random,1.0,0.0,0.0,0.0
30,0.2,11,B,acquiescent,0.1,0.0,0.0,0.0
30,0.2,11,B,acquiescent,0.2,1.0,1.0,0.0
30,0.2,11,B,acquiescent,0.3,0.5,0.0,0.5
30,0.2,11,B,acquiescent,0.4,0.5,0.5,0.0
30,0.2,11,B,acquiescent,0.5,0.5,0.5,0.0
30,0.2,11,B,acquiescent,0.6,0.5,0.5,0.0
30,0.2,11,B,acquiescent,0.7,1.0,1.0,0.0
30,0.2,11,B,acquiescent,0.8,1.0,1.0,0.0
30,0.2,11,B,acquiescent,0.9,1.0,1.0,0.0
30,0.2,11,B,acquiescent,1.0,1.0,1.0,0.0
30,0.2,11,B,fatigue,0.1,0.0,0.0,0.0
30,0.2,11,B,fatigue,0.2,0.0,0.5,-0.5
30,0.2,11,B,fatigue,0.3,0.0,0.0,0.0
30,0.2,11,B,fatigue,0.4,0.0,0.0,0.0
30,0.2,11,B,fatigue,0.5,0.0,0.0,0.0
30,0.2,11,B,fatigue,0.6,0.0,1.0,-1.0
30,0.2,11,B,fatigue,0.7,0.0,0.5,-0.5
30,0.2,11,B,fatigue,0.8,0.5,0.5,0.0
30,0.2,11,B,fatigue,0.9,1.0,1.0,0.0
30,0.2,11,B,fatigue,1.0,1.0,1.0,0.0
30,0.2,11,B,longstring,0.1,0.0,0.0,0.0
30,0.2,11,B,longstring,0.2,0.0,0.0,0.0
30,0.2,11,B,longstring,0.3,0.0,0.0,0.0
30,0.2,11,B,longstring,0.4,0.0,1.0,-1.0
30,0.2,11,B,longstring,0.5,0.0,0.0,0.0
30,0.2,11,B,longstring,0.6,0.0,0.0,0.0
30,0.2,11,B,longstring,0.7,0.5,0.0,0.5
30,0.2,11,B,longstring,0.8,1.0,0.5,0.5
30,0.2,11,B,longstring,0.9,0.5,0.0,0.5
30,0.2,11,B,longstring,1.0,0.5,0.5,0.0
30,0.2,11,B,mixed,0.1,0.0,0.0,0.0
30,0.2,11,B,mixed,0.2,0.0,0.0,0.0
30,0.2,11,B,mixed,0.3,0.0,0.0,0.0
30,0.2,11,B,mixed,0.4,0.0,0.0,0.0
30,0.2,11,B,mixed,0.5,0.0,0.0,0.0
30,0.2,11,B,mixed,0.6,0.0,0.0,0.0
30,0.2,11,B,mixed,0.7,1.0,1.0,0.0
30,0.2,11,B,mixed,0.8,0.5,0.5,0.0
30,0.2,11,B,mixed,0.9,1.0,1.0,0.0
30,0.2,11,B,mixed,1.0,0.5,0.5,0.0
30,0.2,11,B,pure_straight,0.1,0.0,0.0,0.0
30,0.2,11,B,pure_straight,0.2,0.0,0.0,0.0
30,0.2,11,B,pure_straight,0.3,0.0,0.0,0.0
30,0.2,11,B,pure_straight,0.4,0.5,0.0,0.5
30,0.2,11,B,pure_straight,0.5,1.0,0.5,0.5
30,0.2,11,B,pure_straight,0.6,1.0,0.5,0.5
30,0.2,11,B,pure_straight,0.7,1.0,1.0,0.0
30,0.2,11,B,pure_straight,0.8,1.0,1.0,0.0
30,0.2,11,B,pure_straight,0.9,1.0,1.0,0.0
30,0.2,11,B,pure_straight,1.0,1.0,1.0,0.0
30,0.2,11,B,random,0.1,0.0,0.0,0.0
30,0.2,11,B,random,0.2,0.0,0.0,0.0
30,0.2,11,B,random,0.3,0.5,0.0,0.5
30,0.2,11,B,random,0.4,0.0,0.0,0.0
30,0.2,11,B,random,0.5,0.5,0.0,0.5
30,0.2,11,B,random,0.6,0.0,0.0,0.0
30,0.2,11,B,random,0.7,0.0,0.0,0.0
30,0.2,11,B,random,0.8,0.5,0.5,0.0
30,0.2,11,B,random,0.9,0.0,0.0,0.0
30,0.2,11,B,random,1.0,0.0,0.0,0.0
30,0.2,12,B,acquiescent,0.1,0.0,0.0,0.0
30,0.2,12,B,acquiescent,0.2,0.0,0.0,0.0
30,0.2,12,B,acquiescent,0.3,0.5,0.0,0.5
30,0.2,12,B,acquiescent,0.4,0.0,0.0,0.0
30,0.2,12,B,acquiescent,0.5,0.5,0.0,0.5
30,0.2,12,B,acquiescent,0.6,0.5,0.0,0.5
30,0.2,12,B,acquiescent,0.7,0.5,0.5,0.0
30,0.2,12,B,acquiescent,0.8,0.5,0.5,0.0
30,0.2,12,B,acquiescent,0.9,1.0,1.0,0.0
30,0.2,12,B,acquiescent,1.0,1.0,1.0,0.0
30,0.2,12,B,fatigue,0.1,0.0,0.5,-0.5
30,0.2,12,B,fatigue,0.2,0.0,0.0,0.0
30,0.2,12,B,fatigue,0.3,0.0,0.0,0.0
30,0.2,12,B,fatigue,0.4,0.5,0.5,0.0
30,0.2,12,B,fatigue,0.5,0.0,0.0,0.0
30,0.2,12,B,fatigue,0.6,0.0,0.0,0.0
30,0.2,12,B,fatigue,0.7,1.0,1.0,0.0
30,0.2,12,B,fatigue,0.8,0.5,0.5,0.0
30,0.2,12,B,fatigue,0.9,0.5,0.5,0.0
30,0.2,12,B,fatigue,1.0,1.0,0.0,1.0
30,0.2,12,B,longstring,0.1,0.0,0.0,0.0
30,0.2,12,B,longstring,0.2,0.0,0.0,0.0
30,0.2,12,B,longstring,0.3,0.0,0.0,0.0
30,0.2,12,B,longstring,0.4,0.5,0.5,0.0
30,0.2,12,B,longstring,0.5,0.5,0.5,0.0
30,0.2,12,B,longstring,0.6,0.0,0.0,0.0
30,0.2,12,B,longstring,0.7,1.0,1.0,0.0
30,0.2,12,B,longstring,0.8,0.0,0.0,0.0
30,0.2,12,B,longstring,0.9,0.5,0.5,0.0
30,0.2,12,B,longstring,1.0,1.0,0.5,0.5
30,0.2,12,B,mixed,0.1,0.0,0.0,0.0
30,0.2,12,B,mixed,0.2,0.0,0.0,0.0
30,0.2,12,B,mixed,0.3,0.0,0.0,0.0
30,0.2,12,B,mixed,0.4,0.0,0.0,0.0
30,0.2,12,B,mixed,0.5,0.0,0.0,0.0
30,0.2,12,B,mixed,0.6,0.0,0.0,0.0
30,0.2,12,B,mixed,0.7,0.0,0.0,0.0
30,0.2,12,B,mixed,0.8,0.0,0.0,0.0
30,0.2,12,B,mixed,0.9,0.0,0.0,0.0
30,0.2,12,B,mixed,1.0,0.0,0.0,0.0
30,0.2,12,B,pure_straight,0.1,0.0,0.0,0.0
30,0.2,12,B,pure_straight,0.2,0.0,0.0,0.0
30,0.2,12,B,pure_straight,0.3,1.0,0.5,0.5
30,0.2,12,B,pure_straight,0.4,0.0,1.0,-1.0
30,0.2,12,B,pure_straight,0.5,0.0,0.0,0.0
30,0.2,12,B,pure_straight,0.6,1.0,1.0,0.0
30,0.2,12,B,pure_straight,0.7,1.0,1.0,0.0
30,0.2,12,B,pure_straight,0.8,1.0,1.0,0.0
30,0.2,12,B,pure_straight,0.9,1.0,1.0,0.0
30,0.2,12,B,pure_straight,1.0,1.0,1.0,0.0
30,0.2,12,B,random,0.1,0.0,0.0,0.0
30,0.2,12,B,random,0.2,0.0,0.0,0.0
30,0.2,12,B,random,0.3,0.0,0.0,0.0
30,0.2,12,B,random,0.4,0.0,0.0,0.0
30,0.2,12,B,random,0.5,0.0,0.0,0.0
30,0.2,12,B,random,0.6,0.0,0.0,0.0
30,0.2,12,B,random,0.7,0.0,0.0,0.0
30,0.2,12,B,random,0.8,1.0,0.0,1.0
30,0.2,12,B,random,0.9,0.0,0.0,0.0
30,0.2,12,B,random,1.0,0.0,0.0,0.0
30,0.4,1,B,acquiescent,0.1,0.0,0.0,0.0
30,0.4,1,B,acquiescent,0.2,0.0,0.0,0.0
30,0.4,1,B,acquiescent,0.3,0.0,0.0,0.0
30,0.4,1,B,acquiescent,0.4,0.25,0.25,0.0
30,0.4,1,B,acquiescent,0.5,0.3333333333333333,0.0,0.3333333333333333
30,0.4,1,B,acquiescent,0.6,0.0,0.0,0.0
30,0.4,1,B,acquiescent,0.7,1.0,1.0,0.0
30,0.4,1,B,acquiescent,0.8,0.6666666666666666,0.6666666666666666,0.0
30,0.4,1,B,acquiescent,0.9,1.0,1.0,0.0
30,0.4,1,B,acquiescent,1.0,1.0,1.0,0.0
30,0.4,1,B,fatigue,0.1,0.0,0.0,0.0
30,0.4,1,B,fatigue,0.2,0.0,0.0,0.0
30,0.4,1,B,fatigue,0.3,0.0,0.25,-0.25
30,0.4,1,B,fatigue,0.4,0.3333333333333333,0.0,0.3333333333333333
30,0.4,1,B,fatigue,0.5,0.5,0.75,-0.25
30,0.4,1,B,fatigue,0.6,0.0,0.3333333333333333,-0.3333333333333333
30,0.4,1,B,fatigue,0.7,0.3333333333333333,0.3333333333333333,0.0
30,0.4,1,B,fatigue,0.8,0.6666666666666666,0.3333333333333333,0.3333333333333333
30,0.4,1,B,fatigue,0.9,1.0,1.0,0.0
30,0.4,1,B,fatigue,1.0,1.0,1.0,0.0
30,0.4,1,B,longstring,0.1,0.0,0.25,-0.25
30,0.4,1,B,longstring,0.2,0.3333333333333333,0.3333333333333333,0.0
30,0.4,1,B,longstring,0.3,0.3333333333333333,0.3333333333333333,0.0
30,0.4,1,B,longstring,0.4,0.25,0.25,0.0
30,0.4,1,B,longstring,0.5,0.3333333333333333,0.3333333333333333,0.0
30,0.4,1,B,longstring,0.6,0.6666666666666666,0.3333333333333333,0.3333333333333333
30,0.4,1,B,longstring,0.7,0.5,0.5,0.0
30,0.4,1,B,longstring,0.8,0.75,0.25,0.5
30,0.4,1,B,longstring,0.9,0.6666666666666666,0.3333333333333333,0.3333333333333333
30,0.4,1,B,longstring,1.0,0.6666666666666666,0.6666666666666666,0.0
30,0.4,1,B,mixed,0.1,0.3333333333333333,0.3333333333333333,0.0
30,0.4,1,B,mixed,0.2,0.0,0.3333333333333333,-0.3333333333333333
30,0.4,1,B,mixed,0.3,0.5,0.25,0.25
30,0.4,1,B,mixed,0.4,0.0,0.0,0.0
30,0.4,1,B,mixed,0.5,0.3333333333333333,0.3333333333333333,0.0
30,0.4,1,B,mixed,0.6,0.5,0.25,0.25
30,0.4,1,B,mixed,0.7,0.6666666666666666,0.0,0.6666666666666666
30,0.4,1,B,mixed,0.8,0.5,0.5,0.0
30,0.4,1,B,mixed,0.9,0.3333333333333333,0.3333333333333333,0.0
30,0.4,1,B,mixed,1.0,0.3333333333333333,0.3333333333333333,0.0
30,0.4,1,B,pure_straight,0.1,0.3333333333333333,0.3333333333333333,0.0
30,0.4,1,B,pure_straight,0.2,0.0,0.0,0.0
30,0.4,1,B,pure_straight,0.3,0.0,0.0,0.0
30,0.4,1,B,pure_straight,0.4,0.3333333333333333,0.3333333333333333,0.0
30,0.4,1,B,pure_straight,0.5,0.0,0.0,0.0
30,0.4,1,B,pure_straight,0.6,0.6666666666666666,1.0,-0.33333333333333337
30,0.4,1,B,pure_straight,0.7,1.0,1.0,0.0
30,0.4,1,B,pure_straight,0.8,1.0,1.0,0.0
30,0.4,1,B,pure_straight,0.9,1.0,1.0,0.0
30,0.4,1,B,pure_straight,1.0,1.0,1.0,0.0
30,0.4,1,B,random,0.1,0.0,0.0,0.0
30,0.4,1,B,random,0.2,0.0,0.25,-0.25
30,0.4,1,B,random,0.3,0.25,0.25,0.0
30,0.4,1,B,random,0.4,0.6666666666666666,0.6666666666666666,0.0
30,0.4,1,B,random,0.5,0.0,0.0,0.0
30,0.4,1,B,random,0.6,0.3333333333333333,0.3333333333333333,0.0
30,0.4,1,B,random,0.7,0.0,0.0,0.0
30,0.4,1,B,random,0.8,0.5,0.5,0.0
30,0.4,1,B,random,0.9,0.0,0.0,0.0
30,0.4,1,B,random,1.0,0.0,0.0,0.0
30,0.4,2,B,acquiescent,0.1,0.25,0.25,0.0
30,0.4,2,B,acquiescent,0.2,0.25,0.0,0.25
30,0.4,2,B,acquiescent,0.3,0.0,0.6666666666666666,-0.6666666666666666
30,0.4,2,B,acquiescent,0.4,0.3333333333333333,0.3333333333333333,0.0
30,0.4,2,B,acquiescent,0.5,0.5,0.5,0.0
30,0.4,2,B,acquiescent,0.6,0.6666666666666666,0.3333333333333333,0.3333333333333333
30,0.4,2,B,acquiescent,0.7,0.6666666666666666,0.6666666666666666,0.0
30,0.4,2,B,acquiescent,0.8,0.6666666666666666,0.6666666666666666,0.0
30,0.4,2,B,acquiescent,0.9,1.0,1.0,0.0
30,0.4,2,B,acquiescent,1.0,1.0,1.0,0.0
30,0.4,2,B,fatigue,0.1,0.0,0.0,0.0
30,0.4,2,B,fatigue,0.2,0.3333333333333333,0.3333333333333333,0.0
30,0.4,2,B,fatigue,0.3,0.0,0.0,0.0
30,0.4,2,B,fatigue,0.4,0.3333333333333333,0.0,0.3333333333333333
30,0.4,2,B,fatigue,0.5,0.0,0.0,0.0
30,0.4,2,B,fatigue,0.6,0.6666666666666666,0.3333333333333333,0.3333333333333333
30,0.4,2,B,fatigue,0.7,1.0,1.0,0.0
30,0.4,2,B,fatigue,0.8,0.75,1.0,-0.25
30,0.4,2,B,fatigue,0.9,0.5,0.75,-0.25
30,0.4,2,B,fatigue,1.0,0.6666666666666666,1.0,-0.33333333333333337
30,0.4,2,B,longstring,0.1,0.0,0.0,0.0
30,0.4,2,B,longstring,0.2,0.75,0.25,0.5
30,0.4,2,B,longstring,0.3,0.0,0.3333333333333333,-0.3333333333333333
30,0.4,2,B,longstring,0.4,0.3333333333333333,0.3333333333333333,0.0
30,0.4,2,B,longstring,0.5,0.25,0.0,0.25
30,0.4,2,B,longstring,0.6,0.3333333333333333,0.0,0.3333333333333333
30,0.4,2,B,longstring,0.7,0.3333333333333333,0.3333333333333333,0.0
30,0.4,2,B,longstring,0.8,0.6666666666666666,0.6666666666666666,0.0
30,0.4,2,B,longstring,0.9,0.75,0.75,0.0
30,0.4,2,B,longstring,1.0,0.6666666666666666,0.6666666666666666,0.0
30,0.4,2,B,mixed,0.1,0.0,0.0,0.0
30,0.4,2,B,mixed,0.2,0.0,0.0,0.0
30,0.4,2,B,mixed,0.3,0.5,0.5,0.0
30,0.4,2,B,mixed,0.4,0.25,0.5,-0.25
30,0.4,2,B,mixed,0.5,0.3333333333333333,0.0,0.3333333333333333
30,0.4,2,B,mixed,0.6,0.0,0.0,0.0
30,0.4,2,B,mixed,0.7,0.0,0.0,0.0
30,0.4,2,B,mixed,0.8,0.6666666666666666,0.6666666666666666,0.0
30,0.4,2,B,mixed,0.9,0.3333333333333333,0.3333333333333333,0.0
30,0.4,2,B,mixed,1.0,0.75,0.75,0.0
30,0.4,2,B,pure_straight,0.1,0.3333333333333333,0.0,0.3333333333333333
30,0.4,2,B,pure_straight,0.2,0.3333333333333333,0.0,0.3333333333333333
30,0.4,2,B,pure_straight,0.3,0.25,0.25,0.0
30,0.4,2,B,pure_straight,0.4,0.6666666666666666,0.3333333333333333,0.3333333333333333
30,0.4,2,B,pure_straight,0.5,0.0,0.0,0.0
30,0.4,2,B,pure_straight,0.6,1.0,1.0,0.0
30,0.4,2,B,pure_straight,0.7,1.0,1.0,0.0
30,0.4,2,B,pure_straight,0.8,1.0,1.0,0.0
30,0.4,2,B,pure_straight,0.9,1.0,1.0,0.0
30,0.4,2,B,pure_straight,1.0,1.0,1.0,0.0
30,0.4,2,B,random,0.1,0.0,0.3333333333333333,-0.3333333333333333
30,0.4,2,B,random,0.2,0.25,0.0,0.25
30,0.4,2,B,random,0.3,0.5,0.5,0.0
30,0.4,2,B,random,0.4,0.25,0.0,0.25
30,0.4,2,B,random,0.5,0.3333333333333333,0.3333333333333333,0.0
30,0.4,2,B,random,0.6,0.3333333333333333,1.0,-0.6666666666666667
30,0.4,2,B,random,0.7,0.3333333333333333,0.0,0.3333333333333333
30,0.4,2,B,random,0.8,0.6666666666666666,0.3333333333333333,0.3333333333333333
30,0.4,2,B,random,0.9,0.25,0.0,0.25
30,0.4,2,B,random,1.0,0.3333333333333333,0.6666666666666666,-0.3333333333333333
30,0.4,3,B,acquiescent,0.1,0.0,0.0,0.0
30,0.4,3,B,acquiescent,0.2,0.25,0.0,0.25
30,0.4,3,B,acquiescent,0.3,0.6666666666666666,0.3333333333333333,0.3333333333333333
30,0.4,3,B,acquiescent,0.4,0.3333333333333333,0.3333333333333333,0.0
30,0.4,3,B,acquiescent,0.5,0.6666666666666666,0.3333333333333333,0.3333333333333333
30,0.4,3,B,acquiescent,0.6,0.75,0.5,0.25
30,0.4,3,B,acquiescent,0.7,1.0,1.0,0.0
30,0.4,3,B,acquiescent,0.8,1.0,0.75,0.25
30,0.4,3,B,acquiescent,0.9,1.0,1.0,0.0
30,0.4,3,B,acquiescent,1.0,1.0,1.0,0.0
30,0.4,3,B,fatigue,0.1,0.0,0.0,0.0
30,0.4,3,B,fatigue,0.2,0.6666666666666666,0.3333333333333333,0.3333333333333333
30,0.4,3,B,fatigue,0.3,0.0,0.0,0.0
30,0.4,3,B,fatigue,0.4,0.0,0.3333333333333333,-0.3333333333333333
30,0.4,3,B,fatigue,0.5,0.0,0.0,0.0
30,0.4,3,B,fatigue,0.6,0.5,0.75,-0.25
30,0.4,3,B,fatigue,0.7,0.0,0.0,0.0
30,0.4,3,B,fatigue,0.8,0.6666666666666666,0.6666666666666666,0.0
30,0.4,3,B,fatigue,0.9,0.5,0.5,0.0
30,0.4,3,B,fatigue,1.0,1.0,1.0,0.0
30,0.4,3,B,longstring,0.1,0.25,0.25,0.0
30,0.4,3,B,longstring,0.2,0.3333333333333333,0.3333333333333333,0.0
30,0.4,3,B,longstring,0.3,0.6666666666666666,0.3333333333333333,0.3333333333333333
30,0.4,3,B,longstring,0.4,0.25,0.25,0.0
30,0.4,3,B,longstring,0.5,0.6666666666666666,0.6666666666666666,0.0
30,0.4,3,B,longstring,0.6,0.5,0.25,0.25
30,0.4,3,B,longstring,0.7,0.3333333333333333,0.3333333333333333,0.0
30,0.4,3,B,longstring,0.8,0.6666666666666666,0.6666666666666666,0.0
30,0.4,3,B,longstring,0.9,0.3333333333333333,0.3333333333333333,0.0
30,0.4,3,B,longstring,1.0,1.0,0.75,0.25
30,0.4,3,B,mixed,0.1,0.3333333333333333,0.3333333333333333,0.0
30,0.4,3,B,mixed,0.2,0.25,0.25,0.0
30,0.4,3,B,mixed,0.3,0.0,0.0,0.0
30,0.4,3,B,mixed,0.4,0.3333333333333333,0.0,0.3333333333333333
30,0.4,3,B,mixed,0.5,0.0,0.6666666666666666,-0.6666666666666666
30,0.4,3,B,mixed,0.6,0.0,0.0,0.0
30,0.4,3,B,mixed,0.7,0.0,0.0,0.0
30,0.4,3,B,mixed,0.8,0.3333333333333333,0.3333333333333333,0.0
30,0.4,3,B,mixed,0.9,0.6666666666666666,0.3333333333333333,0.3333333333333333
30,0.4,3,B,mixed,1.0,0.0,0.0,0.0
30,0.4,3,B,pure_straight,0.1,0.0,0.25,-0.25
30,0.4,3,B,pure_straight,0.2,0.0,0.0,0.0
30,0.4,3,B,pure_straight,0.3,0.6666666666666666,0.3333333333333333,0.3333333333333333
30,0.4,3,B,pure_straight,0.4,0.3333333333333333,0.6666666666666666,-0.3333333333333333
30,0.4,3,B,pure_straight,0.5,0.6666666666666666,0.6666666666666666,0.0
30,0.4,3,B,pure_straight,0.6,1.0,1.0,0.0
30,0.4,3,B,pure_straight,0.7,1.0,1.0,0.0
30,0.4,3,B,pure_straight,0.8,1.0,1.0,0.0
30,0.4,3,B,pure_straight,0.9,1.0,1.0,0.0
30,0.4,3,B,pure_straight,1.0,1.0,1.0,0.0
30,0.4,3,B,random,0.1,0.0,0.0,0.0
30,0.4,3,B,random,0.2,0.25,0.25,0.0
30,0.4,3,B,random,0.3,0.0,0.0,0.0
30,0.4,3,B,random,0.4,0.0,0.0,0.0
30,0.4,3,B,random,0.5,0.25,0.25,0.0
30,0.4,3,B,random,0.6,0.3333333333333333,0.3333333333333333,0.0
30,0.4,3,B,random,0.7,0.3333333333333333,0.0,0.3333333333333333
30,0.4,3,B,random,0.8,0.0,0.0,0.0
30,0.4,3,B,random,0.9,0.3333333333333333,0.0,0.3333333333333333
30,0.4,3,B,random,1.0,0.3333333333333333,0.3333333333333333,0.0
30,0.4,4,B,acquiescent,0.1,0.3333333333333333,0.0,0.3333333333333333
30,0.4,4,B,acquiescent,0.2,0.25,0.5,-0.25
30,0.4,4,B,acquiescent,0.3,0.3333333333333333,0.3333333333333333,0.0
30,0.4,4,B,acquiescent,0.4,0.3333333333333333,0.6666666666666666,-0.3333333333333333
30,0.4,4,B,acquiescent,0.5,0.6666666666666666,0.6666666666666666,0.0
30,0.4,4,B,acquiescent,0.6,0.5,0.25,0.25
30,0.4,4,B,acquiescent,0.7,0.3333333333333333,0.3333333333333333,0.0
30,0.4,4,B,acquiescent,0.8,1.0,1.0,0.0
30,0.4,4,B,acquiescent,0.9,1.0,1.0,0.0
30,0.4,4,B,acquiescent,1.0,1.0,1.0,0.0
30,0.4,4,B,fatigue,0.1,0.0,0.0,0.0
30,0.4,4,B,fatigue,0.2,0.0,0.0,0.0
30,0.4,4,B,fatigue,0.3,0.25,0.25,0.0
30,0.4,4,B,fatigue,0.4,0.0,0.3333333333333333,-0.3333333333333333
30,0.4,4,B,fatigue,0.5,0.3333333333333333,0.3333333333333333,0.0
30,0.4,4,B,fatigue,0.6,0.25,0.5,-0.25
30,0.4,4,B,fatigue,0.7,0.3333333333333333,0.3333333333333333,0.0
30,0.4,4,B,fatigue,0.8,0.6666666666666666,0.6666666666666666,0.0
30,0.4,4,B,fatigue,0.9,0.0,0.0,0.0
30,0.4,4,B,fatigue,1.0,1.0,1.0,0.0
30,0.4,4,B,longstring,0.1,0.0,0.0,0.0
30,0.4,4,B,longstring,0.2,0.25,0.25,0.0
30,0.4,4,B,longstring,0.3,0.0,0.0,0.0
30,0.4,4,B,longstring,0.4,0.5,0.5,0.0
30,0.4,4,B,longstring,0.5,0.3333333333333333,0.3333333333333333,0.0
30,0.4,4,B,longstring,0.6,0.25,0.25,0.0
30,0.4,4,B,longstring,0.7,0.3333333333333333,0.0,0.3333333333333333
30,0.4,4,B,longstring,0.8,0.75,1.0,-0.25
30,0.4,4,B,longstring,0.9,1.0,1.0,0.0
30,0.4,4,B,longstring,1.0,0.6666666666666666,0.6666666666666666,0.0
30,0.4,4,B,mixed,0.1,0.3333333333333333,0.3333333333333333,0.0
30,0.4,4,B,mixed,0.2,0.3333333333333333,0.3333333333333333,0.0
30,0.4,4,B,mixed,0.3,0.25,0.0,0.25
30,0.4,4,B,mixed,0.4,0.3333333333333333,0.3333333333333333,0.0
30,0.4,4,B,mixed,0.5,0.3333333333333333,0.0,0.3333333333333333
30,0.4,4,B,mixed,0.6,0.5,0.25,0.25
30,0.4,4,B,mixed,0.7,0.0,0.0,0.0
30,0.4,4,B,mixed,0.8,0.0,0.0,0.0
30,0.4,4,B,mixed,0.9,0.0,0.0,0.0
30,0.4,4,B,mixed,1.0,0.6666666666666666,0.3333333333333333,0.3333333333333333
30,0.4,4,B,pure_straight,0.1,0.0,0.0,0.0
30,0.4,4,B,pure_straight,0.2,0.3333333333333333,0.3333333333333333,0.0
30,0.4,4,B,pure_straight,0.3,0.3333333333333333,0.3333333333333333,0.0
30,0.4,4,B,pure_straight,0.4,1.0,0.6666666666666666,0.33333333333333337
30,0.4,4,B,pure_straight,0.5,0.6666666666666666,0.3333333333333333,0.3333333333333333
30,0.4,4,B,pure_straight,0.6,1.0,1.0,0.0
30,0.4,4,B,pure_straight,0.7,0.75,1.0,-0.25
30,0.4,4,B,pure_straight,0.8,1.0,1.0,0.0
30,0.4,4,B,pure_straight,0.9,1.0,1.0,0.0
30,0.4,4,B,pure_straight,1.0,1.0,1.0,0.0
30,0.4,4,B,random,0.1,0.0,0.0,0.0
30,0.4,4,B,random,0.2,0.0,0.6666666666666666,-0.6666666666666666
30,0.4,4,B,random,0.3,0.5,0.25,0.25
30,0.4,4,B,random,0.4,0.3333333333333333,0.0,0.3333333333333333
30,0.4,4,B,random,0.5,0.3333333333333333,0.3333333333333333,0.0
30,0.4,4,B,random,0.6,0.0,0.0,0.0
30,0.4,4,B,random,0.7,0.25,0.25,0.0
30,0.4,4,B,random,0.8,0.3333333333333333,0.3333333333333333,0.0
30,0.4,4,B,random,0.9,0.5,0.5,0.0
30,0.4,4,B,random,1.0,0.5,0.25,0.25
30,0.4,5,B,acquiescent,0.1,0.6666666666666666,0.3333333333333333,0.3333333333333333
30,0.4,5,B,acquiescent,0.2,0.5,0.5,0.0
30,0.4,5,B,acquiescent,0.3,0.3333333333333333,0.0,0.3333333333333333
30,0.4,5,B,acquiescent,0.4,0.75,0.75,0.0
30,0.4,5,B,acquiescent,0.5,0.3333333333333333,0.3333333333333333,0.0
30,0.4,5,B,acquiescent,0.6,0.5,0.5,0.0
30,0.4,5,B,acquiescent,0.7,0.6666666666666666,0.6666666666666666,0.0
30,0.4,5,B,acquiescent,0.8,1.0,1.0,0.0
30,0.4,5,B,acquiescent,0.9,1.0,1.0,0.0
30,0.4,5,B,acquiescent,1.0,1.0,1.0,0.0
30,0.4,5,B,fatigue,0.1,0.0,0.6666666666666666,-0.6666666666666666
30,0.4,5,B,fatigue,0.2,0.0,0.0,0.0
30,0.4,5,B,fatigue,0.3,0.0,0.0,0.0
30,0.4,5,B,fatigue,0.4,0.0,0.0,0.0
30,0.4,5,B,fatigue,0.5,0.0,0.0,0.0
30,0.4,5,B,fatigue,0.6,1.0,0.75,0.25
30,0.4,5,B,fatigue,0.7,0.3333333333333333,0.3333333333333333,0.0
30,0.4,5,B,fatigue,0.8,0.3333333333333333,0.6666666666666666,-0.3333333333333333
30,0.4,5,B,fatigue,0.9,0.25,0.0,0.25
30,0.4,5,B,fatigue,1.0,1.0,1.0,0.0
30,0.4,5,B,longstring,0.1,0.0,0.0,0.0
30,0.4,5,B,longstring,0.2,0.0,0.25,-0.25
30,0.4,5,B,longstring,0.3,0.0,0.0,0.0
30,0.4,5,B,longstring,0.4,0.0,0.0,0.0
30,0.4,5,B,longstring,0.5,0.6666666666666666,0.6666666666666666,0.0
30,0.4,5,B,longstring,0.6,0.0,0.0,0.0
30,0.4,5,B,longstring,0.7,0.75,0.75,0.0
30,0.4,5,B,longstring,0.8,0.3333333333333333,0.0,0.3333333333333333
30,0.4,5,B,longstring,0.9,0.75,0.75,0.0
30,0.4,5,B,longstring,1.0,0.75,0.5,0.25
30,0.4,5,B,mixed,0.1,0.25,0.25,0.0
30,0.4,5,B,mixed,0.2,0.0,0.0,0.0
30,0.4,5,B,mixed,0.3,0.3333333333333333,0.0,0.3333333333333333
30,0.4,5,B,mixed,0.4,0.75,0.75,0.0
30,0.4,5,B,mixed,0.5,0.6666666666666666,0.6666666666666666,0.0
30,0.4,5,B,mixed,0.6,0.0,0.0,0.0
30,0.4,5,B,mixed,0.7,0.3333333333333333,0.0,0.3333333333333333
30,0.4,5,B,mixed,0.8,0.3333333333333333,0.0,0.3333333333333333
30,0.4,5,B,mixed,0.9,0.0,0.0,0.0
30,0.4,5,B,mixed,1.0,0.0,0.0,0.0
30,0.4,5,B,pure_straight,0.1,0.0,0.0,0.0
30,0.4,5,B,pure_straight,0.2,0.6666666666666666,0.3333333333333333,0.3333333333333333
30,0.4,5,B,pure_straight,0.3,0.25,0.5,-0.25
30,0.4,5,B,pure_straight,0.4,0.0,0.25,-0.25
30,0.4,5,B,pure_straight,0.5,0.6666666666666666,0.6666666666666666,0.0
30,0.4,5,B,pure_straight,0.6,0.6666666666666666,0.6666666666666666,0.0
30,0.4,5,B,pure_straight,0.7,1.0,1.0,0.0
30,0.4,5,B,pure_straight,0.8,1.0,1.0,0.0
30,0.4,5,B,pure_straight,0.9,1.0,1.0,0.0
30,0.4,5,B,pure_straight,1.0,1.0,1.0,0.0
30,0.4,5,B,random,0.1,0.0,0.0,0.0
30,0.4,5,B,random,0.2,0.3333333333333333,0.0,0.3333333333333333
30,0.4,5,B,random,0.3,0.3333333333333333,0.3333333333333333,0.0
30,0.4,5,B,random,0.4,0.0,0.0,0.0
30,0.4,5,B,random,0.5,0.0,0.0,0.0
30,0.4,5,B,random,0.6,0.25,0.0,0.25
30,0.4,5,B,random,0.7,0.0,0.0,0.0
30,0.4,5,B,random,0.8,0.3333333333333333,0.3333333333333333,0.0
30,0.4,5,B,random,0.9,0.3333333333333333,0.0,0.3333333333333333
30,0.4,5,B,random,1.0,0.25,0.25,0.0
30,0.4,6,B,acquiescent,0.1,0.0,0.3333333333333333,-0.3333333333333333
30,0.4,6,B,acquiescent,0.2,0.25,0.25,0.0
30,0.4,6,B,acquiescent,0.3,1.0,0.6666666666666666,0.33333333333333337
30,0.4,6,B,acquiescent,0.4,0.6666666666666666,0.0,0.6666666666666666
30,0.4,6,B,acquiescent,0.5,1.0,0.3333333333333333,0.6666666666666667
30,0.4,6,B,acquiescent,0.6,0.5,0.5,0.0
30,0.4,6,B,acquiescent,0.7,0.75,0.75,0.0
30,0.4,6,B,acquiescent,0.8,1.0,1.0,0.0
30,0.4,6,B,acquiescent,0.9,1.0,1.0,0.0
30,0.4,6,B,acquiescent,1.0,1.0,1.0,0.0
30,0.4,6,B,fatigue,0.1,0.0,0.0,0.0
30,0.4,6,B,fatigue,0.2,0.0,0.0,0.0
30,0.4,6,B,fatigue,0.3,0.3333333333333333,0.3333333333333333,0.0
30,0.4,6,B,fatigue,0.4,0.0,0.0,0.0
30,0.4,6,B,fatigue,0.5,0.3333333333333333,0.0,0.3333333333333333
30,0.4,6,B,fatigue,0.6,0.0,0.3333333333333333,-0.3333333333333333
30,0.4,6,B,fatigue,0.7,0.25,0.25,0.0
30,0.4,6,B,fatigue,0.8,0.3333333333333333,0.3333333333333333,0.0
30,0.4,6,B,fatigue,0.9,0.75,0.75,0.0
30,0.4,6,B,fatigue,1.0,0.6666666666666666,0.6666666666666666,0.0
30,0.4,6,B,longstring,0.1,0.3333333333333333,0.3333333333333333,0.0
30,0.4,6,B,longstring,0.2,0.25,0.25,0.0
30,0.4,6,B,longstring,0.3,0.0,0.0,0.0
30,0.4,6,B,longstring,0.4,0.3333333333333333,0.3333333333333333,0.0
30,0.4,6,B,longstring,0.5,0.0,0.0,0.0
30,0.4,6,B,longstring,0.6,0.6666666666666666,1.0,-0.33333333333333337
30,0.4,6,B,longstring,0.7,0.75,0.5,0.25
30,0.4,6,B,longstring,0.8,0.75,0.5,0.25
30,0.4,6,B,longstring,0.9,1.0,1.0,0.0
30,0.4,6,B,longstring,1.0,1.0,1.0,0.0
30,0.4,6,B,mixed,0.1,0.0,0.3333333333333333,-0.3333333333333333
30,0.4,6,B,mixed,0.2,0.5,0.5,0.0
30,0.4,6,B,mixed,0.3,0.5,0.5,0.0
30,0.4,6,B,mixed,0.4,0.3333333333333333,0.3333333333333333,0.0
30,0.4,6,B,mixed,0.5,0.6666666666666666,0.3333333333333333,0.3333333333333333
30,0.4,6,B,mixed,0.6,0.3333333333333333,0.0,0.3333333333333333
30,0.4,6,B,mixed,0.7,0.25,0.5,-0.25
30,0.4,6,B,mixed,0.8,0.3333333333333333,0.0,0.3333333333333333
30,0.4,6,B,mixed,0.9,0.3333333333333333,0.3333333333333333,0.0
30,0.4,6,B,mixed,1.0,0.0,0.0,0.0
30,0.4,6,B,pure_straight,0.1,0.0,0.0,0.0
30,0.4,6,B,pure_straight,0.2,0.0,0.3333333333333333,-0.3333333333333333
30,0.4,6,B,pure_straight,0.3,0.3333333333333333,0.3333333333333333,0.0
30,0.4,6,B,pure_straight,0.4,0.25,0.0,0.25
30,0.4,6,B,pure_straight,0.5,0.6666666666666666,1.0,-0.33333333333333337
30,0.4,6,B,pure_straight,0.6,0.6666666666666666,0.6666666666666666,0.0
30,0.4,6,B,pure_straight,0.7,1.0,1.0,0.0
30,0.4,6,B,pure_straight,0.8,1.0,1.0,0.0
30,0.4,6,B,pure_straight,0.9,1.0,1.0,0.0
30,0.4,6,B,pure_straight,1.0,1.0,1.0,0.0
30,0.4,6,B,random,0.1,0.3333333333333333,0.0,0.3333333333333333
30,0.4,6,B,random,0.2,0.0,0.0,0.0
30,0.4,6,B,random,0.3,0.0,0.25,-0.25
30,0.4,6,B,random,0.4,0.0,0.0,0.0
30,0.4,6,B,random,0.5,0.3333333333333333,0.3333333333333333,0.0
30,0.4,6,B,random,0.6,0.0,0.0,0.0
30,0.4,6,B,random,0.7,0.0,0.0,0.0
30,0.4,6,B,random,0.8,0.0,0.0,0.0
30,0.4,6,B,random,0.9,0.25,0.25,0.0
30,0.4,6,B,random,1.0,0.3333333333333333,0.3333333333333333,0.0
30,0.4,7,B,acquiescent,0.1,0.0,0.0,0.0
30,0.4,7,B,acquiescent,0.2,0.3333333333333333,0.0,0.3333333333333333
30,0.4,7,B,acquiescent,0.3,0.0,0.0,0.0
30,0.4,7,B,acquiescent,0.4,0.6666666666666666,0.3333333333333333,0.3333333333333333
30,0.4,7,B,acquiescent,0.5,0.3333333333333333,0.0,0.3333333333333333
30,0.4,7,B,acquiescent,0.6,1.0,1.0,0.0
30,0.4,7,B,acquiescent,0.7,0.6666666666666666,0.6666666666666666,0.0
30,0.4,7,B,acquiescent,0.8,0.5,0.5,0.0
30,0.4,7,B,acquiescent,0.9,1.0,1.0,0.0
30,0.4,7,B,acquiescent,1.0,1.0,1.0,0.0
30,0.4,7,B,fatigue,0.1,0.0,0.0,0.0
30,0.4,7,B,fatigue,0.2,0.3333333333333333,0.6666666666666666,-0.3333333333333333
30,0.4,7,B,fatigue,0.3,0.0,0.0,0.0
30,0.4,7,B,fatigue,0.4,0.3333333333333333,0.3333333333333333,0.0
30,0.4,7,B,fatigue,0.5,0.0,0.0,0.0
30,0.4,7,B,fatigue,0.6,0.0,0.0,0.0
30,0.4,7,B,fatigue,0.7,1.0,1.0,0.0
30,0.4,7,B,fatigue,0.8,0.5,0.75,-0.25
30,0.4,7,B,fatigue,0.9,0.75,0.75,0.0
30,0.4,7,B,fatigue,1.0,0.6666666666666666,0.6666666666666666,0.0
30,0.4,7,B,longstring,0.1,0.0,0.25,-0.25
30,0.4,7,B,longstring,0.2,0.5,0.5,0.0
30,0.4,7,B,longstring,0.3,0.3333333333333333,0.3333333333333333,0.0
30,0.4,7,B,longstring,0.4,0.0,0.0,0.0
30,0.4,7,B,longstring,0.5,0.3333333333333333,0.3333333333333333,0.0
30,0.4,7,B,longstring,0.6,0.3333333333333333,0.3333333333333333,0.0
30,0.4,7,B,longstring,0.7,0.5,0.25,0.25
30,0.4,7,B,longstring,0.8,0.3333333333333333,0.3333333333333333,0.0
30,0.4,7,B,longstring,0.9,0.6666666666666666,0.6666666666666666,0.0
30,0.4,7,B,longstring,1.0,0.75,0.75,0.0
30,0.4,7,B,mixed,0.1,0.0,0.0,0.0
30,0.4,7,B,mixed,0.2,0.3333333333333333,0.3333333333333333,0.0
30,0.4,7,B,mixed,0.3,0.0,0.0,0.0
30,0.4,7,B,mixed,0.4,0.0,0.0,0.0
30,0.4,7,B,mixed,0.5,0.0,0.0,0.0
30,0.4,7,B,mixed,0.6,0.25,0.25,0.0
30,0.4,7,B,mixed,0.7,0.6666666666666666,0.3333333333333333,0.3333333333333333
30,0.4,7,B,mixed,0.8,0.75,0.75,0.0
30,0.4,7,B,mixed,0.9,0.3333333333333333,0.3333333333333333,0.0
30,0.4,7,B,mixed,1.0,0.0,0.3333333333333333,-0.3333333333333333
30,0.4,7,B,pure_straight,0.1,0.25,0.25,0.0
30,0.4,7,B,pure_straight,0.2,0.6666666666666666,0.3333333333333333,0.3333333333333333
30,0.4,7,B,pure_straight,0.3,0.3333333333333333,0.3333333333333333,0.0
30,0.4,7,B,pure_straight,0.4,0.6666666666666666,0.3333333333333333,0.3333333333333333
30,0.4,7,B,pure_straight,0.5,0.5,0.5,0.0
30,0.4,7,B,pure_straight,0.6,1.0,1.0,0.0
30,0.4,7,B,pure_straight,0.7,1.0,1.0,0.0
30,0.4,7,B,pure_straight,0.8,1.0,1.0,0.0
30,0.4,7,B,pure_straight,0.9,1.0,1.0,0.0
30,0.4,7,B,pure_straight,1.0,1.0,1.0,0.0
30,0.4,7,B,random,0.1,0.3333333333333333,0.0,0.3333333333333333
30,0.4,7,B,random,0.2,0.0,0.0,0.0
30,0.4,7,B,random,0.3,0.5,0.5,0.0
30,0.4,7,B,random,0.4,0.6666666666666666,0.6666666666666666,0.0
30,0.4,7,B,random,0.5,1.0,1.0,0.0
30,0.4,7,B,random,0.6,0.5,0.5,0.0
30,0.4,7,B,random,0.7,0.6666666666666666,0.6666666666666666,0.0
30,0.4,7,B,random,0.8,0.25,0.0,0.25
30,0.4,7,B,random,0.9,0.6666666666666666,0.3333333333333333,0.3333333333333333
30,0.4,7,B,random,1.0,0.0,0.0,0.0
30,0.4,8,B,acquiescent,0.1,0.0,0.0,0.0
30,0.4,8,B,acquiescent,0.2,0.0,0.3333333333333333,-0.3333333333333333
30,0.4,8,B,acquiescent,0.3,0.0,0.0,0.0
30,0.4,8,B,acquiescent,0.4,0.6666666666666666,0.3333333333333333,0.3333333333333333
30,0.4,8,B,acquiescent,0.5,0.25,0.5,-0.25
30,0.4,8,B,acquiescent,0.6,0.3333333333333333,0.3333333333333333,0.0
30,0.4,8,B,acquiescent,0.7,0.6666666666666666,0.6666666666666666,0.0
30,0.4,8,B,acquiescent,0.8,1.0,1.0,0.0
30,0.4,8,B,acquiescent,0.9,0.6666666666666666,1.0,-0.33333333333333337
30,0.4,8,B,acquiescent,1.0,1.0,1.0,0.0
30,0.4,8,B,fatigue,0.1,0.75,0.5,0.25
30,0.4,8,B,fatigue,0.2,0.0,0.0,0.0
30,0.4,8,B,fatigue,0.3,0.0,0.0,0.0
30,0.4,8,B,fatigue,0.4,0.0,0.0,0.0
30,0.4,8,B,fatigue,0.5,0.0,0.0,0.0
30,0.4,8,B,fatigue,0.6,0.6666666666666666,0.6666666666666666,0.0
30,0.4,8,B,fatigue,0.7,0.6666666666666666,0.6666666666666666,0.0
30,0.4,8,B,fatigue,0.8,0.6666666666666666,0.6666666666666666,0.0
30,0.4,8,B,fatigue,0.9,0.3333333333333333,0.0,0.3333333333333333
30,0.4,8,B,fatigue,1.0,0.6666666666666666,0.3333333333333333,0.3333333333333333
30,0.4,8,B,longstring,0.1,0.3333333333333333,0.3333333333333333,0.0
30,0.4,8,B,longstring,0.2,0.25,0.25,0.0
30,0.4,8,B,longstring,0.3,0.25,0.25,0.0
30,0.4,8,B,longstring,0.4,0.25,0.25,0.0
30,0.4,8,B,longstring,0.5,0.0,0.0,0.0
30,0.4,8,B,longstring,0.6,0.5,0.25,0.25
30,0.4,8,B,longstring,0.7,0.6666666666666666,0.6666666666666666,0.0
30,0.4,8,B,longstring,0.8,1.0,0.6666666666666666,0.33333333333333337
30,0.4,8,B,longstring,0.9,0.3333333333333333,0.3333333333333333,0.0
30,0.4,8,B,longstring,1.0,1.0,1.0,0.0
30,0.4,8,B,mixed,0.1,0.0,0.0,0.0
30,0.4,8,B,mixed,0.2,0.0,0.0,0.0
30,0.4,8,B,mixed,0.3,0.0,0.0,0.0
30,0.4,8,B,mixed,0.4,0.0,0.0,0.0
30,0.4,8,B,mixed,0.5,0.3333333333333333,0.0,0.3333333333333333
30,0.4,8,B,mixed,0.6,0.5,0.5,0.0
30,0.4,8,B,mixed,0.7,0.6666666666666666,1.0,-0.33333333333333337
30,0.4,8,B,mixed,0.8,0.3333333333333333,0.0,0.3333333333333333
30,0.4,8,B,mixed,0.9,0.3333333333333333,0.3333333333333333,0.0
30,0.4,8,B,mixed,1.0,0.0,0.0,0.0
30,0.4,8,B,pure_straight,0.1,0.3333333333333333,0.3333333333333333,0.0
30,0.4,8,B,pure_straight,0.2,0.0,0.0,0.0
30,0.4,8,B,pure_straight,0.3,0.0,0.0,0.0
30,0.4,8,B,pure_straight,0.4,0.5,0.5,0.0
30,0.4,8,B,pure_straight,0.5,0.5,0.75,-0.25
30,0.4,8,B,pure_straight,0.6,1.0,1.0,0.0
30,0.4,8,B,pure_straight,0.7,1.0,1.0,0.0
30,0.4,8,B,pure_straight,0.8,1.0,1.0,0.0
30,0.4,8,B,pure_straight,0.9,1.0,1.0,0.0
30,0.4,8,B,pure_straight,1.0,1.0,1.0,0.0
30,0.4,8,B,random,0.1,0.0,0.3333333333333333,-0.3333333333333333
30,0.4,8,B,random,0.2,0.0,0.0,0.0
30,0.4,8,B,random,0.3,0.5,0.5,0.0
30,0.4,8,B,random,0.4,0.3333333333333333,0.6666666666666666,-0.3333333333333333
30,0.4,8,B,random,0.5,0.25,0.5,-0.25
30,0.4,8,B,random,0.6,0.0,0.3333333333333333,-0.3333333333333333
30,0.4,8,B,random,0.7,0.3333333333333333,0.0,0.3333333333333333
30,0.4,8,B,random,0.8,0.5,0.5,0.0
30,0.4,8,B,random,0.9,0.6666666666666666,0.6666666666666666,0.0
30,0.4,8,B,random,1.0,0.3333333333333333,0.6666666666666666,-0.3333333333333333
30,0.4,9,B,acquiescent,0.1,0.3333333333333333,0.3333333333333333,0.0
30,0.4,9,B,acquiescent,0.2,0.0,0.0,0.0
30,0.4,9,B,acquiescent,0.3,0.3333333333333333,0.3333333333333333,0.0
30,0.4,9,B,acquiescent,0.4,0.3333333333333333,0.3333333333333333,0.0
30,0.4,9,B,acquiescent,0.5,0.5,0.5,0.0
30,0.4,9,B,acquiescent,0.6,0.3333333333333333,0.3333333333333333,0.0
30,0.4,9,B,acquiescent,0.7,0.6666666666666666,0.6666666666666666,0.0
30,0.4,9,B,acquiescent,0.8,0.75,0.75,0.0
30,0.4,9,B,acquiescent,0.9,1.0,1.0,0.0
30,0.4,9,B,acquiescent,1.0,1.0,1.0,0.0
30,0.4,9,B,fatigue,0.1,0.25,0.25,0.0
30,0.4,9,B,fatigue,0.2,0.0,0.0,0.0
30,0.4,9,B,fatigue,0.3,0.3333333333333333,0.0,0.3333333333333333
30,0.4,9,B,fatigue,0.4,0.5,0.5,0.0
30,0.4,9,B,fatigue,0.5,0.6666666666666666,0.3333333333333333,0.3333333333333333
30,0.4,9,B,fatigue,0.6,0.3333333333333333,0.3333333333333333,0.0
30,0.4,9,B,fatigue,0.7,0.75,0.75,0.0
30,0.4,9,B,fatigue,0.8,1.0,1.0,0.0
30,0.4,9,B,fatigue,0.9,0.6666666666666666,1.0,-0.33333333333333337
30,0.4,9,B,fatigue,1.0,0.3333333333333333,0.3333333333333333,0.0
30,0.4,9,B,longstring,0.1,0.3333333333333333,0.0,0.3333333333333333
30,0.4,9,B,longstring,0.2,0.0,0.0,0.0
30,0.4,9,B,longstring,0.3,0.0,0.0,0.0
30,0.4,9,B,longstring,0.4,0.0,0.0,0.0
30,0.4,9,B,longstring,0.5,0.25,0.25,0.0
30,0.4,9,B,longstring,0.6,0.3333333333333333,0.3333333333333333,0.0
30,0.4,9,B,longstring,0.7,0.5,0.25,0.25
30,0.4,9,B,longstring,0.8,0.6666666666666666,0.6666666666666666,0.0
30,0.4,9,B,longstring,0.9,0.6666666666666666,0.6666666666666666,0.0
30,0.4,9,B,longstring,1.0,1.0,1.0,0.0
30,0.4,9,B,mixed,0.1,0.0,0.0,0.0
30,0.4,9,B,mixed,0.2,0.3333333333333333,0.6666666666666666,-0.3333333333333333
30,0.4,9,B,mixed,0.3,0.0,0.0,0.0
30,0.4,9,B,mixed,0.4,0.0,0.0,0.0
30,0.4,9,B,mixed,0.5,0.3333333333333333,0.6666666666666666,-0.3333333333333333
30,0.4,9,B,mixed,0.6,0.25,0.25,0.0
30,0.4,9,B,mixed,0.7,0.0,0.0,0.0
30,0.4,9,B,mixed,0.8,0.5,0.75,-0.25
30,0.4,9,B,mixed,0.9,0.3333333333333333,0.3333333333333333,0.0
30,0.4,9,B,mixed,1.0,0.0,0.0,0.0
30,0.4,9,B,pure_straight,0.1,0.0,0.0,0.0
30,0.4,9,B,pure_straight,0.2,0.5,0.5,0.0
30,0.4,9,B,pure_straight,0.3,0.3333333333333333,0.3333333333333333,0.0
30,0.4,9,B,pure_straight,0.4,0.3333333333333333,0.3333333333333333,0.0
30,0.4,9,B,pure_straight,0.5,1.0,1.0,0.0
30,0.4,9,B,pure_straight,0.6,0.3333333333333333,0.3333333333333333,0.0
30,0.4,9,B,pure_straight,0.7,1.0,1.0,0.0
30,0.4,9,B,pure_straight,0.8,1.0,1.0,0.0
30,0.4,9,B,pure_straight,0.9,1.0,1.0,0.0
30,0.4,9,B,pure_straight,1.0,1.0,1.0,0.0
30,0.4,9,B,random,0.1,0.0,0.0,0.0
30,0.4,9,B,random,0.2,0.3333333333333333,0.3333333333333333,0.0
30,0.4,9,B,random,0.3,0.25,0.0,0.25
30,0.4,9,B,random,0.4,0.0,0.0,0.0
30,0.4,9,B,random,0.5,0.3333333333333333,0.3333333333333333,0.0
30,0.4,9,B,random,0.6,0.5,0.5,0.0
30,0.4,9,B,random,0.7,0.0,0.0,0.0
30,0.4,9,B,random,0.8,0.6666666666666666,0.6666666666666666,0.0
30,0.4,9,B,random,0.9,0.6666666666666666,0.3333333333333333,0.3333333333333333
30,0.4,9,B,random,1.0,0.0,0.0,0.0
30,0.4,10,B,acquiescent,0.1,0.0,0.0,0.0
30,0.4,10,B,acquiescent,0.2,0.0,0.3333333333333333,-0.3333333333333333
30,0.4,10,B,acquiescent,0.3,1.0,0.6666666666666666,0.33333333333333337
30,0.4,10,B,acquiescent,0.4,0.0,0.6666666666666666,-0.6666666666666666
30,0.4,10,B,acquiescent,0.5,0.5,0.25,0.25
30,0.4,10,B,acquiescent,0.6,0.6666666666666666,0.6666666666666666,0.0
30,0.4,10,B,acquiescent,0.7,1.0,0.5,0.5
30,0.4,10,B,acquiescent,0.8,1.0,1.0,0.0
30,0.4,10,B,acquiescent,0.9,1.0,1.0,0.0
30,0.4,10,B,acquiescent,1.0,1.0,1.0,0.0
30,0.4,10,B,fatigue,0.1,0.3333333333333333,0.3333333333333333,0.0
30,0.4,10,B,fatigue,0.2,0.0,0.0,0.0
30,0.4,10,B,fatigue,0.3,0.5,0.25,0.25
30,0.4,10,B,fatigue,0.4,0.0,0.3333333333333333,-0.3333333333333333
30,0.4,10,B,fatigue,0.5,0.3333333333333333,0.3333333333333333,0.0
30,0.4,10,B,fatigue,0.6,0.0,0.0,0.0
30,0.4,10,B,fatigue,0.7,1.0,1.0,0.0
30,0.4,10,B,fatigue,0.8,0.5,0.75,-0.25
30,0.4,10,B,fatigue,0.9,1.0,1.0,0.0
30,0.4,10,B,fatigue,1.0,1.0,1.0,0.0
30,0.4,10,B,longstring,0.1,0.0,0.0,0.0
30,0.4,10,B,longstring,0.2,0.0,0.25,-0.25
30,0.4,10,B,longstring,0.3,0.3333333333333333,0.3333333333333333,0.0
30,0.4,10,B,longstring,0.4,0.75,0.5,0.25
30,0.4,10,B,longstring,0.5,0.3333333333333333,0.0,0.3333333333333333
30,0.4,10,B,longstring,0.6,0.25,0.0,0.25
30,0.4,10,B,longstring,0.7,0.6666666666666666,0.3333333333333333,0.3333333333333333
30,0.4,10,B,longstring,0.8,0.5,0.5,0.0
30,0.4,10,B,longstring,0.9,0.6666666666666666,0.6666666666666666,0.0
30,0.4,10,B,longstring,1.0,1.0,1.0,0.0
30,0.4,10,B,mixed,0.1,0.0,0.3333333333333333,-0.3333333333333333
30,0.4,10,B,mixed,0.2,0.5,0.5,0.0
30,0.4,10,B,mixed,0.3,0.0,0.0,0.0
30,0.4,10,B,mixed,0.4,0.0,0.0,0.0
30,0.4,10,B,mixed,0.5,0.3333333333333333,0.0,0.3333333333333333
30,0.4,10,B,mixed,0.6,0.5,0.75,-0.25
30,0.4,10,B,mixed,0.7,0.3333333333333333,0.0,0.3333333333333333
30,0.4,10,B,mixed,0.8,0.0,0.0,0.0
30,0.4,10,B,mixed,0.9,0.6666666666666666,1.0,-0.33333333333333337
30,0.4,10,B,mixed,1.0,0.3333333333333333,0.0,0.3333333333333333
30,0.4,10,B,pure_straight,0.1,0.0,0.0,0.0
30,0.4,10,B,pure_straight,0.2,0.3333333333333333,0.0,0.3333333333333333
30,0.4,10,B,pure_straight,0.3,0.3333333333333333,0.0,0.3333333333333333
30,0.4,10,B,pure_straight,0.4,0.0,0.3333333333333333,-0.3333333333333333
30,0.4,10,B,pure_straight,0.5,0.5,0.25,0.25
30,0.4,10,B,pure_straight,0.6,0.75,1.0,-0.25
30,0.4,10,B,pure_straight,0.7,1.0,1.0,0.0
30,0.4,10,B,pure_straight,0.8,1.0,1.0,0.0
30,0.4,10,B,pure_straight,0.9,1.0,1.0,0.0
30,0.4,10,B,pure_straight,1.0,1.0,1.0,0.0
30,0.4,10,B,random,0.1,0.0,0.0,0.0
30,0.4,10,B,random,0.2,0.0,0.0,0.0
30,0.4,10,B,random,0.3,0.25,0.5,-0.25
30,0.4,10,B,random,0.4,0.3333333333333333,0.6666666666666666,-0.3333333333333333
30,0.4,10,B,random,0.5,0.0,0.0,0.0
30,0.4,10,B,random,0.6,0.3333333333333333,0.3333333333333333,0.0
30,0.4,10,B,random,0.7,0.3333333333333333,0.6666666666666666,-0.3333333333333333
30,0.4,10,B,random,0.8,1.0,0.6666666666666666,0.33333333333333337
30,0.4,10,B,random,0.9,0.0,0.3333333333333333,-0.3333333333333333
30,0.4,10,B,random,1.0,0.5,0.25,0.25
30,0.4,11,B,acquiescent,0.1,0.25,0.0,0.25
30,0.4,11,B,acquiescent,0.2,0.6666666666666666,0.6666666666666666,0.0
30,0.4,11,B,acquiescent,0.3,0.5,0.25,0.25
30,0.4,11,B,acquiescent,0.4,0.5,0.25,0.25
30,0.4,11,B,acquiescent,0.5,0.3333333333333333,0.3333333333333333,0.0
30,0.4,11,B,acquiescent,0.6,0.3333333333333333,0.6666666666666666,-0.3333333333333333
30,0.4,11,B,acquiescent,0.7,0.6666666666666666,0.6666666666666666,0.0
30,0.4,11,B,acquiescent,0.8,0.3333333333333333,0.3333333333333333,0.0
30,0.4,11,B,acquiescent,0.9,0.6666666666666666,0.6666666666666666,0.0
30,0.4,11,B,acquiescent,1.0,1.0,1.0,0.0
30,0.4,11,B,fatigue,0.1,0.0,0.0,0.0
30,0.4,11,B,fatigue,0.2,0.0,0.0,0.0
30,0.4,11,B,fatigue,0.3,0.3333333333333333,0.3333333333333333,0.0
30,0.4,11,B,fatigue,0.4,0.0,0.0,0.0
30,0.4,11,B,fatigue,0.5,0.3333333333333333,0.3333333333333333,0.0
30,0.4,11,B,fatigue,0.6,0.25,0.0,0.25
30,0.4,11,B,fatigue,0.7,0.75,0.5,0.25
30,0.4,11,B,fatigue,0.8,1.0,1.0,0.0
30,0.4,11,B,fatigue,0.9,1.0,1.0,0.0
30,0.4,11,B,fatigue,1.0,0.6666666666666666,0.6666666666666666,0.0
30,0.4,11,B,longstring,0.1,0.0,0.0,0.0
30,0.4,11,B,longstring,0.2,0.0,0.0,0.0
30,0.4,11,B,longstring,0.3,0.25,0.25,0.0
30,0.4,11,B,longstring,0.4,0.25,0.25,0.0
30,0.4,11,B,longstring,0.5,0.25,0.5,-0.25
30,0.4,11,B,longstring,0.6,0.5,0.5,0.0
30,0.4,11,B,longstring,0.7,0.6666666666666666,0.6666666666666666,0.0
30,0.4,11,B,longstring,0.8,1.0,1.0,0.0
30,0.4,11,B,longstring,0.9,0.6666666666666666,0.6666666666666666,0.0
30,0.4,11,B,longstring,1.0,1.0,0.6666666666666666,0.33333333333333337
30,0.4,11,B,mixed,0.1,0.0,0.0,0.0
30,0.4,11,B,mixed,0.2,0.0,0.0,0.0
30,0.4,11,B,mixed,0.3,0.3333333333333333,0.0,0.3333333333333333
30,0.4,11,B,mixed,0.4,0.0,0.0,0.0
30,0.4,11,B,mixed,0.5,0.0,0.6666666666666666,-0.6666666666666666
30,0.4,11,B,mixed,0.6,0.6666666666666666,0.0,0.6666666666666666
30,0.4,11,B,mixed,0.7,0.25,0.0,0.25
30,0.4,11,B,mixed,0.8,0.3333333333333333,0.3333333333333333,0.0
30,0.4,11,B,mixed,0.9,0.25,0.25,0.0
30,0.4,11,B,mixed,1.0,0.0,0.0,0.0
30,0.4,11,B,pure_straight,0.1,0.5,0.75,-0.25
30,0.4,11,B,pure_straight,0.2,0.0,0.0,0.0
30,0.4,11,B,pure_straight,0.3,0.6666666666666666,0.3333333333333333,0.3333333333333333
30,0.4,11,B,pure_straight,0.4,0.5,0.5,0.0
30,0.4,11,B,pure_straight,0.5,1.0,1.0,0.0
30,0.4,11,B,pure_straight,0.6,0.6666666666666666,0.6666666666666666,0.0
30,0.4,11,B,pure_straight,0.7,1.0,1.0,0.0
30,0.4,11,B,pure_straight,0.8,1.0,1.0,0.0
30,0.4,11,B,pure_straight,0.9,1.0,1.0,0.0
30,0.4,11,B,pure_straight,1.0,1.0,1.0,0.0
30,0.4,11,B,random,0.1,0.0,0.0,0.0
30,0.4,11,B,random,0.2,0.3333333333333333,0.3333333333333333,0.0
30,0.4,11,B,random,0.3,0.25,0.25,0.0
30,0.4,11,B,random,0.4,0.6666666666666666,0.3333333333333333,0.3333333333333333
30,0.4,11,B,random,0.5,0.3333333333333333,0.3333333333333333,0.0
30,0.4,11,B,random,0.6,0.0,0.0,0.0
30,0.4,11,B,random,0.7,0.3333333333333333,0.3333333333333333,0.0
30,0.4,11,B,random,0.8,0.5,0.5,0.0
30,0.4,11,B,random,0.9,0.25,0.25,0.0
30,0.4,11,B,random,1.0,0.0,0.0,0.0
30,0.4,12,B,acquiescent,0.1,0.0,0.0,0.0
30,0.4,12,B,acquiescent,0.2,0.0,0.25,-0.25
30,0.4,12,B,acquiescent,0.3,0.3333333333333333,0.6666666666666666,-0.3333333333333333
30,0.4,12,B,acquiescent,0.4,0.3333333333333333,0.3333333333333333,0.0
30,0.4,12,B,acquiescent,0.5,0.3333333333333333,0.3333333333333333,0.0
30,0.4,12,B,acquiescent,0.6,0.0,0.25,-0.25
30,0.4,12,B,acquiescent,0.7,1.0,1.0,0.0
30,0.4,12,B,acquiescent,0.8,0.75,0.75,0.0
30,0.4,12,B,acquiescent,0.9,1.0,1.0,0.0
30,0.4,12,B,acquiescent,1.0,1.0,1.0,0.0
30,0.4,12,B,fatigue,0.1,0.0,0.0,0.0
30,0.4,12,B,fatigue,0.2,0.0,0.0,0.0
30,0.4,12,B,fatigue,0.3,0.3333333333333333,0.3333333333333333,0.0
30,0.4,12,B,fatigue,0.4,0.0,0.3333333333333333,-0.3333333333333333
30,0.4,12,B,fatigue,0.5,0.3333333333333333,0.0,0.3333333333333333
30,0.4,12,B,fatigue,0.6,0.6666666666666666,0.6666666666666666,0.0
30,0.4,12,B,fatigue,0.7,0.5,0.75,-0.25
30,0.4,12,B,fatigue,0.8,1.0,1.0,0.0
30,0.4,12,B,fatigue,0.9,0.25,0.5,-0.25
30,0.4,12,B,fatigue,1.0,0.75,1.0,-0.25
30,0.4,12,B,longstring,0.1,0.3333333333333333,0.0,0.3333333333333333
30,0.4,12,B,longstring,0.2,0.25,0.25,0.0
30,0.4,12,B,longstring,0.3,0.25,0.25,0.0
30,0.4,12,B,longstring,0.4,0.0,0.0,0.0
30,0.4,12,B,longstring,0.5,0.6666666666666666,0.6666666666666666,0.0
30,0.4,12,B,longstring,0.6,0.0,0.0,0.0
30,0.4,12,B,longstring,0.7,0.6666666666666666,0.3333333333333333,0.3333333333333333
30,0.4,12,B,longstring,0.8,1.0,0.75,0.25
30,0.4,12,B,longstring,0.9,0.5,0.5,0.0
30,0.4,12,B,longstring,1.0,1.0,1.0,0.0
30,0.4,12,B,mixed,0.1,0.0,0.0,0.0
30,0.4,12,B,mixed,0.2,0.0,0.0,0.0
30,0.4,12,B,mixed,0.3,0.0,0.0,0.0
30,0.4,12,B,mixed,0.4,0.0,0.0,0.0
30,0.4,12,B,mixed,0.5,0.0,0.0,0.0
30,0.4,12,B,mixed,0.6,0.0,0.0,0.0
30,0.4,12,B,mixed,0.7,0.0,0.0,0.0
30,0.4,12,B,mixed,0.8,1.0,0.6666666666666666,0.33333333333333337
30,0.4,12,B,mixed,0.9,0.25,0.5,-0.25
30,0.4,12,B,mixed,1.0,0.3333333333333333,0.3333333333333333,0.0
30,0.4,12,B,pure_straight,0.1,0.0,0.0,0.0
30,0.4,12,B,pure_straight,0.2,0.3333333333333333,0.3333333333333333,0.0
30,0.4,12,B,pure_straight,0.3,0.0,0.0,0.0
30,0.4,12,B,pure_straight,0.4,0.5,0.5,0.0
30,0.4,12,B,pure_straight,0.5,1.0,1.0,0.0
30,0.4,12,B,pure_straight,0.6,1.0,1.0,0.0
30,0.4,12,B,pure_straight,0.7,1.0,1.0,0.0
30,0.4,12,B,pure_straight,0.8,1.0,1.0,0.0
30,0.4,12,B,pure_straight,0.9,1.0,1.0,0.0
30,0.4,12,B,pure_straight,1.0,1.0,1.0,0.0
30,0.4,12,B,random,0.1,0.0,0.0,0.0
30,0.4,12,B,random,0.2,0.0,0.0,0.0
30,0.4,12,B,random,0.3,0.0,0.0,0.0
30,0.4,12,B,random,0.4,0.3333333333333333,0.0,0.3333333333333333
30,0.4,12,B,random,0.5,0.0,0.0,0.0
30,0.4,12,B,random,0.6,0.6666666666666666,0.3333333333333333,0.3333333333333333
30,0.4,12,B,random,0.7,0.0,0.0,0.0
30,0.4,12,B,random,0.8,0.3333333333333333,0.0,0.3333333333333333
30,0.4,12,B,random,0.9,0.3333333333333333,0.3333333333333333,0.0
30,0.4,12,B,random,1.0,0.0,0.0,0.0
30,0.6,1,B,acquiescent,0.1,0.4,0.0,0.4
30,0.6,1,B,acquiescent,0.2,0.8,0.8,0.0
30,0.6,1,B,acquiescent,0.3,0.4,0.0,0.4
30,0.6,1,B,acquiescent,0.4,0.4,0.6,-0.19999999999999996
30,0.6,1,B,acquiescent,0.5,0.4,0.4,0.0
30,0.6,1,B,acquiescent,0.6,0.4,0.4,0.0
30,0.6,1,B,acquiescent,0.7,0.4,0.6,-0.19999999999999996
30,0.6,1,B,acquiescent,0.8,0.8,0.8,0.0
30,0.6,1,B,acquiescent,0.9,1.0,1.0,0.0
30,0.6,1,B,acquiescent,1.0,1.0,1.0,0.0
30,0.6,1,B,fatigue,0.1,0.0,0.0,0.0
30,0.6,1,B,fatigue,0.2,0.4,0.4,0.0
30,0.6,1,B,fatigue,0.3,0.2,0.4,-0.2
30,0.6,1,B,fatigue,0.4,0.4,0.2,0.2
30,0.6,1,B,fatigue,0.5,0.4,0.4,0.0
30,0.6,1,B,fatigue,0.6,0.4,0.2,0.2
30,0.6,1,B,fatigue,0.7,1.0,1.0,0.0
30,0.6,1,B,fatigue,0.8,0.6,0.8,-0.20000000000000007
30,0.6,1,B,fatigue,0.9,0.4,0.2,0.2
30,0.6,1,B,fatigue,1.0,0.8,0.8,0.0
30,0.6,1,B,longstring,0.1,0.2,0.4,-0.2
30,0.6,1,B,longstring,0.2,0.4,0.4,0.0
30,0.6,1,B,longstring,0.3,0.0,0.2,-0.2
30,0.6,1,B,longstring,0.4,0.4,0.4,0.0
30,0.6,1,B,longstring,0.5,0.4,0.6,-0.19999999999999996
30,0.6,1,B,longstring,0.6,0.4,0.0,0.4
30,0.6,1,B,longstring,0.7,0.6,0.6,0.0
30,0.6,1,B,longstring,0.8,0.6,0.6,0.0
30,0.6,1,B,longstring,0.9,1.0,0.8,0.19999999999999996
30,0.6,1,B,longstring,1.0,1.0,0.8,0.19999999999999996
30,0.6,1,B,mixed,0.1,0.0,0.2,-0.2
30,0.6,1,B,mixed,0.2,0.0,0.0,0.0
30,0.6,1,B,mixed,0.3,0.2,0.2,0.0
30,0.6,1,B,mixed,0.4,0.4,0.6,-0.19999999999999996
30,0.6,1,B,mixed,0.5,0.6,0.4,0.19999999999999996
30,0.6,1,B,mixed,0.6,0.8,0.2,0.6000000000000001
30,0.6,1,B,mixed,0.7,0.6,0.6,0.0
30,0.6,1,B,mixed,0.8,0.2,0.4,-0.2
30,0.6,1,B,mixed,0.9,0.4,0.6,-0.19999999999999996
30,0.6,1,B,mixed,1.0,0.4,0.4,0.0
30,0.6,1,B,pure_straight,0.1,0.2,0.0,0.2
30,0.6,1,B,pure_straight,0.2,0.4,0.6,-0.19999999999999996
30,0.6,1,B,pure_straight,0.3,0.2,0.6,-0.39999999999999997
30,0.6,1,B,pure_straight,0.4,0.2,0.2,0.0
30,0.6,1,B,pure_straight,0.5,0.6,0.6,0.0
30,0.6,1,B,pure_straight,0.6,0.8,0.8,0.0
30,0.6,1,B,pure_straight,0.7,0.8,0.8,0.0
30,0.6,1,B,pure_straight,0.8,1.0,1.0,0.0
30,0.6,1,B,pure_straight,0.9,1.0,1.0,0.0
30,0.6,1,B,pure_straight,1.0,1.0,1.0,0.0
30,0.6,1,B,random,0.1,0.2,0.2,0.0
30,0.6,1,B,random,0.2,0.2,0.2,0.0
30,0.6,1,B,random,0.3,0.4,0.4,0.0
30,0.6,1,B,random,0.4,0.4,0.2,0.2
30,0.6,1,B,random,0.5,0.8,0.4,0.4
30,0.6,1,B,random,0.6,0.4,0.4,0.0
30,0.6,1,B,random,0.7,0.8,0.4,0.4
30,0.6,1,B,random,0.8,0.8,0.0,0.8
30,0.6,1,B,random,0.9,0.4,0.2,0.2
30,0.6,1,B,random,1.0,0.2,0.4,-0.2
30,0.6,2,B,acquiescent,0.1,0.0,0.0,0.0
30,0.6,2,B,acquiescent,0.2,0.2,0.2,0.0
30,0.6,2,B,acquiescent,0.3,0.4,0.6,-0.19999999999999996
30,0.6,2,B,acquiescent,0.4,0.8,0.6,0.20000000000000007
30,0.6,2,B,acquiescent,0.5,0.4,0.8,-0.4
30,0.6,2,B,acquiescent,0.6,0.8,0.6,0.20000000000000007
30,0.6,2,B,acquiescent,0.7,0.6,0.4,0.19999999999999996
30,0.6,2,B,acquiescent,0.8,0.8,0.8,0.0
30,0.6,2,B,acquiescent,0.9,1.0,1.0,0.0
30,0.6,2,B,acquiescent,1.0,1.0,1.0,0.0
30,0.6,2,B,fatigue,0.1,0.2,0.2,0.0
30,0.6,2,B,fatigue,0.2,0.0,0.2,-0.2
30,0.6,2,B,fatigue,0.3,0.6,0.6,0.0
30,0.6,2,B,fatigue,0.4,0.4,0.4,0.0
30,0.6,2,B,fatigue,0.5,0.6,0.6,0.0
30,0.6,2,B,fatigue,0.6,0.4,0.4,0.0
30,0.6,2,B,fatigue,0.7,1.0,0.8,0.19999999999999996
30,0.6,2,B,fatigue,0.8,0.4,0.6,-0.19999999999999996
30,0.6,2,B,fatigue,0.9,0.6,0.6,0.0
30,0.6,2,B,fatigue,1.0,0.6,0.6,0.0
30,0.6,2,B,longstring,0.1,0.6,0.6,0.0
30,0.6,2,B,longstring,0.2,0.4,0.2,0.2
30,0.6,2,B,longstring,0.3,0.2,0.0,0.2
30,0.6,2,B,longstring,0.4,0.2,0.2,0.0
30,0.6,2,B,longstring,0.5,0.4,0.4,0.0
30,0.6,2,B,longstring,0.6,0.4,0.4,0.0
30,0.6,2,B,longstring,0.7,0.8,0.6,0.20000000000000007
30,0.6,2,B,longstring,0.8,0.8,0.6,0.20000000000000007
30,0.6,2,B,longstring,0.9,0.6,0.8,-0.20000000000000007
30,0.6,2,B,longstring,1.0,0.8,0.8,0.0
30,0.6,2,B,mixed,0.1,0.2,0.4,-0.2
30,0.6,2,B,mixed,0.2,0.0,0.0,0.0
30,0.6,2,B,mixed,0.3,0.2,0.2,0.0
30,0.6,2,B,mixed,0.4,0.0,0.0,0.0
30,0.6,2,B,mixed,0.5,0.2,0.2,0.0
30,0.6,2,B,mixed,0.6,0.6,0.4,0.19999999999999996
30,0.6,2,B,mixed,0.7,0.4,0.4,0.0
30,0.6,2,B,mixed,0.8,0.4,0.2,0.2
30,0.6,2,B,mixed,0.9,0.4,0.4,0.0
30,0.6,2,B,mixed,1.0,0.6,0.6,0.0
30,0.6,2,B,pure_straight,0.1,0.6,0.4,0.19999999999999996
30,0.6,2,B,pure_straight,0.2,0.4,0.4,0.0
30,0.6,2,B,pure_straight,0.3,0.4,0.4,0.0
30,0.6,2,B,pure_straight,0.4,0.6,0.6,0.0
30,0.6,2,B,pure_straight,0.5,1.0,1.0,0.0
30,0.6,2,B,pure_straight,0.6,0.8,0.8,0.0
30,0.6,2,B,pure_straight,0.7,1.0,1.0,0.0
30,0.6,2,B,pure_straight,0.8,1.0,1.0,0.0
30,0.6,2,B,pure_straight,0.9,1.0,1.0,0.0
30,0.6,2,B,pure_straight,1.0,1.0,1.0,0.0
30,0.6,2,B,random,0.1,0.0,0.0,0.0
30,0.6,2,B,random,0.2,0.2,0.2,0.0
30,0.6,2,B,random,0.3,0.4,0.2,0.2
30,0.6,2,B,random,0.4,0.2,0.0,0.2
30,0.6,2,B,random,0.5,0.4,0.4,0.0
30,0.6,2,B,random,0.6,0.4,0.4,0.0
30,0.6,2,B,random,0.7,0.6,0.4,0.19999999999999996
30,0.6,2,B,random,0.8,0.8,0.8,0.0
30,0.6,2,B,random,0.9,0.2,0.2,0.0
30,0.6,2,B,random,1.0,0.0,0.0,0.0
30,0.6,3,B,acquiescent,0.1,0.0,0.4,-0.4
30,0.6,3,B,acquiescent,0.2,0.2,0.2,0.0
30,0.6,3,B,acquiescent,0.3,0.2,0.2,0.0
30,0.6,3,B,acquiescent,0.4,1.0,0.6,0.4
30,0.6,3,B,acquiescent,0.5,0.8,0.8,0.0
30,0.6,3,B,acquiescent,0.6,0.0,0.0,0.0
30,0.6,3,B,acquiescent,0.7,1.0,1.0,0.0
30,0.6,3,B,acquiescent,0.8,0.8,0.6,0.20000000000000007
30,0.6,3,B,acquiescent,0.9,1.0,1.0,0.0
30,0.6,3,B,acquiescent,1.0,1.0,1.0,0.0
30,0.6,3,B,fatigue,0.1,0.2,0.2,0.0
30,0.6,3,B,fatigue,0.2,0.6,0.4,0.19999999999999996
30,0.6,3,B,fatigue,0.3,0.0,0.0,0.0
30,0.6,3,B,fatigue,0.4,0.2,0.2,0.0
30,0.6,3,B,fatigue,0.5,0.4,0.0,0.4
30,0.6,3,B,fatigue,0.6,0.6,0.6,0.0
30,0.6,3,B,fatigue,0.7,0.2,0.4,-0.2
30,0.6,3,B,fatigue,0.8,0.6,0.4,0.19999999999999996
30,0.6,3,B,fatigue,0.9,0.6,0.8,-0.20000000000000007
30,0.6,3,B,fatigue,1.0,0.6,0.6,0.0
30,0.6,3,B,longstring,0.1,0.4,0.2,0.2
30,0.6,3,B,longstring,0.2,0.4,0.4,0.0
30,0.6,3,B,longstring,0.3,0.4,0.4,0.0
30,0.6,3,B,longstring,0.4,0.6,0.2,0.39999999999999997
30,0.6,3,B,longstring,0.5,0.4,0.8,-0.4
30,0.6,3,B,longstring,0.6,0.4,0.0,0.4
30,0.6,3,B,longstring,0.7,1.0,1.0,0.0
30,0.6,3,B,longstring,0.8,1.0,1.0,0.0
30,0.6,3,B,longstring,0.9,0.8,0.8,0.0
30,0.6,3,B,longstring,1.0,0.8,0.8,0.0
30,0.6,3,B,mixed,0.1,0.2,0.2,0.0
30,0.6,3,B,mixed,0.2,0.2,0.2,0.0
30,0.6,3,B,mixed,0.3,0.2,0.2,0.0
30,0.6,3,B,mixed,0.4,0.2,0.2,0.0
30,0.6,3,B,mixed,0.5,0.6,0.8,-0.20000000000000007
30,0.6,3,B,mixed,0.6,0.6,0.6,0.0
30,0.6,3,B,mixed,0.7,0.2,0.4,-0.2
30,0.6,3,B,mixed,0.8,0.0,0.0,0.0
30,0.6,3,B,mixed,0.9,0.4,0.4,0.0
30,0.6,3,B,mixed,1.0,0.2,0.2,0.0
30,0.6,3,B,pure_straight,0.1,0.2,0.4,-0.2
30,0.6,3,B,pure_straight,0.2,0.2,0.2,0.0
30,0.6,3,B,pure_straight,0.3,0.6,0.4,0.19999999999999996
30,0.6,3,B,pure_straight,0.4,0.6,0.6,0.0
30,0.6,3,B,pure_straight,0.5,0.4,0.8,-0.4
30,0.6,3,B,pure_straight,0.6,0.6,0.8,-0.20000000000000007
30,0.6,3,B,pure_straight,0.7,1.0,1.0,0.0
30,0.6,3,B,pure_straight,0.8,1.0,1.0,0.0
30,0.6,3,B,pure_straight,0.9,1.0,1.0,0.0
30,0.6,3,B,pure_straight,1.0,1.0,1.0,0.0
30,0.6,3,B,random,0.1,0.2,0.2,0.0
30,0.6,3,B,random,0.2,0.0,0.0,0.0
30,0.6,3,B,random,0.3,0.4,0.4,0.0
30,0.6,3,B,random,0.4,0.4,0.6,-0.19999999999999996
30,0.6,3,B,random,0.5,0.6,0.2,0.39999999999999997
30,0.6,3,B,random,0.6,0.2,0.0,0.2
30,0.6,3,B,random,0.7,0.6,1.0,-0.4
30,0.6,3,B,random,0.8,0.2,0.2,0.0
30,0.6,3,B,random,0.9,0.8,0.4,0.4
30,0.6,3,B,random,1.0,0.2,0.4,-0.2
30,0.6,4,B,acquiescent,0.1,0.2,0.2,0.0
30,0.6,4,B,acquiescent,0.2,0.4,0.0,0.4
30,0.6,4,B,acquiescent,0.3,0.4,0.2,0.2
30,0.6,4,B,acquiescent,0.4,0.6,0.6,0.0
30,0.6,4,B,acquiescent,0.5,0.6,0.6,0.0
30,0.6,4,B,acquiescent,0.6,1.0,0.6,0.4
30,0.6,4,B,acquiescent,0.7,0.6,0.8,-0.20000000000000007
30,0.6,4,B,acquiescent,0.8,1.0,1.0,0.0
30,0.6,4,B,acquiescent,0.9,1.0,1.0,0.0
30,0.6,4,B,acquiescent,1.0,1.0,1.0,0.0
30,0.6,4,B,fatigue,0.1,0.4,0.4,0.0
30,0.6,4,B,fatigue,0.2,0.0,0.0,0.0
30,0.6,4,B,fatigue,0.3,0.0,0.0,0.0
30,0.6,4,B,fatigue,0.4,0.6,0.6,0.0
30,0.6,4,B,fatigue,0.5,0.4,0.4,0.0
30,0.6,4,B,fatigue,0.6,0.6,0.8,-0.20000000000000007
30,0.6,4,B,fatigue,0.7,0.6,0.6,0.0
30,0.6,4,B,fatigue,0.8,0.6,0.6,0.0
30,0.6,4,B,fatigue,0.9,1.0,1.0,0.0
30,0.6,4,B,fatigue,1.0,0.8,0.8,0.0
30,0.6,4,B,longstring,0.1,0.0,0.0,0.0
30,0.6,4,B,longstring,0.2,0.0,0.4,-0.4
30,0.6,4,B,longstring,0.3,0.4,0.6,-0.19999999999999996
30,0.6,4,B,longstring,0.4,0.0,0.0,0.0
30,0.6,4,B,longstring,0.5,0.8,0.8,0.0
30,0.6,4,B,longstring,0.6,0.6,0.6,0.0
30,0.6,4,B,longstring,0.7,0.4,0.4,0.0
30,0.6,4,B,longstring,0.8,0.8,0.8,0.0
30,0.6,4,B,longstring,0.9,0.8,0.4,0.4
30,0.6,4,B,longstring,1.0,0.8,0.8,0.0
30,0.6,4,B,mixed,0.1,0.2,0.0,0.2
30,0.6,4,B,mixed,0.2,0.0,0.2,-0.2
30,0.6,4,B,mixed,0.3,0.2,0.6,-0.39999999999999997
30,0.6,4,B,mixed,0.4,0.2,0.4,-0.2
30,0.6,4,B,mixed,0.5,0.4,0.4,0.0
30,0.6,4,B,mixed,0.6,0.4,0.4,0.0
30,0.6,4,B,mixed,0.7,0.4,0.4,0.0
30,0.6,4,B,mixed,0.8,1.0,0.8,0.19999999999999996
30,0.6,4,B,mixed,0.9,0.0,0.2,-0.2
30,0.6,4,B,mixed,1.0,0.4,0.4,0.0
30,0.6,4,B,pure_straight,0.1,0.2,0.4,-0.2
30,0.6,4,B,pure_straight,0.2,0.0,0.0,0.0
30,0.6,4,B,pure_straight,0.3,0.6,0.6,0.0
30,0.6,4,B,pure_straight,0.4,0.6,0.6,0.0
30,0.6,4,B,pure_straight,0.5,1.0,0.8,0.19999999999999996
30,0.6,4,B,pure_straight,0.6,1.0,0.6,0.4
30,0.6,4,B,pure_straight,0.7,0.8,0.8,0.0
30,0.6,4,B,pure_straight,0.8,1.0,1.0,0.0
30,0.6,4,B,pure_straight,0.9,1.0,1.0,0.0
30,0.6,4,B,pure_straight,1.0,1.0,1.0,0.0
30,0.6,4,B,random,0.1,0.2,0.4,-0.2
30,0.6,4,B,random,0.2,0.2,0.2,0.0
30,0.6,4,B,random,0.3,0.6,0.2,0.39999999999999997
30,0.6,4,B,random,0.4,0.0,0.0,0.0
30,0.6,4,B,random,0.5,0.2,0.0,0.2
30,0.6,4,B,random,0.6,0.2,0.0,0.2
30,0.6,4,B,random,0.7,0.2,0.2,0.0
30,0.6,4,B,random,0.8,0.4,0.6,-0.19999999999999996
30,0.6,4,B,random,0.9,0.2,0.2,0.0
30,0.6,4,B,random,1.0,0.2,0.0,0.2
30,0.6,5,B,acquiescent,0.1,0.4,0.6,-0.19999999999999996
30,0.6,5,B,acquiescent,0.2,0.4,0.2,0.2
30,0.6,5,B,acquiescent,0.3,0.4,0.4,0.0
30,0.6,5,B,acquiescent,0.4,0.8,0.8,0.0
30,0.6,5,B,acquiescent,0.5,0.6,0.4,0.19999999999999996
30,0.6,5,B,acquiescent,0.6,0.6,0.6,0.0
30,0.6,5,B,acquiescent,0.7,0.8,0.6,0.20000000000000007
30,0.6,5,B,acquiescent,0.8,0.8,0.6,0.20000000000000007
30,0.6,5,B,acquiescent,0.9,1.0,1.0,0.0
30,0.6,5,B,acquiescent,1.0,1.0,1.0,0.0
30,0.6,5,B,fatigue,0.1,0.0,0.2,-0.2
30,0.6,5,B,fatigue,0.2,0.2,0.6,-0.39999999999999997
30,0.6,5,B,fatigue,0.3,0.0,0.4,-0.4
30,0.6,5,B,fatigue,0.4,0.4,0.8,-0.4
30,0.6,5,B,fatigue,0.5,0.4,0.6,-0.19999999999999996
30,0.6,5,B,fatigue,0.6,0.4,0.6,-0.19999999999999996
30,0.6,5,B,fatigue,0.7,0.4,0.4,0.0
30,0.6,5,B,fatigue,0.8,0.4,0.2,0.2
30,0.6,5,B,fatigue,0.9,0.4,0.2,0.2
30,0.6,5,B,fatigue,1.0,0.6,0.8,-0.20000000000000007
30,0.6,5,B,longstring,0.1,0.2,0.4,-0.2
30,0.6,5,B,longstring,0.2,0.2,0.0,0.2
30,0.6,5,B,longstring,0.3,0.2,0.2,0.0
30,0.6,5,B,longstring,0.4,0.0,0.2,-0.2
30,0.6,5,B,longstring,0.5,0.6,0.4,0.19999999999999996
30,0.6,5,B,longstring,0.6,0.8,0.6,0.20000000000000007
30,0.6,5,B,longstring,0.7,1.0,0.6,0.4
30,0.6,5,B,longstring,0.8,0.4,0.6,-0.19999999999999996
30,0.6,5,B,longstring,0.9,0.6,0.4,0.19999999999999996
30,0.6,5,B,longstring,1.0,0.6,0.6,0.0
30,0.6,5,B,mixed,0.1,0.0,0.2,-0.2
30,0.6,5,B,mixed,0.2,0.4,0.6,-0.19999999999999996
30,0.6,5,B,mixed,0.3,0.0,0.0,0.0
30,0.6,5,B,mixed,0.4,0.2,0.4,-0.2
30,0.6,5,B,mixed,0.5,0.0,0.2,-0.2
30,0.6,5,B,mixed,0.6,0.2,0.0,0.2
30,0.6,5,B,mixed,0.7,0.6,0.2,0.39999999999999997
30,0.6,5,B,mixed,0.8,0.4,0.0,0.4
30,0.6,5,B,mixed,0.9,0.6,0.4,0.19999999999999996
30,0.6,5,B,mixed,1.0,0.2,0.2,0.0
30,0.6,5,B,pure_straight,0.1,0.0,0.0,0.0
30,0.6,5,B,pure_straight,0.2,0.6,0.6,0.0
30,0.6,5,B,pure_straight,0.3,0.6,0.6,0.0
30,0.6,5,B,pure_straight,0.4,0.4,0.4,0.0
30,0.6,5,B,pure_straight,0.5,1.0,0.8,0.19999999999999996
30,0.6,5,B,pure_straight,0.6,1.0,1.0,0.0
30,0.6,5,B,pure_straight,0.7,1.0,1.0,0.0
30,0.6,5,B,pure_straight,0.8,1.0,1.0,0.0
30,0.6,5,B,pure_straight,0.9,1.0,1.0,0.0
30,0.6,5,B,pure_straight,1.0,1.0,1.0,0.0
30,0.6,5,B,random,0.1,0.0,0.2,-0.2
30,0.6,5,B,random,0.2,0.4,0.4,0.0
30,0.6,5,B,random,0.3,0.2,0.2,0.0
30,0.6,5,B,random,0.4,0.6,0.4,0.19999999999999996
30,0.6,5,B,random,0.5,0.4,0.4,0.0
30,0.6,5,B,random,0.6,0.6,0.6,0.0
30,0.6,5,B,random,0.7,0.6,0.8,-0.20000000000000007
30,0.6,5,B,random,0.8,0.4,0.6,-0.19999999999999996
30,0.6,5,B,random,0.9,0.4,0.4,0.0
30,0.6,5,B,random,1.0,0.4,0.6,-0.19999999999999996
30,0.6,6,B,acquiescent,0.1,0.2,0.0,0.2
30,0.6,6,B,acquiescent,0.2,0.2,0.4,-0.2
30,0.6,6,B,acquiescent,0.3,0.4,0.4,0.0
30,0.6,6,B,acquiescent,0.4,0.4,0.6,-0.19999999999999996
30,0.6,6,B,acquiescent,0.5,0.6,0.6,0.0
30,0.6,6,B,acquiescent,0.6,0.4,0.4,0.0
30,0.6,6,B,acquiescent,0.7,0.8,0.6,0.20000000000000007
30,0.6,6,B,acquiescent,0.8,0.8,0.8,0.0
30,0.6,6,B,acquiescent,0.9,1.0,1.0,0.0
30,0.6,6,B,acquiescent,1.0,1.0,1.0,0.0
30,0.6,6,B,fatigue,0.1,0.4,0.2,0.2
30,0.6,6,B,fatigue,0.2,0.4,0.4,0.0
30,0.6,6,B,fatigue,0.3,0.6,0.6,0.0
30,0.6,6,B,fatigue,0.4,0.4,0.0,0.4
30,0.6,6,B,fatigue,0.5,0.2,0.2,0.0
30,0.6,6,B,fatigue,0.6,0.6,0.6,0.0
30,0.6,6,B,fatigue,0.7,0.6,0.6,0.0
30,0.6,6,B,fatigue,0.8,0.4,0.4,0.0
30,0.6,6,B,fatigue,0.9,1.0,0.8,0.19999999999999996
30,0.6,6,B,fatigue,1.0,1.0,1.0,0.0
30,0.6,6,B,longstring,0.1,0.0,0.0,0.0
30,0.6,6,B,longstring,0.2,0.2,0.0,0.2
30,0.6,6,B,longstring,0.3,0.6,0.6,0.0
30,0.6,6,B,longstring,0.4,0.8,0.8,0.0
30,0.6,6,B,longstring,0.5,0.6,0.4,0.19999999999999996
30,0.6,6,B,longstring,0.6,0.2,0.2,0.0
30,0.6,6,B,longstring,0.7,1.0,0.6,0.4
30,0.6,6,B,longstring,0.8,0.6,0.8,-0.20000000000000007
30,0.6,6,B,longstring,0.9,0.6,0.8,-0.20000000000000007
30,0.6,6,B,longstring,1.0,0.6,0.8,-0.20000000000000007
30,0.6,6,B,mixed,0.1,0.2,0.4,-0.2
30,0.6,6,B,mixed,0.2,0.2,0.2,0.0
30,0.6,6,B,mixed,0.3,0.4,0.6,-0.19999999999999996
30,0.6,6,B,mixed,0.4,0.2,0.2,0.0
30,0.6,6,B,mixed,0.5,0.0,0.0,0.0
30,0.6,6,B,mixed,0.6,0.8,0.8,0.0
30,0.6,6,B,mixed,0.7,0.6,0.4,0.19999999999999996
30,0.6,6,B,mixed,0.8,0.4,0.4,0.0
30,0.6,6,B,mixed,0.9,0.6,0.8,-0.20000000000000007
30,0.6,6,B,mixed,1.0,0.2,0.6,-0.39999999999999997
30,0.6,6,B,pure_straight,0.1,0.4,0.4,0.0
30,0.6,6,B,pure_straight,0.2,0.2,0.0,0.2
30,0.6,6,B,pure_straight,0.3,0.4,0.4,0.0
30,0.6,6,B,pure_straight,0.4,0.6,0.4,0.19999999999999996
30,0.6,6,B,pure_straight,0.5,0.6,0.4,0.19999999999999996
30,0.6,6,B,pure_straight,0.6,0.6,0.2,0.39999999999999997
30,0.6,6,B,pure_straight,0.7,1.0,1.0,0.0
30,0.6,6,B,pure_straight,0.8,1.0,1.0,0.0
30,0.6,6,B,pure_straight,0.9,1.0,1.0,0.0
30,0.6,6,B,pure_straight,1.0,1.0,1.0,0.0
30,0.6,6,B,random,0.1,0.0,0.2,-0.2
30,0.6,6,B,random,0.2,0.2,0.4,-0.2
30,0.6,6,B,random,0.3,0.2,0.4,-0.2
30,0.6,6,B,random,0.4,0.6,0.6,0.0
30,0.6,6,B,random,0.5,0.2,0.2,0.0
30,0.6,6,B,random,0.6,0.6,0.6,0.0
30,0.6,6,B,random,0.7,0.4,0.2,0.2
30,0.6,6,B,random,0.8,0.8,0.4,0.4
30,0.6,6,B,random,0.9,0.6,0.6,0.0
30,0.6,6,B,random,1.0,0.8,0.6,0.20000000000000007
30,0.6,7,B,acquiescent,0.1,0.4,0.4,0.0
30,0.6,7,B,acquiescent,0.2,0.4,0.4,0.0
30,0.6,7,B,acquiescent,0.3,0.2,0.0,0.2
30,0.6,7,B,acquiescent,0.4,0.6,0.4,0.19999999999999996
30,0.6,7,B,acquiescent,0.5,0.6,0.6,0.0
30,0.6,7,B,acquiescent,0.6,0.4,0.4,0.0
30,0.6,7,B,acquiescent,0.7,1.0,0.8,0.19999999999999996
30,0.6,7,B,acquiescent,0.8,1.0,1.0,0.0
30,0.6,7,B,acquiescent,0.9,1.0,1.0,0.0
30,0.6,7,B,acquiescent,1.0,1.0,1.0,0.0
30,0.6,7,B,fatigue,0.1,0.2,0.2,0.0
30,0.6,7,B,fatigue,0.2,0.4,0.8,-0.4
30,0.6,7,B,fatigue,0.3,0.4,0.4,0.0
30,0.6,7,B,fatigue,0.4,0.2,0.4,-0.2
30,0.6,7,B,fatigue,0.5,0.0,0.0,0.0
30,0.6,7,B,fatigue,0.6,0.6,0.4,0.19999999999999996
30,0.6,7,B,fatigue,0.7,0.6,0.6,0.0
30,0.6,7,B,fatigue,0.8,0.6,0.4,0.19999999999999996
30,0.6,7,B,fatigue,0.9,0.4,0.4,0.0
30,0.6,7,B,fatigue,1.0,0.8,0.8,0.0
30,0.6,7,B,longstring,0.1,0.2,0.2,0.0
30,0.6,7,B,longstring,0.2,0.0,0.0,0.0
30,0.6,7,B,longstring,0.3,0.2,0.2,0.0
30,0.6,7,B,longstring,0.4,0.2,0.4,-0.2
30,0.6,7,B,longstring,0.5,0.4,0.6,-0.19999999999999996
30,0.6,7,B,longstring,0.6,0.6,0.8,-0.20000000000000007
30,0.6,7,B,longstring,0.7,0.4,0.4,0.0
30,0.6,7,B,longstring,0.8,0.6,0.6,0.0
30,0.6,7,B,longstring,0.9,0.8,0.6,0.20000000000000007
30,0.6,7,B,longstring,1.0,0.8,1.0,-0.19999999999999996
30,0.6,7,B,mixed,0.1,0.2,0.0,0.2
30,0.6,7,B,mixed,0.2,0.6,0.6,0.0
30,0.6,7,B,mixed,0.3,0.2,0.6,-0.39999999999999997
30,0.6,7,B,mixed,0.4,0.0,0.0,0.0
30,0.6,7,B,mixed,0.5,0.0,0.2,-0.2
30,0.6,7,B,mixed,0.6,0.4,0.4,0.0
30,0.6,7,B,mixed,0.7,0.2,0.2,0.0
30,0.6,7,B,mixed,0.8,0.2,0.4,-0.2
30,0.6,7,B,mixed,0.9,0.6,0.4,0.19999999999999996
30,0.6,7,B,mixed,1.0,0.2,0.2,0.0
30,0.6,7,B,pure_straight,0.1,0.4,0.4,0.0
30,0.6,7,B,pure_straight,0.2,0.0,0.0,0.0
30,0.6,7,B,pure_straight,0.3,0.6,0.8,-0.20000000000000007
30,0.6,7,B,pure_straight,0.4,0.8,0.2,0.6000000000000001
30,0.6,7,B,pure_straight,0.5,0.8,0.8,0.0
30,0.6,7,B,pure_straight,0.6,1.0,1.0,0.0
30,0.6,7,B,pure_straight,0.7,1.0,1.0,0.0
30,0.6,7,B,pure_straight,0.8,1.0,1.0,0.0
30,0.6,7,B,pure_straight,0.9,1.0,1.0,0.0
30,0.6,7,B,pure_straight,1.0,1.0,1.0,0.0
30,0.6,7,B,random,0.1,0.0,0.2,-0.2
30,0.6,7,B,random,0.2,0.2,0.2,0.0
30,0.6,7,B,random,0.3,0.6,0.2,0.39999999999999997
30,0.6,7,B,random,0.4,0.2,0.2,0.0
30,0.6,7,B,random,0.5,0.4,0.4,0.0
30,0.6,7,B,random,0.6,0.2,0.0,0.2
30,0.6,7,B,random,0.7,0.6,0.2,0.39999999999999997
30,0.6,7,B,random,0.8,0.6,0.4,0.19999999999999996
30,0.6,7,B,random,0.9,0.4,0.4,0.0
30,0.6,7,B,random,1.0,0.4,0.0,0.4
30,0.6,8,B,acquiescent,0.1,0.0,0.4,-0.4
30,0.6,8,B,acquiescent,0.2,0.2,0.6,-0.39999999999999997
30,0.6,8,B,acquiescent,0.3,0.2,0.2,0.0
30,0.6,8,B,acquiescent,0.4,0.6,0.4,0.19999999999999996
30,0.6,8,B,acquiescent,0.5,0.4,1.0,-0.6
30,0.6,8,B,acquiescent,0.6,0.8,0.8,0.0
30,0.6,8,B,acquiescent,0.7,1.0,1.0,0.0
30,0.6,8,B,acquiescent,0.8,0.8,0.8,0.0
30,0.6,8,B,acquiescent,0.9,0.8,0.8,0.0
30,0.6,8,B,acquiescent,1.0,1.0,1.0,0.0
30,0.6,8,B,fatigue,0.1,0.2,0.2,0.0
30,0.6,8,B,fatigue,0.2,0.4,0.2,0.2
30,0.6,8,B,fatigue,0.3,0.2,0.2,0.0
30,0.6,8,B,fatigue,0.4,0.2,0.4,-0.2
30,0.6,8,B,fatigue,0.5,0.0,0.2,-0.2
30,0.6,8,B,fatigue,0.6,0.4,0.6,-0.19999999999999996
30,0.6,8,B,fatigue,0.7,0.6,0.6,0.0
30,0.6,8,B,fatigue,0.8,0.6,0.6,0.0
30,0.6,8,B,fatigue,0.9,1.0,1.0,0.0
30,0.6,8,B,fatigue,1.0,0.8,1.0,-0.19999999999999996
30,0.6,8,B,longstring,0.1,0.2,0.0,0.2
30,0.6,8,B,longstring,0.2,0.4,0.4,0.0
30,0.6,8,B,longstring,0.3,0.0,0.2,-0.2
30,0.6,8,B,longstring,0.4,0.8,0.2,0.6000000000000001
30,0.6,8,B,longstring,0.5,0.6,0.6,0.0
30,0.6,8,B,longstring,0.6,0.4,0.2,0.2
30,0.6,8,B,longstring,0.7,0.8,0.6,0.20000000000000007
30,0.6,8,B,longstring,0.8,0.8,0.8,0.0
30,0.6,8,B,longstring,0.9,1.0,0.8,0.19999999999999996
30,0.6,8,B,longstring,1.0,0.6,1.0,-0.4
30,0.6,8,B,mixed,0.1,0.4,0.0,0.4
30,0.6,8,B,mixed,0.2,0.2,0.0,0.2
30,0.6,8,B,mixed,0.3,0.0,0.0,0.0
30,0.6,8,B,mixed,0.4,0.2,0.4,-0.2
30,0.6,8,B,mixed,0.5,0.4,0.4,0.0
30,0.6,8,B,mixed,0.6,0.8,0.8,0.0
30,0.6,8,B,mixed,0.7,0.8,0.6,0.20000000000000007
30,0.6,8,B,mixed,0.8,0.4,0.2,0.2
30,0.6,8,B,mixed,0.9,0.0,0.2,-0.2
30,0.6,8,B,mixed,1.0,0.8,0.4,0.4
30,0.6,8,B,pure_straight,0.1,0.6,0.4,0.19999999999999996
30,0.6,8,B,pure_straight,0.2,0.2,0.2,0.0
30,0.6,8,B,pure_straight,0.3,0.4,0.2,0.2
30,0.6,8,B,pure_straight,0.4,0.4,0.4,0.0
30,0.6,8,B,pure_straight,0.5,0.4,0.6,-0.19999999999999996
30,0.6,8,B,pure_straight,0.6,1.0,1.0,0.0
30,0.6,8,B,pure_straight,0.7,1.0,1.0,0.0
30,0.6,8,B,pure_straight,0.8,1.0,1.0,0.0
30,0.6,8,B,pure_straight,0.9,1.0,1.0,0.0
30,0.6,8,B,pure_straight,1.0,1.0,1.0,0.0
30,0.6,8,B,random,0.1,0.0,0.0,0.0
30,0.6,8,B,random,0.2,0.0,0.0,0.0
30,0.6,8,B,random,0.3,0.0,0.0,0.0
30,0.6,8,B,random,0.4,0.4,0.6,-0.19999999999999996
30,0.6,8,B,random,0.5,0.8,0.6,0.20000000000000007
30,0.6,8,B,random,0.6,0.2,0.4,-0.2
30,0.6,8,B,random,0.7,0.0,0.0,0.0
30,0.6,8,B,random,0.8,0.0,0.0,0.0
30,0.6,8,B,random,0.9,0.4,0.4,0.0
30,0.6,8,B,random,1.0,0.4,0.4,0.0
30,0.6,9,B,acquiescent,0.1,0.0,0.0,0.0
30,0.6,9,B,acquiescent,0.2,0.4,0.2,0.2
30,0.6,9,B,acquiescent,0.3,0.0,0.2,-0.2
30,0.6,9,B,acquiescent,0.4,0.6,0.6,0.0
30,0.6,9,B,acquiescent,0.5,0.6,0.6,0.0
30,0.6,9,B,acquiescent,0.6,0.6,0.4,0.19999999999999996
30,0.6,9,B,acquiescent,0.7,1.0,0.8,0.19999999999999996
30,0.6,9,B,acquiescent,0.8,1.0,0.8,0.19999999999999996
30,0.6,9,B,acquiescent,0.9,1.0,1.0,0.0
30,0.6,9,B,acquiescent,1.0,1.0,1.0,0.0
30,0.6,9,B,fatigue,0.1,0.0,0.2,-0.2
30,0.6,9,B,fatigue,0.2,0.0,0.2,-0.2
30,0.6,9,B,fatigue,0.3,0.2,0.2,0.0
30,0.6,9,B,fatigue,0.4,0.2,0.2,0.0
30,0.6,9,B,fatigue,0.5,0.2,0.2,0.0
30,0.6,9,B,fatigue,0.6,0.2,0.6,-0.39999999999999997
30,0.6,9,B,fatigue,0.7,0.6,0.6,0.0
30,0.6,9,B,fatigue,0.8,0.6,0.6,0.0
30,0.6,9,B,fatigue,0.9,0.8,0.6,0.20000000000000007
30,0.6,9,B,fatigue,1.0,0.8,1.0,-0.19999999999999996
30,0.6,9,B,longstring,0.1,0.8,0.8,0.0
30,0.6,9,B,longstring,0.2,0.2,0.2,0.0
30,0.6,9,B,longstring,0.3,0.0,0.0,0.0
30,0.6,9,B,longstring,0.4,0.6,0.6,0.0
30,0.6,9,B,longstring,0.5,1.0,0.6,0.4
30,0.6,9,B,longstring,0.6,0.2,0.2,0.0
30,0.6,9,B,longstring,0.7,1.0,0.8,0.19999999999999996
30,0.6,9,B,longstring,0.8,0.4,0.4,0.0
30,0.6,9,B,longstring,0.9,0.8,0.8,0.0
30,0.6,9,B,longstring,1.0,0.8,0.8,0.0
30,0.6,9,B,mixed,0.1,0.2,0.4,-0.2
30,0.6,9,B,mixed,0.2,0.6,0.4,0.19999999999999996
30,0.6,9,B,mixed,0.3,0.0,0.0,0.0
30,0.6,9,B,mixed,0.4,0.2,0.2,0.0
30,0.6,9,B,mixed,0.5,0.6,0.6,0.0
30,0.6,9,B,mixed,0.6,0.2,0.2,0.0
30,0.6,9,B,mixed,0.7,0.4,0.2,0.2
30,0.6,9,B,mixed,0.8,0.2,0.2,0.0
30,0.6,9,B,mixed,0.9,0.6,0.8,-0.20000000000000007
30,0.6,9,B,mixed,1.0,0.6,0.4,0.19999999999999996
30,0.6,9,B,pure_straight,0.1,0.4,0.2,0.2
30,0.6,9,B,pure_straight,0.2,0.2,0.4,-0.2
30,0.6,9,B,pure_straight,0.3,0.0,0.0,0.0
30,0.6,9,B,pure_straight,0.4,0.8,0.8,0.0
30,0.6,9,B,pure_straight,0.5,0.8,0.6,0.20000000000000007
30,0.6,9,B,pure_straight,0.6,0.6,0.6,0.0
30,0.6,9,B,pure_straight,0.7,1.0,1.0,0.0
30,0.6,9,B,pure_straight,0.8,1.0,1.0,0.0
30,0.6,9,B,pure_straight,0.9,1.0,1.0,0.0
30,0.6,9,B,pure_straight,1.0,1.0,1.0,0.0
30,0.6,9,B,random,0.1,0.4,0.2,0.2
30,0.6,9,B,random,0.2,0.2,0.4,-0.2
30,0.6,9,B,random,0.3,0.4,0.2,0.2
30,0.6,9,B,random,0.4,0.4,0.4,0.0
30,0.6,9,B,random,0.5,0.4,0.6,-0.19999999999999996
30,0.6,9,B,random,0.6,0.2,0.2,0.0
30,0.6,9,B,random,0.7,0.4,0.0,0.4
30,0.6,9,B,random,0.8,0.6,0.4,0.19999999999999996
30,0.6,9,B,random,0.9,0.2,0.0,0.2
30,0.6,9,B,random,1.0,0.6,0.6,0.0
30,0.6,10,B,acquiescent,0.1,0.2,0.6,-0.39999999999999997
30,0.6,10,B,acquiescent,0.2,0.0,0.0,0.0
30,0.6,10,B,acquiescent,0.3,0.4,0.4,0.0
30,0.6,10,B,acquiescent,0.4,0.2,0.6,-0.39999999999999997
30,0.6,10,B,acquiescent,0.5,0.4,0.2,0.2
30,0.6,10,B,acquiescent,0.6,0.8,0.8,0.0
30,0.6,10,B,acquiescent,0.7,0.8,1.0,-0.19999999999999996
30,0.6,10,B,acquiescent,0.8,0.8,0.8,0.0
30,0.6,10,B,acquiescent,0.9,1.0,1.0,0.0
30,0.6,10,B,acquiescent,1.0,1.0,1.0,0.0
30,0.6,10,B,fatigue,0.1,0.2,0.2,0.0
30,0.6,10,B,fatigue,0.2,0.2,0.0,0.2
30,0.6,10,B,fatigue,0.3,0.2,0.4,-0.2
30,0.6,10,B,fatigue,0.4,0.4,0.4,0.0
30,0.6,10,B,fatigue,0.5,0.2,0.4,-0.2
30,0.6,10,B,fatigue,0.6,0.2,0.4,-0.2
30,0.6,10,B,fatigue,0.7,1.0,0.8,0.19999999999999996
30,0.6,10,B,fatigue,0.8,0.6,0.6,0.0
30,0.6,10,B,fatigue,0.9,0.6,0.8,-0.20000000000000007
30,0.6,10,B,fatigue,1.0,1.0,1.0,0.0
30,0.6,10,B,longstring,0.1,0.0,0.0,0.0
30,0.6,10,B,longstring,0.2,0.2,0.0,0.2
30,0.6,10,B,longstring,0.3,0.0,0.0,0.0
30,0.6,10,B,longstring,0.4,0.6,0.6,0.0
30,0.6,10,B,longstring,0.5,0.0,0.2,-0.2
30,0.6,10,B,longstring,0.6,0.2,0.2,0.0
30,0.6,10,B,longstring,0.7,0.2,0.2,0.0
30,0.6,10,B,longstring,0.8,1.0,0.8,0.19999999999999996
30,0.6,10,B,longstring,0.9,0.8,1.0,-0.19999999999999996
30,0.6,10,B,longstring,1.0,1.0,0.8,0.19999999999999996
30,0.6,10,B,mixed,0.1,0.2,0.6,-0.39999999999999997
30,0.6,10,B,mixed,0.2,0.0,0.0,0.0
30,0.6,10,B,mixed,0.3,0.2,0.2,0.0
30,0.6,10,B,mixed,0.4,0.0,0.0,0.0
30,0.6,10,B,mixed,0.5,0.8,0.6,0.20000000000000007
30,0.6,10,B,mixed,0.6,0.6,0.2,0.39999999999999997
30,0.6,10,B,mixed,0.7,0.6,0.4,0.19999999999999996
30,0.6,10,B,mixed,0.8,0.4,0.2,0.2
30,0.6,10,B,mixed,0.9,0.2,0.6,-0.39999999999999997
30,0.6,10,B,mixed,1.0,0.4,0.4,0.0
30,0.6,10,B,pure_straight,0.1,0.0,0.0,0.0
30,0.6,10,B,pure_straight,0.2,0.2,0.2,0.0
30,0.6,10,B,pure_straight,0.3,0.4,0.4,0.0
30,0.6,10,B,pure_straight,0.4,0.4,0.4,0.0
30,0.6,10,B,pure_straight,0.5,0.8,0.8,0.0
30,0.6,10,B,pure_straight,0.6,1.0,1.0,0.0
30,0.6,10,B,pure_straight,0.7,0.8,1.0,-0.19999999999999996
30,0.6,10,B,pure_straight,0.8,1.0,1.0,0.0
30,0.6,10,B,pure_straight,0.9,1.0,1.0,0.0
30,0.6,10,B,pure_straight,1.0,1.0,1.0,0.0
30,0.6,10,B,random,0.1,0.6,0.6,0.0
30,0.6,10,B,random,0.2,0.0,0.2,-0.2
30,0.6,10,B,random,0.3,0.6,0.4,0.19999999999999996
30,0.6,10,B,random,0.4,0.2,0.2,0.0
30,0.6,10,B,random,0.5,0.4,0.6,-0.19999999999999996
30,0.6,10,B,random,0.6,0.6,0.6,0.0
30,0.6,10,B,random,0.7,0.0,0.2,-0.2
30,0.6,10,B,random,0.8,0.6,0.4,0.19999999999999996
30,0.6,10,B,random,0.9,0.4,0.4,0.0
30,0.6,10,B,random,1.0,0.6,0.2,0.39999999999999997
30,0.6,11,B,acquiescent,0.1,0.2,0.2,0.0
30,0.6,11,B,acquiescent,0.2,0.4,0.4,0.0
30,0.6,11,B,acquiescent,0.3,0.6,0.6,0.0
30,0.6,11,B,acquiescent,0.4,0.6,0.6,0.0
30,0.6,11,B,acquiescent,0.5,1.0,0.8,0.19999999999999996
30,0.6,11,B,acquiescent,0.6,0.2,0.4,-0.2
30,0.6,11,B,acquiescent,0.7,0.6,0.8,-0.20000000000000007
30,0.6,11,B,acquiescent,0.8,1.0,1.0,0.0
30,0.6,11,B,acquiescent,0.9,1.0,1.0,0.0
30,0.6,11,B,acquiescent,1.0,1.0,1.0,0.0
30,0.6,11,B,fatigue,0.1,0.2,0.2,0.0
30,0.6,11,B,fatigue,0.2,0.2,0.2,0.0
30,0.6,11,B,fatigue,0.3,0.2,0.0,0.2
30,0.6,11,B,fatigue,0.4,0.0,0.0,0.0
30,0.6,11,B,fatigue,0.5,0.2,0.4,-0.2
30,0.6,11,B,fatigue,0.6,0.2,0.2,0.0
30,0.6,11,B,fatigue,0.7,1.0,1.0,0.0
30,0.6,11,B,fatigue,0.8,0.6,0.6,0.0
30,0.6,11,B,fatigue,0.9,0.4,0.8,-0.4
30,0.6,11,B,fatigue,1.0,0.8,0.8,0.0
30,0.6,11,B,longstring,0.1,0.6,0.2,0.39999999999999997
30,0.6,11,B,longstring,0.2,0.4,0.4,0.0
30,0.6,11,B,longstring,0.3,0.4,0.4,0.0
30,0.6,11,B,longstring,0.4,0.2,0.2,0.0
30,0.6,11,B,longstring,0.5,0.2,0.4,-0.2
30,0.6,11,B,longstring,0.6,0.6,0.4,0.19999999999999996
30,0.6,11,B,longstring,0.7,0.8,1.0,-0.19999999999999996
30,0.6,11,B,longstring,0.8,0.4,0.6,-0.19999999999999996
30,0.6,11,B,longstring,0.9,0.2,0.6,-0.39999999999999997
30,0.6,11,B,longstring,1.0,0.8,0.6,0.20000000000000007
30,0.6,11,B,mixed,0.1,0.2,0.0,0.2
30,0.6,11,B,mixed,0.2,0.2,0.2,0.0
30,0.6,11,B,mixed,0.3,0.0,0.0,0.0
30,0.6,11,B,mixed,0.4,0.2,0.2,0.0
30,0.6,11,B,mixed,0.5,0.6,0.4,0.19999999999999996
30,0.6,11,B,mixed,0.6,0.0,0.2,-0.2
30,0.6,11,B,mixed,0.7,0.8,0.8,0.0
30,0.6,11,B,mixed,0.8,0.6,0.4,0.19999999999999996
30,0.6,11,B,mixed,0.9,0.6,0.6,0.0
30,0.6,11,B,mixed,1.0,0.8,0.8,0.0
30,0.6,11,B,pure_straight,0.1,0.2,0.2,0.0
30,0.6,11,B,pure_straight,0.2,0.2,0.0,0.2
30,0.6,11,B,pure_straight,0.3,0.2,0.4,-0.2
30,0.6,11,B,pure_straight,0.4,0.0,0.0,0.0
30,0.6,11,B,pure_straight,0.5,0.6,0.8,-0.20000000000000007
30,0.6,11,B,pure_straight,0.6,0.6,0.6,0.0
30,0.6,11,B,pure_straight,0.7,1.0,1.0,0.0
30,0.6,11,B,pure_straight,0.8,1.0,1.0,0.0
30,0.6,11,B,pure_straight,0.9,1.0,1.0,0.0
30,0.6,11,B,pure_straight,1.0,1.0,1.0,0.0
30,0.6,11,B,random,0.1,0.0,0.0,0.0
30,0.6,11,B,random,0.2,0.2,0.2,0.0
30,0.6,11,B,random,0.3,0.4,0.4,0.0
30,0.6,11,B,random,0.4,0.0,0.2,-0.2
30,0.6,11,B,random,0.5,0.4,0.0,0.4
30,0.6,11,B,random,0.6,0.8,0.4,0.4
30,0.6,11,B,random,0.7,0.4,0.4,0.0
30,0.6,11,B,random,0.8,0.6,0.6,0.0
30,0.6,11,B,random,0.9,0.4,0.4,0.0
30,0.6,11,B,random,1.0,0.4,0.4,0.0
30,0.6,12,B,acquiescent,0.1,0.4,0.2,0.2
30,0.6,12,B,acquiescent,0.2,0.4,0.2,0.2
30,0.6,12,B,acquiescent,0.3,0.4,0.4,0.0
30,0.6,12,B,acquiescent,0.4,0.2,0.4,-0.2
30,0.6,12,B,acquiescent,0.5,0.6,0.4,0.19999999999999996
30,0.6,12,B,acquiescent,0.6,0.2,0.0,0.2
30,0.6,12,B,acquiescent,0.7,0.6,0.8,-0.20000000000000007
30,0.6,12,B,acquiescent,0.8,0.8,1.0,-0.19999999999999996
30,0.6,12,B,acquiescent,0.9,0.8,0.8,0.0
30,0.6,12,B,acquiescent,1.0,1.0,1.0,0.0
30,0.6,12,B,fatigue,0.1,0.0,0.2,-0.2
30,0.6,12,B,fatigue,0.2,0.2,0.4,-0.2
30,0.6,12,B,fatigue,0.3,0.2,0.0,0.2
30,0.6,12,B,fatigue,0.4,0.4,0.4,0.0
30,0.6,12,B,fatigue,0.5,0.4,0.4,0.0
30,0.6,12,B,fatigue,0.6,0.4,0.4,0.0
30,0.6,12,B,fatigue,0.7,0.8,0.8,0.0
30,0.6,12,B,fatigue,0.8,0.6,0.4,0.19999999999999996
30,0.6,12,B,fatigue,0.9,0.8,1.0,-0.19999999999999996
30,0.6,12,B,fatigue,1.0,0.8,0.4,0.4
30,0.6,12,B,longstring,0.1,0.2,0.4,-0.2
30,0.6,12,B,longstring,0.2,0.2,0.4,-0.2
30,0.6,12,B,longstring,0.3,0.4,0.2,0.2
30,0.6,12,B,longstring,0.4,0.6,0.6,0.0
30,0.6,12,B,longstring,0.5,0.4,0.4,0.0
30,0.6,12,B,longstring,0.6,0.6,0.6,0.0
30,0.6,12,B,longstring,0.7,1.0,0.4,0.6
30,0.6,12,B,longstring,0.8,0.6,0.6,0.0
30,0.6,12,B,longstring,0.9,0.8,0.8,0.0
30,0.6,12,B,longstring,1.0,1.0,1.0,0.0
30,0.6,12,B,mixed,0.1,0.0,0.0,0.0
30,0.6,12,B,mixed,0.2,0.2,0.0,0.2
30,0.6,12,B,mixed,0.3,0.4,0.4,0.0
30,0.6,12,B,mixed,0.4,0.4,0.2,0.2
30,0.6,12,B,mixed,0.5,0.4,0.6,-0.19999999999999996
30,0.6,12,B,mixed,0.6,0.6,0.2,0.39999999999999997
30,0.6,12,B,mixed,0.7,0.6,0.6,0.0
30,0.6,12,B,mixed,0.8,0.6,0.6,0.0
30,0.6,12,B,mixed,0.9,0.4,0.6,-0.19999999999999996
30,0.6,12,B,mixed,1.0,0.4,0.2,0.2
30,0.6,12,B,pure_straight,0.1,0.2,0.0,0.2
30,0.6,12,B,pure_straight,0.2,0.2,0.2,0.0
30,0.6,12,B,pure_straight,0.3,0.6,0.8,-0.20000000000000007
30,0.6,12,B,pure_straight,0.4,0.8,0.6,0.20000000000000007
30,0.6,12,B,pure_straight,0.5,0.8,0.6,0.20000000000000007
30,0.6,12,B,pure_straight,0.6,0.6,1.0,-0.4
30,0.6,12,B,pure_straight,0.7,0.8,0.8,0.0
30,0.6,12,B,pure_straight,0.8,1.0,1.0,0.0
30,0.6,12,B,pure_straight,0.9,1.0,1.0,0.0
30,0.6,12,B,pure_straight,1.0,1.0,1.0,0.0
30,0.6,12,B,random,0.1,0.2,0.2,0.0
30,0.6,12,B,random,0.2,0.0,0.0,0.0
30,0.6,12,B,random,0.3,0.4,0.6,-0.19999999999999996
30,0.6,12,B,random,0.4,0.4,0.4,0.0
30,0.6,12,B,random,0.5,0.0,0.2,-0.2
30,0.6,12,B,random,0.6,0.8,0.2,0.6000000000000001
30,0.6,12,B,random,0.7,0.6,0.8,-0.20000000000000007
30,0.6,12,B,random,0.8,0.6,0.6,0.0
30,0.6,12,B,random,0.9,0.6,0.4,0.19999999999999996
30,0.6,12,B,random,1.0,0.2,0.4,-0.2
50,0.1,1,B,acquiescent,0.1,0.0,0.0,0.0
50,0.1,1,B,acquiescent,0.4,1.0,1.0,0.0
50,0.1,1,B,acquiescent,0.5,0.0,0.0,0.0
50,0.1,1,B,acquiescent,0.6,1.0,1.0,0.0
50,0.1,1,B,acquiescent,0.7,1.0,1.0,0.0
50,0.1,1,B,acquiescent,0.8,0.0,0.0,0.0
50,0.1,1,B,acquiescent,0.9,1.0,1.0,0.0
50,0.1,1,B,acquiescent,1.0,1.0,1.0,0.0
50,0.1,1,B,fatigue,0.1,0.0,0.0,0.0
50,0.1,1,B,fatigue,0.2,0.0,0.0,0.0
50,0.1,1,B,fatigue,0.3,0.0,0.0,0.0
50,0.1,1,B,fatigue,0.4,0.0,0.0,0.0
50,0.1,1,B,fatigue,0.5,1.0,0.0,1.0
50,0.1,1,B,fatigue,0.7,1.0,1.0,0.0
50,0.1,1,B,fatigue,0.8,0.0,1.0,-1.0
50,0.1,1,B,fatigue,0.9,1.0,1.0,0.0
50,0.1,1,B,longstring,0.1,0.0,0.0,0.0
50,0.1,1,B,longstring,0.2,0.0,0.0,0.0
50,0.1,1,B,longstring,0.4,0.0,0.0,0.0
50,0.1,1,B,longstring,0.5,0.0,0.0,0.0
50,0.1,1,B,longstring,0.6,0.0,0.0,0.0
50,0.1,1,B,longstring,0.7,0.0,0.0,0.0
50,0.1,1,B,longstring,0.8,0.0,1.0,-1.0
50,0.1,1,B,longstring,0.9,0.0,1.0,-1.0
50,0.1,1,B,longstring,1.0,1.0,1.0,0.0
50,0.1,1,B,mixed,0.1,0.0,0.0,0.0
50,0.1,1,B,mixed,0.2,0.0,0.0,0.0
50,0.1,1,B,mixed,0.3,0.0,0.0,0.0
50,0.1,1,B,mixed,0.6,0.0,0.0,0.0
50,0.1,1,B,mixed,0.7,0.0,0.0,0.0
50,0.1,1,B,mixed,0.8,0.0,0.0,0.0
50,0.1,1,B,mixed,0.9,0.0,0.0,0.0
50,0.1,1,B,mixed,1.0,1.0,0.0,1.0
50,0.1,1,B,pure_straight,0.1,0.0,0.0,0.0
50,0.1,1,B,pure_straight,0.4,1.0,1.0,0.0
50,0.1,1,B,pure_straight,0.5,1.0,1.0,0.0
50,0.1,1,B,pure_straight,0.6,1.0,1.0,0.0
50,0.1,1,B,pure_straight,0.7,1.0,1.0,0.0
50,0.1,1,B,pure_straight,0.8,1.0,1.0,0.0
50,0.1,1,B,pure_straight,0.9,1.0,1.0,0.0
50,0.1,1,B,pure_straight,1.0,1.0,1.0,0.0
50,0.1,1,B,random,0.1,0.0,0.0,0.0
50,0.1,1,B,random,0.2,1.0,1.0,0.0
50,0.1,1,B,random,0.3,0.0,0.0,0.0
50,0.1,1,B,random,0.4,0.0,0.0,0.0
50,0.1,1,B,random,0.5,0.0,0.0,0.0
50,0.1,1,B,random,0.6,0.0,0.0,0.0
50,0.1,1,B,random,0.7,0.0,0.0,0.0
50,0.1,1,B,random,0.8,0.0,0.0,0.0
50,0.1,1,B,random,1.0,0.0,0.0,0.0
50,0.1,2,B,acquiescent,0.2,0.0,0.0,0.0
50,0.1,2,B,acquiescent,0.3,0.0,0.0,0.0
50,0.1,2,B,acquiescent,0.4,0.0,0.0,0.0
50,0.1,2,B,acquiescent,0.6,1.0,1.0,0.0
50,0.1,2,B,acquiescent,0.7,1.0,1.0,0.0
50,0.1,2,B,acquiescent,0.8,1.0,1.0,0.0
50,0.1,2,B,acquiescent,0.9,1.0,1.0,0.0
50,0.1,2,B,acquiescent,1.0,1.0,1.0,0.0
50,0.1,2,B,fatigue,0.1,0.0,0.0,0.0
50,0.1,2,B,fatigue,0.3,0.0,0.0,0.0
50,0.1,2,B,fatigue,0.5,0.0,0.0,0.0
50,0.1,2,B,fatigue,0.6,0.0,0.0,0.0
50,0.1,2,B,fatigue,0.7,0.0,0.0,0.0
50,0.1,2,B,fatigue,0.8,1.0,1.0,0.0
50,0.1,2,B,fatigue,0.9,1.0,1.0,0.0
50,0.1,2,B,fatigue,1.0,1.0,1.0,0.0
50,0.1,2,B,longstring,0.1,0.0,0.0,0.0
50,0.1,2,B,longstring,0.2,0.0,0.0,0.0
50,0.1,2,B,longstring,0.3,0.0,0.0,0.0
50,0.1,2,B,longstring,0.4,0.0,0.0,0.0
50,0.1,2,B,longstring,0.5,0.0,0.0,0.0
50,0.1,2,B,longstring,0.7,0.0,0.0,0.0
50,0.1,2,B,longstring,0.8,1.0,0.0,1.0
50,0.1,2,B,longstring,0.9,1.0,1.0,0.0
50,0.1,2,B,longstring,1.0,1.0,1.0,0.0
50,0.1,2,B,mixed,0.1,0.0,0.0,0.0
50,0.1,2,B,mixed,0.2,0.0,0.0,0.0
50,0.1,2,B,mixed,0.3,0.0,0.0,0.0
50,0.1,2,B,mixed,0.4,0.0,0.0,0.0
50,0.1,2,B,mixed,0.5,0.0,0.0,0.0
50,0.1,2,B,mixed,0.7,0.0,0.0,0.0
50,0.1,2,B,mixed,0.9,1.0,0.0,1.0
50,0.1,2,B,mixed,1.0,0.0,0.0,0.0
50,0.1,2,B,pure_straight,0.2,0.0,0.0,0.0
50,0.1,2,B,pure_straight,0.3,1.0,1.0,0.0
50,0.1,2,B,pure_straight,0.4,1.0,1.0,0.0
50,0.1,2,B,pure_straight,0.5,0.0,0.0,0.0
50,0.1,2,B,pure_straight,0.6,0.0,0.0,0.0
50,0.1,2,B,pure_straight,0.7,1.0,1.0,0.0
50,0.1,2,B,pure_straight,0.8,1.0,1.0,0.0
50,0.1,2,B,pure_straight,1.0,1.0,1.0,0.0
50,0.1,2,B,random,0.1,0.0,0.0,0.0
50,0.1,2,B,random,0.2,0.0,0.0,0.0
50,0.1,2,B,random,0.3,0.0,0.0,0.0
50,0.1,2,B,random,0.4,0.0,0.0,0.0
50,0.1,2,B,random,0.5,0.0,0.0,0.0
50,0.1,2,B,random,0.6,0.0,0.0,0.0
50,0.1,2,B,random,0.7,0.0,0.0,0.0
50,0.1,2,B,random,0.8,0.0,0.0,0.0
50,0.1,2,B,random,0.9,0.0,0.0,0.0
50,0.1,3,B,acquiescent,0.1,0.0,0.0,0.0
50,0.1,3,B,acquiescent,0.4,0.0,0.0,0.0
50,0.1,3,B,acquiescent,0.5,0.0,0.0,0.0
50,0.1,3,B,acquiescent,0.6,0.0,0.0,0.0
50,0.1,3,B,acquiescent,0.7,0.0,0.0,0.0
50,0.1,3,B,acquiescent,0.8,1.0,1.0,0.0
50,0.1,3,B,acquiescent,0.9,1.0,1.0,0.0
50,0.1,3,B,acquiescent,1.0,1.0,1.0,0.0
50,0.1,3,B,fatigue,0.1,0.0,0.0,0.0
50,0.1,3,B,fatigue,0.3,0.0,0.0,0.0
50,0.1,3,B,fatigue,0.4,0.0,0.0,0.0
50,0.1,3,B,fatigue,0.5,0.0,0.0,0.0
50,0.1,3,B,fatigue,0.7,0.0,0.0,0.0
50,0.1,3,B,fatigue,0.8,0.0,0.0,0.0
50,0.1,3,B,fatigue,0.9,1.0,1.0,0.0
50,0.1,3,B,fatigue,1.0,1.0,1.0,0.0
50,0.1,3,B,longstring,0.1,0.0,0.0,0.0
50,0.1,3,B,longstring,0.2,0.0,0.0,0.0
50,0.1,3,B,longstring,0.4,0.0,0.0,0.0
50,0.1,3,B,longstring,0.5,0.0,0.0,0.0
50,0.1,3,B,longstring,0.6,1.0,1.0,0.0
50,0.1,3,B,longstring,0.7,0.0,1.0,-1.0
50,0.1,3,B,longstring,0.8,0.0,0.0,0.0
50,0.1,3,B,longstring,0.9,1.0,1.0,0.0
50,0.1,3,B,longstring,1.0,1.0,1.0,0.0
50,0.1,3,B,mixed,0.1,0.0,0.0,0.0
50,0.1,3,B,mixed,0.2,0.0,0.0,0.0
50,0.1,3,B,mixed,0.3,0.0,0.0,0.0
50,0.1,3,B,mixed,0.4,0.0,1.0,-1.0
50,0.1,3,B,mixed,0.5,1.0,0.0,1.0
50,0.1,3,B,mixed,0.6,0.0,0.0,0.0
50,0.1,3,B,mixed,0.7,0.0,0.0,0.0
50,0.1,3,B,mixed,1.0,0.0,1.0,-1.0
50,0.1,3,B,pure_straight,0.1,0.0,0.0,0.0
50,0.1,3,B,pure_straight,0.2,0.0,0.0,0.0
50,0.1,3,B,pure_straight,0.3,1.0,1.0,0.0
50,0.1,3,B,pure_straight,0.4,0.0,0.0,0.0
50,0.1,3,B,pure_straight,0.5,0.0,0.0,0.0
50,0.1,3,B,pure_straight,0.7,1.0,1.0,0.0
50,0.1,3,B,pure_straight,0.8,1.0,1.0,0.0
50,0.1,3,B,pure_straight,1.0,1.0,1.0,0.0
50,0.1,3,B,random,0.1,0.0,0.0,0.0
50,0.1,3,B,random,0.2,0.0,0.0,0.0
50,0.1,3,B,random,0.3,0.0,0.0,0.0
50,0.1,3,B,random,0.4,0.0,0.0,0.0
50,0.1,3,B,random,0.5,0.0,0.0,0.0
50,0.1,3,B,random,0.6,1.0,0.0,1.0
50,0.1,3,B,random,0.7,1.0,0.0,1.0
50,0.1,3,B,random,0.9,1.0,0.0,1.0
50,0.1,3,B,random,1.0,0.0,0.0,0.0
50,0.1,4,B,acquiescent,0.1,0.0,0.0,0.0
50,0.1,4,B,acquiescent,0.2,0.0,0.0,0.0
50,0.1,4,B,acquiescent,0.3,0.0,0.0,0.0
50,0.1,4,B,acquiescent,0.5,0.0,1.0,-1.0
50,0.1,4,B,acquiescent,0.6,1.0,1.0,0.0
50,0.1,4,B,acquiescent,0.7,0.0,0.0,0.0
50,0.1,4,B,acquiescent,0.8,1.0,1.0,0.0
50,0.1,4,B,acquiescent,1.0,1.0,1.0,0.0
50,0.1,4,B,fatigue,0.1,0.0,0.0,0.0
50,0.1,4,B,fatigue,0.2,0.0,0.0,0.0
50,0.1,4,B,fatigue,0.3,0.0,0.0,0.0
50,0.1,4,B,fatigue,0.5,0.0,0.0,0.0
50,0.1,4,B,fatigue,0.6,1.0,1.0,0.0
50,0.1,4,B,fatigue,0.7,0.0,0.0,0.0
50,0.1,4,B,fatigue,0.9,0.0,0.0,0.0
50,0.1,4,B,fatigue,1.0,1.0,1.0,0.0
50,0.1,4,B,longstring,0.1,0.0,0.0,0.0
50,0.1,4,B,longstring,0.2,0.0,0.0,0.0
50,0.1,4,B,longstring,0.3,0.0,0.0,0.0
50,0.1,4,B,longstring,0.4,1.0,0.0,1.0
50,0.1,4,B,longstring,0.5,0.0,0.0,0.0
50,0.1,4,B,longstring,0.6,1.0,1.0,0.0
50,0.1,4,B,longstring,0.7,0.0,0.0,0.0
50,0.1,4,B,longstring,0.8,0.0,0.0,0.0
50,0.1,4,B,longstring,1.0,1.0,1.0,0.0
50,0.1,4,B,mixed,0.1,0.0,0.0,0.0
50,0.1,4,B,mixed,0.3,0.0,0.0,0.0
50,0.1,4,B,mixed,0.4,0.0,0.0,0.0
50,0.1,4,B,mixed,0.6,0.0,0.0,0.0
50,0.1,4,B,mixed,0.7,1.0,0.0,1.0
50,0.1,4,B,mixed,0.8,0.0,0.0,0.0
50,0.1,4,B,mixed,0.9,0.0,0.0,0.0
50,0.1,4,B,mixed,1.0,0.0,0.0,0.0
50,0.1,4,B,pure_straight,0.1,0.0,0.0,0.0
50,0.1,4,B,pure_straight,0.2,0.0,0.0,0.0
50,0.1,4,B,pure_straight,0.3,0.0,0.0,0.0
50,0.1,4,B,pure_straight,0.5,0.0,0.0,0.0
50,0.1,4,B,pure_straight,0.6,1.0,1.0,0.0
50,0.1,4,B,pure_straight,0.7,1.0,1.0,0.0
50,0.1,4,B,pure_straight,0.8,1.0,1.0,0.0
50,0.1,4,B,pure_straight,0.9,1.0,1.0,0.0
50,0.1,4,B,random,0.1,0.0,0.0,0.0
50,0.1,4,B,random,0.2,0.0,0.0,0.0
50,0.1,4,B,random,0.4,1.0,0.0,1.0
50,0.1,4,B,random,0.5,0.0,0.0,0.0
50,0.1,4,B,random,0.6,0.0,0.0,0.0
50,0.1,4,B,random,0.7,0.0,0.0,0.0
50,0.1,4,B,random,0.8,0.0,0.0,0.0
50,0.1,4,B,random,0.9,0.0,0.0,0.0
50,0.1,4,B,random,1.0,0.0,0.0,0.0
50,0.1,5,B,acquiescent,0.1,0.0,0.0,0.0
50,0.1,5,B,acquiescent,0.2,0.0,0.0,0.0
50,0.1,5,B,acquiescent,0.3,1.0,1.0,0.0
50,0.1,5,B,acquiescent,0.4,1.0,1.0,0.0
50,0.1,5,B,acquiescent,0.5,0.0,0.0,0.0
50,0.1,5,B,acquiescent,0.6,0.0,0.0,0.0
50,0.1,5,B,acquiescent,0.7,0.0,1.0,-1.0
50,0.1,5,B,acquiescent,1.0,1.0,1.0,0.0
50,0.1,5,B,fatigue,0.1,0.0,0.0,0.0
50,0.1,5,B,fatigue,0.3,0.0,0.0,0.0
50,0.1,5,B,fatigue,0.4,0.0,0.0,0.0
50,0.1,5,B,fatigue,0.5,1.0,1.0,0.0
50,0.1,5,B,fatigue,0.6,0.0,0.0,0.0
50,0.1,5,B,fatigue,0.7,1.0,1.0,0.0
50,0.1,5,B,fatigue,0.8,0.0,1.0,-1.0
50,0.1,5,B,fatigue,1.0,0.0,0.0,0.0
50,0.1,5,B,longstring,0.1,0.0,0.0,0.0
50,0.1,5,B,longstring,0.3,0.0,0.0,0.0
50,0.1,5,B,longstring,0.4,1.0,1.0,0.0
50,0.1,5,B,longstring,0.5,1.0,1.0,0.0
50,0.1,5,B,longstring,0.6,0.0,0.0,0.0
50,0.1,5,B,longstring,0.7,0.0,0.0,0.0
50,0.1,5,B,longstring,0.8,1.0,1.0,0.0
50,0.1,5,B,longstring,0.9,1.0,1.0,0.0
50,0.1,5,B,longstring,1.0,1.0,1.0,0.0
50,0.1,5,B,mixed,0.1,0.0,0.0,0.0
50,0.1,5,B,mixed,0.2,0.0,0.0,0.0
50,0.1,5,B,mixed,0.3,1.0,1.0,0.0
50,0.1,5,B,mixed,0.4,1.0,1.0,0.0
50,0.1,5,B,mixed,0.5,0.0,0.0,0.0
50,0.1,5,B,mixed,0.6,1.0,1.0,0.0
50,0.1,5,B,mixed,0.7,0.0,0.0,0.0
50,0.1,5,B,mixed,1.0,0.0,0.0,0.0
50,0.1,5,B,pure_straight,0.1,0.0,0.0,0.0
50,0.1,5,B,pure_straight,0.2,0.0,0.0,0.0
50,0.1,5,B,pure_straight,0.3,0.0,0.0,0.0
50,0.1,5,B,pure_straight,0.4,0.0,0.0,0.0
50,0.1,5,B,pure_straight,0.6,1.0,1.0,0.0
50,0.1,5,B,pure_straight,0.7,1.0,1.0,0.0
50,0.1,5,B,pure_straight,0.8,1.0,1.0,0.0
50,0.1,5,B,pure_straight,0.9,1.0,1.0,0.0
50,0.1,5,B,random,0.1,0.0,0.0,0.0
50,0.1,5,B,random,0.2,0.0,0.0,0.0
50,0.1,5,B,random,0.3,0.0,0.0,0.0
50,0.1,5,B,random,0.4,0.0,0.0,0.0
50,0.1,5,B,random,0.5,1.0,0.0,1.0
50,0.1,5,B,random,0.6,0.0,0.0,0.0
50,0.1,5,B,random,0.7,0.0,0.0,0.0
50,0.1,5,B,random,0.9,0.0,0.0,0.0
50,0.1,5,B,random,1.0,1.0,1.0,0.0
50,0.1,6,B,acquiescent,0.1,0.0,0.0,0.0
50,0.1,6,B,acquiescent,0.3,0.0,0.0,0.0
50,0.1,6,B,acquiescent,0.4,0.0,0.0,0.0
50,0.1,6,B,acquiescent,0.6,1.0,1.0,0.0
50,0.1,6,B,acquiescent,0.7,0.0,0.0,0.0
50,0.1,6,B,acquiescent,0.8,1.0,1.0,0.0
50,0.1,6,B,acquiescent,0.9,1.0,1.0,0.0
50,0.1,6,B,acquiescent,1.0,1.0,1.0,0.0
50,0.1,6,B,fatigue,0.2,0.0,0.0,0.0
50,0.1,6,B,fatigue,0.3,0.0,0.0,0.0
50,0.1,6,B,fatigue,0.4,0.0,0.0,0.0
50,0.1,6,B,fatigue,0.5,1.0,1.0,0.0
50,0.1,6,B,fatigue,0.6,1.0,1.0,0.0
50,0.1,6,B,fatigue,0.7,1.0,1.0,0.0
50,0.1,6,B,fatigue,0.8,0.0,0.0,0.0
50,0.1,6,B,fatigue,1.0,0.0,0.0,0.0
50,0.1,6,B,longstring,0.1,0.0,0.0,0.0
50,0.1,6,B,longstring,0.2,0.0,0.0,0.0
50,0.1,6,B,longstring,0.3,0.0,0.0,0.0
50,0.1,6,B,longstring,0.4,0.0,0.0,0.0
50,0.1,6,B,longstring,0.5,0.0,0.0,0.0
50,0.1,6,B,longstring,0.6,0.0,0.0,0.0
50,0.1,6,B,longstring,0.7,1.0,1.0,0.0
50,0.1,6,B,longstring,0.8,0.0,0.0,0.0
50,0.1,6,B,longstring,1.0,1.0,1.0,0.0
50,0.1,6,B,mixed,0.1,0.0,0.0,0.0
50,0.1,6,B,mixed,0.2,0.0,0.0,0.0
50,0.1,6,B,mixed,0.3,0.0,0.0,0.0
50,0.1,6,B,mixed,0.4,0.0,0.0,0.0
50,0.1,6,B,mixed,0.6,0.0,0.0,0.0
50,0.1,6,B,mixed,0.7,1.0,1.0,0.0
50,0.1,6,B,mixed,0.8,0.0,0.0,0.0
50,0.1,6,B,mixed,1.0,1.0,1.0,0.0
50,0.1,6,B,pure_straight,0.1,0.0,0.0,0.0
50,0.1,6,B,pure_straight,0.3,0.0,0.0,0.0
50,0.1,6,B,pure_straight,0.4,0.0,0.0,0.0
50,0.1,6,B,pure_straight,0.6,1.0,1.0,0.0
50,0.1,6,B,pure_straight,0.7,1.0,1.0,0.0
50,0.1,6,B,pure_straight,0.8,1.0,1.0,0.0
50,0.1,6,B,pure_straight,0.9,1.0,1.0,0.0
50,0.1,6,B,pure_straight,1.0,1.0,1.0,0.0
50,0.1,6,B,random,0.1,0.0,0.0,0.0
50,0.1,6,B,random,0.2,0.0,0.0,0.0
50,0.1,6,B,random,0.3,0.0,0.0,0.0
50,0.1,6,B,random,0.4,0.0,0.0,0.0
50,0.1,6,B,random,0.6,0.0,0.0,0.0
50,0.1,6,B,random,0.7,0.0,1.0,-1.0
50,0.1,6,B,random,0.8,0.0,0.0,0.0
50,0.1,6,B,random,0.9,0.0,0.0,0.0
50,0.1,6,B,random,1.0,0.0,0.0,0.0
50,0.1,7,B,acquiescent,0.1,0.0,0.0,0.0
50,0.1,7,B,acquiescent,0.3,1.0,1.0,0.0
50,0.1,7,B,acquiescent,0.4,0.0,0.0,0.0
50,0.1,7,B,acquiescent,0.5,1.0,1.0,0.0
50,0.1,7,B,acquiescent,0.6,1.0,1.0,0.0
50,0.1,7,B,acquiescent,0.7,1.0,1.0,0.0
50,0.1,7,B,acquiescent,0.8,1.0,1.0,0.0
50,0.1,7,B,acquiescent,0.9,1.0,1.0,0.0
50,0.1,7,B,fatigue,0.1,0.0,0.0,0.0
50,0.1,7,B,fatigue,0.2,0.0,0.0,0.0
50,0.1,7,B,fatigue,0.4,0.0,0.0,0.0
50,0.1,7,B,fatigue,0.5,1.0,1.0,0.0
50,0.1,7,B,fatigue,0.6,1.0,1.0,0.0
50,0.1,7,B,fatigue,0.8,1.0,1.0,0.0
50,0.1,7,B,fatigue,0.9,1.0,1.0,0.0
50,0.1,7,B,fatigue,1.0,1.0,1.0,0.0
50,0.1,7,B,longstring,0.1,0.0,0.0,0.0
50,0.1,7,B,longstring,0.2,0.0,0.0,0.0
50,0.1,7,B,longstring,0.3,0.0,0.0,0.0
50,0.1,7,B,longstring,0.4,0.0,0.0,0.0
50,0.1,7,B,longstring,0.5,0.0,0.0,0.0
50,0.1,7,B,longstring,0.6,1.0,1.0,0.0
50,0.1,7,B,longstring,0.8,0.0,0.0,0.0
50,0.1,7,B,longstring,0.9,0.0,0.0,0.0
50,0.1,7,B,longstring,1.0,1.0,1.0,0.0
50,0.1,7,B,mixed,0.2,0.0,0.0,0.0
50,0.1,7,B,mixed,0.3,0.0,0.0,0.0
50,0.1,7,B,mixed,0.5,0.0,0.0,0.0
50,0.1,7,B,mixed,0.6,0.0,0.0,0.0
50,0.1,7,B,mixed,0.7,0.0,0.0,0.0
50,0.1,7,B,mixed,0.8,1.0,0.0,1.0
50,0.1,7,B,mixed,0.9,0.0,0.0,0.0
50,0.1,7,B,mixed,1.0,1.0,1.0,0.0
50,0.1,7,B,pure_straight,0.1,0.0,0.0,0.0
50,0.1,7,B,pure_straight,0.2,0.0,0.0,0.0
50,0.1,7,B,pure_straight,0.5,0.0,0.0,0.0
50,0.1,7,B,pure_straight,0.6,1.0,1.0,0.0
50,0.1,7,B,pure_straight,0.7,1.0,1.0,0.0
50,0.1,7,B,pure_straight,0.8,1.0,1.0,0.0
50,0.1,7,B,pure_straight,0.9,1.0,1.0,0.0
50,0.1,7,B,pure_straight,1.0,1.0,1.0,0.0
50,0.1,7,B,random,0.1,0.0,0.0,0.0
50,0.1,7,B,random,0.2,1.0,1.0,0.0
50,0.1,7,B,random,0.3,0.0,0.0,0.0
50,0.1,7,B,random,0.5,1.0,1.0,0.0
50,0.1,7,B,random,0.6,0.0,0.0,0.0
50,0.1,7,B,random,0.7,1.0,1.0,0.0
50,0.1,7,B,random,0.8,0.0,0.0,0.0
50,0.1,7,B,random,0.9,0.0,0.0,0.0
50,0.1,7,B,random,1.0,0.0,0.0,0.0
50,0.1,8,B,acquiescent,0.1,0.0,0.0,0.0
50,0.1,8,B,acquiescent,0.2,0.0,0.0,0.0
50,0.1,8,B,acquiescent,0.4,0.0,0.0,0.0
50,0.1,8,B,acquiescent,0.5,0.0,0.0,0.0
50,0.1,8,B,acquiescent,0.7,1.0,1.0,0.0
50,0.1,8,B,acquiescent,0.8,0.0,0.0,0.0
50,0.1,8,B,acquiescent,0.9,1.0,1.0,0.0
50,0.1,8,B,acquiescent,1.0,1.0,1.0,0.0
50,0.1,8,B,fatigue,0.1,0.0,0.0,0.0
50,0.1,8,B,fatigue,0.2,0.0,0.0,0.0
50,0.1,8,B,fatigue,0.3,0.0,0.0,0.0
50,0.1,8,B,fatigue,0.4,0.0,0.0,0.0
50,0.1,8,B,fatigue,0.5,1.0,0.0,1.0
50,0.1,8,B,fatigue,0.7,0.0,0.0,0.0
50,0.1,8,B,fatigue,0.8,0.0,0.0,0.0
50,0.1,8,B,fatigue,1.0,1.0,1.0,0.0
50,0.1,8,B,longstring,0.1,0.0,0.0,0.0
50,0.1,8,B,longstring,0.2,0.0,0.0,0.0
50,0.1,8,B,longstring,0.3,0.0,0.0,0.0
50,0.1,8,B,longstring,0.4,0.0,0.0,0.0
50,0.1,8,B,longstring,0.5,0.0,0.0,0.0
50,0.1,8,B,longstring,0.7,0.0,0.0,0.0
50,0.1,8,B,longstring,0.8,1.0,1.0,0.0
50,0.1,8,B,longstring,0.9,0.0,0.0,0.0
50,0.1,8,B,longstring,1.0,1.0,1.0,0.0
50,0.1,8,B,mixed,0.1,0.0,0.0,0.0
50,0.1,8,B,mixed,0.2,0.0,0.0,0.0
50,0.1,8,B,mixed,0.3,0.0,0.0,0.0
50,0.1,8,B,mixed,0.6,0.0,0.0,0.0
50,0.1,8,B,mixed,0.7,0.0,0.0,0.0
50,0.1,8,B,mixed,0.8,0.0,0.0,0.0
50,0.1,8,B,mixed,0.9,0.0,0.0,0.0
50,0.1,8,B,mixed,1.0,0.0,0.0,0.0
50,0.1,8,B,pure_straight,0.2,0.0,0.0,0.0
50,0.1,8,B,pure_straight,0.3,0.0,0.0,0.0
50,0.1,8,B,pure_straight,0.4,0.0,1.0,-1.0
50,0.1,8,B,pure_straight,0.5,1.0,1.0,0.0
50,0.1,8,B,pure_straight,0.6,0.0,0.0,0.0
50,0.1,8,B,pure_straight,0.7,1.0,1.0,0.0
50,0.1,8,B,pure_straight,0.8,1.0,1.0,0.0
50,0.1,8,B,pure_straight,1.0,1.0,1.0,0.0
50,0.1,8,B,random,0.1,0.0,0.0,0.0
50,0.1,8,B,random,0.2,1.0,0.0,1.0
50,0.1,8,B,random,0.3,0.0,0.0,0.0
50,0.1,8,B,random,0.4,0.0,0.0,0.0
50,0.1,8,B,random,0.5,1.0,0.0,1.0
50,0.1,8,B,random,0.6,1.0,0.0,1.0
50,0.1,8,B,random,0.7,0.0,0.0,0.0
50,0.1,8,B,random,0.8,0.0,0.0,0.0
50,0.1,8,B,random,0.9,0.0,0.0,0.0
50,0.1,9,B,acquiescent,0.1,0.0,0.0,0.0
50,0.1,9,B,acquiescent,0.2,0.0,0.0,0.0
50,0.1,9,B,acquiescent,0.3,0.0,0.0,0.0
50,0.1,9,B,acquiescent,0.5,1.0,1.0,0.0
50,0.1,9,B,acquiescent,0.6,0.0,0.0,0.0
50,0.1,9,B,acquiescent,0.7,1.0,1.0,0.0
50,0.1,9,B,acquiescent,0.9,1.0,1.0,0.0
50,0.1,9,B,acquiescent,1.0,1.0,1.0,0.0
50,0.1,9,B,fatigue,0.1,0.0,0.0,0.0
50,0.1,9,B,fatigue,0.2,0.0,0.0,0.0
50,0.1,9,B,fatigue,0.3,1.0,0.0,1.0
50,0.1,9,B,fatigue,0.5,0.0,0.0,0.0
50,0.1,9,B,fatigue,0.6,0.0,1.0,-1.0
50,0.1,9,B,fatigue,0.8,1.0,1.0,0.0
50,0.1,9,B,fatigue,0.9,1.0,1.0,0.0
50,0.1,9,B,fatigue,1.0,1.0,1.0,0.0
50,0.1,9,B,longstring,0.1,0.0,0.0,0.0
50,0.1,9,B,longstring,0.3,0.0,0.0,0.0
50,0.1,9,B,longstring,0.4,0.0,0.0,0.0
50,0.1,9,B,longstring,0.5,1.0,0.0,1.0
50,0.1,9,B,longstring,0.6,0.0,0.0,0.0
50,0.1,9,B,longstring,0.7,1.0,1.0,0.0
50,0.1,9,B,longstring,0.8,0.0,0.0,0.0
50,0.1,9,B,longstring,0.9,0.0,0.0,0.0
50,0.1,9,B,longstring,1.0,0.0,0.0,0.0
50,0.1,9,B,mixed,0.1,0.0,0.0,0.0
50,0.1,9,B,mixed,0.2,0.0,0.0,0.0
50,0.1,9,B,mixed,0.3,0.0,0.0,0.0
50,0.1,9,B,mixed,0.5,1.0,0.0,1.0
50,0.1,9,B,mixed,0.6,0.0,1.0,-1.0
50,0.1,9,B,mixed,0.7,0.0,0.0,0.0
50,0.1,9,B,mixed,0.9,0.0,0.0,0.0
50,0.1,9,B,mixed,1.0,0.0,0.0,0.0
50,0.1,9,B,pure_straight,0.2,0.0,0.0,0.0
50,0.1,9,B,pure_straight,0.3,0.0,0.0,0.0
50,0.1,9,B,pure_straight,0.4,0.0,0.0,0.0
50,0.1,9,B,pure_straight,0.5,0.0,0.0,0.0
50,0.1,9,B,pure_straight,0.7,1.0,1.0,0.0
50,0.1,9,B,pure_straight,0.8,0.0,0.0,0.0
50,0.1,9,B,pure_straight,0.9,1.0,1.0,0.0
50,0.1,9,B,pure_straight,1.0,1.0,1.0,0.0
50,0.1,9,B,random,0.1,0.0,0.0,0.0
50,0.1,9,B,random,0.2,0.0,0.0,0.0
50,0.1,9,B,random,0.3,0.0,0.0,0.0
50,0.1,9,B,random,0.5,1.0,0.0,1.0
50,0.1,9,B,random,0.6,1.0,1.0,0.0
50,0.1,9,B,random,0.7,1.0,1.0,0.0
50,0.1,9,B,random,0.8,0.0,0.0,0.0
50,0.1,9,B,random,0.9,0.0,0.0,0.0
50,0.1,9,B,random,1.0,0.0,0.0,0.0
50,0.1,10,B,acquiescent,0.1,1.0,0.0,1.0
50,0.1,10,B,acquiescent,0.2,0.0,0.0,0.0
50,0.1,10,B,acquiescent,0.3,0.0,0.0,0.0
50,0.1,10,B,acquiescent,0.4,0.0,0.0,0.0
50,0.1,10,B,acquiescent,0.6,0.0,0.0,0.0
50,0.1,10,B,acquiescent,0.7,1.0,1.0,0.0
50,0.1,10,B,acquiescent,0.8,1.0,1.0,0.0
50,0.1,10,B,acquiescent,0.9,1.0,1.0,0.0
50,0.1,10,B,fatigue,0.1,0.0,0.0,0.0
50,0.1,10,B,fatigue,0.2,1.0,0.0,1.0
50,0.1,10,B,fatigue,0.3,0.0,0.0,0.0
50,0.1,10,B,fatigue,0.6,0.0,0.0,0.0
50,0.1,10,B,fatigue,0.7,1.0,1.0,0.0
50,0.1,10,B,fatigue,0.8,1.0,1.0,0.0
50,0.1,10,B,fatigue,0.9,0.0,0.0,0.0
50,0.1,10,B,fatigue,1.0,1.0,1.0,0.0
50,0.1,10,B,longstring,0.1,0.0,0.0,0.0
50,0.1,10,B,longstring,0.2,0.0,0.0,0.0
50,0.1,10,B,longstring,0.3,0.0,0.0,0.0
50,0.1,10,B,longstring,0.4,1.0,1.0,0.0
50,0.1,10,B,longstring,0.6,1.0,1.0,0.0
50,0.1,10,B,longstring,0.7,0.0,0.0,0.0
50,0.1,10,B,longstring,0.8,0.0,0.0,0.0
50,0.1,10,B,longstring,0.9,1.0,1.0,0.0
50,0.1,10,B,longstring,1.0,1.0,1.0,0.0
50,0.1,10,B,mixed,0.1,0.0,0.0,0.0
50,0.1,10,B,mixed,0.2,0.0,0.0,0.0
50,0.1,10,B,mixed,0.3,0.0,0.0,0.0
50,0.1,10,B,mixed,0.5,1.0,1.0,0.0
50,0.1,10,B,mixed,0.7,0.0,0.0,0.0
50,0.1,10,B,mixed,0.8,1.0,1.0,0.0
50,0.1,10,B,mixed,0.9,0.0,0.0,0.0
50,0.1,10,B,mixed,1.0,0.0,0.0,0.0
50,0.1,10,B,pure_straight,0.2,0.0,0.0,0.0
50,0.1,10,B,pure_straight,0.3,0.0,0.0,0.0
50,0.1,10,B,pure_straight,0.4,1.0,1.0,0.0
50,0.1,10,B,pure_straight,0.5,1.0,1.0,0.0
50,0.1,10,B,pure_straight,0.6,0.0,0.0,0.0
50,0.1,10,B,pure_straight,0.7,1.0,1.0,0.0
50,0.1,10,B,pure_straight,0.8,1.0,1.0,0.0
50,0.1,10,B,pure_straight,1.0,1.0,1.0,0.0
50,0.1,10,B,random,0.1,0.0,0.0,0.0
50,0.1,10,B,random,0.2,0.0,0.0,0.0
50,0.1,10,B,random,0.3,0.0,0.0,0.0
50,0.1,10,B,random,0.4,0.0,0.0,0.0
50,0.1,10,B,random,0.6,0.0,0.0,0.0
50,0.1,10,B,random,0.7,0.0,0.0,0.0
50,0.1,10,B,random,0.8,0.0,0.0,0.0
50,0.1,10,B,random,0.9,1.0,1.0,0.0
50,0.1,10,B,random,1.0,0.0,0.0,0.0
50,0.1,11,B,acquiescent,0.1,0.0,0.0,0.0
50,0.1,11,B,acquiescent,0.2,0.0,0.0,0.0
50,0.1,11,B,acquiescent,0.3,0.0,0.0,0.0
50,0.1,11,B,acquiescent,0.5,0.0,0.0,0.0
50,0.1,11,B,acquiescent,0.6,1.0,1.0,0.0
50,0.1,11,B,acquiescent,0.7,0.0,0.0,0.0
50,0.1,11,B,acquiescent,0.9,1.0,1.0,0.0
50,0.1,11,B,acquiescent,1.0,1.0,1.0,0.0
50,0.1,11,B,fatigue,0.1,0.0,0.0,0.0
50,0.1,11,B,fatigue,0.2,0.0,0.0,0.0
50,0.1,11,B,fatigue,0.3,0.0,0.0,0.0
50,0.1,11,B,fatigue,0.5,0.0,1.0,-1.0
50,0.1,11,B,fatigue,0.6,0.0,0.0,0.0
50,0.1,11,B,fatigue,0.7,1.0,1.0,0.0
50,0.1,11,B,fatigue,0.8,0.0,0.0,0.0
50,0.1,11,B,fatigue,1.0,1.0,1.0,0.0
50,0.1,11,B,longstring,0.1,0.0,0.0,0.0
50,0.1,11,B,longstring,0.2,0.0,0.0,0.0
50,0.1,11,B,longstring,0.3,0.0,0.0,0.0
50,0.1,11,B,longstring,0.4,0.0,0.0,0.0
50,0.1,11,B,longstring,0.5,0.0,0.0,0.0
50,0.1,11,B,longstring,0.6,0.0,0.0,0.0
50,0.1,11,B,longstring,0.7,0.0,0.0,0.0
50,0.1,11,B,longstring,0.8,1.0,1.0,0.0
50,0.1,11,B,longstring,0.9,1.0,1.0,0.0
50,0.1,11,B,mixed,0.1,0.0,0.0,0.0
50,0.1,11,B,mixed,0.2,0.0,0.0,0.0
50,0.1,11,B,mixed,0.4,0.0,0.0,0.0
50,0.1,11,B,mixed,0.5,0.0,0.0,0.0
50,0.1,11,B,mixed,0.6,1.0,1.0,0.0
50,0.1,11,B,mixed,0.7,0.0,0.0,0.0
50,0.1,11,B,mixed,0.8,0.0,0.0,0.0
50,0.1,11,B,mixed,1.0,0.0,0.0,0.0
50,0.1,11,B,pure_straight,0.1,0.0,0.0,0.0
50,0.1,11,B,pure_straight,0.2,0.0,0.0,0.0
50,0.1,11,B,pure_straight,0.4,0.0,0.0,0.0
50,0.1,11,B,pure_straight,0.6,1.0,1.0,0.0
50,0.1,11,B,pure_straight,0.7,1.0,1.0,0.0
50,0.1,11,B,pure_straight,0.8,1.0,1.0,0.0
50,0.1,11,B,pure_straight,0.9,1.0,1.0,0.0
50,0.1,11,B,pure_straight,1.0,1.0,1.0,0.0
50,0.1,11,B,random,0.1,0.0,0.0,0.0
50,0.1,11,B,random,0.2,0.0,0.0,0.0
50,0.1,11,B,random,0.3,0.0,0.0,0.0
50,0.1,11,B,random,0.4,0.0,0.0,0.0
50,0.1,11,B,random,0.5,1.0,1.0,0.0
50,0.1,11,B,random,0.6,0.0,0.0,0.0
50,0.1,11,B,random,0.8,0.0,0.0,0.0
50,0.1,11,B,random,0.9,0.0,0.0,0.0
50,0.1,11,B,random,1.0,0.0,0.0,0.0
50,0.1,12,B,acquiescent,0.1,0.0,0.0,0.0
50,0.1,12,B,acquiescent,0.3,0.0,0.0,0.0
50,0.1,12,B,acquiescent,0.5,0.0,0.0,0.0
50,0.1,12,B,acquiescent,0.6,1.0,0.0,1.0
50,0.1,12,B,acquiescent,0.7,1.0,1.0,0.0
50,0.1,12,B,acquiescent,0.8,0.0,0.0,0.0
50,0.1,12,B,acquiescent,0.9,1.0,1.0,0.0
50,0.1,12,B,acquiescent,1.0,1.0,1.0,0.0
50,0.1,12,B,fatigue,0.1,0.0,0.0,0.0
50,0.1,12,B,fatigue,0.2,1.0,1.0,0.0
50,0.1,12,B,fatigue,0.4,0.0,0.0,0.0
50,0.1,12,B,fatigue,0.5,0.0,0.0,0.0
50,0.1,12,B,fatigue,0.6,0.0,0.0,0.0
50,0.1,12,B,fatigue,0.7,1.0,1.0,0.0
50,0.1,12,B,fatigue,0.8,0.0,0.0,0.0
50,0.1,12,B,fatigue,1.0,1.0,1.0,0.0
50,0.1,12,B,longstring,0.1,0.0,0.0,0.0
50,0.1,12,B,longstring,0.2,1.0,1.0,0.0
50,0.1,12,B,longstring,0.3,0.0,0.0,0.0
50,0.1,12,B,longstring,0.4,0.0,0.0,0.0
50,0.1,12,B,longstring,0.5,0.0,0.0,0.0
50,0.1,12,B,longstring,0.6,0.0,0.0,0.0
50,0.1,12,B,longstring,0.7,0.0,0.0,0.0
50,0.1,12,B,longstring,0.8,0.0,0.0,0.0
50,0.1,12,B,longstring,0.9,1.0,1.0,0.0
50,0.1,12,B,mixed,0.1,0.0,0.0,0.0
50,0.1,12,B,mixed,0.2,0.0,0.0,0.0
50,0.1,12,B,mixed,0.3,0.0,0.0,0.0
50,0.1,12,B,mixed,0.4,0.0,0.0,0.0
50,0.1,12,B,mixed,0.6,0.0,0.0,0.0
50,0.1,12,B,mixed,0.7,1.0,1.0,0.0
50,0.1,12,B,mixed,0.8,1.0,1.0,0.0
50,0.1,12,B,mixed,1.0,0.0,0.0,0.0
50,0.1,12,B,pure_straight,0.1,0.0,0.0,0.0
50,0.1,12,B,pure_straight,0.2,1.0,1.0,0.0
50,0.1,12,B,pure_straight,0.3,0.0,0.0,0.0
50,0.1,12,B,pure_straight,0.5,1.0,1.0,0.0
50,0.1,12,B,pure_straight,0.7,1.0,1.0,0.0
50,0.1,12,B,pure_straight,0.8,1.0,1.0,0.0
50,0.1,12,B,pure_straight,0.9,1.0,1.0,0.0
50,0.1,12,B,pure_straight,1.0,1.0,1.0,0.0
50,0.1,12,B,random,0.1,0.0,0.0,0.0
50,0.1,12,B,random,0.2,0.0,0.0,0.0
50,0.1,12,B,random,0.3,1.0,1.0,0.0
50,0.1,12,B,random,0.4,0.0,0.0,0.0
50,0.1,12,B,random,0.5,0.0,0.0,0.0
50,0.1,12,B,random,0.6,0.0,0.0,0.0
50,0.1,12,B,random,0.7,1.0,1.0,0.0
50,0.1,12,B,random,0.8,0.0,0.0,0.0
50,0.1,12,B,random,1.0,1.0,1.0,0.0
50,0.2,1,B,acquiescent,0.1,0.0,0.0,0.0
50,0.2,1,B,acquiescent,0.2,0.0,0.0,0.0
50,0.2,1,B,acquiescent,0.3,0.0,0.0,0.0
50,0.2,1,B,acquiescent,0.4,0.0,0.0,0.0
50,0.2,1,B,acquiescent,0.5,0.5,0.5,0.0
50,0.2,1,B,acquiescent,0.6,0.5,0.5,0.0
50,0.2,1,B,acquiescent,0.7,0.5,0.5,0.0
50,0.2,1,B,acquiescent,0.8,1.0,1.0,0.0
50,0.2,1,B,acquiescent,0.9,1.0,1.0,0.0
50,0.2,1,B,acquiescent,1.0,1.0,1.0,0.0
50,0.2,1,B,fatigue,0.1,0.0,0.0,0.0
50,0.2,1,B,fatigue,0.2,0.0,1.0,-1.0
50,0.2,1,B,fatigue,0.3,0.0,0.0,0.0
50,0.2,1,B,fatigue,0.4,0.5,0.5,0.0
50,0.2,1,B,fatigue,0.5,0.0,0.0,0.0
50,0.2,1,B,fatigue,0.6,0.5,1.0,-0.5
50,0.2,1,B,fatigue,0.7,1.0,0.5,0.5
50,0.2,1,B,fatigue,0.8,1.0,1.0,0.0
50,0.2,1,B,fatigue,0.9,0.5,0.5,0.0
50,0.2,1,B,fatigue,1.0,1.0,1.0,0.0
50,0.2,1,B,longstring,0.1,0.0,0.0,0.0
50,0.2,1,B,longstring,0.2,0.0,0.5,-0.5
50,0.2,1,B,longstring,0.3,0.0,0.0,0.0
50,0.2,1,B,longstring,0.4,1.0,0.0,1.0
50,0.2,1,B,longstring,0.5,1.0,1.0,0.0
50,0.2,1,B,longstring,0.6,0.0,0.0,0.0
50,0.2,1,B,longstring,0.7,1.0,1.0,0.0
50,0.2,1,B,longstring,0.8,1.0,1.0,0.0
50,0.2,1,B,longstring,0.9,0.0,0.0,0.0
50,0.2,1,B,longstring,1.0,1.0,1.0,0.0
50,0.2,1,B,mixed,0.1,1.0,1.0,0.0
50,0.2,1,B,mixed,0.2,0.5,0.0,0.5
50,0.2,1,B,mixed,0.3,0.0,0.0,0.0
50,0.2,1,B,mixed,0.4,0.0,0.0,0.0
50,0.2,1,B,mixed,0.5,0.0,0.0,0.0
50,0.2,1,B,mixed,0.6,0.0,0.0,0.0
50,0.2,1,B,mixed,0.7,0.0,0.0,0.0
50,0.2,1,B,mixed,0.8,0.5,0.5,0.0
50,0.2,1,B,mixed,0.9,0.5,0.5,0.0
50,0.2,1,B,mixed,1.0,1.0,1.0,0.0
50,0.2,1,B,pure_straight,0.1,0.0,0.0,0.0
50,0.2,1,B,pure_straight,0.2,0.0,1.0,-1.0
50,0.2,1,B,pure_straight,0.3,0.0,0.0,0.0
50,0.2,1,B,pure_straight,0.4,1.0,0.5,0.5
50,0.2,1,B,pure_straight,0.5,1.0,1.0,0.0
50,0.2,1,B,pure_straight,0.6,1.0,1.0,0.0
50,0.2,1,B,pure_straight,0.7,1.0,1.0,0.0
50,0.2,1,B,pure_straight,0.8,1.0,1.0,0.0
50,0.2,1,B,pure_straight,0.9,1.0,1.0,0.0
50,0.2,1,B,pure_straight,1.0,1.0,1.0,0.0
50,0.2,1,B,random,0.1,0.0,0.0,0.0
50,0.2,1,B,random,0.2,0.0,0.0,0.0
50,0.2,1,B,random,0.3,0.0,0.0,0.0
50,0.2,1,B,random,0.4,0.0,0.0,0.0
50,0.2,1,B,random,0.5,0.0,0.0,0.0
50,0.2,1,B,random,0.6,0.0,0.0,0.0
50,0.2,1,B,random,0.7,0.0,0.0,0.0
50,0.2,1,B,random,0.8,1.0,0.5,0.5
50,0.2,1,B,random,0.9,0.0,0.0,0.0
50,0.2,1,B,random,1.0,0.0,0.0,0.0
50,0.2,2,B,acquiescent,0.1,0.0,0.0,0.0
50,0.2,2,B,acquiescent,0.2,0.0,1.0,-1.0
50,0.2,2,B,acquiescent,0.3,0.0,0.0,0.0
50,0.2,2,B,acquiescent,0.4,0.0,0.0,0.0
50,0.2,2,B,acquiescent,0.5,0.0,0.0,0.0
50,0.2,2,B,acquiescent,0.6,1.0,1.0,0.0
50,0.2,2,B,acquiescent,0.7,1.0,1.0,0.0
50,0.2,2,B,acquiescent,0.8,0.5,0.5,0.0
50,0.2,2,B,acquiescent,0.9,1.0,1.0,0.0
50,0.2,2,B,acquiescent,1.0,1.0,1.0,0.0
50,0.2,2,B,fatigue,0.1,0.0,0.0,0.0
50,0.2,2,B,fatigue,0.2,0.0,0.0,0.0
50,0.2,2,B,fatigue,0.3,0.0,0.0,0.0
50,0.2,2,B,fatigue,0.4,0.5,0.5,0.0
50,0.2,2,B,fatigue,0.5,0.5,0.5,0.0
50,0.2,2,B,fatigue,0.6,0.0,0.0,0.0
50,0.2,2,B,fatigue,0.7,0.0,0.0,0.0
50,0.2,2,B,fatigue,0.8,1.0,1.0,0.0
50,0.2,2,B,fatigue,0.9,1.0,1.0,0.0
50,0.2,2,B,fatigue,1.0,1.0,1.0,0.0
50,0.2,2,B,longstring,0.1,0.0,0.0,0.0
50,0.2,2,B,longstring,0.2,0.5,0.5,0.0
50,0.2,2,B,longstring,0.3,0.5,0.5,0.0
50,0.2,2,B,longstring,0.4,0.0,0.5,-0.5
50,0.2,2,B,longstring,0.5,1.0,1.0,0.0
50,0.2,2,B,longstring,0.6,0.5,0.5,0.0
50,0.2,2,B,longstring,0.7,1.0,1.0,0.0
50,0.2,2,B,longstring,0.8,0.0,0.0,0.0
50,0.2,2,B,longstring,0.9,1.0,1.0,0.0
50,0.2,2,B,longstring,1.0,1.0,1.0,0.0
50,0.2,2,B,mixed,0.1,0.0,0.0,0.0
50,0.2,2,B,mixed,0.2,0.0,0.0,0.0
50,0.2,2,B,mixed,0.3,0.0,0.0,0.0
50,0.2,2,B,mixed,0.4,0.0,0.0,0.0
50,0.2,2,B,mixed,0.5,0.0,0.0,0.0
50,0.2,2,B,mixed,0.6,0.0,0.0,0.0
50,0.2,2,B,mixed,0.7,0.5,0.0,0.5
50,0.2,2,B,mixed,0.8,0.5,0.0,0.5
50,0.2,2,B,mixed,0.9,0.5,0.5,0.0
50,0.2,2,B,mixed,1.0,0.0,0.0,0.0
50,0.2,2,B,pure_straight,0.1,0.0,0.0,0.0
50,0.2,2,B,pure_straight,0.2,0.0,0.0,0.0
50,0.2,2,B,pure_straight,0.3,0.0,0.0,0.0
50,0.2,2,B,pure_straight,0.4,0.0,0.0,0.0
50,0.2,2,B,pure_straight,0.5,0.5,0.5,0.0
50,0.2,2,B,pure_straight,0.6,0.5,0.0,0.5
50,0.2,2,B,pure_straight,0.7,1.0,1.0,0.0
50,0.2,2,B,pure_straight,0.8,1.0,1.0,0.0
50,0.2,2,B,pure_straight,0.9,1.0,1.0,0.0
50,0.2,2,B,pure_straight,1.0,1.0,1.0,0.0
50,0.2,2,B,random,0.1,0.0,0.0,0.0
50,0.2,2,B,random,0.2,0.0,0.0,0.0
50,0.2,2,B,random,0.3,0.0,0.0,0.0
50,0.2,2,B,random,0.4,0.0,0.0,0.0
50,0.2,2,B,random,0.5,0.0,0.0,0.0
50,0.2,2,B,random,0.6,0.0,0.0,0.0
50,0.2,2,B,random,0.7,1.0,0.5,0.5
50,0.2,2,B,random,0.8,0.0,0.5,-0.5
50,0.2,2,B,random,0.9,0.5,0.0,0.5
50,0.2,2,B,random,1.0,1.0,0.0,1.0
50,0.2,3,B,acquiescent,0.1,0.0,0.0,0.0
50,0.2,3,B,acquiescent,0.2,0.0,0.0,0.0
50,0.2,3,B,acquiescent,0.3,0.0,0.0,0.0
50,0.2,3,B,acquiescent,0.4,1.0,1.0,0.0
50,0.2,3,B,acquiescent,0.5,0.0,0.0,0.0
50,0.2,3,B,acquiescent,0.6,0.5,1.0,-0.5
50,0.2,3,B,acquiescent,0.7,1.0,1.0,0.0
50,0.2,3,B,acquiescent,0.8,1.0,1.0,0.0
50,0.2,3,B,acquiescent,0.9,1.0,1.0,0.0
50,0.2,3,B,acquiescent,1.0,1.0,1.0,0.0
50,0.2,3,B,fatigue,0.1,0.0,0.0,0.0
50,0.2,3,B,fatigue,0.2,0.5,0.0,0.5
50,0.2,3,B,fatigue,0.3,1.0,0.0,1.0
50,0.2,3,B,fatigue,0.4,0.0,0.5,-0.5
50,0.2,3,B,fatigue,0.5,0.0,0.5,-0.5
50,0.2,3,B,fatigue,0.6,0.0,0.0,0.0
50,0.2,3,B,fatigue,0.7,0.5,0.5,0.0
50,0.2,3,B,fatigue,0.8,1.0,1.0,0.0
50,0.2,3,B,fatigue,0.9,1.0,0.0,1.0
50,0.2,3,B,fatigue,1.0,1.0,1.0,0.0
50,0.2,3,B,longstring,0.1,0.0,0.0,0.0
50,0.2,3,B,longstring,0.2,0.0,0.5,-0.5
50,0.2,3,B,longstring,0.3,0.0,0.0,0.0
50,0.2,3,B,longstring,0.4,0.0,0.0,0.0
50,0.2,3,B,longstring,0.5,0.0,0.0,0.0
50,0.2,3,B,longstring,0.6,1.0,1.0,0.0
50,0.2,3,B,longstring,0.7,0.5,0.5,0.0
50,0.2,3,B,longstring,0.8,1.0,1.0,0.0
50,0.2,3,B,longstring,0.9,1.0,1.0,0.0
50,0.2,3,B,longstring,1.0,0.5,0.5,0.0
50,0.2,3,B,mixed,0.1,0.0,0.0,0.0
50,0.2,3,B,mixed,0.2,0.0,0.0,0.0
50,0.2,3,B,mixed,0.3,0.0,0.0,0.0
50,0.2,3,B,mixed,0.4,0.5,0.0,0.5
50,0.2,3,B,mixed,0.5,0.0,0.0,0.0
50,0.2,3,B,mixed,0.6,0.0,0.0,0.0
50,0.2,3,B,mixed,0.7,0.0,0.0,0.0
50,0.2,3,B,mixed,0.8,0.0,0.0,0.0
50,0.2,3,B,mixed,0.9,0.0,0.0,0.0
50,0.2,3,B,mixed,1.0,0.5,0.5,0.0
50,0.2,3,B,pure_straight,0.1,0.0,0.0,0.0
50,0.2,3,B,pure_straight,0.2,0.5,0.5,0.0
50,0.2,3,B,pure_straight,0.3,0.0,0.0,0.0
50,0.2,3,B,pure_straight,0.4,1.0,1.0,0.0
50,0.2,3,B,pure_straight,0.5,0.0,1.0,-1.0
50,0.2,3,B,pure_straight,0.6,1.0,1.0,0.0
50,0.2,3,B,pure_straight,0.7,1.0,1.0,0.0
50,0.2,3,B,pure_straight,0.8,0.5,1.0,-0.5
50,0.2,3,B,pure_straight,0.9,1.0,1.0,0.0
50,0.2,3,B,pure_straight,1.0,1.0,1.0,0.0
50,0.2,3,B,random,0.1,0.0,0.0,0.0
50,0.2,3,B,random,0.2,0.0,0.0,0.0
50,0.2,3,B,random,0.3,0.0,0.0,0.0
50,0.2,3,B,random,0.4,0.0,0.0,0.0
50,0.2,3,B,random,0.5,0.5,0.0,0.5
50,0.2,3,B,random,0.6,0.0,0.0,0.0
50,0.2,3,B,random,0.7,1.0,1.0,0.0
50,0.2,3,B,random,0.8,0.0,0.0,0.0
50,0.2,3,B,random,0.9,0.5,0.5,0.0
50,0.2,3,B,random,1.0,1.0,0.0,1.0
50,0.2,4,B,acquiescent,0.1,0.0,0.0,0.0
50,0.2,4,B,acquiescent,0.2,0.0,0.0,0.0
50,0.2,4,B,acquiescent,0.3,1.0,0.5,0.5
50,0.2,4,B,acquiescent,0.4,0.5,0.5,0.0
50,0.2,4,B,acquiescent,0.5,0.5,0.5,0.0
50,0.2,4,B,acquiescent,0.6,1.0,1.0,0.0
50,0.2,4,B,acquiescent,0.7,1.0,1.0,0.0
50,0.2,4,B,acquiescent,0.8,1.0,1.0,0.0
50,0.2,4,B,acquiescent,0.9,1.0,1.0,0.0
50,0.2,4,B,acquiescent,1.0,1.0,1.0,0.0
50,0.2,4,B,fatigue,0.1,0.0,0.0,0.0
50,0.2,4,B,fatigue,0.2,0.0,0.0,0.0
50,0.2,4,B,fatigue,0.3,1.0,1.0,0.0
50,0.2,4,B,fatigue,0.4,0.0,0.0,0.0
50,0.2,4,B,fatigue,0.5,0.0,0.0,0.0
50,0.2,4,B,fatigue,0.6,0.0,0.0,0.0
50,0.2,4,B,fatigue,0.7,0.0,0.0,0.0
50,0.2,4,B,fatigue,0.8,0.5,0.5,0.0
50,0.2,4,B,fatigue,0.9,1.0,1.0,0.0
50,0.2,4,B,fatigue,1.0,0.5,0.5,0.0
50,0.2,4,B,longstring,0.1,0.0,0.0,0.0
50,0.2,4,B,longstring,0.2,0.0,0.0,0.0
50,0.2,4,B,longstring,0.3,0.0,0.0,0.0
50,0.2,4,B,longstring,0.4,0.0,0.0,0.0
50,0.2,4,B,longstring,0.5,1.0,1.0,0.0
50,0.2,4,B,longstring,0.6,0.5,0.5,0.0
50,0.2,4,B,longstring,0.7,1.0,1.0,0.0
50,0.2,4,B,longstring,0.8,1.0,1.0,0.0
50,0.2,4,B,longstring,0.9,0.0,0.0,0.0
50,0.2,4,B,longstring,1.0,1.0,1.0,0.0
50,0.2,4,B,mixed,0.1,0.0,0.0,0.0
50,0.2,4,B,mixed,0.2,0.0,0.0,0.0
50,0.2,4,B,mixed,0.3,0.0,0.0,0.0
50,0.2,4,B,mixed,0.4,0.5,0.5,0.0
50,0.2,4,B,mixed,0.5,0.0,0.0,0.0
50,0.2,4,B,mixed,0.6,1.0,0.5,0.5
50,0.2,4,B,mixed,0.7,1.0,1.0,0.0
50,0.2,4,B,mixed,0.8,1.0,1.0,0.0
50,0.2,4,B,mixed,0.9,1.0,1.0,0.0
50,0.2,4,B,mixed,1.0,0.5,0.5,0.0
50,0.2,4,B,pure_straight,0.1,0.0,0.0,0.0
50,0.2,4,B,pure_straight,0.2,0.0,0.0,0.0
50,0.2,4,B,pure_straight,0.3,0.0,0.0,0.0
50,0.2,4,B,pure_straight,0.4,0.0,0.0,0.0
50,0.2,4,B,pure_straight,0.5,1.0,0.5,0.5
50,0.2,4,B,pure_straight,0.6,1.0,1.0,0.0
50,0.2,4,B,pure_straight,0.7,1.0,1.0,0.0
50,0.2,4,B,pure_straight,0.8,1.0,1.0,0.0
50,0.2,4,B,pure_straight,0.9,1.0,1.0,0.0
50,0.2,4,B,pure_straight,1.0,1.0,1.0,0.0
50,0.2,4,B,random,0.1,0.0,0.0,0.0
50,0.2,4,B,random,0.2,0.5,0.0,0.5
50,0.2,4,B,random,0.3,0.0,0.0,0.0
50,0.2,4,B,random,0.4,1.0,0.0,1.0
50,0.2,4,B,random,0.5,0.5,0.5,0.0
50,0.2,4,B,random,0.6,0.0,0.0,0.0
50,0.2,4,B,random,0.7,0.5,0.5,0.0
50,0.2,4,B,random,0.8,0.0,0.0,0.0
50,0.2,4,B,random,0.9,0.5,0.0,0.5
50,0.2,4,B,random,1.0,0.0,0.0,0.0
50,0.2,5,B,acquiescent,0.1,0.0,0.0,0.0
50,0.2,5,B,acquiescent,0.2,0.5,0.5,0.0
50,0.2,5,B,acquiescent,0.3,0.5,0.5,0.0
50,0.2,5,B,acquiescent,0.4,0.0,0.0,0.0
50,0.2,5,B,acquiescent,0.5,0.5,0.5,0.0
50,0.2,5,B,acquiescent,0.6,0.0,0.5,-0.5
50,0.2,5,B,acquiescent,0.7,1.0,1.0,0.0
50,0.2,5,B,acquiescent,0.8,1.0,1.0,0.0
50,0.2,5,B,acquiescent,0.9,1.0,1.0,0.0
50,0.2,5,B,acquiescent,1.0,1.0,1.0,0.0
50,0.2,5,B,fatigue,0.1,0.0,0.0,0.0
50,0.2,5,B,fatigue,0.2,0.5,0.0,0.5
50,0.2,5,B,fatigue,0.3,0.5,0.0,0.5
50,0.2,5,B,fatigue,0.4,0.5,0.0,0.5
50,0.2,5,B,fatigue,0.5,1.0,1.0,0.0
50,0.2,5,B,fatigue,0.6,0.0,0.0,0.0
50,0.2,5,B,fatigue,0.7,0.0,0.0,0.0
50,0.2,5,B,fatigue,0.8,1.0,1.0,0.0
50,0.2,5,B,fatigue,0.9,0.5,0.5,0.0
50,0.2,5,B,fatigue,1.0,1.0,0.5,0.5
50,0.2,5,B,longstring,0.1,0.0,0.0,0.0
50,0.2,5,B,longstring,0.2,0.0,0.0,0.0
50,0.2,5,B,longstring,0.3,0.5,0.5,0.0
50,0.2,5,B,longstring,0.4,0.0,0.0,0.0
50,0.2,5,B,longstring,0.5,0.0,0.0,0.0
50,0.2,5,B,longstring,0.6,0.5,1.0,-0.5
50,0.2,5,B,longstring,0.7,0.0,0.0,0.0
50,0.2,5,B,longstring,0.8,1.0,1.0,0.0
50,0.2,5,B,longstring,0.9,1.0,1.0,0.0
50,0.2,5,B,longstring,1.0,0.5,0.5,0.0
50,0.2,5,B,mixed,0.1,0.0,0.0,0.0
50,0.2,5,B,mixed,0.2,0.0,0.0,0.0
50,0.2,5,B,mixed,0.3,0.0,0.0,0.0
50,0.2,5,B,mixed,0.4,0.0,0.0,0.0
50,0.2,5,B,mixed,0.5,0.0,0.0,0.0
50,0.2,5,B,mixed,0.6,0.0,0.0,0.0
50,0.2,5,B,mixed,0.7,0.0,0.0,0.0
50,0.2,5,B,mixed,0.8,0.5,0.5,0.0
50,0.2,5,B,mixed,0.9,0.5,0.5,0.0
50,0.2,5,B,mixed,1.0,0.0,0.0,0.0
50,0.2,5,B,pure_straight,0.1,0.0,0.0,0.0
50,0.2,5,B,pure_straight,0.2,0.0,0.0,0.0
50,0.2,5,B,pure_straight,0.3,0.0,0.0,0.0
50,0.2,5,B,pure_straight,0.4,0.5,0.0,0.5
50,0.2,5,B,pure_straight,0.5,1.0,1.0,0.0
50,0.2,5,B,pure_straight,0.6,1.0,1.0,0.0
50,0.2,5,B,pure_straight,0.7,1.0,1.0,0.0
50,0.2,5,B,pure_straight,0.8,1.0,1.0,0.0
50,0.2,5,B,pure_straight,0.9,1.0,1.0,0.0
50,0.2,5,B,pure_straight,1.0,1.0,1.0,0.0
50,0.2,5,B,random,0.1,0.0,0.5,-0.5
50,0.2,5,B,random,0.2,0.0,0.0,0.0
50,0.2,5,B,random,0.3,0.0,0.5,-0.5
50,0.2,5,B,random,0.4,0.0,0.0,0.0
50,0.2,5,B,random,0.5,0.0,0.0,0.0
50,0.2,5,B,random,0.6,0.0,0.0,0.0
50,0.2,5,B,random,0.7,0.0,0.5,-0.5
50,0.2,5,B,random,0.8,0.0,0.0,0.0
50,0.2,5,B,random,0.9,0.0,1.0,-1.0
50,0.2,5,B,random,1.0,0.0,0.0,0.0
50,0.2,6,B,acquiescent,0.1,0.0,0.0,0.0
50,0.2,6,B,acquiescent,0.2,0.5,0.5,0.0
50,0.2,6,B,acquiescent,0.3,0.0,0.0,0.0
50,0.2,6,B,acquiescent,0.4,0.5,0.5,0.0
50,0.2,6,B,acquiescent,0.5,1.0,0.5,0.5
50,0.2,6,B,acquiescent,0.6,0.5,0.5,0.0
50,0.2,6,B,acquiescent,0.7,1.0,1.0,0.0
50,0.2,6,B,acquiescent,0.8,1.0,1.0,0.0
50,0.2,6,B,acquiescent,0.9,1.0,1.0,0.0
50,0.2,6,B,acquiescent,1.0,1.0,1.0,0.0
50,0.2,6,B,fatigue,0.1,0.0,0.0,0.0
50,0.2,6,B,fatigue,0.2,0.0,0.5,-0.5
50,0.2,6,B,fatigue,0.3,0.0,0.0,0.0
50,0.2,6,B,fatigue,0.4,0.0,0.0,0.0
50,0.2,6,B,fatigue,0.5,0.0,0.0,0.0
50,0.2,6,B,fatigue,0.6,0.0,0.0,0.0
50,0.2,6,B,fatigue,0.7,0.5,0.5,0.0
50,0.2,6,B,fatigue,0.8,1.0,1.0,0.0
50,0.2,6,B,fatigue,0.9,0.5,0.5,0.0
50,0.2,6,B,fatigue,1.0,1.0,1.0,0.0
50,0.2,6,B,longstring,0.1,0.0,0.0,0.0
50,0.2,6,B,longstring,0.2,0.0,0.0,0.0
50,0.2,6,B,longstring,0.3,0.0,0.0,0.0
50,0.2,6,B,longstring,0.4,0.5,0.5,0.0
50,0.2,6,B,longstring,0.5,0.0,0.0,0.0
50,0.2,6,B,longstring,0.6,0.0,0.0,0.0
50,0.2,6,B,longstring,0.7,1.0,1.0,0.0
50,0.2,6,B,longstring,0.8,0.0,0.0,0.0
50,0.2,6,B,longstring,0.9,0.5,0.5,0.0
50,0.2,6,B,longstring,1.0,1.0,1.0,0.0
50,0.2,6,B,mixed,0.1,0.0,0.0,0.0
50,0.2,6,B,mixed,0.2,0.0,0.0,0.0
50,0.2,6,B,mixed,0.3,0.0,0.0,0.0
50,0.2,6,B,mixed,0.4,0.0,0.0,0.0
50,0.2,6,B,mixed,0.5,0.5,0.5,0.0
50,0.2,6,B,mixed,0.6,0.0,0.0,0.0
50,0.2,6,B,mixed,0.7,0.0,0.0,0.0
50,0.2,6,B,mixed,0.8,1.0,1.0,0.0
50,0.2,6,B,mixed,0.9,0.5,0.5,0.0
50,0.2,6,B,mixed,1.0,0.0,0.0,0.0
50,0.2,6,B,pure_straight,0.1,0.0,0.0,0.0
50,0.2,6,B,pure_straight,0.2,0.0,0.0,0.0
50,0.2,6,B,pure_straight,0.3,0.0,0.0,0.0
50,0.2,6,B,pure_straight,0.4,0.0,0.5,-0.5
50,0.2,6,B,pure_straight,0.5,0.5,0.5,0.0
50,0.2,6,B,pure_straight,0.6,1.0,1.0,0.0
50,0.2,6,B,pure_straight,0.7,1.0,1.0,0.0
50,0.2,6,B,pure_straight,0.8,1.0,1.0,0.0
50,0.2,6,B,pure_straight,0.9,1.0,1.0,0.0
50,0.2,6,B,pure_straight,1.0,1.0,1.0,0.0
50,0.2,6,B,random,0.1,0.0,0.0,0.0
50,0.2,6,B,random,0.2,0.0,0.0,0.0
50,0.2,6,B,random,0.3,0.0,0.0,0.0
50,0.2,6,B,random,0.4,0.0,0.0,0.0
50,0.2,6,B,random,0.5,0.5,0.5,0.0
50,0.2,6,B,random,0.6,1.0,0.5,0.5
50,0.2,6,B,random,0.7,0.5,0.5,0.0
50,0.2,6,B,random,0.8,1.0,1.0,0.0
50,0.2,6,B,random,0.9,0.0,0.5,-0.5
50,0.2,6,B,random,1.0,0.5,0.0,0.5
50,0.2,7,B,acquiescent,0.1,0.0,0.0,0.0
50,0.2,7,B,acquiescent,0.2,0.0,0.0,0.0
50,0.2,7,B,acquiescent,0.3,0.5,0.5,0.0
50,0.2,7,B,acquiescent,0.4,1.0,1.0,0.0
50,0.2,7,B,acquiescent,0.5,0.0,0.0,0.0
50,0.2,7,B,acquiescent,0.6,0.0,0.0,0.0
50,0.2,7,B,acquiescent,0.7,1.0,1.0,0.0
50,0.2,7,B,acquiescent,0.8,1.0,1.0,0.0
50,0.2,7,B,acquiescent,0.9,1.0,1.0,0.0
50,0.2,7,B,acquiescent,1.0,1.0,1.0,0.0
50,0.2,7,B,fatigue,0.1,0.5,0.0,0.5
50,0.2,7,B,fatigue,0.2,1.0,0.5,0.5
50,0.2,7,B,fatigue,0.3,0.0,0.0,0.0
50,0.2,7,B,fatigue,0.4,0.5,0.5,0.0
50,0.2,7,B,fatigue,0.5,0.5,0.5,0.0
50,0.2,7,B,fatigue,0.6,0.0,0.0,0.0
50,0.2,7,B,fatigue,0.7,1.0,1.0,0.0
50,0.2,7,B,fatigue,0.8,1.0,1.0,0.0
50,0.2,7,B,fatigue,0.9,1.0,1.0,0.0
50,0.2,7,B,fatigue,1.0,0.0,0.0,0.0
50,0.2,7,B,longstring,0.1,0.0,0.0,0.0
50,0.2,7,B,longstring,0.2,0.0,0.0,0.0
50,0.2,7,B,longstring,0.3,0.0,0.0,0.0
50,0.2,7,B,longstring,0.4,1.0,1.0,0.0
50,0.2,7,B,longstring,0.5,0.0,0.0,0.0
50,0.2,7,B,longstring,0.6,0.0,0.0,0.0
50,0.2,7,B,longstring,0.7,1.0,1.0,0.0
50,0.2,7,B,longstring,0.8,0.5,0.0,0.5
50,0.2,7,B,longstring,0.9,0.5,1.0,-0.5
50,0.2,7,B,longstring,1.0,0.5,0.5,0.0
50,0.2,7,B,mixed,0.1,0.5,0.0,0.5
50,0.2,7,B,mixed,0.2,0.0,0.0,0.0
50,0.2,7,B,mixed,0.3,0.0,0.0,0.0
50,0.2,7,B,mixed,0.4,0.0,0.0,0.0
50,0.2,7,B,mixed,0.5,0.0,0.0,0.0
50,0.2,7,B,mixed,0.6,0.0,0.0,0.0
50,0.2,7,B,mixed,0.7,0.5,0.5,0.0
50,0.2,7,B,mixed,0.8,0.0,0.0,0.0
50,0.2,7,B,mixed,0.9,0.0,0.0,0.0
50,0.2,7,B,mixed,1.0,0.0,0.5,-0.5
50,0.2,7,B,pure_straight,0.1,0.0,0.0,0.0
50,0.2,7,B,pure_straight,0.2,0.5,0.5,0.0
50,0.2,7,B,pure_straight,0.3,0.0,0.0,0.0
50,0.2,7,B,pure_straight,0.4,1.0,1.0,0.0
50,0.2,7,B,pure_straight,0.5,1.0,1.0,0.0
50,0.2,7,B,pure_straight,0.6,0.0,0.0,0.0
50,0.2,7,B,pure_straight,0.7,1.0,1.0,0.0
50,0.2,7,B,pure_straight,0.8,1.0,1.0,0.0
50,0.2,7,B,pure_straight,0.9,1.0,1.0,0.0
50,0.2,7,B,pure_straight,1.0,1.0,1.0,0.0
50,0.2,7,B,random,0.1,1.0,1.0,0.0
50,0.2,7,B,random,0.2,0.0,0.0,0.0
50,0.2,7,B,random,0.3,0.0,0.5,-0.5
50,0.2,7,B,random,0.4,0.0,0.5,-0.5
50,0.2,7,B,random,0.5,0.0,0.0,0.0
50,0.2,7,B,random,0.6,0.5,0.0,0.5
50,0.2,7,B,random,0.7,1.0,1.0,0.0
50,0.2,7,B,random,0.8,0.0,0.0,0.0
50,0.2,7,B,random,0.9,0.0,0.5,-0.5
50,0.2,7,B,random,1.0,0.0,0.0,0.0
50,0.2,8,B,acquiescent,0.1,0.0,0.0,0.0
50,0.2,8,B,acquiescent,0.2,0.5,0.0,0.5
50,0.2,8,B,acquiescent,0.3,1.0,1.0,0.0
50,0.2,8,B,acquiescent,0.4,0.5,0.5,0.0
50,0.2,8,B,acquiescent,0.5,0.5,0.5,0.0
50,0.2,8,B,acquiescent,0.6,0.5,0.0,0.5
50,0.2,8,B,acquiescent,0.7,1.0,1.0,0.0
50,0.2,8,B,acquiescent,0.8,1.0,1.0,0.0
50,0.2,8,B,acquiescent,0.9,1.0,1.0,0.0
50,0.2,8,B,acquiescent,1.0,1.0,1.0,0.0
50,0.2,8,B,fatigue,0.1,0.0,0.0,0.0
50,0.2,8,B,fatigue,0.2,0.0,0.0,0.0
50,0.2,8,B,fatigue,0.3,0.0,0.0,0.0
50,0.2,8,B,fatigue,0.4,1.0,1.0,0.0
50,0.2,8,B,fatigue,0.5,0.0,0.0,0.0
50,0.2,8,B,fatigue,0.6,1.0,1.0,0.0
50,0.2,8,B,fatigue,0.7,0.5,1.0,-0.5
50,0.2,8,B,fatigue,0.8,0.5,0.5,0.0
50,0.2,8,B,fatigue,0.9,1.0,1.0,0.0
50,0.2,8,B,fatigue,1.0,1.0,1.0,0.0
50,0.2,8,B,longstring,0.1,0.0,0.0,0.0
50,0.2,8,B,longstring,0.2,0.0,0.0,0.0
50,0.2,8,B,longstring,0.3,0.0,0.0,0.0
50,0.2,8,B,longstring,0.4,0.0,0.0,0.0
50,0.2,8,B,longstring,0.5,0.0,0.0,0.0
50,0.2,8,B,longstring,0.6,0.5,1.0,-0.5
50,0.2,8,B,longstring,0.7,1.0,1.0,0.0
50,0.2,8,B,longstring,0.8,0.5,0.5,0.0
50,0.2,8,B,longstring,0.9,0.5,1.0,-0.5
50,0.2,8,B,longstring,1.0,1.0,1.0,0.0
50,0.2,8,B,mixed,0.1,0.0,0.0,0.0
50,0.2,8,B,mixed,0.2,0.0,0.0,0.0
50,0.2,8,B,mixed,0.3,0.0,0.0,0.0
50,0.2,8,B,mixed,0.4,0.0,0.0,0.0
50,0.2,8,B,mixed,0.5,0.0,0.0,0.0
50,0.2,8,B,mixed,0.6,0.0,0.0,0.0
50,0.2,8,B,mixed,0.7,0.0,0.0,0.0
50,0.2,8,B,mixed,0.8,0.0,0.0,0.0
50,0.2,8,B,mixed,0.9,0.0,0.0,0.0
50,0.2,8,B,mixed,1.0,0.5,0.5,0.0
50,0.2,8,B,pure_straight,0.1,0.0,0.0,0.0
50,0.2,8,B,pure_straight,0.2,0.0,0.0,0.0
50,0.2,8,B,pure_straight,0.3,0.0,0.0,0.0
50,0.2,8,B,pure_straight,0.4,0.0,0.0,0.0
50,0.2,8,B,pure_straight,0.5,1.0,1.0,0.0
50,0.2,8,B,pure_straight,0.6,0.0,0.0,0.0
50,0.2,8,B,pure_straight,0.7,1.0,1.0,0.0
50,0.2,8,B,pure_straight,0.8,1.0,1.0,0.0
50,0.2,8,B,pure_straight,0.9,1.0,1.0,0.0
50,0.2,8,B,pure_straight,1.0,1.0,1.0,0.0
50,0.2,8,B,random,0.1,0.0,0.0,0.0
50,0.2,8,B,random,0.2,0.0,0.0,0.0
50,0.2,8,B,random,0.3,0.0,0.0,0.0
50,0.2,8,B,random,0.4,1.0,1.0,0.0
50,0.2,8,B,random,0.5,0.0,0.0,0.0
50,0.2,8,B,random,0.6,0.0,0.0,0.0
50,0.2,8,B,random,0.7,0.0,0.0,0.0
50,0.2,8,B,random,0.8,0.0,0.0,0.0
50,0.2,8,B,random,0.9,0.5,0.5,0.0
50,0.2,8,B,random,1.0,0.0,0.0,0.0
50,0.2,9,B,acquiescent,0.1,0.0,0.0,0.0
50,0.2,9,B,acquiescent,0.2,0.0,0.0,0.0
50,0.2,9,B,acquiescent,0.3,0.0,0.0,0.0
50,0.2,9,B,acquiescent,0.4,0.0,0.0,0.0
50,0.2,9,B,acquiescent,0.5,0.0,0.0,0.0
50,0.2,9,B,acquiescent,0.6,1.0,1.0,0.0
50,0.2,9,B,acquiescent,0.7,1.0,1.0,0.0
50,0.2,9,B,acquiescent,0.8,1.0,1.0,0.0
50,0.2,9,B,acquiescent,0.9,1.0,1.0,0.0
50,0.2,9,B,acquiescent,1.0,1.0,1.0,0.0
50,0.2,9,B,fatigue,0.1,0.0,0.0,0.0
50,0.2,9,B,fatigue,0.2,0.0,0.0,0.0
50,0.2,9,B,fatigue,0.3,0.0,0.0,0.0
50,0.2,9,B,fatigue,0.4,0.0,0.0,0.0
50,0.2,9,B,fatigue,0.5,1.0,1.0,0.0
50,0.2,9,B,fatigue,0.6,0.5,0.5,0.0
50,0.2,9,B,fatigue,0.7,0.5,0.5,0.0
50,0.2,9,B,fatigue,0.8,0.0,1.0,-1.0
50,0.2,9,B,fatigue,0.9,1.0,1.0,0.0
50,0.2,9,B,fatigue,1.0,0.5,0.5,0.0
50,0.2,9,B,longstring,0.1,0.0,0.0,0.0
50,0.2,9,B,longstring,0.2,0.0,0.0,0.0
50,0.2,9,B,longstring,0.3,0.0,0.0,0.0
50,0.2,9,B,longstring,0.4,0.0,0.0,0.0
50,0.2,9,B,longstring,0.5,0.5,0.0,0.5
50,0.2,9,B,longstring,0.6,0.5,0.0,0.5
50,0.2,9,B,longstring,0.7,0.5,0.5,0.0
50,0.2,9,B,longstring,0.8,1.0,0.5,0.5
50,0.2,9,B,longstring,0.9,0.0,0.5,-0.5
50,0.2,9,B,longstring,1.0,1.0,1.0,0.0
50,0.2,9,B,mixed,0.1,0.0,0.0,0.0
50,0.2,9,B,mixed,0.2,0.0,0.0,0.0
50,0.2,9,B,mixed,0.3,0.0,0.0,0.0
50,0.2,9,B,mixed,0.4,1.0,1.0,0.0
50,0.2,9,B,mixed,0.5,0.0,0.0,0.0
50,0.2,9,B,mixed,0.6,0.0,0.0,0.0
50,0.2,9,B,mixed,0.7,0.0,0.0,0.0
50,0.2,9,B,mixed,0.8,0.0,0.0,0.0
50,0.2,9,B,mixed,0.9,0.5,0.0,0.5
50,0.2,9,B,mixed,1.0,0.0,0.0,0.0
50,0.2,9,B,pure_straight,0.1,0.0,0.0,0.0
50,0.2,9,B,pure_straight,0.2,0.5,0.5,0.0
50,0.2,9,B,pure_straight,0.3,0.0,0.0,0.0
50,0.2,9,B,pure_straight,0.4,0.5,0.5,0.0
50,0.2,9,B,pure_straight,0.5,1.0,1.0,0.0
50,0.2,9,B,pure_straight,0.6,1.0,1.0,0.0
50,0.2,9,B,pure_straight,0.7,0.5,1.0,-0.5
50,0.2,9,B,pure_straight,0.8,1.0,1.0,0.0
50,0.2,9,B,pure_straight,0.9,1.0,1.0,0.0
50,0.2,9,B,pure_straight,1.0,1.0,1.0,0.0
50,0.2,9,B,random,0.1,0.0,1.0,-1.0
50,0.2,9,B,random,0.2,0.0,0.0,0.0
50,0.2,9,B,random,0.3,0.0,0.0,0.0
50,0.2,9,B,random,0.4,0.5,0.0,0.5
50,0.2,9,B,random,0.5,0.0,0.0,0.0
50,0.2,9,B,random,0.6,0.0,0.0,0.0
50,0.2,9,B,random,0.7,0.0,0.0,0.0
50,0.2,9,B,random,0.8,0.5,0.0,0.5
50,0.2,9,B,random,0.9,0.0,0.0,0.0
50,0.2,9,B,random,1.0,1.0,0.5,0.5
50,0.2,10,B,acquiescent,0.1,0.5,0.5,0.0
50,0.2,10,B,acquiescent,0.2,1.0,1.0,0.0
50,0.2,10,B,acquiescent,0.3,0.0,0.0,0.0
50,0.2,10,B,acquiescent,0.4,0.5,0.0,0.5
50,0.2,10,B,acquiescent,0.5,0.5,0.5,0.0
50,0.2,10,B,acquiescent,0.6,1.0,1.0,0.0
50,0.2,10,B,acquiescent,0.7,0.5,1.0,-0.5
50,0.2,10,B,acquiescent,0.8,0.5,1.0,-0.5
50,0.2,10,B,acquiescent,0.9,1.0,1.0,0.0
50,0.2,10,B,acquiescent,1.0,1.0,1.0,0.0
50,0.2,10,B,fatigue,0.1,0.0,0.0,0.0
50,0.2,10,B,fatigue,0.2,0.0,0.0,0.0
50,0.2,10,B,fatigue,0.3,0.0,0.0,0.0
50,0.2,10,B,fatigue,0.4,0.5,0.5,0.0
50,0.2,10,B,fatigue,0.5,0.5,0.5,0.0
50,0.2,10,B,fatigue,0.6,0.0,0.0,0.0
50,0.2,10,B,fatigue,0.7,0.0,0.0,0.0
50,0.2,10,B,fatigue,0.8,1.0,1.0,0.0
50,0.2,10,B,fatigue,0.9,1.0,1.0,0.0
50,0.2,10,B,fatigue,1.0,1.0,1.0,0.0
50,0.2,10,B,longstring,0.1,0.0,0.0,0.0
50,0.2,10,B,longstring,0.2,0.0,0.0,0.0
50,0.2,10,B,longstring,0.3,1.0,1.0,0.0
50,0.2,10,B,longstring,0.4,0.0,0.0,0.0
50,0.2,10,B,longstring,0.5,0.5,0.5,0.0
50,0.2,10,B,longstring,0.6,0.0,0.0,0.0
50,0.2,10,B,longstring,0.7,1.0,1.0,0.0
50,0.2,10,B,longstring,0.8,0.0,1.0,-1.0
50,0.2,10,B,longstring,0.9,0.5,0.5,0.0
50,0.2,10,B,longstring,1.0,1.0,1.0,0.0
50,0.2,10,B,mixed,0.1,0.0,0.0,0.0
50,0.2,10,B,mixed,0.2,1.0,1.0,0.0
50,0.2,10,B,mixed,0.3,0.5,0.5,0.0
50,0.2,10,B,mixed,0.4,0.0,0.0,0.0
50,0.2,10,B,mixed,0.5,0.0,0.0,0.0
50,0.2,10,B,mixed,0.6,0.5,0.0,0.5
50,0.2,10,B,mixed,0.7,0.0,0.0,0.0
50,0.2,10,B,mixed,0.8,0.5,0.5,0.0
50,0.2,10,B,mixed,0.9,0.0,0.0,0.0
50,0.2,10,B,mixed,1.0,1.0,1.0,0.0
50,0.2,10,B,pure_straight,0.1,0.0,0.0,0.0
50,0.2,10,B,pure_straight,0.2,0.0,0.0,0.0
50,0.2,10,B,pure_straight,0.3,0.0,0.0,0.0
50,0.2,10,B,pure_straight,0.4,0.5,0.5,0.0
50,0.2,10,B,pure_straight,0.5,1.0,1.0,0.0
50,0.2,10,B,pure_straight,0.6,1.0,0.0,1.0
50,0.2,10,B,pure_straight,0.7,1.0,1.0,0.0
50,0.2,10,B,pure_straight,0.8,1.0,0.5,0.5
50,0.2,10,B,pure_straight,0.9,1.0,1.0,0.0
50,0.2,10,B,pure_straight,1.0,1.0,1.0,0.0
50,0.2,10,B,random,0.1,0.0,0.0,0.0
50,0.2,10,B,random,0.2,0.0,0.0,0.0
50,0.2,10,B,random,0.3,0.0,0.0,0.0
50,0.2,10,B,random,0.4,0.5,0.5,0.0
50,0.2,10,B,random,0.5,0.0,0.0,0.0
50,0.2,10,B,random,0.6,0.0,0.0,0.0
50,0.2,10,B,random,0.7,0.0,0.0,0.0
50,0.2,10,B,random,0.8,1.0,1.0,0.0
50,0.2,10,B,random,0.9,0.0,0.0,0.0
50,0.2,10,B,random,1.0,0.0,0.0,0.0
50,0.2,11,B,acquiescent,0.1,0.0,0.0,0.0
50,0.2,11,B,acquiescent,0.2,0.5,0.5,0.0
50,0.2,11,B,acquiescent,0.3,0.0,0.0,0.0
50,0.2,11,B,acquiescent,0.4,1.0,1.0,0.0
50,0.2,11,B,acquiescent,0.5,0.0,0.0,0.0
50,0.2,11,B,acquiescent,0.6,0.5,0.0,0.5
50,0.2,11,B,acquiescent,0.7,0.5,0.5,0.0
50,0.2,11,B,acquiescent,0.8,0.0,0.0,0.0
50,0.2,11,B,acquiescent,0.9,1.0,1.0,0.0
50,0.2,11,B,acquiescent,1.0,1.0,1.0,0.0
50,0.2,11,B,fatigue,0.1,0.0,0.0,0.0
50,0.2,11,B,fatigue,0.2,0.0,0.0,0.0
50,0.2,11,B,fatigue,0.3,0.0,0.0,0.0
50,0.2,11,B,fatigue,0.4,0.0,0.0,0.0
50,0.2,11,B,fatigue,0.5,1.0,0.5,0.5
50,0.2,11,B,fatigue,0.6,0.0,0.0,0.0
50,0.2,11,B,fatigue,0.7,0.5,0.0,0.5
50,0.2,11,B,fatigue,0.8,0.0,0.0,0.0
50,0.2,11,B,fatigue,0.9,1.0,1.0,0.0
50,0.2,11,B,fatigue,1.0,1.0,1.0,0.0
50,0.2,11,B,longstring,0.1,0.0,0.0,0.0
50,0.2,11,B,longstring,0.2,0.0,0.0,0.0
50,0.2,11,B,longstring,0.3,0.0,0.0,0.0
50,0.2,11,B,longstring,0.4,0.0,0.0,0.0
50,0.2,11,B,longstring,0.5,0.5,0.5,0.0
50,0.2,11,B,longstring,0.6,0.5,0.5,0.0
50,0.2,11,B,longstring,0.7,1.0,1.0,0.0
50,0.2,11,B,longstring,0.8,1.0,1.0,0.0
50,0.2,11,B,longstring,0.9,1.0,0.0,1.0
50,0.2,11,B,longstring,1.0,1.0,1.0,0.0
50,0.2,11,B,mixed,0.1,0.0,0.0,0.0
50,0.2,11,B,mixed,0.2,0.5,0.0,0.5
50,0.2,11,B,mixed,0.3,0.0,0.0,0.0
50,0.2,11,B,mixed,0.4,0.5,0.5,0.0
50,0.2,11,B,mixed,0.5,0.0,0.0,0.0
50,0.2,11,B,mixed,0.6,0.0,0.0,0.0
50,0.2,11,B,mixed,0.7,0.0,0.0,0.0
50,0.2,11,B,mixed,0.8,1.0,1.0,0.0
50,0.2,11,B,mixed,0.9,0.5,0.5,0.0
50,0.2,11,B,mixed,1.0,0.5,0.5,0.0
50,0.2,11,B,pure_straight,0.1,0.0,0.0,0.0
50,0.2,11,B,pure_straight,0.2,0.5,0.5,0.0
50,0.2,11,B,pure_straight,0.3,0.0,0.0,0.0
50,0.2,11,B,pure_straight,0.4,0.0,0.0,0.0
50,0.2,11,B,pure_straight,0.5,0.5,0.5,0.0
50,0.2,11,B,pure_straight,0.6,0.5,0.5,0.0
50,0.2,11,B,pure_straight,0.7,1.0,1.0,0.0
50,0.2,11,B,pure_straight,0.8,1.0,1.0,0.0
50,0.2,11,B,pure_straight,0.9,1.0,1.0,0.0
50,0.2,11,B,pure_straight,1.0,1.0,1.0,0.0
50,0.2,11,B,random,0.1,0.0,0.5,-0.5
50,0.2,11,B,random,0.2,1.0,1.0,0.0
50,0.2,11,B,random,0.3,0.5,0.0,0.5
50,0.2,11,B,random,0.4,0.0,0.0,0.0
50,0.2,11,B,random,0.5,0.5,0.5,0.0
50,0.2,11,B,random,0.6,0.0,0.0,0.0
50,0.2,11,B,random,0.7,0.5,0.0,0.5
50,0.2,11,B,random,0.8,0.0,0.0,0.0
50,0.2,11,B,random,0.9,1.0,1.0,0.0
50,0.2,11,B,random,1.0,1.0,0.0,1.0
50,0.2,12,B,acquiescent,0.1,0.0,0.0,0.0
50,0.2,12,B,acquiescent,0.2,0.0,0.0,0.0
50,0.2,12,B,acquiescent,0.3,0.0,0.0,0.0
50,0.2,12,B,acquiescent,0.4,1.0,1.0,0.0
50,0.2,12,B,acquiescent,0.5,0.5,0.5,0.0
50,0.2,12,B,acquiescent,0.6,0.0,0.5,-0.5
50,0.2,12,B,acquiescent,0.7,0.5,0.5,0.0
50,0.2,12,B,acquiescent,0.8,1.0,1.0,0.0
50,0.2,12,B,acquiescent,0.9,1.0,1.0,0.0
50,0.2,12,B,acquiescent,1.0,1.0,1.0,0.0
50,0.2,12,B,fatigue,0.1,0.0,0.5,-0.5
50,0.2,12,B,fatigue,0.2,0.0,0.0,0.0
50,0.2,12,B,fatigue,0.3,1.0,1.0,0.0
50,0.2,12,B,fatigue,0.4,0.0,0.0,0.0
50,0.2,12,B,fatigue,0.5,0.5,0.0,0.5
50,0.2,12,B,fatigue,0.6,0.5,0.5,0.0
50,0.2,12,B,fatigue,0.7,0.5,0.5,0.0
50,0.2,12,B,fatigue,0.8,0.0,0.0,0.0
50,0.2,12,B,fatigue,0.9,1.0,1.0,0.0
50,0.2,12,B,fatigue,1.0,1.0,1.0,0.0
50,0.2,12,B,longstring,0.1,0.0,0.0,0.0
50,0.2,12,B,longstring,0.2,0.5,0.0,0.5
50,0.2,12,B,longstring,0.3,0.0,0.0,0.0
50,0.2,12,B,longstring,0.4,1.0,1.0,0.0
50,0.2,12,B,longstring,0.5,1.0,1.0,0.0
50,0.2,12,B,longstring,0.6,0.5,0.0,0.5
50,0.2,12,B,longstring,0.7,1.0,1.0,0.0
50,0.2,12,B,longstring,0.8,1.0,1.0,0.0
50,0.2,12,B,longstring,0.9,1.0,1.0,0.0
50,0.2,12,B,longstring,1.0,1.0,1.0,0.0
50,0.2,12,B,mixed,0.1,0.0,0.0,0.0
50,0.2,12,B,mixed,0.2,0.0,0.0,0.0
50,0.2,12,B,mixed,0.3,0.0,0.0,0.0
50,0.2,12,B,mixed,0.4,0.5,0.5,0.0
50,0.2,12,B,mixed,0.5,0.0,0.0,0.0
50,0.2,12,B,mixed,0.6,0.0,0.0,0.0
50,0.2,12,B,mixed,0.7,1.0,0.0,1.0
50,0.2,12,B,mixed,0.8,0.5,0.5,0.0
50,0.2,12,B,mixed,0.9,0.5,0.0,0.5
50,0.2,12,B,mixed,1.0,0.0,0.0,0.0
50,0.2,12,B,pure_straight,0.1,0.0,0.0,0.0
50,0.2,12,B,pure_straight,0.2,0.0,0.0,0.0
50,0.2,12,B,pure_straight,0.3,0.0,0.0,0.0
50,0.2,12,B,pure_straight,0.4,0.0,0.5,-0.5
50,0.2,12,B,pure_straight,0.5,1.0,1.0,0.0
50,0.2,12,B,pure_straight,0.6,0.0,0.0,0.0
50,0.2,12,B,pure_straight,0.7,1.0,1.0,0.0
50,0.2,12,B,pure_straight,0.8,1.0,1.0,0.0
50,0.2,12,B,pure_straight,0.9,1.0,1.0,0.0
50,0.2,12,B,pure_straight,1.0,1.0,1.0,0.0
50,0.2,12,B,random,0.1,0.0,0.0,0.0
50,0.2,12,B,random,0.2,0.5,0.5,0.0
50,0.2,12,B,random,0.3,0.0,0.0,0.0
50,0.2,12,B,random,0.4,0.0,0.0,0.0
50,0.2,12,B,random,0.5,0.5,0.5,0.0
50,0.2,12,B,random,0.6,0.0,0.0,0.0
50,0.2,12,B,random,0.7,0.0,1.0,-1.0
50,0.2,12,B,random,0.8,0.0,0.5,-0.5
50,0.2,12,B,random,0.9,1.0,1.0,0.0
50,0.2,12,B,random,1.0,1.0,1.0,0.0
50,0.4,1,B,acquiescent,0.1,0.3333333333333333,0.6666666666666666,-0.3333333333333333
50,0.4,1,B,acquiescent,0.2,0.0,0.0,0.0
50,0.4,1,B,acquiescent,0.3,0.3333333333333333,0.3333333333333333,0.0
50,0.4,1,B,acquiescent,0.4,0.6666666666666666,0.6666666666666666,0.0
50,0.4,1,B,acquiescent,0.5,0.6666666666666666,0.6666666666666666,0.0
50,0.4,1,B,acquiescent,0.6,0.25,0.5,-0.25
50,0.4,1,B,acquiescent,0.7,0.75,0.5,0.25
50,0.4,1,B,acquiescent,0.8,0.6666666666666666,1.0,-0.33333333333333337
50,0.4,1,B,acquiescent,0.9,1.0,1.0,0.0
50,0.4,1,B,acquiescent,1.0,1.0,1.0,0.0
50,0.4,1,B,fatigue,0.1,0.3333333333333333,0.0,0.3333333333333333
50,0.4,1,B,fatigue,0.2,0.25,0.0,0.25
50,0.4,1,B,fatigue,0.3,0.5,0.25,0.25
50,0.4,1,B,fatigue,0.4,0.5,0.5,0.0
50,0.4,1,B,fatigue,0.5,0.6666666666666666,0.6666666666666666,0.0
50,0.4,1,B,fatigue,0.6,0.0,0.0,0.0
50,0.4,1,B,fatigue,0.7,0.6666666666666666,0.3333333333333333,0.3333333333333333
50,0.4,1,B,fatigue,0.8,0.6666666666666666,0.3333333333333333,0.3333333333333333
50,0.4,1,B,fatigue,0.9,0.3333333333333333,0.6666666666666666,-0.3333333333333333
50,0.4,1,B,fatigue,1.0,1.0,0.6666666666666666,0.33333333333333337
50,0.4,1,B,longstring,0.1,0.3333333333333333,0.3333333333333333,0.0
50,0.4,1,B,longstring,0.2,0.0,0.0,0.0
50,0.4,1,B,longstring,0.3,0.0,0.0,0.0
50,0.4,1,B,longstring,0.4,0.3333333333333333,0.0,0.3333333333333333
50,0.4,1,B,longstring,0.5,0.5,0.25,0.25
50,0.4,1,B,longstring,0.6,0.6666666666666666,0.6666666666666666,0.0
50,0.4,1,B,longstring,0.7,0.5,0.25,0.25
50,0.4,1,B,longstring,0.8,0.3333333333333333,0.3333333333333333,0.0
50,0.4,1,B,longstring,0.9,1.0,0.75,0.25
50,0.4,1,B,longstring,1.0,1.0,1.0,0.0
50,0.4,1,B,mixed,0.1,0.5,0.5,0.0
50,0.4,1,B,mixed,0.2,0.0,0.0,0.0
50,0.4,1,B,mixed,0.3,0.0,0.0,0.0
50,0.4,1,B,mixed,0.4,0.3333333333333333,0.6666666666666666,-0.3333333333333333
50,0.4,1,B,mixed,0.5,0.3333333333333333,0.0,0.3333333333333333
50,0.4,1,B,mixed,0.6,0.3333333333333333,0.3333333333333333,0.0
50,0.4,1,B,mixed,0.7,0.25,0.25,0.0
50,0.4,1,B,mixed,0.8,0.25,0.0,0.25
50,0.4,1,B,mixed,0.9,0.6666666666666666,0.6666666666666666,0.0
50,0.4,1,B,mixed,1.0,0.6666666666666666,1.0,-0.33333333333333337
50,0.4,1,B,pure_straight,0.1,0.0,0.0,0.0
50,0.4,1,B,pure_straight,0.2,0.0,0.0,0.0
50,0.4,1,B,pure_straight,0.3,0.0,0.0,0.0
50,0.4,1,B,pure_straight,0.4,0.75,0.5,0.25
50,0.4,1,B,pure_straight,0.5,0.3333333333333333,0.6666666666666666,-0.3333333333333333
50,0.4,1,B,pure_straight,0.6,1.0,1.0,0.0
50,0.4,1,B,pure_straight,0.7,1.0,1.0,0.0
50,0.4,1,B,pure_straight,0.8,1.0,1.0,0.0
50,0.4,1,B,pure_straight,0.9,1.0,1.0,0.0
50,0.4,1,B,pure_straight,1.0,1.0,1.0,0.0
50,0.4,1,B,random,0.1,0.25,0.25,0.0
50,0.4,1,B,random,0.2,0.0,0.0,0.0
50,0.4,1,B,random,0.3,0.3333333333333333,0.0,0.3333333333333333
50,0.4,1,B,random,0.4,0.0,0.0,0.0
50,0.4,1,B,random,0.5,0.6666666666666666,0.6666666666666666,0.0
50,0.4,1,B,random,0.6,0.0,0.3333333333333333,-0.3333333333333333
50,0.4,1,B,random,0.7,0.5,0.5,0.0
50,0.4,1,B,random,0.8,0.5,0.25,0.25
50,0.4,1,B,random,0.9,0.3333333333333333,0.3333333333333333,0.0
50,0.4,1,B,random,1.0,0.3333333333333333,0.3333333333333333,0.0
50,0.4,2,B,acquiescent,0.1,0.0,0.0,0.0
50,0.4,2,B,acquiescent,0.2,0.3333333333333333,0.3333333333333333,0.0
50,0.4,2,B,acquiescent,0.3,0.3333333333333333,0.3333333333333333,0.0
50,0.4,2,B,acquiescent,0.4,0.5,0.5,0.0
50,0.4,2,B,acquiescent,0.5,0.6666666666666666,0.6666666666666666,0.0
50,0.4,2,B,acquiescent,0.6,0.3333333333333333,0.3333333333333333,0.0
50,0.4,2,B,acquiescent,0.7,1.0,1.0,0.0
50,0.4,2,B,acquiescent,0.8,1.0,1.0,0.0
50,0.4,2,B,acquiescent,0.9,1.0,1.0,0.0
50,0.4,2,B,acquiescent,1.0,1.0,1.0,0.0
50,0.4,2,B,fatigue,0.1,0.3333333333333333,0.3333333333333333,0.0
50,0.4,2,B,fatigue,0.2,0.0,0.0,0.0
50,0.4,2,B,fatigue,0.3,0.3333333333333333,0.3333333333333333,0.0
50,0.4,2,B,fatigue,0.4,0.5,0.25,0.25
50,0.4,2,B,fatigue,0.5,0.75,0.75,0.0
50,0.4,2,B,fatigue,0.6,0.3333333333333333,0.3333333333333333,0.0
50,0.4,2,B,fatigue,0.7,0.75,0.75,0.0
50,0.4,2,B,fatigue,0.8,1.0,1.0,0.0
50,0.4,2,B,fatigue,0.9,1.0,1.0,0.0
50,0.4,2,B,fatigue,1.0,1.0,1.0,0.0
50,0.4,2,B,longstring,0.1,0.0,0.0,0.0
50,0.4,2,B,longstring,0.2,0.25,0.25,0.0
50,0.4,2,B,longstring,0.3,0.3333333333333333,0.3333333333333333,0.0
50,0.4,2,B,longstring,0.4,0.5,0.25,0.25
50,0.4,2,B,longstring,0.5,0.25,0.25,0.0
50,0.4,2,B,longstring,0.6,0.5,0.25,0.25
50,0.4,2,B,longstring,0.7,0.6666666666666666,0.6666666666666666,0.0
50,0.4,2,B,longstring,0.8,1.0,0.6666666666666666,0.33333333333333337
50,0.4,2,B,longstring,0.9,0.3333333333333333,0.3333333333333333,0.0
50,0.4,2,B,longstring,1.0,0.6666666666666666,0.3333333333333333,0.3333333333333333
50,0.4,2,B,mixed,0.1,0.0,0.0,0.0
50,0.4,2,B,mixed,0.2,0.6666666666666666,0.3333333333333333,0.3333333333333333
50,0.4,2,B,mixed,0.3,0.25,0.25,0.0
50,0.4,2,B,mixed,0.4,0.0,0.0,0.0
50,0.4,2,B,mixed,0.5,0.3333333333333333,0.3333333333333333,0.0
50,0.4,2,B,mixed,0.6,0.3333333333333333,0.0,0.3333333333333333
50,0.4,2,B,mixed,0.7,0.3333333333333333,0.3333333333333333,0.0
50,0.4,2,B,mixed,0.8,0.25,0.25,0.0
50,0.4,2,B,mixed,0.9,0.3333333333333333,0.3333333333333333,0.0
50,0.4,2,B,mixed,1.0,0.6666666666666666,0.3333333333333333,0.3333333333333333
50,0.4,2,B,pure_straight,0.1,0.0,0.3333333333333333,-0.3333333333333333
50,0.4,2,B,pure_straight,0.2,0.6666666666666666,0.3333333333333333,0.3333333333333333
50,0.4,2,B,pure_straight,0.3,0.0,0.0,0.0
50,0.4,2,B,pure_straight,0.4,0.6666666666666666,0.6666666666666666,0.0
50,0.4,2,B,pure_straight,0.5,0.6666666666666666,0.6666666666666666,0.0
50,0.4,2,B,pure_straight,0.6,0.75,0.75,0.0
50,0.4,2,B,pure_straight,0.7,1.0,1.0,0.0
50,0.4,2,B,pure_straight,0.8,1.0,1.0,0.0
50,0.4,2,B,pure_straight,0.9,1.0,1.0,0.0
50,0.4,2,B,pure_straight,1.0,1.0,1.0,0.0
50,0.4,2,B,random,0.1,0.0,0.0,0.0
50,0.4,2,B,random,0.2,0.0,0.0,0.0
50,0.4,2,B,random,0.3,0.3333333333333333,0.3333333333333333,0.0
50,0.4,2,B,random,0.4,0.3333333333333333,0.3333333333333333,0.0
50,0.4,2,B,random,0.5,0.0,0.0,0.0
50,0.4,2,B,random,0.6,0.0,0.0,0.0
50,0.4,2,B,random,0.7,0.25,0.0,0.25
50,0.4,2,B,random,0.8,0.0,0.0,0.0
50,0.4,2,B,random,0.9,0.3333333333333333,0.0,0.3333333333333333
50,0.4,2,B,random,1.0,0.0,0.0,0.0
50,0.4,3,B,acquiescent,0.1,0.0,0.0,0.0
50,0.4,3,B,acquiescent,0.2,0.0,0.3333333333333333,-0.3333333333333333
50,0.4,3,B,acquiescent,0.3,0.3333333333333333,0.3333333333333333,0.0
50,0.4,3,B,acquiescent,0.4,0.6666666666666666,0.6666666666666666,0.0
50,0.4,3,B,acquiescent,0.5,0.0,0.25,-0.25
50,0.4,3,B,acquiescent,0.6,1.0,1.0,0.0
50,0.4,3,B,acquiescent,0.7,0.75,0.75,0.0
50,0.4,3,B,acquiescent,0.8,1.0,1.0,0.0
50,0.4,3,B,acquiescent,0.9,1.0,1.0,0.0
50,0.4,3,B,acquiescent,1.0,1.0,1.0,0.0
50,0.4,3,B,fatigue,0.1,0.0,0.0,0.0
50,0.4,3,B,fatigue,0.2,0.0,0.0,0.0
50,0.4,3,B,fatigue,0.3,0.3333333333333333,0.3333333333333333,0.0
50,0.4,3,B,fatigue,0.4,0.25,0.25,0.0
50,0.4,3,B,fatigue,0.5,0.25,0.25,0.0
50,0.4,3,B,fatigue,0.6,0.6666666666666666,0.3333333333333333,0.3333333333333333
50,0.4,3,B,fatigue,0.7,0.0,0.0,0.0
50,0.4,3,B,fatigue,0.8,1.0,1.0,0.0
50,0.4,3,B,fatigue,0.9,0.0,0.3333333333333333,-0.3333333333333333
50,0.4,3,B,fatigue,1.0,0.3333333333333333,0.6666666666666666,-0.3333333333333333
50,0.4,3,B,longstring,0.1,0.6666666666666666,0.6666666666666666,0.0
50,0.4,3,B,longstring,0.2,0.25,0.0,0.25
50,0.4,3,B,longstring,0.3,0.0,0.25,-0.25
50,0.4,3,B,longstring,0.4,0.0,0.25,-0.25
50,0.4,3,B,longstring,0.5,0.3333333333333333,0.0,0.3333333333333333
50,0.4,3,B,longstring,0.6,0.6666666666666666,0.3333333333333333,0.3333333333333333
50,0.4,3,B,longstring,0.7,0.3333333333333333,0.3333333333333333,0.0
50,0.4,3,B,longstring,0.8,1.0,1.0,0.0
50,0.4,3,B,longstring,0.9,1.0,0.6666666666666666,0.33333333333333337
50,0.4,3,B,longstring,1.0,1.0,1.0,0.0
50,0.4,3,B,mixed,0.1,0.0,0.25,-0.25
50,0.4,3,B,mixed,0.2,0.0,0.3333333333333333,-0.3333333333333333
50,0.4,3,B,mixed,0.3,0.3333333333333333,0.3333333333333333,0.0
50,0.4,3,B,mixed,0.4,0.25,0.0,0.25
50,0.4,3,B,mixed,0.5,0.3333333333333333,0.3333333333333333,0.0
50,0.4,3,B,mixed,0.6,0.6666666666666666,0.6666666666666666,0.0
50,0.4,3,B,mixed,0.7,0.0,0.3333333333333333,-0.3333333333333333
50,0.4,3,B,mixed,0.8,0.6666666666666666,1.0,-0.33333333333333337
50,0.4,3,B,mixed,0.9,0.25,0.0,0.25
50,0.4,3,B,mixed,1.0,0.6666666666666666,0.6666666666666666,0.0
50,0.4,3,B,pure_straight,0.1,0.25,0.0,0.25
50,0.4,3,B,pure_straight,0.2,0.6666666666666666,0.3333333333333333,0.3333333333333333
50,0.4,3,B,pure_straight,0.3,0.3333333333333333,0.3333333333333333,0.0
50,0.4,3,B,pure_straight,0.4,1.0,1.0,0.0
50,0.4,3,B,pure_straight,0.5,1.0,1.0,0.0
50,0.4,3,B,pure_straight,0.6,1.0,1.0,0.0
50,0.4,3,B,pure_straight,0.7,1.0,1.0,0.0
50,0.4,3,B,pure_straight,0.8,1.0,1.0,0.0
50,0.4,3,B,pure_straight,0.9,1.0,1.0,0.0
50,0.4,3,B,pure_straight,1.0,1.0,1.0,0.0
50,0.4,3,B,random,0.1,0.3333333333333333,0.3333333333333333,0.0
50,0.4,3,B,random,0.2,0.0,0.25,-0.25
50,0.4,3,B,random,0.3,0.0,0.0,0.0
50,0.4,3,B,random,0.4,0.3333333333333333,0.3333333333333333,0.0
50,0.4,3,B,random,0.5,0.75,0.75,0.0
50,0.4,3,B,random,0.6,0.3333333333333333,0.6666666666666666,-0.3333333333333333
50,0.4,3,B,random,0.7,0.75,0.25,0.5
50,0.4,3,B,random,0.8,1.0,0.6666666666666666,0.33333333333333337
50,0.4,3,B,random,0.9,0.3333333333333333,0.3333333333333333,0.0
50,0.4,3,B,random,1.0,0.5,0.25,0.25
50,0.4,4,B,acquiescent,0.1,0.0,0.3333333333333333,-0.3333333333333333
50,0.4,4,B,acquiescent,0.2,0.3333333333333333,0.3333333333333333,0.0
50,0.4,4,B,acquiescent,0.3,0.0,0.0,0.0
50,0.4,4,B,acquiescent,0.4,0.0,0.3333333333333333,-0.3333333333333333
50,0.4,4,B,acquiescent,0.5,0.3333333333333333,0.3333333333333333,0.0
50,0.4,4,B,acquiescent,0.6,0.6666666666666666,0.6666666666666666,0.0
50,0.4,4,B,acquiescent,0.7,0.5,1.0,-0.5
50,0.4,4,B,acquiescent,0.8,0.6666666666666666,0.6666666666666666,0.0
50,0.4,4,B,acquiescent,0.9,1.0,1.0,0.0
50,0.4,4,B,acquiescent,1.0,1.0,1.0,0.0
50,0.4,4,B,fatigue,0.1,0.3333333333333333,0.3333333333333333,0.0
50,0.4,4,B,fatigue,0.2,0.0,0.0,0.0
50,0.4,4,B,fatigue,0.3,0.0,0.0,0.0
50,0.4,4,B,fatigue,0.4,0.0,0.0,0.0
50,0.4,4,B,fatigue,0.5,0.5,0.25,0.25
50,0.4,4,B,fatigue,0.6,0.3333333333333333,0.3333333333333333,0.0
50,0.4,4,B,fatigue,0.7,0.3333333333333333,0.3333333333333333,0.0
50,0.4,4,B,fatigue,0.8,0.75,0.75,0.0
50,0.4,4,B,fatigue,0.9,1.0,1.0,0.0
50,0.4,4,B,fatigue,1.0,0.6666666666666666,0.6666666666666666,0.0
50,0.4,4,B,longstring,0.1,0.3333333333333333,0.0,0.3333333333333333
50,0.4,4,B,longstring,0.2,0.6666666666666666,0.6666666666666666,0.0
50,0.4,4,B,longstring,0.3,0.0,0.0,0.0
50,0.4,4,B,longstring,0.4,0.3333333333333333,0.3333333333333333,0.0
50,0.4,4,B,longstring,0.5,0.75,1.0,-0.25
50,0.4,4,B,longstring,0.6,0.6666666666666666,0.6666666666666666,0.0
50,0.4,4,B,longstring,0.7,1.0,0.75,0.25
50,0.4,4,B,longstring,0.8,0.5,0.5,0.0
50,0.4,4,B,longstring,0.9,0.5,0.5,0.0
50,0.4,4,B,longstring,1.0,0.3333333333333333,0.3333333333333333,0.0
50,0.4,4,B,mixed,0.1,0.0,0.0,0.0
50,0.4,4,B,mixed,0.2,0.6666666666666666,0.3333333333333333,0.3333333333333333
50,0.4,4,B,mixed,0.3,0.3333333333333333,0.3333333333333333,0.0
50,0.4,4,B,mixed,0.4,0.3333333333333333,0.3333333333333333,0.0
50,0.4,4,B,mixed,0.5,0.5,0.25,0.25
50,0.4,4,B,mixed,0.6,0.25,0.75,-0.5
50,0.4,4,B,mixed,0.7,0.3333333333333333,0.6666666666666666,-0.3333333333333333
50,0.4,4,B,mixed,0.8,0.75,0.5,0.25
50,0.4,4,B,mixed,0.9,0.3333333333333333,0.3333333333333333,0.0
50,0.4,4,B,mixed,1.0,0.6666666666666666,0.6666666666666666,0.0
50,0.4,4,B,pure_straight,0.1,0.0,0.0,0.0
50,0.4,4,B,pure_straight,0.2,0.3333333333333333,0.3333333333333333,0.0
50,0.4,4,B,pure_straight,0.3,0.6666666666666666,0.6666666666666666,0.0
50,0.4,4,B,pure_straight,0.4,0.5,0.5,0.0
50,0.4,4,B,pure_straight,0.5,1.0,1.0,0.0
50,0.4,4,B,pure_straight,0.6,0.6666666666666666,0.6666666666666666,0.0
50,0.4,4,B,pure_straight,0.7,0.3333333333333333,0.3333333333333333,0.0
50,0.4,4,B,pure_straight,0.8,1.0,1.0,0.0
50,0.4,4,B,pure_straight,0.9,1.0,1.0,0.0
50,0.4,4,B,pure_straight,1.0,1.0,1.0,0.0
50,0.4,4,B,random,0.1,0.3333333333333333,0.3333333333333333,0.0
50,0.4,4,B,random,0.2,0.0,0.0,0.0
50,0.4,4,B,random,0.3,0.3333333333333333,0.3333333333333333,0.0
50,0.4,4,B,random,0.4,0.3333333333333333,0.3333333333333333,0.0
50,0.4,4,B,random,0.5,0.3333333333333333,0.3333333333333333,0.0
50,0.4,4,B,random,0.6,0.5,0.25,0.25
50,0.4,4,B,random,0.7,0.3333333333333333,0.3333333333333333,0.0
50,0.4,4,B,random,0.8,0.25,0.25,0.0
50,0.4,4,B,random,0.9,0.5,0.5,0.0
50,0.4,4,B,random,1.0,0.3333333333333333,0.3333333333333333,0.0
50,0.4,5,B,acquiescent,0.1,0.0,0.0,0.0
50,0.4,5,B,acquiescent,0.2,0.0,0.3333333333333333,-0.3333333333333333
50,0.4,5,B,acquiescent,0.3,0.3333333333333333,0.3333333333333333,0.0
50,0.4,5,B,acquiescent,0.4,0.25,0.25,0.0
50,0.4,5,B,acquiescent,0.5,0.5,0.5,0.0
50,0.4,5,B,acquiescent,0.6,1.0,1.0,0.0
50,0.4,5,B,acquiescent,0.7,0.5,0.5,0.0
50,0.4,5,B,acquiescent,0.8,0.6666666666666666,0.6666666666666666,0.0
50,0.4,5,B,acquiescent,0.9,1.0,1.0,0.0
50,0.4,5,B,acquiescent,1.0,1.0,1.0,0.0
50,0.4,5,B,fatigue,0.1,0.0,0.0,0.0
50,0.4,5,B,fatigue,0.2,0.0,0.0,0.0
50,0.4,5,B,fatigue,0.3,0.3333333333333333,0.3333333333333333,0.0
50,0.4,5,B,fatigue,0.4,0.0,0.0,0.0
50,0.4,5,B,fatigue,0.5,0.0,0.0,0.0
50,0.4,5,B,fatigue,0.6,0.6666666666666666,0.3333333333333333,0.3333333333333333
50,0.4,5,B,fatigue,0.7,0.6666666666666666,0.6666666666666666,0.0
50,0.4,5,B,fatigue,0.8,0.6666666666666666,0.6666666666666666,0.0
50,0.4,5,B,fatigue,0.9,0.6666666666666666,0.6666666666666666,0.0
50,0.4,5,B,fatigue,1.0,1.0,0.6666666666666666,0.33333333333333337
50,0.4,5,B,longstring,0.1,0.3333333333333333,0.0,0.3333333333333333
50,0.4,5,B,longstring,0.2,0.0,0.0,0.0
50,0.4,5,B,longstring,0.3,0.0,0.0,0.0
50,0.4,5,B,longstring,0.4,0.5,0.25,0.25
50,0.4,5,B,longstring,0.5,0.25,0.25,0.0
50,0.4,5,B,longstring,0.6,0.5,0.5,0.0
50,0.4,5,B,longstring,0.7,0.25,0.25,0.0
50,0.4,5,B,longstring,0.8,0.3333333333333333,0.3333333333333333,0.0
50,0.4,5,B,longstring,0.9,0.3333333333333333,0.3333333333333333,0.0
50,0.4,5,B,longstring,1.0,0.6666666666666666,0.6666666666666666,0.0
50,0.4,5,B,mixed,0.1,0.0,0.0,0.0
50,0.4,5,B,mixed,0.2,0.3333333333333333,0.3333333333333333,0.0
50,0.4,5,B,mixed,0.3,0.5,0.25,0.25
50,0.4,5,B,mixed,0.4,0.0,0.0,0.0
50,0.4,5,B,mixed,0.5,0.0,0.6666666666666666,-0.6666666666666666
50,0.4,5,B,mixed,0.6,0.0,0.0,0.0
50,0.4,5,B,mixed,0.7,0.0,0.0,0.0
50,0.4,5,B,mixed,0.8,0.3333333333333333,0.3333333333333333,0.0
50,0.4,5,B,mixed,0.9,0.3333333333333333,1.0,-0.6666666666666667
50,0.4,5,B,mixed,1.0,0.5,0.5,0.0
50,0.4,5,B,pure_straight,0.1,0.0,0.0,0.0
50,0.4,5,B,pure_straight,0.2,0.0,0.0,0.0
50,0.4,5,B,pure_straight,0.3,0.6666666666666666,0.3333333333333333,0.3333333333333333
50,0.4,5,B,pure_straight,0.4,0.6666666666666666,0.6666666666666666,0.0
50,0.4,5,B,pure_straight,0.5,0.6666666666666666,0.6666666666666666,0.0
50,0.4,5,B,pure_straight,0.6,1.0,1.0,0.0
50,0.4,5,B,pure_straight,0.7,1.0,0.75,0.25
50,0.4,5,B,pure_straight,0.8,1.0,1.0,0.0
50,0.4,5,B,pure_straight,0.9,1.0,1.0,0.0
50,0.4,5,B,pure_straight,1.0,1.0,1.0,0.0
50,0.4,5,B,random,0.1,0.0,0.0,0.0
50,0.4,5,B,random,0.2,0.0,0.3333333333333333,-0.3333333333333333
50,0.4,5,B,random,0.3,0.0,0.0,0.0
50,0.4,5,B,random,0.4,0.0,0.0,0.0
50,0.4,5,B,random,0.5,0.3333333333333333,0.3333333333333333,0.0
50,0.4,5,B,random,0.6,1.0,1.0,0.0
50,0.4,5,B,random,0.7,0.5,0.0,0.5
50,0.4,5,B,random,0.8,1.0,1.0,0.0
50,0.4,5,B,random,0.9,0.5,0.25,0.25
50,0.4,5,B,random,1.0,0.5,0.25,0.25
50,0.4,6,B,acquiescent,0.1,0.6666666666666666,0.6666666666666666,0.0
50,0.4,6,B,acquiescent,0.2,0.3333333333333333,0.3333333333333333,0.0
50,0.4,6,B,acquiescent,0.3,0.5,0.5,0.0
50,0.4,6,B,acquiescent,0.4,0.25,0.25,0.0
50,0.4,6,B,acquiescent,0.5,0.0,0.0,0.0
50,0.4,6,B,acquiescent,0.6,1.0,1.0,0.0
50,0.4,6,B,acquiescent,0.7,0.6666666666666666,0.6666666666666666,0.0
50,0.4,6,B,acquiescent,0.8,0.6666666666666666,1.0,-0.33333333333333337
50,0.4,6,B,acquiescent,0.9,1.0,1.0,0.0
50,0.4,6,B,acquiescent,1.0,1.0,1.0,0.0
50,0.4,6,B,fatigue,0.1,0.3333333333333333,0.6666666666666666,-0.3333333333333333
50,0.4,6,B,fatigue,0.2,0.0,0.0,0.0
50,0.4,6,B,fatigue,0.3,0.0,0.0,0.0
50,0.4,6,B,fatigue,0.4,0.6666666666666666,0.3333333333333333,0.3333333333333333
50,0.4,6,B,fatigue,0.5,0.25,0.5,-0.25
50,0.4,6,B,fatigue,0.6,0.3333333333333333,0.3333333333333333,0.0
50,0.4,6,B,fatigue,0.7,0.6666666666666666,0.3333333333333333,0.3333333333333333
50,0.4,6,B,fatigue,0.8,0.6666666666666666,0.6666666666666666,0.0
50,0.4,6,B,fatigue,0.9,0.6666666666666666,0.6666666666666666,0.0
50,0.4,6,B,fatigue,1.0,1.0,1.0,0.0
50,0.4,6,B,longstring,0.1,0.0,0.0,0.0
50,0.4,6,B,longstring,0.2,0.25,0.25,0.0
50,0.4,6,B,longstring,0.3,0.0,0.3333333333333333,-0.3333333333333333
50,0.4,6,B,longstring,0.4,0.3333333333333333,0.0,0.3333333333333333
50,0.4,6,B,longstring,0.5,0.75,0.75,0.0
50,0.4,6,B,longstring,0.6,1.0,0.6666666666666666,0.33333333333333337
50,0.4,6,B,longstring,0.7,0.25,0.0,0.25
50,0.4,6,B,longstring,0.8,0.6666666666666666,1.0,-0.33333333333333337
50,0.4,6,B,longstring,0.9,1.0,0.6666666666666666,0.33333333333333337
50,0.4,6,B,longstring,1.0,1.0,0.6666666666666666,0.33333333333333337
50,0.4,6,B,mixed,0.1,0.0,0.0,0.0
50,0.4,6,B,mixed,0.2,0.0,0.3333333333333333,-0.3333333333333333
50,0.4,6,B,mixed,0.3,0.3333333333333333,0.3333333333333333,0.0
50,0.4,6,B,mixed,0.4,0.3333333333333333,0.0,0.3333333333333333
50,0.4,6,B,mixed,0.5,0.0,0.0,0.0
50,0.4,6,B,mixed,0.6,1.0,1.0,0.0
50,0.4,6,B,mixed,0.7,0.6666666666666666,0.6666666666666666,0.0
50,0.4,6,B,mixed,0.8,0.0,0.0,0.0
50,0.4,6,B,mixed,0.9,0.75,0.75,0.0
50,0.4,6,B,mixed,1.0,0.5,0.5,0.0
50,0.4,6,B,pure_straight,0.1,0.0,0.0,0.0
50,0.4,6,B,pure_straight,0.2,0.25,0.25,0.0
50,0.4,6,B,pure_straight,0.3,0.0,0.6666666666666666,-0.6666666666666666
50,0.4,6,B,pure_straight,0.4,1.0,1.0,0.0
50,0.4,6,B,pure_straight,0.5,1.0,1.0,0.0
50,0.4,6,B,pure_straight,0.6,0.6666666666666666,0.6666666666666666,0.0
50,0.4,6,B,pure_straight,0.7,1.0,1.0,0.0
50,0.4,6,B,pure_straight,0.8,1.0,1.0,0.0
50,0.4,6,B,pure_straight,0.9,1.0,1.0,0.0
50,0.4,6,B,pure_straight,1.0,1.0,1.0,0.0
50,0.4,6,B,random,0.1,0.0,0.0,0.0
50,0.4,6,B,random,0.2,0.0,0.3333333333333333,-0.3333333333333333
50,0.4,6,B,random,0.3,0.0,0.0,0.0
50,0.4,6,B,random,0.4,0.0,0.0,0.0
50,0.4,6,B,random,0.5,0.0,0.0,0.0
50,0.4,6,B,random,0.6,0.0,0.3333333333333333,-0.3333333333333333
50,0.4,6,B,random,0.7,0.0,0.0,0.0
50,0.4,6,B,random,0.8,0.25,0.25,0.0
50,0.4,6,B,random,0.9,0.6666666666666666,0.3333333333333333,0.3333333333333333
50,0.4,6,B,random,1.0,0.3333333333333333,0.0,0.3333333333333333
50,0.4,7,B,acquiescent,0.1,0.0,0.25,-0.25
50,0.4,7,B,acquiescent,0.2,0.6666666666666666,0.6666666666666666,0.0
50,0.4,7,B,acquiescent,0.3,0.0,0.0,0.0
50,0.4,7,B,acquiescent,0.4,0.0,0.3333333333333333,-0.3333333333333333
50,0.4,7,B,acquiescent,0.5,0.0,0.6666666666666666,-0.6666666666666666
50,0.4,7,B,acquiescent,0.6,0.75,0.5,0.25
50,0.4,7,B,acquiescent,0.7,0.3333333333333333,0.3333333333333333,0.0
50,0.4,7,B,acquiescent,0.8,1.0,1.0,0.0
50,0.4,7,B,acquiescent,0.9,1.0,1.0,0.0
50,0.4,7,B,acquiescent,1.0,1.0,1.0,0.0
50,0.4,7,B,fatigue,0.1,0.0,0.0,0.0
50,0.4,7,B,fatigue,0.2,0.6666666666666666,0.3333333333333333,0.3333333333333333
50,0.4,7,B,fatigue,0.3,0.0,0.0,0.0
50,0.4,7,B,fatigue,0.4,0.0,0.3333333333333333,-0.3333333333333333
50,0.4,7,B,fatigue,0.5,0.25,0.25,0.0
50,0.4,7,B,fatigue,0.6,0.75,0.75,0.0
50,0.4,7,B,fatigue,0.7,0.6666666666666666,0.6666666666666666,0.0
50,0.4,7,B,fatigue,0.8,0.0,0.0,0.0
50,0.4,7,B,fatigue,0.9,1.0,1.0,0.0
50,0.4,7,B,fatigue,1.0,1.0,0.3333333333333333,0.6666666666666667
50,0.4,7,B,longstring,0.1,0.0,0.0,0.0
50,0.4,7,B,longstring,0.2,0.0,0.0,0.0
50,0.4,7,B,longstring,0.3,0.3333333333333333,0.3333333333333333,0.0
50,0.4,7,B,longstring,0.4,0.6666666666666666,0.3333333333333333,0.3333333333333333
50,0.4,7,B,longstring,0.5,0.0,0.0,0.0
50,0.4,7,B,longstring,0.6,1.0,0.3333333333333333,0.6666666666666667
50,0.4,7,B,longstring,0.7,0.5,0.75,-0.25
50,0.4,7,B,longstring,0.8,0.75,1.0,-0.25
50,0.4,7,B,longstring,0.9,0.75,0.75,0.0
50,0.4,7,B,longstring,1.0,1.0,0.3333333333333333,0.6666666666666667
50,0.4,7,B,mixed,0.1,0.5,0.5,0.0
50,0.4,7,B,mixed,0.2,0.0,0.0,0.0
50,0.4,7,B,mixed,0.3,0.3333333333333333,0.0,0.3333333333333333
50,0.4,7,B,mixed,0.4,0.0,0.3333333333333333,-0.3333333333333333
50,0.4,7,B,mixed,0.5,0.25,0.25,0.0
50,0.4,7,B,mixed,0.6,0.3333333333333333,0.6666666666666666,-0.3333333333333333
50,0.4,7,B,mixed,0.7,0.3333333333333333,0.3333333333333333,0.0
50,0.4,7,B,mixed,0.8,0.0,0.0,0.0
50,0.4,7,B,mixed,0.9,0.25,0.0,0.25
50,0.4,7,B,mixed,1.0,1.0,0.6666666666666666,0.33333333333333337
50,0.4,7,B,pure_straight,0.1,0.0,0.0,0.0
50,0.4,7,B,pure_straight,0.2,0.3333333333333333,0.0,0.3333333333333333
50,0.4,7,B,pure_straight,0.3,0.5,0.5,0.0
50,0.4,7,B,pure_straight,0.4,1.0,1.0,0.0
50,0.4,7,B,pure_straight,0.5,0.6666666666666666,1.0,-0.33333333333333337
50,0.4,7,B,pure_straight,0.6,0.75,1.0,-0.25
50,0.4,7,B,pure_straight,0.7,1.0,1.0,0.0
50,0.4,7,B,pure_straight,0.8,1.0,1.0,0.0
50,0.4,7,B,pure_straight,0.9,1.0,1.0,0.0
50,0.4,7,B,pure_straight,1.0,1.0,1.0,0.0
50,0.4,7,B,random,0.1,0.0,0.0,0.0
50,0.4,7,B,random,0.2,0.0,0.0,0.0
50,0.4,7,B,random,0.3,0.3333333333333333,0.3333333333333333,0.0
50,0.4,7,B,random,0.4,0.25,0.0,0.25
50,0.4,7,B,random,0.5,0.6666666666666666,0.6666666666666666,0.0
50,0.4,7,B,random,0.6,0.25,0.0,0.25
50,0.4,7,B,random,0.7,0.3333333333333333,0.3333333333333333,0.0
50,0.4,7,B,random,0.8,0.75,0.5,0.25
50,0.4,7,B,random,0.9,0.3333333333333333,0.3333333333333333,0.0
50,0.4,7,B,random,1.0,0.25,0.25,0.0
50,0.4,8,B,acquiescent,0.1,0.0,0.0,0.0
50,0.4,8,B,acquiescent,0.2,0.0,0.3333333333333333,-0.3333333333333333
50,0.4,8,B,acquiescent,0.3,0.3333333333333333,0.3333333333333333,0.0
50,0.4,8,B,acquiescent,0.4,0.6666666666666666,0.6666666666666666,0.0
50,0.4,8,B,acquiescent,0.5,1.0,0.6666666666666666,0.33333333333333337
50,0.4,8,B,acquiescent,0.6,0.0,0.3333333333333333,-0.3333333333333333
50,0.4,8,B,acquiescent,0.7,1.0,1.0,0.0
50,0.4,8,B,acquiescent,0.8,1.0,1.0,0.0
50,0.4,8,B,acquiescent,0.9,1.0,1.0,0.0
50,0.4,8,B,acquiescent,1.0,1.0,1.0,0.0
50,0.4,8,B,fatigue,0.1,0.0,0.0,0.0
50,0.4,8,B,fatigue,0.2,0.0,0.0,0.0
50,0.4,8,B,fatigue,0.3,0.3333333333333333,0.3333333333333333,0.0
50,0.4,8,B,fatigue,0.4,0.3333333333333333,0.3333333333333333,0.0
50,0.4,8,B,fatigue,0.5,0.3333333333333333,0.6666666666666666,-0.3333333333333333
50,0.4,8,B,fatigue,0.6,0.6666666666666666,1.0,-0.33333333333333337
50,0.4,8,B,fatigue,0.7,0.6666666666666666,0.6666666666666666,0.0
50,0.4,8,B,fatigue,0.8,0.5,0.75,-0.25
50,0.4,8,B,fatigue,0.9,0.6666666666666666,0.6666666666666666,0.0
50,0.4,8,B,fatigue,1.0,0.3333333333333333,0.3333333333333333,0.0
50,0.4,8,B,longstring,0.1,0.0,0.0,0.0
50,0.4,8,B,longstring,0.2,0.0,0.0,0.0
50,0.4,8,B,longstring,0.3,0.0,0.25,-0.25
50,0.4,8,B,longstring,0.4,0.6666666666666666,0.3333333333333333,0.3333333333333333
50,0.4,8,B,longstring,0.5,0.6666666666666666,0.6666666666666666,0.0
50,0.4,8,B,longstring,0.6,0.0,0.0,0.0
50,0.4,8,B,longstring,0.7,0.3333333333333333,0.6666666666666666,-0.3333333333333333
50,0.4,8,B,longstring,0.8,1.0,1.0,0.0
50,0.4,8,B,longstring,0.9,1.0,1.0,0.0
50,0.4,8,B,longstring,1.0,1.0,0.6666666666666666,0.33333333333333337
50,0.4,8,B,mixed,0.1,0.0,0.0,0.0
50,0.4,8,B,mixed,0.2,0.25,0.0,0.25
50,0.4,8,B,mixed,0.3,0.0,0.0,0.0
50,0.4,8,B,mixed,0.4,0.3333333333333333,0.3333333333333333,0.0
50,0.4,8,B,mixed,0.5,0.0,0.0,0.0
50,0.4,8,B,mixed,0.6,0.3333333333333333,0.3333333333333333,0.0
50,0.4,8,B,mixed,0.7,0.3333333333333333,0.3333333333333333,0.0
50,0.4,8,B,mixed,0.8,0.0,0.0,0.0
50,0.4,8,B,mixed,0.9,0.75,0.75,0.0
50,0.4,8,B,mixed,1.0,0.75,0.5,0.25
50,0.4,8,B,pure_straight,0.1,0.0,0.0,0.0
50,0.4,8,B,pure_straight,0.2,0.0,0.0,0.0
50,0.4,8,B,pure_straight,0.3,0.6666666666666666,0.6666666666666666,0.0
50,0.4,8,B,pure_straight,0.4,1.0,1.0,0.0
50,0.4,8,B,pure_straight,0.5,1.0,1.0,0.0
50,0.4,8,B,pure_straight,0.6,0.6666666666666666,0.6666666666666666,0.0
50,0.4,8,B,pure_straight,0.7,1.0,1.0,0.0
50,0.4,8,B,pure_straight,0.8,1.0,1.0,0.0
50,0.4,8,B,pure_straight,0.9,1.0,1.0,0.0
50,0.4,8,B,pure_straight,1.0,1.0,1.0,0.0
50,0.4,8,B,random,0.1,0.3333333333333333,0.0,0.3333333333333333
50,0.4,8,B,random,0.2,0.0,0.0,0.0
50,0.4,8,B,random,0.3,0.0,0.0,0.0
50,0.4,8,B,random,0.4,0.0,0.0,0.0
50,0.4,8,B,random,0.5,0.25,0.25,0.0
50,0.4,8,B,random,0.6,0.3333333333333333,0.3333333333333333,0.0
50,0.4,8,B,random,0.7,0.25,0.25,0.0
50,0.4,8,B,random,0.8,0.3333333333333333,0.3333333333333333,0.0
50,0.4,8,B,random,0.9,0.6666666666666666,0.6666666666666666,0.0
50,0.4,8,B,random,1.0,0.3333333333333333,0.3333333333333333,0.0
50,0.4,9,B,acquiescent,0.1,0.0,0.0,0.0
50,0.4,9,B,acquiescent,0.2,0.3333333333333333,0.3333333333333333,0.0
50,0.4,9,B,acquiescent,0.3,0.3333333333333333,0.3333333333333333,0.0
50,0.4,9,B,acquiescent,0.4,0.3333333333333333,0.3333333333333333,0.0
50,0.4,9,B,acquiescent,0.5,0.75,0.75,0.0
50,0.4,9,B,acquiescent,0.6,0.6666666666666666,0.6666666666666666,0.0
50,0.4,9,B,acquiescent,0.7,1.0,1.0,0.0
50,0.4,9,B,acquiescent,0.8,1.0,1.0,0.0
50,0.4,9,B,acquiescent,0.9,1.0,1.0,0.0
50,0.4,9,B,acquiescent,1.0,1.0,1.0,0.0
50,0.4,9,B,fatigue,0.1,0.3333333333333333,0.0,0.3333333333333333
50,0.4,9,B,fatigue,0.2,0.0,0.0,0.0
50,0.4,9,B,fatigue,0.3,0.25,0.5,-0.25
50,0.4,9,B,fatigue,0.4,0.0,0.0,0.0
50,0.4,9,B,fatigue,0.5,0.3333333333333333,0.3333333333333333,0.0
50,0.4,9,B,fatigue,0.6,0.3333333333333333,0.6666666666666666,-0.3333333333333333
50,0.4,9,B,fatigue,0.7,0.75,0.75,0.0
50,0.4,9,B,fatigue,0.8,0.6666666666666666,0.6666666666666666,0.0
50,0.4,9,B,fatigue,0.9,1.0,1.0,0.0
50,0.4,9,B,fatigue,1.0,1.0,1.0,0.0
50,0.4,9,B,longstring,0.1,0.0,0.0,0.0
50,0.4,9,B,longstring,0.2,0.25,0.0,0.25
50,0.4,9,B,longstring,0.3,0.5,0.5,0.0
50,0.4,9,B,longstring,0.4,0.6666666666666666,0.6666666666666666,0.0
50,0.4,9,B,longstring,0.5,0.75,0.75,0.0
50,0.4,9,B,longstring,0.6,0.75,0.5,0.25
50,0.4,9,B,longstring,0.7,1.0,1.0,0.0
50,0.4,9,B,longstring,0.8,1.0,1.0,0.0
50,0.4,9,B,longstring,0.9,0.6666666666666666,1.0,-0.33333333333333337
50,0.4,9,B,longstring,1.0,0.6666666666666666,1.0,-0.33333333333333337
50,0.4,9,B,mixed,0.1,0.0,0.0,0.0
50,0.4,9,B,mixed,0.2,0.3333333333333333,0.0,0.3333333333333333
50,0.4,9,B,mixed,0.3,0.0,0.0,0.0
50,0.4,9,B,mixed,0.4,0.0,0.3333333333333333,-0.3333333333333333
50,0.4,9,B,mixed,0.5,0.5,0.75,-0.25
50,0.4,9,B,mixed,0.6,0.6666666666666666,0.6666666666666666,0.0
50,0.4,9,B,mixed,0.7,0.3333333333333333,0.3333333333333333,0.0
50,0.4,9,B,mixed,0.8,0.25,0.25,0.0
50,0.4,9,B,mixed,0.9,0.3333333333333333,0.6666666666666666,-0.3333333333333333
50,0.4,9,B,mixed,1.0,0.6666666666666666,0.3333333333333333,0.3333333333333333
50,0.4,9,B,pure_straight,0.1,0.6666666666666666,0.6666666666666666,0.0
50,0.4,9,B,pure_straight,0.2,0.0,0.0,0.0
50,0.4,9,B,pure_straight,0.3,0.0,0.0,0.0
50,0.4,9,B,pure_straight,0.4,0.3333333333333333,0.3333333333333333,0.0
50,0.4,9,B,pure_straight,0.5,0.5,0.5,0.0
50,0.4,9,B,pure_straight,0.6,1.0,1.0,0.0
50,0.4,9,B,pure_straight,0.7,0.6666666666666666,0.6666666666666666,0.0
50,0.4,9,B,pure_straight,0.8,1.0,1.0,0.0
50,0.4,9,B,pure_straight,0.9,1.0,1.0,0.0
50,0.4,9,B,pure_straight,1.0,1.0,1.0,0.0
50,0.4,9,B,random,0.1,0.0,0.0,0.0
50,0.4,9,B,random,0.2,0.0,0.0,0.0
50,0.4,9,B,random,0.3,0.3333333333333333,0.3333333333333333,0.0
50,0.4,9,B,random,0.4,0.0,0.0,0.0
50,0.4,9,B,random,0.5,0.5,0.75,-0.25
50,0.4,9,B,random,0.6,0.0,0.0,0.0
50,0.4,9,B,random,0.7,0.3333333333333333,0.3333333333333333,0.0
50,0.4,9,B,random,0.8,0.75,0.75,0.0
50,0.4,9,B,random,0.9,0.3333333333333333,0.3333333333333333,0.0
50,0.4,9,B,random,1.0,0.25,0.25,0.0
50,0.4,10,B,acquiescent,0.1,0.0,0.0,0.0
50,0.4,10,B,acquiescent,0.2,0.0,0.3333333333333333,-0.3333333333333333
50,0.4,10,B,acquiescent,0.3,0.25,0.5,-0.25
50,0.4,10,B,acquiescent,0.4,0.5,0.5,0.0
50,0.4,10,B,acquiescent,0.5,0.3333333333333333,0.6666666666666666,-0.3333333333333333
50,0.4,10,B,acquiescent,0.6,0.5,0.5,0.0
50,0.4,10,B,acquiescent,0.7,1.0,1.0,0.0
50,0.4,10,B,acquiescent,0.8,0.6666666666666666,1.0,-0.33333333333333337
50,0.4,10,B,acquiescent,0.9,1.0,1.0,0.0
50,0.4,10,B,acquiescent,1.0,1.0,1.0,0.0
50,0.4,10,B,fatigue,0.1,0.3333333333333333,0.3333333333333333,0.0
50,0.4,10,B,fatigue,0.2,0.3333333333333333,0.6666666666666666,-0.3333333333333333
50,0.4,10,B,fatigue,0.3,0.0,0.25,-0.25
50,0.4,10,B,fatigue,0.4,0.5,0.5,0.0
50,0.4,10,B,fatigue,0.5,0.25,0.5,-0.25
50,0.4,10,B,fatigue,0.6,0.6666666666666666,0.6666666666666666,0.0
50,0.4,10,B,fatigue,0.7,0.0,0.0,0.0
50,0.4,10,B,fatigue,0.8,1.0,0.6666666666666666,0.33333333333333337
50,0.4,10,B,fatigue,0.9,0.6666666666666666,0.3333333333333333,0.3333333333333333
50,0.4,10,B,fatigue,1.0,1.0,1.0,0.0
50,0.4,10,B,longstring,0.1,0.0,0.0,0.0
50,0.4,10,B,longstring,0.2,0.0,0.0,0.0
50,0.4,10,B,longstring,0.3,0.6666666666666666,0.3333333333333333,0.3333333333333333
50,0.4,10,B,longstring,0.4,0.0,0.0,0.0
50,0.4,10,B,longstring,0.5,0.75,0.5,0.25
50,0.4,10,B,longstring,0.6,0.5,0.5,0.0
50,0.4,10,B,longstring,0.7,0.5,0.75,-0.25
50,0.4,10,B,longstring,0.8,0.6666666666666666,0.3333333333333333,0.3333333333333333
50,0.4,10,B,longstring,0.9,1.0,1.0,0.0
50,0.4,10,B,longstring,1.0,1.0,1.0,0.0
50,0.4,10,B,mixed,0.1,0.0,0.0,0.0
50,0.4,10,B,mixed,0.2,0.0,0.0,0.0
50,0.4,10,B,mixed,0.3,0.3333333333333333,0.3333333333333333,0.0
50,0.4,10,B,mixed,0.4,0.0,0.0,0.0
50,0.4,10,B,mixed,0.5,0.3333333333333333,0.3333333333333333,0.0
50,0.4,10,B,mixed,0.6,0.25,0.25,0.0
50,0.4,10,B,mixed,0.7,0.5,0.5,0.0
50,0.4,10,B,mixed,0.8,1.0,0.75,0.25
50,0.4,10,B,mixed,0.9,0.3333333333333333,0.3333333333333333,0.0
50,0.4,10,B,mixed,1.0,0.6666666666666666,0.3333333333333333,0.3333333333333333
50,0.4,10,B,pure_straight,0.1,0.6666666666666666,0.6666666666666666,0.0
50,0.4,10,B,pure_straight,0.2,0.0,0.25,-0.25
50,0.4,10,B,pure_straight,0.3,0.25,0.25,0.0
50,0.4,10,B,pure_straight,0.4,0.3333333333333333,0.3333333333333333,0.0
50,0.4,10,B,pure_straight,0.5,0.75,0.75,0.0
50,0.4,10,B,pure_straight,0.6,1.0,1.0,0.0
50,0.4,10,B,pure_straight,0.7,1.0,1.0,0.0
50,0.4,10,B,pure_straight,0.8,1.0,1.0,0.0
50,0.4,10,B,pure_straight,0.9,1.0,1.0,0.0
50,0.4,10,B,pure_straight,1.0,1.0,1.0,0.0
50,0.4,10,B,random,0.1,0.0,0.0,0.0
50,0.4,10,B,random,0.2,0.3333333333333333,0.0,0.3333333333333333
50,0.4,10,B,random,0.3,0.0,0.0,0.0
50,0.4,10,B,random,0.4,0.5,0.5,0.0
50,0.4,10,B,random,0.5,1.0,0.6666666666666666,0.33333333333333337
50,0.4,10,B,random,0.6,0.75,1.0,-0.25
50,0.4,10,B,random,0.7,0.3333333333333333,0.3333333333333333,0.0
50,0.4,10,B,random,0.8,0.5,0.25,0.25
50,0.4,10,B,random,0.9,0.5,1.0,-0.5
50,0.4,10,B,random,1.0,0.0,0.0,0.0
50,0.4,11,B,acquiescent,0.1,0.0,0.0,0.0
50,0.4,11,B,acquiescent,0.2,0.3333333333333333,0.0,0.3333333333333333
50,0.4,11,B,acquiescent,0.3,0.0,0.0,0.0
50,0.4,11,B,acquiescent,0.4,0.3333333333333333,0.0,0.3333333333333333
50,0.4,11,B,acquiescent,0.5,0.75,0.75,0.0
50,0.4,11,B,acquiescent,0.6,0.3333333333333333,0.6666666666666666,-0.3333333333333333
50,0.4,11,B,acquiescent,0.7,1.0,0.75,0.25
50,0.4,11,B,acquiescent,0.8,0.6666666666666666,0.6666666666666666,0.0
50,0.4,11,B,acquiescent,0.9,1.0,1.0,0.0
50,0.4,11,B,acquiescent,1.0,1.0,1.0,0.0
50,0.4,11,B,fatigue,0.1,0.0,0.0,0.0
50,0.4,11,B,fatigue,0.2,0.0,0.6666666666666666,-0.6666666666666666
50,0.4,11,B,fatigue,0.3,0.3333333333333333,0.3333333333333333,0.0
50,0.4,11,B,fatigue,0.4,0.3333333333333333,0.3333333333333333,0.0
50,0.4,11,B,fatigue,0.5,0.0,0.0,0.0
50,0.4,11,B,fatigue,0.6,1.0,1.0,0.0
50,0.4,11,B,fatigue,0.7,1.0,1.0,0.0
50,0.4,11,B,fatigue,0.8,1.0,1.0,0.0
50,0.4,11,B,fatigue,0.9,1.0,0.75,0.25
50,0.4,11,B,fatigue,1.0,0.5,0.75,-0.25
50,0.4,11,B,longstring,0.1,0.0,0.0,0.0
50,0.4,11,B,longstring,0.2,0.0,0.0,0.0
50,0.4,11,B,longstring,0.3,0.3333333333333333,0.3333333333333333,0.0
50,0.4,11,B,longstring,0.4,0.0,0.0,0.0
50,0.4,11,B,longstring,0.5,0.3333333333333333,0.3333333333333333,0.0
50,0.4,11,B,longstring,0.6,0.75,0.5,0.25
50,0.4,11,B,longstring,0.7,0.6666666666666666,0.3333333333333333,0.3333333333333333
50,0.4,11,B,longstring,0.8,0.5,0.75,-0.25
50,0.4,11,B,longstring,0.9,1.0,0.75,0.25
50,0.4,11,B,longstring,1.0,1.0,1.0,0.0
50,0.4,11,B,mixed,0.1,0.25,0.0,0.25
50,0.4,11,B,mixed,0.2,0.25,0.25,0.0
50,0.4,11,B,mixed,0.3,0.3333333333333333,0.3333333333333333,0.0
50,0.4,11,B,mixed,0.4,0.0,0.0,0.0
50,0.4,11,B,mixed,0.5,0.6666666666666666,0.6666666666666666,0.0
50,0.4,11,B,mixed,0.6,0.3333333333333333,1.0,-0.6666666666666667
50,0.4,11,B,mixed,0.7,0.3333333333333333,0.0,0.3333333333333333
50,0.4,11,B,mixed,0.8,0.6666666666666666,0.6666666666666666,0.0
50,0.4,11,B,mixed,0.9,0.6666666666666666,0.3333333333333333,0.3333333333333333
50,0.4,11,B,mixed,1.0,0.5,0.5,0.0
50,0.4,11,B,pure_straight,0.1,0.0,0.0,0.0
50,0.4,11,B,pure_straight,0.2,0.25,0.25,0.0
50,0.4,11,B,pure_straight,0.3,0.3333333333333333,0.3333333333333333,0.0
50,0.4,11,B,pure_straight,0.4,0.25,0.25,0.0
50,0.4,11,B,pure_straight,0.5,1.0,0.6666666666666666,0.33333333333333337
50,0.4,11,B,pure_straight,0.6,1.0,1.0,0.0
50,0.4,11,B,pure_straight,0.7,1.0,1.0,0.0
50,0.4,11,B,pure_straight,0.8,1.0,1.0,0.0
50,0.4,11,B,pure_straight,0.9,1.0,1.0,0.0
50,0.4,11,B,pure_straight,1.0,1.0,1.0,0.0
50,0.4,11,B,random,0.1,0.0,0.0,0.0
50,0.4,11,B,random,0.2,0.3333333333333333,0.3333333333333333,0.0
50,0.4,11,B,random,0.3,0.0,0.0,0.0
50,0.4,11,B,random,0.4,0.0,0.0,0.0
50,0.4,11,B,random,0.5,0.6666666666666666,0.3333333333333333,0.3333333333333333
50,0.4,11,B,random,0.6,0.25,0.0,0.25
50,0.4,11,B,random,0.7,0.6666666666666666,0.3333333333333333,0.3333333333333333
50,0.4,11,B,random,0.8,0.25,0.25,0.0
50,0.4,11,B,random,0.9,0.3333333333333333,0.3333333333333333,0.0
50,0.4,11,B,random,1.0,0.5,0.25,0.25
50,0.4,12,B,acquiescent,0.1,0.0,0.0,0.0
50,0.4,12,B,acquiescent,0.2,0.3333333333333333,0.3333333333333333,0.0
50,0.4,12,B,acquiescent,0.3,0.25,0.25,0.0
50,0.4,12,B,acquiescent,0.4,0.3333333333333333,0.6666666666666666,-0.3333333333333333
50,0.4,12,B,acquiescent,0.5,1.0,1.0,0.0
50,0.4,12,B,acquiescent,0.6,0.3333333333333333,0.6666666666666666,-0.3333333333333333
50,0.4,12,B,acquiescent,0.7,0.75,0.75,0.0
50,0.4,12,B,acquiescent,0.8,1.0,1.0,0.0
50,0.4,12,B,acquiescent,0.9,1.0,1.0,0.0
50,0.4,12,B,acquiescent,1.0,1.0,1.0,0.0
50,0.4,12,B,fatigue,0.1,0.0,0.0,0.0
50,0.4,12,B,fatigue,0.2,0.0,0.0,0.0
50,0.4,12,B,fatigue,0.3,0.0,0.0,0.0
50,0.4,12,B,fatigue,0.4,1.0,0.75,0.25
50,0.4,12,B,fatigue,0.5,0.0,0.0,0.0
50,0.4,12,B,fatigue,0.6,0.6666666666666666,0.3333333333333333,0.3333333333333333
50,0.4,12,B,fatigue,0.7,0.0,0.3333333333333333,-0.3333333333333333
50,0.4,12,B,fatigue,0.8,0.75,0.75,0.0
50,0.4,12,B,fatigue,0.9,0.3333333333333333,0.0,0.3333333333333333
50,0.4,12,B,fatigue,1.0,1.0,0.6666666666666666,0.33333333333333337
50,0.4,12,B,longstring,0.1,0.0,0.0,0.0
50,0.4,12,B,longstring,0.2,0.0,0.0,0.0
50,0.4,12,B,longstring,0.3,0.0,0.3333333333333333,-0.3333333333333333
50,0.4,12,B,longstring,0.4,0.0,0.25,-0.25
50,0.4,12,B,longstring,0.5,0.6666666666666666,0.6666666666666666,0.0
50,0.4,12,B,longstring,0.6,0.5,0.75,-0.25
50,0.4,12,B,longstring,0.7,1.0,0.75,0.25
50,0.4,12,B,longstring,0.8,0.3333333333333333,0.3333333333333333,0.0
50,0.4,12,B,longstring,0.9,0.6666666666666666,0.6666666666666666,0.0
50,0.4,12,B,longstring,1.0,0.75,0.75,0.0
50,0.4,12,B,mixed,0.1,0.0,0.0,0.0
50,0.4,12,B,mixed,0.2,0.25,0.5,-0.25
50,0.4,12,B,mixed,0.3,0.3333333333333333,0.3333333333333333,0.0
50,0.4,12,B,mixed,0.4,0.3333333333333333,0.3333333333333333,0.0
50,0.4,12,B,mixed,0.5,0.0,0.3333333333333333,-0.3333333333333333
50,0.4,12,B,mixed,0.6,0.3333333333333333,0.3333333333333333,0.0
50,0.4,12,B,mixed,0.7,1.0,1.0,0.0
50,0.4,12,B,mixed,0.8,0.6666666666666666,1.0,-0.33333333333333337
50,0.4,12,B,mixed,0.9,0.3333333333333333,0.3333333333333333,0.0
50,0.4,12,B,mixed,1.0,0.25,0.25,0.0
50,0.4,12,B,pure_straight,0.1,0.3333333333333333,0.0,0.3333333333333333
50,0.4,12,B,pure_straight,0.2,0.3333333333333333,0.0,0.3333333333333333
50,0.4,12,B,pure_straight,0.3,0.0,0.0,0.0
50,0.4,12,B,pure_straight,0.4,0.5,0.25,0.25
50,0.4,12,B,pure_straight,0.5,0.6666666666666666,0.6666666666666666,0.0
50,0.4,12,B,pure_straight,0.6,1.0,1.0,0.0
50,0.4,12,B,pure_straight,0.7,0.5,0.75,-0.25
50,0.4,12,B,pure_straight,0.8,1.0,1.0,0.0
50,0.4,12,B,pure_straight,0.9,1.0,1.0,0.0
50,0.4,12,B,pure_straight,1.0,1.0,1.0,0.0
50,0.4,12,B,random,0.1,0.0,0.0,0.0
50,0.4,12,B,random,0.2,0.3333333333333333,0.3333333333333333,0.0
50,0.4,12,B,random,0.3,0.3333333333333333,0.3333333333333333,0.0
50,0.4,12,B,random,0.4,0.5,0.5,0.0
50,0.4,12,B,random,0.5,0.3333333333333333,0.3333333333333333,0.0
50,0.4,12,B,random,0.6,0.0,0.0,0.0
50,0.4,12,B,random,0.7,1.0,1.0,0.0
50,0.4,12,B,random,0.8,0.5,0.5,0.0
50,0.4,12,B,random,0.9,0.25,0.25,0.0
50,0.4,12,B,random,1.0,0.0,0.0,0.0
50,0.6,1,B,acquiescent,0.1,0.0,0.0,0.0
50,0.6,1,B,acquiescent,0.2,0.4,0.4,0.0
50,0.6,1,B,acquiescent,0.3,0.8,0.6,0.20000000000000007
50,0.6,1,B,acquiescent,0.4,0.6,0.8,-0.20000000000000007
50,0.6,1,B,acquiescent,0.5,0.4,0.4,0.0
50,0.6,1,B,acquiescent,0.6,0.6,0.6,0.0
50,0.6,1,B,acquiescent,0.7,0.6,0.6,0.0
50,0.6,1,B,acquiescent,0.8,1.0,1.0,0.0
50,0.6,1,B,acquiescent,0.9,1.0,1.0,0.0
50,0.6,1,B,acquiescent,1.0,1.0,1.0,0.0
50,0.6,1,B,fatigue,0.1,0.4,0.2,0.2
50,0.6,1,B,fatigue,0.2,0.4,0.2,0.2
50,0.6,1,B,fatigue,0.3,0.4,0.2,0.2
50,0.6,1,B,fatigue,0.4,0.2,0.4,-0.2
50,0.6,1,B,fatigue,0.5,0.6,0.4,0.19999999999999996
50,0.6,1,B,fatigue,0.6,0.4,0.4,0.0
50,0.6,1,B,fatigue,0.7,0.8,1.0,-0.19999999999999996
50,0.6,1,B,fatigue,0.8,0.8,0.8,0.0
50,0.6,1,B,fatigue,0.9,0.6,0.6,0.0
50,0.6,1,B,fatigue,1.0,1.0,1.0,0.0
50,0.6,1,B,longstring,0.1,0.4,0.4,0.0
50,0.6,1,B,longstring,0.2,0.4,0.4,0.0
50,0.6,1,B,longstring,0.3,0.4,0.4,0.0
50,0.6,1,B,longstring,0.4,0.2,0.2,0.0
50,0.6,1,B,longstring,0.5,0.4,0.4,0.0
50,0.6,1,B,longstring,0.6,0.4,0.6,-0.19999999999999996
50,0.6,1,B,longstring,0.7,0.4,0.2,0.2
50,0.6,1,B,longstring,0.8,0.8,0.8,0.0
50,0.6,1,B,longstring,0.9,0.8,0.8,0.0
50,0.6,1,B,longstring,1.0,0.8,0.6,0.20000000000000007
50,0.6,1,B,mixed,0.1,0.4,0.6,-0.19999999999999996
50,0.6,1,B,mixed,0.2,0.0,0.0,0.0
50,0.6,1,B,mixed,0.3,0.4,0.2,0.2
50,0.6,1,B,mixed,0.4,0.0,0.2,-0.2
50,0.6,1,B,mixed,0.5,0.4,0.4,0.0
50,0.6,1,B,mixed,0.6,0.6,0.6,0.0
50,0.6,1,B,mixed,0.7,0.4,0.6,-0.19999999999999996
50,0.6,1,B,mixed,0.8,0.4,0.0,0.4
50,0.6,1,B,mixed,0.9,0.2,0.2,0.0
50,0.6,1,B,mixed,1.0,0.4,0.6,-0.19999999999999996
50,0.6,1,B,pure_straight,0.1,0.0,0.0,0.0
50,0.6,1,B,pure_straight,0.2,0.2,0.2,0.0
50,0.6,1,B,pure_straight,0.3,0.4,0.4,0.0
50,0.6,1,B,pure_straight,0.4,0.4,0.2,0.2
50,0.6,1,B,pure_straight,0.5,0.8,0.6,0.20000000000000007
50,0.6,1,B,pure_straight,0.6,0.8,0.8,0.0
50,0.6,1,B,pure_straight,0.7,1.0,1.0,0.0
50,0.6,1,B,pure_straight,0.8,1.0,1.0,0.0
50,0.6,1,B,pure_straight,0.9,1.0,1.0,0.0
50,0.6,1,B,pure_straight,1.0,1.0,1.0,0.0
50,0.6,1,B,random,0.1,0.2,0.4,-0.2
50,0.6,1,B,random,0.2,0.2,0.2,0.0
50,0.6,1,B,random,0.3,0.4,0.6,-0.19999999999999996
50,0.6,1,B,random,0.4,0.0,0.0,0.0
50,0.6,1,B,random,0.5,0.2,0.2,0.0
50,0.6,1,B,random,0.6,0.8,0.8,0.0
50,0.6,1,B,random,0.7,0.4,0.4,0.0
50,0.6,1,B,random,0.8,0.0,0.0,0.0
50,0.6,1,B,random,0.9,0.8,0.4,0.4
50,0.6,1,B,random,1.0,0.4,0.2,0.2
50,0.6,2,B,acquiescent,0.1,0.0,0.0,0.0
50,0.6,2,B,acquiescent,0.2,0.4,0.2,0.2
50,0.6,2,B,acquiescent,0.3,0.4,0.2,0.2
50,0.6,2,B,acquiescent,0.4,0.6,0.6,0.0
50,0.6,2,B,acquiescent,0.5,0.6,0.6,0.0
50,0.6,2,B,acquiescent,0.6,0.8,0.6,0.20000000000000007
50,0.6,2,B,acquiescent,0.7,1.0,1.0,0.0
50,0.6,2,B,acquiescent,0.8,1.0,1.0,0.0
50,0.6,2,B,acquiescent,0.9,1.0,1.0,0.0
50,0.6,2,B,acquiescent,1.0,1.0,1.0,0.0
50,0.6,2,B,fatigue,0.1,0.2,0.2,0.0
50,0.6,2,B,fatigue,0.2,0.2,0.2,0.0
50,0.6,2,B,fatigue,0.3,0.0,0.0,0.0
50,0.6,2,B,fatigue,0.4,0.4,0.4,0.0
50,0.6,2,B,fatigue,0.5,0.2,0.4,-0.2
50,0.6,2,B,fatigue,0.6,0.8,0.4,0.4
50,0.6,2,B,fatigue,0.7,0.2,0.2,0.0
50,0.6,2,B,fatigue,0.8,0.8,0.8,0.0
50,0.6,2,B,fatigue,0.9,0.8,0.8,0.0
50,0.6,2,B,fatigue,1.0,0.8,0.8,0.0
50,0.6,2,B,longstring,0.1,0.0,0.0,0.0
50,0.6,2,B,longstring,0.2,0.4,0.4,0.0
50,0.6,2,B,longstring,0.3,0.4,0.2,0.2
50,0.6,2,B,longstring,0.4,0.0,0.2,-0.2
50,0.6,2,B,longstring,0.5,1.0,1.0,0.0
50,0.6,2,B,longstring,0.6,0.6,0.4,0.19999999999999996
50,0.6,2,B,longstring,0.7,1.0,0.8,0.19999999999999996
50,0.6,2,B,longstring,0.8,0.8,0.8,0.0
50,0.6,2,B,longstring,0.9,0.8,0.8,0.0
50,0.6,2,B,longstring,1.0,1.0,1.0,0.0
50,0.6,2,B,mixed,0.1,0.2,0.2,0.0
50,0.6,2,B,mixed,0.2,0.0,0.0,0.0
50,0.6,2,B,mixed,0.3,0.2,0.2,0.0
50,0.6,2,B,mixed,0.4,0.2,0.4,-0.2
50,0.6,2,B,mixed,0.5,0.2,0.4,-0.2
50,0.6,2,B,mixed,0.6,0.4,0.6,-0.19999999999999996
50,0.6,2,B,mixed,0.7,0.4,0.2,0.2
50,0.6,2,B,mixed,0.8,0.8,0.6,0.20000000000000007
50,0.6,2,B,mixed,0.9,0.6,0.6,0.0
50,0.6,2,B,mixed,1.0,0.6,0.6,0.0
50,0.6,2,B,pure_straight,0.1,0.2,0.2,0.0
50,0.6,2,B,pure_straight,0.2,0.0,0.0,0.0
50,0.6,2,B,pure_straight,0.3,0.6,0.6,0.0
50,0.6,2,B,pure_straight,0.4,0.8,0.6,0.20000000000000007
50,0.6,2,B,pure_straight,0.5,1.0,1.0,0.0
50,0.6,2,B,pure_straight,0.6,1.0,1.0,0.0
50,0.6,2,B,pure_straight,0.7,1.0,1.0,0.0
50,0.6,2,B,pure_straight,0.8,1.0,1.0,0.0
50,0.6,2,B,pure_straight,0.9,1.0,1.0,0.0
50,0.6,2,B,pure_straight,1.0,1.0,1.0,0.0
50,0.6,2,B,random,0.1,0.0,0.4,-0.4
50,0.6,2,B,random,0.2,0.4,0.2,0.2
50,0.6,2,B,random,0.3,0.2,0.6,-0.39999999999999997
50,0.6,2,B,random,0.4,0.2,0.0,0.2
50,0.6,2,B,random,0.5,0.4,0.4,0.0
50,0.6,2,B,random,0.6,0.6,0.6,0.0
50,0.6,2,B,random,0.7,0.0,0.0,0.0
50,0.6,2,B,random,0.8,0.6,0.6,0.0
50,0.6,2,B,random,0.9,0.2,0.2,0.0
50,0.6,2,B,random,1.0,0.2,0.0,0.2
50,0.6,3,B,acquiescent,0.1,0.0,0.0,0.0
50,0.6,3,B,acquiescent,0.2,0.2,0.4,-0.2
50,0.6,3,B,acquiescent,0.3,0.4,0.6,-0.19999999999999996
50,0.6,3,B,acquiescent,0.4,0.4,0.4,0.0
50,0.6,3,B,acquiescent,0.5,0.4,0.4,0.0
50,0.6,3,B,acquiescent,0.6,0.6,0.6,0.0
50,0.6,3,B,acquiescent,0.7,0.8,0.8,0.0
50,0.6,3,B,acquiescent,0.8,1.0,1.0,0.0
50,0.6,3,B,acquiescent,0.9,1.0,1.0,0.0
50,0.6,3,B,acquiescent,1.0,1.0,1.0,0.0
50,0.6,3,B,fatigue,0.1,0.0,0.0,0.0
50,0.6,3,B,fatigue,0.2,0.2,0.2,0.0
50,0.6,3,B,fatigue,0.3,0.4,0.4,0.0
50,0.6,3,B,fatigue,0.4,0.6,0.6,0.0
50,0.6,3,B,fatigue,0.5,0.8,0.6,0.20000000000000007
50,0.6,3,B,fatigue,0.6,0.6,0.6,0.0
50,0.6,3,B,fatigue,0.7,0.8,0.8,0.0
50,0.6,3,B,fatigue,0.8,0.6,0.8,-0.20000000000000007
50,0.6,3,B,fatigue,0.9,0.6,0.6,0.0
50,0.6,3,B,fatigue,1.0,1.0,1.0,0.0
50,0.6,3,B,longstring,0.1,0.4,0.2,0.2
50,0.6,3,B,longstring,0.2,0.0,0.0,0.0
50,0.6,3,B,longstring,0.3,0.6,0.4,0.19999999999999996
50,0.6,3,B,longstring,0.4,0.4,0.4,0.0
50,0.6,3,B,longstring,0.5,0.8,0.4,0.4
50,0.6,3,B,longstring,0.6,0.0,0.0,0.0
50,0.6,3,B,longstring,0.7,0.8,0.4,0.4
50,0.6,3,B,longstring,0.8,1.0,0.6,0.4
50,0.6,3,B,longstring,0.9,0.8,1.0,-0.19999999999999996
50,0.6,3,B,longstring,1.0,0.6,0.8,-0.20000000000000007
50,0.6,3,B,mixed,0.1,0.2,0.0,0.2
50,0.6,3,B,mixed,0.2,0.4,0.0,0.4
50,0.6,3,B,mixed,0.3,0.0,0.0,0.0
50,0.6,3,B,mixed,0.4,0.2,0.2,0.0
50,0.6,3,B,mixed,0.5,0.2,0.2,0.0
50,0.6,3,B,mixed,0.6,0.2,0.4,-0.2
50,0.6,3,B,mixed,0.7,0.4,0.6,-0.19999999999999996
50,0.6,3,B,mixed,0.8,0.4,0.4,0.0
50,0.6,3,B,mixed,0.9,0.4,0.2,0.2
50,0.6,3,B,mixed,1.0,0.6,0.4,0.19999999999999996
50,0.6,3,B,pure_straight,0.1,0.2,0.2,0.0
50,0.6,3,B,pure_straight,0.2,0.4,0.4,0.0
50,0.6,3,B,pure_straight,0.3,0.6,0.8,-0.20000000000000007
50,0.6,3,B,pure_straight,0.4,0.6,0.4,0.19999999999999996
50,0.6,3,B,pure_straight,0.5,0.8,1.0,-0.19999999999999996
50,0.6,3,B,pure_straight,0.6,1.0,1.0,0.0
50,0.6,3,B,pure_straight,0.7,0.8,0.8,0.0
50,0.6,3,B,pure_straight,0.8,1.0,1.0,0.0
50,0.6,3,B,pure_straight,0.9,1.0,1.0,0.0
50,0.6,3,B,pure_straight,1.0,1.0,1.0,0.0
50,0.6,3,B,random,0.1,0.0,0.0,0.0
50,0.6,3,B,random,0.2,0.0,0.0,0.0
50,0.6,3,B,random,0.3,0.2,0.2,0.0
50,0.6,3,B,random,0.4,0.2,0.2,0.0
50,0.6,3,B,random,0.5,0.2,0.4,-0.2
50,0.6,3,B,random,0.6,0.4,0.4,0.0
50,0.6,3,B,random,0.7,0.4,0.4,0.0
50,0.6,3,B,random,0.8,0.6,0.6,0.0
50,0.6,3,B,random,0.9,0.4,0.6,-0.19999999999999996
50,0.6,3,B,random,1.0,0.4,0.2,0.2
50,0.6,4,B,acquiescent,0.1,0.6,0.6,0.0
50,0.6,4,B,acquiescent,0.2,0.6,0.4,0.19999999999999996
50,0.6,4,B,acquiescent,0.3,0.2,0.2,0.0
50,0.6,4,B,acquiescent,0.4,0.8,0.8,0.0
50,0.6,4,B,acquiescent,0.5,0.8,0.6,0.20000000000000007
50,0.6,4,B,acquiescent,0.6,0.6,0.6,0.0
50,0.6,4,B,acquiescent,0.7,0.6,0.6,0.0
50,0.6,4,B,acquiescent,0.8,1.0,1.0,0.0
50,0.6,4,B,acquiescent,0.9,1.0,1.0,0.0
50,0.6,4,B,acquiescent,1.0,1.0,1.0,0.0
50,0.6,4,B,fatigue,0.1,0.2,0.6,-0.39999999999999997
50,0.6,4,B,fatigue,0.2,0.2,0.2,0.0
50,0.6,4,B,fatigue,0.3,0.4,0.6,-0.19999999999999996
50,0.6,4,B,fatigue,0.4,0.2,0.0,0.2
50,0.6,4,B,fatigue,0.5,0.2,0.2,0.0
50,0.6,4,B,fatigue,0.6,0.4,0.4,0.0
50,0.6,4,B,fatigue,0.7,0.8,0.8,0.0
50,0.6,4,B,fatigue,0.8,0.8,1.0,-0.19999999999999996
50,0.6,4,B,fatigue,0.9,0.6,0.6,0.0
50,0.6,4,B,fatigue,1.0,0.8,0.8,0.0
50,0.6,4,B,longstring,0.1,0.0,0.0,0.0
50,0.6,4,B,longstring,0.2,0.0,0.0,0.0
50,0.6,4,B,longstring,0.3,0.2,0.0,0.2
50,0.6,4,B,longstring,0.4,0.2,0.6,-0.39999999999999997
50,0.6,4,B,longstring,0.5,0.6,0.6,0.0
50,0.6,4,B,longstring,0.6,0.8,0.6,0.20000000000000007
50,0.6,4,B,longstring,0.7,0.4,0.6,-0.19999999999999996
50,0.6,4,B,longstring,0.8,0.8,0.8,0.0
50,0.6,4,B,longstring,0.9,1.0,1.0,0.0
50,0.6,4,B,longstring,1.0,1.0,0.8,0.19999999999999996
50,0.6,4,B,mixed,0.1,0.2,0.0,0.2
50,0.6,4,B,mixed,0.2,0.4,0.4,0.0
50,0.6,4,B,mixed,0.3,0.0,0.0,0.0
50,0.6,4,B,mixed,0.4,0.6,0.6,0.0
50,0.6,4,B,mixed,0.5,0.2,0.6,-0.39999999999999997
50,0.6,4,B,mixed,0.6,0.0,0.0,0.0
50,0.6,4,B,mixed,0.7,0.4,0.2,0.2
50,0.6,4,B,mixed,0.8,0.6,0.4,0.19999999999999996
50,0.6,4,B,mixed,0.9,1.0,0.6,0.4
50,0.6,4,B,mixed,1.0,0.4,0.6,-0.19999999999999996
50,0.6,4,B,pure_straight,0.1,0.0,0.0,0.0
50,0.6,4,B,pure_straight,0.2,0.4,0.4,0.0
50,0.6,4,B,pure_straight,0.3,0.8,0.6,0.20000000000000007
50,0.6,4,B,pure_straight,0.4,0.4,0.4,0.0
50,0.6,4,B,pure_straight,0.5,0.8,0.8,0.0
50,0.6,4,B,pure_straight,0.6,1.0,1.0,0.0
50,0.6,4,B,pure_straight,0.7,1.0,1.0,0.0
50,0.6,4,B,pure_straight,0.8,1.0,1.0,0.0
50,0.6,4,B,pure_straight,0.9,1.0,1.0,0.0
50,0.6,4,B,pure_straight,1.0,1.0,1.0,0.0
50,0.6,4,B,random,0.1,0.0,0.4,-0.4
50,0.6,4,B,random,0.2,0.2,0.2,0.0
50,0.6,4,B,random,0.3,0.2,0.4,-0.2
50,0.6,4,B,random,0.4,0.4,0.4,0.0
50,0.6,4,B,random,0.5,0.2,0.2,0.0
50,0.6,4,B,random,0.6,0.4,0.2,0.2
50,0.6,4,B,random,0.7,0.2,0.2,0.0
50,0.6,4,B,random,0.8,0.4,0.4,0.0
50,0.6,4,B,random,0.9,0.4,0.6,-0.19999999999999996
50,0.6,4,B,random,1.0,0.2,0.2,0.0
50,0.6,5,B,acquiescent,0.1,0.4,0.4,0.0
50,0.6,5,B,acquiescent,0.2,0.4,0.4,0.0
50,0.6,5,B,acquiescent,0.3,0.2,0.2,0.0
50,0.6,5,B,acquiescent,0.4,0.6,0.4,0.19999999999999996
50,0.6,5,B,acquiescent,0.5,0.6,0.8,-0.20000000000000007
50,0.6,5,B,acquiescent,0.6,0.8,0.8,0.0
50,0.6,5,B,acquiescent,0.7,1.0,1.0,0.0
50,0.6,5,B,acquiescent,0.8,0.8,1.0,-0.19999999999999996
50,0.6,5,B,acquiescent,0.9,1.0,1.0,0.0
50,0.6,5,B,acquiescent,1.0,1.0,1.0,0.0
50,0.6,5,B,fatigue,0.1,0.0,0.0,0.0
50,0.6,5,B,fatigue,0.2,0.2,0.2,0.0
50,0.6,5,B,fatigue,0.3,0.2,0.2,0.0
50,0.6,5,B,fatigue,0.4,0.2,0.4,-0.2
50,0.6,5,B,fatigue,0.5,0.4,0.4,0.0
50,0.6,5,B,fatigue,0.6,0.8,0.4,0.4
50,0.6,5,B,fatigue,0.7,0.6,0.6,0.0
50,0.6,5,B,fatigue,0.8,0.4,0.4,0.0
50,0.6,5,B,fatigue,0.9,0.8,0.8,0.0
50,0.6,5,B,fatigue,1.0,0.8,0.6,0.20000000000000007
50,0.6,5,B,longstring,0.1,0.4,0.0,0.4
50,0.6,5,B,longstring,0.2,0.4,0.6,-0.19999999999999996
50,0.6,5,B,longstring,0.3,0.0,0.0,0.0
50,0.6,5,B,longstring,0.4,0.4,0.6,-0.19999999999999996
50,0.6,5,B,longstring,0.5,0.4,0.6,-0.19999999999999996
50,0.6,5,B,longstring,0.6,0.4,0.4,0.0
50,0.6,5,B,longstring,0.7,0.8,1.0,-0.19999999999999996
50,0.6,5,B,longstring,0.8,0.6,0.4,0.19999999999999996
50,0.6,5,B,longstring,0.9,0.6,0.6,0.0
50,0.6,5,B,longstring,1.0,0.8,0.8,0.0
50,0.6,5,B,mixed,0.1,0.2,0.2,0.0
50,0.6,5,B,mixed,0.2,0.2,0.2,0.0
50,0.6,5,B,mixed,0.3,0.4,0.6,-0.19999999999999996
50,0.6,5,B,mixed,0.4,0.2,0.0,0.2
50,0.6,5,B,mixed,0.5,0.2,0.0,0.2
50,0.6,5,B,mixed,0.6,0.0,0.0,0.0
50,0.6,5,B,mixed,0.7,0.4,0.4,0.0
50,0.6,5,B,mixed,0.8,0.6,0.6,0.0
50,0.6,5,B,mixed,0.9,0.4,0.0,0.4
50,0.6,5,B,mixed,1.0,0.6,0.6,0.0
50,0.6,5,B,pure_straight,0.1,0.2,0.0,0.2
50,0.6,5,B,pure_straight,0.2,0.4,0.4,0.0
50,0.6,5,B,pure_straight,0.3,0.0,0.2,-0.2
50,0.6,5,B,pure_straight,0.4,0.6,0.4,0.19999999999999996
50,0.6,5,B,pure_straight,0.5,0.8,1.0,-0.19999999999999996
50,0.6,5,B,pure_straight,0.6,1.0,1.0,0.0
50,0.6,5,B,pure_straight,0.7,1.0,1.0,0.0
50,0.6,5,B,pure_straight,0.8,1.0,1.0,0.0
50,0.6,5,B,pure_straight,0.9,1.0,1.0,0.0
50,0.6,5,B,pure_straight,1.0,1.0,1.0,0.0
50,0.6,5,B,random,0.1,0.2,0.0,0.2
50,0.6,5,B,random,0.2,0.2,0.0,0.2
50,0.6,5,B,random,0.3,0.4,0.2,0.2
50,0.6,5,B,random,0.4,0.0,0.4,-0.4
50,0.6,5,B,random,0.5,0.2,0.0,0.2
50,0.6,5,B,random,0.6,0.4,0.4,0.0
50,0.6,5,B,random,0.7,0.4,0.4,0.0
50,0.6,5,B,random,0.8,0.0,0.2,-0.2
50,0.6,5,B,random,0.9,0.2,0.4,-0.2
50,0.6,5,B,random,1.0,0.6,0.4,0.19999999999999996
50,0.6,6,B,acquiescent,0.1,0.2,0.0,0.2
50,0.6,6,B,acquiescent,0.2,0.4,0.0,0.4
50,0.6,6,B,acquiescent,0.3,0.8,0.6,0.20000000000000007
50,0.6,6,B,acquiescent,0.4,0.6,0.8,-0.20000000000000007
50,0.6,6,B,acquiescent,0.5,0.4,0.4,0.0
50,0.6,6,B,acquiescent,0.6,0.8,0.8,0.0
50,0.6,6,B,acquiescent,0.7,0.8,0.8,0.0
50,0.6,6,B,acquiescent,0.8,0.8,0.8,0.0
50,0.6,6,B,acquiescent,0.9,1.0,1.0,0.0
50,0.6,6,B,acquiescent,1.0,1.0,1.0,0.0
50,0.6,6,B,fatigue,0.1,0.2,0.0,0.2
50,0.6,6,B,fatigue,0.2,0.0,0.0,0.0
50,0.6,6,B,fatigue,0.3,0.0,0.2,-0.2
50,0.6,6,B,fatigue,0.4,0.2,0.4,-0.2
50,0.6,6,B,fatigue,0.5,0.6,0.6,0.0
50,0.6,6,B,fatigue,0.6,0.6,0.6,0.0
50,0.6,6,B,fatigue,0.7,0.2,0.2,0.0
50,0.6,6,B,fatigue,0.8,0.8,0.8,0.0
50,0.6,6,B,fatigue,0.9,0.8,0.8,0.0
50,0.6,6,B,fatigue,1.0,1.0,1.0,0.0
50,0.6,6,B,longstring,0.1,0.2,0.0,0.2
50,0.6,6,B,longstring,0.2,0.2,0.4,-0.2
50,0.6,6,B,longstring,0.3,0.0,0.0,0.0
50,0.6,6,B,longstring,0.4,0.0,0.2,-0.2
50,0.6,6,B,longstring,0.5,0.2,0.4,-0.2
50,0.6,6,B,longstring,0.6,1.0,0.6,0.4
50,0.6,6,B,longstring,0.7,1.0,1.0,0.0
50,0.6,6,B,longstring,0.8,0.6,0.6,0.0
50,0.6,6,B,longstring,0.9,0.8,0.6,0.20000000000000007
50,0.6,6,B,longstring,1.0,0.8,0.8,0.0
50,0.6,6,B,mixed,0.1,0.4,0.4,0.0
50,0.6,6,B,mixed,0.2,0.0,0.2,-0.2
50,0.6,6,B,mixed,0.3,0.2,0.2,0.0
50,0.6,6,B,mixed,0.4,0.2,0.4,-0.2
50,0.6,6,B,mixed,0.5,0.2,0.0,0.2
50,0.6,6,B,mixed,0.6,0.2,0.2,0.0
50,0.6,6,B,mixed,0.7,0.6,0.6,0.0
50,0.6,6,B,mixed,0.8,0.6,0.4,0.19999999999999996
50,0.6,6,B,mixed,0.9,0.6,0.4,0.19999999999999996
50,0.6,6,B,mixed,1.0,0.6,0.6,0.0
50,0.6,6,B,pure_straight,0.1,0.4,0.4,0.0
50,0.6,6,B,pure_straight,0.2,0.2,0.4,-0.2
50,0.6,6,B,pure_straight,0.3,0.4,0.6,-0.19999999999999996
50,0.6,6,B,pure_straight,0.4,1.0,1.0,0.0
50,0.6,6,B,pure_straight,0.5,1.0,1.0,0.0
50,0.6,6,B,pure_straight,0.6,1.0,1.0,0.0
50,0.6,6,B,pure_straight,0.7,1.0,1.0,0.0
50,0.6,6,B,pure_straight,0.8,1.0,1.0,0.0
50,0.6,6,B,pure_straight,0.9,1.0,1.0,0.0
50,0.6,6,B,pure_straight,1.0,1.0,1.0,0.0
50,0.6,6,B,random,0.1,0.0,0.0,0.0
50,0.6,6,B,random,0.2,0.2,0.0,0.2
50,0.6,6,B,random,0.3,0.2,0.0,0.2
50,0.6,6,B,random,0.4,0.0,0.0,0.0
50,0.6,6,B,random,0.5,0.2,0.2,0.0
50,0.6,6,B,random,0.6,0.0,0.0,0.0
50,0.6,6,B,random,0.7,0.6,0.2,0.39999999999999997
50,0.6,6,B,random,0.8,0.4,0.2,0.2
50,0.6,6,B,random,0.9,0.6,0.4,0.19999999999999996
50,0.6,6,B,random,1.0,0.2,0.0,0.2
50,0.6,7,B,acquiescent,0.1,0.0,0.0,0.0
50,0.6,7,B,acquiescent,0.2,0.0,0.2,-0.2
50,0.6,7,B,acquiescent,0.3,0.4,0.2,0.2
50,0.6,7,B,acquiescent,0.4,0.2,0.4,-0.2
50,0.6,7,B,acquiescent,0.5,0.6,0.8,-0.20000000000000007
50,0.6,7,B,acquiescent,0.6,1.0,0.6,0.4
50,0.6,7,B,acquiescent,0.7,0.8,0.6,0.20000000000000007
50,0.6,7,B,acquiescent,0.8,1.0,1.0,0.0
50,0.6,7,B,acquiescent,0.9,1.0,1.0,0.0
50,0.6,7,B,acquiescent,1.0,1.0,1.0,0.0
50,0.6,7,B,fatigue,0.1,0.0,0.0,0.0
50,0.6,7,B,fatigue,0.2,0.2,0.2,0.0
50,0.6,7,B,fatigue,0.3,0.8,0.6,0.20000000000000007
50,0.6,7,B,fatigue,0.4,0.2,0.4,-0.2
50,0.6,7,B,fatigue,0.5,0.4,0.2,0.2
50,0.6,7,B,fatigue,0.6,0.6,0.6,0.0
50,0.6,7,B,fatigue,0.7,0.8,0.8,0.0
50,0.6,7,B,fatigue,0.8,0.4,0.6,-0.19999999999999996
50,0.6,7,B,fatigue,0.9,0.6,0.8,-0.20000000000000007
50,0.6,7,B,fatigue,1.0,1.0,0.8,0.19999999999999996
50,0.6,7,B,longstring,0.1,0.4,0.2,0.2
50,0.6,7,B,longstring,0.2,0.0,0.0,0.0
50,0.6,7,B,longstring,0.3,0.6,0.4,0.19999999999999996
50,0.6,7,B,longstring,0.4,0.2,0.4,-0.2
50,0.6,7,B,longstring,0.5,0.6,0.6,0.0
50,0.6,7,B,longstring,0.6,0.6,0.6,0.0
50,0.6,7,B,longstring,0.7,0.2,0.2,0.0
50,0.6,7,B,longstring,0.8,0.8,1.0,-0.19999999999999996
50,0.6,7,B,longstring,0.9,0.6,1.0,-0.4
50,0.6,7,B,longstring,1.0,1.0,0.8,0.19999999999999996
50,0.6,7,B,mixed,0.1,0.2,0.4,-0.2
50,0.6,7,B,mixed,0.2,0.6,0.4,0.19999999999999996
50,0.6,7,B,mixed,0.3,0.2,0.4,-0.2
50,0.6,7,B,mixed,0.4,0.4,0.4,0.0
50,0.6,7,B,mixed,0.5,0.2,0.2,0.0
50,0.6,7,B,mixed,0.6,0.4,0.4,0.0
50,0.6,7,B,mixed,0.7,0.4,0.4,0.0
50,0.6,7,B,mixed,0.8,0.4,0.2,0.2
50,0.6,7,B,mixed,0.9,0.4,0.2,0.2
50,0.6,7,B,mixed,1.0,0.8,0.6,0.20000000000000007
50,0.6,7,B,pure_straight,0.1,0.2,0.2,0.0
50,0.6,7,B,pure_straight,0.2,0.4,0.2,0.2
50,0.6,7,B,pure_straight,0.3,0.6,0.2,0.39999999999999997
50,0.6,7,B,pure_straight,0.4,0.6,0.6,0.0
50,0.6,7,B,pure_straight,0.5,1.0,1.0,0.0
50,0.6,7,B,pure_straight,0.6,1.0,0.8,0.19999999999999996
50,0.6,7,B,pure_straight,0.7,1.0,1.0,0.0
50,0.6,7,B,pure_straight,0.8,1.0,1.0,0.0
50,0.6,7,B,pure_straight,0.9,1.0,1.0,0.0
50,0.6,7,B,pure_straight,1.0,1.0,1.0,0.0
50,0.6,7,B,random,0.1,0.4,0.6,-0.19999999999999996
50,0.6,7,B,random,0.2,0.2,0.4,-0.2
50,0.6,7,B,random,0.3,0.0,0.0,0.0
50,0.6,7,B,random,0.4,0.0,0.0,0.0
50,0.6,7,B,random,0.5,0.4,0.0,0.4
50,0.6,7,B,random,0.6,0.4,0.4,0.0
50,0.6,7,B,random,0.7,0.0,0.2,-0.2
50,0.6,7,B,random,0.8,0.2,0.0,0.2
50,0.6,7,B,random,0.9,0.0,0.0,0.0
50,0.6,7,B,random,1.0,0.2,0.0,0.2
50,0.6,8,B,acquiescent,0.1,0.2,0.4,-0.2
50,0.6,8,B,acquiescent,0.2,0.6,0.4,0.19999999999999996
50,0.6,8,B,acquiescent,0.3,0.0,0.4,-0.4
50,0.6,8,B,acquiescent,0.4,0.6,0.4,0.19999999999999996
50,0.6,8,B,acquiescent,0.5,0.4,0.8,-0.4
50,0.6,8,B,acquiescent,0.6,0.6,0.2,0.39999999999999997
50,0.6,8,B,acquiescent,0.7,0.6,0.4,0.19999999999999996
50,0.6,8,B,acquiescent,0.8,1.0,1.0,0.0
50,0.6,8,B,acquiescent,0.9,1.0,1.0,0.0
50,0.6,8,B,acquiescent,1.0,1.0,1.0,0.0
50,0.6,8,B,fatigue,0.1,0.4,0.2,0.2
50,0.6,8,B,fatigue,0.2,0.4,0.4,0.0
50,0.6,8,B,fatigue,0.3,0.2,0.6,-0.39999999999999997
50,0.6,8,B,fatigue,0.4,0.2,0.2,0.0
50,0.6,8,B,fatigue,0.5,0.4,0.2,0.2
50,0.6,8,B,fatigue,0.6,0.6,0.6,0.0
50,0.6,8,B,fatigue,0.7,0.4,0.8,-0.4
50,0.6,8,B,fatigue,0.8,1.0,1.0,0.0
50,0.6,8,B,fatigue,0.9,0.6,0.4,0.19999999999999996
50,0.6,8,B,fatigue,1.0,1.0,1.0,0.0
50,0.6,8,B,longstring,0.1,0.4,0.6,-0.19999999999999996
50,0.6,8,B,longstring,0.2,0.4,0.4,0.0
50,0.6,8,B,longstring,0.3,0.6,0.6,0.0
50,0.6,8,B,longstring,0.4,0.8,0.8,0.0
50,0.6,8,B,longstring,0.5,0.4,0.2,0.2
50,0.6,8,B,longstring,0.6,0.6,0.4,0.19999999999999996
50,0.6,8,B,longstring,0.7,1.0,0.8,0.19999999999999996
50,0.6,8,B,longstring,0.8,1.0,0.6,0.4
50,0.6,8,B,longstring,0.9,1.0,1.0,0.0
50,0.6,8,B,longstring,1.0,0.8,0.4,0.4
50,0.6,8,B,mixed,0.1,0.2,0.0,0.2
50,0.6,8,B,mixed,0.2,0.4,0.4,0.0
50,0.6,8,B,mixed,0.3,0.2,0.0,0.2
50,0.6,8,B,mixed,0.4,0.4,0.6,-0.19999999999999996
50,0.6,8,B,mixed,0.5,0.6,0.6,0.0
50,0.6,8,B,mixed,0.6,0.4,0.2,0.2
50,0.6,8,B,mixed,0.7,0.6,0.6,0.0
50,0.6,8,B,mixed,0.8,0.4,0.6,-0.19999999999999996
50,0.6,8,B,mixed,0.9,0.4,0.4,0.0
50,0.6,8,B,mixed,1.0,0.8,0.2,0.6000000000000001
50,0.6,8,B,pure_straight,0.1,0.2,0.2,0.0
50,0.6,8,B,pure_straight,0.2,0.2,0.4,-0.2
50,0.6,8,B,pure_straight,0.3,0.4,0.2,0.2
50,0.6,8,B,pure_straight,0.4,0.0,0.4,-0.4
50,0.6,8,B,pure_straight,0.5,1.0,0.4,0.6
50,0.6,8,B,pure_straight,0.6,1.0,0.8,0.19999999999999996
50,0.6,8,B,pure_straight,0.7,0.8,0.8,0.0
50,0.6,8,B,pure_straight,0.8,1.0,1.0,0.0
50,0.6,8,B,pure_straight,0.9,1.0,1.0,0.0
50,0.6,8,B,pure_straight,1.0,1.0,1.0,0.0
50,0.6,8,B,random,0.1,0.2,0.4,-0.2
50,0.6,8,B,random,0.2,0.0,0.2,-0.2
50,0.6,8,B,random,0.3,0.2,0.2,0.0
50,0.6,8,B,random,0.4,0.2,0.2,0.0
50,0.6,8,B,random,0.5,0.4,0.4,0.0
50,0.6,8,B,random,0.6,0.6,0.6,0.0
50,0.6,8,B,random,0.7,0.2,0.0,0.2
50,0.6,8,B,random,0.8,0.0,0.2,-0.2
50,0.6,8,B,random,0.9,0.6,0.4,0.19999999999999996
50,0.6,8,B,random,1.0,0.6,0.6,0.0
50,0.6,9,B,acquiescent,0.1,0.6,0.4,0.19999999999999996
50,0.6,9,B,acquiescent,0.2,0.6,0.4,0.19999999999999996
50,0.6,9,B,acquiescent,0.3,0.2,0.2,0.0
50,0.6,9,B,acquiescent,0.4,0.0,0.0,0.0
50,0.6,9,B,acquiescent,0.5,0.6,0.6,0.0
50,0.6,9,B,acquiescent,0.6,1.0,0.8,0.19999999999999996
50,0.6,9,B,acquiescent,0.7,0.4,0.6,-0.19999999999999996
50,0.6,9,B,acquiescent,0.8,1.0,1.0,0.0
50,0.6,9,B,acquiescent,0.9,1.0,1.0,0.0
50,0.6,9,B,acquiescent,1.0,1.0,1.0,0.0
50,0.6,9,B,fatigue,0.1,0.4,0.0,0.4
50,0.6,9,B,fatigue,0.2,0.6,0.4,0.19999999999999996
50,0.6,9,B,fatigue,0.3,0.6,0.8,-0.20000000000000007
50,0.6,9,B,fatigue,0.4,0.0,0.0,0.0
50,0.6,9,B,fatigue,0.5,0.2,0.2,0.0
50,0.6,9,B,fatigue,0.6,0.6,0.6,0.0
50,0.6,9,B,fatigue,0.7,0.4,0.2,0.2
50,0.6,9,B,fatigue,0.8,0.6,0.6,0.0
50,0.6,9,B,fatigue,0.9,0.8,0.8,0.0
50,0.6,9,B,fatigue,1.0,0.6,0.6,0.0
50,0.6,9,B,longstring,0.1,0.0,0.0,0.0
50,0.6,9,B,longstring,0.2,0.2,0.2,0.0
50,0.6,9,B,longstring,0.3,0.4,0.6,-0.19999999999999996
50,0.6,9,B,longstring,0.4,0.6,0.6,0.0
50,0.6,9,B,longstring,0.5,1.0,0.8,0.19999999999999996
50,0.6,9,B,longstring,0.6,0.6,0.6,0.0
50,0.6,9,B,longstring,0.7,1.0,0.6,0.4
50,0.6,9,B,longstring,0.8,0.8,1.0,-0.19999999999999996
50,0.6,9,B,longstring,0.9,0.8,0.8,0.0
50,0.6,9,B,longstring,1.0,1.0,0.8,0.19999999999999996
50,0.6,9,B,mixed,0.1,0.0,0.0,0.0
50,0.6,9,B,mixed,0.2,0.2,0.6,-0.39999999999999997
50,0.6,9,B,mixed,0.3,0.6,0.4,0.19999999999999996
50,0.6,9,B,mixed,0.4,0.2,0.4,-0.2
50,0.6,9,B,mixed,0.5,0.2,0.2,0.0
50,0.6,9,B,mixed,0.6,0.2,0.2,0.0
50,0.6,9,B,mixed,0.7,0.4,0.4,0.0
50,0.6,9,B,mixed,0.8,0.2,0.4,-0.2
50,0.6,9,B,mixed,0.9,0.4,0.4,0.0
50,0.6,9,B,mixed,1.0,0.6,0.6,0.0
50,0.6,9,B,pure_straight,0.1,0.4,0.2,0.2
50,0.6,9,B,pure_straight,0.2,0.2,0.2,0.0
50,0.6,9,B,pure_straight,0.3,0.6,0.6,0.0
50,0.6,9,B,pure_straight,0.4,0.4,0.4,0.0
50,0.6,9,B,pure_straight,0.5,0.6,0.6,0.0
50,0.6,9,B,pure_straight,0.6,1.0,1.0,0.0
50,0.6,9,B,pure_straight,0.7,1.0,1.0,0.0
50,0.6,9,B,pure_straight,0.8,1.0,1.0,0.0
50,0.6,9,B,pure_straight,0.9,1.0,1.0,0.0
50,0.6,9,B,pure_straight,1.0,1.0,1.0,0.0
50,0.6,9,B,random,0.1,0.0,0.0,0.0
50,0.6,9,B,random,0.2,0.2,0.2,0.0
50,0.6,9,B,random,0.3,0.0,0.0,0.0
50,0.6,9,B,random,0.4,0.6,0.4,0.19999999999999996
50,0.6,9,B,random,0.5,0.8,0.6,0.20000000000000007
50,0.6,9,B,random,0.6,0.2,0.8,-0.6000000000000001
50,0.6,9,B,random,0.7,0.6,0.6,0.0
50,0.6,9,B,random,0.8,0.0,0.2,-0.2
50,0.6,9,B,random,0.9,0.2,0.6,-0.39999999999999997
50,0.6,9,B,random,1.0,0.4,0.2,0.2
50,0.6,10,B,acquiescent,0.1,0.2,0.0,0.2
50,0.6,10,B,acquiescent,0.2,0.0,0.2,-0.2
50,0.6,10,B,acquiescent,0.3,0.2,0.2,0.0
50,0.6,10,B,acquiescent,0.4,0.4,0.0,0.4
50,0.6,10,B,acquiescent,0.5,0.8,0.8,0.0
50,0.6,10,B,acquiescent,0.6,0.6,0.6,0.0
50,0.6,10,B,acquiescent,0.7,0.8,1.0,-0.19999999999999996
50,0.6,10,B,acquiescent,0.8,1.0,1.0,0.0
50,0.6,10,B,acquiescent,0.9,1.0,1.0,0.0
50,0.6,10,B,acquiescent,1.0,1.0,1.0,0.0
50,0.6,10,B,fatigue,0.1,0.0,0.0,0.0
50,0.6,10,B,fatigue,0.2,0.2,0.6,-0.39999999999999997
50,0.6,10,B,fatigue,0.3,0.0,0.2,-0.2
50,0.6,10,B,fatigue,0.4,0.4,0.4,0.0
50,0.6,10,B,fatigue,0.5,0.2,0.0,0.2
50,0.6,10,B,fatigue,0.6,0.8,0.6,0.20000000000000007
50,0.6,10,B,fatigue,0.7,0.2,0.2,0.0
50,0.6,10,B,fatigue,0.8,0.8,1.0,-0.19999999999999996
50,0.6,10,B,fatigue,0.9,0.6,0.8,-0.20000000000000007
50,0.6,10,B,fatigue,1.0,1.0,1.0,0.0
50,0.6,10,B,longstring,0.1,0.2,0.0,0.2
50,0.6,10,B,longstring,0.2,0.0,0.2,-0.2
50,0.6,10,B,longstring,0.3,0.6,0.4,0.19999999999999996
50,0.6,10,B,longstring,0.4,0.6,0.2,0.39999999999999997
50,0.6,10,B,longstring,0.5,0.4,0.4,0.0
50,0.6,10,B,longstring,0.6,0.6,0.6,0.0
50,0.6,10,B,longstring,0.7,0.8,0.8,0.0
50,0.6,10,B,longstring,0.8,1.0,1.0,0.0
50,0.6,10,B,longstring,0.9,0.6,0.8,-0.20000000000000007
50,0.6,10,B,longstring,1.0,1.0,1.0,0.0
50,0.6,10,B,mixed,0.1,0.6,0.2,0.39999999999999997
50,0.6,10,B,mixed,0.2,0.4,0.4,0.0
50,0.6,10,B,mixed,0.3,0.2,0.0,0.2
50,0.6,10,B,mixed,0.4,0.4,0.4,0.0
50,0.6,10,B,mixed,0.5,0.2,0.2,0.0
50,0.6,10,B,mixed,0.6,0.8,0.6,0.20000000000000007
50,0.6,10,B,mixed,0.7,0.4,0.2,0.2
50,0.6,10,B,mixed,0.8,0.4,0.2,0.2
50,0.6,10,B,mixed,0.9,0.6,0.6,0.0
50,0.6,10,B,mixed,1.0,0.8,0.6,0.20000000000000007
50,0.6,10,B,pure_straight,0.1,0.2,0.2,0.0
50,0.6,10,B,pure_straight,0.2,0.2,0.2,0.0
50,0.6,10,B,pure_straight,0.3,0.8,0.8,0.0
50,0.6,10,B,pure_straight,0.4,0.6,0.6,0.0
50,0.6,10,B,pure_straight,0.5,1.0,1.0,0.0
50,0.6,10,B,pure_straight,0.6,0.8,0.8,0.0
50,0.6,10,B,pure_straight,0.7,1.0,1.0,0.0
50,0.6,10,B,pure_straight,0.8,1.0,1.0,0.0
50,0.6,10,B,pure_straight,0.9,1.0,1.0,0.0
50,0.6,10,B,pure_straight,1.0,1.0,1.0,0.0
50,0.6,10,B,random,0.1,0.0,0.2,-0.2
50,0.6,10,B,random,0.2,0.2,0.2,0.0
50,0.6,10,B,random,0.3,0.2,0.4,-0.2
50,0.6,10,B,random,0.4,0.0,0.2,-0.2
50,0.6,10,B,random,0.5,0.4,0.2,0.2
50,0.6,10,B,random,0.6,0.6,0.6,0.0
50,0.6,10,B,random,0.7,0.4,0.4,0.0
50,0.6,10,B,random,0.8,0.4,0.2,0.2
50,0.6,10,B,random,0.9,0.4,0.4,0.0
50,0.6,10,B,random,1.0,0.0,0.0,0.0
50,0.6,11,B,acquiescent,0.1,0.4,0.2,0.2
50,0.6,11,B,acquiescent,0.2,0.0,0.2,-0.2
50,0.6,11,B,acquiescent,0.3,0.4,0.4,0.0
50,0.6,11,B,acquiescent,0.4,0.6,0.4,0.19999999999999996
50,0.6,11,B,acquiescent,0.5,0.8,0.6,0.20000000000000007
50,0.6,11,B,acquiescent,0.6,0.6,0.4,0.19999999999999996
50,0.6,11,B,acquiescent,0.7,0.8,0.6,0.20000000000000007
50,0.6,11,B,acquiescent,0.8,1.0,1.0,0.0
50,0.6,11,B,acquiescent,0.9,1.0,1.0,0.0
50,0.6,11,B,acquiescent,1.0,1.0,1.0,0.0
50,0.6,11,B,fatigue,0.1,0.2,0.0,0.2
50,0.6,11,B,fatigue,0.2,0.6,0.6,0.0
50,0.6,11,B,fatigue,0.3,0.4,0.6,-0.19999999999999996
50,0.6,11,B,fatigue,0.4,0.6,0.6,0.0
50,0.6,11,B,fatigue,0.5,0.2,0.2,0.0
50,0.6,11,B,fatigue,0.6,0.6,0.6,0.0
50,0.6,11,B,fatigue,0.7,0.6,0.6,0.0
50,0.6,11,B,fatigue,0.8,0.4,0.4,0.0
50,0.6,11,B,fatigue,0.9,0.6,0.4,0.19999999999999996
50,0.6,11,B,fatigue,1.0,1.0,0.8,0.19999999999999996
50,0.6,11,B,longstring,0.1,0.2,0.4,-0.2
50,0.6,11,B,longstring,0.2,0.2,0.6,-0.39999999999999997
50,0.6,11,B,longstring,0.3,0.6,0.4,0.19999999999999996
50,0.6,11,B,longstring,0.4,0.4,0.6,-0.19999999999999996
50,0.6,11,B,longstring,0.5,0.4,0.4,0.0
50,0.6,11,B,longstring,0.6,0.2,0.4,-0.2
50,0.6,11,B,longstring,0.7,0.6,0.6,0.0
50,0.6,11,B,longstring,0.8,0.6,0.6,0.0
50,0.6,11,B,longstring,0.9,0.6,0.6,0.0
50,0.6,11,B,longstring,1.0,0.8,0.8,0.0
50,0.6,11,B,mixed,0.1,0.0,0.0,0.0
50,0.6,11,B,mixed,0.2,0.2,0.2,0.0
50,0.6,11,B,mixed,0.3,0.4,0.4,0.0
50,0.6,11,B,mixed,0.4,0.0,0.4,-0.4
50,0.6,11,B,mixed,0.5,0.0,0.2,-0.2
50,0.6,11,B,mixed,0.6,0.4,0.4,0.0
50,0.6,11,B,mixed,0.7,0.6,0.0,0.6
50,0.6,11,B,mixed,0.8,0.2,0.2,0.0
50,0.6,11,B,mixed,0.9,0.6,0.2,0.39999999999999997
50,0.6,11,B,mixed,1.0,0.2,0.4,-0.2
50,0.6,11,B,pure_straight,0.1,0.0,0.0,0.0
50,0.6,11,B,pure_straight,0.2,0.2,0.0,0.2
50,0.6,11,B,pure_straight,0.3,0.0,0.0,0.0
50,0.6,11,B,pure_straight,0.4,0.6,0.4,0.19999999999999996
50,0.6,11,B,pure_straight,0.5,0.8,0.8,0.0
50,0.6,11,B,pure_straight,0.6,1.0,1.0,0.0
50,0.6,11,B,pure_straight,0.7,0.8,0.8,0.0
50,0.6,11,B,pure_straight,0.8,1.0,1.0,0.0
50,0.6,11,B,pure_straight,0.9,1.0,1.0,0.0
50,0.6,11,B,pure_straight,1.0,1.0,1.0,0.0
50,0.6,11,B,random,0.1,0.0,0.0,0.0
50,0.6,11,B,random,0.2,0.4,0.6,-0.19999999999999996
50,0.6,11,B,random,0.3,0.6,0.2,0.39999999999999997
50,0.6,11,B,random,0.4,0.6,0.6,0.0
50,0.6,11,B,random,0.5,0.2,0.2,0.0
50,0.6,11,B,random,0.6,0.4,0.2,0.2
50,0.6,11,B,random,0.7,0.6,0.6,0.0
50,0.6,11,B,random,0.8,0.4,0.4,0.0
50,0.6,11,B,random,0.9,0.0,0.4,-0.4
50,0.6,11,B,random,1.0,0.6,0.4,0.19999999999999996
50,0.6,12,B,acquiescent,0.1,0.4,0.4,0.0
50,0.6,12,B,acquiescent,0.2,0.4,0.4,0.0
50,0.6,12,B,acquiescent,0.3,0.2,0.2,0.0
50,0.6,12,B,acquiescent,0.4,0.4,0.4,0.0
50,0.6,12,B,acquiescent,0.5,0.6,0.4,0.19999999999999996
50,0.6,12,B,acquiescent,0.6,0.6,0.8,-0.20000000000000007
50,0.6,12,B,acquiescent,0.7,0.8,0.8,0.0
50,0.6,12,B,acquiescent,0.8,0.8,1.0,-0.19999999999999996
50,0.6,12,B,acquiescent,0.9,1.0,1.0,0.0
50,0.6,12,B,acquiescent,1.0,1.0,1.0,0.0
50,0.6,12,B,fatigue,0.1,0.0,0.0,0.0
50,0.6,12,B,fatigue,0.2,0.0,0.2,-0.2
50,0.6,12,B,fatigue,0.3,0.4,0.4,0.0
50,0.6,12,B,fatigue,0.4,0.6,0.6,0.0
50,0.6,12,B,fatigue,0.5,0.8,0.8,0.0
50,0.6,12,B,fatigue,0.6,0.6,0.6,0.0
50,0.6,12,B,fatigue,0.7,1.0,0.8,0.19999999999999996
50,0.6,12,B,fatigue,0.8,1.0,0.8,0.19999999999999996
50,0.6,12,B,fatigue,0.9,0.8,0.8,0.0
50,0.6,12,B,fatigue,1.0,1.0,1.0,0.0
50,0.6,12,B,longstring,0.1,0.2,0.6,-0.39999999999999997
50,0.6,12,B,longstring,0.2,0.0,0.2,-0.2
50,0.6,12,B,longstring,0.3,0.4,0.2,0.2
50,0.6,12,B,longstring,0.4,0.4,0.4,0.0
50,0.6,12,B,longstring,0.5,0.8,0.6,0.20000000000000007
50,0.6,12,B,longstring,0.6,0.2,0.2,0.0
50,0.6,12,B,longstring,0.7,0.8,0.8,0.0
50,0.6,12,B,longstring,0.8,1.0,1.0,0.0
50,0.6,12,B,longstring,0.9,0.8,0.8,0.0
50,0.6,12,B,longstring,1.0,1.0,0.8,0.19999999999999996
50,0.6,12,B,mixed,0.1,0.0,0.0,0.0
50,0.6,12,B,mixed,0.2,0.4,0.4,0.0
50,0.6,12,B,mixed,0.3,0.0,0.0,0.0
50,0.6,12,B,mixed,0.4,0.2,0.2,0.0
50,0.6,12,B,mixed,0.5,0.2,0.4,-0.2
50,0.6,12,B,mixed,0.6,0.6,0.2,0.39999999999999997
50,0.6,12,B,mixed,0.7,0.2,0.2,0.0
50,0.6,12,B,mixed,0.8,0.6,0.6,0.0
50,0.6,12,B,mixed,0.9,0.4,0.2,0.2
50,0.6,12,B,mixed,1.0,0.4,0.4,0.0
50,0.6,12,B,pure_straight,0.1,0.2,0.2,0.0
50,0.6,12,B,pure_straight,0.2,0.4,0.4,0.0
50,0.6,12,B,pure_straight,0.3,0.6,0.4,0.19999999999999996
50,0.6,12,B,pure_straight,0.4,0.8,0.8,0.0
50,0.6,12,B,pure_straight,0.5,0.6,0.8,-0.20000000000000007
50,0.6,12,B,pure_straight,0.6,1.0,1.0,0.0
50,0.6,12,B,pure_straight,0.7,1.0,1.0,0.0
50,0.6,12,B,pure_straight,0.8,1.0,1.0,0.0
50,0.6,12,B,pure_straight,0.9,1.0,1.0,0.0
50,0.6,12,B,pure_straight,1.0,1.0,1.0,0.0
50,0.6,12,B,random,0.1,0.0,0.0,0.0
50,0.6,12,B,random,0.2,0.0,0.0,0.0
50,0.6,12,B,random,0.3,0.0,0.0,0.0
50,0.6,12,B,random,0.4,0.4,0.2,0.2
50,0.6,12,B,random,0.5,0.0,0.0,0.0
50,0.6,12,B,random,0.6,0.8,0.6,0.20000000000000007
50,0.6,12,B,random,0.7,0.4,0.2,0.2
50,0.6,12,B,random,0.8,0.0,0.2,-0.2
50,0.6,12,B,random,0.9,0.6,0.0,0.6
50,0.6,12,B,random,1.0,0.4,0.6,-0.19999999999999996
80,0.1,1,B,acquiescent,0.1,0.0,0.0,0.0
80,0.1,1,B,acquiescent,0.2,0.0,0.0,0.0
80,0.1,1,B,acquiescent,0.3,1.0,1.0,0.0
80,0.1,1,B,acquiescent,0.4,0.0,0.0,0.0
80,0.1,1,B,acquiescent,0.6,1.0,1.0,0.0
80,0.1,1,B,acquiescent,0.7,0.0,0.0,0.0
80,0.1,1,B,acquiescent,0.9,1.0,1.0,0.0
80,0.1,1,B,acquiescent,1.0,1.0,1.0,0.0
80,0.1,1,B,fatigue,0.1,0.0,0.0,0.0
80,0.1,1,B,fatigue,0.3,0.0,0.0,0.0
80,0.1,1,B,fatigue,0.5,1.0,1.0,0.0
80,0.1,1,B,fatigue,0.6,1.0,1.0,0.0
80,0.1,1,B,fatigue,0.7,0.0,0.0,0.0
80,0.1,1,B,fatigue,0.8,1.0,1.0,0.0
80,0.1,1,B,fatigue,0.9,1.0,1.0,0.0
80,0.1,1,B,fatigue,1.0,1.0,1.0,0.0
80,0.1,1,B,longstring,0.1,0.0,0.0,0.0
80,0.1,1,B,longstring,0.2,0.0,0.0,0.0
80,0.1,1,B,longstring,0.3,0.0,0.0,0.0
80,0.1,1,B,longstring,0.4,0.0,0.0,0.0
80,0.1,1,B,longstring,0.5,1.0,1.0,0.0
80,0.1,1,B,longstring,0.6,1.0,1.0,0.0
80,0.1,1,B,longstring,0.7,1.0,1.0,0.0
80,0.1,1,B,longstring,0.8,1.0,1.0,0.0
80,0.1,1,B,longstring,0.9,1.0,1.0,0.0
80,0.1,1,B,mixed,0.2,0.0,0.0,0.0
80,0.1,1,B,mixed,0.4,0.0,0.0,0.0
80,0.1,1,B,mixed,0.5,1.0,1.0,0.0
80,0.1,1,B,mixed,0.6,0.0,0.0,0.0
80,0.1,1,B,mixed,0.7,1.0,1.0,0.0
80,0.1,1,B,mixed,0.8,0.0,0.0,0.0
80,0.1,1,B,mixed,0.9,0.0,0.0,0.0
80,0.1,1,B,mixed,1.0,0.0,0.0,0.0
80,0.1,1,B,pure_straight,0.1,0.0,0.0,0.0
80,0.1,1,B,pure_straight,0.2,0.0,0.0,0.0
80,0.1,1,B,pure_straight,0.3,0.0,0.0,0.0
80,0.1,1,B,pure_straight,0.6,1.0,1.0,0.0
80,0.1,1,B,pure_straight,0.7,0.0,0.0,0.0
80,0.1,1,B,pure_straight,0.8,1.0,1.0,0.0
80,0.1,1,B,pure_straight,0.9,1.0,1.0,0.0
80,0.1,1,B,pure_straight,1.0,1.0,1.0,0.0
80,0.1,1,B,random,0.1,0.0,0.0,0.0
80,0.1,1,B,random,0.2,0.0,0.0,0.0
80,0.1,1,B,random,0.3,0.0,0.0,0.0
80,0.1,1,B,random,0.4,0.0,0.0,0.0
80,0.1,1,B,random,0.5,0.0,0.0,0.0
80,0.1,1,B,random,0.7,0.0,0.0,0.0
80,0.1,1,B,random,0.8,0.0,0.0,0.0
80,0.1,1,B,random,0.9,0.0,0.0,0.0
80,0.1,1,B,random,1.0,0.0,0.0,0.0
80,0.1,2,B,acquiescent,0.1,0.0,0.0,0.0
80,0.1,2,B,acquiescent,0.3,0.0,0.0,0.0
80,0.1,2,B,acquiescent,0.5,0.0,0.0,0.0
80,0.1,2,B,acquiescent,0.6,0.0,0.0,0.0
80,0.1,2,B,acquiescent,0.7,0.0,0.0,0.0
80,0.1,2,B,acquiescent,0.8,1.0,1.0,0.0
80,0.1,2,B,acquiescent,0.9,1.0,1.0,0.0
80,0.1,2,B,acquiescent,1.0,1.0,1.0,0.0
80,0.1,2,B,fatigue,0.1,0.0,0.0,0.0
80,0.1,2,B,fatigue,0.2,0.0,0.0,0.0
80,0.1,2,B,fatigue,0.3,0.0,0.0,0.0
80,0.1,2,B,fatigue,0.4,1.0,1.0,0.0
80,0.1,2,B,fatigue,0.6,0.0,0.0,0.0
80,0.1,2,B,fatigue,0.8,1.0,1.0,0.0
80,0.1,2,B,fatigue,0.9,1.0,1.0,0.0
80,0.1,2,B,fatigue,1.0,1.0,1.0,0.0
80,0.1,2,B,longstring,0.2,0.0,0.0,0.0
80,0.1,2,B,longstring,0.3,0.0,0.0,0.0
80,0.1,2,B,longstring,0.4,0.0,0.0,0.0
80,0.1,2,B,longstring,0.5,0.0,0.0,0.0
80,0.1,2,B,longstring,0.6,1.0,1.0,0.0
80,0.1,2,B,longstring,0.7,1.0,1.0,0.0
80,0.1,2,B,longstring,0.8,1.0,1.0,0.0
80,0.1,2,B,longstring,0.9,1.0,1.0,0.0
80,0.1,2,B,longstring,1.0,1.0,1.0,0.0
80,0.1,2,B,mixed,0.1,0.0,0.0,0.0
80,0.1,2,B,mixed,0.2,0.0,0.0,0.0
80,0.1,2,B,mixed,0.4,0.0,0.0,0.0
80,0.1,2,B,mixed,0.5,0.0,0.0,0.0
80,0.1,2,B,mixed,0.6,0.0,0.0,0.0
80,0.1,2,B,mixed,0.7,1.0,1.0,0.0
80,0.1,2,B,mixed,0.9,1.0,1.0,0.0
80,0.1,2,B,mixed,1.0,0.0,0.0,0.0
80,0.1,2,B,pure_straight,0.1,0.0,0.0,0.0
80,0.1,2,B,pure_straight,0.4,0.0,0.0,0.0
80,0.1,2,B,pure_straight,0.5,1.0,1.0,0.0
80,0.1,2,B,pure_straight,0.6,1.0,1.0,0.0
80,0.1,2,B,pure_straight,0.7,1.0,1.0,0.0
80,0.1,2,B,pure_straight,0.8,1.0,1.0,0.0
80,0.1,2,B,pure_straight,0.9,1.0,1.0,0.0
80,0.1,2,B,pure_straight,1.0,1.0,1.0,0.0
80,0.1,2,B,random,0.2,0.0,0.0,0.0
80,0.1,2,B,random,0.3,0.0,0.0,0.0
80,0.1,2,B,random,0.4,1.0,1.0,0.0
80,0.1,2,B,random,0.5,0.0,0.0,0.0
80,0.1,2,B,random,0.6,0.0,0.0,0.0
80,0.1,2,B,random,0.7,0.0,0.0,0.0
80,0.1,2,B,random,0.8,0.0,1.0,-1.0
80,0.1,2,B,random,0.9,1.0,0.0,1.0
80,0.1,2,B,random,1.0,0.0,0.0,0.0
80,0.1,3,B,acquiescent,0.1,0.0,0.0,0.0
80,0.1,3,B,acquiescent,0.2,0.0,0.0,0.0
80,0.1,3,B,acquiescent,0.3,0.0,0.0,0.0
80,0.1,3,B,acquiescent,0.4,0.0,1.0,-1.0
80,0.1,3,B,acquiescent,0.5,1.0,1.0,0.0
80,0.1,3,B,acquiescent,0.7,1.0,1.0,0.0
80,0.1,3,B,acquiescent,0.8,1.0,1.0,0.0
80,0.1,3,B,acquiescent,0.9,1.0,1.0,0.0
80,0.1,3,B,fatigue,0.1,0.0,0.0,0.0
80,0.1,3,B,fatigue,0.2,0.0,0.0,0.0
80,0.1,3,B,fatigue,0.3,0.0,0.0,0.0
80,0.1,3,B,fatigue,0.5,0.0,0.0,0.0
80,0.1,3,B,fatigue,0.7,1.0,1.0,0.0
80,0.1,3,B,fatigue,0.8,1.0,1.0,0.0
80,0.1,3,B,fatigue,0.9,1.0,1.0,0.0
80,0.1,3,B,fatigue,1.0,1.0,1.0,0.0
80,0.1,3,B,longstring,0.1,0.0,0.0,0.0
80,0.1,3,B,longstring,0.2,0.0,0.0,0.0
80,0.1,3,B,longstring,0.3,0.0,0.0,0.0
80,0.1,3,B,longstring,0.4,0.0,0.0,0.0
80,0.1,3,B,longstring,0.5,0.0,0.0,0.0
80,0.1,3,B,longstring,0.6,0.0,0.0,0.0
80,0.1,3,B,longstring,0.7,0.0,0.0,0.0
80,0.1,3,B,longstring,0.9,1.0,1.0,0.0
80,0.1,3,B,longstring,1.0,0.0,0.0,0.0
80,0.1,3,B,mixed,0.1,0.0,0.0,0.0
80,0.1,3,B,mixed,0.2,0.0,0.0,0.0
80,0.1,3,B,mixed,0.3,0.0,0.0,0.0
80,0.1,3,B,mixed,0.4,1.0,0.0,1.0
80,0.1,3,B,mixed,0.5,0.0,0.0,0.0
80,0.1,3,B,mixed,0.7,0.0,0.0,0.0
80,0.1,3,B,mixed,0.9,1.0,1.0,0.0
80,0.1,3,B,mixed,1.0,0.0,0.0,0.0
80,0.1,3,B,pure_straight,0.2,0.0,0.0,0.0
80,0.1,3,B,pure_straight,0.3,0.0,0.0,0.0
80,0.1,3,B,pure_straight,0.4,0.0,0.0,0.0
80,0.1,3,B,pure_straight,0.5,1.0,1.0,0.0
80,0.1,3,B,pure_straight,0.6,0.0,0.0,0.0
80,0.1,3,B,pure_straight,0.7,1.0,1.0,0.0
80,0.1,3,B,pure_straight,0.8,1.0,1.0,0.0
80,0.1,3,B,pure_straight,1.0,1.0,1.0,0.0
80,0.1,3,B,random,0.1,0.0,0.0,0.0
80,0.1,3,B,random,0.2,0.0,0.0,0.0
80,0.1,3,B,random,0.3,0.0,0.0,0.0
80,0.1,3,B,random,0.4,0.0,0.0,0.0
80,0.1,3,B,random,0.5,0.0,0.0,0.0
80,0.1,3,B,random,0.7,0.0,0.0,0.0
80,0.1,3,B,random,0.8,1.0,1.0,0.0
80,0.1,3,B,random,0.9,1.0,1.0,0.0
80,0.1,3,B,random,1.0,0.0,0.0,0.0
80,0.1,4,B,acquiescent,0.1,0.0,0.0,0.0
80,0.1,4,B,acquiescent,0.3,0.0,0.0,0.0
80,0.1,4,B,acquiescent,0.4,0.0,1.0,-1.0
80,0.1,4,B,acquiescent,0.5,1.0,1.0,0.0
80,0.1,4,B,acquiescent,0.6,0.0,0.0,0.0
80,0.1,4,B,acquiescent,0.7,0.0,1.0,-1.0
80,0.1,4,B,acquiescent,0.9,1.0,1.0,0.0
80,0.1,4,B,acquiescent,1.0,1.0,1.0,0.0
80,0.1,4,B,fatigue,0.1,0.0,0.0,0.0
80,0.1,4,B,fatigue,0.3,0.0,0.0,0.0
80,0.1,4,B,fatigue,0.4,0.0,0.0,0.0
80,0.1,4,B,fatigue,0.5,0.0,0.0,0.0
80,0.1,4,B,fatigue,0.6,1.0,1.0,0.0
80,0.1,4,B,fatigue,0.7,0.0,0.0,0.0
80,0.1,4,B,fatigue,0.8,1.0,1.0,0.0
80,0.1,4,B,fatigue,1.0,1.0,0.0,1.0
80,0.1,4,B,longstring,0.1,0.0,0.0,0.0
80,0.1,4,B,longstring,0.2,0.0,0.0,0.0
80,0.1,4,B,longstring,0.3,0.0,0.0,0.0
80,0.1,4,B,longstring,0.5,1.0,1.0,0.0
80,0.1,4,B,longstring,0.6,1.0,1.0,0.0
80,0.1,4,B,longstring,0.7,0.0,0.0,0.0
80,0.1,4,B,longstring,0.8,1.0,1.0,0.0
80,0.1,4,B,longstring,0.9,1.0,1.0,0.0
80,0.1,4,B,longstring,1.0,1.0,1.0,0.0
80,0.1,4,B,mixed,0.1,0.0,0.0,0.0
80,0.1,4,B,mixed,0.2,0.0,0.0,0.0
80,0.1,4,B,mixed,0.3,0.0,0.0,0.0
80,0.1,4,B,mixed,0.5,1.0,1.0,0.0
80,0.1,4,B,mixed,0.6,0.0,0.0,0.0
80,0.1,4,B,mixed,0.7,0.0,0.0,0.0
80,0.1,4,B,mixed,0.9,1.0,1.0,0.0
80,0.1,4,B,mixed,1.0,0.0,0.0,0.0
80,0.1,4,B,pure_straight,0.1,0.0,0.0,0.0
80,0.1,4,B,pure_straight,0.2,0.0,0.0,0.0
80,0.1,4,B,pure_straight,0.4,1.0,1.0,0.0
80,0.1,4,B,pure_straight,0.6,1.0,1.0,0.0
80,0.1,4,B,pure_straight,0.7,1.0,1.0,0.0
80,0.1,4,B,pure_straight,0.8,1.0,1.0,0.0
80,0.1,4,B,pure_straight,0.9,1.0,1.0,0.0
80,0.1,4,B,pure_straight,1.0,1.0,1.0,0.0
80,0.1,4,B,random,0.1,0.0,0.0,0.0
80,0.1,4,B,random,0.2,1.0,0.0,1.0
80,0.1,4,B,random,0.3,0.0,0.0,0.0
80,0.1,4,B,random,0.4,0.0,0.0,0.0
80,0.1,4,B,random,0.5,0.0,0.0,0.0
80,0.1,4,B,random,0.6,0.0,0.0,0.0
80,0.1,4,B,random,0.7,0.0,0.0,0.0
80,0.1,4,B,random,0.9,1.0,1.0,0.0
80,0.1,4,B,random,1.0,0.0,0.0,0.0
80,0.1,5,B,acquiescent,0.2,0.0,0.0,0.0
80,0.1,5,B,acquiescent,0.3,0.0,0.0,0.0
80,0.1,5,B,acquiescent,0.5,1.0,1.0,0.0
80,0.1,5,B,acquiescent,0.6,1.0,1.0,0.0
80,0.1,5,B,acquiescent,0.7,1.0,1.0,0.0
80,0.1,5,B,acquiescent,0.8,1.0,1.0,0.0
80,0.1,5,B,acquiescent,0.9,1.0,1.0,0.0
80,0.1,5,B,acquiescent,1.0,1.0,1.0,0.0
80,0.1,5,B,fatigue,0.1,0.0,0.0,0.0
80,0.1,5,B,fatigue,0.3,0.0,0.0,0.0
80,0.1,5,B,fatigue,0.4,0.0,0.0,0.0
80,0.1,5,B,fatigue,0.5,0.0,0.0,0.0
80,0.1,5,B,fatigue,0.6,0.0,0.0,0.0
80,0.1,5,B,fatigue,0.7,0.0,0.0,0.0
80,0.1,5,B,fatigue,0.8,0.0,0.0,0.0
80,0.1,5,B,fatigue,1.0,0.0,0.0,0.0
80,0.1,5,B,longstring,0.1,0.0,0.0,0.0
80,0.1,5,B,longstring,0.2,1.0,1.0,0.0
80,0.1,5,B,longstring,0.4,1.0,1.0,0.0
80,0.1,5,B,longstring,0.5,0.0,0.0,0.0
80,0.1,5,B,longstring,0.6,0.0,0.0,0.0
80,0.1,5,B,longstring,0.7,1.0,1.0,0.0
80,0.1,5,B,longstring,0.8,0.0,0.0,0.0
80,0.1,5,B,longstring,0.9,1.0,1.0,0.0
80,0.1,5,B,longstring,1.0,1.0,1.0,0.0
80,0.1,5,B,mixed,0.1,1.0,0.0,1.0
80,0.1,5,B,mixed,0.2,0.0,0.0,0.0
80,0.1,5,B,mixed,0.3,0.0,0.0,0.0
80,0.1,5,B,mixed,0.4,0.0,0.0,0.0
80,0.1,5,B,mixed,0.6,1.0,1.0,0.0
80,0.1,5,B,mixed,0.8,0.0,0.0,0.0
80,0.1,5,B,mixed,0.9,1.0,1.0,0.0
80,0.1,5,B,mixed,1.0,0.0,0.0,0.0
80,0.1,5,B,pure_straight,0.1,0.0,0.0,0.0
80,0.1,5,B,pure_straight,0.2,0.0,0.0,0.0
80,0.1,5,B,pure_straight,0.3,0.0,0.0,0.0
80,0.1,5,B,pure_straight,0.4,0.0,0.0,0.0
80,0.1,5,B,pure_straight,0.7,1.0,1.0,0.0
80,0.1,5,B,pure_straight,0.8,1.0,1.0,0.0
80,0.1,5,B,pure_straight,0.9,1.0,1.0,0.0
80,0.1,5,B,pure_straight,1.0,1.0,1.0,0.0
80,0.1,5,B,random,0.1,0.0,0.0,0.0
80,0.1,5,B,random,0.2,0.0,0.0,0.0
80,0.1,5,B,random,0.3,0.0,0.0,0.0
80,0.1,5,B,random,0.4,0.0,1.0,-1.0
80,0.1,5,B,random,0.5,1.0,1.0,0.0
80,0.1,5,B,random,0.6,0.0,0.0,0.0
80,0.1,5,B,random,0.7,0.0,0.0,0.0
80,0.1,5,B,random,0.8,1.0,1.0,0.0
80,0.1,5,B,random,0.9,0.0,0.0,0.0
80,0.1,6,B,acquiescent,0.1,0.0,0.0,0.0
80,0.1,6,B,acquiescent,0.2,0.0,0.0,0.0
80,0.1,6,B,acquiescent,0.3,1.0,1.0,0.0
80,0.1,6,B,acquiescent,0.4,1.0,0.0,1.0
80,0.1,6,B,acquiescent,0.6,1.0,1.0,0.0
80,0.1,6,B,acquiescent,0.7,1.0,1.0,0.0
80,0.1,6,B,acquiescent,0.9,1.0,1.0,0.0
80,0.1,6,B,acquiescent,1.0,1.0,1.0,0.0
80,0.1,6,B,fatigue,0.1,0.0,0.0,0.0
80,0.1,6,B,fatigue,0.2,0.0,0.0,0.0
80,0.1,6,B,fatigue,0.3,0.0,0.0,0.0
80,0.1,6,B,fatigue,0.5,0.0,0.0,0.0
80,0.1,6,B,fatigue,0.6,0.0,0.0,0.0
80,0.1,6,B,fatigue,0.8,1.0,0.0,1.0
80,0.1,6,B,fatigue,0.9,1.0,1.0,0.0
80,0.1,6,B,fatigue,1.0,1.0,1.0,0.0
80,0.1,6,B,longstring,0.1,0.0,0.0,0.0
80,0.1,6,B,longstring,0.2,0.0,0.0,0.0
80,0.1,6,B,longstring,0.3,0.0,0.0,0.0
80,0.1,6,B,longstring,0.4,0.0,0.0,0.0
80,0.1,6,B,longstring,0.5,0.0,0.0,0.0
80,0.1,6,B,longstring,0.6,1.0,1.0,0.0
80,0.1,6,B,longstring,0.7,0.0,0.0,0.0
80,0.1,6,B,longstring,0.9,1.0,1.0,0.0
80,0.1,6,B,longstring,1.0,1.0,1.0,0.0
80,0.1,6,B,mixed,0.1,0.0,0.0,0.0
80,0.1,6,B,mixed,0.3,0.0,0.0,0.0
80,0.1,6,B,mixed,0.4,0.0,0.0,0.0
80,0.1,6,B,mixed,0.5,0.0,0.0,0.0
80,0.1,6,B,mixed,0.6,0.0,0.0,0.0
80,0.1,6,B,mixed,0.7,0.0,0.0,0.0
80,0.1,6,B,mixed,0.8,0.0,0.0,0.0
80,0.1,6,B,mixed,1.0,1.0,1.0,0.0
80,0.1,6,B,pure_straight,0.1,0.0,0.0,0.0
80,0.1,6,B,pure_straight,0.2,0.0,0.0,0.0
80,0.1,6,B,pure_straight,0.3,0.0,0.0,0.0
80,0.1,6,B,pure_straight,0.4,0.0,0.0,0.0
80,0.1,6,B,pure_straight,0.5,1.0,1.0,0.0
80,0.1,6,B,pure_straight,0.8,1.0,1.0,0.0
80,0.1,6,B,pure_straight,0.9,1.0,1.0,0.0
80,0.1,6,B,pure_straight,1.0,1.0,1.0,0.0
80,0.1,6,B,random,0.1,0.0,0.0,0.0
80,0.1,6,B,random,0.3,0.0,0.0,0.0
80,0.1,6,B,random,0.4,1.0,1.0,0.0
80,0.1,6,B,random,0.5,0.0,0.0,0.0
80,0.1,6,B,random,0.6,0.0,0.0,0.0
80,0.1,6,B,random,0.7,0.0,0.0,0.0
80,0.1,6,B,random,0.8,1.0,1.0,0.0
80,0.1,6,B,random,0.9,1.0,1.0,0.0
80,0.1,6,B,random,1.0,1.0,1.0,0.0
80,0.1,7,B,acquiescent,0.1,0.0,0.0,0.0
80,0.1,7,B,acquiescent,0.2,0.0,0.0,0.0
80,0.1,7,B,acquiescent,0.3,1.0,1.0,0.0
80,0.1,7,B,acquiescent,0.4,0.0,0.0,0.0
80,0.1,7,B,acquiescent,0.5,0.0,0.0,0.0
80,0.1,7,B,acquiescent,0.6,1.0,1.0,0.0
80,0.1,7,B,acquiescent,0.7,1.0,1.0,0.0
80,0.1,7,B,acquiescent,0.8,1.0,1.0,0.0
80,0.1,7,B,fatigue,0.1,0.0,0.0,0.0
80,0.1,7,B,fatigue,0.3,0.0,1.0,-1.0
80,0.1,7,B,fatigue,0.4,1.0,1.0,0.0
80,0.1,7,B,fatigue,0.5,0.0,0.0,0.0
80,0.1,7,B,fatigue,0.7,0.0,0.0,0.0
80,0.1,7,B,fatigue,0.8,0.0,0.0,0.0
80,0.1,7,B,fatigue,0.9,0.0,0.0,0.0
80,0.1,7,B,fatigue,1.0,1.0,1.0,0.0
80,0.1,7,B,longstring,0.1,0.0,0.0,0.0
80,0.1,7,B,longstring,0.2,0.0,0.0,0.0
80,0.1,7,B,longstring,0.3,1.0,1.0,0.0
80,0.1,7,B,longstring,0.4,1.0,1.0,0.0
80,0.1,7,B,longstring,0.5,0.0,0.0,0.0
80,0.1,7,B,longstring,0.6,1.0,1.0,0.0
80,0.1,7,B,longstring,0.7,1.0,1.0,0.0
80,0.1,7,B,longstring,0.8,1.0,1.0,0.0
80,0.1,7,B,longstring,1.0,1.0,1.0,0.0
80,0.1,7,B,mixed,0.1,0.0,0.0,0.0
80,0.1,7,B,mixed,0.3,0.0,0.0,0.0
80,0.1,7,B,mixed,0.4,0.0,0.0,0.0
80,0.1,7,B,mixed,0.5,1.0,1.0,0.0
80,0.1,7,B,mixed,0.6,1.0,1.0,0.0
80,0.1,7,B,mixed,0.7,0.0,0.0,0.0
80,0.1,7,B,mixed,0.9,1.0,1.0,0.0
80,0.1,7,B,mixed,1.0,1.0,1.0,0.0
80,0.1,7,B,pure_straight,0.1,0.0,0.0,0.0
80,0.1,7,B,pure_straight,0.2,0.0,0.0,0.0
80,0.1,7,B,pure_straight,0.4,0.0,0.0,0.0
80,0.1,7,B,pure_straight,0.6,0.0,0.0,0.0
80,0.1,7,B,pure_straight,0.7,1.0,1.0,0.0
80,0.1,7,B,pure_straight,0.8,0.0,0.0,0.0
80,0.1,7,B,pure_straight,0.9,1.0,1.0,0.0
80,0.1,7,B,pure_straight,1.0,1.0,1.0,0.0
80,0.1,7,B,random,0.1,0.0,0.0,0.0
80,0.1,7,B,random,0.2,0.0,0.0,0.0
80,0.1,7,B,random,0.3,0.0,0.0,0.0
80,0.1,7,B,random,0.4,0.0,0.0,0.0
80,0.1,7,B,random,0.5,0.0,0.0,0.0
80,0.1,7,B,random,0.6,0.0,0.0,0.0
80,0.1,7,B,random,0.7,1.0,0.0,1.0
80,0.1,7,B,random,0.8,1.0,1.0,0.0
80,0.1,7,B,random,1.0,0.0,0.0,0.0
80,0.1,8,B,acquiescent,0.1,0.0,0.0,0.0
80,0.1,8,B,acquiescent,0.2,0.0,0.0,0.0
80,0.1,8,B,acquiescent,0.3,1.0,1.0,0.0
80,0.1,8,B,acquiescent,0.4,1.0,1.0,0.0
80,0.1,8,B,acquiescent,0.6,1.0,0.0,1.0
80,0.1,8,B,acquiescent,0.7,1.0,1.0,0.0
80,0.1,8,B,acquiescent,0.8,1.0,1.0,0.0
80,0.1,8,B,acquiescent,1.0,1.0,1.0,0.0
80,0.1,8,B,fatigue,0.1,0.0,0.0,0.0
80,0.1,8,B,fatigue,0.3,0.0,0.0,0.0
80,0.1,8,B,fatigue,0.4,0.0,0.0,0.0
80,0.1,8,B,fatigue,0.6,0.0,0.0,0.0
80,0.1,8,B,fatigue,0.7,0.0,0.0,0.0
80,0.1,8,B,fatigue,0.8,1.0,1.0,0.0
80,0.1,8,B,fatigue,0.9,1.0,1.0,0.0
80,0.1,8,B,fatigue,1.0,0.0,0.0,0.0
80,0.1,8,B,longstring,0.1,0.0,0.0,0.0
80,0.1,8,B,longstring,0.2,0.0,0.0,0.0
80,0.1,8,B,longstring,0.3,1.0,0.0,1.0
80,0.1,8,B,longstring,0.5,0.0,0.0,0.0
80,0.1,8,B,longstring,0.6,0.0,0.0,0.0
80,0.1,8,B,longstring,0.7,1.0,1.0,0.0
80,0.1,8,B,longstring,0.8,0.0,0.0,0.0
80,0.1,8,B,longstring,0.9,1.0,1.0,0.0
80,0.1,8,B,longstring,1.0,1.0,1.0,0.0
80,0.1,8,B,mixed,0.1,0.0,0.0,0.0
80,0.1,8,B,mixed,0.2,0.0,0.0,0.0
80,0.1,8,B,mixed,0.3,0.0,0.0,0.0
80,0.1,8,B,mixed,0.4,0.0,0.0,0.0
80,0.1,8,B,mixed,0.5,0.0,0.0,0.0
80,0.1,8,B,mixed,0.6,0.0,0.0,0.0
80,0.1,8,B,mixed,0.8,1.0,1.0,0.0
80,0.1,8,B,mixed,1.0,1.0,0.0,1.0
80,0.1,8,B,pure_straight,0.1,0.0,0.0,0.0
80,0.1,8,B,pure_straight,0.2,0.0,0.0,0.0
80,0.1,8,B,pure_straight,0.4,0.0,0.0,0.0
80,0.1,8,B,pure_straight,0.5,0.0,0.0,0.0
80,0.1,8,B,pure_straight,0.6,1.0,1.0,0.0
80,0.1,8,B,pure_straight,0.7,1.0,1.0,0.0
80,0.1,8,B,pure_straight,0.9,1.0,1.0,0.0
80,0.1,8,B,pure_straight,1.0,1.0,1.0,0.0
80,0.1,8,B,random,0.2,0.0,0.0,0.0
80,0.1,8,B,random,0.3,0.0,0.0,0.0
80,0.1,8,B,random,0.4,1.0,1.0,0.0
80,0.1,8,B,random,0.5,0.0,0.0,0.0
80,0.1,8,B,random,0.6,0.0,0.0,0.0
80,0.1,8,B,random,0.7,0.0,0.0,0.0
80,0.1,8,B,random,0.8,0.0,1.0,-1.0
80,0.1,8,B,random,0.9,1.0,1.0,0.0
80,0.1,8,B,random,1.0,1.0,1.0,0.0
80,0.1,9,B,acquiescent,0.2,0.0,0.0,0.0
80,0.1,9,B,acquiescent,0.3,0.0,0.0,0.0
80,0.1,9,B,acquiescent,0.4,0.0,0.0,0.0
80,0.1,9,B,acquiescent,0.6,1.0,1.0,0.0
80,0.1,9,B,acquiescent,0.7,0.0,0.0,0.0
80,0.1,9,B,acquiescent,0.8,1.0,1.0,0.0
80,0.1,9,B,acquiescent,0.9,1.0,1.0,0.0
80,0.1,9,B,acquiescent,1.0,1.0,1.0,0.0
80,0.1,9,B,fatigue,0.1,0.0,0.0,0.0
80,0.1,9,B,fatigue,0.2,0.0,0.0,0.0
80,0.1,9,B,fatigue,0.3,1.0,1.0,0.0
80,0.1,9,B,fatigue,0.5,1.0,1.0,0.0
80,0.1,9,B,fatigue,0.6,0.0,0.0,0.0
80,0.1,9,B,fatigue,0.7,0.0,0.0,0.0
80,0.1,9,B,fatigue,0.9,0.0,0.0,0.0
80,0.1,9,B,fatigue,1.0,1.0,1.0,0.0
80,0.1,9,B,longstring,0.1,0.0,0.0,0.0
80,0.1,9,B,longstring,0.2,0.0,0.0,0.0
80,0.1,9,B,longstring,0.3,1.0,1.0,0.0
80,0.1,9,B,longstring,0.4,1.0,1.0,0.0
80,0.1,9,B,longstring,0.5,1.0,1.0,0.0
80,0.1,9,B,longstring,0.7,0.0,0.0,0.0
80,0.1,9,B,longstring,0.8,1.0,1.0,0.0
80,0.1,9,B,longstring,0.9,0.0,0.0,0.0
80,0.1,9,B,longstring,1.0,1.0,1.0,0.0
80,0.1,9,B,mixed,0.1,0.0,0.0,0.0
80,0.1,9,B,mixed,0.2,0.0,0.0,0.0
80,0.1,9,B,mixed,0.3,0.0,0.0,0.0
80,0.1,9,B,mixed,0.4,0.0,0.0,0.0
80,0.1,9,B,mixed,0.5,1.0,1.0,0.0
80,0.1,9,B,mixed,0.6,1.0,1.0,0.0
80,0.1,9,B,mixed,0.7,0.0,0.0,0.0
80,0.1,9,B,mixed,1.0,1.0,1.0,0.0
80,0.1,9,B,pure_straight,0.1,0.0,0.0,0.0
80,0.1,9,B,pure_straight,0.2,0.0,0.0,0.0
80,0.1,9,B,pure_straight,0.5,0.0,0.0,0.0
80,0.1,9,B,pure_straight,0.6,1.0,1.0,0.0
80,0.1,9,B,pure_straight,0.7,1.0,1.0,0.0
80,0.1,9,B,pure_straight,0.8,1.0,1.0,0.0
80,0.1,9,B,pure_straight,0.9,1.0,1.0,0.0
80,0.1,9,B,pure_straight,1.0,1.0,1.0,0.0
80,0.1,9,B,random,0.1,0.0,0.0,0.0
80,0.1,9,B,random,0.2,0.0,0.0,0.0
80,0.1,9,B,random,0.3,0.0,0.0,0.0
80,0.1,9,B,random,0.5,0.0,0.0,0.0
80,0.1,9,B,random,0.6,0.0,0.0,0.0
80,0.1,9,B,random,0.7,1.0,1.0,0.0
80,0.1,9,B,random,0.8,0.0,0.0,0.0
80,0.1,9,B,random,0.9,0.0,0.0,0.0
80,0.1,9,B,random,1.0,1.0,1.0,0.0
80,0.1,10,B,acquiescent,0.2,0.0,1.0,-1.0
80,0.1,10,B,acquiescent,0.3,0.0,0.0,0.0
80,0.1,10,B,acquiescent,0.4,1.0,1.0,0.0
80,0.1,10,B,acquiescent,0.6,1.0,1.0,0.0
80,0.1,10,B,acquiescent,0.7,1.0,1.0,0.0
80,0.1,10,B,acquiescent,0.8,1.0,1.0,0.0
80,0.1,10,B,acquiescent,0.9,1.0,1.0,0.0
80,0.1,10,B,acquiescent,1.0,1.0,1.0,0.0
80,0.1,10,B,fatigue,0.1,0.0,0.0,0.0
80,0.1,10,B,fatigue,0.2,0.0,0.0,0.0
80,0.1,10,B,fatigue,0.3,0.0,1.0,-1.0
80,0.1,10,B,fatigue,0.4,1.0,1.0,0.0
80,0.1,10,B,fatigue,0.6,1.0,1.0,0.0
80,0.1,10,B,fatigue,0.8,0.0,1.0,-1.0
80,0.1,10,B,fatigue,0.9,0.0,0.0,0.0
80,0.1,10,B,fatigue,1.0,1.0,1.0,0.0
80,0.1,10,B,longstring,0.1,0.0,0.0,0.0
80,0.1,10,B,longstring,0.2,0.0,0.0,0.0
80,0.1,10,B,longstring,0.3,0.0,0.0,0.0
80,0.1,10,B,longstring,0.4,0.0,0.0,0.0
80,0.1,10,B,longstring,0.6,0.0,0.0,0.0
80,0.1,10,B,longstring,0.7,0.0,0.0,0.0
80,0.1,10,B,longstring,0.8,1.0,1.0,0.0
80,0.1,10,B,longstring,0.9,0.0,0.0,0.0
80,0.1,10,B,longstring,1.0,0.0,0.0,0.0
80,0.1,10,B,mixed,0.1,0.0,0.0,0.0
80,0.1,10,B,mixed,0.2,0.0,0.0,0.0
80,0.1,10,B,mixed,0.3,0.0,0.0,0.0
80,0.1,10,B,mixed,0.4,0.0,0.0,0.0
80,0.1,10,B,mixed,0.6,0.0,0.0,0.0
80,0.1,10,B,mixed,0.7,0.0,0.0,0.0
80,0.1,10,B,mixed,0.8,0.0,0.0,0.0
80,0.1,10,B,mixed,1.0,1.0,0.0,1.0
80,0.1,10,B,pure_straight,0.2,0.0,0.0,0.0
80,0.1,10,B,pure_straight,0.3,0.0,0.0,0.0
80,0.1,10,B,pure_straight,0.5,0.0,0.0,0.0
80,0.1,10,B,pure_straight,0.6,1.0,0.0,1.0
80,0.1,10,B,pure_straight,0.7,1.0,1.0,0.0
80,0.1,10,B,pure_straight,0.8,1.0,1.0,0.0
80,0.1,10,B,pure_straight,0.9,1.0,1.0,0.0
80,0.1,10,B,pure_straight,1.0,1.0,1.0,0.0
80,0.1,10,B,random,0.1,0.0,0.0,0.0
80,0.1,10,B,random,0.2,0.0,0.0,0.0
80,0.1,10,B,random,0.3,0.0,0.0,0.0
80,0.1,10,B,random,0.4,0.0,0.0,0.0
80,0.1,10,B,random,0.5,1.0,0.0,1.0
80,0.1,10,B,random,0.6,0.0,0.0,0.0
80,0.1,10,B,random,0.7,0.0,0.0,0.0
80,0.1,10,B,random,0.9,0.0,0.0,0.0
80,0.1,10,B,random,1.0,1.0,0.0,1.0
80,0.1,11,B,acquiescent,0.1,0.0,0.0,0.0
80,0.1,11,B,acquiescent,0.2,0.0,0.0,0.0
80,0.1,11,B,acquiescent,0.4,0.0,0.0,0.0
80,0.1,11,B,acquiescent,0.5,0.0,0.0,0.0
80,0.1,11,B,acquiescent,0.6,1.0,1.0,0.0
80,0.1,11,B,acquiescent,0.7,1.0,1.0,0.0
80,0.1,11,B,acquiescent,0.8,1.0,1.0,0.0
80,0.1,11,B,acquiescent,0.9,1.0,1.0,0.0
80,0.1,11,B,fatigue,0.1,0.0,0.0,0.0
80,0.1,11,B,fatigue,0.2,0.0,0.0,0.0
80,0.1,11,B,fatigue,0.5,0.0,0.0,0.0
80,0.1,11,B,fatigue,0.6,1.0,1.0,0.0
80,0.1,11,B,fatigue,0.7,0.0,0.0,0.0
80,0.1,11,B,fatigue,0.8,1.0,1.0,0.0
80,0.1,11,B,fatigue,0.9,1.0,1.0,0.0
80,0.1,11,B,fatigue,1.0,1.0,1.0,0.0
80,0.1,11,B,longstring,0.1,0.0,0.0,0.0
80,0.1,11,B,longstring,0.2,0.0,0.0,0.0
80,0.1,11,B,longstring,0.3,0.0,0.0,0.0
80,0.1,11,B,longstring,0.4,0.0,0.0,0.0
80,0.1,11,B,longstring,0.5,1.0,1.0,0.0
80,0.1,11,B,longstring,0.7,1.0,1.0,0.0
80,0.1,11,B,longstring,0.8,1.0,1.0,0.0
80,0.1,11,B,longstring,0.9,0.0,0.0,0.0
80,0.1,11,B,longstring,1.0,1.0,1.0,0.0
80,0.1,11,B,mixed,0.2,0.0,0.0,0.0
80,0.1,11,B,mixed,0.3,0.0,0.0,0.0
80,0.1,11,B,mixed,0.4,0.0,0.0,0.0
80,0.1,11,B,mixed,0.5,0.0,0.0,0.0
80,0.1,11,B,mixed,0.6,0.0,0.0,0.0
80,0.1,11,B,mixed,0.7,0.0,0.0,0.0
80,0.1,11,B,mixed,0.9,1.0,1.0,0.0
80,0.1,11,B,mixed,1.0,1.0,1.0,0.0
80,0.1,11,B,pure_straight,0.1,0.0,0.0,0.0
80,0.1,11,B,pure_straight,0.2,0.0,0.0,0.0
80,0.1,11,B,pure_straight,0.3,1.0,1.0,0.0
80,0.1,11,B,pure_straight,0.4,0.0,0.0,0.0
80,0.1,11,B,pure_straight,0.5,0.0,0.0,0.0
80,0.1,11,B,pure_straight,0.6,1.0,1.0,0.0
80,0.1,11,B,pure_straight,0.7,0.0,0.0,0.0
80,0.1,11,B,pure_straight,1.0,1.0,1.0,0.0
80,0.1,11,B,random,0.1,0.0,0.0,0.0
80,0.1,11,B,random,0.2,0.0,0.0,0.0
80,0.1,11,B,random,0.3,0.0,0.0,0.0
80,0.1,11,B,random,0.4,0.0,0.0,0.0
80,0.1,11,B,random,0.5,0.0,0.0,0.0
80,0.1,11,B,random,0.7,1.0,1.0,0.0
80,0.1,11,B,random,0.8,0.0,1.0,-1.0
80,0.1,11,B,random,0.9,0.0,0.0,0.0
80,0.1,11,B,random,1.0,1.0,1.0,0.0
80,0.1,12,B,acquiescent,0.2,0.0,0.0,0.0
80,0.1,12,B,acquiescent,0.3,0.0,0.0,0.0
80,0.1,12,B,acquiescent,0.4,1.0,1.0,0.0
80,0.1,12,B,acquiescent,0.5,1.0,1.0,0.0
80,0.1,12,B,acquiescent,0.6,0.0,0.0,0.0
80,0.1,12,B,acquiescent,0.7,1.0,1.0,0.0
80,0.1,12,B,acquiescent,0.8,1.0,1.0,0.0
80,0.1,12,B,acquiescent,0.9,1.0,1.0,0.0
80,0.1,12,B,fatigue,0.1,0.0,0.0,0.0
80,0.1,12,B,fatigue,0.2,0.0,0.0,0.0
80,0.1,12,B,fatigue,0.3,0.0,0.0,0.0
80,0.1,12,B,fatigue,0.4,1.0,1.0,0.0
80,0.1,12,B,fatigue,0.5,0.0,0.0,0.0
80,0.1,12,B,fatigue,0.8,1.0,1.0,0.0
80,0.1,12,B,fatigue,0.9,0.0,0.0,0.0
80,0.1,12,B,fatigue,1.0,1.0,1.0,0.0
80,0.1,12,B,longstring,0.1,0.0,0.0,0.0
80,0.1,12,B,longstring,0.2,1.0,1.0,0.0
80,0.1,12,B,longstring,0.3,0.0,0.0,0.0
80,0.1,12,B,longstring,0.4,0.0,0.0,0.0
80,0.1,12,B,longstring,0.5,0.0,0.0,0.0
80,0.1,12,B,longstring,0.6,0.0,1.0,-1.0
80,0.1,12,B,longstring,0.7,0.0,0.0,0.0
80,0.1,12,B,longstring,0.8,0.0,0.0,0.0
80,0.1,12,B,longstring,0.9,0.0,0.0,0.0
80,0.1,12,B,mixed,0.1,0.0,0.0,0.0
80,0.1,12,B,mixed,0.2,0.0,0.0,0.0
80,0.1,12,B,mixed,0.3,0.0,0.0,0.0
80,0.1,12,B,mixed,0.5,0.0,0.0,0.0
80,0.1,12,B,mixed,0.7,0.0,0.0,0.0
80,0.1,12,B,mixed,0.8,1.0,1.0,0.0
80,0.1,12,B,mixed,0.9,0.0,0.0,0.0
80,0.1,12,B,mixed,1.0,1.0,1.0,0.0
80,0.1,12,B,pure_straight,0.1,0.0,0.0,0.0
80,0.1,12,B,pure_straight,0.2,0.0,0.0,0.0
80,0.1,12,B,pure_straight,0.3,0.0,0.0,0.0
80,0.1,12,B,pure_straight,0.4,1.0,1.0,0.0
80,0.1,12,B,pure_straight,0.5,1.0,1.0,0.0
80,0.1,12,B,pure_straight,0.7,1.0,1.0,0.0
80,0.1,12,B,pure_straight,0.9,1.0,1.0,0.0
80,0.1,12,B,pure_straight,1.0,1.0,1.0,0.0
80,0.1,12,B,random,0.1,0.0,0.0,0.0
80,0.1,12,B,random,0.2,0.0,0.0,0.0
80,0.1,12,B,random,0.3,0.0,0.0,0.0
80,0.1,12,B,random,0.4,1.0,1.0,0.0
80,0.1,12,B,random,0.5,0.0,0.0,0.0
80,0.1,12,B,random,0.6,0.0,0.0,0.0
80,0.1,12,B,random,0.7,0.0,1.0,-1.0
80,0.1,12,B,random,0.8,1.0,0.0,1.0
80,0.1,12,B,random,0.9,1.0,0.0,1.0
80,0.2,1,B,acquiescent,0.1,0.5,0.0,0.5
80,0.2,1,B,acquiescent,0.2,1.0,1.0,0.0
80,0.2,1,B,acquiescent,0.3,0.0,0.0,0.0
80,0.2,1,B,acquiescent,0.4,0.0,0.0,0.0
80,0.2,1,B,acquiescent,0.5,1.0,1.0,0.0
80,0.2,1,B,acquiescent,0.6,0.5,0.5,0.0
80,0.2,1,B,acquiescent,0.7,0.0,0.0,0.0
80,0.2,1,B,acquiescent,0.8,1.0,1.0,0.0
80,0.2,1,B,acquiescent,0.9,1.0,1.0,0.0
80,0.2,1,B,acquiescent,1.0,1.0,1.0,0.0
80,0.2,1,B,fatigue,0.1,0.0,0.0,0.0
80,0.2,1,B,fatigue,0.2,0.0,0.0,0.0
80,0.2,1,B,fatigue,0.3,0.0,0.5,-0.5
80,0.2,1,B,fatigue,0.4,0.0,0.0,0.0
80,0.2,1,B,fatigue,0.5,0.0,0.0,0.0
80,0.2,1,B,fatigue,0.6,1.0,1.0,0.0
80,0.2,1,B,fatigue,0.7,1.0,0.0,1.0
80,0.2,1,B,fatigue,0.8,1.0,1.0,0.0
80,0.2,1,B,fatigue,0.9,0.0,0.0,0.0
80,0.2,1,B,fatigue,1.0,1.0,1.0,0.0
80,0.2,1,B,longstring,0.1,0.0,0.0,0.0
80,0.2,1,B,longstring,0.2,0.0,0.0,0.0
80,0.2,1,B,longstring,0.3,0.5,0.5,0.0
80,0.2,1,B,longstring,0.4,0.0,0.0,0.0
80,0.2,1,B,longstring,0.5,1.0,1.0,0.0
80,0.2,1,B,longstring,0.6,0.5,0.5,0.0
80,0.2,1,B,longstring,0.7,1.0,1.0,0.0
80,0.2,1,B,longstring,0.8,1.0,0.5,0.5
80,0.2,1,B,longstring,0.9,0.0,0.0,0.0
80,0.2,1,B,longstring,1.0,0.5,0.5,0.0
80,0.2,1,B,mixed,0.1,0.0,0.0,0.0
80,0.2,1,B,mixed,0.2,0.0,0.0,0.0
80,0.2,1,B,mixed,0.3,0.0,0.0,0.0
80,0.2,1,B,mixed,0.4,0.0,0.0,0.0
80,0.2,1,B,mixed,0.5,1.0,1.0,0.0
80,0.2,1,B,mixed,0.6,1.0,1.0,0.0
80,0.2,1,B,mixed,0.7,0.0,0.0,0.0
80,0.2,1,B,mixed,0.8,0.0,0.0,0.0
80,0.2,1,B,mixed,0.9,0.0,0.0,0.0
80,0.2,1,B,mixed,1.0,0.5,0.0,0.5
80,0.2,1,B,pure_straight,0.1,0.5,0.5,0.0
80,0.2,1,B,pure_straight,0.2,0.5,0.5,0.0
80,0.2,1,B,pure_straight,0.3,0.5,0.5,0.0
80,0.2,1,B,pure_straight,0.4,0.0,0.0,0.0
80,0.2,1,B,pure_straight,0.5,1.0,1.0,0.0
80,0.2,1,B,pure_straight,0.6,1.0,1.0,0.0
80,0.2,1,B,pure_straight,0.7,1.0,1.0,0.0
80,0.2,1,B,pure_straight,0.8,1.0,1.0,0.0
80,0.2,1,B,pure_straight,0.9,1.0,1.0,0.0
80,0.2,1,B,pure_straight,1.0,1.0,1.0,0.0
80,0.2,1,B,random,0.1,0.0,0.0,0.0
80,0.2,1,B,random,0.2,0.0,0.0,0.0
80,0.2,1,B,random,0.3,0.0,0.0,0.0
80,0.2,1,B,random,0.4,0.0,0.0,0.0
80,0.2,1,B,random,0.5,1.0,1.0,0.0
80,0.2,1,B,random,0.6,0.0,0.0,0.0
80,0.2,1,B,random,0.7,0.5,0.0,0.5
80,0.2,1,B,random,0.8,1.0,1.0,0.0
80,0.2,1,B,random,0.9,1.0,1.0,0.0
80,0.2,1,B,random,1.0,0.0,0.0,0.0
80,0.2,2,B,acquiescent,0.1,0.0,0.0,0.0
80,0.2,2,B,acquiescent,0.2,0.0,0.0,0.0
80,0.2,2,B,acquiescent,0.3,0.0,0.0,0.0
80,0.2,2,B,acquiescent,0.4,0.5,0.5,0.0
80,0.2,2,B,acquiescent,0.5,1.0,0.0,1.0
80,0.2,2,B,acquiescent,0.6,1.0,1.0,0.0
80,0.2,2,B,acquiescent,0.7,1.0,1.0,0.0
80,0.2,2,B,acquiescent,0.8,1.0,1.0,0.0
80,0.2,2,B,acquiescent,0.9,1.0,1.0,0.0
80,0.2,2,B,acquiescent,1.0,1.0,1.0,0.0
80,0.2,2,B,fatigue,0.1,0.0,0.0,0.0
80,0.2,2,B,fatigue,0.2,1.0,0.0,1.0
80,0.2,2,B,fatigue,0.3,0.0,0.0,0.0
80,0.2,2,B,fatigue,0.4,0.0,0.0,0.0
80,0.2,2,B,fatigue,0.5,0.0,0.0,0.0
80,0.2,2,B,fatigue,0.6,1.0,1.0,0.0
80,0.2,2,B,fatigue,0.7,0.5,0.5,0.0
80,0.2,2,B,fatigue,0.8,0.5,0.5,0.0
80,0.2,2,B,fatigue,0.9,1.0,1.0,0.0
80,0.2,2,B,fatigue,1.0,1.0,1.0,0.0
80,0.2,2,B,longstring,0.1,0.0,0.0,0.0
80,0.2,2,B,longstring,0.2,0.0,0.0,0.0
80,0.2,2,B,longstring,0.3,1.0,1.0,0.0
80,0.2,2,B,longstring,0.4,0.0,1.0,-1.0
80,0.2,2,B,longstring,0.5,0.5,0.0,0.5
80,0.2,2,B,longstring,0.6,0.5,0.5,0.0
80,0.2,2,B,longstring,0.7,0.5,0.0,0.5
80,0.2,2,B,longstring,0.8,0.5,0.5,0.0
80,0.2,2,B,longstring,0.9,1.0,1.0,0.0
80,0.2,2,B,longstring,1.0,0.5,0.5,0.0
80,0.2,2,B,mixed,0.1,0.0,0.0,0.0
80,0.2,2,B,mixed,0.2,0.0,0.0,0.0
80,0.2,2,B,mixed,0.3,0.0,0.0,0.0
80,0.2,2,B,mixed,0.4,0.0,0.0,0.0
80,0.2,2,B,mixed,0.5,0.0,0.0,0.0
80,0.2,2,B,mixed,0.6,1.0,1.0,0.0
80,0.2,2,B,mixed,0.7,0.5,0.5,0.0
80,0.2,2,B,mixed,0.8,0.0,0.5,-0.5
80,0.2,2,B,mixed,0.9,0.5,0.5,0.0
80,0.2,2,B,mixed,1.0,0.0,0.0,0.0
80,0.2,2,B,pure_straight,0.1,0.0,0.0,0.0
80,0.2,2,B,pure_straight,0.2,0.0,0.0,0.0
80,0.2,2,B,pure_straight,0.3,1.0,0.5,0.5
80,0.2,2,B,pure_straight,0.4,0.0,0.5,-0.5
80,0.2,2,B,pure_straight,0.5,1.0,1.0,0.0
80,0.2,2,B,pure_straight,0.6,1.0,1.0,0.0
80,0.2,2,B,pure_straight,0.7,1.0,1.0,0.0
80,0.2,2,B,pure_straight,0.8,1.0,1.0,0.0
80,0.2,2,B,pure_straight,0.9,1.0,1.0,0.0
80,0.2,2,B,pure_straight,1.0,1.0,1.0,0.0
80,0.2,2,B,random,0.1,0.0,0.0,0.0
80,0.2,2,B,random,0.2,0.0,0.0,0.0
80,0.2,2,B,random,0.3,0.5,0.0,0.5
80,0.2,2,B,random,0.4,0.0,0.0,0.0
80,0.2,2,B,random,0.5,0.5,0.5,0.0
80,0.2,2,B,random,0.6,0.5,0.5,0.0
80,0.2,2,B,random,0.7,0.5,0.5,0.0
80,0.2,2,B,random,0.8,0.0,0.0,0.0
80,0.2,2,B,random,0.9,0.0,0.0,0.0
80,0.2,2,B,random,1.0,0.0,0.0,0.0
80,0.2,3,B,acquiescent,0.1,0.0,0.0,0.0
80,0.2,3,B,acquiescent,0.2,0.0,0.0,0.0
80,0.2,3,B,acquiescent,0.3,0.0,0.0,0.0
80,0.2,3,B,acquiescent,0.4,0.5,0.5,0.0
80,0.2,3,B,acquiescent,0.5,1.0,1.0,0.0
80,0.2,3,B,acquiescent,0.6,0.5,0.5,0.0
80,0.2,3,B,acquiescent,0.7,1.0,1.0,0.0
80,0.2,3,B,acquiescent,0.8,1.0,1.0,0.0
80,0.2,3,B,acquiescent,0.9,1.0,1.0,0.0
80,0.2,3,B,acquiescent,1.0,1.0,1.0,0.0
80,0.2,3,B,fatigue,0.1,0.0,0.0,0.0
80,0.2,3,B,fatigue,0.2,0.0,0.0,0.0
80,0.2,3,B,fatigue,0.3,0.0,0.0,0.0
80,0.2,3,B,fatigue,0.4,0.0,0.0,0.0
80,0.2,3,B,fatigue,0.5,0.0,0.0,0.0
80,0.2,3,B,fatigue,0.6,0.0,0.0,0.0
80,0.2,3,B,fatigue,0.7,1.0,1.0,0.0
80,0.2,3,B,fatigue,0.8,0.0,0.0,0.0
80,0.2,3,B,fatigue,0.9,0.5,0.5,0.0
80,0.2,3,B,fatigue,1.0,0.5,0.5,0.0
80,0.2,3,B,longstring,0.1,0.5,0.5,0.0
80,0.2,3,B,longstring,0.2,0.5,0.0,0.5
80,0.2,3,B,longstring,0.3,0.0,0.0,0.0
80,0.2,3,B,longstring,0.4,0.5,0.5,0.0
80,0.2,3,B,longstring,0.5,0.0,0.0,0.0
80,0.2,3,B,longstring,0.6,0.0,0.0,0.0
80,0.2,3,B,longstring,0.7,1.0,1.0,0.0
80,0.2,3,B,longstring,0.8,0.0,0.0,0.0
80,0.2,3,B,longstring,0.9,1.0,1.0,0.0
80,0.2,3,B,longstring,1.0,1.0,1.0,0.0
80,0.2,3,B,mixed,0.1,0.0,0.5,-0.5
80,0.2,3,B,mixed,0.2,0.0,0.0,0.0
80,0.2,3,B,mixed,0.3,0.0,0.0,0.0
80,0.2,3,B,mixed,0.4,0.5,0.5,0.0
80,0.2,3,B,mixed,0.5,0.5,0.0,0.5
80,0.2,3,B,mixed,0.6,0.0,0.0,0.0
80,0.2,3,B,mixed,0.7,0.5,0.5,0.0
80,0.2,3,B,mixed,0.8,1.0,1.0,0.0
80,0.2,3,B,mixed,0.9,1.0,1.0,0.0
80,0.2,3,B,mixed,1.0,0.5,0.5,0.0
80,0.2,3,B,pure_straight,0.1,0.0,0.0,0.0
80,0.2,3,B,pure_straight,0.2,0.5,0.5,0.0
80,0.2,3,B,pure_straight,0.3,0.0,0.0,0.0
80,0.2,3,B,pure_straight,0.4,1.0,1.0,0.0
80,0.2,3,B,pure_straight,0.5,1.0,1.0,0.0
80,0.2,3,B,pure_straight,0.6,1.0,1.0,0.0
80,0.2,3,B,pure_straight,0.7,0.0,0.0,0.0
80,0.2,3,B,pure_straight,0.8,1.0,1.0,0.0
80,0.2,3,B,pure_straight,0.9,1.0,1.0,0.0
80,0.2,3,B,pure_straight,1.0,1.0,1.0,0.0
80,0.2,3,B,random,0.1,0.0,0.0,0.0
80,0.2,3,B,random,0.2,0.0,0.0,0.0
80,0.2,3,B,random,0.3,0.0,0.0,0.0
80,0.2,3,B,random,0.4,0.0,0.0,0.0
80,0.2,3,B,random,0.5,0.0,0.0,0.0
80,0.2,3,B,random,0.6,0.0,0.0,0.0
80,0.2,3,B,random,0.7,1.0,0.5,0.5
80,0.2,3,B,random,0.8,0.0,0.0,0.0
80,0.2,3,B,random,0.9,0.5,0.0,0.5
80,0.2,3,B,random,1.0,1.0,1.0,0.0
80,0.2,4,B,acquiescent,0.1,0.0,0.0,0.0
80,0.2,4,B,acquiescent,0.2,0.0,0.0,0.0
80,0.2,4,B,acquiescent,0.3,0.0,0.0,0.0
80,0.2,4,B,acquiescent,0.4,0.0,0.5,-0.5
80,0.2,4,B,acquiescent,0.5,0.0,0.0,0.0
80,0.2,4,B,acquiescent,0.6,1.0,1.0,0.0
80,0.2,4,B,acquiescent,0.7,1.0,1.0,0.0
80,0.2,4,B,acquiescent,0.8,1.0,1.0,0.0
80,0.2,4,B,acquiescent,0.9,1.0,1.0,0.0
80,0.2,4,B,acquiescent,1.0,1.0,1.0,0.0
80,0.2,4,B,fatigue,0.1,0.0,0.0,0.0
80,0.2,4,B,fatigue,0.2,0.0,0.0,0.0
80,0.2,4,B,fatigue,0.3,0.0,0.0,0.0
80,0.2,4,B,fatigue,0.4,0.0,0.0,0.0
80,0.2,4,B,fatigue,0.5,0.5,0.5,0.0
80,0.2,4,B,fatigue,0.6,1.0,1.0,0.0
80,0.2,4,B,fatigue,0.7,1.0,1.0,0.0
80,0.2,4,B,fatigue,0.8,0.5,0.0,0.5
80,0.2,4,B,fatigue,0.9,1.0,1.0,0.0
80,0.2,4,B,fatigue,1.0,1.0,1.0,0.0
80,0.2,4,B,longstring,0.1,0.0,0.0,0.0
80,0.2,4,B,longstring,0.2,0.5,0.0,0.5
80,0.2,4,B,longstring,0.3,0.5,0.5,0.0
80,0.2,4,B,longstring,0.4,0.5,1.0,-0.5
80,0.2,4,B,longstring,0.5,0.5,0.5,0.0
80,0.2,4,B,longstring,0.6,0.0,0.0,0.0
80,0.2,4,B,longstring,0.7,0.0,0.0,0.0
80,0.2,4,B,longstring,0.8,1.0,1.0,0.0
80,0.2,4,B,longstring,0.9,0.5,0.5,0.0
80,0.2,4,B,longstring,1.0,1.0,1.0,0.0
80,0.2,4,B,mixed,0.1,1.0,0.0,1.0
80,0.2,4,B,mixed,0.2,0.0,0.0,0.0
80,0.2,4,B,mixed,0.3,0.0,0.0,0.0
80,0.2,4,B,mixed,0.4,0.0,0.0,0.0
80,0.2,4,B,mixed,0.5,0.0,0.0,0.0
80,0.2,4,B,mixed,0.6,0.5,0.5,0.0
80,0.2,4,B,mixed,0.7,0.5,0.0,0.5
80,0.2,4,B,mixed,0.8,0.0,0.5,-0.5
80,0.2,4,B,mixed,0.9,0.0,0.0,0.0
80,0.2,4,B,mixed,1.0,0.0,0.0,0.0
80,0.2,4,B,pure_straight,0.1,0.0,0.0,0.0
80,0.2,4,B,pure_straight,0.2,0.5,0.5,0.0
80,0.2,4,B,pure_straight,0.3,0.0,0.5,-0.5
80,0.2,4,B,pure_straight,0.4,0.0,0.0,0.0
80,0.2,4,B,pure_straight,0.5,1.0,1.0,0.0
80,0.2,4,B,pure_straight,0.6,1.0,1.0,0.0
80,0.2,4,B,pure_straight,0.7,1.0,1.0,0.0
80,0.2,4,B,pure_straight,0.8,1.0,1.0,0.0
80,0.2,4,B,pure_straight,0.9,1.0,1.0,0.0
80,0.2,4,B,pure_straight,1.0,1.0,1.0,0.0
80,0.2,4,B,random,0.1,0.0,0.0,0.0
80,0.2,4,B,random,0.2,0.0,0.0,0.0
80,0.2,4,B,random,0.3,0.5,1.0,-0.5
80,0.2,4,B,random,0.4,0.0,0.0,0.0
80,0.2,4,B,random,0.5,0.0,0.0,0.0
80,0.2,4,B,random,0.6,0.5,0.0,0.5
80,0.2,4,B,random,0.7,0.5,0.5,0.0
80,0.2,4,B,random,0.8,1.0,1.0,0.0
80,0.2,4,B,random,0.9,1.0,1.0,0.0
80,0.2,4,B,random,1.0,0.0,0.0,0.0
80,0.2,5,B,acquiescent,0.1,0.0,0.0,0.0
80,0.2,5,B,acquiescent,0.2,0.0,0.0,0.0
80,0.2,5,B,acquiescent,0.3,0.5,0.5,0.0
80,0.2,5,B,acquiescent,0.4,0.0,0.0,0.0
80,0.2,5,B,acquiescent,0.5,1.0,1.0,0.0
80,0.2,5,B,acquiescent,0.6,1.0,1.0,0.0
80,0.2,5,B,acquiescent,0.7,0.5,1.0,-0.5
80,0.2,5,B,acquiescent,0.8,1.0,1.0,0.0
80,0.2,5,B,acquiescent,0.9,1.0,1.0,0.0
80,0.2,5,B,acquiescent,1.0,1.0,1.0,0.0
80,0.2,5,B,fatigue,0.1,0.0,0.0,0.0
80,0.2,5,B,fatigue,0.2,0.0,0.0,0.0
80,0.2,5,B,fatigue,0.3,0.0,0.0,0.0
80,0.2,5,B,fatigue,0.4,0.0,0.0,0.0
80,0.2,5,B,fatigue,0.5,0.5,1.0,-0.5
80,0.2,5,B,fatigue,0.6,0.0,0.0,0.0
80,0.2,5,B,fatigue,0.7,0.0,0.0,0.0
80,0.2,5,B,fatigue,0.8,1.0,0.0,1.0
80,0.2,5,B,fatigue,0.9,1.0,1.0,0.0
80,0.2,5,B,fatigue,1.0,0.5,0.5,0.0
80,0.2,5,B,longstring,0.1,0.0,0.0,0.0
80,0.2,5,B,longstring,0.2,0.0,0.0,0.0
80,0.2,5,B,longstring,0.3,0.5,0.5,0.0
80,0.2,5,B,longstring,0.4,0.0,0.0,0.0
80,0.2,5,B,longstring,0.5,0.5,0.5,0.0
80,0.2,5,B,longstring,0.6,0.0,0.0,0.0
80,0.2,5,B,longstring,0.7,0.0,0.0,0.0
80,0.2,5,B,longstring,0.8,0.0,0.5,-0.5
80,0.2,5,B,longstring,0.9,1.0,1.0,0.0
80,0.2,5,B,longstring,1.0,1.0,1.0,0.0
80,0.2,5,B,mixed,0.1,0.0,0.0,0.0
80,0.2,5,B,mixed,0.2,0.0,0.0,0.0
80,0.2,5,B,mixed,0.3,0.0,1.0,-1.0
80,0.2,5,B,mixed,0.4,1.0,0.5,0.5
80,0.2,5,B,mixed,0.5,0.5,0.5,0.0
80,0.2,5,B,mixed,0.6,0.0,0.0,0.0
80,0.2,5,B,mixed,0.7,1.0,0.0,1.0
80,0.2,5,B,mixed,0.8,0.0,0.0,0.0
80,0.2,5,B,mixed,0.9,0.5,0.5,0.0
80,0.2,5,B,mixed,1.0,0.5,0.5,0.0
80,0.2,5,B,pure_straight,0.1,0.5,0.5,0.0
80,0.2,5,B,pure_straight,0.2,0.0,0.5,-0.5
80,0.2,5,B,pure_straight,0.3,0.0,0.0,0.0
80,0.2,5,B,pure_straight,0.4,1.0,1.0,0.0
80,0.2,5,B,pure_straight,0.5,1.0,1.0,0.0
80,0.2,5,B,pure_straight,0.6,1.0,1.0,0.0
80,0.2,5,B,pure_straight,0.7,1.0,1.0,0.0
80,0.2,5,B,pure_straight,0.8,1.0,1.0,0.0
80,0.2,5,B,pure_straight,0.9,1.0,1.0,0.0
80,0.2,5,B,pure_straight,1.0,1.0,1.0,0.0
80,0.2,5,B,random,0.1,0.0,0.0,0.0
80,0.2,5,B,random,0.2,0.0,0.5,-0.5
80,0.2,5,B,random,0.3,0.0,0.0,0.0
80,0.2,5,B,random,0.4,0.0,0.0,0.0
80,0.2,5,B,random,0.5,0.0,0.0,0.0
80,0.2,5,B,random,0.6,0.5,0.5,0.0
80,0.2,5,B,random,0.7,0.5,0.0,0.5
80,0.2,5,B,random,0.8,0.5,0.5,0.0
80,0.2,5,B,random,0.9,0.0,0.0,0.0
80,0.2,5,B,random,1.0,0.5,0.5,0.0
80,0.2,6,B,acquiescent,0.1,0.0,1.0,-1.0
80,0.2,6,B,acquiescent,0.2,0.0,0.5,-0.5
80,0.2,6,B,acquiescent,0.3,0.0,0.0,0.0
80,0.2,6,B,acquiescent,0.4,0.0,0.5,-0.5
80,0.2,6,B,acquiescent,0.5,1.0,0.0,1.0
80,0.2,6,B,acquiescent,0.6,1.0,0.5,0.5
80,0.2,6,B,acquiescent,0.7,1.0,1.0,0.0
80,0.2,6,B,acquiescent,0.8,1.0,1.0,0.0
80,0.2,6,B,acquiescent,0.9,1.0,1.0,0.0
80,0.2,6,B,acquiescent,1.0,1.0,1.0,0.0
80,0.2,6,B,fatigue,0.1,0.0,0.0,0.0
80,0.2,6,B,fatigue,0.2,0.0,0.0,0.0
80,0.2,6,B,fatigue,0.3,0.0,0.0,0.0
80,0.2,6,B,fatigue,0.4,1.0,0.0,1.0
80,0.2,6,B,fatigue,0.5,1.0,1.0,0.0
80,0.2,6,B,fatigue,0.6,0.0,0.0,0.0
80,0.2,6,B,fatigue,0.7,0.0,0.0,0.0
80,0.2,6,B,fatigue,0.8,0.0,0.0,0.0
80,0.2,6,B,fatigue,0.9,1.0,1.0,0.0
80,0.2,6,B,fatigue,1.0,1.0,1.0,0.0
80,0.2,6,B,longstring,0.1,0.0,0.0,0.0
80,0.2,6,B,longstring,0.2,0.0,0.0,0.0
80,0.2,6,B,longstring,0.3,0.5,0.0,0.5
80,0.2,6,B,longstring,0.4,0.0,0.0,0.0
80,0.2,6,B,longstring,0.5,1.0,0.5,0.5
80,0.2,6,B,longstring,0.6,0.5,0.5,0.0
80,0.2,6,B,longstring,0.7,1.0,1.0,0.0
80,0.2,6,B,longstring,0.8,0.5,0.5,0.0
80,0.2,6,B,longstring,0.9,0.5,0.5,0.0
80,0.2,6,B,longstring,1.0,0.5,1.0,-0.5
80,0.2,6,B,mixed,0.1,0.0,0.0,0.0
80,0.2,6,B,mixed,0.2,0.0,0.0,0.0
80,0.2,6,B,mixed,0.3,0.0,0.0,0.0
80,0.2,6,B,mixed,0.4,0.5,0.0,0.5
80,0.2,6,B,mixed,0.5,0.5,0.5,0.0
80,0.2,6,B,mixed,0.6,1.0,0.0,1.0
80,0.2,6,B,mixed,0.7,0.0,0.0,0.0
80,0.2,6,B,mixed,0.8,0.0,0.0,0.0
80,0.2,6,B,mixed,0.9,0.5,0.5,0.0
80,0.2,6,B,mixed,1.0,1.0,1.0,0.0
80,0.2,6,B,pure_straight,0.1,0.0,0.0,0.0
80,0.2,6,B,pure_straight,0.2,0.5,0.5,0.0
80,0.2,6,B,pure_straight,0.3,0.0,0.0,0.0
80,0.2,6,B,pure_straight,0.4,0.0,0.0,0.0
80,0.2,6,B,pure_straight,0.5,0.5,0.5,0.0
80,0.2,6,B,pure_straight,0.6,1.0,1.0,0.0
80,0.2,6,B,pure_straight,0.7,1.0,1.0,0.0
80,0.2,6,B,pure_straight,0.8,1.0,1.0,0.0
80,0.2,6,B,pure_straight,0.9,1.0,1.0,0.0
80,0.2,6,B,pure_straight,1.0,1.0,1.0,0.0
80,0.2,6,B,random,0.1,0.0,0.0,0.0
80,0.2,6,B,random,0.2,0.0,0.0,0.0
80,0.2,6,B,random,0.3,0.0,0.0,0.0
80,0.2,6,B,random,0.4,0.0,0.0,0.0
80,0.2,6,B,random,0.5,0.0,0.0,0.0
80,0.2,6,B,random,0.6,0.5,0.5,0.0
80,0.2,6,B,random,0.7,0.0,1.0,-1.0
80,0.2,6,B,random,0.8,0.5,0.0,0.5
80,0.2,6,B,random,0.9,0.5,0.5,0.0
80,0.2,6,B,random,1.0,0.5,0.5,0.0
80,0.2,7,B,acquiescent,0.1,0.0,0.0,0.0
80,0.2,7,B,acquiescent,0.2,0.5,0.0,0.5
80,0.2,7,B,acquiescent,0.3,0.0,0.0,0.0
80,0.2,7,B,acquiescent,0.4,1.0,0.0,1.0
80,0.2,7,B,acquiescent,0.5,0.5,1.0,-0.5
80,0.2,7,B,acquiescent,0.6,0.0,1.0,-1.0
80,0.2,7,B,acquiescent,0.7,0.0,0.0,0.0
80,0.2,7,B,acquiescent,0.8,1.0,1.0,0.0
80,0.2,7,B,acquiescent,0.9,1.0,1.0,0.0
80,0.2,7,B,acquiescent,1.0,1.0,1.0,0.0
80,0.2,7,B,fatigue,0.1,0.0,0.0,0.0
80,0.2,7,B,fatigue,0.2,0.0,0.0,0.0
80,0.2,7,B,fatigue,0.3,0.0,0.0,0.0
80,0.2,7,B,fatigue,0.4,0.0,0.5,-0.5
80,0.2,7,B,fatigue,0.5,0.0,1.0,-1.0
80,0.2,7,B,fatigue,0.6,0.0,0.0,0.0
80,0.2,7,B,fatigue,0.7,1.0,1.0,0.0
80,0.2,7,B,fatigue,0.8,1.0,1.0,0.0
80,0.2,7,B,fatigue,0.9,1.0,1.0,0.0
80,0.2,7,B,fatigue,1.0,1.0,0.5,0.5
80,0.2,7,B,longstring,0.1,0.0,0.0,0.0
80,0.2,7,B,longstring,0.2,0.0,0.0,0.0
80,0.2,7,B,longstring,0.3,1.0,1.0,0.0
80,0.2,7,B,longstring,0.4,0.5,0.5,0.0
80,0.2,7,B,longstring,0.5,0.5,0.5,0.0
80,0.2,7,B,longstring,0.6,0.0,0.0,0.0
80,0.2,7,B,longstring,0.7,0.5,0.5,0.0
80,0.2,7,B,longstring,0.8,0.5,0.5,0.0
80,0.2,7,B,longstring,0.9,1.0,1.0,0.0
80,0.2,7,B,longstring,1.0,0.0,0.5,-0.5
80,0.2,7,B,mixed,0.1,0.0,0.0,0.0
80,0.2,7,B,mixed,0.2,0.5,0.5,0.0
80,0.2,7,B,mixed,0.3,0.0,0.0,0.0
80,0.2,7,B,mixed,0.4,0.0,0.0,0.0
80,0.2,7,B,mixed,0.5,1.0,0.0,1.0
80,0.2,7,B,mixed,0.6,0.0,0.0,0.0
80,0.2,7,B,mixed,0.7,0.0,0.5,-0.5
80,0.2,7,B,mixed,0.8,0.5,0.0,0.5
80,0.2,7,B,mixed,0.9,0.0,1.0,-1.0
80,0.2,7,B,mixed,1.0,0.0,0.0,0.0
80,0.2,7,B,pure_straight,0.1,0.0,0.0,0.0
80,0.2,7,B,pure_straight,0.2,0.5,0.5,0.0
80,0.2,7,B,pure_straight,0.3,0.5,0.5,0.0
80,0.2,7,B,pure_straight,0.4,1.0,0.0,1.0
80,0.2,7,B,pure_straight,0.5,0.5,1.0,-0.5
80,0.2,7,B,pure_straight,0.6,1.0,1.0,0.0
80,0.2,7,B,pure_straight,0.7,0.5,0.5,0.0
80,0.2,7,B,pure_straight,0.8,1.0,1.0,0.0
80,0.2,7,B,pure_straight,0.9,1.0,1.0,0.0
80,0.2,7,B,pure_straight,1.0,1.0,1.0,0.0
80,0.2,7,B,random,0.1,0.0,0.5,-0.5
80,0.2,7,B,random,0.2,0.0,0.0,0.0
80,0.2,7,B,random,0.3,0.0,0.0,0.0
80,0.2,7,B,random,0.4,0.0,0.0,0.0
80,0.2,7,B,random,0.5,0.0,0.0,0.0
80,0.2,7,B,random,0.6,1.0,0.0,1.0
80,0.2,7,B,random,0.7,0.0,0.5,-0.5
80,0.2,7,B,random,0.8,0.0,0.0,0.0
80,0.2,7,B,random,0.9,0.5,0.5,0.0
80,0.2,7,B,random,1.0,0.5,0.0,0.5
80,0.2,8,B,acquiescent,0.1,0.0,0.0,0.0
80,0.2,8,B,acquiescent,0.2,0.0,0.0,0.0
80,0.2,8,B,acquiescent,0.3,0.0,0.0,0.0
80,0.2,8,B,acquiescent,0.4,0.0,0.0,0.0
80,0.2,8,B,acquiescent,0.5,0.0,0.0,0.0
80,0.2,8,B,acquiescent,0.6,1.0,1.0,0.0
80,0.2,8,B,acquiescent,0.7,1.0,1.0,0.0
80,0.2,8,B,acquiescent,0.8,1.0,1.0,0.0
80,0.2,8,B,acquiescent,0.9,1.0,1.0,0.0
80,0.2,8,B,acquiescent,1.0,1.0,1.0,0.0
80,0.2,8,B,fatigue,0.1,0.0,0.0,0.0
80,0.2,8,B,fatigue,0.2,0.0,0.0,0.0
80,0.2,8,B,fatigue,0.3,0.5,0.0,0.5
80,0.2,8,B,fatigue,0.4,0.0,0.0,0.0
80,0.2,8,B,fatigue,0.5,0.5,0.5,0.0
80,0.2,8,B,fatigue,0.6,1.0,1.0,0.0
80,0.2,8,B,fatigue,0.7,0.0,0.0,0.0
80,0.2,8,B,fatigue,0.8,1.0,1.0,0.0
80,0.2,8,B,fatigue,0.9,1.0,1.0,0.0
80,0.2,8,B,fatigue,1.0,1.0,1.0,0.0
80,0.2,8,B,longstring,0.1,0.0,0.0,0.0
80,0.2,8,B,longstring,0.2,0.5,0.5,0.0
80,0.2,8,B,longstring,0.3,0.0,0.5,-0.5
80,0.2,8,B,longstring,0.4,0.5,0.5,0.0
80,0.2,8,B,longstring,0.5,0.0,1.0,-1.0
80,0.2,8,B,longstring,0.6,1.0,1.0,0.0
80,0.2,8,B,longstring,0.7,0.0,0.5,-0.5
80,0.2,8,B,longstring,0.8,0.0,0.0,0.0
80,0.2,8,B,longstring,0.9,1.0,1.0,0.0
80,0.2,8,B,longstring,1.0,0.5,0.5,0.0
80,0.2,8,B,mixed,0.1,0.0,0.0,0.0
80,0.2,8,B,mixed,0.2,0.0,0.0,0.0
80,0.2,8,B,mixed,0.3,0.0,0.0,0.0
80,0.2,8,B,mixed,0.4,0.0,0.0,0.0
80,0.2,8,B,mixed,0.5,0.5,0.5,0.0
80,0.2,8,B,mixed,0.6,0.0,0.0,0.0
80,0.2,8,B,mixed,0.7,0.5,0.5,0.0
80,0.2,8,B,mixed,0.8,0.5,0.5,0.0
80,0.2,8,B,mixed,0.9,1.0,1.0,0.0
80,0.2,8,B,mixed,1.0,0.0,0.0,0.0
80,0.2,8,B,pure_straight,0.1,0.0,0.0,0.0
80,0.2,8,B,pure_straight,0.2,0.5,0.5,0.0
80,0.2,8,B,pure_straight,0.3,0.5,1.0,-0.5
80,0.2,8,B,pure_straight,0.4,1.0,1.0,0.0
80,0.2,8,B,pure_straight,0.5,1.0,1.0,0.0
80,0.2,8,B,pure_straight,0.6,1.0,1.0,0.0
80,0.2,8,B,pure_straight,0.7,1.0,1.0,0.0
80,0.2,8,B,pure_straight,0.8,1.0,1.0,0.0
80,0.2,8,B,pure_straight,0.9,1.0,1.0,0.0
80,0.2,8,B,pure_straight,1.0,1.0,1.0,0.0
80,0.2,8,B,random,0.1,0.0,0.0,0.0
80,0.2,8,B,random,0.2,0.5,0.5,0.0
80,0.2,8,B,random,0.3,0.0,0.0,0.0
80,0.2,8,B,random,0.4,0.0,0.0,0.0
80,0.2,8,B,random,0.5,0.5,0.5,0.0
80,0.2,8,B,random,0.6,0.5,0.5,0.0
80,0.2,8,B,random,0.7,1.0,0.0,1.0
80,0.2,8,B,random,0.8,1.0,1.0,0.0
80,0.2,8,B,random,0.9,0.0,0.0,0.0
80,0.2,8,B,random,1.0,0.0,0.0,0.0
80,0.2,9,B,acquiescent,0.1,0.0,0.0,0.0
80,0.2,9,B,acquiescent,0.2,1.0,1.0,0.0
80,0.2,9,B,acquiescent,0.3,0.5,0.5,0.0
80,0.2,9,B,acquiescent,0.4,0.0,0.5,-0.5
80,0.2,9,B,acquiescent,0.5,1.0,1.0,0.0
80,0.2,9,B,acquiescent,0.6,1.0,0.5,0.5
80,0.2,9,B,acquiescent,0.7,1.0,1.0,0.0
80,0.2,9,B,acquiescent,0.8,1.0,1.0,0.0
80,0.2,9,B,acquiescent,0.9,1.0,1.0,0.0
80,0.2,9,B,acquiescent,1.0,1.0,1.0,0.0
80,0.2,9,B,fatigue,0.1,0.0,0.0,0.0
80,0.2,9,B,fatigue,0.2,0.0,0.0,0.0
80,0.2,9,B,fatigue,0.3,0.0,0.0,0.0
80,0.2,9,B,fatigue,0.4,0.5,0.5,0.0
80,0.2,9,B,fatigue,0.5,0.0,0.0,0.0
80,0.2,9,B,fatigue,0.6,1.0,1.0,0.0
80,0.2,9,B,fatigue,0.7,0.5,0.5,0.0
80,0.2,9,B,fatigue,0.8,0.0,0.0,0.0
80,0.2,9,B,fatigue,0.9,0.0,0.0,0.0
80,0.2,9,B,fatigue,1.0,1.0,1.0,0.0
80,0.2,9,B,longstring,0.1,0.0,0.0,0.0
80,0.2,9,B,longstring,0.2,0.0,0.0,0.0
80,0.2,9,B,longstring,0.3,1.0,1.0,0.0
80,0.2,9,B,longstring,0.4,0.0,0.0,0.0
80,0.2,9,B,longstring,0.5,0.5,1.0,-0.5
80,0.2,9,B,longstring,0.6,1.0,1.0,0.0
80,0.2,9,B,longstring,0.7,1.0,1.0,0.0
80,0.2,9,B,longstring,0.8,0.5,1.0,-0.5
80,0.2,9,B,longstring,0.9,1.0,1.0,0.0
80,0.2,9,B,longstring,1.0,0.0,0.0,0.0
80,0.2,9,B,mixed,0.1,0.0,0.0,0.0
80,0.2,9,B,mixed,0.2,0.0,0.0,0.0
80,0.2,9,B,mixed,0.3,0.0,0.0,0.0
80,0.2,9,B,mixed,0.4,0.0,0.0,0.0
80,0.2,9,B,mixed,0.5,0.0,0.0,0.0
80,0.2,9,B,mixed,0.6,1.0,0.0,1.0
80,0.2,9,B,mixed,0.7,1.0,0.5,0.5
80,0.2,9,B,mixed,0.8,0.0,0.0,0.0
80,0.2,9,B,mixed,0.9,1.0,1.0,0.0
80,0.2,9,B,mixed,1.0,0.0,0.0,0.0
80,0.2,9,B,pure_straight,0.1,0.5,0.5,0.0
80,0.2,9,B,pure_straight,0.2,1.0,1.0,0.0
80,0.2,9,B,pure_straight,0.3,0.0,0.0,0.0
80,0.2,9,B,pure_straight,0.4,0.5,0.5,0.0
80,0.2,9,B,pure_straight,0.5,1.0,1.0,0.0
80,0.2,9,B,pure_straight,0.6,1.0,1.0,0.0
80,0.2,9,B,pure_straight,0.7,1.0,1.0,0.0
80,0.2,9,B,pure_straight,0.8,1.0,1.0,0.0
80,0.2,9,B,pure_straight,0.9,1.0,1.0,0.0
80,0.2,9,B,pure_straight,1.0,1.0,1.0,0.0
80,0.2,9,B,random,0.1,0.0,0.0,0.0
80,0.2,9,B,random,0.2,0.0,0.0,0.0
80,0.2,9,B,random,0.3,0.5,0.0,0.5
80,0.2,9,B,random,0.4,0.0,0.0,0.0
80,0.2,9,B,random,0.5,0.0,0.0,0.0
80,0.2,9,B,random,0.6,1.0,1.0,0.0
80,0.2,9,B,random,0.7,1.0,1.0,0.0
80,0.2,9,B,random,0.8,0.5,1.0,-0.5
80,0.2,9,B,random,0.9,0.5,0.5,0.0
80,0.2,9,B,random,1.0,0.0,0.0,0.0
80,0.2,10,B,acquiescent,0.1,0.5,0.0,0.5
80,0.2,10,B,acquiescent,0.2,0.5,0.5,0.0
80,0.2,10,B,acquiescent,0.3,0.0,0.0,0.0
80,0.2,10,B,acquiescent,0.4,0.5,0.5,0.0
80,0.2,10,B,acquiescent,0.5,1.0,1.0,0.0
80,0.2,10,B,acquiescent,0.6,0.5,0.0,0.5
80,0.2,10,B,acquiescent,0.7,0.5,0.0,0.5
80,0.2,10,B,acquiescent,0.8,1.0,1.0,0.0
80,0.2,10,B,acquiescent,0.9,1.0,1.0,0.0
80,0.2,10,B,acquiescent,1.0,1.0,1.0,0.0
80,0.2,10,B,fatigue,0.1,0.0,0.0,0.0
80,0.2,10,B,fatigue,0.2,0.0,0.0,0.0
80,0.2,10,B,fatigue,0.3,0.0,0.0,0.0
80,0.2,10,B,fatigue,0.4,0.0,0.0,0.0
80,0.2,10,B,fatigue,0.5,0.5,1.0,-0.5
80,0.2,10,B,fatigue,0.6,0.0,0.0,0.0
80,0.2,10,B,fatigue,0.7,1.0,1.0,0.0
80,0.2,10,B,fatigue,0.8,0.0,0.0,0.0
80,0.2,10,B,fatigue,0.9,0.0,0.5,-0.5
80,0.2,10,B,fatigue,1.0,1.0,1.0,0.0
80,0.2,10,B,longstring,0.1,0.5,0.5,0.0
80,0.2,10,B,longstring,0.2,0.0,0.0,0.0
80,0.2,10,B,longstring,0.3,0.0,0.0,0.0
80,0.2,10,B,longstring,0.4,0.5,0.5,0.0
80,0.2,10,B,longstring,0.5,0.5,1.0,-0.5
80,0.2,10,B,longstring,0.6,1.0,0.0,1.0
80,0.2,10,B,longstring,0.7,1.0,1.0,0.0
80,0.2,10,B,longstring,0.8,1.0,1.0,0.0
80,0.2,10,B,longstring,0.9,1.0,0.5,0.5
80,0.2,10,B,longstring,1.0,0.5,0.5,0.0
80,0.2,10,B,mixed,0.1,0.0,0.0,0.0
80,0.2,10,B,mixed,0.2,1.0,0.0,1.0
80,0.2,10,B,mixed,0.3,0.0,0.0,0.0
80,0.2,10,B,mixed,0.4,0.0,0.0,0.0
80,0.2,10,B,mixed,0.5,0.0,0.0,0.0
80,0.2,10,B,mixed,0.6,0.0,0.0,0.0
80,0.2,10,B,mixed,0.7,1.0,1.0,0.0
80,0.2,10,B,mixed,0.8,0.5,0.5,0.0
80,0.2,10,B,mixed,0.9,0.0,0.0,0.0
80,0.2,10,B,mixed,1.0,0.0,0.0,0.0
80,0.2,10,B,pure_straight,0.1,0.0,0.5,-0.5
80,0.2,10,B,pure_straight,0.2,0.0,0.0,0.0
80,0.2,10,B,pure_straight,0.3,0.5,0.5,0.0
80,0.2,10,B,pure_straight,0.4,1.0,1.0,0.0
80,0.2,10,B,pure_straight,0.5,0.0,0.0,0.0
80,0.2,10,B,pure_straight,0.6,1.0,1.0,0.0
80,0.2,10,B,pure_straight,0.7,1.0,1.0,0.0
80,0.2,10,B,pure_straight,0.8,1.0,1.0,0.0
80,0.2,10,B,pure_straight,0.9,1.0,1.0,0.0
80,0.2,10,B,pure_straight,1.0,1.0,1.0,0.0
80,0.2,10,B,random,0.1,0.0,0.0,0.0
80,0.2,10,B,random,0.2,0.0,0.0,0.0
80,0.2,10,B,random,0.3,0.5,0.0,0.5
80,0.2,10,B,random,0.4,0.0,0.0,0.0
80,0.2,10,B,random,0.5,0.0,0.0,0.0
80,0.2,10,B,random,0.6,0.0,1.0,-1.0
80,0.2,10,B,random,0.7,0.5,0.5,0.0
80,0.2,10,B,random,0.8,0.5,0.5,0.0
80,0.2,10,B,random,0.9,0.0,0.0,0.0
80,0.2,10,B,random,1.0,0.0,0.0,0.0
80,0.2,11,B,acquiescent,0.1,0.0,0.0,0.0
80,0.2,11,B,acquiescent,0.2,0.5,1.0,-0.5
80,0.2,11,B,acquiescent,0.3,1.0,1.0,0.0
80,0.2,11,B,acquiescent,0.4,0.0,0.5,-0.5
80,0.2,11,B,acquiescent,0.5,0.0,1.0,-1.0
80,0.2,11,B,acquiescent,0.6,0.0,0.5,-0.5
80,0.2,11,B,acquiescent,0.7,1.0,1.0,0.0
80,0.2,11,B,acquiescent,0.8,1.0,1.0,0.0
80,0.2,11,B,acquiescent,0.9,1.0,1.0,0.0
80,0.2,11,B,acquiescent,1.0,1.0,1.0,0.0
80,0.2,11,B,fatigue,0.1,0.0,0.0,0.0
80,0.2,11,B,fatigue,0.2,0.0,0.0,0.0
80,0.2,11,B,fatigue,0.3,0.5,0.5,0.0
80,0.2,11,B,fatigue,0.4,0.0,0.0,0.0
80,0.2,11,B,fatigue,0.5,1.0,0.0,1.0
80,0.2,11,B,fatigue,0.6,1.0,1.0,0.0
80,0.2,11,B,fatigue,0.7,1.0,1.0,0.0
80,0.2,11,B,fatigue,0.8,0.0,0.0,0.0
80,0.2,11,B,fatigue,0.9,0.0,0.0,0.0
80,0.2,11,B,fatigue,1.0,1.0,1.0,0.0
80,0.2,11,B,longstring,0.1,0.5,0.0,0.5
80,0.2,11,B,longstring,0.2,0.0,0.0,0.0
80,0.2,11,B,longstring,0.3,0.5,0.0,0.5
80,0.2,11,B,longstring,0.4,0.0,0.0,0.0
80,0.2,11,B,longstring,0.5,0.0,0.0,0.0
80,0.2,11,B,longstring,0.6,1.0,1.0,0.0
80,0.2,11,B,longstring,0.7,1.0,0.5,0.5
80,0.2,11,B,longstring,0.8,1.0,1.0,0.0
80,0.2,11,B,longstring,0.9,1.0,1.0,0.0
80,0.2,11,B,longstring,1.0,1.0,1.0,0.0
80,0.2,11,B,mixed,0.1,0.0,0.0,0.0
80,0.2,11,B,mixed,0.2,0.0,0.0,0.0
80,0.2,11,B,mixed,0.3,0.0,0.0,0.0
80,0.2,11,B,mixed,0.4,0.0,0.0,0.0
80,0.2,11,B,mixed,0.5,0.0,0.0,0.0
80,0.2,11,B,mixed,0.6,0.5,0.0,0.5
80,0.2,11,B,mixed,0.7,0.0,1.0,-1.0
80,0.2,11,B,mixed,0.8,1.0,1.0,0.0
80,0.2,11,B,mixed,0.9,0.5,0.0,0.5
80,0.2,11,B,mixed,1.0,0.5,0.0,0.5
80,0.2,11,B,pure_straight,0.1,0.0,0.0,0.0
80,0.2,11,B,pure_straight,0.2,0.0,0.0,0.0
80,0.2,11,B,pure_straight,0.3,0.5,0.5,0.0
80,0.2,11,B,pure_straight,0.4,0.5,1.0,-0.5
80,0.2,11,B,pure_straight,0.5,1.0,1.0,0.0
80,0.2,11,B,pure_straight,0.6,0.5,0.5,0.0
80,0.2,11,B,pure_straight,0.7,1.0,1.0,0.0
80,0.2,11,B,pure_straight,0.8,1.0,1.0,0.0
80,0.2,11,B,pure_straight,0.9,1.0,1.0,0.0
80,0.2,11,B,pure_straight,1.0,1.0,1.0,0.0
80,0.2,11,B,random,0.1,0.0,0.0,0.0
80,0.2,11,B,random,0.2,0.0,0.0,0.0
80,0.2,11,B,random,0.3,0.0,0.0,0.0
80,0.2,11,B,random,0.4,0.5,0.5,0.0
80,0.2,11,B,random,0.5,0.0,0.0,0.0
80,0.2,11,B,random,0.6,0.0,0.0,0.0
80,0.2,11,B,random,0.7,0.0,0.0,0.0
80,0.2,11,B,random,0.8,0.0,0.0,0.0
80,0.2,11,B,random,0.9,0.0,0.0,0.0
80,0.2,11,B,random,1.0,0.0,0.0,0.0
80,0.2,12,B,acquiescent,0.1,0.0,0.0,0.0
80,0.2,12,B,acquiescent,0.2,0.0,0.5,-0.5
80,0.2,12,B,acquiescent,0.3,0.0,0.0,0.0
80,0.2,12,B,acquiescent,0.4,0.0,0.0,0.0
80,0.2,12,B,acquiescent,0.5,0.5,0.5,0.0
80,0.2,12,B,acquiescent,0.6,1.0,0.5,0.5
80,0.2,12,B,acquiescent,0.7,0.5,0.5,0.0
80,0.2,12,B,acquiescent,0.8,1.0,1.0,0.0
80,0.2,12,B,acquiescent,0.9,1.0,1.0,0.0
80,0.2,12,B,acquiescent,1.0,1.0,1.0,0.0
80,0.2,12,B,fatigue,0.1,0.0,0.0,0.0
80,0.2,12,B,fatigue,0.2,0.0,0.0,0.0
80,0.2,12,B,fatigue,0.3,0.0,0.0,0.0
80,0.2,12,B,fatigue,0.4,0.5,0.5,0.0
80,0.2,12,B,fatigue,0.5,0.0,0.0,0.0
80,0.2,12,B,fatigue,0.6,0.0,0.0,0.0
80,0.2,12,B,fatigue,0.7,0.5,0.5,0.0
80,0.2,12,B,fatigue,0.8,1.0,0.0,1.0
80,0.2,12,B,fatigue,0.9,0.0,0.0,0.0
80,0.2,12,B,fatigue,1.0,1.0,1.0,0.0
80,0.2,12,B,longstring,0.1,0.0,0.0,0.0
80,0.2,12,B,longstring,0.2,0.0,0.0,0.0
80,0.2,12,B,longstring,0.3,0.0,0.0,0.0
80,0.2,12,B,longstring,0.4,0.0,0.0,0.0
80,0.2,12,B,longstring,0.5,0.5,0.5,0.0
80,0.2,12,B,longstring,0.6,0.0,0.0,0.0
80,0.2,12,B,longstring,0.7,0.5,0.5,0.0
80,0.2,12,B,longstring,0.8,1.0,1.0,0.0
80,0.2,12,B,longstring,0.9,1.0,1.0,0.0
80,0.2,12,B,longstring,1.0,1.0,1.0,0.0
80,0.2,12,B,mixed,0.1,0.0,0.0,0.0
80,0.2,12,B,mixed,0.2,0.0,0.0,0.0
80,0.2,12,B,mixed,0.3,0.0,0.0,0.0
80,0.2,12,B,mixed,0.4,0.0,0.0,0.0
80,0.2,12,B,mixed,0.5,0.0,0.0,0.0
80,0.2,12,B,mixed,0.6,0.5,0.5,0.0
80,0.2,12,B,mixed,0.7,0.0,0.0,0.0
80,0.2,12,B,mixed,0.8,1.0,1.0,0.0
80,0.2,12,B,mixed,0.9,0.5,1.0,-0.5
80,0.2,12,B,mixed,1.0,1.0,1.0,0.0
80,0.2,12,B,pure_straight,0.1,0.0,0.5,-0.5
80,0.2,12,B,pure_straight,0.2,0.0,0.0,0.0
80,0.2,12,B,pure_straight,0.3,0.0,0.0,0.0
80,0.2,12,B,pure_straight,0.4,1.0,1.0,0.0
80,0.2,12,B,pure_straight,0.5,1.0,1.0,0.0
80,0.2,12,B,pure_straight,0.6,1.0,1.0,0.0
80,0.2,12,B,pure_straight,0.7,1.0,1.0,0.0
80,0.2,12,B,pure_straight,0.8,1.0,1.0,0.0
80,0.2,12,B,pure_straight,0.9,1.0,1.0,0.0
80,0.2,12,B,pure_straight,1.0,1.0,1.0,0.0
80,0.2,12,B,random,0.1,0.0,0.0,0.0
80,0.2,12,B,random,0.2,0.0,0.0,0.0
80,0.2,12,B,random,0.3,0.0,1.0,-1.0
80,0.2,12,B,random,0.4,0.0,0.0,0.0
80,0.2,12,B,random,0.5,0.0,0.0,0.0
80,0.2,12,B,random,0.6,0.0,0.0,0.0
80,0.2,12,B,random,0.7,0.5,0.5,0.0
80,0.2,12,B,random,0.8,0.5,0.5,0.0
80,0.2,12,B,random,0.9,0.0,0.0,0.0
80,0.2,12,B,random,1.0,1.0,1.0,0.0
80,0.4,1,B,acquiescent,0.1,0.3333333333333333,0.3333333333333333,0.0
80,0.4,1,B,acquiescent,0.2,0.25,0.25,0.0
80,0.4,1,B,acquiescent,0.3,0.3333333333333333,0.0,0.3333333333333333
80,0.4,1,B,acquiescent,0.4,0.3333333333333333,0.3333333333333333,0.0
80,0.4,1,B,acquiescent,0.5,0.6666666666666666,0.6666666666666666,0.0
80,0.4,1,B,acquiescent,0.6,0.6666666666666666,0.6666666666666666,0.0
80,0.4,1,B,acquiescent,0.7,1.0,1.0,0.0
80,0.4,1,B,acquiescent,0.8,1.0,1.0,0.0
80,0.4,1,B,acquiescent,0.9,1.0,1.0,0.0
80,0.4,1,B,acquiescent,1.0,1.0,1.0,0.0
80,0.4,1,B,fatigue,0.1,0.0,0.0,0.0
80,0.4,1,B,fatigue,0.2,0.0,0.0,0.0
80,0.4,1,B,fatigue,0.3,0.0,0.3333333333333333,-0.3333333333333333
80,0.4,1,B,fatigue,0.4,0.25,0.25,0.0
80,0.4,1,B,fatigue,0.5,0.6666666666666666,1.0,-0.33333333333333337
80,0.4,1,B,fatigue,0.6,0.75,0.75,0.0
80,0.4,1,B,fatigue,0.7,0.6666666666666666,0.6666666666666666,0.0
80,0.4,1,B,fatigue,0.8,0.5,0.75,-0.25
80,0.4,1,B,fatigue,0.9,0.3333333333333333,0.3333333333333333,0.0
80,0.4,1,B,fatigue,1.0,0.6666666666666666,0.6666666666666666,0.0
80,0.4,1,B,longstring,0.1,0.0,0.0,0.0
80,0.4,1,B,longstring,0.2,0.0,0.6666666666666666,-0.6666666666666666
80,0.4,1,B,longstring,0.3,0.25,0.25,0.0
80,0.4,1,B,longstring,0.4,0.25,0.5,-0.25
80,0.4,1,B,longstring,0.5,0.0,0.0,0.0
80,0.4,1,B,longstring,0.6,1.0,0.75,0.25
80,0.4,1,B,longstring,0.7,0.3333333333333333,0.3333333333333333,0.0
80,0.4,1,B,longstring,0.8,1.0,1.0,0.0
80,0.4,1,B,longstring,0.9,1.0,1.0,0.0
80,0.4,1,B,longstring,1.0,1.0,1.0,0.0
80,0.4,1,B,mixed,0.1,0.0,0.0,0.0
80,0.4,1,B,mixed,0.2,0.3333333333333333,0.3333333333333333,0.0
80,0.4,1,B,mixed,0.3,0.3333333333333333,0.0,0.3333333333333333
80,0.4,1,B,mixed,0.4,0.0,0.3333333333333333,-0.3333333333333333
80,0.4,1,B,mixed,0.5,0.3333333333333333,0.3333333333333333,0.0
80,0.4,1,B,mixed,0.6,0.25,0.25,0.0
80,0.4,1,B,mixed,0.7,0.0,0.0,0.0
80,0.4,1,B,mixed,0.8,0.3333333333333333,0.0,0.3333333333333333
80,0.4,1,B,mixed,0.9,0.0,0.0,0.0
80,0.4,1,B,mixed,1.0,0.6666666666666666,0.6666666666666666,0.0
80,0.4,1,B,pure_straight,0.1,0.0,0.0,0.0
80,0.4,1,B,pure_straight,0.2,0.75,0.5,0.25
80,0.4,1,B,pure_straight,0.3,1.0,1.0,0.0
80,0.4,1,B,pure_straight,0.4,0.6666666666666666,0.6666666666666666,0.0
80,0.4,1,B,pure_straight,0.5,0.75,0.75,0.0
80,0.4,1,B,pure_straight,0.6,1.0,1.0,0.0
80,0.4,1,B,pure_straight,0.7,1.0,1.0,0.0
80,0.4,1,B,pure_straight,0.8,1.0,1.0,0.0
80,0.4,1,B,pure_straight,0.9,1.0,1.0,0.0
80,0.4,1,B,pure_straight,1.0,1.0,1.0,0.0
80,0.4,1,B,random,0.1,0.3333333333333333,0.3333333333333333,0.0
80,0.4,1,B,random,0.2,0.0,0.0,0.0
80,0.4,1,B,random,0.3,0.3333333333333333,0.0,0.3333333333333333
80,0.4,1,B,random,0.4,0.0,0.0,0.0
80,0.4,1,B,random,0.5,0.3333333333333333,0.3333333333333333,0.0
80,0.4,1,B,random,0.6,0.0,0.0,0.0
80,0.4,1,B,random,0.7,0.25,0.25,0.0
80,0.4,1,B,random,0.8,0.5,0.0,0.5
80,0.4,1,B,random,0.9,0.5,0.5,0.0
80,0.4,1,B,random,1.0,0.6666666666666666,0.6666666666666666,0.0
80,0.4,2,B,acquiescent,0.1,0.0,0.0,0.0
80,0.4,2,B,acquiescent,0.2,0.3333333333333333,0.3333333333333333,0.0
80,0.4,2,B,acquiescent,0.3,0.6666666666666666,0.6666666666666666,0.0
80,0.4,2,B,acquiescent,0.4,1.0,0.6666666666666666,0.33333333333333337
80,0.4,2,B,acquiescent,0.5,0.6666666666666666,0.3333333333333333,0.3333333333333333
80,0.4,2,B,acquiescent,0.6,1.0,1.0,0.0
80,0.4,2,B,acquiescent,0.7,0.75,1.0,-0.25
80,0.4,2,B,acquiescent,0.8,1.0,1.0,0.0
80,0.4,2,B,acquiescent,0.9,1.0,1.0,0.0
80,0.4,2,B,acquiescent,1.0,1.0,1.0,0.0
80,0.4,2,B,fatigue,0.1,0.0,0.0,0.0
80,0.4,2,B,fatigue,0.2,0.0,0.0,0.0
80,0.4,2,B,fatigue,0.3,0.3333333333333333,0.3333333333333333,0.0
80,0.4,2,B,fatigue,0.4,0.25,0.0,0.25
80,0.4,2,B,fatigue,0.5,0.5,0.5,0.0
80,0.4,2,B,fatigue,0.6,0.3333333333333333,0.3333333333333333,0.0
80,0.4,2,B,fatigue,0.7,1.0,0.6666666666666666,0.33333333333333337
80,0.4,2,B,fatigue,0.8,0.6666666666666666,0.6666666666666666,0.0
80,0.4,2,B,fatigue,0.9,1.0,1.0,0.0
80,0.4,2,B,fatigue,1.0,0.6666666666666666,0.3333333333333333,0.3333333333333333
80,0.4,2,B,longstring,0.1,0.0,0.0,0.0
80,0.4,2,B,longstring,0.2,0.6666666666666666,0.6666666666666666,0.0
80,0.4,2,B,longstring,0.3,0.0,0.0,0.0
80,0.4,2,B,longstring,0.4,0.3333333333333333,0.3333333333333333,0.0
80,0.4,2,B,longstring,0.5,0.3333333333333333,0.3333333333333333,0.0
80,0.4,2,B,longstring,0.6,0.5,0.5,0.0
80,0.4,2,B,longstring,0.7,0.6666666666666666,0.3333333333333333,0.3333333333333333
80,0.4,2,B,longstring,0.8,0.75,1.0,-0.25
80,0.4,2,B,longstring,0.9,0.5,0.5,0.0
80,0.4,2,B,longstring,1.0,0.3333333333333333,0.3333333333333333,0.0
80,0.4,2,B,mixed,0.1,0.3333333333333333,0.0,0.3333333333333333
80,0.4,2,B,mixed,0.2,0.25,0.5,-0.25
80,0.4,2,B,mixed,0.3,0.0,0.0,0.0
80,0.4,2,B,mixed,0.4,0.3333333333333333,0.3333333333333333,0.0
80,0.4,2,B,mixed,0.5,0.75,1.0,-0.25
80,0.4,2,B,mixed,0.6,0.6666666666666666,0.6666666666666666,0.0
80,0.4,2,B,mixed,0.7,1.0,1.0,0.0
80,0.4,2,B,mixed,0.8,0.0,0.5,-0.5
80,0.4,2,B,mixed,0.9,0.6666666666666666,0.0,0.6666666666666666
80,0.4,2,B,mixed,1.0,1.0,1.0,0.0
80,0.4,2,B,pure_straight,0.1,0.0,0.0,0.0
80,0.4,2,B,pure_straight,0.2,0.25,0.25,0.0
80,0.4,2,B,pure_straight,0.3,1.0,1.0,0.0
80,0.4,2,B,pure_straight,0.4,1.0,0.75,0.25
80,0.4,2,B,pure_straight,0.5,0.6666666666666666,0.6666666666666666,0.0
80,0.4,2,B,pure_straight,0.6,1.0,1.0,0.0
80,0.4,2,B,pure_straight,0.7,0.6666666666666666,0.6666666666666666,0.0
80,0.4,2,B,pure_straight,0.8,1.0,1.0,0.0
80,0.4,2,B,pure_straight,0.9,1.0,1.0,0.0
80,0.4,2,B,pure_straight,1.0,1.0,1.0,0.0
80,0.4,2,B,random,0.1,0.0,0.0,0.0
80,0.4,2,B,random,0.2,0.3333333333333333,0.3333333333333333,0.0
80,0.4,2,B,random,0.3,0.3333333333333333,0.3333333333333333,0.0
80,0.4,2,B,random,0.4,0.25,0.25,0.0
80,0.4,2,B,random,0.5,0.3333333333333333,0.3333333333333333,0.0
80,0.4,2,B,random,0.6,0.25,0.0,0.25
80,0.4,2,B,random,0.7,1.0,0.5,0.5
80,0.4,2,B,random,0.8,0.75,0.75,0.0
80,0.4,2,B,random,0.9,0.3333333333333333,0.3333333333333333,0.0
80,0.4,2,B,random,1.0,0.6666666666666666,0.6666666666666666,0.0
80,0.4,3,B,acquiescent,0.1,0.3333333333333333,0.3333333333333333,0.0
80,0.4,3,B,acquiescent,0.2,0.3333333333333333,0.3333333333333333,0.0
80,0.4,3,B,acquiescent,0.3,0.3333333333333333,0.3333333333333333,0.0
80,0.4,3,B,acquiescent,0.4,0.3333333333333333,0.3333333333333333,0.0
80,0.4,3,B,acquiescent,0.5,0.75,1.0,-0.25
80,0.4,3,B,acquiescent,0.6,0.6666666666666666,0.6666666666666666,0.0
80,0.4,3,B,acquiescent,0.7,1.0,0.75,0.25
80,0.4,3,B,acquiescent,0.8,1.0,1.0,0.0
80,0.4,3,B,acquiescent,0.9,1.0,1.0,0.0
80,0.4,3,B,acquiescent,1.0,1.0,1.0,0.0
80,0.4,3,B,fatigue,0.1,0.0,0.0,0.0
80,0.4,3,B,fatigue,0.2,0.0,0.0,0.0
80,0.4,3,B,fatigue,0.3,0.0,0.0,0.0
80,0.4,3,B,fatigue,0.4,0.0,0.0,0.0
80,0.4,3,B,fatigue,0.5,0.3333333333333333,0.3333333333333333,0.0
80,0.4,3,B,fatigue,0.6,0.6666666666666666,0.6666666666666666,0.0
80,0.4,3,B,fatigue,0.7,1.0,1.0,0.0
80,0.4,3,B,fatigue,0.8,1.0,1.0,0.0
80,0.4,3,B,fatigue,0.9,0.6666666666666666,0.6666666666666666,0.0
80,0.4,3,B,fatigue,1.0,0.6666666666666666,0.6666666666666666,0.0
80,0.4,3,B,longstring,0.1,0.0,0.0,0.0
80,0.4,3,B,longstring,0.2,0.3333333333333333,0.3333333333333333,0.0
80,0.4,3,B,longstring,0.3,0.6666666666666666,0.6666666666666666,0.0
80,0.4,3,B,longstring,0.4,0.0,0.0,0.0
80,0.4,3,B,longstring,0.5,1.0,0.6666666666666666,0.33333333333333337
80,0.4,3,B,longstring,0.6,1.0,1.0,0.0
80,0.4,3,B,longstring,0.7,0.75,0.75,0.0
80,0.4,3,B,longstring,0.8,1.0,0.75,0.25
80,0.4,3,B,longstring,0.9,1.0,0.6666666666666666,0.33333333333333337
80,0.4,3,B,longstring,1.0,1.0,1.0,0.0
80,0.4,3,B,mixed,0.1,0.0,0.3333333333333333,-0.3333333333333333
80,0.4,3,B,mixed,0.2,0.0,0.0,0.0
80,0.4,3,B,mixed,0.3,0.3333333333333333,0.3333333333333333,0.0
80,0.4,3,B,mixed,0.4,0.0,0.0,0.0
80,0.4,3,B,mixed,0.5,0.25,0.25,0.0
80,0.4,3,B,mixed,0.6,0.6666666666666666,1.0,-0.33333333333333337
80,0.4,3,B,mixed,0.7,0.5,0.75,-0.25
80,0.4,3,B,mixed,0.8,0.3333333333333333,0.3333333333333333,0.0
80,0.4,3,B,mixed,0.9,0.3333333333333333,0.3333333333333333,0.0
80,0.4,3,B,mixed,1.0,0.3333333333333333,0.3333333333333333,0.0
80,0.4,3,B,pure_straight,0.1,0.0,0.0,0.0
80,0.4,3,B,pure_straight,0.2,0.25,0.25,0.0
80,0.4,3,B,pure_straight,0.3,0.3333333333333333,0.3333333333333333,0.0
80,0.4,3,B,pure_straight,0.4,0.6666666666666666,0.6666666666666666,0.0
80,0.4,3,B,pure_straight,0.5,0.6666666666666666,0.6666666666666666,0.0
80,0.4,3,B,pure_straight,0.6,1.0,1.0,0.0
80,0.4,3,B,pure_straight,0.7,1.0,1.0,0.0
80,0.4,3,B,pure_straight,0.8,1.0,1.0,0.0
80,0.4,3,B,pure_straight,0.9,1.0,1.0,0.0
80,0.4,3,B,pure_straight,1.0,1.0,1.0,0.0
80,0.4,3,B,random,0.1,0.3333333333333333,0.3333333333333333,0.0
80,0.4,3,B,random,0.2,0.3333333333333333,0.6666666666666666,-0.3333333333333333
80,0.4,3,B,random,0.3,0.0,0.0,0.0
80,0.4,3,B,random,0.4,0.6666666666666666,0.3333333333333333,0.3333333333333333
80,0.4,3,B,random,0.5,0.75,0.75,0.0
80,0.4,3,B,random,0.6,0.5,0.5,0.0
80,0.4,3,B,random,0.7,0.5,0.0,0.5
80,0.4,3,B,random,0.8,0.5,0.25,0.25
80,0.4,3,B,random,0.9,1.0,1.0,0.0
80,0.4,3,B,random,1.0,0.3333333333333333,0.6666666666666666,-0.3333333333333333
80,0.4,4,B,acquiescent,0.1,0.5,0.5,0.0
80,0.4,4,B,acquiescent,0.2,0.0,0.0,0.0
80,0.4,4,B,acquiescent,0.3,0.5,0.25,0.25
80,0.4,4,B,acquiescent,0.4,0.0,0.0,0.0
80,0.4,4,B,acquiescent,0.5,0.3333333333333333,0.3333333333333333,0.0
80,0.4,4,B,acquiescent,0.6,1.0,1.0,0.0
80,0.4,4,B,acquiescent,0.7,0.6666666666666666,0.6666666666666666,0.0
80,0.4,4,B,acquiescent,0.8,1.0,1.0,0.0
80,0.4,4,B,acquiescent,0.9,1.0,1.0,0.0
80,0.4,4,B,acquiescent,1.0,1.0,1.0,0.0
80,0.4,4,B,fatigue,0.1,0.0,0.0,0.0
80,0.4,4,B,fatigue,0.2,0.0,0.3333333333333333,-0.3333333333333333
80,0.4,4,B,fatigue,0.3,0.0,0.0,0.0
80,0.4,4,B,fatigue,0.4,0.5,0.5,0.0
80,0.4,4,B,fatigue,0.5,0.3333333333333333,0.0,0.3333333333333333
80,0.4,4,B,fatigue,0.6,0.75,0.75,0.0
80,0.4,4,B,fatigue,0.7,0.6666666666666666,0.3333333333333333,0.3333333333333333
80,0.4,4,B,fatigue,0.8,0.3333333333333333,0.6666666666666666,-0.3333333333333333
80,0.4,4,B,fatigue,0.9,1.0,0.6666666666666666,0.33333333333333337
80,0.4,4,B,fatigue,1.0,0.6666666666666666,0.6666666666666666,0.0
80,0.4,4,B,longstring,0.1,0.3333333333333333,0.3333333333333333,0.0
80,0.4,4,B,longstring,0.2,0.0,0.0,0.0
80,0.4,4,B,longstring,0.3,0.5,0.25,0.25
80,0.4,4,B,longstring,0.4,0.3333333333333333,0.0,0.3333333333333333
80,0.4,4,B,longstring,0.5,0.3333333333333333,0.3333333333333333,0.0
80,0.4,4,B,longstring,0.6,0.5,1.0,-0.5
80,0.4,4,B,longstring,0.7,0.6666666666666666,0.6666666666666666,0.0
80,0.4,4,B,longstring,0.8,1.0,0.75,0.25
80,0.4,4,B,longstring,0.9,1.0,0.6666666666666666,0.33333333333333337
80,0.4,4,B,longstring,1.0,1.0,1.0,0.0
80,0.4,4,B,mixed,0.1,0.0,0.0,0.0
80,0.4,4,B,mixed,0.2,0.0,0.0,0.0
80,0.4,4,B,mixed,0.3,0.0,0.3333333333333333,-0.3333333333333333
80,0.4,4,B,mixed,0.4,0.3333333333333333,0.6666666666666666,-0.3333333333333333
80,0.4,4,B,mixed,0.5,0.6666666666666666,0.6666666666666666,0.0
80,0.4,4,B,mixed,0.6,0.5,0.25,0.25
80,0.4,4,B,mixed,0.7,0.0,0.0,0.0
80,0.4,4,B,mixed,0.8,0.6666666666666666,0.6666666666666666,0.0
80,0.4,4,B,mixed,0.9,0.5,0.75,-0.25
80,0.4,4,B,mixed,1.0,0.6666666666666666,0.3333333333333333,0.3333333333333333
80,0.4,4,B,pure_straight,0.1,0.0,0.0,0.0
80,0.4,4,B,pure_straight,0.2,0.3333333333333333,0.3333333333333333,0.0
80,0.4,4,B,pure_straight,0.3,0.3333333333333333,0.0,0.3333333333333333
80,0.4,4,B,pure_straight,0.4,0.75,0.5,0.25
80,0.4,4,B,pure_straight,0.5,0.6666666666666666,0.6666666666666666,0.0
80,0.4,4,B,pure_straight,0.6,0.75,1.0,-0.25
80,0.4,4,B,pure_straight,0.7,1.0,1.0,0.0
80,0.4,4,B,pure_straight,0.8,1.0,1.0,0.0
80,0.4,4,B,pure_straight,0.9,1.0,1.0,0.0
80,0.4,4,B,pure_straight,1.0,1.0,1.0,0.0
80,0.4,4,B,random,0.1,0.0,0.0,0.0
80,0.4,4,B,random,0.2,0.3333333333333333,0.3333333333333333,0.0
80,0.4,4,B,random,0.3,0.3333333333333333,0.0,0.3333333333333333
80,0.4,4,B,random,0.4,0.75,0.5,0.25
80,0.4,4,B,random,0.5,0.0,0.3333333333333333,-0.3333333333333333
80,0.4,4,B,random,0.6,0.3333333333333333,0.3333333333333333,0.0
80,0.4,4,B,random,0.7,0.6666666666666666,0.3333333333333333,0.3333333333333333
80,0.4,4,B,random,0.8,0.5,0.5,0.0
80,0.4,4,B,random,0.9,0.5,0.5,0.0
80,0.4,4,B,random,1.0,0.5,0.5,0.0
80,0.4,5,B,acquiescent,0.1,0.0,0.0,0.0
80,0.4,5,B,acquiescent,0.2,0.25,0.25,0.0
80,0.4,5,B,acquiescent,0.3,0.6666666666666666,0.6666666666666666,0.0
80,0.4,5,B,acquiescent,0.4,0.6666666666666666,0.3333333333333333,0.3333333333333333
80,0.4,5,B,acquiescent,0.5,1.0,1.0,0.0
80,0.4,5,B,acquiescent,0.6,0.6666666666666666,0.6666666666666666,0.0
80,0.4,5,B,acquiescent,0.7,1.0,1.0,0.0
80,0.4,5,B,acquiescent,0.8,1.0,1.0,0.0
80,0.4,5,B,acquiescent,0.9,1.0,1.0,0.0
80,0.4,5,B,acquiescent,1.0,1.0,1.0,0.0
80,0.4,5,B,fatigue,0.1,0.0,0.25,-0.25
80,0.4,5,B,fatigue,0.2,0.0,0.0,0.0
80,0.4,5,B,fatigue,0.3,0.3333333333333333,0.6666666666666666,-0.3333333333333333
80,0.4,5,B,fatigue,0.4,0.6666666666666666,0.6666666666666666,0.0
80,0.4,5,B,fatigue,0.5,0.0,0.3333333333333333,-0.3333333333333333
80,0.4,5,B,fatigue,0.6,0.25,0.25,0.0
80,0.4,5,B,fatigue,0.7,0.6666666666666666,0.6666666666666666,0.0
80,0.4,5,B,fatigue,0.8,0.6666666666666666,0.6666666666666666,0.0
80,0.4,5,B,fatigue,0.9,0.6666666666666666,0.6666666666666666,0.0
80,0.4,5,B,fatigue,1.0,0.5,0.5,0.0
80,0.4,5,B,longstring,0.1,0.0,0.0,0.0
80,0.4,5,B,longstring,0.2,0.25,0.25,0.0
80,0.4,5,B,longstring,0.3,0.0,0.0,0.0
80,0.4,5,B,longstring,0.4,0.0,0.0,0.0
80,0.4,5,B,longstring,0.5,0.6666666666666666,0.3333333333333333,0.3333333333333333
80,0.4,5,B,longstring,0.6,0.3333333333333333,0.3333333333333333,0.0
80,0.4,5,B,longstring,0.7,0.6666666666666666,0.6666666666666666,0.0
80,0.4,5,B,longstring,0.8,1.0,1.0,0.0
80,0.4,5,B,longstring,0.9,1.0,1.0,0.0
80,0.4,5,B,longstring,1.0,1.0,1.0,0.0
80,0.4,5,B,mixed,0.1,0.0,0.0,0.0
80,0.4,5,B,mixed,0.2,0.0,0.0,0.0
80,0.4,5,B,mixed,0.3,0.0,0.0,0.0
80,0.4,5,B,mixed,0.4,0.0,0.0,0.0
80,0.4,5,B,mixed,0.5,0.3333333333333333,0.3333333333333333,0.0
80,0.4,5,B,mixed,0.6,0.3333333333333333,0.3333333333333333,0.0
80,0.4,5,B,mixed,0.7,0.25,0.25,0.0
80,0.4,5,B,mixed,0.8,0.3333333333333333,0.0,0.3333333333333333
80,0.4,5,B,mixed,0.9,0.3333333333333333,0.3333333333333333,0.0
80,0.4,5,B,mixed,1.0,0.6666666666666666,0.6666666666666666,0.0
80,0.4,5,B,pure_straight,0.1,0.0,0.0,0.0
80,0.4,5,B,pure_straight,0.2,0.6666666666666666,0.6666666666666666,0.0
80,0.4,5,B,pure_straight,0.3,0.0,0.0,0.0
80,0.4,5,B,pure_straight,0.4,0.5,0.25,0.25
80,0.4,5,B,pure_straight,0.5,0.75,1.0,-0.25
80,0.4,5,B,pure_straight,0.6,1.0,1.0,0.0
80,0.4,5,B,pure_straight,0.7,1.0,1.0,0.0
80,0.4,5,B,pure_straight,0.8,1.0,1.0,0.0
80,0.4,5,B,pure_straight,0.9,1.0,1.0,0.0
80,0.4,5,B,pure_straight,1.0,1.0,1.0,0.0
80,0.4,5,B,random,0.1,0.0,0.0,0.0
80,0.4,5,B,random,0.2,0.0,0.0,0.0
80,0.4,5,B,random,0.3,0.5,0.25,0.25
80,0.4,5,B,random,0.4,0.3333333333333333,0.0,0.3333333333333333
80,0.4,5,B,random,0.5,0.3333333333333333,0.3333333333333333,0.0
80,0.4,5,B,random,0.6,0.0,0.0,0.0
80,0.4,5,B,random,0.7,0.75,0.5,0.25
80,0.4,5,B,random,0.8,0.5,0.25,0.25
80,0.4,5,B,random,0.9,1.0,1.0,0.0
80,0.4,5,B,random,1.0,0.75,0.75,0.0
80,0.4,6,B,acquiescent,0.1,0.3333333333333333,0.0,0.3333333333333333
80,0.4,6,B,acquiescent,0.2,0.25,0.5,-0.25
80,0.4,6,B,acquiescent,0.3,0.3333333333333333,0.3333333333333333,0.0
80,0.4,6,B,acquiescent,0.4,0.6666666666666666,0.6666666666666666,0.0
80,0.4,6,B,acquiescent,0.5,0.6666666666666666,0.6666666666666666,0.0
80,0.4,6,B,acquiescent,0.6,0.5,0.5,0.0
80,0.4,6,B,acquiescent,0.7,1.0,0.6666666666666666,0.33333333333333337
80,0.4,6,B,acquiescent,0.8,0.6666666666666666,1.0,-0.33333333333333337
80,0.4,6,B,acquiescent,0.9,1.0,1.0,0.0
80,0.4,6,B,acquiescent,1.0,1.0,1.0,0.0
80,0.4,6,B,fatigue,0.1,0.0,0.0,0.0
80,0.4,6,B,fatigue,0.2,0.0,0.3333333333333333,-0.3333333333333333
80,0.4,6,B,fatigue,0.3,0.25,0.25,0.0
80,0.4,6,B,fatigue,0.4,0.6666666666666666,0.3333333333333333,0.3333333333333333
80,0.4,6,B,fatigue,0.5,0.6666666666666666,0.3333333333333333,0.3333333333333333
80,0.4,6,B,fatigue,0.6,0.0,0.0,0.0
80,0.4,6,B,fatigue,0.7,0.6666666666666666,0.6666666666666666,0.0
80,0.4,6,B,fatigue,0.8,0.75,0.5,0.25
80,0.4,6,B,fatigue,0.9,0.6666666666666666,0.6666666666666666,0.0
80,0.4,6,B,fatigue,1.0,1.0,1.0,0.0
80,0.4,6,B,longstring,0.1,0.0,0.0,0.0
80,0.4,6,B,longstring,0.2,0.0,0.0,0.0
80,0.4,6,B,longstring,0.3,0.3333333333333333,0.3333333333333333,0.0
80,0.4,6,B,longstring,0.4,0.3333333333333333,0.3333333333333333,0.0
80,0.4,6,B,longstring,0.5,0.5,0.5,0.0
80,0.4,6,B,longstring,0.6,0.6666666666666666,0.6666666666666666,0.0
80,0.4,6,B,longstring,0.7,1.0,1.0,0.0
80,0.4,6,B,longstring,0.8,1.0,1.0,0.0
80,0.4,6,B,longstring,0.9,1.0,1.0,0.0
80,0.4,6,B,longstring,1.0,0.25,0.25,0.0
80,0.4,6,B,mixed,0.1,0.3333333333333333,0.0,0.3333333333333333
80,0.4,6,B,mixed,0.2,0.3333333333333333,0.3333333333333333,0.0
80,0.4,6,B,mixed,0.3,0.0,0.0,0.0
80,0.4,6,B,mixed,0.4,0.3333333333333333,0.0,0.3333333333333333
80,0.4,6,B,mixed,0.5,0.5,0.5,0.0
80,0.4,6,B,mixed,0.6,0.3333333333333333,0.3333333333333333,0.0
80,0.4,6,B,mixed,0.7,0.0,0.0,0.0
80,0.4,6,B,mixed,0.8,0.6666666666666666,0.3333333333333333,0.3333333333333333
80,0.4,6,B,mixed,0.9,0.5,0.75,-0.25
80,0.4,6,B,mixed,1.0,0.3333333333333333,0.3333333333333333,0.0
80,0.4,6,B,pure_straight,0.1,0.0,0.3333333333333333,-0.3333333333333333
80,0.4,6,B,pure_straight,0.2,0.0,0.0,0.0
80,0.4,6,B,pure_straight,0.3,0.6666666666666666,0.3333333333333333,0.3333333333333333
80,0.4,6,B,pure_straight,0.4,0.5,0.75,-0.25
80,0.4,6,B,pure_straight,0.5,1.0,1.0,0.0
80,0.4,6,B,pure_straight,0.6,0.6666666666666666,0.6666666666666666,0.0
80,0.4,6,B,pure_straight,0.7,1.0,1.0,0.0
80,0.4,6,B,pure_straight,0.8,1.0,1.0,0.0
80,0.4,6,B,pure_straight,0.9,1.0,1.0,0.0
80,0.4,6,B,pure_straight,1.0,1.0,1.0,0.0
80,0.4,6,B,random,0.1,0.0,0.0,0.0
80,0.4,6,B,random,0.2,0.0,0.0,0.0
80,0.4,6,B,random,0.3,0.3333333333333333,0.3333333333333333,0.0
80,0.4,6,B,random,0.4,0.3333333333333333,0.3333333333333333,0.0
80,0.4,6,B,random,0.5,0.6666666666666666,0.6666666666666666,0.0
80,0.4,6,B,random,0.6,0.5,0.75,-0.25
80,0.4,6,B,random,0.7,0.6666666666666666,0.3333333333333333,0.3333333333333333
80,0.4,6,B,random,0.8,1.0,0.3333333333333333,0.6666666666666667
80,0.4,6,B,random,0.9,0.5,0.5,0.0
80,0.4,6,B,random,1.0,0.0,0.0,0.0
80,0.4,7,B,acquiescent,0.1,0.25,0.5,-0.25
80,0.4,7,B,acquiescent,0.2,0.0,0.0,0.0
80,0.4,7,B,acquiescent,0.3,0.3333333333333333,0.6666666666666666,-0.3333333333333333
80,0.4,7,B,acquiescent,0.4,0.6666666666666666,0.3333333333333333,0.3333333333333333
80,0.4,7,B,acquiescent,0.5,0.25,0.5,-0.25
80,0.4,7,B,acquiescent,0.6,1.0,1.0,0.0
80,0.4,7,B,acquiescent,0.7,1.0,1.0,0.0
80,0.4,7,B,acquiescent,0.8,1.0,1.0,0.0
80,0.4,7,B,acquiescent,0.9,1.0,1.0,0.0
80,0.4,7,B,acquiescent,1.0,1.0,1.0,0.0
80,0.4,7,B,fatigue,0.1,0.0,0.0,0.0
80,0.4,7,B,fatigue,0.2,0.25,0.25,0.0
80,0.4,7,B,fatigue,0.3,0.0,0.0,0.0
80,0.4,7,B,fatigue,0.4,0.0,0.3333333333333333,-0.3333333333333333
80,0.4,7,B,fatigue,0.5,0.3333333333333333,0.3333333333333333,0.0
80,0.4,7,B,fatigue,0.6,0.3333333333333333,0.0,0.3333333333333333
80,0.4,7,B,fatigue,0.7,1.0,0.6666666666666666,0.33333333333333337
80,0.4,7,B,fatigue,0.8,0.75,0.75,0.0
80,0.4,7,B,fatigue,0.9,0.6666666666666666,0.6666666666666666,0.0
80,0.4,7,B,fatigue,1.0,0.3333333333333333,0.0,0.3333333333333333
80,0.4,7,B,longstring,0.1,0.0,0.0,0.0
80,0.4,7,B,longstring,0.2,0.0,0.0,0.0
80,0.4,7,B,longstring,0.3,0.6666666666666666,0.6666666666666666,0.0
80,0.4,7,B,longstring,0.4,0.3333333333333333,0.3333333333333333,0.0
80,0.4,7,B,longstring,0.5,0.5,0.5,0.0
80,0.4,7,B,longstring,0.6,0.6666666666666666,0.6666666666666666,0.0
80,0.4,7,B,longstring,0.7,0.3333333333333333,0.3333333333333333,0.0
80,0.4,7,B,longstring,0.8,1.0,0.6666666666666666,0.33333333333333337
80,0.4,7,B,longstring,0.9,0.6666666666666666,0.6666666666666666,0.0
80,0.4,7,B,longstring,1.0,0.75,0.5,0.25
80,0.4,7,B,mixed,0.1,0.3333333333333333,0.3333333333333333,0.0
80,0.4,7,B,mixed,0.2,0.3333333333333333,0.3333333333333333,0.0
80,0.4,7,B,mixed,0.3,0.0,0.3333333333333333,-0.3333333333333333
80,0.4,7,B,mixed,0.4,0.6666666666666666,0.3333333333333333,0.3333333333333333
80,0.4,7,B,mixed,0.5,0.0,0.0,0.0
80,0.4,7,B,mixed,0.6,0.25,0.0,0.25
80,0.4,7,B,mixed,0.7,0.25,0.25,0.0
80,0.4,7,B,mixed,0.8,0.3333333333333333,0.3333333333333333,0.0
80,0.4,7,B,mixed,0.9,0.5,0.5,0.0
80,0.4,7,B,mixed,1.0,1.0,0.6666666666666666,0.33333333333333337
80,0.4,7,B,pure_straight,0.1,0.5,0.5,0.0
80,0.4,7,B,pure_straight,0.2,0.3333333333333333,0.6666666666666666,-0.3333333333333333
80,0.4,7,B,pure_straight,0.3,1.0,0.3333333333333333,0.6666666666666667
80,0.4,7,B,pure_straight,0.4,1.0,1.0,0.0
80,0.4,7,B,pure_straight,0.5,1.0,0.6666666666666666,0.33333333333333337
80,0.4,7,B,pure_straight,0.6,1.0,1.0,0.0
80,0.4,7,B,pure_straight,0.7,1.0,1.0,0.0
80,0.4,7,B,pure_straight,0.8,1.0,1.0,0.0
80,0.4,7,B,pure_straight,0.9,1.0,1.0,0.0
80,0.4,7,B,pure_straight,1.0,1.0,1.0,0.0
80,0.4,7,B,random,0.1,0.0,0.0,0.0
80,0.4,7,B,random,0.2,0.0,0.0,0.0
80,0.4,7,B,random,0.3,0.0,0.0,0.0
80,0.4,7,B,random,0.4,0.0,0.0,0.0
80,0.4,7,B,random,0.5,0.0,0.25,-0.25
80,0.4,7,B,random,0.6,0.0,0.0,0.0
80,0.4,7,B,random,0.7,0.6666666666666666,0.3333333333333333,0.3333333333333333
80,0.4,7,B,random,0.8,0.3333333333333333,0.3333333333333333,0.0
80,0.4,7,B,random,0.9,0.3333333333333333,0.0,0.3333333333333333
80,0.4,7,B,random,1.0,0.5,0.25,0.25
80,0.4,8,B,acquiescent,0.1,0.6666666666666666,0.6666666666666666,0.0
80,0.4,8,B,acquiescent,0.2,0.0,0.0,0.0
80,0.4,8,B,acquiescent,0.3,0.3333333333333333,0.3333333333333333,0.0
80,0.4,8,B,acquiescent,0.4,0.5,0.25,0.25
80,0.4,8,B,acquiescent,0.5,0.3333333333333333,0.6666666666666666,-0.3333333333333333
80,0.4,8,B,acquiescent,0.6,1.0,0.6666666666666666,0.33333333333333337
80,0.4,8,B,acquiescent,0.7,1.0,0.75,0.25
80,0.4,8,B,acquiescent,0.8,1.0,1.0,0.0
80,0.4,8,B,acquiescent,0.9,1.0,1.0,0.0
80,0.4,8,B,acquiescent,1.0,1.0,1.0,0.0
80,0.4,8,B,fatigue,0.1,0.3333333333333333,0.3333333333333333,0.0
80,0.4,8,B,fatigue,0.2,0.25,0.0,0.25
80,0.4,8,B,fatigue,0.3,0.0,0.0,0.0
80,0.4,8,B,fatigue,0.4,0.0,0.0,0.0
80,0.4,8,B,fatigue,0.5,0.3333333333333333,0.0,0.3333333333333333
80,0.4,8,B,fatigue,0.6,0.0,0.0,0.0
80,0.4,8,B,fatigue,0.7,0.5,0.75,-0.25
80,0.4,8,B,fatigue,0.8,1.0,0.75,0.25
80,0.4,8,B,fatigue,0.9,1.0,1.0,0.0
80,0.4,8,B,fatigue,1.0,1.0,1.0,0.0
80,0.4,8,B,longstring,0.1,0.0,0.3333333333333333,-0.3333333333333333
80,0.4,8,B,longstring,0.2,0.3333333333333333,0.0,0.3333333333333333
80,0.4,8,B,longstring,0.3,0.25,0.5,-0.25
80,0.4,8,B,longstring,0.4,0.75,0.75,0.0
80,0.4,8,B,longstring,0.5,0.6666666666666666,0.6666666666666666,0.0
80,0.4,8,B,longstring,0.6,1.0,1.0,0.0
80,0.4,8,B,longstring,0.7,1.0,1.0,0.0
80,0.4,8,B,longstring,0.8,1.0,0.75,0.25
80,0.4,8,B,longstring,0.9,0.6666666666666666,0.6666666666666666,0.0
80,0.4,8,B,longstring,1.0,1.0,0.6666666666666666,0.33333333333333337
80,0.4,8,B,mixed,0.1,0.0,0.0,0.0
80,0.4,8,B,mixed,0.2,0.3333333333333333,0.3333333333333333,0.0
80,0.4,8,B,mixed,0.3,0.3333333333333333,0.0,0.3333333333333333
80,0.4,8,B,mixed,0.4,0.3333333333333333,0.3333333333333333,0.0
80,0.4,8,B,mixed,0.5,0.25,0.25,0.0
80,0.4,8,B,mixed,0.6,0.3333333333333333,0.6666666666666666,-0.3333333333333333
80,0.4,8,B,mixed,0.7,0.0,0.0,0.0
80,0.4,8,B,mixed,0.8,0.75,0.75,0.0
80,0.4,8,B,mixed,0.9,0.6666666666666666,0.3333333333333333,0.3333333333333333
80,0.4,8,B,mixed,1.0,0.25,0.25,0.0
80,0.4,8,B,pure_straight,0.1,0.0,0.25,-0.25
80,0.4,8,B,pure_straight,0.2,0.0,0.0,0.0
80,0.4,8,B,pure_straight,0.3,0.0,0.0,0.0
80,0.4,8,B,pure_straight,0.4,0.6666666666666666,0.3333333333333333,0.3333333333333333
80,0.4,8,B,pure_straight,0.5,0.75,0.75,0.0
80,0.4,8,B,pure_straight,0.6,1.0,0.6666666666666666,0.33333333333333337
80,0.4,8,B,pure_straight,0.7,1.0,0.6666666666666666,0.33333333333333337
80,0.4,8,B,pure_straight,0.8,1.0,1.0,0.0
80,0.4,8,B,pure_straight,0.9,1.0,1.0,0.0
80,0.4,8,B,pure_straight,1.0,1.0,1.0,0.0
80,0.4,8,B,random,0.1,0.0,0.0,0.0
80,0.4,8,B,random,0.2,0.0,0.0,0.0
80,0.4,8,B,random,0.3,0.3333333333333333,0.3333333333333333,0.0
80,0.4,8,B,random,0.4,0.3333333333333333,0.0,0.3333333333333333
80,0.4,8,B,random,0.5,0.0,0.0,0.0
80,0.4,8,B,random,0.6,0.3333333333333333,0.6666666666666666,-0.3333333333333333
80,0.4,8,B,random,0.7,0.25,0.25,0.0
80,0.4,8,B,random,0.8,0.6666666666666666,0.0,0.6666666666666666
80,0.4,8,B,random,0.9,0.25,0.25,0.0
80,0.4,8,B,random,1.0,1.0,1.0,0.0
80,0.4,9,B,acquiescent,0.1,0.3333333333333333,0.0,0.3333333333333333
80,0.4,9,B,acquiescent,0.2,0.3333333333333333,0.3333333333333333,0.0
80,0.4,9,B,acquiescent,0.3,0.0,0.25,-0.25
80,0.4,9,B,acquiescent,0.4,0.3333333333333333,0.0,0.3333333333333333
80,0.4,9,B,acquiescent,0.5,0.75,0.75,0.0
80,0.4,9,B,acquiescent,0.6,1.0,0.75,0.25
80,0.4,9,B,acquiescent,0.7,1.0,1.0,0.0
80,0.4,9,B,acquiescent,0.8,1.0,1.0,0.0
80,0.4,9,B,acquiescent,0.9,1.0,1.0,0.0
80,0.4,9,B,acquiescent,1.0,1.0,1.0,0.0
80,0.4,9,B,fatigue,0.1,0.0,0.25,-0.25
80,0.4,9,B,fatigue,0.2,0.5,0.5,0.0
80,0.4,9,B,fatigue,0.3,0.3333333333333333,0.3333333333333333,0.0
80,0.4,9,B,fatigue,0.4,0.3333333333333333,0.3333333333333333,0.0
80,0.4,9,B,fatigue,0.5,0.6666666666666666,0.3333333333333333,0.3333333333333333
80,0.4,9,B,fatigue,0.6,1.0,1.0,0.0
80,0.4,9,B,fatigue,0.7,0.0,0.0,0.0
80,0.4,9,B,fatigue,0.8,1.0,1.0,0.0
80,0.4,9,B,fatigue,0.9,0.3333333333333333,0.6666666666666666,-0.3333333333333333
80,0.4,9,B,fatigue,1.0,1.0,1.0,0.0
80,0.4,9,B,longstring,0.1,0.3333333333333333,0.3333333333333333,0.0
80,0.4,9,B,longstring,0.2,0.0,0.0,0.0
80,0.4,9,B,longstring,0.3,0.0,0.0,0.0
80,0.4,9,B,longstring,0.4,0.25,0.25,0.0
80,0.4,9,B,longstring,0.5,0.5,0.5,0.0
80,0.4,9,B,longstring,0.6,1.0,1.0,0.0
80,0.4,9,B,longstring,0.7,0.0,0.3333333333333333,-0.3333333333333333
80,0.4,9,B,longstring,0.8,0.6666666666666666,0.6666666666666666,0.0
80,0.4,9,B,longstring,0.9,0.5,0.5,0.0
80,0.4,9,B,longstring,1.0,1.0,1.0,0.0
80,0.4,9,B,mixed,0.1,0.0,0.0,0.0
80,0.4,9,B,mixed,0.2,0.6666666666666666,0.3333333333333333,0.3333333333333333
80,0.4,9,B,mixed,0.3,0.3333333333333333,0.3333333333333333,0.0
80,0.4,9,B,mixed,0.4,0.5,0.25,0.25
80,0.4,9,B,mixed,0.5,0.3333333333333333,0.3333333333333333,0.0
80,0.4,9,B,mixed,0.6,0.3333333333333333,0.0,0.3333333333333333
80,0.4,9,B,mixed,0.7,0.25,0.25,0.0
80,0.4,9,B,mixed,0.8,0.5,0.25,0.25
80,0.4,9,B,mixed,0.9,0.3333333333333333,0.3333333333333333,0.0
80,0.4,9,B,mixed,1.0,0.3333333333333333,0.6666666666666666,-0.3333333333333333
80,0.4,9,B,pure_straight,0.1,0.3333333333333333,0.3333333333333333,0.0
80,0.4,9,B,pure_straight,0.2,0.3333333333333333,0.3333333333333333,0.0
80,0.4,9,B,pure_straight,0.3,0.5,0.75,-0.25
80,0.4,9,B,pure_straight,0.4,0.0,0.0,0.0
80,0.4,9,B,pure_straight,0.5,1.0,1.0,0.0
80,0.4,9,B,pure_straight,0.6,1.0,1.0,0.0
80,0.4,9,B,pure_straight,0.7,1.0,1.0,0.0
80,0.4,9,B,pure_straight,0.8,1.0,1.0,0.0
80,0.4,9,B,pure_straight,0.9,1.0,1.0,0.0
80,0.4,9,B,pure_straight,1.0,1.0,1.0,0.0
80,0.4,9,B,random,0.1,0.3333333333333333,0.0,0.3333333333333333
80,0.4,9,B,random,0.2,0.0,0.0,0.0
80,0.4,9,B,random,0.3,0.25,0.25,0.0
80,0.4,9,B,random,0.4,1.0,1.0,0.0
80,0.4,9,B,random,0.5,0.0,0.0,0.0
80,0.4,9,B,random,0.6,0.3333333333333333,0.3333333333333333,0.0
80,0.4,9,B,random,0.7,0.5,0.5,0.0
80,0.4,9,B,random,0.8,0.3333333333333333,0.3333333333333333,0.0
80,0.4,9,B,random,0.9,0.0,0.0,0.0
80,0.4,9,B,random,1.0,0.5,1.0,-0.5
80,0.4,10,B,acquiescent,0.1,0.0,0.0,0.0
80,0.4,10,B,acquiescent,0.2,0.3333333333333333,0.3333333333333333,0.0
80,0.4,10,B,acquiescent,0.3,0.5,0.75,-0.25
80,0.4,10,B,acquiescent,0.4,0.0,0.3333333333333333,-0.3333333333333333
80,0.4,10,B,acquiescent,0.5,0.75,0.75,0.0
80,0.4,10,B,acquiescent,0.6,1.0,0.6666666666666666,0.33333333333333337
80,0.4,10,B,acquiescent,0.7,0.75,0.75,0.0
80,0.4,10,B,acquiescent,0.8,1.0,1.0,0.0
80,0.4,10,B,acquiescent,0.9,1.0,1.0,0.0
80,0.4,10,B,acquiescent,1.0,1.0,1.0,0.0
80,0.4,10,B,fatigue,0.1,0.0,0.0,0.0
80,0.4,10,B,fatigue,0.2,0.0,0.0,0.0
80,0.4,10,B,fatigue,0.3,0.0,0.3333333333333333,-0.3333333333333333
80,0.4,10,B,fatigue,0.4,0.3333333333333333,0.0,0.3333333333333333
80,0.4,10,B,fatigue,0.5,0.3333333333333333,0.6666666666666666,-0.3333333333333333
80,0.4,10,B,fatigue,0.6,1.0,0.6666666666666666,0.33333333333333337
80,0.4,10,B,fatigue,0.7,0.3333333333333333,0.0,0.3333333333333333
80,0.4,10,B,fatigue,0.8,0.6666666666666666,0.6666666666666666,0.0
80,0.4,10,B,fatigue,0.9,0.6666666666666666,0.6666666666666666,0.0
80,0.4,10,B,fatigue,1.0,1.0,0.75,0.25
80,0.4,10,B,longstring,0.1,0.0,0.6666666666666666,-0.6666666666666666
80,0.4,10,B,longstring,0.2,0.0,0.3333333333333333,-0.3333333333333333
80,0.4,10,B,longstring,0.3,0.0,0.0,0.0
80,0.4,10,B,longstring,0.4,0.25,0.25,0.0
80,0.4,10,B,longstring,0.5,0.6666666666666666,0.6666666666666666,0.0
80,0.4,10,B,longstring,0.6,0.3333333333333333,0.3333333333333333,0.0
80,0.4,10,B,longstring,0.7,0.6666666666666666,0.6666666666666666,0.0
80,0.4,10,B,longstring,0.8,0.5,0.5,0.0
80,0.4,10,B,longstring,0.9,1.0,1.0,0.0
80,0.4,10,B,longstring,1.0,0.75,1.0,-0.25
80,0.4,10,B,mixed,0.1,0.0,0.0,0.0
80,0.4,10,B,mixed,0.2,0.0,0.0,0.0
80,0.4,10,B,mixed,0.3,0.0,0.0,0.0
80,0.4,10,B,mixed,0.4,0.3333333333333333,0.6666666666666666,-0.3333333333333333
80,0.4,10,B,mixed,0.5,0.5,0.25,0.25
80,0.4,10,B,mixed,0.6,0.6666666666666666,0.3333333333333333,0.3333333333333333
80,0.4,10,B,mixed,0.7,1.0,1.0,0.0
80,0.4,10,B,mixed,0.8,1.0,0.3333333333333333,0.6666666666666667
80,0.4,10,B,mixed,0.9,0.6666666666666666,0.6666666666666666,0.0
80,0.4,10,B,mixed,1.0,0.25,0.25,0.0
80,0.4,10,B,pure_straight,0.1,0.0,0.0,0.0
80,0.4,10,B,pure_straight,0.2,0.3333333333333333,0.3333333333333333,0.0
80,0.4,10,B,pure_straight,0.3,0.6666666666666666,0.6666666666666666,0.0
80,0.4,10,B,pure_straight,0.4,0.25,0.5,-0.25
80,0.4,10,B,pure_straight,0.5,0.75,0.75,0.0
80,0.4,10,B,pure_straight,0.6,1.0,1.0,0.0
80,0.4,10,B,pure_straight,0.7,1.0,1.0,0.0
80,0.4,10,B,pure_straight,0.8,1.0,1.0,0.0
80,0.4,10,B,pure_straight,0.9,1.0,1.0,0.0
80,0.4,10,B,pure_straight,1.0,1.0,1.0,0.0
80,0.4,10,B,random,0.1,0.0,0.0,0.0
80,0.4,10,B,random,0.2,0.3333333333333333,0.3333333333333333,0.0
80,0.4,10,B,random,0.3,0.0,0.0,0.0
80,0.4,10,B,random,0.4,0.25,0.25,0.0
80,0.4,10,B,random,0.5,0.3333333333333333,0.3333333333333333,0.0
80,0.4,10,B,random,0.6,0.5,0.25,0.25
80,0.4,10,B,random,0.7,0.3333333333333333,0.0,0.3333333333333333
80,0.4,10,B,random,0.8,0.6666666666666666,0.3333333333333333,0.3333333333333333
80,0.4,10,B,random,0.9,0.75,0.5,0.25
80,0.4,10,B,random,1.0,0.5,1.0,-0.5
80,0.4,11,B,acquiescent,0.1,0.0,0.0,0.0
80,0.4,11,B,acquiescent,0.2,0.3333333333333333,0.3333333333333333,0.0
80,0.4,11,B,acquiescent,0.3,0.75,0.75,0.0
80,0.4,11,B,acquiescent,0.4,0.0,0.0,0.0
80,0.4,11,B,acquiescent,0.5,0.6666666666666666,0.6666666666666666,0.0
80,0.4,11,B,acquiescent,0.6,0.6666666666666666,0.3333333333333333,0.3333333333333333
80,0.4,11,B,acquiescent,0.7,0.6666666666666666,0.6666666666666666,0.0
80,0.4,11,B,acquiescent,0.8,1.0,0.75,0.25
80,0.4,11,B,acquiescent,0.9,1.0,1.0,0.0
80,0.4,11,B,acquiescent,1.0,1.0,1.0,0.0
80,0.4,11,B,fatigue,0.1,0.0,0.0,0.0
80,0.4,11,B,fatigue,0.2,0.6666666666666666,0.6666666666666666,0.0
80,0.4,11,B,fatigue,0.3,0.0,0.0,0.0
80,0.4,11,B,fatigue,0.4,0.3333333333333333,0.3333333333333333,0.0
80,0.4,11,B,fatigue,0.5,0.6666666666666666,1.0,-0.33333333333333337
80,0.4,11,B,fatigue,0.6,0.25,0.0,0.25
80,0.4,11,B,fatigue,0.7,0.25,0.5,-0.25
80,0.4,11,B,fatigue,0.8,0.75,1.0,-0.25
80,0.4,11,B,fatigue,0.9,1.0,1.0,0.0
80,0.4,11,B,fatigue,1.0,1.0,1.0,0.0
80,0.4,11,B,longstring,0.1,0.3333333333333333,0.3333333333333333,0.0
80,0.4,11,B,longstring,0.2,0.3333333333333333,0.0,0.3333333333333333
80,0.4,11,B,longstring,0.3,0.75,0.75,0.0
80,0.4,11,B,longstring,0.4,0.3333333333333333,0.3333333333333333,0.0
80,0.4,11,B,longstring,0.5,0.0,0.0,0.0
80,0.4,11,B,longstring,0.6,0.6666666666666666,0.6666666666666666,0.0
80,0.4,11,B,longstring,0.7,0.25,0.0,0.25
80,0.4,11,B,longstring,0.8,0.5,0.5,0.0
80,0.4,11,B,longstring,0.9,0.6666666666666666,0.6666666666666666,0.0
80,0.4,11,B,longstring,1.0,0.5,0.75,-0.25
80,0.4,11,B,mixed,0.1,0.5,0.25,0.25
80,0.4,11,B,mixed,0.2,0.0,0.0,0.0
80,0.4,11,B,mixed,0.3,0.6666666666666666,0.6666666666666666,0.0
80,0.4,11,B,mixed,0.4,0.3333333333333333,0.3333333333333333,0.0
80,0.4,11,B,mixed,0.5,0.3333333333333333,0.3333333333333333,0.0
80,0.4,11,B,mixed,0.6,0.5,0.75,-0.25
80,0.4,11,B,mixed,0.7,0.0,0.0,0.0
80,0.4,11,B,mixed,0.8,0.0,0.0,0.0
80,0.4,11,B,mixed,0.9,0.6666666666666666,0.3333333333333333,0.3333333333333333
80,0.4,11,B,mixed,1.0,0.6666666666666666,0.6666666666666666,0.0
80,0.4,11,B,pure_straight,0.1,0.0,0.0,0.0
80,0.4,11,B,pure_straight,0.2,0.75,0.75,0.0
80,0.4,11,B,pure_straight,0.3,0.3333333333333333,0.6666666666666666,-0.3333333333333333
80,0.4,11,B,pure_straight,0.4,0.6666666666666666,0.6666666666666666,0.0
80,0.4,11,B,pure_straight,0.5,0.6666666666666666,0.6666666666666666,0.0
80,0.4,11,B,pure_straight,0.6,0.6666666666666666,1.0,-0.33333333333333337
80,0.4,11,B,pure_straight,0.7,1.0,1.0,0.0
80,0.4,11,B,pure_straight,0.8,1.0,1.0,0.0
80,0.4,11,B,pure_straight,0.9,1.0,1.0,0.0
80,0.4,11,B,pure_straight,1.0,1.0,1.0,0.0
80,0.4,11,B,random,0.1,0.0,0.25,-0.25
80,0.4,11,B,random,0.2,0.25,0.25,0.0
80,0.4,11,B,random,0.3,0.0,0.0,0.0
80,0.4,11,B,random,0.4,0.3333333333333333,0.0,0.3333333333333333
80,0.4,11,B,random,0.5,0.5,0.25,0.25
80,0.4,11,B,random,0.6,0.3333333333333333,0.3333333333333333,0.0
80,0.4,11,B,random,0.7,0.3333333333333333,0.3333333333333333,0.0
80,0.4,11,B,random,0.8,0.6666666666666666,0.6666666666666666,0.0
80,0.4,11,B,random,0.9,0.0,0.3333333333333333,-0.3333333333333333
80,0.4,11,B,random,1.0,0.25,0.25,0.0
80,0.4,12,B,acquiescent,0.1,0.0,0.0,0.0
80,0.4,12,B,acquiescent,0.2,0.0,0.0,0.0
80,0.4,12,B,acquiescent,0.3,0.25,0.5,-0.25
80,0.4,12,B,acquiescent,0.4,0.3333333333333333,0.3333333333333333,0.0
80,0.4,12,B,acquiescent,0.5,0.3333333333333333,0.3333333333333333,0.0
80,0.4,12,B,acquiescent,0.6,0.3333333333333333,0.3333333333333333,0.0
80,0.4,12,B,acquiescent,0.7,1.0,1.0,0.0
80,0.4,12,B,acquiescent,0.8,1.0,1.0,0.0
80,0.4,12,B,acquiescent,0.9,1.0,1.0,0.0
80,0.4,12,B,acquiescent,1.0,1.0,1.0,0.0
80,0.4,12,B,fatigue,0.1,0.3333333333333333,0.0,0.3333333333333333
80,0.4,12,B,fatigue,0.2,0.0,0.0,0.0
80,0.4,12,B,fatigue,0.3,0.3333333333333333,0.0,0.3333333333333333
80,0.4,12,B,fatigue,0.4,0.3333333333333333,0.0,0.3333333333333333
80,0.4,12,B,fatigue,0.5,0.3333333333333333,0.3333333333333333,0.0
80,0.4,12,B,fatigue,0.6,0.6666666666666666,0.6666666666666666,0.0
80,0.4,12,B,fatigue,0.7,0.5,0.75,-0.25
80,0.4,12,B,fatigue,0.8,0.6666666666666666,0.6666666666666666,0.0
80,0.4,12,B,fatigue,0.9,0.5,1.0,-0.5
80,0.4,12,B,fatigue,1.0,0.6666666666666666,0.6666666666666666,0.0
80,0.4,12,B,longstring,0.1,0.25,0.25,0.0
80,0.4,12,B,longstring,0.2,0.25,0.25,0.0
80,0.4,12,B,longstring,0.3,0.0,0.0,0.0
80,0.4,12,B,longstring,0.4,0.0,0.0,0.0
80,0.4,12,B,longstring,0.5,0.6666666666666666,0.6666666666666666,0.0
80,0.4,12,B,longstring,0.6,0.6666666666666666,0.6666666666666666,0.0
80,0.4,12,B,longstring,0.7,0.3333333333333333,0.0,0.3333333333333333
80,0.4,12,B,longstring,0.8,1.0,1.0,0.0
80,0.4,12,B,longstring,0.9,0.5,0.75,-0.25
80,0.4,12,B,longstring,1.0,1.0,1.0,0.0
80,0.4,12,B,mixed,0.1,0.3333333333333333,0.6666666666666666,-0.3333333333333333
80,0.4,12,B,mixed,0.2,0.0,0.0,0.0
80,0.4,12,B,mixed,0.3,0.0,0.0,0.0
80,0.4,12,B,mixed,0.4,0.6666666666666666,0.6666666666666666,0.0
80,0.4,12,B,mixed,0.5,0.5,0.5,0.0
80,0.4,12,B,mixed,0.6,0.25,0.5,-0.25
80,0.4,12,B,mixed,0.7,0.3333333333333333,0.3333333333333333,0.0
80,0.4,12,B,mixed,0.8,0.0,0.0,0.0
80,0.4,12,B,mixed,0.9,0.0,0.3333333333333333,-0.3333333333333333
80,0.4,12,B,mixed,1.0,0.3333333333333333,0.3333333333333333,0.0
80,0.4,12,B,pure_straight,0.1,0.3333333333333333,0.3333333333333333,0.0
80,0.4,12,B,pure_straight,0.2,0.3333333333333333,0.3333333333333333,0.0
80,0.4,12,B,pure_straight,0.3,0.6666666666666666,0.3333333333333333,0.3333333333333333
80,0.4,12,B,pure_straight,0.4,1.0,1.0,0.0
80,0.4,12,B,pure_straight,0.5,0.75,0.5,0.25
80,0.4,12,B,pure_straight,0.6,0.75,0.75,0.0
80,0.4,12,B,pure_straight,0.7,1.0,1.0,0.0
80,0.4,12,B,pure_straight,0.8,1.0,1.0,0.0
80,0.4,12,B,pure_straight,0.9,1.0,1.0,0.0
80,0.4,12,B,pure_straight,1.0,1.0,1.0,0.0
80,0.4,12,B,random,0.1,0.3333333333333333,0.0,0.3333333333333333
80,0.4,12,B,random,0.2,0.0,0.0,0.0
80,0.4,12,B,random,0.3,0.3333333333333333,0.6666666666666666,-0.3333333333333333
80,0.4,12,B,random,0.4,0.25,0.25,0.0
80,0.4,12,B,random,0.5,1.0,0.3333333333333333,0.6666666666666667
80,0.4,12,B,random,0.6,0.6666666666666666,0.3333333333333333,0.3333333333333333
80,0.4,12,B,random,0.7,0.25,0.0,0.25
80,0.4,12,B,random,0.8,0.6666666666666666,0.3333333333333333,0.3333333333333333
80,0.4,12,B,random,0.9,0.75,0.75,0.0
80,0.4,12,B,random,1.0,0.6666666666666666,0.6666666666666666,0.0
80,0.6,1,B,acquiescent,0.1,0.2,0.0,0.2
80,0.6,1,B,acquiescent,0.2,0.4,0.2,0.2
80,0.6,1,B,acquiescent,0.3,0.4,0.4,0.0
80,0.6,1,B,acquiescent,0.4,0.4,0.4,0.0
80,0.6,1,B,acquiescent,0.5,0.6,0.6,0.0
80,0.6,1,B,acquiescent,0.6,0.8,0.8,0.0
80,0.6,1,B,acquiescent,0.7,1.0,1.0,0.0
80,0.6,1,B,acquiescent,0.8,1.0,1.0,0.0
80,0.6,1,B,acquiescent,0.9,1.0,1.0,0.0
80,0.6,1,B,acquiescent,1.0,1.0,1.0,0.0
80,0.6,1,B,fatigue,0.1,0.0,0.0,0.0
80,0.6,1,B,fatigue,0.2,0.0,0.0,0.0
80,0.6,1,B,fatigue,0.3,0.0,0.2,-0.2
80,0.6,1,B,fatigue,0.4,0.2,0.4,-0.2
80,0.6,1,B,fatigue,0.5,0.4,0.4,0.0
80,0.6,1,B,fatigue,0.6,0.6,0.4,0.19999999999999996
80,0.6,1,B,fatigue,0.7,0.2,0.0,0.2
80,0.6,1,B,fatigue,0.8,1.0,0.8,0.19999999999999996
80,0.6,1,B,fatigue,0.9,0.8,1.0,-0.19999999999999996
80,0.6,1,B,fatigue,1.0,1.0,0.6,0.4
80,0.6,1,B,longstring,0.1,0.0,0.0,0.0
80,0.6,1,B,longstring,0.2,0.6,0.4,0.19999999999999996
80,0.6,1,B,longstring,0.3,0.2,0.2,0.0
80,0.6,1,B,longstring,0.4,0.8,0.8,0.0
80,0.6,1,B,longstring,0.5,0.4,0.4,0.0
80,0.6,1,B,longstring,0.6,0.8,0.8,0.0
80,0.6,1,B,longstring,0.7,0.6,0.6,0.0
80,0.6,1,B,longstring,0.8,0.8,0.8,0.0
80,0.6,1,B,longstring,0.9,0.8,0.8,0.0
80,0.6,1,B,longstring,1.0,1.0,0.8,0.19999999999999996
80,0.6,1,B,mixed,0.1,0.2,0.0,0.2
80,0.6,1,B,mixed,0.2,0.0,0.0,0.0
80,0.6,1,B,mixed,0.3,0.2,0.0,0.2
80,0.6,1,B,mixed,0.4,0.2,0.2,0.0
80,0.6,1,B,mixed,0.5,0.6,0.2,0.39999999999999997
80,0.6,1,B,mixed,0.6,0.6,0.6,0.0
80,0.6,1,B,mixed,0.7,0.4,0.6,-0.19999999999999996
80,0.6,1,B,mixed,0.8,0.6,0.4,0.19999999999999996
80,0.6,1,B,mixed,0.9,0.6,0.4,0.19999999999999996
80,0.6,1,B,mixed,1.0,0.6,0.4,0.19999999999999996
80,0.6,1,B,pure_straight,0.1,0.2,0.0,0.2
80,0.6,1,B,pure_straight,0.2,0.0,0.4,-0.4
80,0.6,1,B,pure_straight,0.3,0.6,0.2,0.39999999999999997
80,0.6,1,B,pure_straight,0.4,0.2,0.8,-0.6000000000000001
80,0.6,1,B,pure_straight,0.5,0.8,1.0,-0.19999999999999996
80,0.6,1,B,pure_straight,0.6,1.0,1.0,0.0
80,0.6,1,B,pure_straight,0.7,1.0,1.0,0.0
80,0.6,1,B,pure_straight,0.8,1.0,1.0,0.0
80,0.6,1,B,pure_straight,0.9,1.0,1.0,0.0
80,0.6,1,B,pure_straight,1.0,1.0,1.0,0.0
80,0.6,1,B,random,0.1,0.0,0.0,0.0
80,0.6,1,B,random,0.2,0.0,0.4,-0.4
80,0.6,1,B,random,0.3,0.0,0.2,-0.2
80,0.6,1,B,random,0.4,0.4,0.4,0.0
80,0.6,1,B,random,0.5,0.6,0.4,0.19999999999999996
80,0.6,1,B,random,0.6,0.4,0.6,-0.19999999999999996
80,0.6,1,B,random,0.7,0.6,0.4,0.19999999999999996
80,0.6,1,B,random,0.8,1.0,0.8,0.19999999999999996
80,0.6,1,B,random,0.9,0.8,0.6,0.20000000000000007
80,0.6,1,B,random,1.0,0.8,0.8,0.0
80,0.6,2,B,acquiescent,0.1,0.2,0.2,0.0
80,0.6,2,B,acquiescent,0.2,0.2,0.2,0.0
80,0.6,2,B,acquiescent,0.3,0.4,0.4,0.0
80,0.6,2,B,acquiescent,0.4,0.4,0.8,-0.4
80,0.6,2,B,acquiescent,0.5,0.8,0.6,0.20000000000000007
80,0.6,2,B,acquiescent,0.6,1.0,1.0,0.0
80,0.6,2,B,acquiescent,0.7,1.0,1.0,0.0
80,0.6,2,B,acquiescent,0.8,1.0,1.0,0.0
80,0.6,2,B,acquiescent,0.9,1.0,1.0,0.0
80,0.6,2,B,acquiescent,1.0,1.0,1.0,0.0
80,0.6,2,B,fatigue,0.1,0.0,0.0,0.0
80,0.6,2,B,fatigue,0.2,0.2,0.2,0.0
80,0.6,2,B,fatigue,0.3,0.0,0.2,-0.2
80,0.6,2,B,fatigue,0.4,0.0,0.0,0.0
80,0.6,2,B,fatigue,0.5,0.2,0.4,-0.2
80,0.6,2,B,fatigue,0.6,0.6,0.8,-0.20000000000000007
80,0.6,2,B,fatigue,0.7,0.4,0.6,-0.19999999999999996
80,0.6,2,B,fatigue,0.8,0.6,0.6,0.0
80,0.6,2,B,fatigue,0.9,0.6,0.4,0.19999999999999996
80,0.6,2,B,fatigue,1.0,1.0,1.0,0.0
80,0.6,2,B,longstring,0.1,0.2,0.4,-0.2
80,0.6,2,B,longstring,0.2,0.4,0.0,0.4
80,0.6,2,B,longstring,0.3,0.0,0.0,0.0
80,0.6,2,B,longstring,0.4,0.6,0.6,0.0
80,0.6,2,B,longstring,0.5,0.8,0.8,0.0
80,0.6,2,B,longstring,0.6,0.6,0.6,0.0
80,0.6,2,B,longstring,0.7,0.6,0.4,0.19999999999999996
80,0.6,2,B,longstring,0.8,0.8,0.8,0.0
80,0.6,2,B,longstring,0.9,0.8,1.0,-0.19999999999999996
80,0.6,2,B,longstring,1.0,0.8,1.0,-0.19999999999999996
80,0.6,2,B,mixed,0.1,0.0,0.0,0.0
80,0.6,2,B,mixed,0.2,0.0,0.0,0.0
80,0.6,2,B,mixed,0.3,0.2,0.2,0.0
80,0.6,2,B,mixed,0.4,0.4,0.4,0.0
80,0.6,2,B,mixed,0.5,0.6,0.6,0.0
80,0.6,2,B,mixed,0.6,0.6,0.6,0.0
80,0.6,2,B,mixed,0.7,0.4,0.2,0.2
80,0.6,2,B,mixed,0.8,0.0,0.2,-0.2
80,0.6,2,B,mixed,0.9,0.6,0.4,0.19999999999999996
80,0.6,2,B,mixed,1.0,0.0,0.0,0.0
80,0.6,2,B,pure_straight,0.1,0.4,0.4,0.0
80,0.6,2,B,pure_straight,0.2,0.0,0.2,-0.2
80,0.6,2,B,pure_straight,0.3,0.2,0.2,0.0
80,0.6,2,B,pure_straight,0.4,0.6,0.4,0.19999999999999996
80,0.6,2,B,pure_straight,0.5,1.0,0.8,0.19999999999999996
80,0.6,2,B,pure_straight,0.6,1.0,1.0,0.0
80,0.6,2,B,pure_straight,0.7,1.0,0.8,0.19999999999999996
80,0.6,2,B,pure_straight,0.8,1.0,1.0,0.0
80,0.6,2,B,pure_straight,0.9,1.0,1.0,0.0
80,0.6,2,B,pure_straight,1.0,1.0,1.0,0.0
80,0.6,2,B,random,0.1,0.2,0.2,0.0
80,0.6,2,B,random,0.2,0.0,0.2,-0.2
80,0.6,2,B,random,0.3,0.2,0.4,-0.2
80,0.6,2,B,random,0.4,0.2,0.0,0.2
80,0.6,2,B,random,0.5,0.8,0.6,0.20000000000000007
80,0.6,2,B,random,0.6,0.8,0.6,0.20000000000000007
80,0.6,2,B,random,0.7,0.2,0.2,0.0
80,0.6,2,B,random,0.8,1.0,0.6,0.4
80,0.6,2,B,random,0.9,0.8,0.4,0.4
80,0.6,2,B,random,1.0,0.6,0.6,0.0
80,0.6,3,B,acquiescent,0.1,0.2,0.2,0.0
80,0.6,3,B,acquiescent,0.2,0.0,0.0,0.0
80,0.6,3,B,acquiescent,0.3,0.2,0.2,0.0
80,0.6,3,B,acquiescent,0.4,0.8,0.8,0.0
80,0.6,3,B,acquiescent,0.5,0.8,0.4,0.4
80,0.6,3,B,acquiescent,0.6,0.8,0.8,0.0
80,0.6,3,B,acquiescent,0.7,0.8,0.6,0.20000000000000007
80,0.6,3,B,acquiescent,0.8,1.0,1.0,0.0
80,0.6,3,B,acquiescent,0.9,1.0,1.0,0.0
80,0.6,3,B,acquiescent,1.0,1.0,1.0,0.0
80,0.6,3,B,fatigue,0.1,0.0,0.0,0.0
80,0.6,3,B,fatigue,0.2,0.2,0.2,0.0
80,0.6,3,B,fatigue,0.3,0.4,0.6,-0.19999999999999996
80,0.6,3,B,fatigue,0.4,0.4,0.4,0.0
80,0.6,3,B,fatigue,0.5,0.6,0.4,0.19999999999999996
80,0.6,3,B,fatigue,0.6,0.4,0.4,0.0
80,0.6,3,B,fatigue,0.7,0.6,0.6,0.0
80,0.6,3,B,fatigue,0.8,0.8,0.8,0.0
80,0.6,3,B,fatigue,0.9,0.6,0.6,0.0
80,0.6,3,B,fatigue,1.0,0.6,0.6,0.0
80,0.6,3,B,longstring,0.1,0.2,0.0,0.2
80,0.6,3,B,longstring,0.2,0.2,0.2,0.0
80,0.6,3,B,longstring,0.3,0.2,0.2,0.0
80,0.6,3,B,longstring,0.4,0.8,0.6,0.20000000000000007
80,0.6,3,B,longstring,0.5,0.2,0.6,-0.39999999999999997
80,0.6,3,B,longstring,0.6,0.4,0.6,-0.19999999999999996
80,0.6,3,B,longstring,0.7,0.4,0.4,0.0
80,0.6,3,B,longstring,0.8,0.8,1.0,-0.19999999999999996
80,0.6,3,B,longstring,0.9,0.6,0.6,0.0
80,0.6,3,B,longstring,1.0,0.4,0.4,0.0
80,0.6,3,B,mixed,0.1,0.4,0.2,0.2
80,0.6,3,B,mixed,0.2,0.2,0.2,0.0
80,0.6,3,B,mixed,0.3,0.6,0.4,0.19999999999999996
80,0.6,3,B,mixed,0.4,0.4,0.2,0.2
80,0.6,3,B,mixed,0.5,0.4,0.4,0.0
80,0.6,3,B,mixed,0.6,0.6,0.2,0.39999999999999997
80,0.6,3,B,mixed,0.7,1.0,0.8,0.19999999999999996
80,0.6,3,B,mixed,0.8,1.0,1.0,0.0
80,0.6,3,B,mixed,0.9,0.6,0.6,0.0
80,0.6,3,B,mixed,1.0,0.2,0.0,0.2
80,0.6,3,B,pure_straight,0.1,0.0,0.0,0.0
80,0.6,3,B,pure_straight,0.2,0.4,0.4,0.0
80,0.6,3,B,pure_straight,0.3,0.8,0.8,0.0
80,0.6,3,B,pure_straight,0.4,0.6,0.8,-0.20000000000000007
80,0.6,3,B,pure_straight,0.5,0.6,0.8,-0.20000000000000007
80,0.6,3,B,pure_straight,0.6,1.0,1.0,0.0
80,0.6,3,B,pure_straight,0.7,1.0,1.0,0.0
80,0.6,3,B,pure_straight,0.8,1.0,1.0,0.0
80,0.6,3,B,pure_straight,0.9,1.0,1.0,0.0
80,0.6,3,B,pure_straight,1.0,1.0,1.0,0.0
80,0.6,3,B,random,0.1,0.2,0.2,0.0
80,0.6,3,B,random,0.2,0.4,0.6,-0.19999999999999996
80,0.6,3,B,random,0.3,0.2,0.0,0.2
80,0.6,3,B,random,0.4,0.4,0.0,0.4
80,0.6,3,B,random,0.5,0.4,0.4,0.0
80,0.6,3,B,random,0.6,0.6,0.6,0.0
80,0.6,3,B,random,0.7,0.6,0.8,-0.20000000000000007
80,0.6,3,B,random,0.8,0.6,0.2,0.39999999999999997
80,0.6,3,B,random,0.9,0.8,1.0,-0.19999999999999996
80,0.6,3,B,random,1.0,1.0,0.6,0.4
80,0.6,4,B,acquiescent,0.1,0.6,0.6,0.0
80,0.6,4,B,acquiescent,0.2,0.6,0.6,0.0
80,0.6,4,B,acquiescent,0.3,0.2,0.2,0.0
80,0.6,4,B,acquiescent,0.4,0.0,0.0,0.0
80,0.6,4,B,acquiescent,0.5,0.4,0.4,0.0
80,0.6,4,B,acquiescent,0.6,0.8,0.8,0.0
80,0.6,4,B,acquiescent,0.7,0.8,0.8,0.0
80,0.6,4,B,acquiescent,0.8,1.0,1.0,0.0
80,0.6,4,B,acquiescent,0.9,1.0,1.0,0.0
80,0.6,4,B,acquiescent,1.0,1.0,1.0,0.0
80,0.6,4,B,fatigue,0.1,0.2,0.2,0.0
80,0.6,4,B,fatigue,0.2,0.2,0.2,0.0
80,0.6,4,B,fatigue,0.3,0.6,0.6,0.0
80,0.6,4,B,fatigue,0.4,0.4,0.2,0.2
80,0.6,4,B,fatigue,0.5,0.0,0.0,0.0
80,0.6,4,B,fatigue,0.6,0.4,0.6,-0.19999999999999996
80,0.6,4,B,fatigue,0.7,0.8,0.6,0.20000000000000007
80,0.6,4,B,fatigue,0.8,0.6,0.6,0.0
80,0.6,4,B,fatigue,0.9,0.8,0.6,0.20000000000000007
80,0.6,4,B,fatigue,1.0,0.8,0.8,0.0
80,0.6,4,B,longstring,0.1,0.2,0.2,0.0
80,0.6,4,B,longstring,0.2,0.4,0.2,0.2
80,0.6,4,B,longstring,0.3,0.4,0.4,0.0
80,0.6,4,B,longstring,0.4,0.8,0.8,0.0
80,0.6,4,B,longstring,0.5,0.4,0.6,-0.19999999999999996
80,0.6,4,B,longstring,0.6,1.0,0.8,0.19999999999999996
80,0.6,4,B,longstring,0.7,0.6,0.6,0.0
80,0.6,4,B,longstring,0.8,0.6,0.6,0.0
80,0.6,4,B,longstring,0.9,0.8,0.6,0.20000000000000007
80,0.6,4,B,longstring,1.0,1.0,1.0,0.0
80,0.6,4,B,mixed,0.1,0.0,0.0,0.0
80,0.6,4,B,mixed,0.2,0.0,0.2,-0.2
80,0.6,4,B,mixed,0.3,0.2,0.2,0.0
80,0.6,4,B,mixed,0.4,0.4,0.4,0.0
80,0.6,4,B,mixed,0.5,0.6,0.6,0.0
80,0.6,4,B,mixed,0.6,0.4,0.4,0.0
80,0.6,4,B,mixed,0.7,0.4,0.6,-0.19999999999999996
80,0.6,4,B,mixed,0.8,0.8,0.8,0.0
80,0.6,4,B,mixed,0.9,0.8,0.8,0.0
80,0.6,4,B,mixed,1.0,0.8,0.8,0.0
80,0.6,4,B,pure_straight,0.1,0.2,0.4,-0.2
80,0.6,4,B,pure_straight,0.2,0.4,0.4,0.0
80,0.6,4,B,pure_straight,0.3,0.4,0.4,0.0
80,0.6,4,B,pure_straight,0.4,0.6,0.6,0.0
80,0.6,4,B,pure_straight,0.5,1.0,1.0,0.0
80,0.6,4,B,pure_straight,0.6,0.8,0.8,0.0
80,0.6,4,B,pure_straight,0.7,1.0,1.0,0.0
80,0.6,4,B,pure_straight,0.8,1.0,1.0,0.0
80,0.6,4,B,pure_straight,0.9,1.0,1.0,0.0
80,0.6,4,B,pure_straight,1.0,1.0,1.0,0.0
80,0.6,4,B,random,0.1,0.2,0.2,0.0
80,0.6,4,B,random,0.2,0.2,0.0,0.2
80,0.6,4,B,random,0.3,0.0,0.0,0.0
80,0.6,4,B,random,0.4,0.2,0.2,0.0
80,0.6,4,B,random,0.5,0.4,0.2,0.2
80,0.6,4,B,random,0.6,0.6,0.6,0.0
80,0.6,4,B,random,0.7,0.8,0.8,0.0
80,0.6,4,B,random,0.8,0.2,0.0,0.2
80,0.6,4,B,random,0.9,1.0,1.0,0.0
80,0.6,4,B,random,1.0,0.6,0.6,0.0
80,0.6,5,B,acquiescent,0.1,0.6,0.8,-0.20000000000000007
80,0.6,5,B,acquiescent,0.2,0.6,0.4,0.19999999999999996
80,0.6,5,B,acquiescent,0.3,0.0,0.0,0.0
80,0.6,5,B,acquiescent,0.4,0.6,0.4,0.19999999999999996
80,0.6,5,B,acquiescent,0.5,0.6,0.6,0.0
80,0.6,5,B,acquiescent,0.6,0.4,0.6,-0.19999999999999996
80,0.6,5,B,acquiescent,0.7,0.6,0.6,0.0
80,0.6,5,B,acquiescent,0.8,1.0,1.0,0.0
80,0.6,5,B,acquiescent,0.9,1.0,1.0,0.0
80,0.6,5,B,acquiescent,1.0,1.0,1.0,0.0
80,0.6,5,B,fatigue,0.1,0.0,0.0,0.0
80,0.6,5,B,fatigue,0.2,0.2,0.2,0.0
80,0.6,5,B,fatigue,0.3,0.4,0.2,0.2
80,0.6,5,B,fatigue,0.4,0.2,0.4,-0.2
80,0.6,5,B,fatigue,0.5,0.2,0.4,-0.2
80,0.6,5,B,fatigue,0.6,0.6,0.4,0.19999999999999996
80,0.6,5,B,fatigue,0.7,0.8,0.8,0.0
80,0.6,5,B,fatigue,0.8,1.0,1.0,0.0
80,0.6,5,B,fatigue,0.9,0.8,0.8,0.0
80,0.6,5,B,fatigue,1.0,1.0,1.0,0.0
80,0.6,5,B,longstring,0.1,0.0,0.0,0.0
80,0.6,5,B,longstring,0.2,0.0,0.2,-0.2
80,0.6,5,B,longstring,0.3,0.6,0.6,0.0
80,0.6,5,B,longstring,0.4,0.8,0.6,0.20000000000000007
80,0.6,5,B,longstring,0.5,0.6,0.6,0.0
80,0.6,5,B,longstring,0.6,0.8,0.6,0.20000000000000007
80,0.6,5,B,longstring,0.7,0.6,0.6,0.0
80,0.6,5,B,longstring,0.8,1.0,1.0,0.0
80,0.6,5,B,longstring,0.9,0.4,0.4,0.0
80,0.6,5,B,longstring,1.0,0.8,0.8,0.0
80,0.6,5,B,mixed,0.1,0.4,0.2,0.2
80,0.6,5,B,mixed,0.2,0.2,0.2,0.0
80,0.6,5,B,mixed,0.3,0.2,0.0,0.2
80,0.6,5,B,mixed,0.4,0.6,0.2,0.39999999999999997
80,0.6,5,B,mixed,0.5,0.4,0.4,0.0
80,0.6,5,B,mixed,0.6,0.6,0.6,0.0
80,0.6,5,B,mixed,0.7,0.6,0.6,0.0
80,0.6,5,B,mixed,0.8,0.4,0.4,0.0
80,0.6,5,B,mixed,0.9,0.8,0.8,0.0
80,0.6,5,B,mixed,1.0,0.6,0.6,0.0
80,0.6,5,B,pure_straight,0.1,0.4,0.4,0.0
80,0.6,5,B,pure_straight,0.2,0.0,0.2,-0.2
80,0.6,5,B,pure_straight,0.3,0.8,0.6,0.20000000000000007
80,0.6,5,B,pure_straight,0.4,0.4,0.4,0.0
80,0.6,5,B,pure_straight,0.5,0.6,0.6,0.0
80,0.6,5,B,pure_straight,0.6,0.8,1.0,-0.19999999999999996
80,0.6,5,B,pure_straight,0.7,1.0,1.0,0.0
80,0.6,5,B,pure_straight,0.8,1.0,1.0,0.0
80,0.6,5,B,pure_straight,0.9,1.0,1.0,0.0
80,0.6,5,B,pure_straight,1.0,1.0,1.0,0.0
80,0.6,5,B,random,0.1,0.2,0.2,0.0
80,0.6,5,B,random,0.2,0.4,0.2,0.2
80,0.6,5,B,random,0.3,0.2,0.2,0.0
80,0.6,5,B,random,0.4,0.0,0.2,-0.2
80,0.6,5,B,random,0.5,0.4,0.2,0.2
80,0.6,5,B,random,0.6,0.2,0.2,0.0
80,0.6,5,B,random,0.7,0.6,0.0,0.6
80,0.6,5,B,random,0.8,0.4,0.2,0.2
80,0.6,5,B,random,0.9,0.0,0.2,-0.2
80,0.6,5,B,random,1.0,0.4,0.4,0.0
80,0.6,6,B,acquiescent,0.1,0.2,0.4,-0.2
80,0.6,6,B,acquiescent,0.2,0.2,0.4,-0.2
80,0.6,6,B,acquiescent,0.3,0.4,0.6,-0.19999999999999996
80,0.6,6,B,acquiescent,0.4,1.0,0.8,0.19999999999999996
80,0.6,6,B,acquiescent,0.5,0.6,0.6,0.0
80,0.6,6,B,acquiescent,0.6,0.8,0.8,0.0
80,0.6,6,B,acquiescent,0.7,1.0,1.0,0.0
80,0.6,6,B,acquiescent,0.8,1.0,1.0,0.0
80,0.6,6,B,acquiescent,0.9,1.0,1.0,0.0
80,0.6,6,B,acquiescent,1.0,1.0,1.0,0.0
80,0.6,6,B,fatigue,0.1,0.0,0.2,-0.2
80,0.6,6,B,fatigue,0.2,0.2,0.0,0.2
80,0.6,6,B,fatigue,0.3,0.2,0.2,0.0
80,0.6,6,B,fatigue,0.4,0.4,0.4,0.0
80,0.6,6,B,fatigue,0.5,0.2,0.4,-0.2
80,0.6,6,B,fatigue,0.6,0.0,0.0,0.0
80,0.6,6,B,fatigue,0.7,0.6,0.6,0.0
80,0.6,6,B,fatigue,0.8,0.8,0.8,0.0
80,0.6,6,B,fatigue,0.9,1.0,0.6,0.4
80,0.6,6,B,fatigue,1.0,0.8,0.6,0.20000000000000007
80,0.6,6,B,longstring,0.1,0.2,0.2,0.0
80,0.6,6,B,longstring,0.2,0.2,0.2,0.0
80,0.6,6,B,longstring,0.3,0.6,0.4,0.19999999999999996
80,0.6,6,B,longstring,0.4,0.4,0.2,0.2
80,0.6,6,B,longstring,0.5,0.6,0.6,0.0
80,0.6,6,B,longstring,0.6,1.0,0.8,0.19999999999999996
80,0.6,6,B,longstring,0.7,0.6,0.8,-0.20000000000000007
80,0.6,6,B,longstring,0.8,0.6,0.8,-0.20000000000000007
80,0.6,6,B,longstring,0.9,1.0,0.8,0.19999999999999996
80,0.6,6,B,longstring,1.0,1.0,1.0,0.0
80,0.6,6,B,mixed,0.1,0.2,0.2,0.0
80,0.6,6,B,mixed,0.2,0.2,0.2,0.0
80,0.6,6,B,mixed,0.3,0.2,0.4,-0.2
80,0.6,6,B,mixed,0.4,0.6,0.2,0.39999999999999997
80,0.6,6,B,mixed,0.5,0.4,0.4,0.0
80,0.6,6,B,mixed,0.6,0.6,0.2,0.39999999999999997
80,0.6,6,B,mixed,0.7,0.4,0.4,0.0
80,0.6,6,B,mixed,0.8,0.4,0.4,0.0
80,0.6,6,B,mixed,0.9,0.6,0.4,0.19999999999999996
80,0.6,6,B,mixed,1.0,0.6,0.6,0.0
80,0.6,6,B,pure_straight,0.1,0.0,0.2,-0.2
80,0.6,6,B,pure_straight,0.2,0.4,0.6,-0.19999999999999996
80,0.6,6,B,pure_straight,0.3,0.0,0.0,0.0
80,0.6,6,B,pure_straight,0.4,0.4,0.8,-0.4
80,0.6,6,B,pure_straight,0.5,1.0,0.8,0.19999999999999996
80,0.6,6,B,pure_straight,0.6,1.0,1.0,0.0
80,0.6,6,B,pure_straight,0.7,1.0,1.0,0.0
80,0.6,6,B,pure_straight,0.8,1.0,1.0,0.0
80,0.6,6,B,pure_straight,0.9,1.0,1.0,0.0
80,0.6,6,B,pure_straight,1.0,1.0,1.0,0.0
80,0.6,6,B,random,0.1,0.2,0.4,-0.2
80,0.6,6,B,random,0.2,0.2,0.0,0.2
80,0.6,6,B,random,0.3,0.8,0.2,0.6000000000000001
80,0.6,6,B,random,0.4,0.4,0.0,0.4
80,0.6,6,B,random,0.5,0.2,0.4,-0.2
80,0.6,6,B,random,0.6,0.8,0.6,0.20000000000000007
80,0.6,6,B,random,0.7,0.4,0.0,0.4
80,0.6,6,B,random,0.8,0.6,0.8,-0.20000000000000007
80,0.6,6,B,random,0.9,0.6,0.4,0.19999999999999996
80,0.6,6,B,random,1.0,0.8,0.6,0.20000000000000007
80,0.6,7,B,acquiescent,0.1,0.0,0.2,-0.2
80,0.6,7,B,acquiescent,0.2,0.0,0.2,-0.2
80,0.6,7,B,acquiescent,0.3,0.0,0.4,-0.4
80,0.6,7,B,acquiescent,0.4,0.8,0.8,0.0
80,0.6,7,B,acquiescent,0.5,0.4,0.6,-0.19999999999999996
80,0.6,7,B,acquiescent,0.6,0.8,0.8,0.0
80,0.6,7,B,acquiescent,0.7,0.8,1.0,-0.19999999999999996
80,0.6,7,B,acquiescent,0.8,1.0,1.0,0.0
80,0.6,7,B,acquiescent,0.9,1.0,1.0,0.0
80,0.6,7,B,acquiescent,1.0,1.0,1.0,0.0
80,0.6,7,B,fatigue,0.1,0.0,0.0,0.0
80,0.6,7,B,fatigue,0.2,0.2,0.2,0.0
80,0.6,7,B,fatigue,0.3,0.2,0.2,0.0
80,0.6,7,B,fatigue,0.4,0.2,0.2,0.0
80,0.6,7,B,fatigue,0.5,0.2,0.2,0.0
80,0.6,7,B,fatigue,0.6,0.6,0.6,0.0
80,0.6,7,B,fatigue,0.7,0.4,0.4,0.0
80,0.6,7,B,fatigue,0.8,1.0,0.8,0.19999999999999996
80,0.6,7,B,fatigue,0.9,0.8,0.8,0.0
80,0.6,7,B,fatigue,1.0,0.8,0.6,0.20000000000000007
80,0.6,7,B,longstring,0.1,0.4,0.0,0.4
80,0.6,7,B,longstring,0.2,0.0,0.0,0.0
80,0.6,7,B,longstring,0.3,0.8,0.4,0.4
80,0.6,7,B,longstring,0.4,0.8,0.8,0.0
80,0.6,7,B,longstring,0.5,0.8,0.6,0.20000000000000007
80,0.6,7,B,longstring,0.6,1.0,1.0,0.0
80,0.6,7,B,longstring,0.7,0.8,0.6,0.20000000000000007
80,0.6,7,B,longstring,0.8,0.8,0.8,0.0
80,0.6,7,B,longstring,0.9,1.0,1.0,0.0
80,0.6,7,B,longstring,1.0,0.6,0.4,0.19999999999999996
80,0.6,7,B,mixed,0.1,0.2,0.2,0.0
80,0.6,7,B,mixed,0.2,0.4,0.2,0.2
80,0.6,7,B,mixed,0.3,0.0,0.0,0.0
80,0.6,7,B,mixed,0.4,0.6,0.4,0.19999999999999996
80,0.6,7,B,mixed,0.5,0.0,0.0,0.0
80,0.6,7,B,mixed,0.6,0.6,0.6,0.0
80,0.6,7,B,mixed,0.7,0.4,0.6,-0.19999999999999996
80,0.6,7,B,mixed,0.8,0.6,0.8,-0.20000000000000007
80,0.6,7,B,mixed,0.9,0.6,0.8,-0.20000000000000007
80,0.6,7,B,mixed,1.0,0.8,0.8,0.0
80,0.6,7,B,pure_straight,0.1,0.6,0.6,0.0
80,0.6,7,B,pure_straight,0.2,0.2,0.2,0.0
80,0.6,7,B,pure_straight,0.3,0.2,0.4,-0.2
80,0.6,7,B,pure_straight,0.4,0.6,0.6,0.0
80,0.6,7,B,pure_straight,0.5,1.0,0.6,0.4
80,0.6,7,B,pure_straight,0.6,0.6,1.0,-0.4
80,0.6,7,B,pure_straight,0.7,1.0,1.0,0.0
80,0.6,7,B,pure_straight,0.8,1.0,1.0,0.0
80,0.6,7,B,pure_straight,0.9,1.0,1.0,0.0
80,0.6,7,B,pure_straight,1.0,1.0,1.0,0.0
80,0.6,7,B,random,0.1,0.0,0.4,-0.4
80,0.6,7,B,random,0.2,0.2,0.2,0.0
80,0.6,7,B,random,0.3,0.2,0.2,0.0
80,0.6,7,B,random,0.4,0.2,0.2,0.0
80,0.6,7,B,random,0.5,0.2,0.0,0.2
80,0.6,7,B,random,0.6,0.0,0.0,0.0
80,0.6,7,B,random,0.7,0.8,0.8,0.0
80,0.6,7,B,random,0.8,0.6,0.6,0.0
80,0.6,7,B,random,0.9,0.2,0.4,-0.2
80,0.6,7,B,random,1.0,0.8,0.8,0.0
80,0.6,8,B,acquiescent,0.1,0.0,0.2,-0.2
80,0.6,8,B,acquiescent,0.2,0.2,0.4,-0.2
80,0.6,8,B,acquiescent,0.3,0.4,0.2,0.2
80,0.6,8,B,acquiescent,0.4,0.2,0.6,-0.39999999999999997
80,0.6,8,B,acquiescent,0.5,0.8,0.6,0.20000000000000007
80,0.6,8,B,acquiescent,0.6,0.6,0.4,0.19999999999999996
80,0.6,8,B,acquiescent,0.7,0.8,0.8,0.0
80,0.6,8,B,acquiescent,0.8,1.0,1.0,0.0
80,0.6,8,B,acquiescent,0.9,1.0,1.0,0.0
80,0.6,8,B,acquiescent,1.0,1.0,1.0,0.0
80,0.6,8,B,fatigue,0.1,0.2,0.0,0.2
80,0.6,8,B,fatigue,0.2,0.0,0.2,-0.2
80,0.6,8,B,fatigue,0.3,0.2,0.2,0.0
80,0.6,8,B,fatigue,0.4,0.2,0.4,-0.2
80,0.6,8,B,fatigue,0.5,0.4,0.4,0.0
80,0.6,8,B,fatigue,0.6,0.4,0.4,0.0
80,0.6,8,B,fatigue,0.7,1.0,0.8,0.19999999999999996
80,0.6,8,B,fatigue,0.8,0.6,0.6,0.0
80,0.6,8,B,fatigue,0.9,0.8,0.8,0.0
80,0.6,8,B,fatigue,1.0,0.8,0.6,0.20000000000000007
80,0.6,8,B,longstring,0.1,0.2,0.2,0.0
80,0.6,8,B,longstring,0.2,0.0,0.2,-0.2
80,0.6,8,B,longstring,0.3,0.4,0.4,0.0
80,0.6,8,B,longstring,0.4,0.6,0.4,0.19999999999999996
80,0.6,8,B,longstring,0.5,0.4,0.6,-0.19999999999999996
80,0.6,8,B,longstring,0.6,0.6,0.6,0.0
80,0.6,8,B,longstring,0.7,0.8,0.8,0.0
80,0.6,8,B,longstring,0.8,1.0,1.0,0.0
80,0.6,8,B,longstring,0.9,0.8,1.0,-0.19999999999999996
80,0.6,8,B,longstring,1.0,1.0,1.0,0.0
80,0.6,8,B,mixed,0.1,0.4,0.2,0.2
80,0.6,8,B,mixed,0.2,0.0,0.2,-0.2
80,0.6,8,B,mixed,0.3,0.2,0.2,0.0
80,0.6,8,B,mixed,0.4,0.4,0.2,0.2
80,0.6,8,B,mixed,0.5,0.6,0.6,0.0
80,0.6,8,B,mixed,0.6,0.4,0.4,0.0
80,0.6,8,B,mixed,0.7,0.4,0.2,0.2
80,0.6,8,B,mixed,0.8,0.6,0.4,0.19999999999999996
80,0.6,8,B,mixed,0.9,0.6,0.4,0.19999999999999996
80,0.6,8,B,mixed,1.0,0.6,0.4,0.19999999999999996
80,0.6,8,B,pure_straight,0.1,0.6,0.4,0.19999999999999996
80,0.6,8,B,pure_straight,0.2,0.4,0.0,0.4
80,0.6,8,B,pure_straight,0.3,0.2,0.4,-0.2
80,0.6,8,B,pure_straight,0.4,0.4,0.6,-0.19999999999999996
80,0.6,8,B,pure_straight,0.5,1.0,1.0,0.0
80,0.6,8,B,pure_straight,0.6,0.8,0.6,0.20000000000000007
80,0.6,8,B,pure_straight,0.7,1.0,1.0,0.0
80,0.6,8,B,pure_straight,0.8,0.8,1.0,-0.19999999999999996
80,0.6,8,B,pure_straight,0.9,1.0,1.0,0.0
80,0.6,8,B,pure_straight,1.0,1.0,1.0,0.0
80,0.6,8,B,random,0.1,0.0,0.2,-0.2
80,0.6,8,B,random,0.2,0.2,0.2,0.0
80,0.6,8,B,random,0.3,0.4,0.6,-0.19999999999999996
80,0.6,8,B,random,0.4,0.4,0.6,-0.19999999999999996
80,0.6,8,B,random,0.5,0.4,0.4,0.0
80,0.6,8,B,random,0.6,0.6,0.4,0.19999999999999996
80,0.6,8,B,random,0.7,0.4,0.2,0.2
80,0.6,8,B,random,0.8,0.6,0.4,0.19999999999999996
80,0.6,8,B,random,0.9,0.8,0.4,0.4
80,0.6,8,B,random,1.0,0.4,0.2,0.2
80,0.6,9,B,acquiescent,0.1,0.0,0.2,-0.2
80,0.6,9,B,acquiescent,0.2,0.4,0.2,0.2
80,0.6,9,B,acquiescent,0.3,0.4,0.4,0.0
80,0.6,9,B,acquiescent,0.4,1.0,1.0,0.0
80,0.6,9,B,acquiescent,0.5,0.2,0.2,0.0
80,0.6,9,B,acquiescent,0.6,0.8,0.6,0.20000000000000007
80,0.6,9,B,acquiescent,0.7,0.6,0.6,0.0
80,0.6,9,B,acquiescent,0.8,0.8,0.8,0.0
80,0.6,9,B,acquiescent,0.9,1.0,1.0,0.0
80,0.6,9,B,acquiescent,1.0,1.0,1.0,0.0
80,0.6,9,B,fatigue,0.1,0.0,0.0,0.0
80,0.6,9,B,fatigue,0.2,0.2,0.2,0.0
80,0.6,9,B,fatigue,0.3,0.2,0.2,0.0
80,0.6,9,B,fatigue,0.4,0.2,0.2,0.0
80,0.6,9,B,fatigue,0.5,0.0,0.0,0.0
80,0.6,9,B,fatigue,0.6,0.6,0.6,0.0
80,0.6,9,B,fatigue,0.7,1.0,1.0,0.0
80,0.6,9,B,fatigue,0.8,0.8,0.8,0.0
80,0.6,9,B,fatigue,0.9,0.8,0.8,0.0
80,0.6,9,B,fatigue,1.0,1.0,1.0,0.0
80,0.6,9,B,longstring,0.1,0.2,0.0,0.2
80,0.6,9,B,longstring,0.2,0.2,0.2,0.0
80,0.6,9,B,longstring,0.3,0.2,0.2,0.0
80,0.6,9,B,longstring,0.4,0.6,0.4,0.19999999999999996
80,0.6,9,B,longstring,0.5,0.4,0.2,0.2
80,0.6,9,B,longstring,0.6,0.6,0.8,-0.20000000000000007
80,0.6,9,B,longstring,0.7,0.6,0.6,0.0
80,0.6,9,B,longstring,0.8,1.0,1.0,0.0
80,0.6,9,B,longstring,0.9,0.6,0.6,0.0
80,0.6,9,B,longstring,1.0,0.8,0.8,0.0
80,0.6,9,B,mixed,0.1,0.4,0.6,-0.19999999999999996
80,0.6,9,B,mixed,0.2,0.2,0.2,0.0
80,0.6,9,B,mixed,0.3,0.2,0.4,-0.2
80,0.6,9,B,mixed,0.4,0.4,0.8,-0.4
80,0.6,9,B,mixed,0.5,0.4,0.2,0.2
80,0.6,9,B,mixed,0.6,0.4,0.0,0.4
80,0.6,9,B,mixed,0.7,0.6,0.4,0.19999999999999996
80,0.6,9,B,mixed,0.8,0.8,0.8,0.0
80,0.6,9,B,mixed,0.9,0.6,0.2,0.39999999999999997
80,0.6,9,B,mixed,1.0,0.6,0.2,0.39999999999999997
80,0.6,9,B,pure_straight,0.1,0.2,0.2,0.0
80,0.6,9,B,pure_straight,0.2,0.4,0.4,0.0
80,0.6,9,B,pure_straight,0.3,0.4,0.6,-0.19999999999999996
80,0.6,9,B,pure_straight,0.4,0.2,0.2,0.0
80,0.6,9,B,pure_straight,0.5,1.0,1.0,0.0
80,0.6,9,B,pure_straight,0.6,0.6,0.8,-0.20000000000000007
80,0.6,9,B,pure_straight,0.7,1.0,1.0,0.0
80,0.6,9,B,pure_straight,0.8,0.8,1.0,-0.19999999999999996
80,0.6,9,B,pure_straight,0.9,1.0,1.0,0.0
80,0.6,9,B,pure_straight,1.0,1.0,1.0,0.0
80,0.6,9,B,random,0.1,0.2,0.0,0.2
80,0.6,9,B,random,0.2,0.2,0.2,0.0
80,0.6,9,B,random,0.3,0.2,0.2,0.0
80,0.6,9,B,random,0.4,0.4,0.6,-0.19999999999999996
80,0.6,9,B,random,0.5,0.6,0.6,0.0
80,0.6,9,B,random,0.6,0.6,0.6,0.0
80,0.6,9,B,random,0.7,0.6,0.4,0.19999999999999996
80,0.6,9,B,random,0.8,0.8,0.6,0.20000000000000007
80,0.6,9,B,random,0.9,0.4,0.6,-0.19999999999999996
80,0.6,9,B,random,1.0,0.6,0.4,0.19999999999999996
80,0.6,10,B,acquiescent,0.1,0.2,0.2,0.0
80,0.6,10,B,acquiescent,0.2,0.4,0.2,0.2
80,0.6,10,B,acquiescent,0.3,0.4,0.6,-0.19999999999999996
80,0.6,10,B,acquiescent,0.4,0.4,0.2,0.2
80,0.6,10,B,acquiescent,0.5,0.4,0.2,0.2
80,0.6,10,B,acquiescent,0.6,0.8,1.0,-0.19999999999999996
80,0.6,10,B,acquiescent,0.7,0.6,1.0,-0.4
80,0.6,10,B,acquiescent,0.8,1.0,1.0,0.0
80,0.6,10,B,acquiescent,0.9,1.0,1.0,0.0
80,0.6,10,B,acquiescent,1.0,1.0,1.0,0.0
80,0.6,10,B,fatigue,0.1,0.0,0.0,0.0
80,0.6,10,B,fatigue,0.2,0.0,0.0,0.0
80,0.6,10,B,fatigue,0.3,0.2,0.4,-0.2
80,0.6,10,B,fatigue,0.4,0.6,0.4,0.19999999999999996
80,0.6,10,B,fatigue,0.5,0.6,0.6,0.0
80,0.6,10,B,fatigue,0.6,0.2,0.2,0.0
80,0.6,10,B,fatigue,0.7,0.4,1.0,-0.6
80,0.6,10,B,fatigue,0.8,1.0,0.4,0.6
80,0.6,10,B,fatigue,0.9,0.8,0.8,0.0
80,0.6,10,B,fatigue,1.0,1.0,0.8,0.19999999999999996
80,0.6,10,B,longstring,0.1,0.2,0.0,0.2
80,0.6,10,B,longstring,0.2,0.2,0.0,0.2
80,0.6,10,B,longstring,0.3,0.4,0.2,0.2
80,0.6,10,B,longstring,0.4,0.4,0.6,-0.19999999999999996
80,0.6,10,B,longstring,0.5,0.8,1.0,-0.19999999999999996
80,0.6,10,B,longstring,0.6,0.6,0.6,0.0
80,0.6,10,B,longstring,0.7,0.6,0.6,0.0
80,0.6,10,B,longstring,0.8,1.0,1.0,0.0
80,0.6,10,B,longstring,0.9,1.0,0.8,0.19999999999999996
80,0.6,10,B,longstring,1.0,1.0,1.0,0.0
80,0.6,10,B,mixed,0.1,0.4,0.2,0.2
80,0.6,10,B,mixed,0.2,0.6,0.2,0.39999999999999997
80,0.6,10,B,mixed,0.3,0.0,0.2,-0.2
80,0.6,10,B,mixed,0.4,0.0,0.2,-0.2
80,0.6,10,B,mixed,0.5,0.6,0.4,0.19999999999999996
80,0.6,10,B,mixed,0.6,0.0,0.0,0.0
80,0.6,10,B,mixed,0.7,1.0,0.4,0.6
80,0.6,10,B,mixed,0.8,0.8,0.8,0.0
80,0.6,10,B,mixed,0.9,0.4,0.4,0.0
80,0.6,10,B,mixed,1.0,0.4,0.6,-0.19999999999999996
80,0.6,10,B,pure_straight,0.1,0.2,0.4,-0.2
80,0.6,10,B,pure_straight,0.2,0.4,0.6,-0.19999999999999996
80,0.6,10,B,pure_straight,0.3,0.4,0.6,-0.19999999999999996
80,0.6,10,B,pure_straight,0.4,0.8,1.0,-0.19999999999999996
80,0.6,10,B,pure_straight,0.5,0.8,0.8,0.0
80,0.6,10,B,pure_straight,0.6,1.0,1.0,0.0
80,0.6,10,B,pure_straight,0.7,1.0,0.8,0.19999999999999996
80,0.6,10,B,pure_straight,0.8,1.0,1.0,0.0
80,0.6,10,B,pure_straight,0.9,1.0,1.0,0.0
80,0.6,10,B,pure_straight,1.0,1.0,1.0,0.0
80,0.6,10,B,random,0.1,0.0,0.2,-0.2
80,0.6,10,B,random,0.2,0.2,0.0,0.2
80,0.6,10,B,random,0.3,0.0,0.2,-0.2
80,0.6,10,B,random,0.4,0.2,0.6,-0.39999999999999997
80,0.6,10,B,random,0.5,0.6,0.6,0.0
80,0.6,10,B,random,0.6,0.2,0.2,0.0
80,0.6,10,B,random,0.7,0.6,0.4,0.19999999999999996
80,0.6,10,B,random,0.8,0.6,0.4,0.19999999999999996
80,0.6,10,B,random,0.9,0.4,0.6,-0.19999999999999996
80,0.6,10,B,random,1.0,0.8,0.4,0.4
80,0.6,11,B,acquiescent,0.1,0.0,0.4,-0.4
80,0.6,11,B,acquiescent,0.2,0.0,0.0,0.0
80,0.6,11,B,acquiescent,0.3,0.4,0.4,0.0
80,0.6,11,B,acquiescent,0.4,0.6,0.6,0.0
80,0.6,11,B,acquiescent,0.5,0.4,0.4,0.0
80,0.6,11,B,acquiescent,0.6,0.8,0.8,0.0
80,0.6,11,B,acquiescent,0.7,1.0,1.0,0.0
80,0.6,11,B,acquiescent,0.8,1.0,1.0,0.0
80,0.6,11,B,acquiescent,0.9,1.0,1.0,0.0
80,0.6,11,B,acquiescent,1.0,1.0,1.0,0.0
80,0.6,11,B,fatigue,0.1,0.2,0.0,0.2
80,0.6,11,B,fatigue,0.2,0.2,0.4,-0.2
80,0.6,11,B,fatigue,0.3,0.2,0.6,-0.39999999999999997
80,0.6,11,B,fatigue,0.4,0.4,0.8,-0.4
80,0.6,11,B,fatigue,0.5,0.6,0.6,0.0
80,0.6,11,B,fatigue,0.6,0.6,0.4,0.19999999999999996
80,0.6,11,B,fatigue,0.7,0.4,0.6,-0.19999999999999996
80,0.6,11,B,fatigue,0.8,0.6,0.6,0.0
80,0.6,11,B,fatigue,0.9,1.0,1.0,0.0
80,0.6,11,B,fatigue,1.0,0.8,0.8,0.0
80,0.6,11,B,longstring,0.1,0.0,0.0,0.0
80,0.6,11,B,longstring,0.2,0.4,0.2,0.2
80,0.6,11,B,longstring,0.3,0.4,0.4,0.0
80,0.6,11,B,longstring,0.4,0.6,0.6,0.0
80,0.6,11,B,longstring,0.5,0.4,0.4,0.0
80,0.6,11,B,longstring,0.6,0.8,0.6,0.20000000000000007
80,0.6,11,B,longstring,0.7,0.4,0.8,-0.4
80,0.6,11,B,longstring,0.8,0.4,0.4,0.0
80,0.6,11,B,longstring,0.9,0.6,0.8,-0.20000000000000007
80,0.6,11,B,longstring,1.0,0.8,0.8,0.0
80,0.6,11,B,mixed,0.1,0.0,0.0,0.0
80,0.6,11,B,mixed,0.2,0.0,0.2,-0.2
80,0.6,11,B,mixed,0.3,0.4,0.2,0.2
80,0.6,11,B,mixed,0.4,0.4,0.2,0.2
80,0.6,11,B,mixed,0.5,0.4,0.6,-0.19999999999999996
80,0.6,11,B,mixed,0.6,0.8,0.6,0.20000000000000007
80,0.6,11,B,mixed,0.7,0.8,0.8,0.0
80,0.6,11,B,mixed,0.8,0.6,0.6,0.0
80,0.6,11,B,mixed,0.9,0.8,0.4,0.4
80,0.6,11,B,mixed,1.0,0.6,0.6,0.0
80,0.6,11,B,pure_straight,0.1,0.4,0.0,0.4
80,0.6,11,B,pure_straight,0.2,0.4,0.6,-0.19999999999999996
80,0.6,11,B,pure_straight,0.3,0.2,0.2,0.0
80,0.6,11,B,pure_straight,0.4,0.2,0.4,-0.2
80,0.6,11,B,pure_straight,0.5,1.0,0.8,0.19999999999999996
80,0.6,11,B,pure_straight,0.6,0.8,0.8,0.0
80,0.6,11,B,pure_straight,0.7,1.0,0.8,0.19999999999999996
80,0.6,11,B,pure_straight,0.8,1.0,1.0,0.0
80,0.6,11,B,pure_straight,0.9,1.0,1.0,0.0
80,0.6,11,B,pure_straight,1.0,1.0,1.0,0.0
80,0.6,11,B,random,0.1,0.2,0.0,0.2
80,0.6,11,B,random,0.2,0.4,0.2,0.2
80,0.6,11,B,random,0.3,0.2,0.2,0.0
80,0.6,11,B,random,0.4,0.4,0.4,0.0
80,0.6,11,B,random,0.5,0.6,0.8,-0.20000000000000007
80,0.6,11,B,random,0.6,0.2,0.2,0.0
80,0.6,11,B,random,0.7,0.4,0.2,0.2
80,0.6,11,B,random,0.8,0.6,0.0,0.6
80,0.6,11,B,random,0.9,1.0,1.0,0.0
80,0.6,11,B,random,1.0,0.6,0.2,0.39999999999999997
80,0.6,12,B,acquiescent,0.1,0.4,0.4,0.0
80,0.6,12,B,acquiescent,0.2,0.2,0.2,0.0
80,0.6,12,B,acquiescent,0.3,0.4,0.2,0.2
80,0.6,12,B,acquiescent,0.4,0.4,0.6,-0.19999999999999996
80,0.6,12,B,acquiescent,0.5,0.2,0.4,-0.2
80,0.6,12,B,acquiescent,0.6,0.8,0.8,0.0
80,0.6,12,B,acquiescent,0.7,1.0,1.0,0.0
80,0.6,12,B,acquiescent,0.8,1.0,1.0,0.0
80,0.6,12,B,acquiescent,0.9,1.0,1.0,0.0
80,0.6,12,B,acquiescent,1.0,1.0,1.0,0.0
80,0.6,12,B,fatigue,0.1,0.2,0.2,0.0
80,0.6,12,B,fatigue,0.2,0.0,0.4,-0.4
80,0.6,12,B,fatigue,0.3,0.0,0.2,-0.2
80,0.6,12,B,fatigue,0.4,0.4,0.6,-0.19999999999999996
80,0.6,12,B,fatigue,0.5,0.0,0.4,-0.4
80,0.6,12,B,fatigue,0.6,0.4,0.4,0.0
80,0.6,12,B,fatigue,0.7,0.8,0.4,0.4
80,0.6,12,B,fatigue,0.8,0.8,0.6,0.20000000000000007
80,0.6,12,B,fatigue,0.9,0.8,0.8,0.0
80,0.6,12,B,fatigue,1.0,1.0,0.8,0.19999999999999996
80,0.6,12,B,longstring,0.1,0.2,0.2,0.0
80,0.6,12,B,longstring,0.2,0.4,0.2,0.2
80,0.6,12,B,longstring,0.3,0.2,0.2,0.0
80,0.6,12,B,longstring,0.4,0.2,0.2,0.0
80,0.6,12,B,longstring,0.5,0.6,0.2,0.39999999999999997
80,0.6,12,B,longstring,0.6,0.6,0.6,0.0
80,0.6,12,B,longstring,0.7,1.0,0.6,0.4
80,0.6,12,B,longstring,0.8,0.6,0.8,-0.20000000000000007
80,0.6,12,B,longstring,0.9,0.8,1.0,-0.19999999999999996
80,0.6,12,B,longstring,1.0,0.8,0.8,0.0
80,0.6,12,B,mixed,0.1,0.0,0.0,0.0
80,0.6,12,B,mixed,0.2,0.4,0.2,0.2
80,0.6,12,B,mixed,0.3,0.4,0.6,-0.19999999999999996
80,0.6,12,B,mixed,0.4,0.6,0.6,0.0
80,0.6,12,B,mixed,0.5,0.6,0.6,0.0
80,0.6,12,B,mixed,0.6,0.2,0.4,-0.2
80,0.6,12,B,mixed,0.7,0.4,0.0,0.4
80,0.6,12,B,mixed,0.8,0.6,0.6,0.0
80,0.6,12,B,mixed,0.9,0.6,0.6,0.0
80,0.6,12,B,mixed,1.0,0.4,0.6,-0.19999999999999996
80,0.6,12,B,pure_straight,0.1,0.0,0.0,0.0
80,0.6,12,B,pure_straight,0.2,0.4,0.6,-0.19999999999999996
80,0.6,12,B,pure_straight,0.3,0.2,0.2,0.0
80,0.6,12,B,pure_straight,0.4,0.6,0.6,0.0
80,0.6,12,B,pure_straight,0.5,1.0,1.0,0.0
80,0.6,12,B,pure_straight,0.6,1.0,1.0,0.0
80,0.6,12,B,pure_straight,0.7,0.8,0.8,0.0
80,0.6,12,B,pure_straight,0.8,1.0,1.0,0.0
80,0.6,12,B,pure_straight,0.9,1.0,1.0,0.0
80,0.6,12,B,pure_straight,1.0,1.0,1.0,0.0
80,0.6,12,B,random,0.1,0.0,0.0,0.0
80,0.6,12,B,random,0.2,0.2,0.2,0.0
80,0.6,12,B,random,0.3,0.2,0.0,0.2
80,0.6,12,B,random,0.4,0.4,0.4,0.0
80,0.6,12,B,random,0.5,0.4,0.4,0.0
80,0.6,12,B,random,0.6,0.6,0.4,0.19999999999999996
80,0.6,12,B,random,0.7,0.8,0.6,0.20000000000000007
80,0.6,12,B,random,0.8,0.8,0.8,0.0
80,0.6,12,B,random,0.9,0.6,0.8,-0.20000000000000007
80,0.6,12,B,random,1.0,0.8,0.6,0.20000000000000007
100,0.1,1,B,acquiescent,0.1,0.0,0.0,0.0
100,0.1,1,B,acquiescent,0.2,0.0,0.0,0.0
100,0.1,1,B,acquiescent,0.3,0.0,0.0,0.0
100,0.1,1,B,acquiescent,0.4,0.0,0.0,0.0
100,0.1,1,B,acquiescent,0.5,1.0,1.0,0.0
100,0.1,1,B,acquiescent,0.6,1.0,1.0,0.0
100,0.1,1,B,acquiescent,0.7,1.0,1.0,0.0
100,0.1,1,B,acquiescent,1.0,1.0,1.0,0.0
100,0.1,1,B,fatigue,0.3,0.0,0.0,0.0
100,0.1,1,B,fatigue,0.4,0.0,0.0,0.0
100,0.1,1,B,fatigue,0.5,0.0,0.0,0.0
100,0.1,1,B,fatigue,0.6,0.0,0.0,0.0
100,0.1,1,B,fatigue,0.7,1.0,1.0,0.0
100,0.1,1,B,fatigue,0.8,1.0,0.0,1.0
100,0.1,1,B,fatigue,0.9,1.0,1.0,0.0
100,0.1,1,B,fatigue,1.0,0.0,0.0,0.0
100,0.1,1,B,longstring,0.1,0.0,0.0,0.0
100,0.1,1,B,longstring,0.2,0.0,0.0,0.0
100,0.1,1,B,longstring,0.3,1.0,1.0,0.0
100,0.1,1,B,longstring,0.4,0.0,0.0,0.0
100,0.1,1,B,longstring,0.6,0.0,0.0,0.0
100,0.1,1,B,longstring,0.7,1.0,1.0,0.0
100,0.1,1,B,longstring,0.8,0.0,0.0,0.0
100,0.1,1,B,longstring,0.9,1.0,1.0,0.0
100,0.1,1,B,longstring,1.0,1.0,1.0,0.0
100,0.1,1,B,mixed,0.1,0.0,0.0,0.0
100,0.1,1,B,mixed,0.2,0.0,1.0,-1.0
100,0.1,1,B,mixed,0.3,0.0,0.0,0.0
100,0.1,1,B,mixed,0.4,1.0,1.0,0.0
100,0.1,1,B,mixed,0.7,0.0,0.0,0.0
100,0.1,1,B,mixed,0.8,0.0,0.0,0.0
100,0.1,1,B,mixed,0.9,0.0,0.0,0.0
100,0.1,1,B,mixed,1.0,0.0,0.0,0.0
100,0.1,1,B,pure_straight,0.1,0.0,0.0,0.0
100,0.1,1,B,pure_straight,0.2,0.0,0.0,0.0
100,0.1,1,B,pure_straight,0.4,1.0,1.0,0.0
100,0.1,1,B,pure_straight,0.5,1.0,1.0,0.0
100,0.1,1,B,pure_straight,0.6,1.0,1.0,0.0
100,0.1,1,B,pure_straight,0.8,1.0,1.0,0.0
100,0.1,1,B,pure_straight,0.9,1.0,1.0,0.0
100,0.1,1,B,pure_straight,1.0,1.0,1.0,0.0
100,0.1,1,B,random,0.1,0.0,0.0,0.0
100,0.1,1,B,random,0.2,0.0,0.0,0.0
100,0.1,1,B,random,0.3,0.0,0.0,0.0
100,0.1,1,B,random,0.4,0.0,0.0,0.0
100,0.1,1,B,random,0.6,0.0,0.0,0.0
100,0.1,1,B,random,0.7,0.0,0.0,0.0
100,0.1,1,B,random,0.8,0.0,0.0,0.0
100,0.1,1,B,random,0.9,0.0,0.0,0.0
100,0.1,1,B,random,1.0,0.0,0.0,0.0
100,0.1,2,B,acquiescent,0.1,0.0,0.0,0.0
100,0.1,2,B,acquiescent,0.2,0.0,0.0,0.0
100,0.1,2,B,acquiescent,0.3,0.0,0.0,0.0
100,0.1,2,B,acquiescent,0.5,0.0,0.0,0.0
100,0.1,2,B,acquiescent,0.6,1.0,1.0,0.0
100,0.1,2,B,acquiescent,0.7,1.0,1.0,0.0
100,0.1,2,B,acquiescent,0.8,1.0,0.0,1.0
100,0.1,2,B,acquiescent,0.9,1.0,1.0,0.0
100,0.1,2,B,fatigue,0.1,0.0,0.0,0.0
100,0.1,2,B,fatigue,0.2,0.0,0.0,0.0
100,0.1,2,B,fatigue,0.4,0.0,0.0,0.0
100,0.1,2,B,fatigue,0.6,1.0,0.0,1.0
100,0.1,2,B,fatigue,0.7,0.0,0.0,0.0
100,0.1,2,B,fatigue,0.8,0.0,0.0,0.0
100,0.1,2,B,fatigue,0.9,1.0,1.0,0.0
100,0.1,2,B,fatigue,1.0,1.0,1.0,0.0
100,0.1,2,B,longstring,0.1,0.0,0.0,0.0
100,0.1,2,B,longstring,0.2,0.0,0.0,0.0
100,0.1,2,B,longstring,0.3,1.0,1.0,0.0
100,0.1,2,B,longstring,0.4,0.0,0.0,0.0
100,0.1,2,B,longstring,0.5,1.0,1.0,0.0
100,0.1,2,B,longstring,0.6,0.0,0.0,0.0
100,0.1,2,B,longstring,0.7,1.0,1.0,0.0
100,0.1,2,B,longstring,0.8,0.0,0.0,0.0
100,0.1,2,B,longstring,1.0,1.0,1.0,0.0
100,0.1,2,B,mixed,0.1,0.0,0.0,0.0
100,0.1,2,B,mixed,0.2,0.0,0.0,0.0
100,0.1,2,B,mixed,0.3,0.0,0.0,0.0
100,0.1,2,B,mixed,0.5,0.0,0.0,0.0
100,0.1,2,B,mixed,0.6,0.0,0.0,0.0
100,0.1,2,B,mixed,0.7,0.0,0.0,0.0
100,0.1,2,B,mixed,0.9,1.0,1.0,0.0
100,0.1,2,B,mixed,1.0,1.0,1.0,0.0
100,0.1,2,B,pure_straight,0.1,0.0,0.0,0.0
100,0.1,2,B,pure_straight,0.2,0.0,0.0,0.0
100,0.1,2,B,pure_straight,0.3,0.0,1.0,-1.0
100,0.1,2,B,pure_straight,0.4,1.0,1.0,0.0
100,0.1,2,B,pure_straight,0.6,1.0,1.0,0.0
100,0.1,2,B,pure_straight,0.8,1.0,1.0,0.0
100,0.1,2,B,pure_straight,0.9,1.0,1.0,0.0
100,0.1,2,B,pure_straight,1.0,1.0,1.0,0.0
100,0.1,2,B,random,0.1,1.0,1.0,0.0
100,0.1,2,B,random,0.2,0.0,0.0,0.0
100,0.1,2,B,random,0.3,0.0,0.0,0.0
100,0.1,2,B,random,0.5,1.0,1.0,0.0
100,0.1,2,B,random,0.6,0.0,0.0,0.0
100,0.1,2,B,random,0.7,1.0,1.0,0.0
100,0.1,2,B,random,0.8,0.0,0.0,0.0
100,0.1,2,B,random,0.9,0.0,0.0,0.0
100,0.1,2,B,random,1.0,1.0,0.0,1.0
100,0.1,3,B,acquiescent,0.1,0.0,0.0,0.0
100,0.1,3,B,acquiescent,0.3,1.0,0.0,1.0
100,0.1,3,B,acquiescent,0.4,1.0,1.0,0.0
100,0.1,3,B,acquiescent,0.5,0.0,0.0,0.0
100,0.1,3,B,acquiescent,0.6,0.0,1.0,-1.0
100,0.1,3,B,acquiescent,0.8,1.0,1.0,0.0
100,0.1,3,B,acquiescent,0.9,1.0,1.0,0.0
100,0.1,3,B,acquiescent,1.0,1.0,1.0,0.0
100,0.1,3,B,fatigue,0.2,0.0,0.0,0.0
100,0.1,3,B,fatigue,0.3,0.0,0.0,0.0
100,0.1,3,B,fatigue,0.4,0.0,0.0,0.0
100,0.1,3,B,fatigue,0.5,0.0,0.0,0.0
100,0.1,3,B,fatigue,0.6,1.0,1.0,0.0
100,0.1,3,B,fatigue,0.7,0.0,0.0,0.0
100,0.1,3,B,fatigue,0.8,1.0,1.0,0.0
100,0.1,3,B,fatigue,0.9,0.0,0.0,0.0
100,0.1,3,B,longstring,0.1,0.0,0.0,0.0
100,0.1,3,B,longstring,0.2,0.0,0.0,0.0
100,0.1,3,B,longstring,0.3,0.0,0.0,0.0
100,0.1,3,B,longstring,0.5,1.0,1.0,0.0
100,0.1,3,B,longstring,0.6,1.0,1.0,0.0
100,0.1,3,B,longstring,0.7,0.0,0.0,0.0
100,0.1,3,B,longstring,0.8,0.0,0.0,0.0
100,0.1,3,B,longstring,0.9,0.0,0.0,0.0
100,0.1,3,B,longstring,1.0,1.0,1.0,0.0
100,0.1,3,B,mixed,0.1,0.0,0.0,0.0
100,0.1,3,B,mixed,0.2,0.0,0.0,0.0
100,0.1,3,B,mixed,0.3,0.0,0.0,0.0
100,0.1,3,B,mixed,0.5,0.0,0.0,0.0
100,0.1,3,B,mixed,0.6,0.0,0.0,0.0
100,0.1,3,B,mixed,0.7,1.0,1.0,0.0
100,0.1,3,B,mixed,0.9,0.0,0.0,0.0
100,0.1,3,B,mixed,1.0,1.0,1.0,0.0
100,0.1,3,B,pure_straight,0.1,0.0,0.0,0.0
100,0.1,3,B,pure_straight,0.2,0.0,0.0,0.0
100,0.1,3,B,pure_straight,0.3,1.0,0.0,1.0
100,0.1,3,B,pure_straight,0.4,0.0,0.0,0.0
100,0.1,3,B,pure_straight,0.5,1.0,1.0,0.0
100,0.1,3,B,pure_straight,0.6,1.0,1.0,0.0
100,0.1,3,B,pure_straight,0.8,1.0,1.0,0.0
100,0.1,3,B,pure_straight,1.0,1.0,1.0,0.0
100,0.1,3,B,random,0.1,0.0,0.0,0.0
100,0.1,3,B,random,0.3,0.0,0.0,0.0
100,0.1,3,B,random,0.4,0.0,0.0,0.0
100,0.1,3,B,random,0.5,0.0,0.0,0.0
100,0.1,3,B,random,0.6,0.0,0.0,0.0
100,0.1,3,B,random,0.7,0.0,0.0,0.0
100,0.1,3,B,random,0.8,1.0,1.0,0.0
100,0.1,3,B,random,0.9,1.0,1.0,0.0
100,0.1,3,B,random,1.0,1.0,1.0,0.0
100,0.1,4,B,acquiescent,0.1,0.0,0.0,0.0
100,0.1,4,B,acquiescent,0.2,0.0,0.0,0.0
100,0.1,4,B,acquiescent,0.3,0.0,0.0,0.0
100,0.1,4,B,acquiescent,0.4,1.0,1.0,0.0
100,0.1,4,B,acquiescent,0.5,0.0,1.0,-1.0
100,0.1,4,B,acquiescent,0.7,1.0,1.0,0.0
100,0.1,4,B,acquiescent,0.9,1.0,1.0,0.0
100,0.1,4,B,acquiescent,1.0,1.0,1.0,0.0
100,0.1,4,B,fatigue,0.1,0.0,0.0,0.0
100,0.1,4,B,fatigue,0.2,0.0,0.0,0.0
100,0.1,4,B,fatigue,0.3,0.0,0.0,0.0
100,0.1,4,B,fatigue,0.4,0.0,0.0,0.0
100,0.1,4,B,fatigue,0.6,0.0,0.0,0.0
100,0.1,4,B,fatigue,0.8,1.0,1.0,0.0
100,0.1,4,B,fatigue,0.9,0.0,0.0,0.0
100,0.1,4,B,fatigue,1.0,1.0,1.0,0.0
100,0.1,4,B,longstring,0.1,0.0,0.0,0.0
100,0.1,4,B,longstring,0.2,0.0,0.0,0.0
100,0.1,4,B,longstring,0.3,0.0,0.0,0.0
100,0.1,4,B,longstring,0.4,0.0,0.0,0.0
100,0.1,4,B,longstring,0.5,1.0,1.0,0.0
100,0.1,4,B,longstring,0.6,1.0,1.0,0.0
100,0.1,4,B,longstring,0.7,1.0,1.0,0.0
100,0.1,4,B,longstring,0.8,1.0,0.0,1.0
100,0.1,4,B,longstring,1.0,1.0,1.0,0.0
100,0.1,4,B,mixed,0.2,0.0,0.0,0.0
100,0.1,4,B,mixed,0.4,0.0,0.0,0.0
100,0.1,4,B,mixed,0.5,0.0,0.0,0.0
100,0.1,4,B,mixed,0.6,0.0,0.0,0.0
100,0.1,4,B,mixed,0.7,1.0,1.0,0.0
100,0.1,4,B,mixed,0.8,1.0,1.0,0.0
100,0.1,4,B,mixed,0.9,0.0,0.0,0.0
100,0.1,4,B,mixed,1.0,1.0,1.0,0.0
100,0.1,4,B,pure_straight,0.1,0.0,0.0,0.0
100,0.1,4,B,pure_straight,0.2,1.0,1.0,0.0
100,0.1,4,B,pure_straight,0.3,0.0,0.0,0.0
100,0.1,4,B,pure_straight,0.4,0.0,0.0,0.0
100,0.1,4,B,pure_straight,0.6,0.0,0.0,0.0
100,0.1,4,B,pure_straight,0.7,1.0,1.0,0.0
100,0.1,4,B,pure_straight,0.8,1.0,1.0,0.0
100,0.1,4,B,pure_straight,1.0,1.0,1.0,0.0
100,0.1,4,B,random,0.1,0.0,0.0,0.0
100,0.1,4,B,random,0.2,0.0,0.0,0.0
100,0.1,4,B,random,0.3,0.0,0.0,0.0
100,0.1,4,B,random,0.4,0.0,0.0,0.0
100,0.1,4,B,random,0.5,0.0,0.0,0.0
100,0.1,4,B,random,0.7,1.0,1.0,0.0
100,0.1,4,B,random,0.8,0.0,0.0,0.0
100,0.1,4,B,random,0.9,1.0,1.0,0.0
100,0.1,4,B,random,1.0,0.0,0.0,0.0
100,0.1,5,B,acquiescent,0.2,0.0,0.0,0.0
100,0.1,5,B,acquiescent,0.4,1.0,1.0,0.0
100,0.1,5,B,acquiescent,0.5,0.0,0.0,0.0
100,0.1,5,B,acquiescent,0.6,1.0,1.0,0.0
100,0.1,5,B,acquiescent,0.7,1.0,1.0,0.0
100,0.1,5,B,acquiescent,0.8,1.0,1.0,0.0
100,0.1,5,B,acquiescent,0.9,1.0,1.0,0.0
100,0.1,5,B,acquiescent,1.0,1.0,1.0,0.0
100,0.1,5,B,fatigue,0.1,0.0,0.0,0.0
100,0.1,5,B,fatigue,0.2,0.0,0.0,0.0
100,0.1,5,B,fatigue,0.3,0.0,0.0,0.0
100,0.1,5,B,fatigue,0.5,1.0,1.0,0.0
100,0.1,5,B,fatigue,0.6,1.0,1.0,0.0
100,0.1,5,B,fatigue,0.8,1.0,1.0,0.0
100,0.1,5,B,fatigue,0.9,1.0,1.0,0.0
100,0.1,5,B,fatigue,1.0,1.0,1.0,0.0
100,0.1,5,B,longstring,0.1,0.0,0.0,0.0
100,0.1,5,B,longstring,0.2,0.0,0.0,0.0
100,0.1,5,B,longstring,0.3,0.0,0.0,0.0
100,0.1,5,B,longstring,0.5,1.0,1.0,0.0
100,0.1,5,B,longstring,0.6,1.0,0.0,1.0
100,0.1,5,B,longstring,0.7,1.0,1.0,0.0
100,0.1,5,B,longstring,0.8,0.0,0.0,0.0
100,0.1,5,B,longstring,0.9,0.0,0.0,0.0
100,0.1,5,B,longstring,1.0,1.0,1.0,0.0
100,0.1,5,B,mixed,0.1,0.0,0.0,0.0
100,0.1,5,B,mixed,0.3,0.0,0.0,0.0
100,0.1,5,B,mixed,0.4,0.0,0.0,0.0
100,0.1,5,B,mixed,0.5,1.0,1.0,0.0
100,0.1,5,B,mixed,0.6,1.0,0.0,1.0
100,0.1,5,B,mixed,0.7,0.0,0.0,0.0
100,0.1,5,B,mixed,0.8,1.0,1.0,0.0
100,0.1,5,B,mixed,0.9,0.0,0.0,0.0
100,0.1,5,B,pure_straight,0.2,0.0,0.0,0.0
100,0.1,5,B,pure_straight,0.3,1.0,1.0,0.0
100,0.1,5,B,pure_straight,0.5,0.0,0.0,0.0
100,0.1,5,B,pure_straight,0.6,1.0,1.0,0.0
100,0.1,5,B,pure_straight,0.7,1.0,1.0,0.0
100,0.1,5,B,pure_straight,0.8,1.0,1.0,0.0
100,0.1,5,B,pure_straight,0.9,1.0,1.0,0.0
100,0.1,5,B,pure_straight,1.0,1.0,1.0,0.0
100,0.1,5,B,random,0.1,0.0,0.0,0.0
100,0.1,5,B,random,0.2,0.0,0.0,0.0
100,0.1,5,B,random,0.3,0.0,0.0,0.0
100,0.1,5,B,random,0.4,0.0,0.0,0.0
100,0.1,5,B,random,0.5,0.0,0.0,0.0
100,0.1,5,B,random,0.7,0.0,0.0,0.0
100,0.1,5,B,random,0.8,1.0,0.0,1.0
100,0.1,5,B,random,0.9,0.0,0.0,0.0
100,0.1,5,B,random,1.0,0.0,0.0,0.0
100,0.1,6,B,acquiescent,0.1,0.0,0.0,0.0
100,0.1,6,B,acquiescent,0.2,0.0,0.0,0.0
100,0.1,6,B,acquiescent,0.3,1.0,0.0,1.0
100,0.1,6,B,acquiescent,0.4,0.0,0.0,0.0
100,0.1,6,B,acquiescent,0.5,1.0,1.0,0.0
100,0.1,6,B,acquiescent,0.6,1.0,1.0,0.0
100,0.1,6,B,acquiescent,0.7,1.0,1.0,0.0
100,0.1,6,B,acquiescent,0.8,1.0,1.0,0.0
100,0.1,6,B,fatigue,0.1,0.0,0.0,0.0
100,0.1,6,B,fatigue,0.2,0.0,0.0,0.0
100,0.1,6,B,fatigue,0.4,1.0,1.0,0.0
100,0.1,6,B,fatigue,0.5,0.0,0.0,0.0
100,0.1,6,B,fatigue,0.6,0.0,0.0,0.0
100,0.1,6,B,fatigue,0.8,1.0,1.0,0.0
100,0.1,6,B,fatigue,0.9,1.0,1.0,0.0
100,0.1,6,B,fatigue,1.0,0.0,0.0,0.0
100,0.1,6,B,longstring,0.1,0.0,0.0,0.0
100,0.1,6,B,longstring,0.2,0.0,0.0,0.0
100,0.1,6,B,longstring,0.4,0.0,0.0,0.0
100,0.1,6,B,longstring,0.5,1.0,1.0,0.0
100,0.1,6,B,longstring,0.6,1.0,1.0,0.0
100,0.1,6,B,longstring,0.7,1.0,1.0,0.0
100,0.1,6,B,longstring,0.8,1.0,1.0,0.0
100,0.1,6,B,longstring,0.9,0.0,0.0,0.0
100,0.1,6,B,longstring,1.0,1.0,1.0,0.0
100,0.1,6,B,mixed,0.1,0.0,0.0,0.0
100,0.1,6,B,mixed,0.2,0.0,0.0,0.0
100,0.1,6,B,mixed,0.4,0.0,0.0,0.0
100,0.1,6,B,mixed,0.6,1.0,1.0,0.0
100,0.1,6,B,mixed,0.7,0.0,0.0,0.0
100,0.1,6,B,mixed,0.8,0.0,0.0,0.0
100,0.1,6,B,mixed,0.9,0.0,0.0,0.0
100,0.1,6,B,mixed,1.0,1.0,1.0,0.0
100,0.1,6,B,pure_straight,0.1,0.0,0.0,0.0
100,0.1,6,B,pure_straight,0.2,0.0,0.0,0.0
100,0.1,6,B,pure_straight,0.3,1.0,1.0,0.0
100,0.1,6,B,pure_straight,0.4,1.0,1.0,0.0
100,0.1,6,B,pure_straight,0.5,0.0,1.0,-1.0
100,0.1,6,B,pure_straight,0.6,1.0,1.0,0.0
100,0.1,6,B,pure_straight,0.7,1.0,1.0,0.0
100,0.1,6,B,pure_straight,0.8,0.0,0.0,0.0
100,0.1,6,B,random,0.2,0.0,0.0,0.0
100,0.1,6,B,random,0.3,0.0,0.0,0.0
100,0.1,6,B,random,0.4,0.0,0.0,0.0
100,0.1,6,B,random,0.5,0.0,0.0,0.0
100,0.1,6,B,random,0.6,0.0,0.0,0.0
100,0.1,6,B,random,0.7,0.0,0.0,0.0
100,0.1,6,B,random,0.8,0.0,0.0,0.0
100,0.1,6,B,random,0.9,0.0,0.0,0.0
100,0.1,6,B,random,1.0,0.0,0.0,0.0
100,0.1,7,B,acquiescent,0.2,0.0,0.0,0.0
100,0.1,7,B,acquiescent,0.3,0.0,0.0,0.0
100,0.1,7,B,acquiescent,0.4,0.0,0.0,0.0
100,0.1,7,B,acquiescent,0.5,0.0,0.0,0.0
100,0.1,7,B,acquiescent,0.6,1.0,1.0,0.0
100,0.1,7,B,acquiescent,0.8,1.0,1.0,0.0
100,0.1,7,B,acquiescent,0.9,1.0,1.0,0.0
100,0.1,7,B,acquiescent,1.0,1.0,1.0,0.0
100,0.1,7,B,fatigue,0.1,0.0,0.0,0.0
100,0.1,7,B,fatigue,0.2,0.0,0.0,0.0
100,0.1,7,B,fatigue,0.4,0.0,0.0,0.0
100,0.1,7,B,fatigue,0.5,0.0,0.0,0.0
100,0.1,7,B,fatigue,0.6,0.0,0.0,0.0
100,0.1,7,B,fatigue,0.7,1.0,1.0,0.0
100,0.1,7,B,fatigue,0.9,0.0,0.0,0.0
100,0.1,7,B,fatigue,1.0,0.0,0.0,0.0
100,0.1,7,B,longstring,0.1,0.0,0.0,0.0
100,0.1,7,B,longstring,0.2,0.0,0.0,0.0
100,0.1,7,B,longstring,0.4,0.0,0.0,0.0
100,0.1,7,B,longstring,0.5,0.0,0.0,0.0
100,0.1,7,B,longstring,0.6,1.0,1.0,0.0
100,0.1,7,B,longstring,0.7,1.0,1.0,0.0
100,0.1,7,B,longstring,0.8,1.0,1.0,0.0
100,0.1,7,B,longstring,0.9,1.0,1.0,0.0
100,0.1,7,B,longstring,1.0,0.0,0.0,0.0
100,0.1,7,B,mixed,0.1,0.0,0.0,0.0
100,0.1,7,B,mixed,0.2,0.0,0.0,0.0
100,0.1,7,B,mixed,0.3,1.0,1.0,0.0
100,0.1,7,B,mixed,0.4,1.0,1.0,0.0
100,0.1,7,B,mixed,0.6,0.0,0.0,0.0
100,0.1,7,B,mixed,0.7,0.0,0.0,0.0
100,0.1,7,B,mixed,0.8,0.0,0.0,0.0
100,0.1,7,B,mixed,1.0,0.0,0.0,0.0
100,0.1,7,B,pure_straight,0.2,0.0,0.0,0.0
100,0.1,7,B,pure_straight,0.3,0.0,0.0,0.0
100,0.1,7,B,pure_straight,0.4,1.0,1.0,0.0
100,0.1,7,B,pure_straight,0.5,1.0,1.0,0.0
100,0.1,7,B,pure_straight,0.6,1.0,1.0,0.0
100,0.1,7,B,pure_straight,0.8,1.0,1.0,0.0
100,0.1,7,B,pure_straight,0.9,1.0,1.0,0.0
100,0.1,7,B,pure_straight,1.0,1.0,1.0,0.0
100,0.1,7,B,random,0.1,0.0,0.0,0.0
100,0.1,7,B,random,0.2,0.0,0.0,0.0
100,0.1,7,B,random,0.3,0.0,0.0,0.0
100,0.1,7,B,random,0.4,0.0,0.0,0.0
100,0.1,7,B,random,0.5,0.0,0.0,0.0
100,0.1,7,B,random,0.7,1.0,1.0,0.0
100,0.1,7,B,random,0.8,0.0,0.0,0.0
100,0.1,7,B,random,0.9,0.0,0.0,0.0
100,0.1,7,B,random,1.0,1.0,0.0,1.0
100,0.1,8,B,acquiescent,0.1,0.0,0.0,0.0
100,0.1,8,B,acquiescent,0.2,1.0,1.0,0.0
100,0.1,8,B,acquiescent,0.3,0.0,0.0,0.0
100,0.1,8,B,acquiescent,0.4,0.0,0.0,0.0
100,0.1,8,B,acquiescent,0.5,1.0,1.0,0.0
100,0.1,8,B,acquiescent,0.6,0.0,0.0,0.0
100,0.1,8,B,acquiescent,0.8,1.0,1.0,0.0
100,0.1,8,B,acquiescent,1.0,1.0,1.0,0.0
100,0.1,8,B,fatigue,0.1,0.0,0.0,0.0
100,0.1,8,B,fatigue,0.2,0.0,0.0,0.0
100,0.1,8,B,fatigue,0.4,0.0,0.0,0.0
100,0.1,8,B,fatigue,0.5,1.0,1.0,0.0
100,0.1,8,B,fatigue,0.6,1.0,1.0,0.0
100,0.1,8,B,fatigue,0.7,1.0,1.0,0.0
100,0.1,8,B,fatigue,0.8,0.0,0.0,0.0
100,0.1,8,B,fatigue,0.9,1.0,1.0,0.0
100,0.1,8,B,longstring,0.1,0.0,0.0,0.0
100,0.1,8,B,longstring,0.2,0.0,0.0,0.0
100,0.1,8,B,longstring,0.3,0.0,0.0,0.0
100,0.1,8,B,longstring,0.5,0.0,0.0,0.0
100,0.1,8,B,longstring,0.6,0.0,0.0,0.0
100,0.1,8,B,longstring,0.7,1.0,1.0,0.0
100,0.1,8,B,longstring,0.8,0.0,0.0,0.0
100,0.1,8,B,longstring,0.9,1.0,1.0,0.0
100,0.1,8,B,longstring,1.0,1.0,1.0,0.0
100,0.1,8,B,mixed,0.2,0.0,0.0,0.0
100,0.1,8,B,mixed,0.3,0.0,0.0,0.0
100,0.1,8,B,mixed,0.4,0.0,0.0,0.0
100,0.1,8,B,mixed,0.5,1.0,1.0,0.0
100,0.1,8,B,mixed,0.6,0.0,0.0,0.0
100,0.1,8,B,mixed,0.7,0.0,0.0,0.0
100,0.1,8,B,mixed,0.9,0.0,0.0,0.0
100,0.1,8,B,mixed,1.0,1.0,1.0,0.0
100,0.1,8,B,pure_straight,0.1,0.0,0.0,0.0
100,0.1,8,B,pure_straight,0.2,0.0,0.0,0.0
100,0.1,8,B,pure_straight,0.4,0.0,0.0,0.0
100,0.1,8,B,pure_straight,0.5,1.0,1.0,0.0
100,0.1,8,B,pure_straight,0.6,1.0,1.0,0.0
100,0.1,8,B,pure_straight,0.7,1.0,1.0,0.0
100,0.1,8,B,pure_straight,0.9,1.0,1.0,0.0
100,0.1,8,B,pure_straight,1.0,1.0,1.0,0.0
100,0.1,8,B,random,0.1,0.0,0.0,0.0
100,0.1,8,B,random,0.2,1.0,1.0,0.0
100,0.1,8,B,random,0.3,1.0,0.0,1.0
100,0.1,8,B,random,0.4,1.0,1.0,0.0
100,0.1,8,B,random,0.5,0.0,0.0,0.0
100,0.1,8,B,random,0.6,0.0,0.0,0.0
100,0.1,8,B,random,0.7,1.0,1.0,0.0
100,0.1,8,B,random,0.9,0.0,0.0,0.0
100,0.1,8,B,random,1.0,0.0,0.0,0.0
100,0.1,9,B,acquiescent,0.1,0.0,0.0,0.0
100,0.1,9,B,acquiescent,0.2,0.0,0.0,0.0
100,0.1,9,B,acquiescent,0.3,0.0,0.0,0.0
100,0.1,9,B,acquiescent,0.4,1.0,1.0,0.0
100,0.1,9,B,acquiescent,0.7,1.0,1.0,0.0
100,0.1,9,B,acquiescent,0.8,1.0,1.0,0.0
100,0.1,9,B,acquiescent,0.9,1.0,1.0,0.0
100,0.1,9,B,acquiescent,1.0,1.0,1.0,0.0
100,0.1,9,B,fatigue,0.2,0.0,0.0,0.0
100,0.1,9,B,fatigue,0.3,0.0,0.0,0.0
100,0.1,9,B,fatigue,0.4,0.0,0.0,0.0
100,0.1,9,B,fatigue,0.5,0.0,1.0,-1.0
100,0.1,9,B,fatigue,0.6,1.0,1.0,0.0
100,0.1,9,B,fatigue,0.7,1.0,1.0,0.0
100,0.1,9,B,fatigue,0.9,1.0,1.0,0.0
100,0.1,9,B,fatigue,1.0,1.0,1.0,0.0
100,0.1,9,B,longstring,0.1,0.0,0.0,0.0
100,0.1,9,B,longstring,0.3,0.0,0.0,0.0
100,0.1,9,B,longstring,0.4,0.0,0.0,0.0
100,0.1,9,B,longstring,0.5,1.0,1.0,0.0
100,0.1,9,B,longstring,0.6,1.0,1.0,0.0
100,0.1,9,B,longstring,0.7,0.0,0.0,0.0
100,0.1,9,B,longstring,0.8,1.0,1.0,0.0
100,0.1,9,B,longstring,0.9,1.0,1.0,0.0
100,0.1,9,B,longstring,1.0,1.0,1.0,0.0
100,0.1,9,B,mixed,0.1,0.0,0.0,0.0
100,0.1,9,B,mixed,0.3,0.0,0.0,0.0
100,0.1,9,B,mixed,0.4,0.0,0.0,0.0
100,0.1,9,B,mixed,0.6,0.0,0.0,0.0
100,0.1,9,B,mixed,0.7,1.0,1.0,0.0
100,0.1,9,B,mixed,0.8,1.0,0.0,1.0
100,0.1,9,B,mixed,0.9,0.0,0.0,0.0
100,0.1,9,B,mixed,1.0,1.0,1.0,0.0
100,0.1,9,B,pure_straight,0.1,0.0,0.0,0.0
100,0.1,9,B,pure_straight,0.2,1.0,1.0,0.0
100,0.1,9,B,pure_straight,0.3,1.0,1.0,0.0
100,0.1,9,B,pure_straight,0.4,0.0,0.0,0.0
100,0.1,9,B,pure_straight,0.5,0.0,0.0,0.0
100,0.1,9,B,pure_straight,0.6,0.0,0.0,0.0
100,0.1,9,B,pure_straight,0.7,1.0,0.0,1.0
100,0.1,9,B,pure_straight,1.0,1.0,1.0,0.0
100,0.1,9,B,random,0.1,0.0,0.0,0.0
100,0.1,9,B,random,0.2,0.0,0.0,0.0
100,0.1,9,B,random,0.3,0.0,0.0,0.0
100,0.1,9,B,random,0.4,0.0,0.0,0.0
100,0.1,9,B,random,0.5,0.0,0.0,0.0
100,0.1,9,B,random,0.6,0.0,0.0,0.0
100,0.1,9,B,random,0.7,1.0,0.0,1.0
100,0.1,9,B,random,0.8,1.0,1.0,0.0
100,0.1,9,B,random,0.9,1.0,1.0,0.0
100,0.1,10,B,acquiescent,0.1,0.0,0.0,0.0
100,0.1,10,B,acquiescent,0.2,1.0,0.0,1.0
100,0.1,10,B,acquiescent,0.3,0.0,0.0,0.0
100,0.1,10,B,acquiescent,0.4,0.0,0.0,0.0
100,0.1,10,B,acquiescent,0.5,0.0,0.0,0.0
100,0.1,10,B,acquiescent,0.6,1.0,0.0,1.0
100,0.1,10,B,acquiescent,0.7,1.0,1.0,0.0
100,0.1,10,B,acquiescent,1.0,1.0,1.0,0.0
100,0.1,10,B,fatigue,0.1,0.0,0.0,0.0
100,0.1,10,B,fatigue,0.3,0.0,0.0,0.0
100,0.1,10,B,fatigue,0.4,0.0,0.0,0.0
100,0.1,10,B,fatigue,0.5,0.0,1.0,-1.0
100,0.1,10,B,fatigue,0.6,0.0,0.0,0.0
100,0.1,10,B,fatigue,0.7,1.0,1.0,0.0
100,0.1,10,B,fatigue,0.8,0.0,0.0,0.0
100,0.1,10,B,fatigue,1.0,1.0,1.0,0.0
100,0.1,10,B,longstring,0.1,0.0,0.0,0.0
100,0.1,10,B,longstring,0.2,0.0,0.0,0.0
100,0.1,10,B,longstring,0.3,1.0,1.0,0.0
100,0.1,10,B,longstring,0.4,0.0,0.0,0.0
100,0.1,10,B,longstring,0.6,1.0,1.0,0.0
100,0.1,10,B,longstring,0.7,1.0,1.0,0.0
100,0.1,10,B,longstring,0.8,1.0,1.0,0.0
100,0.1,10,B,longstring,0.9,1.0,1.0,0.0
100,0.1,10,B,longstring,1.0,1.0,1.0,0.0
100,0.1,10,B,mixed,0.1,0.0,0.0,0.0
100,0.1,10,B,mixed,0.2,0.0,0.0,0.0
100,0.1,10,B,mixed,0.4,1.0,1.0,0.0
100,0.1,10,B,mixed,0.6,0.0,0.0,0.0
100,0.1,10,B,mixed,0.7,1.0,1.0,0.0
100,0.1,10,B,mixed,0.8,0.0,0.0,0.0
100,0.1,10,B,mixed,0.9,0.0,0.0,0.0
100,0.1,10,B,mixed,1.0,1.0,1.0,0.0
100,0.1,10,B,pure_straight,0.1,1.0,0.0,1.0
100,0.1,10,B,pure_straight,0.3,0.0,0.0,0.0
100,0.1,10,B,pure_straight,0.5,1.0,1.0,0.0
100,0.1,10,B,pure_straight,0.6,1.0,1.0,0.0
100,0.1,10,B,pure_straight,0.7,1.0,1.0,0.0
100,0.1,10,B,pure_straight,0.8,1.0,1.0,0.0
100,0.1,10,B,pure_straight,0.9,1.0,1.0,0.0
100,0.1,10,B,pure_straight,1.0,1.0,1.0,0.0
100,0.1,10,B,random,0.1,0.0,0.0,0.0
100,0.1,10,B,random,0.2,0.0,0.0,0.0
100,0.1,10,B,random,0.3,0.0,0.0,0.0
100,0.1,10,B,random,0.5,0.0,1.0,-1.0
100,0.1,10,B,random,0.6,1.0,1.0,0.0
100,0.1,10,B,random,0.7,1.0,0.0,1.0
100,0.1,10,B,random,0.8,0.0,0.0,0.0
100,0.1,10,B,random,0.9,0.0,0.0,0.0
100,0.1,10,B,random,1.0,0.0,0.0,0.0
100,0.1,11,B,acquiescent,0.1,1.0,0.0,1.0
100,0.1,11,B,acquiescent,0.2,1.0,1.0,0.0
100,0.1,11,B,acquiescent,0.3,1.0,1.0,0.0
100,0.1,11,B,acquiescent,0.5,1.0,1.0,0.0
100,0.1,11,B,acquiescent,0.6,1.0,1.0,0.0
100,0.1,11,B,acquiescent,0.7,1.0,1.0,0.0
100,0.1,11,B,acquiescent,0.8,1.0,1.0,0.0
100,0.1,11,B,acquiescent,1.0,1.0,1.0,0.0
100,0.1,11,B,fatigue,0.1,0.0,0.0,0.0
100,0.1,11,B,fatigue,0.2,1.0,1.0,0.0
100,0.1,11,B,fatigue,0.3,0.0,0.0,0.0
100,0.1,11,B,fatigue,0.4,0.0,0.0,0.0
100,0.1,11,B,fatigue,0.5,1.0,1.0,0.0
100,0.1,11,B,fatigue,0.7,0.0,0.0,0.0
100,0.1,11,B,fatigue,0.8,1.0,1.0,0.0
100,0.1,11,B,fatigue,0.9,0.0,0.0,0.0
100,0.1,11,B,longstring,0.2,0.0,0.0,0.0
100,0.1,11,B,longstring,0.3,0.0,0.0,0.0
100,0.1,11,B,longstring,0.4,0.0,0.0,0.0
100,0.1,11,B,longstring,0.5,1.0,0.0,1.0
100,0.1,11,B,longstring,0.6,1.0,1.0,0.0
100,0.1,11,B,longstring,0.7,0.0,0.0,0.0
100,0.1,11,B,longstring,0.8,0.0,0.0,0.0
100,0.1,11,B,longstring,0.9,0.0,0.0,0.0
100,0.1,11,B,longstring,1.0,1.0,1.0,0.0
100,0.1,11,B,mixed,0.2,0.0,0.0,0.0
100,0.1,11,B,mixed,0.4,1.0,0.0,1.0
100,0.1,11,B,mixed,0.5,0.0,0.0,0.0
100,0.1,11,B,mixed,0.6,0.0,0.0,0.0
100,0.1,11,B,mixed,0.7,0.0,0.0,0.0
100,0.1,11,B,mixed,0.8,0.0,0.0,0.0
100,0.1,11,B,mixed,0.9,0.0,0.0,0.0
100,0.1,11,B,mixed,1.0,0.0,0.0,0.0
100,0.1,11,B,pure_straight,0.3,1.0,1.0,0.0
100,0.1,11,B,pure_straight,0.4,0.0,0.0,0.0
100,0.1,11,B,pure_straight,0.5,0.0,0.0,0.0
100,0.1,11,B,pure_straight,0.6,1.0,1.0,0.0
100,0.1,11,B,pure_straight,0.7,1.0,1.0,0.0
100,0.1,11,B,pure_straight,0.8,1.0,1.0,0.0
100,0.1,11,B,pure_straight,0.9,1.0,1.0,0.0
100,0.1,11,B,pure_straight,1.0,1.0,1.0,0.0
100,0.1,11,B,random,0.2,0.0,0.0,0.0
100,0.1,11,B,random,0.3,0.0,0.0,0.0
100,0.1,11,B,random,0.4,0.0,0.0,0.0
100,0.1,11,B,random,0.5,0.0,0.0,0.0
100,0.1,11,B,random,0.6,0.0,0.0,0.0
100,0.1,11,B,random,0.7,0.0,0.0,0.0
100,0.1,11,B,random,0.8,0.0,0.0,0.0
100,0.1,11,B,random,0.9,0.0,0.0,0.0
100,0.1,11,B,random,1.0,0.0,0.0,0.0
100,0.1,12,B,acquiescent,0.1,0.0,0.0,0.0
100,0.1,12,B,acquiescent,0.2,1.0,1.0,0.0
100,0.1,12,B,acquiescent,0.4,0.0,0.0,0.0
100,0.1,12,B,acquiescent,0.5,1.0,1.0,0.0
100,0.1,12,B,acquiescent,0.6,0.0,0.0,0.0
100,0.1,12,B,acquiescent,0.8,1.0,1.0,0.0
100,0.1,12,B,acquiescent,0.9,1.0,1.0,0.0
100,0.1,12,B,acquiescent,1.0,1.0,1.0,0.0
100,0.1,12,B,fatigue,0.1,0.0,0.0,0.0
100,0.1,12,B,fatigue,0.2,0.0,0.0,0.0
100,0.1,12,B,fatigue,0.3,0.0,0.0,0.0
100,0.1,12,B,fatigue,0.4,0.0,0.0,0.0
100,0.1,12,B,fatigue,0.5,0.0,0.0,0.0
100,0.1,12,B,fatigue,0.7,0.0,0.0,0.0
100,0.1,12,B,fatigue,0.8,0.0,0.0,0.0
100,0.1,12,B,fatigue,0.9,1.0,1.0,0.0
100,0.1,12,B,longstring,0.1,0.0,1.0,-1.0
100,0.1,12,B,longstring,0.2,0.0,0.0,0.0
100,0.1,12,B,longstring,0.3,0.0,0.0,0.0
100,0.1,12,B,longstring,0.4,0.0,0.0,0.0
100,0.1,12,B,longstring,0.5,0.0,0.0,0.0
100,0.1,12,B,longstring,0.6,1.0,1.0,0.0
100,0.1,12,B,longstring,0.8,1.0,1.0,0.0
100,0.1,12,B,longstring,0.9,0.0,0.0,0.0
100,0.1,12,B,longstring,1.0,1.0,1.0,0.0
100,0.1,12,B,mixed,0.2,0.0,0.0,0.0
100,0.1,12,B,mixed,0.4,0.0,0.0,0.0
100,0.1,12,B,mixed,0.5,1.0,1.0,0.0
100,0.1,12,B,mixed,0.6,0.0,0.0,0.0
100,0.1,12,B,mixed,0.7,1.0,0.0,1.0
100,0.1,12,B,mixed,0.8,0.0,0.0,0.0
100,0.1,12,B,mixed,0.9,0.0,0.0,0.0
100,0.1,12,B,mixed,1.0,1.0,1.0,0.0
100,0.1,12,B,pure_straight,0.1,0.0,0.0,0.0
100,0.1,12,B,pure_straight,0.2,0.0,0.0,0.0
100,0.1,12,B,pure_straight,0.3,1.0,1.0,0.0
100,0.1,12,B,pure_straight,0.5,1.0,1.0,0.0
100,0.1,12,B,pure_straight,0.6,0.0,0.0,0.0
100,0.1,12,B,pure_straight,0.7,1.0,1.0,0.0
100,0.1,12,B,pure_straight,0.9,1.0,1.0,0.0
100,0.1,12,B,pure_straight,1.0,1.0,1.0,0.0
100,0.1,12,B,random,0.1,0.0,0.0,0.0
100,0.1,12,B,random,0.2,0.0,0.0,0.0
100,0.1,12,B,random,0.3,0.0,0.0,0.0
100,0.1,12,B,random,0.4,0.0,0.0,0.0
100,0.1,12,B,random,0.6,1.0,0.0,1.0
100,0.1,12,B,random,0.7,0.0,1.0,-1.0
100,0.1,12,B,random,0.8,1.0,1.0,0.0
100,0.1,12,B,random,0.9,1.0,1.0,0.0
100,0.1,12,B,random,1.0,0.0,0.0,0.0
100,0.2,1,B,acquiescent,0.1,0.0,0.0,0.0
100,0.2,1,B,acquiescent,0.2,0.5,0.0,0.5
100,0.2,1,B,acquiescent,0.3,0.5,0.0,0.5
100,0.2,1,B,acquiescent,0.4,0.5,0.5,0.0
100,0.2,1,B,acquiescent,0.5,0.0,0.0,0.0
100,0.2,1,B,acquiescent,0.6,0.0,0.0,0.0
100,0.2,1,B,acquiescent,0.7,1.0,1.0,0.0
100,0.2,1,B,acquiescent,0.8,1.0,1.0,0.0
100,0.2,1,B,acquiescent,0.9,1.0,1.0,0.0
100,0.2,1,B,acquiescent,1.0,1.0,1.0,0.0
100,0.2,1,B,fatigue,0.1,0.0,0.0,0.0
100,0.2,1,B,fatigue,0.2,0.0,0.0,0.0
100,0.2,1,B,fatigue,0.3,1.0,1.0,0.0
100,0.2,1,B,fatigue,0.4,0.0,0.0,0.0
100,0.2,1,B,fatigue,0.5,0.5,0.5,0.0
100,0.2,1,B,fatigue,0.6,1.0,1.0,0.0
100,0.2,1,B,fatigue,0.7,0.0,0.0,0.0
100,0.2,1,B,fatigue,0.8,1.0,1.0,0.0
100,0.2,1,B,fatigue,0.9,1.0,1.0,0.0
100,0.2,1,B,fatigue,1.0,0.5,1.0,-0.5
100,0.2,1,B,longstring,0.1,0.0,0.0,0.0
100,0.2,1,B,longstring,0.2,0.5,0.5,0.0
100,0.2,1,B,longstring,0.3,0.0,0.0,0.0
100,0.2,1,B,longstring,0.4,1.0,1.0,0.0
100,0.2,1,B,longstring,0.5,0.0,0.0,0.0
100,0.2,1,B,longstring,0.6,1.0,0.0,1.0
100,0.2,1,B,longstring,0.7,1.0,1.0,0.0
100,0.2,1,B,longstring,0.8,1.0,1.0,0.0
100,0.2,1,B,longstring,0.9,0.5,1.0,-0.5
100,0.2,1,B,longstring,1.0,0.5,0.5,0.0
100,0.2,1,B,mixed,0.1,0.0,0.0,0.0
100,0.2,1,B,mixed,0.2,0.0,0.0,0.0
100,0.2,1,B,mixed,0.3,1.0,1.0,0.0
100,0.2,1,B,mixed,0.4,0.0,0.0,0.0
100,0.2,1,B,mixed,0.5,0.0,0.0,0.0
100,0.2,1,B,mixed,0.6,0.0,0.0,0.0
100,0.2,1,B,mixed,0.7,0.0,1.0,-1.0
100,0.2,1,B,mixed,0.8,0.5,0.5,0.0
100,0.2,1,B,mixed,0.9,0.5,0.5,0.0
100,0.2,1,B,mixed,1.0,0.0,0.0,0.0
100,0.2,1,B,pure_straight,0.1,0.0,0.0,0.0
100,0.2,1,B,pure_straight,0.2,0.0,0.0,0.0
100,0.2,1,B,pure_straight,0.3,0.5,0.5,0.0
100,0.2,1,B,pure_straight,0.4,0.0,0.0,0.0
100,0.2,1,B,pure_straight,0.5,0.0,0.0,0.0
100,0.2,1,B,pure_straight,0.6,1.0,1.0,0.0
100,0.2,1,B,pure_straight,0.7,1.0,1.0,0.0
100,0.2,1,B,pure_straight,0.8,1.0,1.0,0.0
100,0.2,1,B,pure_straight,0.9,1.0,1.0,0.0
100,0.2,1,B,pure_straight,1.0,1.0,1.0,0.0
100,0.2,1,B,random,0.1,0.0,0.0,0.0
100,0.2,1,B,random,0.2,0.0,0.0,0.0
100,0.2,1,B,random,0.3,0.0,0.0,0.0
100,0.2,1,B,random,0.4,0.0,0.0,0.0
100,0.2,1,B,random,0.5,0.0,0.0,0.0
100,0.2,1,B,random,0.6,0.5,0.0,0.5
100,0.2,1,B,random,0.7,1.0,0.5,0.5
100,0.2,1,B,random,0.8,1.0,0.5,0.5
100,0.2,1,B,random,0.9,0.5,0.5,0.0
100,0.2,1,B,random,1.0,0.5,0.0,0.5
100,0.2,2,B,acquiescent,0.1,0.0,0.0,0.0
100,0.2,2,B,acquiescent,0.2,0.0,0.0,0.0
100,0.2,2,B,acquiescent,0.3,0.0,0.0,0.0
100,0.2,2,B,acquiescent,0.4,0.5,0.5,0.0
100,0.2,2,B,acquiescent,0.5,0.0,0.0,0.0
100,0.2,2,B,acquiescent,0.6,0.5,1.0,-0.5
100,0.2,2,B,acquiescent,0.7,0.0,0.0,0.0
100,0.2,2,B,acquiescent,0.8,1.0,1.0,0.0
100,0.2,2,B,acquiescent,0.9,1.0,1.0,0.0
100,0.2,2,B,acquiescent,1.0,1.0,1.0,0.0
100,0.2,2,B,fatigue,0.1,0.0,0.0,0.0
100,0.2,2,B,fatigue,0.2,0.0,0.0,0.0
100,0.2,2,B,fatigue,0.3,0.0,0.0,0.0
100,0.2,2,B,fatigue,0.4,0.5,0.5,0.0
100,0.2,2,B,fatigue,0.5,0.5,1.0,-0.5
100,0.2,2,B,fatigue,0.6,0.0,0.0,0.0
100,0.2,2,B,fatigue,0.7,1.0,0.0,1.0
100,0.2,2,B,fatigue,0.8,0.5,0.5,0.0
100,0.2,2,B,fatigue,0.9,0.5,0.5,0.0
100,0.2,2,B,fatigue,1.0,1.0,1.0,0.0
100,0.2,2,B,longstring,0.1,0.5,0.0,0.5
100,0.2,2,B,longstring,0.2,0.0,0.0,0.0
100,0.2,2,B,longstring,0.3,1.0,0.5,0.5
100,0.2,2,B,longstring,0.4,0.0,0.0,0.0
100,0.2,2,B,longstring,0.5,0.0,0.0,0.0
100,0.2,2,B,longstring,0.6,1.0,1.0,0.0
100,0.2,2,B,longstring,0.7,1.0,1.0,0.0
100,0.2,2,B,longstring,0.8,0.5,0.5,0.0
100,0.2,2,B,longstring,0.9,0.5,0.5,0.0
100,0.2,2,B,longstring,1.0,1.0,1.0,0.0
100,0.2,2,B,mixed,0.1,0.0,0.0,0.0
100,0.2,2,B,mixed,0.2,0.0,0.0,0.0
100,0.2,2,B,mixed,0.3,0.5,0.5,0.0
100,0.2,2,B,mixed,0.4,1.0,0.0,1.0
100,0.2,2,B,mixed,0.5,1.0,0.0,1.0
100,0.2,2,B,mixed,0.6,0.5,0.5,0.0
100,0.2,2,B,mixed,0.7,0.0,0.0,0.0
100,0.2,2,B,mixed,0.8,0.0,0.5,-0.5
100,0.2,2,B,mixed,0.9,0.0,0.0,0.0
100,0.2,2,B,mixed,1.0,0.5,1.0,-0.5
100,0.2,2,B,pure_straight,0.1,0.0,0.0,0.0
100,0.2,2,B,pure_straight,0.2,0.5,0.5,0.0
100,0.2,2,B,pure_straight,0.3,0.5,0.5,0.0
100,0.2,2,B,pure_straight,0.4,0.0,0.0,0.0
100,0.2,2,B,pure_straight,0.5,1.0,1.0,0.0
100,0.2,2,B,pure_straight,0.6,1.0,1.0,0.0
100,0.2,2,B,pure_straight,0.7,1.0,1.0,0.0
100,0.2,2,B,pure_straight,0.8,1.0,1.0,0.0
100,0.2,2,B,pure_straight,0.9,1.0,1.0,0.0
100,0.2,2,B,pure_straight,1.0,1.0,1.0,0.0
100,0.2,2,B,random,0.1,0.0,0.0,0.0
100,0.2,2,B,random,0.2,0.5,0.5,0.0
100,0.2,2,B,random,0.3,0.0,0.0,0.0
100,0.2,2,B,random,0.4,0.0,0.0,0.0
100,0.2,2,B,random,0.5,0.0,0.0,0.0
100,0.2,2,B,random,0.6,0.5,0.0,0.5
100,0.2,2,B,random,0.7,0.0,0.0,0.0
100,0.2,2,B,random,0.8,0.0,0.0,0.0
100,0.2,2,B,random,0.9,1.0,0.0,1.0
100,0.2,2,B,random,1.0,1.0,1.0,0.0
100,0.2,3,B,acquiescent,0.1,0.0,0.0,0.0
100,0.2,3,B,acquiescent,0.2,0.0,0.0,0.0
100,0.2,3,B,acquiescent,0.3,0.5,0.5,0.0
100,0.2,3,B,acquiescent,0.4,0.0,0.0,0.0
100,0.2,3,B,acquiescent,0.5,0.5,0.5,0.0
100,0.2,3,B,acquiescent,0.6,1.0,1.0,0.0
100,0.2,3,B,acquiescent,0.7,1.0,1.0,0.0
100,0.2,3,B,acquiescent,0.8,1.0,1.0,0.0
100,0.2,3,B,acquiescent,0.9,1.0,1.0,0.0
100,0.2,3,B,acquiescent,1.0,1.0,1.0,0.0
100,0.2,3,B,fatigue,0.1,0.0,0.0,0.0
100,0.2,3,B,fatigue,0.2,0.0,0.0,0.0
100,0.2,3,B,fatigue,0.3,0.0,0.0,0.0
100,0.2,3,B,fatigue,0.4,0.0,0.0,0.0
100,0.2,3,B,fatigue,0.5,0.5,0.5,0.0
100,0.2,3,B,fatigue,0.6,0.5,0.5,0.0
100,0.2,3,B,fatigue,0.7,1.0,1.0,0.0
100,0.2,3,B,fatigue,0.8,1.0,1.0,0.0
100,0.2,3,B,fatigue,0.9,0.0,0.0,0.0
100,0.2,3,B,fatigue,1.0,0.0,0.0,0.0
100,0.2,3,B,longstring,0.1,0.0,0.0,0.0
100,0.2,3,B,longstring,0.2,0.0,0.0,0.0
100,0.2,3,B,longstring,0.3,1.0,1.0,0.0
100,0.2,3,B,longstring,0.4,0.0,0.0,0.0
100,0.2,3,B,longstring,0.5,0.0,0.0,0.0
100,0.2,3,B,longstring,0.6,0.0,0.5,-0.5
100,0.2,3,B,longstring,0.7,0.5,0.5,0.0
100,0.2,3,B,longstring,0.8,0.0,0.0,0.0
100,0.2,3,B,longstring,0.9,0.5,0.5,0.0
100,0.2,3,B,longstring,1.0,1.0,1.0,0.0
100,0.2,3,B,mixed,0.1,0.5,0.5,0.0
100,0.2,3,B,mixed,0.2,0.0,0.5,-0.5
100,0.2,3,B,mixed,0.3,0.0,0.0,0.0
100,0.2,3,B,mixed,0.4,0.0,0.0,0.0
100,0.2,3,B,mixed,0.5,0.0,0.0,0.0
100,0.2,3,B,mixed,0.6,1.0,1.0,0.0
100,0.2,3,B,mixed,0.7,0.0,0.0,0.0
100,0.2,3,B,mixed,0.8,0.5,0.5,0.0
100,0.2,3,B,mixed,0.9,0.0,0.0,0.0
100,0.2,3,B,mixed,1.0,0.5,0.5,0.0
100,0.2,3,B,pure_straight,0.1,0.0,0.0,0.0
100,0.2,3,B,pure_straight,0.2,0.5,0.0,0.5
100,0.2,3,B,pure_straight,0.3,0.0,0.0,0.0
100,0.2,3,B,pure_straight,0.4,0.5,0.5,0.0
100,0.2,3,B,pure_straight,0.5,1.0,1.0,0.0
100,0.2,3,B,pure_straight,0.6,0.5,1.0,-0.5
100,0.2,3,B,pure_straight,0.7,1.0,1.0,0.0
100,0.2,3,B,pure_straight,0.8,1.0,1.0,0.0
100,0.2,3,B,pure_straight,0.9,1.0,1.0,0.0
100,0.2,3,B,pure_straight,1.0,1.0,1.0,0.0
100,0.2,3,B,random,0.1,0.0,0.0,0.0
100,0.2,3,B,random,0.2,0.5,1.0,-0.5
100,0.2,3,B,random,0.3,0.0,0.0,0.0
100,0.2,3,B,random,0.4,1.0,0.5,0.5
100,0.2,3,B,random,0.5,0.0,0.0,0.0
100,0.2,3,B,random,0.6,0.5,0.0,0.5
100,0.2,3,B,random,0.7,1.0,1.0,0.0
100,0.2,3,B,random,0.8,0.5,0.5,0.0
100,0.2,3,B,random,0.9,1.0,1.0,0.0
100,0.2,3,B,random,1.0,1.0,1.0,0.0
100,0.2,4,B,acquiescent,0.1,0.5,0.5,0.0
100,0.2,4,B,acquiescent,0.2,0.0,0.0,0.0
100,0.2,4,B,acquiescent,0.3,0.0,0.0,0.0
100,0.2,4,B,acquiescent,0.4,1.0,1.0,0.0
100,0.2,4,B,acquiescent,0.5,1.0,1.0,0.0
100,0.2,4,B,acquiescent,0.6,1.0,1.0,0.0
100,0.2,4,B,acquiescent,0.7,0.5,1.0,-0.5
100,0.2,4,B,acquiescent,0.8,1.0,1.0,0.0
100,0.2,4,B,acquiescent,0.9,1.0,1.0,0.0
100,0.2,4,B,acquiescent,1.0,1.0,1.0,0.0
100,0.2,4,B,fatigue,0.1,0.0,0.0,0.0
100,0.2,4,B,fatigue,0.2,0.0,0.0,0.0
100,0.2,4,B,fatigue,0.3,0.0,0.0,0.0
100,0.2,4,B,fatigue,0.4,0.0,0.0,0.0
100,0.2,4,B,fatigue,0.5,0.5,0.5,0.0
100,0.2,4,B,fatigue,0.6,0.0,0.0,0.0
100,0.2,4,B,fatigue,0.7,0.0,0.0,0.0
100,0.2,4,B,fatigue,0.8,1.0,1.0,0.0
100,0.2,4,B,fatigue,0.9,1.0,1.0,0.0
100,0.2,4,B,fatigue,1.0,0.0,0.0,0.0
100,0.2,4,B,longstring,0.1,0.0,0.0,0.0
100,0.2,4,B,longstring,0.2,0.0,0.0,0.0
100,0.2,4,B,longstring,0.3,1.0,1.0,0.0
100,0.2,4,B,longstring,0.4,0.5,0.5,0.0
100,0.2,4,B,longstring,0.5,0.5,0.5,0.0
100,0.2,4,B,longstring,0.6,0.5,0.5,0.0
100,0.2,4,B,longstring,0.7,1.0,1.0,0.0
100,0.2,4,B,longstring,0.8,0.5,0.5,0.0
100,0.2,4,B,longstring,0.9,1.0,0.5,0.5
100,0.2,4,B,longstring,1.0,1.0,1.0,0.0
100,0.2,4,B,mixed,0.1,0.0,0.0,0.0
100,0.2,4,B,mixed,0.2,0.0,0.0,0.0
100,0.2,4,B,mixed,0.3,0.0,0.0,0.0
100,0.2,4,B,mixed,0.4,0.0,0.0,0.0
100,0.2,4,B,mixed,0.5,1.0,0.5,0.5
100,0.2,4,B,mixed,0.6,1.0,1.0,0.0
100,0.2,4,B,mixed,0.7,1.0,1.0,0.0
100,0.2,4,B,mixed,0.8,0.5,0.5,0.0
100,0.2,4,B,mixed,0.9,1.0,1.0,0.0
100,0.2,4,B,mixed,1.0,0.0,0.0,0.0
100,0.2,4,B,pure_straight,0.1,0.0,0.0,0.0
100,0.2,4,B,pure_straight,0.2,0.0,0.0,0.0
100,0.2,4,B,pure_straight,0.3,1.0,1.0,0.0
100,0.2,4,B,pure_straight,0.4,0.5,0.5,0.0
100,0.2,4,B,pure_straight,0.5,0.5,0.5,0.0
100,0.2,4,B,pure_straight,0.6,1.0,1.0,0.0
100,0.2,4,B,pure_straight,0.7,1.0,1.0,0.0
100,0.2,4,B,pure_straight,0.8,1.0,1.0,0.0
100,0.2,4,B,pure_straight,0.9,1.0,1.0,0.0
100,0.2,4,B,pure_straight,1.0,1.0,1.0,0.0
100,0.2,4,B,random,0.1,0.0,0.0,0.0
100,0.2,4,B,random,0.2,0.5,0.5,0.0
100,0.2,4,B,random,0.3,0.0,0.0,0.0
100,0.2,4,B,random,0.4,0.0,0.0,0.0
100,0.2,4,B,random,0.5,0.5,0.5,0.0
100,0.2,4,B,random,0.6,1.0,0.5,0.5
100,0.2,4,B,random,0.7,0.0,0.0,0.0
100,0.2,4,B,random,0.8,0.5,0.5,0.0
100,0.2,4,B,random,0.9,0.5,0.0,0.5
100,0.2,4,B,random,1.0,0.0,0.0,0.0
100,0.2,5,B,acquiescent,0.1,0.5,0.5,0.0
100,0.2,5,B,acquiescent,0.2,0.0,0.0,0.0
100,0.2,5,B,acquiescent,0.3,0.0,0.0,0.0
100,0.2,5,B,acquiescent,0.4,0.0,0.0,0.0
100,0.2,5,B,acquiescent,0.5,0.0,0.0,0.0
100,0.2,5,B,acquiescent,0.6,0.0,0.0,0.0
100,0.2,5,B,acquiescent,0.7,1.0,1.0,0.0
100,0.2,5,B,acquiescent,0.8,1.0,1.0,0.0
100,0.2,5,B,acquiescent,0.9,1.0,1.0,0.0
100,0.2,5,B,acquiescent,1.0,1.0,1.0,0.0
100,0.2,5,B,fatigue,0.1,0.0,0.0,0.0
100,0.2,5,B,fatigue,0.2,0.0,0.0,0.0
100,0.2,5,B,fatigue,0.3,0.5,1.0,-0.5
100,0.2,5,B,fatigue,0.4,0.0,0.0,0.0
100,0.2,5,B,fatigue,0.5,0.0,0.5,-0.5
100,0.2,5,B,fatigue,0.6,0.0,0.0,0.0
100,0.2,5,B,fatigue,0.7,1.0,0.0,1.0
100,0.2,5,B,fatigue,0.8,0.0,0.0,0.0
100,0.2,5,B,fatigue,0.9,0.5,0.5,0.0
100,0.2,5,B,fatigue,1.0,1.0,1.0,0.0
100,0.2,5,B,longstring,0.1,0.0,0.0,0.0
100,0.2,5,B,longstring,0.2,0.0,0.0,0.0
100,0.2,5,B,longstring,0.3,0.5,0.5,0.0
100,0.2,5,B,longstring,0.4,1.0,0.0,1.0
100,0.2,5,B,longstring,0.5,0.0,0.0,0.0
100,0.2,5,B,longstring,0.6,0.5,0.5,0.0
100,0.2,5,B,longstring,0.7,0.5,0.5,0.0
100,0.2,5,B,longstring,0.8,0.5,0.5,0.0
100,0.2,5,B,longstring,0.9,0.5,0.5,0.0
100,0.2,5,B,longstring,1.0,1.0,1.0,0.0
100,0.2,5,B,mixed,0.1,0.0,0.0,0.0
100,0.2,5,B,mixed,0.2,1.0,1.0,0.0
100,0.2,5,B,mixed,0.3,0.0,0.0,0.0
100,0.2,5,B,mixed,0.4,0.0,0.0,0.0
100,0.2,5,B,mixed,0.5,0.5,0.5,0.0
100,0.2,5,B,mixed,0.6,1.0,1.0,0.0
100,0.2,5,B,mixed,0.7,0.5,0.5,0.0
100,0.2,5,B,mixed,0.8,0.0,0.0,0.0
100,0.2,5,B,mixed,0.9,1.0,1.0,0.0
100,0.2,5,B,mixed,1.0,1.0,1.0,0.0
100,0.2,5,B,pure_straight,0.1,0.5,0.5,0.0
100,0.2,5,B,pure_straight,0.2,0.0,0.0,0.0
100,0.2,5,B,pure_straight,0.3,1.0,1.0,0.0
100,0.2,5,B,pure_straight,0.4,0.5,0.5,0.0
100,0.2,5,B,pure_straight,0.5,1.0,1.0,0.0
100,0.2,5,B,pure_straight,0.6,1.0,1.0,0.0
100,0.2,5,B,pure_straight,0.7,1.0,1.0,0.0
100,0.2,5,B,pure_straight,0.8,1.0,1.0,0.0
100,0.2,5,B,pure_straight,0.9,1.0,1.0,0.0
100,0.2,5,B,pure_straight,1.0,1.0,1.0,0.0
100,0.2,5,B,random,0.1,0.0,0.0,0.0
100,0.2,5,B,random,0.2,0.0,0.0,0.0
100,0.2,5,B,random,0.3,0.0,0.0,0.0
100,0.2,5,B,random,0.4,0.0,0.0,0.0
100,0.2,5,B,random,0.5,0.0,0.0,0.0
100,0.2,5,B,random,0.6,0.5,0.5,0.0
100,0.2,5,B,random,0.7,0.5,0.5,0.0
100,0.2,5,B,random,0.8,1.0,1.0,0.0
100,0.2,5,B,random,0.9,0.5,0.5,0.0
100,0.2,5,B,random,1.0,1.0,1.0,0.0
100,0.2,6,B,acquiescent,0.1,0.0,0.0,0.0
100,0.2,6,B,acquiescent,0.2,0.0,1.0,-1.0
100,0.2,6,B,acquiescent,0.3,0.0,0.0,0.0
100,0.2,6,B,acquiescent,0.4,0.5,0.5,0.0
100,0.2,6,B,acquiescent,0.5,0.5,0.5,0.0
100,0.2,6,B,acquiescent,0.6,1.0,1.0,0.0
100,0.2,6,B,acquiescent,0.7,0.5,0.5,0.0
100,0.2,6,B,acquiescent,0.8,1.0,1.0,0.0
100,0.2,6,B,acquiescent,0.9,1.0,1.0,0.0
100,0.2,6,B,acquiescent,1.0,1.0,1.0,0.0
100,0.2,6,B,fatigue,0.1,0.0,0.0,0.0
100,0.2,6,B,fatigue,0.2,0.5,0.0,0.5
100,0.2,6,B,fatigue,0.3,0.5,0.5,0.0
100,0.2,6,B,fatigue,0.4,0.0,0.0,0.0
100,0.2,6,B,fatigue,0.5,0.0,0.0,0.0
100,0.2,6,B,fatigue,0.6,0.0,0.0,0.0
100,0.2,6,B,fatigue,0.7,1.0,1.0,0.0
100,0.2,6,B,fatigue,0.8,1.0,0.0,1.0
100,0.2,6,B,fatigue,0.9,1.0,1.0,0.0
100,0.2,6,B,fatigue,1.0,0.5,0.5,0.0
100,0.2,6,B,longstring,0.1,0.0,0.0,0.0
100,0.2,6,B,longstring,0.2,0.0,1.0,-1.0
100,0.2,6,B,longstring,0.3,0.5,0.5,0.0
100,0.2,6,B,longstring,0.4,0.5,0.5,0.0
100,0.2,6,B,longstring,0.5,0.5,0.0,0.5
100,0.2,6,B,longstring,0.6,0.0,0.5,-0.5
100,0.2,6,B,longstring,0.7,0.5,1.0,-0.5
100,0.2,6,B,longstring,0.8,0.5,0.0,0.5
100,0.2,6,B,longstring,0.9,1.0,1.0,0.0
100,0.2,6,B,longstring,1.0,1.0,1.0,0.0
100,0.2,6,B,mixed,0.1,0.0,0.0,0.0
100,0.2,6,B,mixed,0.2,0.5,0.5,0.0
100,0.2,6,B,mixed,0.3,0.0,0.0,0.0
100,0.2,6,B,mixed,0.4,0.0,0.0,0.0
100,0.2,6,B,mixed,0.5,1.0,1.0,0.0
100,0.2,6,B,mixed,0.6,0.0,0.0,0.0
100,0.2,6,B,mixed,0.7,1.0,0.5,0.5
100,0.2,6,B,mixed,0.8,1.0,0.0,1.0
100,0.2,6,B,mixed,0.9,0.0,0.0,0.0
100,0.2,6,B,mixed,1.0,0.0,0.0,0.0
100,0.2,6,B,pure_straight,0.1,0.0,0.0,0.0
100,0.2,6,B,pure_straight,0.2,0.0,0.0,0.0
100,0.2,6,B,pure_straight,0.3,0.0,0.0,0.0
100,0.2,6,B,pure_straight,0.4,0.5,0.5,0.0
100,0.2,6,B,pure_straight,0.5,1.0,1.0,0.0
100,0.2,6,B,pure_straight,0.6,1.0,1.0,0.0
100,0.2,6,B,pure_straight,0.7,0.5,0.5,0.0
100,0.2,6,B,pure_straight,0.8,1.0,1.0,0.0
100,0.2,6,B,pure_straight,0.9,1.0,1.0,0.0
100,0.2,6,B,pure_straight,1.0,1.0,1.0,0.0
100,0.2,6,B,random,0.1,0.0,0.5,-0.5
100,0.2,6,B,random,0.2,0.0,0.0,0.0
100,0.2,6,B,random,0.3,1.0,0.0,1.0
100,0.2,6,B,random,0.4,0.0,0.0,0.0
100,0.2,6,B,random,0.5,0.5,0.5,0.0
100,0.2,6,B,random,0.6,0.0,0.5,-0.5
100,0.2,6,B,random,0.7,1.0,1.0,0.0
100,0.2,6,B,random,0.8,1.0,1.0,0.0
100,0.2,6,B,random,0.9,0.5,0.5,0.0
100,0.2,6,B,random,1.0,0.5,0.0,0.5
100,0.2,7,B,acquiescent,0.1,0.0,0.0,0.0
100,0.2,7,B,acquiescent,0.2,1.0,1.0,0.0
100,0.2,7,B,acquiescent,0.3,1.0,0.0,1.0
100,0.2,7,B,acquiescent,0.4,0.0,0.0,0.0
100,0.2,7,B,acquiescent,0.5,1.0,1.0,0.0
100,0.2,7,B,acquiescent,0.6,1.0,1.0,0.0
100,0.2,7,B,acquiescent,0.7,1.0,1.0,0.0
100,0.2,7,B,acquiescent,0.8,0.5,0.5,0.0
100,0.2,7,B,acquiescent,0.9,1.0,1.0,0.0
100,0.2,7,B,acquiescent,1.0,1.0,1.0,0.0
100,0.2,7,B,fatigue,0.1,0.0,0.0,0.0
100,0.2,7,B,fatigue,0.2,0.0,0.0,0.0
100,0.2,7,B,fatigue,0.3,0.0,0.0,0.0
100,0.2,7,B,fatigue,0.4,1.0,1.0,0.0
100,0.2,7,B,fatigue,0.5,0.5,0.5,0.0
100,0.2,7,B,fatigue,0.6,0.0,0.0,0.0
100,0.2,7,B,fatigue,0.7,0.0,0.0,0.0
100,0.2,7,B,fatigue,0.8,0.5,0.5,0.0
100,0.2,7,B,fatigue,0.9,1.0,1.0,0.0
100,0.2,7,B,fatigue,1.0,1.0,1.0,0.0
100,0.2,7,B,longstring,0.1,0.0,0.0,0.0
100,0.2,7,B,longstring,0.2,0.0,0.0,0.0
100,0.2,7,B,longstring,0.3,0.0,0.0,0.0
100,0.2,7,B,longstring,0.4,0.0,0.0,0.0
100,0.2,7,B,longstring,0.5,1.0,1.0,0.0
100,0.2,7,B,longstring,0.6,0.5,0.5,0.0
100,0.2,7,B,longstring,0.7,0.5,0.5,0.0
100,0.2,7,B,longstring,0.8,1.0,1.0,0.0
100,0.2,7,B,longstring,0.9,1.0,1.0,0.0
100,0.2,7,B,longstring,1.0,1.0,0.5,0.5
100,0.2,7,B,mixed,0.1,0.0,0.0,0.0
100,0.2,7,B,mixed,0.2,0.0,0.0,0.0
100,0.2,7,B,mixed,0.3,1.0,1.0,0.0
100,0.2,7,B,mixed,0.4,0.0,0.0,0.0
100,0.2,7,B,mixed,0.5,0.0,0.0,0.0
100,0.2,7,B,mixed,0.6,1.0,0.5,0.5
100,0.2,7,B,mixed,0.7,0.5,0.5,0.0
100,0.2,7,B,mixed,0.8,0.5,0.5,0.0
100,0.2,7,B,mixed,0.9,1.0,1.0,0.0
100,0.2,7,B,mixed,1.0,0.5,0.0,0.5
100,0.2,7,B,pure_straight,0.1,0.0,0.0,0.0
100,0.2,7,B,pure_straight,0.2,0.5,0.5,0.0
100,0.2,7,B,pure_straight,0.3,1.0,1.0,0.0
100,0.2,7,B,pure_straight,0.4,1.0,1.0,0.0
100,0.2,7,B,pure_straight,0.5,0.5,0.5,0.0
100,0.2,7,B,pure_straight,0.6,1.0,1.0,0.0
100,0.2,7,B,pure_straight,0.7,1.0,1.0,0.0
100,0.2,7,B,pure_straight,0.8,1.0,1.0,0.0
100,0.2,7,B,pure_straight,0.9,1.0,1.0,0.0
100,0.2,7,B,pure_straight,1.0,1.0,1.0,0.0
100,0.2,7,B,random,0.1,0.0,0.0,0.0
100,0.2,7,B,random,0.2,0.0,0.0,0.0
100,0.2,7,B,random,0.3,0.0,0.0,0.0
100,0.2,7,B,random,0.4,0.0,1.0,-1.0
100,0.2,7,B,random,0.5,0.5,0.5,0.0
100,0.2,7,B,random,0.6,0.0,0.0,0.0
100,0.2,7,B,random,0.7,0.0,0.0,0.0
100,0.2,7,B,random,0.8,0.5,0.5,0.0
100,0.2,7,B,random,0.9,0.0,1.0,-1.0
100,0.2,7,B,random,1.0,0.5,0.5,0.0
100,0.2,8,B,acquiescent,0.1,0.0,0.0,0.0
100,0.2,8,B,acquiescent,0.2,0.0,0.0,0.0
100,0.2,8,B,acquiescent,0.3,0.0,0.0,0.0
100,0.2,8,B,acquiescent,0.4,0.5,0.5,0.0
100,0.2,8,B,acquiescent,0.5,1.0,1.0,0.0
100,0.2,8,B,acquiescent,0.6,1.0,1.0,0.0
100,0.2,8,B,acquiescent,0.7,0.5,0.5,0.0
100,0.2,8,B,acquiescent,0.8,1.0,1.0,0.0
100,0.2,8,B,acquiescent,0.9,1.0,1.0,0.0
100,0.2,8,B,acquiescent,1.0,1.0,1.0,0.0
100,0.2,8,B,fatigue,0.1,0.0,0.0,0.0
100,0.2,8,B,fatigue,0.2,0.0,0.0,0.0
100,0.2,8,B,fatigue,0.3,0.0,0.0,0.0
100,0.2,8,B,fatigue,0.4,0.0,0.0,0.0
100,0.2,8,B,fatigue,0.5,0.0,0.0,0.0
100,0.2,8,B,fatigue,0.6,0.5,0.0,0.5
100,0.2,8,B,fatigue,0.7,1.0,1.0,0.0
100,0.2,8,B,fatigue,0.8,1.0,1.0,0.0
100,0.2,8,B,fatigue,0.9,1.0,1.0,0.0
100,0.2,8,B,fatigue,1.0,1.0,1.0,0.0
100,0.2,8,B,longstring,0.1,1.0,1.0,0.0
100,0.2,8,B,longstring,0.2,0.5,0.5,0.0
100,0.2,8,B,longstring,0.3,0.0,0.0,0.0
100,0.2,8,B,longstring,0.4,1.0,1.0,0.0
100,0.2,8,B,longstring,0.5,1.0,0.5,0.5
100,0.2,8,B,longstring,0.6,0.0,0.0,0.0
100,0.2,8,B,longstring,0.7,0.5,1.0,-0.5
100,0.2,8,B,longstring,0.8,0.0,0.0,0.0
100,0.2,8,B,longstring,0.9,0.5,0.0,0.5
100,0.2,8,B,longstring,1.0,1.0,1.0,0.0
100,0.2,8,B,mixed,0.1,0.0,0.0,0.0
100,0.2,8,B,mixed,0.2,0.0,0.0,0.0
100,0.2,8,B,mixed,0.3,0.0,0.0,0.0
100,0.2,8,B,mixed,0.4,0.0,0.0,0.0
100,0.2,8,B,mixed,0.5,1.0,0.0,1.0
100,0.2,8,B,mixed,0.6,0.5,0.5,0.0
100,0.2,8,B,mixed,0.7,0.5,0.5,0.0
100,0.2,8,B,mixed,0.8,1.0,1.0,0.0
100,0.2,8,B,mixed,0.9,0.0,0.0,0.0
100,0.2,8,B,mixed,1.0,1.0,1.0,0.0
100,0.2,8,B,pure_straight,0.1,0.0,0.0,0.0
100,0.2,8,B,pure_straight,0.2,0.0,0.0,0.0
100,0.2,8,B,pure_straight,0.3,1.0,1.0,0.0
100,0.2,8,B,pure_straight,0.4,0.5,0.5,0.0
100,0.2,8,B,pure_straight,0.5,0.5,0.5,0.0
100,0.2,8,B,pure_straight,0.6,1.0,1.0,0.0
100,0.2,8,B,pure_straight,0.7,1.0,1.0,0.0
100,0.2,8,B,pure_straight,0.8,1.0,1.0,0.0
100,0.2,8,B,pure_straight,0.9,1.0,1.0,0.0
100,0.2,8,B,pure_straight,1.0,1.0,1.0,0.0
100,0.2,8,B,random,0.1,0.0,0.0,0.0
100,0.2,8,B,random,0.2,0.0,0.0,0.0
100,0.2,8,B,random,0.3,0.0,0.0,0.0
100,0.2,8,B,random,0.4,0.0,0.0,0.0
100,0.2,8,B,random,0.5,0.5,0.5,0.0
100,0.2,8,B,random,0.6,0.0,0.0,0.0
100,0.2,8,B,random,0.7,0.0,0.0,0.0
100,0.2,8,B,random,0.8,0.5,0.5,0.0
100,0.2,8,B,random,0.9,0.0,0.0,0.0
100,0.2,8,B,random,1.0,0.5,0.5,0.0
100,0.2,9,B,acquiescent,0.1,0.0,0.0,0.0
100,0.2,9,B,acquiescent,0.2,0.0,0.0,0.0
100,0.2,9,B,acquiescent,0.3,0.0,0.5,-0.5
100,0.2,9,B,acquiescent,0.4,0.0,0.0,0.0
100,0.2,9,B,acquiescent,0.5,0.0,0.0,0.0
100,0.2,9,B,acquiescent,0.6,1.0,1.0,0.0
100,0.2,9,B,acquiescent,0.7,0.5,0.5,0.0
100,0.2,9,B,acquiescent,0.8,0.0,0.0,0.0
100,0.2,9,B,acquiescent,0.9,1.0,1.0,0.0
100,0.2,9,B,acquiescent,1.0,1.0,1.0,0.0
100,0.2,9,B,fatigue,0.1,0.5,0.0,0.5
100,0.2,9,B,fatigue,0.2,0.0,0.0,0.0
100,0.2,9,B,fatigue,0.3,0.0,0.0,0.0
100,0.2,9,B,fatigue,0.4,0.0,0.0,0.0
100,0.2,9,B,fatigue,0.5,1.0,1.0,0.0
100,0.2,9,B,fatigue,0.6,1.0,0.5,0.5
100,0.2,9,B,fatigue,0.7,0.0,0.0,0.0
100,0.2,9,B,fatigue,0.8,1.0,1.0,0.0
100,0.2,9,B,fatigue,0.9,1.0,1.0,0.0
100,0.2,9,B,fatigue,1.0,0.5,0.5,0.0
100,0.2,9,B,longstring,0.1,0.0,0.0,0.0
100,0.2,9,B,longstring,0.2,0.5,1.0,-0.5
100,0.2,9,B,longstring,0.3,0.5,0.5,0.0
100,0.2,9,B,longstring,0.4,0.0,0.0,0.0
100,0.2,9,B,longstring,0.5,0.5,0.5,0.0
100,0.2,9,B,longstring,0.6,1.0,1.0,0.0
100,0.2,9,B,longstring,0.7,0.5,0.5,0.0
100,0.2,9,B,longstring,0.8,0.5,1.0,-0.5
100,0.2,9,B,longstring,0.9,1.0,1.0,0.0
100,0.2,9,B,longstring,1.0,1.0,1.0,0.0
100,0.2,9,B,mixed,0.1,0.0,0.0,0.0
100,0.2,9,B,mixed,0.2,0.0,0.0,0.0
100,0.2,9,B,mixed,0.3,0.0,0.0,0.0
100,0.2,9,B,mixed,0.4,0.5,0.5,0.0
100,0.2,9,B,mixed,0.5,0.0,0.0,0.0
100,0.2,9,B,mixed,0.6,0.0,1.0,-1.0
100,0.2,9,B,mixed,0.7,0.5,0.5,0.0
100,0.2,9,B,mixed,0.8,0.0,0.0,0.0
100,0.2,9,B,mixed,0.9,0.5,0.0,0.5
100,0.2,9,B,mixed,1.0,1.0,0.0,1.0
100,0.2,9,B,pure_straight,0.1,0.0,0.0,0.0
100,0.2,9,B,pure_straight,0.2,0.0,0.0,0.0
100,0.2,9,B,pure_straight,0.3,0.0,0.0,0.0
100,0.2,9,B,pure_straight,0.4,1.0,1.0,0.0
100,0.2,9,B,pure_straight,0.5,1.0,1.0,0.0
100,0.2,9,B,pure_straight,0.6,0.5,0.5,0.0
100,0.2,9,B,pure_straight,0.7,1.0,1.0,0.0
100,0.2,9,B,pure_straight,0.8,1.0,1.0,0.0
100,0.2,9,B,pure_straight,0.9,1.0,1.0,0.0
100,0.2,9,B,pure_straight,1.0,1.0,1.0,0.0
100,0.2,9,B,random,0.1,0.0,0.0,0.0
100,0.2,9,B,random,0.2,0.0,0.0,0.0
100,0.2,9,B,random,0.3,0.5,0.5,0.0
100,0.2,9,B,random,0.4,0.0,0.0,0.0
100,0.2,9,B,random,0.5,0.0,0.0,0.0
100,0.2,9,B,random,0.6,0.5,0.0,0.5
100,0.2,9,B,random,0.7,1.0,1.0,0.0
100,0.2,9,B,random,0.8,1.0,0.5,0.5
100,0.2,9,B,random,0.9,1.0,1.0,0.0
100,0.2,9,B,random,1.0,0.0,0.0,0.0
100,0.2,10,B,acquiescent,0.1,0.0,0.0,0.0
100,0.2,10,B,acquiescent,0.2,0.0,0.5,-0.5
100,0.2,10,B,acquiescent,0.3,0.5,0.5,0.0
100,0.2,10,B,acquiescent,0.4,1.0,1.0,0.0
100,0.2,10,B,acquiescent,0.5,0.0,0.0,0.0
100,0.2,10,B,acquiescent,0.6,1.0,1.0,0.0
100,0.2,10,B,acquiescent,0.7,1.0,1.0,0.0
100,0.2,10,B,acquiescent,0.8,1.0,1.0,0.0
100,0.2,10,B,acquiescent,0.9,1.0,1.0,0.0
100,0.2,10,B,acquiescent,1.0,1.0,1.0,0.0
100,0.2,10,B,fatigue,0.1,0.0,0.0,0.0
100,0.2,10,B,fatigue,0.2,0.0,0.0,0.0
100,0.2,10,B,fatigue,0.3,0.0,0.0,0.0
100,0.2,10,B,fatigue,0.4,0.0,0.0,0.0
100,0.2,10,B,fatigue,0.5,0.0,0.0,0.0
100,0.2,10,B,fatigue,0.6,0.0,0.0,0.0
100,0.2,10,B,fatigue,0.7,0.0,0.0,0.0
100,0.2,10,B,fatigue,0.8,1.0,1.0,0.0
100,0.2,10,B,fatigue,0.9,1.0,1.0,0.0
100,0.2,10,B,fatigue,1.0,0.0,0.0,0.0
100,0.2,10,B,longstring,0.1,0.5,0.0,0.5
100,0.2,10,B,longstring,0.2,0.0,0.0,0.0
100,0.2,10,B,longstring,0.3,1.0,1.0,0.0
100,0.2,10,B,longstring,0.4,0.5,1.0,-0.5
100,0.2,10,B,longstring,0.5,0.5,0.5,0.0
100,0.2,10,B,longstring,0.6,0.0,0.0,0.0
100,0.2,10,B,longstring,0.7,0.0,0.0,0.0
100,0.2,10,B,longstring,0.8,0.5,0.5,0.0
100,0.2,10,B,longstring,0.9,0.0,0.0,0.0
100,0.2,10,B,longstring,1.0,1.0,1.0,0.0
100,0.2,10,B,mixed,0.1,0.0,0.0,0.0
100,0.2,10,B,mixed,0.2,0.0,0.0,0.0
100,0.2,10,B,mixed,0.3,0.0,0.0,0.0
100,0.2,10,B,mixed,0.4,0.0,0.0,0.0
100,0.2,10,B,mixed,0.5,0.0,0.0,0.0
100,0.2,10,B,mixed,0.6,0.5,0.5,0.0
100,0.2,10,B,mixed,0.7,0.5,0.5,0.0
100,0.2,10,B,mixed,0.8,1.0,1.0,0.0
100,0.2,10,B,mixed,0.9,1.0,1.0,0.0
100,0.2,10,B,mixed,1.0,1.0,0.0,1.0
100,0.2,10,B,pure_straight,0.1,0.0,0.5,-0.5
100,0.2,10,B,pure_straight,0.2,0.5,0.0,0.5
100,0.2,10,B,pure_straight,0.3,0.0,0.0,0.0
100,0.2,10,B,pure_straight,0.4,1.0,1.0,0.0
100,0.2,10,B,pure_straight,0.5,1.0,1.0,0.0
100,0.2,10,B,pure_straight,0.6,1.0,0.5,0.5
100,0.2,10,B,pure_straight,0.7,1.0,1.0,0.0
100,0.2,10,B,pure_straight,0.8,1.0,1.0,0.0
100,0.2,10,B,pure_straight,0.9,1.0,1.0,0.0
100,0.2,10,B,pure_straight,1.0,1.0,1.0,0.0
100,0.2,10,B,random,0.1,0.5,0.0,0.5
100,0.2,10,B,random,0.2,0.5,0.5,0.0
100,0.2,10,B,random,0.3,0.0,0.0,0.0
100,0.2,10,B,random,0.4,0.5,0.0,0.5
100,0.2,10,B,random,0.5,0.0,0.0,0.0
100,0.2,10,B,random,0.6,0.5,0.0,0.5
100,0.2,10,B,random,0.7,1.0,1.0,0.0
100,0.2,10,B,random,0.8,0.0,0.0,0.0
100,0.2,10,B,random,0.9,0.0,0.0,0.0
100,0.2,10,B,random,1.0,0.0,1.0,-1.0
100,0.2,11,B,acquiescent,0.1,0.0,0.0,0.0
100,0.2,11,B,acquiescent,0.2,0.0,0.0,0.0
100,0.2,11,B,acquiescent,0.3,0.5,0.5,0.0
100,0.2,11,B,acquiescent,0.4,0.0,0.0,0.0
100,0.2,11,B,acquiescent,0.5,0.0,0.0,0.0
100,0.2,11,B,acquiescent,0.6,0.5,0.0,0.5
100,0.2,11,B,acquiescent,0.7,1.0,1.0,0.0
100,0.2,11,B,acquiescent,0.8,1.0,1.0,0.0
100,0.2,11,B,acquiescent,0.9,1.0,1.0,0.0
100,0.2,11,B,acquiescent,1.0,1.0,1.0,0.0
100,0.2,11,B,fatigue,0.1,0.0,0.0,0.0
100,0.2,11,B,fatigue,0.2,0.0,0.0,0.0
100,0.2,11,B,fatigue,0.3,0.0,0.0,0.0
100,0.2,11,B,fatigue,0.4,1.0,1.0,0.0
100,0.2,11,B,fatigue,0.5,0.5,0.5,0.0
100,0.2,11,B,fatigue,0.6,1.0,0.5,0.5
100,0.2,11,B,fatigue,0.7,1.0,1.0,0.0
100,0.2,11,B,fatigue,0.8,0.5,0.5,0.0
100,0.2,11,B,fatigue,0.9,0.5,0.5,0.0
100,0.2,11,B,fatigue,1.0,1.0,1.0,0.0
100,0.2,11,B,longstring,0.1,0.0,0.0,0.0
100,0.2,11,B,longstring,0.2,0.5,0.0,0.5
100,0.2,11,B,longstring,0.3,0.0,0.0,0.0
100,0.2,11,B,longstring,0.4,0.5,0.5,0.0
100,0.2,11,B,longstring,0.5,0.5,0.5,0.0
100,0.2,11,B,longstring,0.6,1.0,1.0,0.0
100,0.2,11,B,longstring,0.7,1.0,1.0,0.0
100,0.2,11,B,longstring,0.8,0.5,0.5,0.0
100,0.2,11,B,longstring,0.9,1.0,0.5,0.5
100,0.2,11,B,longstring,1.0,1.0,1.0,0.0
100,0.2,11,B,mixed,0.1,0.0,0.0,0.0
100,0.2,11,B,mixed,0.2,0.0,0.0,0.0
100,0.2,11,B,mixed,0.3,0.0,0.0,0.0
100,0.2,11,B,mixed,0.4,0.0,0.0,0.0
100,0.2,11,B,mixed,0.5,0.0,0.0,0.0
100,0.2,11,B,mixed,0.6,0.5,1.0,-0.5
100,0.2,11,B,mixed,0.7,1.0,0.0,1.0
100,0.2,11,B,mixed,0.8,1.0,1.0,0.0
100,0.2,11,B,mixed,0.9,0.0,0.0,0.0
100,0.2,11,B,mixed,1.0,0.5,0.0,0.5
100,0.2,11,B,pure_straight,0.1,0.0,0.0,0.0
100,0.2,11,B,pure_straight,0.2,0.5,0.5,0.0
100,0.2,11,B,pure_straight,0.3,0.0,0.0,0.0
100,0.2,11,B,pure_straight,0.4,1.0,1.0,0.0
100,0.2,11,B,pure_straight,0.5,1.0,1.0,0.0
100,0.2,11,B,pure_straight,0.6,1.0,1.0,0.0
100,0.2,11,B,pure_straight,0.7,1.0,1.0,0.0
100,0.2,11,B,pure_straight,0.8,1.0,1.0,0.0
100,0.2,11,B,pure_straight,0.9,1.0,1.0,0.0
100,0.2,11,B,pure_straight,1.0,1.0,1.0,0.0
100,0.2,11,B,random,0.1,0.0,0.5,-0.5
100,0.2,11,B,random,0.2,0.0,0.0,0.0
100,0.2,11,B,random,0.3,0.0,0.0,0.0
100,0.2,11,B,random,0.4,0.0,0.5,-0.5
100,0.2,11,B,random,0.5,0.5,0.0,0.5
100,0.2,11,B,random,0.6,1.0,1.0,0.0
100,0.2,11,B,random,0.7,0.5,0.5,0.0
100,0.2,11,B,random,0.8,0.0,0.0,0.0
100,0.2,11,B,random,0.9,0.0,0.0,0.0
100,0.2,11,B,random,1.0,0.5,0.0,0.5
100,0.2,12,B,acquiescent,0.1,0.0,0.0,0.0
100,0.2,12,B,acquiescent,0.2,0.0,0.0,0.0
100,0.2,12,B,acquiescent,0.3,0.5,0.5,0.0
100,0.2,12,B,acquiescent,0.4,0.0,0.0,0.0
100,0.2,12,B,acquiescent,0.5,1.0,1.0,0.0
100,0.2,12,B,acquiescent,0.6,1.0,1.0,0.0
100,0.2,12,B,acquiescent,0.7,1.0,1.0,0.0
100,0.2,12,B,acquiescent,0.8,1.0,1.0,0.0
100,0.2,12,B,acquiescent,0.9,1.0,1.0,0.0
100,0.2,12,B,acquiescent,1.0,1.0,1.0,0.0
100,0.2,12,B,fatigue,0.1,0.0,0.0,0.0
100,0.2,12,B,fatigue,0.2,0.0,0.0,0.0
100,0.2,12,B,fatigue,0.3,0.0,0.0,0.0
100,0.2,12,B,fatigue,0.4,0.0,0.0,0.0
100,0.2,12,B,fatigue,0.5,0.0,0.0,0.0
100,0.2,12,B,fatigue,0.6,0.0,0.0,0.0
100,0.2,12,B,fatigue,0.7,0.0,0.0,0.0
100,0.2,12,B,fatigue,0.8,1.0,1.0,0.0
100,0.2,12,B,fatigue,0.9,1.0,1.0,0.0
100,0.2,12,B,fatigue,1.0,0.0,0.0,0.0
100,0.2,12,B,longstring,0.1,0.0,0.0,0.0
100,0.2,12,B,longstring,0.2,0.0,0.0,0.0
100,0.2,12,B,longstring,0.3,0.0,0.0,0.0
100,0.2,12,B,longstring,0.4,0.0,0.5,-0.5
100,0.2,12,B,longstring,0.5,0.5,0.5,0.0
100,0.2,12,B,longstring,0.6,0.0,0.0,0.0
100,0.2,12,B,longstring,0.7,0.0,0.0,0.0
100,0.2,12,B,longstring,0.8,1.0,1.0,0.0
100,0.2,12,B,longstring,0.9,1.0,1.0,0.0
100,0.2,12,B,longstring,1.0,1.0,1.0,0.0
100,0.2,12,B,mixed,0.1,0.0,0.0,0.0
100,0.2,12,B,mixed,0.2,0.0,0.0,0.0
100,0.2,12,B,mixed,0.3,0.0,0.0,0.0
100,0.2,12,B,mixed,0.4,1.0,1.0,0.0
100,0.2,12,B,mixed,0.5,1.0,1.0,0.0
100,0.2,12,B,mixed,0.6,1.0,1.0,0.0
100,0.2,12,B,mixed,0.7,0.0,0.0,0.0
100,0.2,12,B,mixed,0.8,0.5,0.5,0.0
100,0.2,12,B,mixed,0.9,1.0,1.0,0.0
100,0.2,12,B,mixed,1.0,0.5,0.0,0.5
100,0.2,12,B,pure_straight,0.1,0.5,0.5,0.0
100,0.2,12,B,pure_straight,0.2,0.0,0.0,0.0
100,0.2,12,B,pure_straight,0.3,1.0,1.0,0.0
100,0.2,12,B,pure_straight,0.4,0.0,0.0,0.0
100,0.2,12,B,pure_straight,0.5,0.0,0.0,0.0
100,0.2,12,B,pure_straight,0.6,1.0,1.0,0.0
100,0.2,12,B,pure_straight,0.7,1.0,1.0,0.0
100,0.2,12,B,pure_straight,0.8,1.0,1.0,0.0
100,0.2,12,B,pure_straight,0.9,1.0,1.0,0.0
100,0.2,12,B,pure_straight,1.0,1.0,1.0,0.0
100,0.2,12,B,random,0.1,0.0,0.0,0.0
100,0.2,12,B,random,0.2,0.0,0.0,0.0
100,0.2,12,B,random,0.3,0.0,0.5,-0.5
100,0.2,12,B,random,0.4,0.0,0.0,0.0
100,0.2,12,B,random,0.5,0.0,0.0,0.0
100,0.2,12,B,random,0.6,0.5,0.5,0.0
100,0.2,12,B,random,0.7,1.0,1.0,0.0
100,0.2,12,B,random,0.8,1.0,1.0,0.0
100,0.2,12,B,random,0.9,0.0,0.0,0.0
100,0.2,12,B,random,1.0,1.0,1.0,0.0
100,0.4,1,B,acquiescent,0.1,0.0,0.0,0.0
100,0.4,1,B,acquiescent,0.2,0.0,0.0,0.0
100,0.4,1,B,acquiescent,0.3,0.0,0.0,0.0
100,0.4,1,B,acquiescent,0.4,0.6666666666666666,1.0,-0.33333333333333337
100,0.4,1,B,acquiescent,0.5,0.25,0.5,-0.25
100,0.4,1,B,acquiescent,0.6,1.0,1.0,0.0
100,0.4,1,B,acquiescent,0.7,1.0,1.0,0.0
100,0.4,1,B,acquiescent,0.8,1.0,1.0,0.0
100,0.4,1,B,acquiescent,0.9,1.0,1.0,0.0
100,0.4,1,B,acquiescent,1.0,1.0,1.0,0.0
100,0.4,1,B,fatigue,0.1,0.0,0.25,-0.25
100,0.4,1,B,fatigue,0.2,0.3333333333333333,0.0,0.3333333333333333
100,0.4,1,B,fatigue,0.3,0.6666666666666666,0.3333333333333333,0.3333333333333333
100,0.4,1,B,fatigue,0.4,0.6666666666666666,0.3333333333333333,0.3333333333333333
100,0.4,1,B,fatigue,0.5,0.6666666666666666,0.6666666666666666,0.0
100,0.4,1,B,fatigue,0.6,0.25,0.25,0.0
100,0.4,1,B,fatigue,0.7,0.75,0.75,0.0
100,0.4,1,B,fatigue,0.8,0.6666666666666666,0.6666666666666666,0.0
100,0.4,1,B,fatigue,0.9,1.0,1.0,0.0
100,0.4,1,B,fatigue,1.0,1.0,0.6666666666666666,0.33333333333333337
100,0.4,1,B,longstring,0.1,0.0,0.0,0.0
100,0.4,1,B,longstring,0.2,0.0,0.0,0.0
100,0.4,1,B,longstring,0.3,0.0,0.5,-0.5
100,0.4,1,B,longstring,0.4,1.0,1.0,0.0
100,0.4,1,B,longstring,0.5,0.75,0.75,0.0
100,0.4,1,B,longstring,0.6,0.0,0.0,0.0
100,0.4,1,B,longstring,0.7,0.6666666666666666,0.3333333333333333,0.3333333333333333
100,0.4,1,B,longstring,0.8,0.6666666666666666,0.6666666666666666,0.0
100,0.4,1,B,longstring,0.9,1.0,1.0,0.0
100,0.4,1,B,longstring,1.0,1.0,1.0,0.0
100,0.4,1,B,mixed,0.1,0.0,0.0,0.0
100,0.4,1,B,mixed,0.2,0.0,0.0,0.0
100,0.4,1,B,mixed,0.3,0.6666666666666666,0.3333333333333333,0.3333333333333333
100,0.4,1,B,mixed,0.4,0.3333333333333333,0.3333333333333333,0.0
100,0.4,1,B,mixed,0.5,0.5,0.75,-0.25
100,0.4,1,B,mixed,0.6,1.0,0.6666666666666666,0.33333333333333337
100,0.4,1,B,mixed,0.7,1.0,1.0,0.0
100,0.4,1,B,mixed,0.8,0.6666666666666666,0.3333333333333333,0.3333333333333333
100,0.4,1,B,mixed,0.9,0.25,0.25,0.0
100,0.4,1,B,mixed,1.0,0.6666666666666666,0.6666666666666666,0.0
100,0.4,1,B,pure_straight,0.1,0.3333333333333333,0.3333333333333333,0.0
100,0.4,1,B,pure_straight,0.2,0.0,0.0,0.0
100,0.4,1,B,pure_straight,0.3,0.3333333333333333,0.6666666666666666,-0.3333333333333333
100,0.4,1,B,pure_straight,0.4,0.5,1.0,-0.5
100,0.4,1,B,pure_straight,0.5,0.6666666666666666,0.6666666666666666,0.0
100,0.4,1,B,pure_straight,0.6,0.75,0.75,0.0
100,0.4,1,B,pure_straight,0.7,1.0,1.0,0.0
100,0.4,1,B,pure_straight,0.8,1.0,1.0,0.0
100,0.4,1,B,pure_straight,0.9,1.0,1.0,0.0
100,0.4,1,B,pure_straight,1.0,1.0,1.0,0.0
100,0.4,1,B,random,0.1,0.0,0.0,0.0
100,0.4,1,B,random,0.2,0.3333333333333333,0.0,0.3333333333333333
100,0.4,1,B,random,0.3,0.5,0.25,0.25
100,0.4,1,B,random,0.4,0.3333333333333333,0.6666666666666666,-0.3333333333333333
100,0.4,1,B,random,0.5,0.0,0.0,0.0
100,0.4,1,B,random,0.6,0.75,0.5,0.25
100,0.4,1,B,random,0.7,0.6666666666666666,0.6666666666666666,0.0
100,0.4,1,B,random,0.8,1.0,0.6666666666666666,0.33333333333333337
100,0.4,1,B,random,0.9,1.0,0.6666666666666666,0.33333333333333337
100,0.4,1,B,random,1.0,0.5,0.75,-0.25
100,0.4,2,B,acquiescent,0.1,0.0,0.0,0.0
100,0.4,2,B,acquiescent,0.2,0.25,0.25,0.0
100,0.4,2,B,acquiescent,0.3,0.6666666666666666,0.6666666666666666,0.0
100,0.4,2,B,acquiescent,0.4,0.5,0.75,-0.25
100,0.4,2,B,acquiescent,0.5,0.3333333333333333,0.0,0.3333333333333333
100,0.4,2,B,acquiescent,0.6,1.0,1.0,0.0
100,0.4,2,B,acquiescent,0.7,1.0,1.0,0.0
100,0.4,2,B,acquiescent,0.8,1.0,1.0,0.0
100,0.4,2,B,acquiescent,0.9,1.0,1.0,0.0
100,0.4,2,B,acquiescent,1.0,1.0,1.0,0.0
100,0.4,2,B,fatigue,0.1,0.0,0.0,0.0
100,0.4,2,B,fatigue,0.2,0.0,0.0,0.0
100,0.4,2,B,fatigue,0.3,0.3333333333333333,0.3333333333333333,0.0
100,0.4,2,B,fatigue,0.4,0.0,0.0,0.0
100,0.4,2,B,fatigue,0.5,0.3333333333333333,0.3333333333333333,0.0
100,0.4,2,B,fatigue,0.6,0.3333333333333333,0.3333333333333333,0.0
100,0.4,2,B,fatigue,0.7,0.3333333333333333,0.3333333333333333,0.0
100,0.4,2,B,fatigue,0.8,0.6666666666666666,0.6666666666666666,0.0
100,0.4,2,B,fatigue,0.9,1.0,0.75,0.25
100,0.4,2,B,fatigue,1.0,0.6666666666666666,0.6666666666666666,0.0
100,0.4,2,B,longstring,0.1,0.3333333333333333,0.3333333333333333,0.0
100,0.4,2,B,longstring,0.2,0.25,0.25,0.0
100,0.4,2,B,longstring,0.3,0.5,0.25,0.25
100,0.4,2,B,longstring,0.4,0.0,0.3333333333333333,-0.3333333333333333
100,0.4,2,B,longstring,0.5,0.0,0.3333333333333333,-0.3333333333333333
100,0.4,2,B,longstring,0.6,1.0,0.6666666666666666,0.33333333333333337
100,0.4,2,B,longstring,0.7,1.0,1.0,0.0
100,0.4,2,B,longstring,0.8,0.6666666666666666,0.6666666666666666,0.0
100,0.4,2,B,longstring,0.9,1.0,0.75,0.25
100,0.4,2,B,longstring,1.0,0.6666666666666666,0.6666666666666666,0.0
100,0.4,2,B,mixed,0.1,0.0,0.0,0.0
100,0.4,2,B,mixed,0.2,0.0,0.0,0.0
100,0.4,2,B,mixed,0.3,0.6666666666666666,0.0,0.6666666666666666
100,0.4,2,B,mixed,0.4,0.5,0.5,0.0
100,0.4,2,B,mixed,0.5,0.3333333333333333,0.0,0.3333333333333333
100,0.4,2,B,mixed,0.6,0.6666666666666666,1.0,-0.33333333333333337
100,0.4,2,B,mixed,0.7,0.75,0.5,0.25
100,0.4,2,B,mixed,0.8,1.0,1.0,0.0
100,0.4,2,B,mixed,0.9,1.0,1.0,0.0
100,0.4,2,B,mixed,1.0,0.0,0.0,0.0
100,0.4,2,B,pure_straight,0.1,0.0,0.0,0.0
100,0.4,2,B,pure_straight,0.2,0.3333333333333333,0.6666666666666666,-0.3333333333333333
100,0.4,2,B,pure_straight,0.3,0.3333333333333333,0.3333333333333333,0.0
100,0.4,2,B,pure_straight,0.4,0.6666666666666666,0.6666666666666666,0.0
100,0.4,2,B,pure_straight,0.5,0.3333333333333333,1.0,-0.6666666666666667
100,0.4,2,B,pure_straight,0.6,1.0,1.0,0.0
100,0.4,2,B,pure_straight,0.7,1.0,1.0,0.0
100,0.4,2,B,pure_straight,0.8,1.0,1.0,0.0
100,0.4,2,B,pure_straight,0.9,1.0,1.0,0.0
100,0.4,2,B,pure_straight,1.0,1.0,1.0,0.0
100,0.4,2,B,random,0.1,0.25,0.25,0.0
100,0.4,2,B,random,0.2,0.0,0.0,0.0
100,0.4,2,B,random,0.3,0.0,0.0,0.0
100,0.4,2,B,random,0.4,0.3333333333333333,0.0,0.3333333333333333
100,0.4,2,B,random,0.5,0.5,0.75,-0.25
100,0.4,2,B,random,0.6,0.5,0.25,0.25
100,0.4,2,B,random,0.7,0.6666666666666666,0.3333333333333333,0.3333333333333333
100,0.4,2,B,random,0.8,0.3333333333333333,1.0,-0.6666666666666667
100,0.4,2,B,random,0.9,1.0,0.6666666666666666,0.33333333333333337
100,0.4,2,B,random,1.0,0.6666666666666666,0.6666666666666666,0.0
100,0.4,3,B,acquiescent,0.1,0.0,0.0,0.0
100,0.4,3,B,acquiescent,0.2,0.6666666666666666,0.6666666666666666,0.0
100,0.4,3,B,acquiescent,0.3,0.0,0.0,0.0
100,0.4,3,B,acquiescent,0.4,0.25,0.25,0.0
100,0.4,3,B,acquiescent,0.5,0.25,0.25,0.0
100,0.4,3,B,acquiescent,0.6,0.6666666666666666,0.6666666666666666,0.0
100,0.4,3,B,acquiescent,0.7,1.0,0.6666666666666666,0.33333333333333337
100,0.4,3,B,acquiescent,0.8,0.75,0.75,0.0
100,0.4,3,B,acquiescent,0.9,1.0,1.0,0.0
100,0.4,3,B,acquiescent,1.0,1.0,1.0,0.0
100,0.4,3,B,fatigue,0.1,0.0,0.0,0.0
100,0.4,3,B,fatigue,0.2,0.0,0.0,0.0
100,0.4,3,B,fatigue,0.3,0.0,0.3333333333333333,-0.3333333333333333
100,0.4,3,B,fatigue,0.4,0.3333333333333333,0.6666666666666666,-0.3333333333333333
100,0.4,3,B,fatigue,0.5,0.3333333333333333,0.3333333333333333,0.0
100,0.4,3,B,fatigue,0.6,0.75,0.75,0.0
100,0.4,3,B,fatigue,0.7,0.6666666666666666,0.3333333333333333,0.3333333333333333
100,0.4,3,B,fatigue,0.8,0.6666666666666666,1.0,-0.33333333333333337
100,0.4,3,B,fatigue,0.9,0.75,0.75,0.0
100,0.4,3,B,fatigue,1.0,1.0,0.75,0.25
100,0.4,3,B,longstring,0.1,0.0,0.0,0.0
100,0.4,3,B,longstring,0.2,0.25,0.25,0.0
100,0.4,3,B,longstring,0.3,0.3333333333333333,0.0,0.3333333333333333
100,0.4,3,B,longstring,0.4,0.3333333333333333,0.3333333333333333,0.0
100,0.4,3,B,longstring,0.5,0.5,0.5,0.0
100,0.4,3,B,longstring,0.6,0.6666666666666666,0.6666666666666666,0.0
100,0.4,3,B,longstring,0.7,1.0,0.75,0.25
100,0.4,3,B,longstring,0.8,1.0,0.75,0.25
100,0.4,3,B,longstring,0.9,0.6666666666666666,0.6666666666666666,0.0
100,0.4,3,B,longstring,1.0,0.6666666666666666,1.0,-0.33333333333333337
100,0.4,3,B,mixed,0.1,0.3333333333333333,0.3333333333333333,0.0
100,0.4,3,B,mixed,0.2,0.0,0.0,0.0
100,0.4,3,B,mixed,0.3,0.0,0.5,-0.5
100,0.4,3,B,mixed,0.4,0.3333333333333333,0.0,0.3333333333333333
100,0.4,3,B,mixed,0.5,0.6666666666666666,0.6666666666666666,0.0
100,0.4,3,B,mixed,0.6,0.3333333333333333,0.3333333333333333,0.0
100,0.4,3,B,mixed,0.7,0.5,0.5,0.0
100,0.4,3,B,mixed,0.8,0.6666666666666666,0.3333333333333333,0.3333333333333333
100,0.4,3,B,mixed,0.9,0.75,0.5,0.25
100,0.4,3,B,mixed,1.0,1.0,1.0,0.0
100,0.4,3,B,pure_straight,0.1,0.0,0.0,0.0
100,0.4,3,B,pure_straight,0.2,0.0,0.3333333333333333,-0.3333333333333333
100,0.4,3,B,pure_straight,0.3,0.6666666666666666,0.3333333333333333,0.3333333333333333
100,0.4,3,B,pure_straight,0.4,0.6666666666666666,0.6666666666666666,0.0
100,0.4,3,B,pure_straight,0.5,0.3333333333333333,0.6666666666666666,-0.3333333333333333
100,0.4,3,B,pure_straight,0.6,1.0,1.0,0.0
100,0.4,3,B,pure_straight,0.7,1.0,1.0,0.0
100,0.4,3,B,pure_straight,0.8,1.0,1.0,0.0
100,0.4,3,B,pure_straight,0.9,1.0,1.0,0.0
100,0.4,3,B,pure_straight,1.0,1.0,1.0,0.0
100,0.4,3,B,random,0.1,0.0,0.0,0.0
100,0.4,3,B,random,0.2,0.25,0.5,-0.25
100,0.4,3,B,random,0.3,0.25,0.0,0.25
100,0.4,3,B,random,0.4,0.6666666666666666,0.6666666666666666,0.0
100,0.4,3,B,random,0.5,0.5,0.5,0.0
100,0.4,3,B,random,0.6,1.0,0.6666666666666666,0.33333333333333337
100,0.4,3,B,random,0.7,0.6666666666666666,1.0,-0.33333333333333337
100,0.4,3,B,random,0.8,0.6666666666666666,0.6666666666666666,0.0
100,0.4,3,B,random,0.9,0.6666666666666666,0.3333333333333333,0.3333333333333333
100,0.4,3,B,random,1.0,0.6666666666666666,0.0,0.6666666666666666
100,0.4,4,B,acquiescent,0.1,0.0,0.0,0.0
100,0.4,4,B,acquiescent,0.2,0.25,0.25,0.0
100,0.4,4,B,acquiescent,0.3,0.0,0.0,0.0
100,0.4,4,B,acquiescent,0.4,0.5,0.5,0.0
100,0.4,4,B,acquiescent,0.5,0.3333333333333333,0.3333333333333333,0.0
100,0.4,4,B,acquiescent,0.6,1.0,1.0,0.0
100,0.4,4,B,acquiescent,0.7,0.6666666666666666,0.6666666666666666,0.0
100,0.4,4,B,acquiescent,0.8,1.0,1.0,0.0
100,0.4,4,B,acquiescent,0.9,1.0,1.0,0.0
100,0.4,4,B,acquiescent,1.0,1.0,1.0,0.0
100,0.4,4,B,fatigue,0.1,0.0,0.3333333333333333,-0.3333333333333333
100,0.4,4,B,fatigue,0.2,0.0,0.0,0.0
100,0.4,4,B,fatigue,0.3,0.0,0.0,0.0
100,0.4,4,B,fatigue,0.4,0.5,0.5,0.0
100,0.4,4,B,fatigue,0.5,0.3333333333333333,0.3333333333333333,0.0
100,0.4,4,B,fatigue,0.6,0.6666666666666666,0.6666666666666666,0.0
100,0.4,4,B,fatigue,0.7,0.6666666666666666,0.6666666666666666,0.0
100,0.4,4,B,fatigue,0.8,0.3333333333333333,0.6666666666666666,-0.3333333333333333
100,0.4,4,B,fatigue,0.9,1.0,1.0,0.0
100,0.4,4,B,fatigue,1.0,0.6666666666666666,0.6666666666666666,0.0
100,0.4,4,B,longstring,0.1,0.0,0.0,0.0
100,0.4,4,B,longstring,0.2,0.3333333333333333,0.3333333333333333,0.0
100,0.4,4,B,longstring,0.3,0.5,1.0,-0.5
100,0.4,4,B,longstring,0.4,0.3333333333333333,0.0,0.3333333333333333
100,0.4,4,B,longstring,0.5,0.3333333333333333,0.6666666666666666,-0.3333333333333333
100,0.4,4,B,longstring,0.6,0.75,0.25,0.5
100,0.4,4,B,longstring,0.7,0.5,0.75,-0.25
100,0.4,4,B,longstring,0.8,0.3333333333333333,1.0,-0.6666666666666667
100,0.4,4,B,longstring,0.9,0.6666666666666666,0.6666666666666666,0.0
100,0.4,4,B,longstring,1.0,1.0,1.0,0.0
100,0.4,4,B,mixed,0.1,0.0,0.0,0.0
100,0.4,4,B,mixed,0.2,0.0,0.0,0.0
100,0.4,4,B,mixed,0.3,0.0,0.0,0.0
100,0.4,4,B,mixed,0.4,0.0,0.3333333333333333,-0.3333333333333333
100,0.4,4,B,mixed,0.5,0.6666666666666666,0.6666666666666666,0.0
100,0.4,4,B,mixed,0.6,0.25,0.25,0.0
100,0.4,4,B,mixed,0.7,0.3333333333333333,0.3333333333333333,0.0
100,0.4,4,B,mixed,0.8,0.5,0.5,0.0
100,0.4,4,B,mixed,0.9,0.25,0.0,0.25
100,0.4,4,B,mixed,1.0,1.0,1.0,0.0
100,0.4,4,B,pure_straight,0.1,0.3333333333333333,0.0,0.3333333333333333
100,0.4,4,B,pure_straight,0.2,0.0,0.3333333333333333,-0.3333333333333333
100,0.4,4,B,pure_straight,0.3,0.0,0.0,0.0
100,0.4,4,B,pure_straight,0.4,0.5,0.25,0.25
100,0.4,4,B,pure_straight,0.5,0.6666666666666666,0.6666666666666666,0.0
100,0.4,4,B,pure_straight,0.6,1.0,1.0,0.0
100,0.4,4,B,pure_straight,0.7,1.0,1.0,0.0
100,0.4,4,B,pure_straight,0.8,1.0,1.0,0.0
100,0.4,4,B,pure_straight,0.9,1.0,1.0,0.0
100,0.4,4,B,pure_straight,1.0,1.0,1.0,0.0
100,0.4,4,B,random,0.1,0.0,0.0,0.0
100,0.4,4,B,random,0.2,0.6666666666666666,0.3333333333333333,0.3333333333333333
100,0.4,4,B,random,0.3,0.0,0.0,0.0
100,0.4,4,B,random,0.4,0.75,0.25,0.5
100,0.4,4,B,random,0.5,0.3333333333333333,0.3333333333333333,0.0
100,0.4,4,B,random,0.6,0.6666666666666666,0.6666666666666666,0.0
100,0.4,4,B,random,0.7,0.5,0.5,0.0
100,0.4,4,B,random,0.8,0.75,0.75,0.0
100,0.4,4,B,random,0.9,0.6666666666666666,0.6666666666666666,0.0
100,0.4,4,B,random,1.0,0.6666666666666666,0.3333333333333333,0.3333333333333333
100,0.4,5,B,acquiescent,0.1,0.0,0.0,0.0
100,0.4,5,B,acquiescent,0.2,0.0,0.3333333333333333,-0.3333333333333333
100,0.4,5,B,acquiescent,0.3,0.3333333333333333,0.3333333333333333,0.0
100,0.4,5,B,acquiescent,0.4,0.5,0.5,0.0
100,0.4,5,B,acquiescent,0.5,1.0,1.0,0.0
100,0.4,5,B,acquiescent,0.6,0.6666666666666666,0.6666666666666666,0.0
100,0.4,5,B,acquiescent,0.7,1.0,1.0,0.0
100,0.4,5,B,acquiescent,0.8,1.0,1.0,0.0
100,0.4,5,B,acquiescent,0.9,1.0,1.0,0.0
100,0.4,5,B,acquiescent,1.0,1.0,1.0,0.0
100,0.4,5,B,fatigue,0.1,0.0,0.0,0.0
100,0.4,5,B,fatigue,0.2,0.5,0.5,0.0
100,0.4,5,B,fatigue,0.3,0.0,0.0,0.0
100,0.4,5,B,fatigue,0.4,0.3333333333333333,0.3333333333333333,0.0
100,0.4,5,B,fatigue,0.5,0.3333333333333333,0.3333333333333333,0.0
100,0.4,5,B,fatigue,0.6,0.3333333333333333,0.3333333333333333,0.0
100,0.4,5,B,fatigue,0.7,1.0,1.0,0.0
100,0.4,5,B,fatigue,0.8,0.3333333333333333,0.3333333333333333,0.0
100,0.4,5,B,fatigue,0.9,0.6666666666666666,0.6666666666666666,0.0
100,0.4,5,B,fatigue,1.0,0.6666666666666666,0.6666666666666666,0.0
100,0.4,5,B,longstring,0.1,0.0,0.0,0.0
100,0.4,5,B,longstring,0.2,0.25,0.25,0.0
100,0.4,5,B,longstring,0.3,0.25,0.25,0.0
100,0.4,5,B,longstring,0.4,0.3333333333333333,0.3333333333333333,0.0
100,0.4,5,B,longstring,0.5,0.6666666666666666,0.6666666666666666,0.0
100,0.4,5,B,longstring,0.6,1.0,1.0,0.0
100,0.4,5,B,longstring,0.7,0.6666666666666666,0.6666666666666666,0.0
100,0.4,5,B,longstring,0.8,0.6666666666666666,0.6666666666666666,0.0
100,0.4,5,B,longstring,0.9,1.0,0.75,0.25
100,0.4,5,B,longstring,1.0,0.6666666666666666,0.6666666666666666,0.0
100,0.4,5,B,mixed,0.1,0.0,0.0,0.0
100,0.4,5,B,mixed,0.2,0.3333333333333333,0.0,0.3333333333333333
100,0.4,5,B,mixed,0.3,0.3333333333333333,0.0,0.3333333333333333
100,0.4,5,B,mixed,0.4,0.0,0.0,0.0
100,0.4,5,B,mixed,0.5,0.5,0.25,0.25
100,0.4,5,B,mixed,0.6,0.5,0.75,-0.25
100,0.4,5,B,mixed,0.7,0.0,0.0,0.0
100,0.4,5,B,mixed,0.8,0.6666666666666666,0.6666666666666666,0.0
100,0.4,5,B,mixed,0.9,0.3333333333333333,0.3333333333333333,0.0
100,0.4,5,B,mixed,1.0,0.3333333333333333,0.3333333333333333,0.0
100,0.4,5,B,pure_straight,0.1,0.0,0.0,0.0
100,0.4,5,B,pure_straight,0.2,0.75,0.25,0.5
100,0.4,5,B,pure_straight,0.3,0.6666666666666666,0.6666666666666666,0.0
100,0.4,5,B,pure_straight,0.4,0.3333333333333333,0.3333333333333333,0.0
100,0.4,5,B,pure_straight,0.5,0.6666666666666666,1.0,-0.33333333333333337
100,0.4,5,B,pure_straight,0.6,1.0,1.0,0.0
100,0.4,5,B,pure_straight,0.7,1.0,1.0,0.0
100,0.4,5,B,pure_straight,0.8,1.0,1.0,0.0
100,0.4,5,B,pure_straight,0.9,1.0,1.0,0.0
100,0.4,5,B,pure_straight,1.0,1.0,1.0,0.0
100,0.4,5,B,random,0.1,0.0,0.0,0.0
100,0.4,5,B,random,0.2,0.0,0.0,0.0
100,0.4,5,B,random,0.3,0.3333333333333333,0.0,0.3333333333333333
100,0.4,5,B,random,0.4,0.0,0.0,0.0
100,0.4,5,B,random,0.5,0.3333333333333333,0.3333333333333333,0.0
100,0.4,5,B,random,0.6,0.75,0.5,0.25
100,0.4,5,B,random,0.7,0.75,0.75,0.0
100,0.4,5,B,random,0.8,0.6666666666666666,0.6666666666666666,0.0
100,0.4,5,B,random,0.9,0.6666666666666666,0.6666666666666666,0.0
100,0.4,5,B,random,1.0,1.0,1.0,0.0
100,0.4,6,B,acquiescent,0.1,0.0,0.0,0.0
100,0.4,6,B,acquiescent,0.2,0.3333333333333333,0.3333333333333333,0.0
100,0.4,6,B,acquiescent,0.3,0.0,0.3333333333333333,-0.3333333333333333
100,0.4,6,B,acquiescent,0.4,0.6666666666666666,0.3333333333333333,0.3333333333333333
100,0.4,6,B,acquiescent,0.5,0.3333333333333333,0.3333333333333333,0.0
100,0.4,6,B,acquiescent,0.6,1.0,0.75,0.25
100,0.4,6,B,acquiescent,0.7,1.0,1.0,0.0
100,0.4,6,B,acquiescent,0.8,0.6666666666666666,1.0,-0.33333333333333337
100,0.4,6,B,acquiescent,0.9,1.0,1.0,0.0
100,0.4,6,B,acquiescent,1.0,1.0,1.0,0.0
100,0.4,6,B,fatigue,0.1,0.0,0.25,-0.25
100,0.4,6,B,fatigue,0.2,0.0,0.0,0.0
100,0.4,6,B,fatigue,0.3,0.0,0.0,0.0
100,0.4,6,B,fatigue,0.4,0.0,0.0,0.0
100,0.4,6,B,fatigue,0.5,0.0,0.0,0.0
100,0.4,6,B,fatigue,0.6,0.6666666666666666,0.6666666666666666,0.0
100,0.4,6,B,fatigue,0.7,1.0,1.0,0.0
100,0.4,6,B,fatigue,0.8,1.0,1.0,0.0
100,0.4,6,B,fatigue,0.9,0.6666666666666666,0.6666666666666666,0.0
100,0.4,6,B,fatigue,1.0,1.0,0.5,0.5
100,0.4,6,B,longstring,0.1,0.0,0.0,0.0
100,0.4,6,B,longstring,0.2,0.3333333333333333,0.3333333333333333,0.0
100,0.4,6,B,longstring,0.3,0.0,0.3333333333333333,-0.3333333333333333
100,0.4,6,B,longstring,0.4,0.75,1.0,-0.25
100,0.4,6,B,longstring,0.5,0.5,1.0,-0.5
100,0.4,6,B,longstring,0.6,0.5,0.25,0.25
100,0.4,6,B,longstring,0.7,1.0,1.0,0.0
100,0.4,6,B,longstring,0.8,0.6666666666666666,0.6666666666666666,0.0
100,0.4,6,B,longstring,0.9,0.6666666666666666,0.6666666666666666,0.0
100,0.4,6,B,longstring,1.0,1.0,1.0,0.0
100,0.4,6,B,mixed,0.1,0.0,0.3333333333333333,-0.3333333333333333
100,0.4,6,B,mixed,0.2,0.0,0.0,0.0
100,0.4,6,B,mixed,0.3,0.75,0.75,0.0
100,0.4,6,B,mixed,0.4,0.6666666666666666,0.3333333333333333,0.3333333333333333
100,0.4,6,B,mixed,0.5,0.0,0.6666666666666666,-0.6666666666666666
100,0.4,6,B,mixed,0.6,0.3333333333333333,0.3333333333333333,0.0
100,0.4,6,B,mixed,0.7,0.3333333333333333,0.3333333333333333,0.0
100,0.4,6,B,mixed,0.8,0.5,0.25,0.25
100,0.4,6,B,mixed,0.9,1.0,0.6666666666666666,0.33333333333333337
100,0.4,6,B,mixed,1.0,1.0,0.75,0.25
100,0.4,6,B,pure_straight,0.1,0.25,0.0,0.25
100,0.4,6,B,pure_straight,0.2,0.3333333333333333,0.3333333333333333,0.0
100,0.4,6,B,pure_straight,0.3,0.0,0.0,0.0
100,0.4,6,B,pure_straight,0.4,0.0,0.0,0.0
100,0.4,6,B,pure_straight,0.5,1.0,1.0,0.0
100,0.4,6,B,pure_straight,0.6,1.0,1.0,0.0
100,0.4,6,B,pure_straight,0.7,1.0,0.6666666666666666,0.33333333333333337
100,0.4,6,B,pure_straight,0.8,1.0,1.0,0.0
100,0.4,6,B,pure_straight,0.9,1.0,1.0,0.0
100,0.4,6,B,pure_straight,1.0,1.0,1.0,0.0
100,0.4,6,B,random,0.1,0.0,0.0,0.0
100,0.4,6,B,random,0.2,0.0,0.0,0.0
100,0.4,6,B,random,0.3,0.0,0.0,0.0
100,0.4,6,B,random,0.4,0.0,0.0,0.0
100,0.4,6,B,random,0.5,0.3333333333333333,0.0,0.3333333333333333
100,0.4,6,B,random,0.6,0.25,0.5,-0.25
100,0.4,6,B,random,0.7,0.6666666666666666,0.3333333333333333,0.3333333333333333
100,0.4,6,B,random,0.8,0.6666666666666666,0.6666666666666666,0.0
100,0.4,6,B,random,0.9,0.5,0.25,0.25
100,0.4,6,B,random,1.0,0.6666666666666666,0.6666666666666666,0.0
100,0.4,7,B,acquiescent,0.1,0.3333333333333333,0.3333333333333333,0.0
100,0.4,7,B,acquiescent,0.2,0.3333333333333333,0.0,0.3333333333333333
100,0.4,7,B,acquiescent,0.3,0.3333333333333333,0.6666666666666666,-0.3333333333333333
100,0.4,7,B,acquiescent,0.4,0.5,0.0,0.5
100,0.4,7,B,acquiescent,0.5,1.0,0.6666666666666666,0.33333333333333337
100,0.4,7,B,acquiescent,0.6,0.6666666666666666,1.0,-0.33333333333333337
100,0.4,7,B,acquiescent,0.7,1.0,1.0,0.0
100,0.4,7,B,acquiescent,0.8,1.0,1.0,0.0
100,0.4,7,B,acquiescent,0.9,1.0,1.0,0.0
100,0.4,7,B,acquiescent,1.0,1.0,1.0,0.0
100,0.4,7,B,fatigue,0.1,0.0,0.0,0.0
100,0.4,7,B,fatigue,0.2,0.3333333333333333,0.6666666666666666,-0.3333333333333333
100,0.4,7,B,fatigue,0.3,0.3333333333333333,0.0,0.3333333333333333
100,0.4,7,B,fatigue,0.4,0.0,0.5,-0.5
100,0.4,7,B,fatigue,0.5,0.3333333333333333,0.3333333333333333,0.0
100,0.4,7,B,fatigue,0.6,0.3333333333333333,0.3333333333333333,0.0
100,0.4,7,B,fatigue,0.7,0.3333333333333333,0.3333333333333333,0.0
100,0.4,7,B,fatigue,0.8,0.75,0.5,0.25
100,0.4,7,B,fatigue,0.9,1.0,0.6666666666666666,0.33333333333333337
100,0.4,7,B,fatigue,1.0,0.75,0.75,0.0
100,0.4,7,B,longstring,0.1,0.0,0.0,0.0
100,0.4,7,B,longstring,0.2,0.25,0.25,0.0
100,0.4,7,B,longstring,0.3,1.0,1.0,0.0
100,0.4,7,B,longstring,0.4,0.6666666666666666,0.6666666666666666,0.0
100,0.4,7,B,longstring,0.5,0.5,0.25,0.25
100,0.4,7,B,longstring,0.6,0.3333333333333333,0.3333333333333333,0.0
100,0.4,7,B,longstring,0.7,0.3333333333333333,0.3333333333333333,0.0
100,0.4,7,B,longstring,0.8,1.0,0.75,0.25
100,0.4,7,B,longstring,0.9,1.0,1.0,0.0
100,0.4,7,B,longstring,1.0,1.0,1.0,0.0
100,0.4,7,B,mixed,0.1,0.0,0.0,0.0
100,0.4,7,B,mixed,0.2,0.25,0.25,0.0
100,0.4,7,B,mixed,0.3,0.6666666666666666,0.3333333333333333,0.3333333333333333
100,0.4,7,B,mixed,0.4,0.0,0.3333333333333333,-0.3333333333333333
100,0.4,7,B,mixed,0.5,0.0,0.6666666666666666,-0.6666666666666666
100,0.4,7,B,mixed,0.6,0.0,0.0,0.0
100,0.4,7,B,mixed,0.7,0.25,0.25,0.0
100,0.4,7,B,mixed,0.8,0.3333333333333333,0.3333333333333333,0.0
100,0.4,7,B,mixed,0.9,0.25,0.0,0.25
100,0.4,7,B,mixed,1.0,0.6666666666666666,0.0,0.6666666666666666
100,0.4,7,B,pure_straight,0.1,0.0,0.0,0.0
100,0.4,7,B,pure_straight,0.2,0.0,0.3333333333333333,-0.3333333333333333
100,0.4,7,B,pure_straight,0.3,0.6666666666666666,0.6666666666666666,0.0
100,0.4,7,B,pure_straight,0.4,0.6666666666666666,0.3333333333333333,0.3333333333333333
100,0.4,7,B,pure_straight,0.5,1.0,0.3333333333333333,0.6666666666666667
100,0.4,7,B,pure_straight,0.6,0.75,0.75,0.0
100,0.4,7,B,pure_straight,0.7,1.0,1.0,0.0
100,0.4,7,B,pure_straight,0.8,1.0,1.0,0.0
100,0.4,7,B,pure_straight,0.9,1.0,1.0,0.0
100,0.4,7,B,pure_straight,1.0,1.0,1.0,0.0
100,0.4,7,B,random,0.1,0.0,0.0,0.0
100,0.4,7,B,random,0.2,0.0,0.3333333333333333,-0.3333333333333333
100,0.4,7,B,random,0.3,0.5,0.5,0.0
100,0.4,7,B,random,0.4,0.5,0.25,0.25
100,0.4,7,B,random,0.5,0.0,0.25,-0.25
100,0.4,7,B,random,0.6,0.3333333333333333,0.3333333333333333,0.0
100,0.4,7,B,random,0.7,0.75,0.25,0.5
100,0.4,7,B,random,0.8,0.6666666666666666,0.3333333333333333,0.3333333333333333
100,0.4,7,B,random,0.9,0.6666666666666666,1.0,-0.33333333333333337
100,0.4,7,B,random,1.0,0.6666666666666666,0.0,0.6666666666666666
100,0.4,8,B,acquiescent,0.1,0.0,0.0,0.0
100,0.4,8,B,acquiescent,0.2,0.0,0.0,0.0
100,0.4,8,B,acquiescent,0.3,0.3333333333333333,0.0,0.3333333333333333
100,0.4,8,B,acquiescent,0.4,0.3333333333333333,0.3333333333333333,0.0
100,0.4,8,B,acquiescent,0.5,0.3333333333333333,0.3333333333333333,0.0
100,0.4,8,B,acquiescent,0.6,1.0,1.0,0.0
100,0.4,8,B,acquiescent,0.7,0.75,0.75,0.0
100,0.4,8,B,acquiescent,0.8,1.0,1.0,0.0
100,0.4,8,B,acquiescent,0.9,1.0,1.0,0.0
100,0.4,8,B,acquiescent,1.0,1.0,1.0,0.0
100,0.4,8,B,fatigue,0.1,0.0,0.0,0.0
100,0.4,8,B,fatigue,0.2,0.3333333333333333,0.6666666666666666,-0.3333333333333333
100,0.4,8,B,fatigue,0.3,0.3333333333333333,0.3333333333333333,0.0
100,0.4,8,B,fatigue,0.4,0.0,0.0,0.0
100,0.4,8,B,fatigue,0.5,0.0,0.0,0.0
100,0.4,8,B,fatigue,0.6,0.5,0.5,0.0
100,0.4,8,B,fatigue,0.7,1.0,1.0,0.0
100,0.4,8,B,fatigue,0.8,1.0,0.3333333333333333,0.6666666666666667
100,0.4,8,B,fatigue,0.9,1.0,1.0,0.0
100,0.4,8,B,fatigue,1.0,0.5,0.5,0.0
100,0.4,8,B,longstring,0.1,0.3333333333333333,0.3333333333333333,0.0
100,0.4,8,B,longstring,0.2,0.25,0.25,0.0
100,0.4,8,B,longstring,0.3,0.0,0.3333333333333333,-0.3333333333333333
100,0.4,8,B,longstring,0.4,0.6666666666666666,1.0,-0.33333333333333337
100,0.4,8,B,longstring,0.5,0.3333333333333333,0.3333333333333333,0.0
100,0.4,8,B,longstring,0.6,1.0,0.5,0.5
100,0.4,8,B,longstring,0.7,0.6666666666666666,0.6666666666666666,0.0
100,0.4,8,B,longstring,0.8,0.5,0.5,0.0
100,0.4,8,B,longstring,0.9,1.0,1.0,0.0
100,0.4,8,B,longstring,1.0,1.0,0.6666666666666666,0.33333333333333337
100,0.4,8,B,mixed,0.1,0.0,0.3333333333333333,-0.3333333333333333
100,0.4,8,B,mixed,0.2,0.0,0.3333333333333333,-0.3333333333333333
100,0.4,8,B,mixed,0.3,0.3333333333333333,0.0,0.3333333333333333
100,0.4,8,B,mixed,0.4,0.3333333333333333,0.3333333333333333,0.0
100,0.4,8,B,mixed,0.5,0.25,0.0,0.25
100,0.4,8,B,mixed,0.6,0.25,0.5,-0.25
100,0.4,8,B,mixed,0.7,0.0,0.0,0.0
100,0.4,8,B,mixed,0.8,0.5,0.5,0.0
100,0.4,8,B,mixed,0.9,0.6666666666666666,1.0,-0.33333333333333337
100,0.4,8,B,mixed,1.0,0.6666666666666666,0.6666666666666666,0.0
100,0.4,8,B,pure_straight,0.1,0.25,0.25,0.0
100,0.4,8,B,pure_straight,0.2,0.25,0.25,0.0
100,0.4,8,B,pure_straight,0.3,0.6666666666666666,0.3333333333333333,0.3333333333333333
100,0.4,8,B,pure_straight,0.4,0.6666666666666666,0.6666666666666666,0.0
100,0.4,8,B,pure_straight,0.5,0.6666666666666666,1.0,-0.33333333333333337
100,0.4,8,B,pure_straight,0.6,0.6666666666666666,1.0,-0.33333333333333337
100,0.4,8,B,pure_straight,0.7,1.0,1.0,0.0
100,0.4,8,B,pure_straight,0.8,1.0,1.0,0.0
100,0.4,8,B,pure_straight,0.9,1.0,1.0,0.0
100,0.4,8,B,pure_straight,1.0,1.0,1.0,0.0
100,0.4,8,B,random,0.1,0.0,0.0,0.0
100,0.4,8,B,random,0.2,0.25,0.5,-0.25
100,0.4,8,B,random,0.3,1.0,0.3333333333333333,0.6666666666666667
100,0.4,8,B,random,0.4,0.25,0.0,0.25
100,0.4,8,B,random,0.5,0.3333333333333333,0.0,0.3333333333333333
100,0.4,8,B,random,0.6,0.6666666666666666,0.3333333333333333,0.3333333333333333
100,0.4,8,B,random,0.7,1.0,1.0,0.0
100,0.4,8,B,random,0.8,1.0,1.0,0.0
100,0.4,8,B,random,0.9,0.3333333333333333,0.3333333333333333,0.0
100,0.4,8,B,random,1.0,0.6666666666666666,0.3333333333333333,0.3333333333333333
100,0.4,9,B,acquiescent,0.1,0.25,0.0,0.25
100,0.4,9,B,acquiescent,0.2,0.25,0.0,0.25
100,0.4,9,B,acquiescent,0.3,0.0,0.0,0.0
100,0.4,9,B,acquiescent,0.4,0.3333333333333333,0.3333333333333333,0.0
100,0.4,9,B,acquiescent,0.5,0.6666666666666666,1.0,-0.33333333333333337
100,0.4,9,B,acquiescent,0.6,0.3333333333333333,0.6666666666666666,-0.3333333333333333
100,0.4,9,B,acquiescent,0.7,1.0,1.0,0.0
100,0.4,9,B,acquiescent,0.8,1.0,0.6666666666666666,0.33333333333333337
100,0.4,9,B,acquiescent,0.9,1.0,1.0,0.0
100,0.4,9,B,acquiescent,1.0,1.0,1.0,0.0
100,0.4,9,B,fatigue,0.1,0.0,0.0,0.0
100,0.4,9,B,fatigue,0.2,0.0,0.3333333333333333,-0.3333333333333333
100,0.4,9,B,fatigue,0.3,0.5,0.25,0.25
100,0.4,9,B,fatigue,0.4,0.25,0.25,0.0
100,0.4,9,B,fatigue,0.5,0.3333333333333333,0.3333333333333333,0.0
100,0.4,9,B,fatigue,0.6,0.3333333333333333,0.0,0.3333333333333333
100,0.4,9,B,fatigue,0.7,1.0,1.0,0.0
100,0.4,9,B,fatigue,0.8,0.3333333333333333,0.6666666666666666,-0.3333333333333333
100,0.4,9,B,fatigue,0.9,0.6666666666666666,0.6666666666666666,0.0
100,0.4,9,B,fatigue,1.0,1.0,0.75,0.25
100,0.4,9,B,longstring,0.1,0.0,0.0,0.0
100,0.4,9,B,longstring,0.2,0.0,0.3333333333333333,-0.3333333333333333
100,0.4,9,B,longstring,0.3,0.6666666666666666,0.3333333333333333,0.3333333333333333
100,0.4,9,B,longstring,0.4,0.25,0.5,-0.25
100,0.4,9,B,longstring,0.5,0.75,0.75,0.0
100,0.4,9,B,longstring,0.6,0.75,0.75,0.0
100,0.4,9,B,longstring,0.7,0.3333333333333333,0.6666666666666666,-0.3333333333333333
100,0.4,9,B,longstring,0.8,1.0,1.0,0.0
100,0.4,9,B,longstring,0.9,1.0,1.0,0.0
100,0.4,9,B,longstring,1.0,1.0,1.0,0.0
100,0.4,9,B,mixed,0.1,0.25,0.0,0.25
100,0.4,9,B,mixed,0.2,0.3333333333333333,0.3333333333333333,0.0
100,0.4,9,B,mixed,0.3,0.25,0.25,0.0
100,0.4,9,B,mixed,0.4,0.0,0.0,0.0
100,0.4,9,B,mixed,0.5,0.3333333333333333,0.3333333333333333,0.0
100,0.4,9,B,mixed,0.6,0.3333333333333333,0.6666666666666666,-0.3333333333333333
100,0.4,9,B,mixed,0.7,0.3333333333333333,0.3333333333333333,0.0
100,0.4,9,B,mixed,0.8,0.6666666666666666,0.6666666666666666,0.0
100,0.4,9,B,mixed,0.9,0.0,0.0,0.0
100,0.4,9,B,mixed,1.0,0.6666666666666666,0.6666666666666666,0.0
100,0.4,9,B,pure_straight,0.1,0.0,0.0,0.0
100,0.4,9,B,pure_straight,0.2,0.0,0.0,0.0
100,0.4,9,B,pure_straight,0.3,0.5,0.75,-0.25
100,0.4,9,B,pure_straight,0.4,0.25,0.25,0.0
100,0.4,9,B,pure_straight,0.5,0.6666666666666666,1.0,-0.33333333333333337
100,0.4,9,B,pure_straight,0.6,0.6666666666666666,0.6666666666666666,0.0
100,0.4,9,B,pure_straight,0.7,1.0,0.6666666666666666,0.33333333333333337
100,0.4,9,B,pure_straight,0.8,1.0,1.0,0.0
100,0.4,9,B,pure_straight,0.9,1.0,1.0,0.0
100,0.4,9,B,pure_straight,1.0,1.0,1.0,0.0
100,0.4,9,B,random,0.1,0.25,0.0,0.25
100,0.4,9,B,random,0.2,0.0,0.0,0.0
100,0.4,9,B,random,0.3,0.0,0.0,0.0
100,0.4,9,B,random,0.4,0.5,0.0,0.5
100,0.4,9,B,random,0.5,0.0,0.6666666666666666,-0.6666666666666666
100,0.4,9,B,random,0.6,0.6666666666666666,0.3333333333333333,0.3333333333333333
100,0.4,9,B,random,0.7,0.6666666666666666,0.3333333333333333,0.3333333333333333
100,0.4,9,B,random,0.8,0.6666666666666666,0.6666666666666666,0.0
100,0.4,9,B,random,0.9,1.0,1.0,0.0
100,0.4,9,B,random,1.0,0.6666666666666666,0.6666666666666666,0.0
100,0.4,10,B,acquiescent,0.1,0.0,0.0,0.0
100,0.4,10,B,acquiescent,0.2,0.5,0.5,0.0
100,0.4,10,B,acquiescent,0.3,0.6666666666666666,0.3333333333333333,0.3333333333333333
100,0.4,10,B,acquiescent,0.4,0.6666666666666666,0.0,0.6666666666666666
100,0.4,10,B,acquiescent,0.5,0.5,0.5,0.0
100,0.4,10,B,acquiescent,0.6,0.6666666666666666,0.3333333333333333,0.3333333333333333
100,0.4,10,B,acquiescent,0.7,0.6666666666666666,0.3333333333333333,0.3333333333333333
100,0.4,10,B,acquiescent,0.8,1.0,1.0,0.0
100,0.4,10,B,acquiescent,0.9,1.0,1.0,0.0
100,0.4,10,B,acquiescent,1.0,1.0,1.0,0.0
100,0.4,10,B,fatigue,0.1,0.0,0.0,0.0
100,0.4,10,B,fatigue,0.2,0.0,0.3333333333333333,-0.3333333333333333
100,0.4,10,B,fatigue,0.3,0.0,0.0,0.0
100,0.4,10,B,fatigue,0.4,0.3333333333333333,0.3333333333333333,0.0
100,0.4,10,B,fatigue,0.5,0.25,0.25,0.0
100,0.4,10,B,fatigue,0.6,0.0,0.3333333333333333,-0.3333333333333333
100,0.4,10,B,fatigue,0.7,0.3333333333333333,0.6666666666666666,-0.3333333333333333
100,0.4,10,B,fatigue,0.8,1.0,1.0,0.0
100,0.4,10,B,fatigue,0.9,0.6666666666666666,0.6666666666666666,0.0
100,0.4,10,B,fatigue,1.0,0.75,1.0,-0.25
100,0.4,10,B,longstring,0.1,0.0,0.3333333333333333,-0.3333333333333333
100,0.4,10,B,longstring,0.2,0.25,0.25,0.0
100,0.4,10,B,longstring,0.3,0.0,0.3333333333333333,-0.3333333333333333
100,0.4,10,B,longstring,0.4,0.0,0.25,-0.25
100,0.4,10,B,longstring,0.5,0.25,0.5,-0.25
100,0.4,10,B,longstring,0.6,0.5,0.25,0.25
100,0.4,10,B,longstring,0.7,0.6666666666666666,0.6666666666666666,0.0
100,0.4,10,B,longstring,0.8,1.0,1.0,0.0
100,0.4,10,B,longstring,0.9,0.6666666666666666,0.3333333333333333,0.3333333333333333
100,0.4,10,B,longstring,1.0,0.3333333333333333,0.6666666666666666,-0.3333333333333333
100,0.4,10,B,mixed,0.1,0.0,0.0,0.0
100,0.4,10,B,mixed,0.2,0.0,0.3333333333333333,-0.3333333333333333
100,0.4,10,B,mixed,0.3,0.0,0.3333333333333333,-0.3333333333333333
100,0.4,10,B,mixed,0.4,0.3333333333333333,0.3333333333333333,0.0
100,0.4,10,B,mixed,0.5,0.0,0.6666666666666666,-0.6666666666666666
100,0.4,10,B,mixed,0.6,0.6666666666666666,0.3333333333333333,0.3333333333333333
100,0.4,10,B,mixed,0.7,0.3333333333333333,0.0,0.3333333333333333
100,0.4,10,B,mixed,0.8,0.5,0.25,0.25
100,0.4,10,B,mixed,0.9,0.5,0.25,0.25
100,0.4,10,B,mixed,1.0,0.3333333333333333,0.3333333333333333,0.0
100,0.4,10,B,pure_straight,0.1,0.0,0.0,0.0
100,0.4,10,B,pure_straight,0.2,0.3333333333333333,1.0,-0.6666666666666667
100,0.4,10,B,pure_straight,0.3,0.3333333333333333,0.3333333333333333,0.0
100,0.4,10,B,pure_straight,0.4,0.5,0.25,0.25
100,0.4,10,B,pure_straight,0.5,0.75,1.0,-0.25
100,0.4,10,B,pure_straight,0.6,1.0,1.0,0.0
100,0.4,10,B,pure_straight,0.7,1.0,1.0,0.0
100,0.4,10,B,pure_straight,0.8,1.0,1.0,0.0
100,0.4,10,B,pure_straight,0.9,1.0,1.0,0.0
100,0.4,10,B,pure_straight,1.0,1.0,1.0,0.0
100,0.4,10,B,random,0.1,0.0,0.0,0.0
100,0.4,10,B,random,0.2,0.0,0.0,0.0
100,0.4,10,B,random,0.3,0.5,0.5,0.0
100,0.4,10,B,random,0.4,0.3333333333333333,0.0,0.3333333333333333
100,0.4,10,B,random,0.5,1.0,0.0,1.0
100,0.4,10,B,random,0.6,0.6666666666666666,0.6666666666666666,0.0
100,0.4,10,B,random,0.7,1.0,1.0,0.0
100,0.4,10,B,random,0.8,0.5,0.75,-0.25
100,0.4,10,B,random,0.9,0.5,0.5,0.0
100,0.4,10,B,random,1.0,0.6666666666666666,0.3333333333333333,0.3333333333333333
100,0.4,11,B,acquiescent,0.1,0.0,0.0,0.0
100,0.4,11,B,acquiescent,0.2,0.0,0.3333333333333333,-0.3333333333333333
100,0.4,11,B,acquiescent,0.3,0.5,0.5,0.0
100,0.4,11,B,acquiescent,0.4,0.6666666666666666,0.6666666666666666,0.0
100,0.4,11,B,acquiescent,0.5,1.0,1.0,0.0
100,0.4,11,B,acquiescent,0.6,0.6666666666666666,0.6666666666666666,0.0
100,0.4,11,B,acquiescent,0.7,0.75,0.5,0.25
100,0.4,11,B,acquiescent,0.8,1.0,1.0,0.0
100,0.4,11,B,acquiescent,0.9,1.0,1.0,0.0
100,0.4,11,B,acquiescent,1.0,1.0,1.0,0.0
100,0.4,11,B,fatigue,0.1,0.0,0.0,0.0
100,0.4,11,B,fatigue,0.2,0.0,0.0,0.0
100,0.4,11,B,fatigue,0.3,0.0,0.0,0.0
100,0.4,11,B,fatigue,0.4,0.25,0.5,-0.25
100,0.4,11,B,fatigue,0.5,0.5,0.5,0.0
100,0.4,11,B,fatigue,0.6,0.0,0.0,0.0
100,0.4,11,B,fatigue,0.7,0.75,0.75,0.0
100,0.4,11,B,fatigue,0.8,1.0,1.0,0.0
100,0.4,11,B,fatigue,0.9,0.6666666666666666,0.6666666666666666,0.0
100,0.4,11,B,fatigue,1.0,1.0,0.6666666666666666,0.33333333333333337
100,0.4,11,B,longstring,0.1,0.0,0.0,0.0
100,0.4,11,B,longstring,0.2,0.3333333333333333,0.3333333333333333,0.0
100,0.4,11,B,longstring,0.3,0.25,0.0,0.25
100,0.4,11,B,longstring,0.4,0.3333333333333333,0.3333333333333333,0.0
100,0.4,11,B,longstring,0.5,0.25,0.25,0.0
100,0.4,11,B,longstring,0.6,0.6666666666666666,0.6666666666666666,0.0
100,0.4,11,B,longstring,0.7,1.0,1.0,0.0
100,0.4,11,B,longstring,0.8,0.6666666666666666,0.6666666666666666,0.0
100,0.4,11,B,longstring,0.9,1.0,1.0,0.0
100,0.4,11,B,longstring,1.0,1.0,1.0,0.0
100,0.4,11,B,mixed,0.1,0.0,0.0,0.0
100,0.4,11,B,mixed,0.2,0.3333333333333333,0.3333333333333333,0.0
100,0.4,11,B,mixed,0.3,0.3333333333333333,0.0,0.3333333333333333
100,0.4,11,B,mixed,0.4,0.25,0.5,-0.25
100,0.4,11,B,mixed,0.5,0.0,0.3333333333333333,-0.3333333333333333
100,0.4,11,B,mixed,0.6,0.6666666666666666,0.0,0.6666666666666666
100,0.4,11,B,mixed,0.7,0.6666666666666666,0.6666666666666666,0.0
100,0.4,11,B,mixed,0.8,0.75,0.75,0.0
100,0.4,11,B,mixed,0.9,0.6666666666666666,0.6666666666666666,0.0
100,0.4,11,B,mixed,1.0,0.5,0.5,0.0
100,0.4,11,B,pure_straight,0.1,0.25,0.25,0.0
100,0.4,11,B,pure_straight,0.2,0.6666666666666666,0.6666666666666666,0.0
100,0.4,11,B,pure_straight,0.3,0.6666666666666666,0.6666666666666666,0.0
100,0.4,11,B,pure_straight,0.4,0.25,0.5,-0.25
100,0.4,11,B,pure_straight,0.5,1.0,1.0,0.0
100,0.4,11,B,pure_straight,0.6,0.6666666666666666,1.0,-0.33333333333333337
100,0.4,11,B,pure_straight,0.7,1.0,1.0,0.0
100,0.4,11,B,pure_straight,0.8,1.0,1.0,0.0
100,0.4,11,B,pure_straight,0.9,1.0,1.0,0.0
100,0.4,11,B,pure_straight,1.0,1.0,1.0,0.0
100,0.4,11,B,random,0.1,0.3333333333333333,0.0,0.3333333333333333
100,0.4,11,B,random,0.2,0.6666666666666666,0.3333333333333333,0.3333333333333333
100,0.4,11,B,random,0.3,0.0,0.0,0.0
100,0.4,11,B,random,0.4,0.3333333333333333,0.3333333333333333,0.0
100,0.4,11,B,random,0.5,0.25,0.25,0.0
100,0.4,11,B,random,0.6,0.25,0.5,-0.25
100,0.4,11,B,random,0.7,0.5,0.25,0.25
100,0.4,11,B,random,0.8,0.6666666666666666,0.3333333333333333,0.3333333333333333
100,0.4,11,B,random,0.9,0.75,0.5,0.25
100,0.4,11,B,random,1.0,0.3333333333333333,0.6666666666666666,-0.3333333333333333
100,0.4,12,B,acquiescent,0.1,0.0,0.0,0.0
100,0.4,12,B,acquiescent,0.2,0.3333333333333333,0.3333333333333333,0.0
100,0.4,12,B,acquiescent,0.3,0.3333333333333333,0.3333333333333333,0.0
100,0.4,12,B,acquiescent,0.4,0.0,0.0,0.0
100,0.4,12,B,acquiescent,0.5,1.0,0.6666666666666666,0.33333333333333337
100,0.4,12,B,acquiescent,0.6,0.6666666666666666,0.6666666666666666,0.0
100,0.4,12,B,acquiescent,0.7,0.75,0.5,0.25
100,0.4,12,B,acquiescent,0.8,1.0,1.0,0.0
100,0.4,12,B,acquiescent,0.9,1.0,1.0,0.0
100,0.4,12,B,acquiescent,1.0,1.0,1.0,0.0
100,0.4,12,B,fatigue,0.1,0.3333333333333333,0.3333333333333333,0.0
100,0.4,12,B,fatigue,0.2,0.3333333333333333,0.0,0.3333333333333333
100,0.4,12,B,fatigue,0.3,0.3333333333333333,0.3333333333333333,0.0
100,0.4,12,B,fatigue,0.4,0.0,0.0,0.0
100,0.4,12,B,fatigue,0.5,0.3333333333333333,0.3333333333333333,0.0
100,0.4,12,B,fatigue,0.6,0.75,0.5,0.25
100,0.4,12,B,fatigue,0.7,0.5,0.5,0.0
100,0.4,12,B,fatigue,0.8,0.0,0.0,0.0
100,0.4,12,B,fatigue,0.9,0.3333333333333333,0.3333333333333333,0.0
100,0.4,12,B,fatigue,1.0,1.0,1.0,0.0
100,0.4,12,B,longstring,0.1,0.25,0.5,-0.25
100,0.4,12,B,longstring,0.2,0.0,0.0,0.0
100,0.4,12,B,longstring,0.3,0.0,0.25,-0.25
100,0.4,12,B,longstring,0.4,0.6666666666666666,0.6666666666666666,0.0
100,0.4,12,B,longstring,0.5,1.0,1.0,0.0
100,0.4,12,B,longstring,0.6,0.25,0.25,0.0
100,0.4,12,B,longstring,0.7,0.6666666666666666,0.6666666666666666,0.0
100,0.4,12,B,longstring,0.8,0.6666666666666666,0.6666666666666666,0.0
100,0.4,12,B,longstring,0.9,1.0,1.0,0.0
100,0.4,12,B,longstring,1.0,0.6666666666666666,0.6666666666666666,0.0
100,0.4,12,B,mixed,0.1,0.3333333333333333,0.3333333333333333,0.0
100,0.4,12,B,mixed,0.2,0.3333333333333333,0.3333333333333333,0.0
100,0.4,12,B,mixed,0.3,0.0,0.0,0.0
100,0.4,12,B,mixed,0.4,0.25,0.5,-0.25
100,0.4,12,B,mixed,0.5,0.25,0.25,0.0
100,0.4,12,B,mixed,0.6,0.3333333333333333,0.3333333333333333,0.0
100,0.4,12,B,mixed,0.7,0.6666666666666666,0.6666666666666666,0.0
100,0.4,12,B,mixed,0.8,0.3333333333333333,0.3333333333333333,0.0
100,0.4,12,B,mixed,0.9,0.5,0.5,0.0
100,0.4,12,B,mixed,1.0,1.0,1.0,0.0
100,0.4,12,B,pure_straight,0.1,0.25,0.5,-0.25
100,0.4,12,B,pure_straight,0.2,0.3333333333333333,0.6666666666666666,-0.3333333333333333
100,0.4,12,B,pure_straight,0.3,0.3333333333333333,0.3333333333333333,0.0
100,0.4,12,B,pure_straight,0.4,0.0,0.0,0.0
100,0.4,12,B,pure_straight,0.5,1.0,1.0,0.0
100,0.4,12,B,pure_straight,0.6,1.0,1.0,0.0
100,0.4,12,B,pure_straight,0.7,1.0,0.6666666666666666,0.33333333333333337
100,0.4,12,B,pure_straight,0.8,0.75,1.0,-0.25
100,0.4,12,B,pure_straight,0.9,1.0,1.0,0.0
100,0.4,12,B,pure_straight,1.0,1.0,1.0,0.0
100,0.4,12,B,random,0.1,0.0,0.0,0.0
100,0.4,12,B,random,0.2,0.25,0.25,0.0
100,0.4,12,B,random,0.3,0.0,0.0,0.0
100,0.4,12,B,random,0.4,0.0,0.0,0.0
100,0.4,12,B,random,0.5,0.5,0.75,-0.25
100,0.4,12,B,random,0.6,0.3333333333333333,0.3333333333333333,0.0
100,0.4,12,B,random,0.7,0.6666666666666666,1.0,-0.33333333333333337
100,0.4,12,B,random,0.8,0.75,0.75,0.0
100,0.4,12,B,random,0.9,0.75,1.0,-0.25
100,0.4,12,B,random,1.0,0.6666666666666666,0.6666666666666666,0.0
100,0.6,1,B,acquiescent,0.1,0.2,0.2,0.0
100,0.6,1,B,acquiescent,0.2,0.2,0.6,-0.39999999999999997
100,0.6,1,B,acquiescent,0.3,0.6,0.6,0.0
100,0.6,1,B,acquiescent,0.4,0.8,0.8,0.0
100,0.6,1,B,acquiescent,0.5,0.6,0.4,0.19999999999999996
100,0.6,1,B,acquiescent,0.6,1.0,1.0,0.0
100,0.6,1,B,acquiescent,0.7,0.6,0.6,0.0
100,0.6,1,B,acquiescent,0.8,1.0,1.0,0.0
100,0.6,1,B,acquiescent,0.9,1.0,1.0,0.0
100,0.6,1,B,acquiescent,1.0,1.0,1.0,0.0
100,0.6,1,B,fatigue,0.1,0.0,0.0,0.0
100,0.6,1,B,fatigue,0.2,0.2,0.4,-0.2
100,0.6,1,B,fatigue,0.3,0.6,0.6,0.0
100,0.6,1,B,fatigue,0.4,0.2,0.0,0.2
100,0.6,1,B,fatigue,0.5,0.2,0.2,0.0
100,0.6,1,B,fatigue,0.6,0.6,0.8,-0.20000000000000007
100,0.6,1,B,fatigue,0.7,1.0,1.0,0.0
100,0.6,1,B,fatigue,0.8,0.8,0.8,0.0
100,0.6,1,B,fatigue,0.9,1.0,1.0,0.0
100,0.6,1,B,fatigue,1.0,1.0,0.8,0.19999999999999996
100,0.6,1,B,longstring,0.1,0.2,0.2,0.0
100,0.6,1,B,longstring,0.2,0.2,0.0,0.2
100,0.6,1,B,longstring,0.3,0.4,0.2,0.2
100,0.6,1,B,longstring,0.4,0.2,0.4,-0.2
100,0.6,1,B,longstring,0.5,0.4,0.4,0.0
100,0.6,1,B,longstring,0.6,0.4,0.4,0.0
100,0.6,1,B,longstring,0.7,0.6,0.6,0.0
100,0.6,1,B,longstring,0.8,0.8,0.8,0.0
100,0.6,1,B,longstring,0.9,0.4,0.2,0.2
100,0.6,1,B,longstring,1.0,0.8,0.8,0.0
100,0.6,1,B,mixed,0.1,0.2,0.0,0.2
100,0.6,1,B,mixed,0.2,0.2,0.2,0.0
100,0.6,1,B,mixed,0.3,0.4,0.2,0.2
100,0.6,1,B,mixed,0.4,0.6,0.4,0.19999999999999996
100,0.6,1,B,mixed,0.5,0.2,0.4,-0.2
100,0.6,1,B,mixed,0.6,0.4,0.4,0.0
100,0.6,1,B,mixed,0.7,0.2,0.4,-0.2
100,0.6,1,B,mixed,0.8,0.4,0.4,0.0
100,0.6,1,B,mixed,0.9,0.8,0.8,0.0
100,0.6,1,B,mixed,1.0,0.4,0.4,0.0
100,0.6,1,B,pure_straight,0.1,0.2,0.2,0.0
100,0.6,1,B,pure_straight,0.2,0.6,0.4,0.19999999999999996
100,0.6,1,B,pure_straight,0.3,0.8,0.8,0.0
100,0.6,1,B,pure_straight,0.4,0.6,0.6,0.0
100,0.6,1,B,pure_straight,0.5,0.6,0.6,0.0
100,0.6,1,B,pure_straight,0.6,0.6,0.6,0.0
100,0.6,1,B,pure_straight,0.7,1.0,1.0,0.0
100,0.6,1,B,pure_straight,0.8,1.0,1.0,0.0
100,0.6,1,B,pure_straight,0.9,1.0,1.0,0.0
100,0.6,1,B,pure_straight,1.0,1.0,1.0,0.0
100,0.6,1,B,random,0.1,0.2,0.2,0.0
100,0.6,1,B,random,0.2,0.4,0.2,0.2
100,0.6,1,B,random,0.3,0.0,0.0,0.0
100,0.6,1,B,random,0.4,0.8,0.6,0.20000000000000007
100,0.6,1,B,random,0.5,0.4,0.6,-0.19999999999999996
100,0.6,1,B,random,0.6,0.6,0.6,0.0
100,0.6,1,B,random,0.7,0.4,0.4,0.0
100,0.6,1,B,random,0.8,0.6,0.4,0.19999999999999996
100,0.6,1,B,random,0.9,0.2,0.2,0.0
100,0.6,1,B,random,1.0,0.8,0.8,0.0
100,0.6,2,B,acquiescent,0.1,0.0,0.0,0.0
100,0.6,2,B,acquiescent,0.2,0.2,0.6,-0.39999999999999997
100,0.6,2,B,acquiescent,0.3,0.6,0.6,0.0
100,0.6,2,B,acquiescent,0.4,0.2,0.2,0.0
100,0.6,2,B,acquiescent,0.5,0.8,0.6,0.20000000000000007
100,0.6,2,B,acquiescent,0.6,1.0,0.4,0.6
100,0.6,2,B,acquiescent,0.7,1.0,0.8,0.19999999999999996
100,0.6,2,B,acquiescent,0.8,1.0,1.0,0.0
100,0.6,2,B,acquiescent,0.9,1.0,1.0,0.0
100,0.6,2,B,acquiescent,1.0,1.0,1.0,0.0
100,0.6,2,B,fatigue,0.1,0.2,0.2,0.0
100,0.6,2,B,fatigue,0.2,0.0,0.0,0.0
100,0.6,2,B,fatigue,0.3,0.0,0.2,-0.2
100,0.6,2,B,fatigue,0.4,0.0,0.2,-0.2
100,0.6,2,B,fatigue,0.5,0.2,0.2,0.0
100,0.6,2,B,fatigue,0.6,0.6,0.6,0.0
100,0.6,2,B,fatigue,0.7,0.8,0.8,0.0
100,0.6,2,B,fatigue,0.8,0.8,1.0,-0.19999999999999996
100,0.6,2,B,fatigue,0.9,0.8,0.8,0.0
100,0.6,2,B,fatigue,1.0,1.0,1.0,0.0
100,0.6,2,B,longstring,0.1,0.2,0.2,0.0
100,0.6,2,B,longstring,0.2,0.2,0.2,0.0
100,0.6,2,B,longstring,0.3,0.4,0.2,0.2
100,0.6,2,B,longstring,0.4,0.6,0.4,0.19999999999999996
100,0.6,2,B,longstring,0.5,0.6,0.4,0.19999999999999996
100,0.6,2,B,longstring,0.6,0.6,0.4,0.19999999999999996
100,0.6,2,B,longstring,0.7,0.8,0.8,0.0
100,0.6,2,B,longstring,0.8,1.0,0.8,0.19999999999999996
100,0.6,2,B,longstring,0.9,1.0,1.0,0.0
100,0.6,2,B,longstring,1.0,1.0,0.8,0.19999999999999996
100,0.6,2,B,mixed,0.1,0.0,0.0,0.0
100,0.6,2,B,mixed,0.2,0.2,0.0,0.2
100,0.6,2,B,mixed,0.3,0.4,0.4,0.0
100,0.6,2,B,mixed,0.4,0.6,0.6,0.0
100,0.6,2,B,mixed,0.5,0.4,0.4,0.0
100,0.6,2,B,mixed,0.6,0.8,0.8,0.0
100,0.6,2,B,mixed,0.7,0.6,0.6,0.0
100,0.6,2,B,mixed,0.8,0.6,0.6,0.0
100,0.6,2,B,mixed,0.9,0.4,0.4,0.0
100,0.6,2,B,mixed,1.0,0.4,0.4,0.0
100,0.6,2,B,pure_straight,0.1,0.0,0.2,-0.2
100,0.6,2,B,pure_straight,0.2,0.0,0.0,0.0
100,0.6,2,B,pure_straight,0.3,0.4,0.6,-0.19999999999999996
100,0.6,2,B,pure_straight,0.4,0.6,0.6,0.0
100,0.6,2,B,pure_straight,0.5,0.8,0.8,0.0
100,0.6,2,B,pure_straight,0.6,0.8,0.8,0.0
100,0.6,2,B,pure_straight,0.7,1.0,1.0,0.0
100,0.6,2,B,pure_straight,0.8,1.0,1.0,0.0
100,0.6,2,B,pure_straight,0.9,1.0,1.0,0.0
100,0.6,2,B,pure_straight,1.0,1.0,1.0,0.0
100,0.6,2,B,random,0.1,0.0,0.0,0.0
100,0.6,2,B,random,0.2,0.4,0.2,0.2
100,0.6,2,B,random,0.3,0.2,0.2,0.0
100,0.6,2,B,random,0.4,0.4,0.4,0.0
100,0.6,2,B,random,0.5,0.8,1.0,-0.19999999999999996
100,0.6,2,B,random,0.6,0.8,0.8,0.0
100,0.6,2,B,random,0.7,0.4,0.6,-0.19999999999999996
100,0.6,2,B,random,0.8,0.4,0.6,-0.19999999999999996
100,0.6,2,B,random,0.9,0.6,0.4,0.19999999999999996
100,0.6,2,B,random,1.0,0.6,0.6,0.0
100,0.6,3,B,acquiescent,0.1,0.0,0.2,-0.2
100,0.6,3,B,acquiescent,0.2,0.6,0.4,0.19999999999999996
100,0.6,3,B,acquiescent,0.3,0.8,0.8,0.0
100,0.6,3,B,acquiescent,0.4,0.2,0.2,0.0
100,0.6,3,B,acquiescent,0.5,0.6,0.8,-0.20000000000000007
100,0.6,3,B,acquiescent,0.6,0.6,0.6,0.0
100,0.6,3,B,acquiescent,0.7,0.8,0.8,0.0
100,0.6,3,B,acquiescent,0.8,1.0,0.8,0.19999999999999996
100,0.6,3,B,acquiescent,0.9,1.0,1.0,0.0
100,0.6,3,B,acquiescent,1.0,1.0,1.0,0.0
100,0.6,3,B,fatigue,0.1,0.0,0.0,0.0
100,0.6,3,B,fatigue,0.2,0.2,0.4,-0.2
100,0.6,3,B,fatigue,0.3,0.0,0.2,-0.2
100,0.6,3,B,fatigue,0.4,0.0,0.0,0.0
100,0.6,3,B,fatigue,0.5,0.4,0.6,-0.19999999999999996
100,0.6,3,B,fatigue,0.6,0.6,0.6,0.0
100,0.6,3,B,fatigue,0.7,0.8,0.8,0.0
100,0.6,3,B,fatigue,0.8,0.8,0.8,0.0
100,0.6,3,B,fatigue,0.9,0.6,0.8,-0.20000000000000007
100,0.6,3,B,fatigue,1.0,0.8,0.8,0.0
100,0.6,3,B,longstring,0.1,0.0,0.0,0.0
100,0.6,3,B,longstring,0.2,0.0,0.2,-0.2
100,0.6,3,B,longstring,0.3,0.4,0.6,-0.19999999999999996
100,0.6,3,B,longstring,0.4,0.2,0.2,0.0
100,0.6,3,B,longstring,0.5,0.6,0.8,-0.20000000000000007
100,0.6,3,B,longstring,0.6,0.8,0.8,0.0
100,0.6,3,B,longstring,0.7,0.2,0.4,-0.2
100,0.6,3,B,longstring,0.8,0.6,0.6,0.0
100,0.6,3,B,longstring,0.9,0.6,0.4,0.19999999999999996
100,0.6,3,B,longstring,1.0,1.0,0.8,0.19999999999999996
100,0.6,3,B,mixed,0.1,0.0,0.0,0.0
100,0.6,3,B,mixed,0.2,0.0,0.0,0.0
100,0.6,3,B,mixed,0.3,0.2,0.2,0.0
100,0.6,3,B,mixed,0.4,0.4,0.2,0.2
100,0.6,3,B,mixed,0.5,0.6,0.4,0.19999999999999996
100,0.6,3,B,mixed,0.6,0.0,0.4,-0.4
100,0.6,3,B,mixed,0.7,0.6,0.8,-0.20000000000000007
100,0.6,3,B,mixed,0.8,0.6,0.4,0.19999999999999996
100,0.6,3,B,mixed,0.9,0.8,0.8,0.0
100,0.6,3,B,mixed,1.0,0.4,0.2,0.2
100,0.6,3,B,pure_straight,0.1,0.0,0.2,-0.2
100,0.6,3,B,pure_straight,0.2,0.6,0.6,0.0
100,0.6,3,B,pure_straight,0.3,0.4,0.6,-0.19999999999999996
100,0.6,3,B,pure_straight,0.4,0.6,0.8,-0.20000000000000007
100,0.6,3,B,pure_straight,0.5,0.6,0.4,0.19999999999999996
100,0.6,3,B,pure_straight,0.6,1.0,1.0,0.0
100,0.6,3,B,pure_straight,0.7,1.0,1.0,0.0
100,0.6,3,B,pure_straight,0.8,0.6,0.8,-0.20000000000000007
100,0.6,3,B,pure_straight,0.9,1.0,1.0,0.0
100,0.6,3,B,pure_straight,1.0,1.0,1.0,0.0
100,0.6,3,B,random,0.1,0.2,0.2,0.0
100,0.6,3,B,random,0.2,0.4,0.2,0.2
100,0.6,3,B,random,0.3,0.4,0.2,0.2
100,0.6,3,B,random,0.4,0.6,0.4,0.19999999999999996
100,0.6,3,B,random,0.5,0.6,0.4,0.19999999999999996
100,0.6,3,B,random,0.6,0.6,0.6,0.0
100,0.6,3,B,random,0.7,0.8,0.8,0.0
100,0.6,3,B,random,0.8,1.0,0.8,0.19999999999999996
100,0.6,3,B,random,0.9,0.8,0.8,0.0
100,0.6,3,B,random,1.0,0.8,0.8,0.0
100,0.6,4,B,acquiescent,0.1,0.2,0.2,0.0
100,0.6,4,B,acquiescent,0.2,0.2,0.4,-0.2
100,0.6,4,B,acquiescent,0.3,0.6,0.6,0.0
100,0.6,4,B,acquiescent,0.4,0.2,0.4,-0.2
100,0.6,4,B,acquiescent,0.5,0.6,1.0,-0.4
100,0.6,4,B,acquiescent,0.6,1.0,1.0,0.0
100,0.6,4,B,acquiescent,0.7,1.0,1.0,0.0
100,0.6,4,B,acquiescent,0.8,1.0,1.0,0.0
100,0.6,4,B,acquiescent,0.9,1.0,1.0,0.0
100,0.6,4,B,acquiescent,1.0,1.0,1.0,0.0
100,0.6,4,B,fatigue,0.1,0.4,0.4,0.0
100,0.6,4,B,fatigue,0.2,0.2,0.2,0.0
100,0.6,4,B,fatigue,0.3,0.2,0.2,0.0
100,0.6,4,B,fatigue,0.4,0.2,0.2,0.0
100,0.6,4,B,fatigue,0.5,0.2,0.2,0.0
100,0.6,4,B,fatigue,0.6,0.2,0.2,0.0
100,0.6,4,B,fatigue,0.7,0.8,0.8,0.0
100,0.6,4,B,fatigue,0.8,0.4,0.6,-0.19999999999999996
100,0.6,4,B,fatigue,0.9,1.0,1.0,0.0
100,0.6,4,B,fatigue,1.0,1.0,0.6,0.4
100,0.6,4,B,longstring,0.1,0.2,0.2,0.0
100,0.6,4,B,longstring,0.2,0.2,0.0,0.2
100,0.6,4,B,longstring,0.3,0.2,0.6,-0.39999999999999997
100,0.6,4,B,longstring,0.4,0.4,0.0,0.4
100,0.6,4,B,longstring,0.5,0.6,0.6,0.0
100,0.6,4,B,longstring,0.6,0.6,0.6,0.0
100,0.6,4,B,longstring,0.7,0.8,0.8,0.0
100,0.6,4,B,longstring,0.8,0.6,0.6,0.0
100,0.6,4,B,longstring,0.9,1.0,1.0,0.0
100,0.6,4,B,longstring,1.0,0.6,0.6,0.0
100,0.6,4,B,mixed,0.1,0.2,0.2,0.0
100,0.6,4,B,mixed,0.2,0.4,0.4,0.0
100,0.6,4,B,mixed,0.3,0.0,0.0,0.0
100,0.6,4,B,mixed,0.4,0.2,0.0,0.2
100,0.6,4,B,mixed,0.5,0.6,0.6,0.0
100,0.6,4,B,mixed,0.6,0.0,0.2,-0.2
100,0.6,4,B,mixed,0.7,0.6,0.8,-0.20000000000000007
100,0.6,4,B,mixed,0.8,0.6,0.8,-0.20000000000000007
100,0.6,4,B,mixed,0.9,0.8,1.0,-0.19999999999999996
100,0.6,4,B,mixed,1.0,0.6,0.8,-0.20000000000000007
100,0.6,4,B,pure_straight,0.1,0.2,0.0,0.2
100,0.6,4,B,pure_straight,0.2,0.4,0.2,0.2
100,0.6,4,B,pure_straight,0.3,0.2,0.4,-0.2
100,0.6,4,B,pure_straight,0.4,0.6,0.6,0.0
100,0.6,4,B,pure_straight,0.5,0.4,0.4,0.0
100,0.6,4,B,pure_straight,0.6,1.0,1.0,0.0
100,0.6,4,B,pure_straight,0.7,1.0,1.0,0.0
100,0.6,4,B,pure_straight,0.8,1.0,1.0,0.0
100,0.6,4,B,pure_straight,0.9,1.0,1.0,0.0
100,0.6,4,B,pure_straight,1.0,1.0,1.0,0.0
100,0.6,4,B,random,0.1,0.2,0.0,0.2
100,0.6,4,B,random,0.2,0.6,0.2,0.39999999999999997
100,0.6,4,B,random,0.3,0.6,0.4,0.19999999999999996
100,0.6,4,B,random,0.4,0.4,0.4,0.0
100,0.6,4,B,random,0.5,0.2,0.4,-0.2
100,0.6,4,B,random,0.6,0.6,0.6,0.0
100,0.6,4,B,random,0.7,0.8,0.4,0.4
100,0.6,4,B,random,0.8,0.4,0.2,0.2
100,0.6,4,B,random,0.9,0.6,0.6,0.0
100,0.6,4,B,random,1.0,0.4,0.4,0.0
100,0.6,5,B,acquiescent,0.1,0.2,0.2,0.0
100,0.6,5,B,acquiescent,0.2,0.4,0.6,-0.19999999999999996
100,0.6,5,B,acquiescent,0.3,0.4,0.4,0.0
100,0.6,5,B,acquiescent,0.4,0.6,0.4,0.19999999999999996
100,0.6,5,B,acquiescent,0.5,0.6,0.6,0.0
100,0.6,5,B,acquiescent,0.6,1.0,0.6,0.4
100,0.6,5,B,acquiescent,0.7,0.8,0.8,0.0
100,0.6,5,B,acquiescent,0.8,1.0,1.0,0.0
100,0.6,5,B,acquiescent,0.9,1.0,1.0,0.0
100,0.6,5,B,acquiescent,1.0,1.0,1.0,0.0
100,0.6,5,B,fatigue,0.1,0.2,0.0,0.2
100,0.6,5,B,fatigue,0.2,0.0,0.2,-0.2
100,0.6,5,B,fatigue,0.3,0.2,0.4,-0.2
100,0.6,5,B,fatigue,0.4,0.4,0.4,0.0
100,0.6,5,B,fatigue,0.5,0.2,0.2,0.0
100,0.6,5,B,fatigue,0.6,0.6,0.8,-0.20000000000000007
100,0.6,5,B,fatigue,0.7,0.8,0.8,0.0
100,0.6,5,B,fatigue,0.8,1.0,0.8,0.19999999999999996
100,0.6,5,B,fatigue,0.9,1.0,1.0,0.0
100,0.6,5,B,fatigue,1.0,1.0,1.0,0.0
100,0.6,5,B,longstring,0.1,0.2,0.2,0.0
100,0.6,5,B,longstring,0.2,0.0,0.2,-0.2
100,0.6,5,B,longstring,0.3,0.4,0.4,0.0
100,0.6,5,B,longstring,0.4,0.6,0.4,0.19999999999999996
100,0.6,5,B,longstring,0.5,0.6,0.6,0.0
100,0.6,5,B,longstring,0.6,0.6,0.2,0.39999999999999997
100,0.6,5,B,longstring,0.7,0.8,0.8,0.0
100,0.6,5,B,longstring,0.8,0.8,1.0,-0.19999999999999996
100,0.6,5,B,longstring,0.9,1.0,0.8,0.19999999999999996
100,0.6,5,B,longstring,1.0,1.0,0.8,0.19999999999999996
100,0.6,5,B,mixed,0.1,0.2,0.0,0.2
100,0.6,5,B,mixed,0.2,0.2,0.4,-0.2
100,0.6,5,B,mixed,0.3,0.2,0.4,-0.2
100,0.6,5,B,mixed,0.4,0.4,0.2,0.2
100,0.6,5,B,mixed,0.5,0.4,0.4,0.0
100,0.6,5,B,mixed,0.6,0.4,0.4,0.0
100,0.6,5,B,mixed,0.7,0.8,0.8,0.0
100,0.6,5,B,mixed,0.8,0.4,0.4,0.0
100,0.6,5,B,mixed,0.9,0.6,0.8,-0.20000000000000007
100,0.6,5,B,mixed,1.0,0.8,1.0,-0.19999999999999996
100,0.6,5,B,pure_straight,0.1,0.2,0.0,0.2
100,0.6,5,B,pure_straight,0.2,0.2,0.6,-0.39999999999999997
100,0.6,5,B,pure_straight,0.3,0.0,0.2,-0.2
100,0.6,5,B,pure_straight,0.4,0.4,0.6,-0.19999999999999996
100,0.6,5,B,pure_straight,0.5,0.4,0.6,-0.19999999999999996
100,0.6,5,B,pure_straight,0.6,1.0,0.8,0.19999999999999996
100,0.6,5,B,pure_straight,0.7,1.0,1.0,0.0
100,0.6,5,B,pure_straight,0.8,1.0,1.0,0.0
100,0.6,5,B,pure_straight,0.9,1.0,1.0,0.0
100,0.6,5,B,pure_straight,1.0,1.0,1.0,0.0
100,0.6,5,B,random,0.1,0.0,0.0,0.0
100,0.6,5,B,random,0.2,0.6,0.2,0.39999999999999997
100,0.6,5,B,random,0.3,0.0,0.2,-0.2
100,0.6,5,B,random,0.4,0.2,0.0,0.2
100,0.6,5,B,random,0.5,0.6,0.4,0.19999999999999996
100,0.6,5,B,random,0.6,0.2,0.2,0.0
100,0.6,5,B,random,0.7,0.8,0.8,0.0
100,0.6,5,B,random,0.8,0.6,0.8,-0.20000000000000007
100,0.6,5,B,random,0.9,0.8,0.4,0.4
100,0.6,5,B,random,1.0,0.8,0.6,0.20000000000000007
100,0.6,6,B,acquiescent,0.1,0.4,0.0,0.4
100,0.6,6,B,acquiescent,0.2,0.2,0.2,0.0
100,0.6,6,B,acquiescent,0.3,0.4,0.6,-0.19999999999999996
100,0.6,6,B,acquiescent,0.4,0.6,0.2,0.39999999999999997
100,0.6,6,B,acquiescent,0.5,0.8,0.4,0.4
100,0.6,6,B,acquiescent,0.6,0.6,0.6,0.0
100,0.6,6,B,acquiescent,0.7,1.0,1.0,0.0
100,0.6,6,B,acquiescent,0.8,1.0,1.0,0.0
100,0.6,6,B,acquiescent,0.9,1.0,1.0,0.0
100,0.6,6,B,acquiescent,1.0,1.0,1.0,0.0
100,0.6,6,B,fatigue,0.1,0.0,0.0,0.0
100,0.6,6,B,fatigue,0.2,0.0,0.2,-0.2
100,0.6,6,B,fatigue,0.3,0.0,0.0,0.0
100,0.6,6,B,fatigue,0.4,0.6,0.6,0.0
100,0.6,6,B,fatigue,0.5,0.0,0.4,-0.4
100,0.6,6,B,fatigue,0.6,0.4,0.4,0.0
100,0.6,6,B,fatigue,0.7,0.6,0.6,0.0
100,0.6,6,B,fatigue,0.8,0.8,0.8,0.0
100,0.6,6,B,fatigue,0.9,0.8,1.0,-0.19999999999999996
100,0.6,6,B,fatigue,1.0,0.6,0.6,0.0
100,0.6,6,B,longstring,0.1,0.0,0.0,0.0
100,0.6,6,B,longstring,0.2,0.4,0.6,-0.19999999999999996
100,0.6,6,B,longstring,0.3,0.0,0.0,0.0
100,0.6,6,B,longstring,0.4,0.2,0.2,0.0
100,0.6,6,B,longstring,0.5,0.2,0.2,0.0
100,0.6,6,B,longstring,0.6,0.4,0.6,-0.19999999999999996
100,0.6,6,B,longstring,0.7,1.0,1.0,0.0
100,0.6,6,B,longstring,0.8,1.0,1.0,0.0
100,0.6,6,B,longstring,0.9,0.8,0.8,0.0
100,0.6,6,B,longstring,1.0,0.4,0.4,0.0
100,0.6,6,B,mixed,0.1,0.0,0.2,-0.2
100,0.6,6,B,mixed,0.2,0.2,0.2,0.0
100,0.6,6,B,mixed,0.3,0.2,0.2,0.0
100,0.6,6,B,mixed,0.4,0.6,0.2,0.39999999999999997
100,0.6,6,B,mixed,0.5,0.6,0.6,0.0
100,0.6,6,B,mixed,0.6,0.8,0.6,0.20000000000000007
100,0.6,6,B,mixed,0.7,1.0,0.8,0.19999999999999996
100,0.6,6,B,mixed,0.8,1.0,1.0,0.0
100,0.6,6,B,mixed,0.9,0.8,0.8,0.0
100,0.6,6,B,mixed,1.0,1.0,0.6,0.4
100,0.6,6,B,pure_straight,0.1,0.0,0.0,0.0
100,0.6,6,B,pure_straight,0.2,0.8,0.8,0.0
100,0.6,6,B,pure_straight,0.3,0.8,0.6,0.20000000000000007
100,0.6,6,B,pure_straight,0.4,0.6,0.4,0.19999999999999996
100,0.6,6,B,pure_straight,0.5,0.8,1.0,-0.19999999999999996
100,0.6,6,B,pure_straight,0.6,0.8,0.8,0.0
100,0.6,6,B,pure_straight,0.7,1.0,1.0,0.0
100,0.6,6,B,pure_straight,0.8,1.0,1.0,0.0
100,0.6,6,B,pure_straight,0.9,1.0,1.0,0.0
100,0.6,6,B,pure_straight,1.0,1.0,1.0,0.0
100,0.6,6,B,random,0.1,0.2,0.2,0.0
100,0.6,6,B,random,0.2,0.2,0.2,0.0
100,0.6,6,B,random,0.3,0.2,0.2,0.0
100,0.6,6,B,random,0.4,0.2,0.0,0.2
100,0.6,6,B,random,0.5,0.4,0.8,-0.4
100,0.6,6,B,random,0.6,0.2,0.4,-0.2
100,0.6,6,B,random,0.7,0.6,0.4,0.19999999999999996
100,0.6,6,B,random,0.8,0.4,0.2,0.2
100,0.6,6,B,random,0.9,0.6,0.6,0.0
100,0.6,6,B,random,1.0,0.6,0.4,0.19999999999999996
100,0.6,7,B,acquiescent,0.1,0.0,0.0,0.0
100,0.6,7,B,acquiescent,0.2,0.0,0.2,-0.2
100,0.6,7,B,acquiescent,0.3,0.2,0.2,0.0
100,0.6,7,B,acquiescent,0.4,0.4,0.4,0.0
100,0.6,7,B,acquiescent,0.5,0.6,0.4,0.19999999999999996
100,0.6,7,B,acquiescent,0.6,0.8,0.8,0.0
100,0.6,7,B,acquiescent,0.7,0.6,0.6,0.0
100,0.6,7,B,acquiescent,0.8,1.0,1.0,0.0
100,0.6,7,B,acquiescent,0.9,1.0,1.0,0.0
100,0.6,7,B,acquiescent,1.0,1.0,1.0,0.0
100,0.6,7,B,fatigue,0.1,0.0,0.2,-0.2
100,0.6,7,B,fatigue,0.2,0.2,0.4,-0.2
100,0.6,7,B,fatigue,0.3,0.6,0.2,0.39999999999999997
100,0.6,7,B,fatigue,0.4,0.2,0.2,0.0
100,0.6,7,B,fatigue,0.5,0.8,0.4,0.4
100,0.6,7,B,fatigue,0.6,0.4,0.4,0.0
100,0.6,7,B,fatigue,0.7,0.6,0.6,0.0
100,0.6,7,B,fatigue,0.8,0.8,0.6,0.20000000000000007
100,0.6,7,B,fatigue,0.9,1.0,1.0,0.0
100,0.6,7,B,fatigue,1.0,0.8,0.8,0.0
100,0.6,7,B,longstring,0.1,0.4,0.2,0.2
100,0.6,7,B,longstring,0.2,0.4,0.4,0.0
100,0.6,7,B,longstring,0.3,0.0,0.6,-0.6
100,0.6,7,B,longstring,0.4,0.2,0.2,0.0
100,0.6,7,B,longstring,0.5,0.4,0.4,0.0
100,0.6,7,B,longstring,0.6,0.6,0.4,0.19999999999999996
100,0.6,7,B,longstring,0.7,0.8,0.6,0.20000000000000007
100,0.6,7,B,longstring,0.8,0.8,0.8,0.0
100,0.6,7,B,longstring,0.9,0.8,1.0,-0.19999999999999996
100,0.6,7,B,longstring,1.0,1.0,1.0,0.0
100,0.6,7,B,mixed,0.1,0.0,0.2,-0.2
100,0.6,7,B,mixed,0.2,0.2,0.0,0.2
100,0.6,7,B,mixed,0.3,0.2,0.2,0.0
100,0.6,7,B,mixed,0.4,0.2,0.2,0.0
100,0.6,7,B,mixed,0.5,0.4,0.0,0.4
100,0.6,7,B,mixed,0.6,0.6,0.4,0.19999999999999996
100,0.6,7,B,mixed,0.7,0.8,0.6,0.20000000000000007
100,0.6,7,B,mixed,0.8,1.0,0.6,0.4
100,0.6,7,B,mixed,0.9,0.8,0.6,0.20000000000000007
100,0.6,7,B,mixed,1.0,1.0,1.0,0.0
100,0.6,7,B,pure_straight,0.1,0.0,0.0,0.0
100,0.6,7,B,pure_straight,0.2,0.4,0.6,-0.19999999999999996
100,0.6,7,B,pure_straight,0.3,0.8,1.0,-0.19999999999999996
100,0.6,7,B,pure_straight,0.4,0.8,0.8,0.0
100,0.6,7,B,pure_straight,0.5,1.0,1.0,0.0
100,0.6,7,B,pure_straight,0.6,0.8,0.8,0.0
100,0.6,7,B,pure_straight,0.7,1.0,1.0,0.0
100,0.6,7,B,pure_straight,0.8,1.0,1.0,0.0
100,0.6,7,B,pure_straight,0.9,1.0,1.0,0.0
100,0.6,7,B,pure_straight,1.0,1.0,1.0,0.0
100,0.6,7,B,random,0.1,0.4,0.0,0.4
100,0.6,7,B,random,0.2,0.2,0.2,0.0
100,0.6,7,B,random,0.3,0.2,0.2,0.0
100,0.6,7,B,random,0.4,0.0,0.2,-0.2
100,0.6,7,B,random,0.5,0.4,0.2,0.2
100,0.6,7,B,random,0.6,0.6,0.6,0.0
100,0.6,7,B,random,0.7,0.6,0.6,0.0
100,0.6,7,B,random,0.8,0.4,0.4,0.0
100,0.6,7,B,random,0.9,0.6,0.6,0.0
100,0.6,7,B,random,1.0,0.8,1.0,-0.19999999999999996
100,0.6,8,B,acquiescent,0.1,0.2,0.2,0.0
100,0.6,8,B,acquiescent,0.2,0.0,0.2,-0.2
100,0.6,8,B,acquiescent,0.3,0.2,0.2,0.0
100,0.6,8,B,acquiescent,0.4,0.6,0.8,-0.20000000000000007
100,0.6,8,B,acquiescent,0.5,0.8,0.8,0.0
100,0.6,8,B,acquiescent,0.6,0.8,0.8,0.0
100,0.6,8,B,acquiescent,0.7,1.0,1.0,0.0
100,0.6,8,B,acquiescent,0.8,1.0,1.0,0.0
100,0.6,8,B,acquiescent,0.9,1.0,1.0,0.0
100,0.6,8,B,acquiescent,1.0,1.0,1.0,0.0
100,0.6,8,B,fatigue,0.1,0.0,0.0,0.0
100,0.6,8,B,fatigue,0.2,0.2,0.2,0.0
100,0.6,8,B,fatigue,0.3,0.2,0.0,0.2
100,0.6,8,B,fatigue,0.4,0.0,0.0,0.0
100,0.6,8,B,fatigue,0.5,0.4,0.4,0.0
100,0.6,8,B,fatigue,0.6,0.0,0.2,-0.2
100,0.6,8,B,fatigue,0.7,0.6,0.8,-0.20000000000000007
100,0.6,8,B,fatigue,0.8,1.0,0.8,0.19999999999999996
100,0.6,8,B,fatigue,0.9,0.8,0.6,0.20000000000000007
100,0.6,8,B,fatigue,1.0,0.8,0.6,0.20000000000000007
100,0.6,8,B,longstring,0.1,0.2,0.4,-0.2
100,0.6,8,B,longstring,0.2,0.2,0.4,-0.2
100,0.6,8,B,longstring,0.3,0.4,0.2,0.2
100,0.6,8,B,longstring,0.4,0.4,0.4,0.0
100,0.6,8,B,longstring,0.5,0.4,0.4,0.0
100,0.6,8,B,longstring,0.6,0.8,0.6,0.20000000000000007
100,0.6,8,B,longstring,0.7,0.8,0.8,0.0
100,0.6,8,B,longstring,0.8,0.6,0.6,0.0
100,0.6,8,B,longstring,0.9,0.8,0.8,0.0
100,0.6,8,B,longstring,1.0,0.8,0.8,0.0
100,0.6,8,B,mixed,0.1,0.0,0.2,-0.2
100,0.6,8,B,mixed,0.2,0.4,0.6,-0.19999999999999996
100,0.6,8,B,mixed,0.3,0.6,0.4,0.19999999999999996
100,0.6,8,B,mixed,0.4,0.4,0.4,0.0
100,0.6,8,B,mixed,0.5,0.4,0.4,0.0
100,0.6,8,B,mixed,0.6,0.8,0.4,0.4
100,0.6,8,B,mixed,0.7,0.4,0.8,-0.4
100,0.6,8,B,mixed,0.8,0.4,0.4,0.0
100,0.6,8,B,mixed,0.9,0.4,0.2,0.2
100,0.6,8,B,mixed,1.0,0.6,0.6,0.0
100,0.6,8,B,pure_straight,0.1,0.2,0.2,0.0
100,0.6,8,B,pure_straight,0.2,0.0,0.0,0.0
100,0.6,8,B,pure_straight,0.3,0.6,0.4,0.19999999999999996
100,0.6,8,B,pure_straight,0.4,1.0,1.0,0.0
100,0.6,8,B,pure_straight,0.5,0.8,1.0,-0.19999999999999996
100,0.6,8,B,pure_straight,0.6,1.0,1.0,0.0
100,0.6,8,B,pure_straight,0.7,1.0,1.0,0.0
100,0.6,8,B,pure_straight,0.8,1.0,1.0,0.0
100,0.6,8,B,pure_straight,0.9,1.0,1.0,0.0
100,0.6,8,B,pure_straight,1.0,1.0,1.0,0.0
100,0.6,8,B,random,0.1,0.2,0.2,0.0
100,0.6,8,B,random,0.2,0.6,0.6,0.0
100,0.6,8,B,random,0.3,0.4,0.4,0.0
100,0.6,8,B,random,0.4,0.4,0.6,-0.19999999999999996
100,0.6,8,B,random,0.5,0.0,0.2,-0.2
100,0.6,8,B,random,0.6,0.4,0.4,0.0
100,0.6,8,B,random,0.7,0.4,0.4,0.0
100,0.6,8,B,random,0.8,0.4,0.6,-0.19999999999999996
100,0.6,8,B,random,0.9,0.8,0.6,0.20000000000000007
100,0.6,8,B,random,1.0,0.6,0.0,0.6
100,0.6,9,B,acquiescent,0.1,0.4,0.2,0.2
100,0.6,9,B,acquiescent,0.2,0.2,0.2,0.0
100,0.6,9,B,acquiescent,0.3,0.2,0.4,-0.2
100,0.6,9,B,acquiescent,0.4,0.8,0.8,0.0
100,0.6,9,B,acquiescent,0.5,0.6,0.8,-0.20000000000000007
100,0.6,9,B,acquiescent,0.6,0.6,0.6,0.0
100,0.6,9,B,acquiescent,0.7,0.6,0.6,0.0
100,0.6,9,B,acquiescent,0.8,1.0,1.0,0.0
100,0.6,9,B,acquiescent,0.9,1.0,1.0,0.0
100,0.6,9,B,acquiescent,1.0,1.0,1.0,0.0
100,0.6,9,B,fatigue,0.1,0.2,0.2,0.0
100,0.6,9,B,fatigue,0.2,0.0,0.4,-0.4
100,0.6,9,B,fatigue,0.3,0.2,0.2,0.0
100,0.6,9,B,fatigue,0.4,0.2,0.2,0.0
100,0.6,9,B,fatigue,0.5,0.6,0.6,0.0
100,0.6,9,B,fatigue,0.6,0.6,0.6,0.0
100,0.6,9,B,fatigue,0.7,0.4,0.4,0.0
100,0.6,9,B,fatigue,0.8,0.6,0.4,0.19999999999999996
100,0.6,9,B,fatigue,0.9,0.8,0.6,0.20000000000000007
100,0.6,9,B,fatigue,1.0,1.0,1.0,0.0
100,0.6,9,B,longstring,0.1,0.2,0.2,0.0
100,0.6,9,B,longstring,0.2,0.4,0.4,0.0
100,0.6,9,B,longstring,0.3,0.2,0.4,-0.2
100,0.6,9,B,longstring,0.4,0.2,0.4,-0.2
100,0.6,9,B,longstring,0.5,0.6,0.6,0.0
100,0.6,9,B,longstring,0.6,0.6,0.6,0.0
100,0.6,9,B,longstring,0.7,1.0,1.0,0.0
100,0.6,9,B,longstring,0.8,0.8,1.0,-0.19999999999999996
100,0.6,9,B,longstring,0.9,0.8,0.8,0.0
100,0.6,9,B,longstring,1.0,0.8,0.8,0.0
100,0.6,9,B,mixed,0.1,0.0,0.4,-0.4
100,0.6,9,B,mixed,0.2,0.2,0.0,0.2
100,0.6,9,B,mixed,0.3,0.2,0.0,0.2
100,0.6,9,B,mixed,0.4,0.2,0.0,0.2
100,0.6,9,B,mixed,0.5,0.4,0.2,0.2
100,0.6,9,B,mixed,0.6,0.4,0.4,0.0
100,0.6,9,B,mixed,0.7,0.8,0.8,0.0
100,0.6,9,B,mixed,0.8,0.8,0.8,0.0
100,0.6,9,B,mixed,0.9,0.8,0.6,0.20000000000000007
100,0.6,9,B,mixed,1.0,0.4,0.6,-0.19999999999999996
100,0.6,9,B,pure_straight,0.1,0.2,0.0,0.2
100,0.6,9,B,pure_straight,0.2,0.4,0.6,-0.19999999999999996
100,0.6,9,B,pure_straight,0.3,0.4,0.6,-0.19999999999999996
100,0.6,9,B,pure_straight,0.4,0.8,1.0,-0.19999999999999996
100,0.6,9,B,pure_straight,0.5,0.8,0.6,0.20000000000000007
100,0.6,9,B,pure_straight,0.6,0.8,0.8,0.0
100,0.6,9,B,pure_straight,0.7,1.0,1.0,0.0
100,0.6,9,B,pure_straight,0.8,1.0,1.0,0.0
100,0.6,9,B,pure_straight,0.9,1.0,1.0,0.0
100,0.6,9,B,pure_straight,1.0,1.0,1.0,0.0
100,0.6,9,B,random,0.1,0.0,0.0,0.0
100,0.6,9,B,random,0.2,0.2,0.2,0.0
100,0.6,9,B,random,0.3,0.4,0.2,0.2
100,0.6,9,B,random,0.4,0.4,0.2,0.2
100,0.6,9,B,random,0.5,0.6,0.4,0.19999999999999996
100,0.6,9,B,random,0.6,0.4,0.6,-0.19999999999999996
100,0.6,9,B,random,0.7,0.6,0.2,0.39999999999999997
100,0.6,9,B,random,0.8,0.4,0.2,0.2
100,0.6,9,B,random,0.9,0.4,0.4,0.0
100,0.6,9,B,random,1.0,0.6,0.4,0.19999999999999996
100,0.6,10,B,acquiescent,0.1,0.2,0.0,0.2
100,0.6,10,B,acquiescent,0.2,0.4,0.4,0.0
100,0.6,10,B,acquiescent,0.3,0.2,0.4,-0.2
100,0.6,10,B,acquiescent,0.4,0.4,0.6,-0.19999999999999996
100,0.6,10,B,acquiescent,0.5,0.8,1.0,-0.19999999999999996
100,0.6,10,B,acquiescent,0.6,1.0,1.0,0.0
100,0.6,10,B,acquiescent,0.7,0.8,0.6,0.20000000000000007
100,0.6,10,B,acquiescent,0.8,1.0,1.0,0.0
100,0.6,10,B,acquiescent,0.9,1.0,1.0,0.0
100,0.6,10,B,acquiescent,1.0,1.0,1.0,0.0
100,0.6,10,B,fatigue,0.1,0.0,0.0,0.0
100,0.6,10,B,fatigue,0.2,0.4,0.6,-0.19999999999999996
100,0.6,10,B,fatigue,0.3,0.4,0.4,0.0
100,0.6,10,B,fatigue,0.4,0.2,0.2,0.0
100,0.6,10,B,fatigue,0.5,0.2,0.4,-0.2
100,0.6,10,B,fatigue,0.6,0.4,0.8,-0.4
100,0.6,10,B,fatigue,0.7,0.6,0.8,-0.20000000000000007
100,0.6,10,B,fatigue,0.8,1.0,0.4,0.6
100,0.6,10,B,fatigue,0.9,0.8,0.8,0.0
100,0.6,10,B,fatigue,1.0,1.0,0.6,0.4
100,0.6,10,B,longstring,0.1,0.0,0.0,0.0
100,0.6,10,B,longstring,0.2,0.4,0.4,0.0
100,0.6,10,B,longstring,0.3,0.0,0.4,-0.4
100,0.6,10,B,longstring,0.4,0.4,0.6,-0.19999999999999996
100,0.6,10,B,longstring,0.5,0.4,0.4,0.0
100,0.6,10,B,longstring,0.6,0.8,1.0,-0.19999999999999996
100,0.6,10,B,longstring,0.7,0.8,0.8,0.0
100,0.6,10,B,longstring,0.8,0.8,0.8,0.0
100,0.6,10,B,longstring,0.9,1.0,1.0,0.0
100,0.6,10,B,longstring,1.0,1.0,0.8,0.19999999999999996
100,0.6,10,B,mixed,0.1,0.0,0.0,0.0
100,0.6,10,B,mixed,0.2,0.0,0.0,0.0
100,0.6,10,B,mixed,0.3,0.2,0.2,0.0
100,0.6,10,B,mixed,0.4,0.2,0.2,0.0
100,0.6,10,B,mixed,0.5,0.2,0.4,-0.2
100,0.6,10,B,mixed,0.6,0.6,0.4,0.19999999999999996
100,0.6,10,B,mixed,0.7,0.2,0.0,0.2
100,0.6,10,B,mixed,0.8,0.8,0.4,0.4
100,0.6,10,B,mixed,0.9,1.0,0.8,0.19999999999999996
100,0.6,10,B,mixed,1.0,0.6,0.6,0.0
100,0.6,10,B,pure_straight,0.1,0.6,0.2,0.39999999999999997
100,0.6,10,B,pure_straight,0.2,0.0,0.0,0.0
100,0.6,10,B,pure_straight,0.3,0.4,0.4,0.0
100,0.6,10,B,pure_straight,0.4,0.8,0.8,0.0
100,0.6,10,B,pure_straight,0.5,0.8,1.0,-0.19999999999999996
100,0.6,10,B,pure_straight,0.6,1.0,1.0,0.0
100,0.6,10,B,pure_straight,0.7,1.0,1.0,0.0
100,0.6,10,B,pure_straight,0.8,1.0,1.0,0.0
100,0.6,10,B,pure_straight,0.9,1.0,1.0,0.0
100,0.6,10,B,pure_straight,1.0,1.0,1.0,0.0
100,0.6,10,B,random,0.1,0.4,0.0,0.4
100,0.6,10,B,random,0.2,0.0,0.2,-0.2
100,0.6,10,B,random,0.3,0.2,0.2,0.0
100,0.6,10,B,random,0.4,0.2,0.2,0.0
100,0.6,10,B,random,0.5,0.6,0.4,0.19999999999999996
100,0.6,10,B,random,0.6,0.6,0.2,0.39999999999999997
100,0.6,10,B,random,0.7,0.2,0.0,0.2
100,0.6,10,B,random,0.8,0.4,0.4,0.0
100,0.6,10,B,random,0.9,0.6,0.2,0.39999999999999997
100,0.6,10,B,random,1.0,0.2,0.2,0.0
100,0.6,11,B,acquiescent,0.1,0.2,0.2,0.0
100,0.6,11,B,acquiescent,0.2,0.2,0.2,0.0
100,0.6,11,B,acquiescent,0.3,0.6,0.2,0.39999999999999997
100,0.6,11,B,acquiescent,0.4,0.2,0.6,-0.39999999999999997
100,0.6,11,B,acquiescent,0.5,0.8,0.8,0.0
100,0.6,11,B,acquiescent,0.6,0.8,0.8,0.0
100,0.6,11,B,acquiescent,0.7,1.0,1.0,0.0
100,0.6,11,B,acquiescent,0.8,1.0,1.0,0.0
100,0.6,11,B,acquiescent,0.9,1.0,1.0,0.0
100,0.6,11,B,acquiescent,1.0,1.0,1.0,0.0
100,0.6,11,B,fatigue,0.1,0.0,0.2,-0.2
100,0.6,11,B,fatigue,0.2,0.4,0.4,0.0
100,0.6,11,B,fatigue,0.3,0.2,0.2,0.0
100,0.6,11,B,fatigue,0.4,0.0,0.2,-0.2
100,0.6,11,B,fatigue,0.5,0.6,0.6,0.0
100,0.6,11,B,fatigue,0.6,0.2,0.4,-0.2
100,0.6,11,B,fatigue,0.7,0.4,0.4,0.0
100,0.6,11,B,fatigue,0.8,0.4,0.4,0.0
100,0.6,11,B,fatigue,0.9,1.0,0.8,0.19999999999999996
100,0.6,11,B,fatigue,1.0,0.6,0.8,-0.20000000000000007
100,0.6,11,B,longstring,0.1,0.2,0.0,0.2
100,0.6,11,B,longstring,0.2,0.2,0.2,0.0
100,0.6,11,B,longstring,0.3,0.4,0.4,0.0
100,0.6,11,B,longstring,0.4,0.6,0.4,0.19999999999999996
100,0.6,11,B,longstring,0.5,0.4,0.4,0.0
100,0.6,11,B,longstring,0.6,0.4,0.4,0.0
100,0.6,11,B,longstring,0.7,0.8,0.8,0.0
100,0.6,11,B,longstring,0.8,1.0,1.0,0.0
100,0.6,11,B,longstring,0.9,1.0,0.8,0.19999999999999996
100,0.6,11,B,longstring,1.0,1.0,1.0,0.0
100,0.6,11,B,mixed,0.1,0.0,0.0,0.0
100,0.6,11,B,mixed,0.2,0.0,0.0,0.0
100,0.6,11,B,mixed,0.3,0.0,0.0,0.0
100,0.6,11,B,mixed,0.4,0.0,0.0,0.0
100,0.6,11,B,mixed,0.5,0.6,0.8,-0.20000000000000007
100,0.6,11,B,mixed,0.6,0.4,0.4,0.0
100,0.6,11,B,mixed,0.7,0.8,0.6,0.20000000000000007
100,0.6,11,B,mixed,0.8,0.8,0.6,0.20000000000000007
100,0.6,11,B,mixed,0.9,0.4,0.4,0.0
100,0.6,11,B,mixed,1.0,0.6,0.2,0.39999999999999997
100,0.6,11,B,pure_straight,0.1,0.2,0.0,0.2
100,0.6,11,B,pure_straight,0.2,0.0,0.2,-0.2
100,0.6,11,B,pure_straight,0.3,0.6,0.6,0.0
100,0.6,11,B,pure_straight,0.4,1.0,0.6,0.4
100,0.6,11,B,pure_straight,0.5,0.8,0.8,0.0
100,0.6,11,B,pure_straight,0.6,1.0,1.0,0.0
100,0.6,11,B,pure_straight,0.7,1.0,1.0,0.0
100,0.6,11,B,pure_straight,0.8,1.0,1.0,0.0
100,0.6,11,B,pure_straight,0.9,1.0,1.0,0.0
100,0.6,11,B,pure_straight,1.0,1.0,1.0,0.0
100,0.6,11,B,random,0.1,0.2,0.0,0.2
100,0.6,11,B,random,0.2,0.2,0.2,0.0
100,0.6,11,B,random,0.3,0.0,0.0,0.0
100,0.6,11,B,random,0.4,0.4,0.2,0.2
100,0.6,11,B,random,0.5,0.4,0.4,0.0
100,0.6,11,B,random,0.6,0.6,0.8,-0.20000000000000007
100,0.6,11,B,random,0.7,0.6,0.8,-0.20000000000000007
100,0.6,11,B,random,0.8,0.4,0.6,-0.19999999999999996
100,0.6,11,B,random,0.9,1.0,0.6,0.4
100,0.6,11,B,random,1.0,0.4,0.4,0.0
100,0.6,12,B,acquiescent,0.1,0.0,0.0,0.0
100,0.6,12,B,acquiescent,0.2,0.2,0.2,0.0
100,0.6,12,B,acquiescent,0.3,0.0,0.4,-0.4
100,0.6,12,B,acquiescent,0.4,0.4,0.4,0.0
100,0.6,12,B,acquiescent,0.5,0.8,1.0,-0.19999999999999996
100,0.6,12,B,acquiescent,0.6,0.8,0.8,0.0
100,0.6,12,B,acquiescent,0.7,1.0,1.0,0.0
100,0.6,12,B,acquiescent,0.8,1.0,1.0,0.0
100,0.6,12,B,acquiescent,0.9,1.0,1.0,0.0
100,0.6,12,B,acquiescent,1.0,1.0,1.0,0.0
100,0.6,12,B,fatigue,0.1,0.2,0.2,0.0
100,0.6,12,B,fatigue,0.2,0.0,0.2,-0.2
100,0.6,12,B,fatigue,0.3,0.2,0.2,0.0
100,0.6,12,B,fatigue,0.4,0.2,0.2,0.0
100,0.6,12,B,fatigue,0.5,0.0,0.2,-0.2
100,0.6,12,B,fatigue,0.6,0.6,0.8,-0.20000000000000007
100,0.6,12,B,fatigue,0.7,0.4,0.4,0.0
100,0.6,12,B,fatigue,0.8,0.4,0.4,0.0
100,0.6,12,B,fatigue,0.9,0.8,0.8,0.0
100,0.6,12,B,fatigue,1.0,1.0,1.0,0.0
100,0.6,12,B,longstring,0.1,0.0,0.0,0.0
100,0.6,12,B,longstring,0.2,0.6,0.6,0.0
100,0.6,12,B,longstring,0.3,0.4,0.4,0.0
100,0.6,12,B,longstring,0.4,0.6,0.8,-0.20000000000000007
100,0.6,12,B,longstring,0.5,0.6,0.4,0.19999999999999996
100,0.6,12,B,longstring,0.6,0.6,0.6,0.0
100,0.6,12,B,longstring,0.7,0.6,0.4,0.19999999999999996
100,0.6,12,B,longstring,0.8,1.0,1.0,0.0
100,0.6,12,B,longstring,0.9,1.0,1.0,0.0
100,0.6,12,B,longstring,1.0,0.8,0.8,0.0
100,0.6,12,B,mixed,0.1,0.0,0.0,0.0
100,0.6,12,B,mixed,0.2,0.0,0.0,0.0
100,0.6,12,B,mixed,0.3,0.0,0.0,0.0
100,0.6,12,B,mixed,0.4,0.2,0.4,-0.2
100,0.6,12,B,mixed,0.5,0.4,0.2,0.2
100,0.6,12,B,mixed,0.6,0.6,0.6,0.0
100,0.6,12,B,mixed,0.7,0.6,0.6,0.0
100,0.6,12,B,mixed,0.8,0.8,0.6,0.20000000000000007
100,0.6,12,B,mixed,0.9,0.4,0.4,0.0
100,0.6,12,B,mixed,1.0,0.6,0.8,-0.20000000000000007
100,0.6,12,B,pure_straight,0.1,0.0,0.0,0.0
100,0.6,12,B,pure_straight,0.2,0.4,0.2,0.2
100,0.6,12,B,pure_straight,0.3,0.8,0.8,0.0
100,0.6,12,B,pure_straight,0.4,0.6,0.6,0.0
100,0.6,12,B,pure_straight,0.5,0.8,0.6,0.20000000000000007
100,0.6,12,B,pure_straight,0.6,0.6,0.6,0.0
100,0.6,12,B,pure_straight,0.7,1.0,1.0,0.0
100,0.6,12,B,pure_straight,0.8,1.0,1.0,0.0
100,0.6,12,B,pure_straight,0.9,1.0,1.0,0.0
100,0.6,12,B,pure_straight,1.0,1.0,1.0,0.0
100,0.6,12,B,random,0.1,0.0,0.0,0.0
100,0.6,12,B,random,0.2,0.2,0.0,0.2
100,0.6,12,B,random,0.3,0.2,0.4,-0.2
100,0.6,12,B,random,0.4,0.4,0.2,0.2
100,0.6,12,B,random,0.5,0.8,0.8,0.0
100,0.6,12,B,random,0.6,0.8,0.6,0.20000000000000007
100,0.6,12,B,random,0.7,0.8,0.4,0.4
100,0.6,12,B,random,0.8,0.6,0.6,0.0
100,0.6,12,B,random,0.9,0.2,0.2,0.0
100,0.6,12,B,random,1.0,0.6,0.6,0.0
150,0.1,1,B,acquiescent,0.1,0.0,0.0,0.0
150,0.1,1,B,acquiescent,0.3,1.0,1.0,0.0
150,0.1,1,B,acquiescent,0.4,0.0,0.0,0.0
150,0.1,1,B,acquiescent,0.5,0.0,0.0,0.0
150,0.1,1,B,acquiescent,0.6,1.0,1.0,0.0
150,0.1,1,B,acquiescent,0.7,1.0,1.0,0.0
150,0.1,1,B,acquiescent,0.9,1.0,1.0,0.0
150,0.1,1,B,acquiescent,1.0,1.0,1.0,0.0
150,0.1,1,B,fatigue,0.1,0.0,0.0,0.0
150,0.1,1,B,fatigue,0.3,1.0,1.0,0.0
150,0.1,1,B,fatigue,0.4,0.0,0.0,0.0
150,0.1,1,B,fatigue,0.5,1.0,1.0,0.0
150,0.1,1,B,fatigue,0.6,0.0,0.0,0.0
150,0.1,1,B,fatigue,0.8,1.0,1.0,0.0
150,0.1,1,B,fatigue,0.9,0.0,0.0,0.0
150,0.1,1,B,fatigue,1.0,1.0,1.0,0.0
150,0.1,1,B,longstring,0.1,0.0,1.0,-1.0
150,0.1,1,B,longstring,0.2,0.0,0.0,0.0
150,0.1,1,B,longstring,0.3,0.0,0.0,0.0
150,0.1,1,B,longstring,0.4,0.0,0.0,0.0
150,0.1,1,B,longstring,0.5,1.0,1.0,0.0
150,0.1,1,B,longstring,0.6,1.0,1.0,0.0
150,0.1,1,B,longstring,0.7,0.0,0.0,0.0
150,0.1,1,B,longstring,0.8,1.0,1.0,0.0
150,0.1,1,B,longstring,0.9,0.0,0.0,0.0
150,0.1,1,B,mixed,0.1,0.0,0.0,0.0
150,0.1,1,B,mixed,0.2,0.0,0.0,0.0
150,0.1,1,B,mixed,0.3,1.0,1.0,0.0
150,0.1,1,B,mixed,0.4,0.0,0.0,0.0
150,0.1,1,B,mixed,0.7,0.0,0.0,0.0
150,0.1,1,B,mixed,0.8,0.0,1.0,-1.0
150,0.1,1,B,mixed,0.9,0.0,0.0,0.0
150,0.1,1,B,mixed,1.0,1.0,1.0,0.0
150,0.1,1,B,pure_straight,0.1,0.0,0.0,0.0
150,0.1,1,B,pure_straight,0.2,0.0,0.0,0.0
150,0.1,1,B,pure_straight,0.4,0.0,0.0,0.0
150,0.1,1,B,pure_straight,0.5,1.0,1.0,0.0
150,0.1,1,B,pure_straight,0.6,1.0,1.0,0.0
150,0.1,1,B,pure_straight,0.7,1.0,1.0,0.0
150,0.1,1,B,pure_straight,0.8,1.0,1.0,0.0
150,0.1,1,B,pure_straight,0.9,1.0,1.0,0.0
150,0.1,1,B,random,0.1,0.0,0.0,0.0
150,0.1,1,B,random,0.3,0.0,0.0,0.0
150,0.1,1,B,random,0.4,1.0,1.0,0.0
150,0.1,1,B,random,0.5,0.0,0.0,0.0
150,0.1,1,B,random,0.6,1.0,0.0,1.0
150,0.1,1,B,random,0.7,0.0,0.0,0.0
150,0.1,1,B,random,0.8,1.0,0.0,1.0
150,0.1,1,B,random,0.9,1.0,0.0,1.0
150,0.1,1,B,random,1.0,0.0,0.0,0.0
150,0.1,2,B,acquiescent,0.2,0.0,0.0,0.0
150,0.1,2,B,acquiescent,0.3,0.0,0.0,0.0
150,0.1,2,B,acquiescent,0.4,0.0,0.0,0.0
150,0.1,2,B,acquiescent,0.6,0.0,0.0,0.0
150,0.1,2,B,acquiescent,0.7,1.0,0.0,1.0
150,0.1,2,B,acquiescent,0.8,1.0,1.0,0.0
150,0.1,2,B,acquiescent,0.9,1.0,1.0,0.0
150,0.1,2,B,acquiescent,1.0,1.0,1.0,0.0
150,0.1,2,B,fatigue,0.1,0.0,0.0,0.0
150,0.1,2,B,fatigue,0.2,0.0,0.0,0.0
150,0.1,2,B,fatigue,0.3,0.0,0.0,0.0
150,0.1,2,B,fatigue,0.5,1.0,1.0,0.0
150,0.1,2,B,fatigue,0.6,0.0,0.0,0.0
150,0.1,2,B,fatigue,0.7,0.0,0.0,0.0
150,0.1,2,B,fatigue,0.8,1.0,1.0,0.0
150,0.1,2,B,fatigue,0.9,0.0,1.0,-1.0
150,0.1,2,B,longstring,0.1,0.0,0.0,0.0
150,0.1,2,B,longstring,0.2,0.0,0.0,0.0
150,0.1,2,B,longstring,0.3,0.0,0.0,0.0
150,0.1,2,B,longstring,0.5,1.0,1.0,0.0
150,0.1,2,B,longstring,0.6,0.0,1.0,-1.0
150,0.1,2,B,longstring,0.7,1.0,1.0,0.0
150,0.1,2,B,longstring,0.8,1.0,1.0,0.0
150,0.1,2,B,longstring,0.9,1.0,1.0,0.0
150,0.1,2,B,longstring,1.0,1.0,0.0,1.0
150,0.1,2,B,mixed,0.2,0.0,0.0,0.0
150,0.1,2,B,mixed,0.4,1.0,1.0,0.0
150,0.1,2,B,mixed,0.5,0.0,0.0,0.0
150,0.1,2,B,mixed,0.6,0.0,0.0,0.0
150,0.1,2,B,mixed,0.7,1.0,0.0,1.0
150,0.1,2,B,mixed,0.8,0.0,0.0,0.0
150,0.1,2,B,mixed,0.9,1.0,1.0,0.0
150,0.1,2,B,mixed,1.0,0.0,0.0,0.0
150,0.1,2,B,pure_straight,0.1,0.0,0.0,0.0
150,0.1,2,B,pure_straight,0.2,0.0,0.0,0.0
150,0.1,2,B,pure_straight,0.3,0.0,0.0,0.0
150,0.1,2,B,pure_straight,0.4,1.0,1.0,0.0
150,0.1,2,B,pure_straight,0.6,1.0,1.0,0.0
150,0.1,2,B,pure_straight,0.8,1.0,1.0,0.0
150,0.1,2,B,pure_straight,0.9,1.0,1.0,0.0
150,0.1,2,B,pure_straight,1.0,1.0,1.0,0.0
150,0.1,2,B,random,0.1,0.0,0.0,0.0
150,0.1,2,B,random,0.2,0.0,0.0,0.0
150,0.1,2,B,random,0.3,0.0,0.0,0.0
150,0.1,2,B,random,0.4,0.0,0.0,0.0
150,0.1,2,B,random,0.6,1.0,0.0,1.0
150,0.1,2,B,random,0.7,1.0,1.0,0.0
150,0.1,2,B,random,0.8,1.0,1.0,0.0
150,0.1,2,B,random,0.9,1.0,0.0,1.0
150,0.1,2,B,random,1.0,1.0,1.0,0.0
150,0.1,3,B,acquiescent,0.1,0.0,0.0,0.0
150,0.1,3,B,acquiescent,0.2,1.0,1.0,0.0
150,0.1,3,B,acquiescent,0.3,0.0,0.0,0.0
150,0.1,3,B,acquiescent,0.4,1.0,1.0,0.0
150,0.1,3,B,acquiescent,0.5,1.0,1.0,0.0
150,0.1,3,B,acquiescent,0.6,1.0,1.0,0.0
150,0.1,3,B,acquiescent,0.7,1.0,1.0,0.0
150,0.1,3,B,acquiescent,1.0,1.0,1.0,0.0
150,0.1,3,B,fatigue,0.1,0.0,0.0,0.0
150,0.1,3,B,fatigue,0.2,0.0,0.0,0.0
150,0.1,3,B,fatigue,0.3,0.0,0.0,0.0
150,0.1,3,B,fatigue,0.4,0.0,0.0,0.0
150,0.1,3,B,fatigue,0.5,0.0,0.0,0.0
150,0.1,3,B,fatigue,0.8,1.0,1.0,0.0
150,0.1,3,B,fatigue,0.9,1.0,1.0,0.0
150,0.1,3,B,fatigue,1.0,1.0,1.0,0.0
150,0.1,3,B,longstring,0.1,0.0,0.0,0.0
150,0.1,3,B,longstring,0.2,0.0,0.0,0.0
150,0.1,3,B,longstring,0.3,0.0,0.0,0.0
150,0.1,3,B,longstring,0.4,0.0,0.0,0.0
150,0.1,3,B,longstring,0.5,1.0,1.0,0.0
150,0.1,3,B,longstring,0.6,0.0,0.0,0.0
150,0.1,3,B,longstring,0.7,1.0,1.0,0.0
150,0.1,3,B,longstring,0.8,1.0,1.0,0.0
150,0.1,3,B,longstring,0.9,1.0,1.0,0.0
150,0.1,3,B,mixed,0.1,0.0,0.0,0.0
150,0.1,3,B,mixed,0.3,0.0,0.0,0.0
150,0.1,3,B,mixed,0.4,0.0,0.0,0.0
150,0.1,3,B,mixed,0.5,0.0,0.0,0.0
150,0.1,3,B,mixed,0.6,0.0,0.0,0.0
150,0.1,3,B,mixed,0.8,1.0,1.0,0.0
150,0.1,3,B,mixed,0.9,1.0,1.0,0.0
150,0.1,3,B,mixed,1.0,0.0,0.0,0.0
150,0.1,3,B,pure_straight,0.2,0.0,0.0,0.0
150,0.1,3,B,pure_straight,0.4,0.0,0.0,0.0
150,0.1,3,B,pure_straight,0.5,1.0,1.0,0.0
150,0.1,3,B,pure_straight,0.6,1.0,1.0,0.0
150,0.1,3,B,pure_straight,0.7,1.0,1.0,0.0
150,0.1,3,B,pure_straight,0.8,1.0,1.0,0.0
150,0.1,3,B,pure_straight,0.9,1.0,1.0,0.0
150,0.1,3,B,pure_straight,1.0,1.0,1.0,0.0
150,0.1,3,B,random,0.1,0.0,0.0,0.0
150,0.1,3,B,random,0.2,0.0,0.0,0.0
150,0.1,3,B,random,0.3,0.0,0.0,0.0
150,0.1,3,B,random,0.4,0.0,0.0,0.0
150,0.1,3,B,random,0.6,0.0,0.0,0.0
150,0.1,3,B,random,0.7,0.0,1.0,-1.0
150,0.1,3,B,random,0.8,1.0,1.0,0.0
150,0.1,3,B,random,0.9,0.0,0.0,0.0
150,0.1,3,B,random,1.0,1.0,1.0,0.0
150,0.1,4,B,acquiescent,0.1,0.0,0.0,0.0
150,0.1,4,B,acquiescent,0.2,0.0,0.0,0.0
150,0.1,4,B,acquiescent,0.3,1.0,1.0,0.0
150,0.1,4,B,acquiescent,0.4,0.0,0.0,0.0
150,0.1,4,B,acquiescent,0.5,1.0,1.0,0.0
150,0.1,4,B,acquiescent,0.6,0.0,0.0,0.0
150,0.1,4,B,acquiescent,0.8,1.0,1.0,0.0
150,0.1,4,B,acquiescent,0.9,1.0,1.0,0.0
150,0.1,4,B,fatigue,0.2,0.0,0.0,0.0
150,0.1,4,B,fatigue,0.3,0.0,0.0,0.0
150,0.1,4,B,fatigue,0.5,0.0,0.0,0.0
150,0.1,4,B,fatigue,0.6,0.0,0.0,0.0
150,0.1,4,B,fatigue,0.7,0.0,0.0,0.0
150,0.1,4,B,fatigue,0.8,0.0,0.0,0.0
150,0.1,4,B,fatigue,0.9,1.0,1.0,0.0
150,0.1,4,B,fatigue,1.0,1.0,1.0,0.0
150,0.1,4,B,longstring,0.1,0.0,0.0,0.0
150,0.1,4,B,longstring,0.2,0.0,0.0,0.0
150,0.1,4,B,longstring,0.3,0.0,0.0,0.0
150,0.1,4,B,longstring,0.4,0.0,0.0,0.0
150,0.1,4,B,longstring,0.5,0.0,0.0,0.0
150,0.1,4,B,longstring,0.6,1.0,1.0,0.0
150,0.1,4,B,longstring,0.7,1.0,1.0,0.0
150,0.1,4,B,longstring,0.8,0.0,0.0,0.0
150,0.1,4,B,longstring,0.9,1.0,1.0,0.0
150,0.1,4,B,mixed,0.1,0.0,0.0,0.0
150,0.1,4,B,mixed,0.2,0.0,0.0,0.0
150,0.1,4,B,mixed,0.3,0.0,0.0,0.0
150,0.1,4,B,mixed,0.5,1.0,1.0,0.0
150,0.1,4,B,mixed,0.6,1.0,1.0,0.0
150,0.1,4,B,mixed,0.8,1.0,1.0,0.0
150,0.1,4,B,mixed,0.9,1.0,1.0,0.0
150,0.1,4,B,mixed,1.0,0.0,0.0,0.0
150,0.1,4,B,pure_straight,0.1,0.0,0.0,0.0
150,0.1,4,B,pure_straight,0.2,0.0,0.0,0.0
150,0.1,4,B,pure_straight,0.3,0.0,0.0,0.0
150,0.1,4,B,pure_straight,0.5,0.0,0.0,0.0
150,0.1,4,B,pure_straight,0.6,1.0,1.0,0.0
150,0.1,4,B,pure_straight,0.8,1.0,1.0,0.0
150,0.1,4,B,pure_straight,0.9,1.0,1.0,0.0
150,0.1,4,B,pure_straight,1.0,1.0,1.0,0.0
150,0.1,4,B,random,0.1,0.0,0.0,0.0
150,0.1,4,B,random,0.2,0.0,0.0,0.0
150,0.1,4,B,random,0.3,0.0,0.0,0.0
150,0.1,4,B,random,0.4,0.0,0.0,0.0
150,0.1,4,B,random,0.5,0.0,0.0,0.0
150,0.1,4,B,random,0.6,0.0,0.0,0.0
150,0.1,4,B,random,0.7,1.0,1.0,0.0
150,0.1,4,B,random,0.8,0.0,0.0,0.0
150,0.1,4,B,random,1.0,0.0,0.0,0.0
150,0.1,5,B,acquiescent,0.1,0.0,0.0,0.0
150,0.1,5,B,acquiescent,0.2,0.0,0.0,0.0
150,0.1,5,B,acquiescent,0.3,1.0,1.0,0.0
150,0.1,5,B,acquiescent,0.4,1.0,1.0,0.0
150,0.1,5,B,acquiescent,0.5,0.0,0.0,0.0
150,0.1,5,B,acquiescent,0.6,1.0,1.0,0.0
150,0.1,5,B,acquiescent,0.8,1.0,1.0,0.0
150,0.1,5,B,acquiescent,1.0,1.0,1.0,0.0
150,0.1,5,B,fatigue,0.1,0.0,0.0,0.0
150,0.1,5,B,fatigue,0.2,0.0,0.0,0.0
150,0.1,5,B,fatigue,0.3,1.0,1.0,0.0
150,0.1,5,B,fatigue,0.4,0.0,0.0,0.0
150,0.1,5,B,fatigue,0.5,0.0,0.0,0.0
150,0.1,5,B,fatigue,0.6,0.0,1.0,-1.0
150,0.1,5,B,fatigue,0.7,0.0,0.0,0.0
150,0.1,5,B,fatigue,0.9,1.0,1.0,0.0
150,0.1,5,B,longstring,0.1,0.0,0.0,0.0
150,0.1,5,B,longstring,0.2,1.0,1.0,0.0
150,0.1,5,B,longstring,0.3,1.0,1.0,0.0
150,0.1,5,B,longstring,0.4,1.0,1.0,0.0
150,0.1,5,B,longstring,0.5,0.0,1.0,-1.0
150,0.1,5,B,longstring,0.6,0.0,0.0,0.0
150,0.1,5,B,longstring,0.7,1.0,1.0,0.0
150,0.1,5,B,longstring,0.8,0.0,0.0,0.0
150,0.1,5,B,longstring,0.9,1.0,1.0,0.0
150,0.1,5,B,mixed,0.1,0.0,0.0,0.0
150,0.1,5,B,mixed,0.2,0.0,0.0,0.0
150,0.1,5,B,mixed,0.4,1.0,1.0,0.0
150,0.1,5,B,mixed,0.6,0.0,0.0,0.0
150,0.1,5,B,mixed,0.7,0.0,0.0,0.0
150,0.1,5,B,mixed,0.8,0.0,0.0,0.0
150,0.1,5,B,mixed,0.9,0.0,0.0,0.0
150,0.1,5,B,mixed,1.0,0.0,0.0,0.0
150,0.1,5,B,pure_straight,0.1,0.0,0.0,0.0
150,0.1,5,B,pure_straight,0.2,0.0,0.0,0.0
150,0.1,5,B,pure_straight,0.3,1.0,0.0,1.0
150,0.1,5,B,pure_straight,0.5,0.0,0.0,0.0
150,0.1,5,B,pure_straight,0.7,1.0,1.0,0.0
150,0.1,5,B,pure_straight,0.8,1.0,1.0,0.0
150,0.1,5,B,pure_straight,0.9,1.0,1.0,0.0
150,0.1,5,B,pure_straight,1.0,1.0,1.0,0.0
150,0.1,5,B,random,0.2,0.0,0.0,0.0
150,0.1,5,B,random,0.3,0.0,0.0,0.0
150,0.1,5,B,random,0.4,0.0,0.0,0.0
150,0.1,5,B,random,0.5,0.0,0.0,0.0
150,0.1,5,B,random,0.6,1.0,0.0,1.0
150,0.1,5,B,random,0.7,0.0,0.0,0.0
150,0.1,5,B,random,0.8,0.0,0.0,0.0
150,0.1,5,B,random,0.9,1.0,0.0,1.0
150,0.1,5,B,random,1.0,1.0,0.0,1.0
150,0.1,6,B,acquiescent,0.1,0.0,0.0,0.0
150,0.1,6,B,acquiescent,0.3,0.0,1.0,-1.0
150,0.1,6,B,acquiescent,0.4,1.0,1.0,0.0
150,0.1,6,B,acquiescent,0.5,1.0,1.0,0.0
150,0.1,6,B,acquiescent,0.7,1.0,1.0,0.0
150,0.1,6,B,acquiescent,0.8,1.0,1.0,0.0
150,0.1,6,B,acquiescent,0.9,1.0,1.0,0.0
150,0.1,6,B,acquiescent,1.0,1.0,1.0,0.0
150,0.1,6,B,fatigue,0.1,0.0,0.0,0.0
150,0.1,6,B,fatigue,0.2,0.0,0.0,0.0
150,0.1,6,B,fatigue,0.3,0.0,0.0,0.0
150,0.1,6,B,fatigue,0.4,1.0,1.0,0.0
150,0.1,6,B,fatigue,0.5,0.0,0.0,0.0
150,0.1,6,B,fatigue,0.6,1.0,1.0,0.0
150,0.1,6,B,fatigue,0.7,1.0,1.0,0.0
150,0.1,6,B,fatigue,1.0,1.0,1.0,0.0
150,0.1,6,B,longstring,0.1,0.0,0.0,0.0
150,0.1,6,B,longstring,0.3,0.0,0.0,0.0
150,0.1,6,B,longstring,0.4,1.0,1.0,0.0
150,0.1,6,B,longstring,0.5,0.0,0.0,0.0
150,0.1,6,B,longstring,0.6,0.0,0.0,0.0
150,0.1,6,B,longstring,0.7,1.0,0.0,1.0
150,0.1,6,B,longstring,0.8,0.0,1.0,-1.0
150,0.1,6,B,longstring,0.9,1.0,1.0,0.0
150,0.1,6,B,longstring,1.0,1.0,0.0,1.0
150,0.1,6,B,mixed,0.1,0.0,0.0,0.0
150,0.1,6,B,mixed,0.2,0.0,0.0,0.0
150,0.1,6,B,mixed,0.4,0.0,0.0,0.0
150,0.1,6,B,mixed,0.5,1.0,1.0,0.0
150,0.1,6,B,mixed,0.6,0.0,0.0,0.0
150,0.1,6,B,mixed,0.7,1.0,0.0,1.0
150,0.1,6,B,mixed,0.9,1.0,0.0,1.0
150,0.1,6,B,mixed,1.0,1.0,1.0,0.0
150,0.1,6,B,pure_straight,0.1,0.0,0.0,0.0
150,0.1,6,B,pure_straight,0.2,0.0,0.0,0.0
150,0.1,6,B,pure_straight,0.3,0.0,0.0,0.0
150,0.1,6,B,pure_straight,0.5,0.0,0.0,0.0
150,0.1,6,B,pure_straight,0.6,1.0,1.0,0.0
150,0.1,6,B,pure_straight,0.7,1.0,1.0,0.0
150,0.1,6,B,pure_straight,0.8,1.0,1.0,0.0
150,0.1,6,B,pure_straight,0.9,1.0,1.0,0.0
150,0.1,6,B,random,0.1,0.0,0.0,0.0
150,0.1,6,B,random,0.2,0.0,0.0,0.0
150,0.1,6,B,random,0.3,0.0,0.0,0.0
150,0.1,6,B,random,0.4,0.0,0.0,0.0
150,0.1,6,B,random,0.5,1.0,0.0,1.0
150,0.1,6,B,random,0.6,0.0,0.0,0.0
150,0.1,6,B,random,0.7,0.0,0.0,0.0
150,0.1,6,B,random,0.8,0.0,0.0,0.0
150,0.1,6,B,random,0.9,0.0,0.0,0.0
150,0.1,7,B,acquiescent,0.1,0.0,0.0,0.0
150,0.1,7,B,acquiescent,0.2,0.0,0.0,0.0
150,0.1,7,B,acquiescent,0.3,1.0,1.0,0.0
150,0.1,7,B,acquiescent,0.5,0.0,0.0,0.0
150,0.1,7,B,acquiescent,0.6,1.0,1.0,0.0
150,0.1,7,B,acquiescent,0.8,1.0,0.0,1.0
150,0.1,7,B,acquiescent,0.9,1.0,1.0,0.0
150,0.1,7,B,acquiescent,1.0,1.0,1.0,0.0
150,0.1,7,B,fatigue,0.1,0.0,0.0,0.0
150,0.1,7,B,fatigue,0.2,0.0,0.0,0.0
150,0.1,7,B,fatigue,0.3,0.0,0.0,0.0
150,0.1,7,B,fatigue,0.4,0.0,1.0,-1.0
150,0.1,7,B,fatigue,0.5,0.0,1.0,-1.0
150,0.1,7,B,fatigue,0.8,0.0,0.0,0.0
150,0.1,7,B,fatigue,0.9,0.0,1.0,-1.0
150,0.1,7,B,fatigue,1.0,0.0,0.0,0.0
150,0.1,7,B,longstring,0.1,0.0,0.0,0.0
150,0.1,7,B,longstring,0.2,1.0,1.0,0.0
150,0.1,7,B,longstring,0.3,0.0,0.0,0.0
150,0.1,7,B,longstring,0.4,1.0,1.0,0.0
150,0.1,7,B,longstring,0.6,1.0,1.0,0.0
150,0.1,7,B,longstring,0.7,1.0,1.0,0.0
150,0.1,7,B,longstring,0.8,1.0,1.0,0.0
150,0.1,7,B,longstring,0.9,1.0,1.0,0.0
150,0.1,7,B,longstring,1.0,1.0,1.0,0.0
150,0.1,7,B,mixed,0.1,0.0,0.0,0.0
150,0.1,7,B,mixed,0.2,0.0,0.0,0.0
150,0.1,7,B,mixed,0.3,0.0,0.0,0.0
150,0.1,7,B,mixed,0.4,0.0,0.0,0.0
150,0.1,7,B,mixed,0.6,0.0,0.0,0.0
150,0.1,7,B,mixed,0.7,0.0,0.0,0.0
150,0.1,7,B,mixed,0.9,1.0,1.0,0.0
150,0.1,7,B,mixed,1.0,1.0,1.0,0.0
150,0.1,7,B,pure_straight,0.1,0.0,0.0,0.0
150,0.1,7,B,pure_straight,0.2,0.0,0.0,0.0
150,0.1,7,B,pure_straight,0.3,0.0,0.0,0.0
150,0.1,7,B,pure_straight,0.4,1.0,1.0,0.0
150,0.1,7,B,pure_straight,0.5,1.0,1.0,0.0
150,0.1,7,B,pure_straight,0.6,1.0,1.0,0.0
150,0.1,7,B,pure_straight,0.8,1.0,1.0,0.0
150,0.1,7,B,pure_straight,1.0,1.0,1.0,0.0
150,0.1,7,B,random,0.1,0.0,0.0,0.0
150,0.1,7,B,random,0.2,0.0,0.0,0.0
150,0.1,7,B,random,0.3,1.0,0.0,1.0
150,0.1,7,B,random,0.4,0.0,0.0,0.0
150,0.1,7,B,random,0.5,0.0,0.0,0.0
150,0.1,7,B,random,0.6,0.0,1.0,-1.0
150,0.1,7,B,random,0.7,1.0,1.0,0.0
150,0.1,7,B,random,0.9,1.0,1.0,0.0
150,0.1,7,B,random,1.0,1.0,0.0,1.0
150,0.1,8,B,acquiescent,0.1,0.0,0.0,0.0
150,0.1,8,B,acquiescent,0.2,0.0,0.0,0.0
150,0.1,8,B,acquiescent,0.3,0.0,0.0,0.0
150,0.1,8,B,acquiescent,0.6,0.0,1.0,-1.0
150,0.1,8,B,acquiescent,0.7,1.0,1.0,0.0
150,0.1,8,B,acquiescent,0.8,1.0,1.0,0.0
150,0.1,8,B,acquiescent,0.9,1.0,1.0,0.0
150,0.1,8,B,acquiescent,1.0,1.0,1.0,0.0
150,0.1,8,B,fatigue,0.2,0.0,0.0,0.0
150,0.1,8,B,fatigue,0.3,1.0,1.0,0.0
150,0.1,8,B,fatigue,0.4,0.0,0.0,0.0
150,0.1,8,B,fatigue,0.5,1.0,0.0,1.0
150,0.1,8,B,fatigue,0.6,0.0,0.0,0.0
150,0.1,8,B,fatigue,0.7,0.0,0.0,0.0
150,0.1,8,B,fatigue,0.9,1.0,1.0,0.0
150,0.1,8,B,fatigue,1.0,1.0,1.0,0.0
150,0.1,8,B,longstring,0.1,0.0,0.0,0.0
150,0.1,8,B,longstring,0.2,0.0,0.0,0.0
150,0.1,8,B,longstring,0.3,1.0,1.0,0.0
150,0.1,8,B,longstring,0.4,0.0,0.0,0.0
150,0.1,8,B,longstring,0.5,0.0,1.0,-1.0
150,0.1,8,B,longstring,0.7,0.0,0.0,0.0
150,0.1,8,B,longstring,0.8,1.0,0.0,1.0
150,0.1,8,B,longstring,0.9,1.0,1.0,0.0
150,0.1,8,B,longstring,1.0,1.0,1.0,0.0
150,0.1,8,B,mixed,0.2,0.0,0.0,0.0
150,0.1,8,B,mixed,0.4,0.0,1.0,-1.0
150,0.1,8,B,mixed,0.5,0.0,0.0,0.0
150,0.1,8,B,mixed,0.6,0.0,0.0,0.0
150,0.1,8,B,mixed,0.7,1.0,0.0,1.0
150,0.1,8,B,mixed,0.8,1.0,0.0,1.0
150,0.1,8,B,mixed,0.9,1.0,0.0,1.0
150,0.1,8,B,mixed,1.0,1.0,0.0,1.0
150,0.1,8,B,pure_straight,0.1,0.0,1.0,-1.0
150,0.1,8,B,pure_straight,0.2,0.0,0.0,0.0
150,0.1,8,B,pure_straight,0.3,0.0,0.0,0.0
150,0.1,8,B,pure_straight,0.4,0.0,1.0,-1.0
150,0.1,8,B,pure_straight,0.6,1.0,1.0,0.0
150,0.1,8,B,pure_straight,0.7,1.0,1.0,0.0
150,0.1,8,B,pure_straight,0.9,1.0,1.0,0.0
150,0.1,8,B,pure_straight,1.0,1.0,1.0,0.0
150,0.1,8,B,random,0.1,0.0,0.0,0.0
150,0.1,8,B,random,0.2,0.0,0.0,0.0
150,0.1,8,B,random,0.3,0.0,0.0,0.0
150,0.1,8,B,random,0.5,1.0,0.0,1.0
150,0.1,8,B,random,0.6,1.0,1.0,0.0
150,0.1,8,B,random,0.7,1.0,1.0,0.0
150,0.1,8,B,random,0.8,1.0,0.0,1.0
150,0.1,8,B,random,0.9,1.0,0.0,1.0
150,0.1,8,B,random,1.0,1.0,1.0,0.0
150,0.1,9,B,acquiescent,0.1,0.0,0.0,0.0
150,0.1,9,B,acquiescent,0.2,0.0,1.0,-1.0
150,0.1,9,B,acquiescent,0.4,0.0,0.0,0.0
150,0.1,9,B,acquiescent,0.6,0.0,0.0,0.0
150,0.1,9,B,acquiescent,0.7,1.0,1.0,0.0
150,0.1,9,B,acquiescent,0.8,1.0,1.0,0.0
150,0.1,9,B,acquiescent,0.9,1.0,1.0,0.0
150,0.1,9,B,acquiescent,1.0,1.0,1.0,0.0
150,0.1,9,B,fatigue,0.2,0.0,0.0,0.0
150,0.1,9,B,fatigue,0.3,0.0,0.0,0.0
150,0.1,9,B,fatigue,0.4,1.0,1.0,0.0
150,0.1,9,B,fatigue,0.5,1.0,1.0,0.0
150,0.1,9,B,fatigue,0.6,0.0,0.0,0.0
150,0.1,9,B,fatigue,0.8,0.0,0.0,0.0
150,0.1,9,B,fatigue,0.9,1.0,1.0,0.0
150,0.1,9,B,fatigue,1.0,1.0,1.0,0.0
150,0.1,9,B,longstring,0.1,0.0,0.0,0.0
150,0.1,9,B,longstring,0.2,0.0,0.0,0.0
150,0.1,9,B,longstring,0.3,0.0,0.0,0.0
150,0.1,9,B,longstring,0.4,1.0,1.0,0.0
150,0.1,9,B,longstring,0.6,0.0,0.0,0.0
150,0.1,9,B,longstring,0.7,1.0,1.0,0.0
150,0.1,9,B,longstring,0.8,1.0,1.0,0.0
150,0.1,9,B,longstring,0.9,1.0,1.0,0.0
150,0.1,9,B,longstring,1.0,1.0,1.0,0.0
150,0.1,9,B,mixed,0.1,0.0,0.0,0.0
150,0.1,9,B,mixed,0.2,0.0,0.0,0.0
150,0.1,9,B,mixed,0.3,0.0,0.0,0.0
150,0.1,9,B,mixed,0.4,0.0,0.0,0.0
150,0.1,9,B,mixed,0.6,0.0,0.0,0.0
150,0.1,9,B,mixed,0.7,0.0,0.0,0.0
150,0.1,9,B,mixed,0.8,0.0,0.0,0.0
150,0.1,9,B,mixed,1.0,1.0,1.0,0.0
150,0.1,9,B,pure_straight,0.2,0.0,0.0,0.0
150,0.1,9,B,pure_straight,0.3,0.0,0.0,0.0
150,0.1,9,B,pure_straight,0.4,1.0,1.0,0.0
150,0.1,9,B,pure_straight,0.5,0.0,0.0,0.0
150,0.1,9,B,pure_straight,0.6,1.0,1.0,0.0
150,0.1,9,B,pure_straight,0.7,1.0,1.0,0.0
150,0.1,9,B,pure_straight,0.8,1.0,1.0,0.0
150,0.1,9,B,pure_straight,1.0,1.0,1.0,0.0
150,0.1,9,B,random,0.1,1.0,0.0,1.0
150,0.1,9,B,random,0.2,0.0,0.0,0.0
150,0.1,9,B,random,0.3,0.0,1.0,-1.0
150,0.1,9,B,random,0.4,1.0,0.0,1.0
150,0.1,9,B,random,0.5,0.0,0.0,0.0
150,0.1,9,B,random,0.6,0.0,0.0,0.0
150,0.1,9,B,random,0.7,1.0,0.0,1.0
150,0.1,9,B,random,0.8,1.0,0.0,1.0
150,0.1,9,B,random,1.0,1.0,0.0,1.0
150,0.1,10,B,acquiescent,0.1,0.0,0.0,0.0
150,0.1,10,B,acquiescent,0.3,1.0,1.0,0.0
150,0.1,10,B,acquiescent,0.4,0.0,0.0,0.0
150,0.1,10,B,acquiescent,0.5,1.0,1.0,0.0
150,0.1,10,B,acquiescent,0.6,0.0,0.0,0.0
150,0.1,10,B,acquiescent,0.7,1.0,1.0,0.0
150,0.1,10,B,acquiescent,0.8,1.0,1.0,0.0
150,0.1,10,B,acquiescent,1.0,1.0,1.0,0.0
150,0.1,10,B,fatigue,0.1,0.0,0.0,0.0
150,0.1,10,B,fatigue,0.3,0.0,0.0,0.0
150,0.1,10,B,fatigue,0.4,0.0,0.0,0.0
150,0.1,10,B,fatigue,0.5,0.0,0.0,0.0
150,0.1,10,B,fatigue,0.6,0.0,0.0,0.0
150,0.1,10,B,fatigue,0.7,0.0,0.0,0.0
150,0.1,10,B,fatigue,0.8,1.0,1.0,0.0
150,0.1,10,B,fatigue,1.0,1.0,1.0,0.0
150,0.1,10,B,longstring,0.2,0.0,0.0,0.0
150,0.1,10,B,longstring,0.3,0.0,0.0,0.0
150,0.1,10,B,longstring,0.4,0.0,0.0,0.0
150,0.1,10,B,longstring,0.5,0.0,0.0,0.0
150,0.1,10,B,longstring,0.6,0.0,0.0,0.0
150,0.1,10,B,longstring,0.7,1.0,1.0,0.0
150,0.1,10,B,longstring,0.8,1.0,1.0,0.0
150,0.1,10,B,longstring,0.9,1.0,0.0,1.0
150,0.1,10,B,longstring,1.0,1.0,1.0,0.0
150,0.1,10,B,mixed,0.2,0.0,0.0,0.0
150,0.1,10,B,mixed,0.3,0.0,0.0,0.0
150,0.1,10,B,mixed,0.4,0.0,0.0,0.0
150,0.1,10,B,mixed,0.6,0.0,0.0,0.0
150,0.1,10,B,mixed,0.7,0.0,0.0,0.0
150,0.1,10,B,mixed,0.8,1.0,1.0,0.0
150,0.1,10,B,mixed,0.9,1.0,1.0,0.0
150,0.1,10,B,mixed,1.0,0.0,1.0,-1.0
150,0.1,10,B,pure_straight,0.1,0.0,0.0,0.0
150,0.1,10,B,pure_straight,0.2,0.0,0.0,0.0
150,0.1,10,B,pure_straight,0.3,0.0,1.0,-1.0
150,0.1,10,B,pure_straight,0.4,0.0,0.0,0.0
150,0.1,10,B,pure_straight,0.5,1.0,1.0,0.0
150,0.1,10,B,pure_straight,0.6,1.0,0.0,1.0
150,0.1,10,B,pure_straight,0.7,1.0,1.0,0.0
150,0.1,10,B,pure_straight,1.0,1.0,1.0,0.0
150,0.1,10,B,random,0.1,0.0,0.0,0.0
150,0.1,10,B,random,0.2,0.0,0.0,0.0
150,0.1,10,B,random,0.3,0.0,1.0,-1.0
150,0.1,10,B,random,0.4,0.0,0.0,0.0
150,0.1,10,B,random,0.6,1.0,1.0,0.0
150,0.1,10,B,random,0.7,1.0,1.0,0.0
150,0.1,10,B,random,0.8,0.0,0.0,0.0
150,0.1,10,B,random,0.9,1.0,1.0,0.0
150,0.1,10,B,random,1.0,1.0,1.0,0.0
150,0.1,11,B,acquiescent,0.1,0.0,0.0,0.0
150,0.1,11,B,acquiescent,0.2,0.0,0.0,0.0
150,0.1,11,B,acquiescent,0.3,0.0,0.0,0.0
150,0.1,11,B,acquiescent,0.4,0.0,0.0,0.0
150,0.1,11,B,acquiescent,0.5,1.0,1.0,0.0
150,0.1,11,B,acquiescent,0.8,1.0,1.0,0.0
150,0.1,11,B,acquiescent,0.9,1.0,1.0,0.0
150,0.1,11,B,acquiescent,1.0,1.0,1.0,0.0
150,0.1,11,B,fatigue,0.1,0.0,0.0,0.0
150,0.1,11,B,fatigue,0.3,0.0,0.0,0.0
150,0.1,11,B,fatigue,0.5,0.0,0.0,0.0
150,0.1,11,B,fatigue,0.6,1.0,1.0,0.0
150,0.1,11,B,fatigue,0.7,0.0,0.0,0.0
150,0.1,11,B,fatigue,0.8,1.0,1.0,0.0
150,0.1,11,B,fatigue,0.9,1.0,1.0,0.0
150,0.1,11,B,fatigue,1.0,1.0,1.0,0.0
150,0.1,11,B,longstring,0.1,0.0,0.0,0.0
150,0.1,11,B,longstring,0.3,0.0,0.0,0.0
150,0.1,11,B,longstring,0.4,0.0,0.0,0.0
150,0.1,11,B,longstring,0.5,1.0,1.0,0.0
150,0.1,11,B,longstring,0.6,1.0,1.0,0.0
150,0.1,11,B,longstring,0.7,1.0,1.0,0.0
150,0.1,11,B,longstring,0.8,1.0,1.0,0.0
150,0.1,11,B,longstring,0.9,1.0,0.0,1.0
150,0.1,11,B,longstring,1.0,1.0,1.0,0.0
150,0.1,11,B,mixed,0.2,0.0,0.0,0.0
150,0.1,11,B,mixed,0.3,0.0,0.0,0.0
150,0.1,11,B,mixed,0.4,1.0,1.0,0.0
150,0.1,11,B,mixed,0.5,1.0,0.0,1.0
150,0.1,11,B,mixed,0.7,1.0,1.0,0.0
150,0.1,11,B,mixed,0.8,0.0,0.0,0.0
150,0.1,11,B,mixed,0.9,1.0,1.0,0.0
150,0.1,11,B,mixed,1.0,0.0,0.0,0.0
150,0.1,11,B,pure_straight,0.1,0.0,0.0,0.0
150,0.1,11,B,pure_straight,0.3,0.0,0.0,0.0
150,0.1,11,B,pure_straight,0.4,1.0,1.0,0.0
150,0.1,11,B,pure_straight,0.5,1.0,0.0,1.0
150,0.1,11,B,pure_straight,0.6,1.0,1.0,0.0
150,0.1,11,B,pure_straight,0.8,1.0,1.0,0.0
150,0.1,11,B,pure_straight,0.9,1.0,1.0,0.0
150,0.1,11,B,pure_straight,1.0,1.0,1.0,0.0
150,0.1,11,B,random,0.1,0.0,0.0,0.0
150,0.1,11,B,random,0.2,0.0,0.0,0.0
150,0.1,11,B,random,0.3,0.0,0.0,0.0
150,0.1,11,B,random,0.4,1.0,0.0,1.0
150,0.1,11,B,random,0.5,0.0,0.0,0.0
150,0.1,11,B,random,0.7,0.0,1.0,-1.0
150,0.1,11,B,random,0.8,1.0,0.0,1.0
150,0.1,11,B,random,0.9,1.0,1.0,0.0
150,0.1,11,B,random,1.0,1.0,0.0,1.0
150,0.1,12,B,acquiescent,0.2,0.0,0.0,0.0
150,0.1,12,B,acquiescent,0.3,1.0,0.0,1.0
150,0.1,12,B,acquiescent,0.5,1.0,0.0,1.0
150,0.1,12,B,acquiescent,0.6,1.0,1.0,0.0
150,0.1,12,B,acquiescent,0.7,1.0,1.0,0.0
150,0.1,12,B,acquiescent,0.8,1.0,1.0,0.0
150,0.1,12,B,acquiescent,0.9,1.0,1.0,0.0
150,0.1,12,B,acquiescent,1.0,1.0,1.0,0.0
150,0.1,12,B,fatigue,0.1,0.0,0.0,0.0
150,0.1,12,B,fatigue,0.2,1.0,1.0,0.0
150,0.1,12,B,fatigue,0.3,0.0,0.0,0.0
150,0.1,12,B,fatigue,0.4,0.0,0.0,0.0
150,0.1,12,B,fatigue,0.6,1.0,1.0,0.0
150,0.1,12,B,fatigue,0.7,0.0,0.0,0.0
150,0.1,12,B,fatigue,0.8,1.0,1.0,0.0
150,0.1,12,B,fatigue,1.0,1.0,1.0,0.0
150,0.1,12,B,longstring,0.2,0.0,0.0,0.0
150,0.1,12,B,longstring,0.3,0.0,0.0,0.0
150,0.1,12,B,longstring,0.4,1.0,1.0,0.0
150,0.1,12,B,longstring,0.5,0.0,0.0,0.0
150,0.1,12,B,longstring,0.6,1.0,1.0,0.0
150,0.1,12,B,longstring,0.7,0.0,0.0,0.0
150,0.1,12,B,longstring,0.8,1.0,1.0,0.0
150,0.1,12,B,longstring,0.9,1.0,1.0,0.0
150,0.1,12,B,longstring,1.0,1.0,1.0,0.0
150,0.1,12,B,mixed,0.1,0.0,0.0,0.0
150,0.1,12,B,mixed,0.2,0.0,0.0,0.0
150,0.1,12,B,mixed,0.3,0.0,1.0,-1.0
150,0.1,12,B,mixed,0.4,0.0,0.0,0.0
150,0.1,12,B,mixed,0.5,1.0,1.0,0.0
150,0.1,12,B,mixed,0.7,1.0,1.0,0.0
150,0.1,12,B,mixed,0.9,0.0,0.0,0.0
150,0.1,12,B,mixed,1.0,1.0,0.0,1.0
150,0.1,12,B,pure_straight,0.1,0.0,0.0,0.0
150,0.1,12,B,pure_straight,0.2,0.0,0.0,0.0
150,0.1,12,B,pure_straight,0.4,0.0,0.0,0.0
150,0.1,12,B,pure_straight,0.5,0.0,0.0,0.0
150,0.1,12,B,pure_straight,0.6,1.0,0.0,1.0
150,0.1,12,B,pure_straight,0.7,1.0,1.0,0.0
150,0.1,12,B,pure_straight,0.9,1.0,1.0,0.0
150,0.1,12,B,pure_straight,1.0,1.0,1.0,0.0
150,0.1,12,B,random,0.1,0.0,0.0,0.0
150,0.1,12,B,random,0.2,0.0,0.0,0.0
150,0.1,12,B,random,0.3,0.0,0.0,0.0
150,0.1,12,B,random,0.4,0.0,0.0,0.0
150,0.1,12,B,random,0.5,0.0,0.0,0.0
150,0.1,12,B,random,0.7,1.0,0.0,1.0
150,0.1,12,B,random,0.8,1.0,0.0,1.0
150,0.1,12,B,random,0.9,1.0,1.0,0.0
150,0.1,12,B,random,1.0,1.0,1.0,0.0
150,0.2,1,B,acquiescent,0.1,0.0,0.0,0.0
150,0.2,1,B,acquiescent,0.2,0.0,0.5,-0.5
150,0.2,1,B,acquiescent,0.3,0.0,0.0,0.0
150,0.2,1,B,acquiescent,0.4,0.0,0.0,0.0
150,0.2,1,B,acquiescent,0.5,1.0,0.0,1.0
150,0.2,1,B,acquiescent,0.6,1.0,1.0,0.0
150,0.2,1,B,acquiescent,0.7,1.0,0.0,1.0
150,0.2,1,B,acquiescent,0.8,1.0,1.0,0.0
150,0.2,1,B,acquiescent,0.9,1.0,1.0,0.0
150,0.2,1,B,acquiescent,1.0,1.0,1.0,0.0
150,0.2,1,B,fatigue,0.1,0.0,0.0,0.0
150,0.2,1,B,fatigue,0.2,0.0,0.0,0.0
150,0.2,1,B,fatigue,0.3,0.0,0.0,0.0
150,0.2,1,B,fatigue,0.4,0.5,0.0,0.5
150,0.2,1,B,fatigue,0.5,0.0,0.0,0.0
150,0.2,1,B,fatigue,0.6,0.0,0.0,0.0
150,0.2,1,B,fatigue,0.7,1.0,0.5,0.5
150,0.2,1,B,fatigue,0.8,1.0,1.0,0.0
150,0.2,1,B,fatigue,0.9,1.0,1.0,0.0
150,0.2,1,B,fatigue,1.0,1.0,1.0,0.0
150,0.2,1,B,longstring,0.1,0.0,0.0,0.0
150,0.2,1,B,longstring,0.2,0.5,0.5,0.0
150,0.2,1,B,longstring,0.3,0.5,0.5,0.0
150,0.2,1,B,longstring,0.4,0.0,0.0,0.0
150,0.2,1,B,longstring,0.5,0.0,0.0,0.0
150,0.2,1,B,longstring,0.6,1.0,1.0,0.0
150,0.2,1,B,longstring,0.7,1.0,1.0,0.0
150,0.2,1,B,longstring,0.8,0.5,1.0,-0.5
150,0.2,1,B,longstring,0.9,0.5,0.5,0.0
150,0.2,1,B,longstring,1.0,0.5,1.0,-0.5
150,0.2,1,B,mixed,0.1,0.0,0.0,0.0
150,0.2,1,B,mixed,0.2,0.0,0.0,0.0
150,0.2,1,B,mixed,0.3,0.0,0.0,0.0
150,0.2,1,B,mixed,0.4,1.0,0.5,0.5
150,0.2,1,B,mixed,0.5,0.5,0.0,0.5
150,0.2,1,B,mixed,0.6,0.0,0.0,0.0
150,0.2,1,B,mixed,0.7,0.5,0.5,0.0
150,0.2,1,B,mixed,0.8,0.5,0.5,0.0
150,0.2,1,B,mixed,0.9,0.5,0.5,0.0
150,0.2,1,B,mixed,1.0,1.0,0.0,1.0
150,0.2,1,B,pure_straight,0.1,0.0,0.5,-0.5
150,0.2,1,B,pure_straight,0.2,0.0,0.0,0.0
150,0.2,1,B,pure_straight,0.3,1.0,1.0,0.0
150,0.2,1,B,pure_straight,0.4,0.5,0.5,0.0
150,0.2,1,B,pure_straight,0.5,0.5,1.0,-0.5
150,0.2,1,B,pure_straight,0.6,1.0,1.0,0.0
150,0.2,1,B,pure_straight,0.7,1.0,1.0,0.0
150,0.2,1,B,pure_straight,0.8,1.0,1.0,0.0
150,0.2,1,B,pure_straight,0.9,1.0,1.0,0.0
150,0.2,1,B,pure_straight,1.0,1.0,1.0,0.0
150,0.2,1,B,random,0.1,0.0,0.0,0.0
150,0.2,1,B,random,0.2,0.0,0.0,0.0
150,0.2,1,B,random,0.3,0.0,0.0,0.0
150,0.2,1,B,random,0.4,0.0,0.0,0.0
150,0.2,1,B,random,0.5,1.0,1.0,0.0
150,0.2,1,B,random,0.6,1.0,1.0,0.0
150,0.2,1,B,random,0.7,1.0,0.0,1.0
150,0.2,1,B,random,0.8,0.5,0.5,0.0
150,0.2,1,B,random,0.9,1.0,1.0,0.0
150,0.2,1,B,random,1.0,0.5,0.5,0.0
150,0.2,2,B,acquiescent,0.1,0.0,0.0,0.0
150,0.2,2,B,acquiescent,0.2,0.0,0.0,0.0
150,0.2,2,B,acquiescent,0.3,0.5,0.0,0.5
150,0.2,2,B,acquiescent,0.4,1.0,1.0,0.0
150,0.2,2,B,acquiescent,0.5,0.5,1.0,-0.5
150,0.2,2,B,acquiescent,0.6,0.0,0.0,0.0
150,0.2,2,B,acquiescent,0.7,1.0,1.0,0.0
150,0.2,2,B,acquiescent,0.8,1.0,1.0,0.0
150,0.2,2,B,acquiescent,0.9,1.0,1.0,0.0
150,0.2,2,B,acquiescent,1.0,1.0,1.0,0.0
150,0.2,2,B,fatigue,0.1,0.0,0.0,0.0
150,0.2,2,B,fatigue,0.2,0.0,1.0,-1.0
150,0.2,2,B,fatigue,0.3,0.0,0.0,0.0
150,0.2,2,B,fatigue,0.4,0.0,0.0,0.0
150,0.2,2,B,fatigue,0.5,0.0,1.0,-1.0
150,0.2,2,B,fatigue,0.6,0.0,0.0,0.0
150,0.2,2,B,fatigue,0.7,1.0,1.0,0.0
150,0.2,2,B,fatigue,0.8,0.5,0.5,0.0
150,0.2,2,B,fatigue,0.9,0.0,0.0,0.0
150,0.2,2,B,fatigue,1.0,1.0,1.0,0.0
150,0.2,2,B,longstring,0.1,0.0,0.0,0.0
150,0.2,2,B,longstring,0.2,1.0,0.0,1.0
150,0.2,2,B,longstring,0.3,0.0,0.0,0.0
150,0.2,2,B,longstring,0.4,0.5,0.5,0.0
150,0.2,2,B,longstring,0.5,0.5,1.0,-0.5
150,0.2,2,B,longstring,0.6,0.5,0.5,0.0
150,0.2,2,B,longstring,0.7,1.0,1.0,0.0
150,0.2,2,B,longstring,0.8,1.0,1.0,0.0
150,0.2,2,B,longstring,0.9,1.0,1.0,0.0
150,0.2,2,B,longstring,1.0,1.0,1.0,0.0
150,0.2,2,B,mixed,0.1,0.0,0.0,0.0
150,0.2,2,B,mixed,0.2,0.0,0.0,0.0
150,0.2,2,B,mixed,0.3,0.0,0.0,0.0
150,0.2,2,B,mixed,0.4,1.0,0.0,1.0
150,0.2,2,B,mixed,0.5,0.0,0.0,0.0
150,0.2,2,B,mixed,0.6,1.0,1.0,0.0
150,0.2,2,B,mixed,0.7,0.0,1.0,-1.0
150,0.2,2,B,mixed,0.8,0.0,0.0,0.0
150,0.2,2,B,mixed,0.9,1.0,0.5,0.5
150,0.2,2,B,mixed,1.0,1.0,1.0,0.0
150,0.2,2,B,pure_straight,0.1,0.0,0.0,0.0
150,0.2,2,B,pure_straight,0.2,0.0,0.0,0.0
150,0.2,2,B,pure_straight,0.3,0.0,0.0,0.0
150,0.2,2,B,pure_straight,0.4,0.5,0.5,0.0
150,0.2,2,B,pure_straight,0.5,1.0,1.0,0.0
150,0.2,2,B,pure_straight,0.6,0.5,1.0,-0.5
150,0.2,2,B,pure_straight,0.7,1.0,1.0,0.0
150,0.2,2,B,pure_straight,0.8,1.0,1.0,0.0
150,0.2,2,B,pure_straight,0.9,1.0,1.0,0.0
150,0.2,2,B,pure_straight,1.0,1.0,1.0,0.0
150,0.2,2,B,random,0.1,0.0,0.0,0.0
150,0.2,2,B,random,0.2,1.0,0.0,1.0
150,0.2,2,B,random,0.3,0.0,0.0,0.0
150,0.2,2,B,random,0.4,0.0,0.0,0.0
150,0.2,2,B,random,0.5,0.5,0.5,0.0
150,0.2,2,B,random,0.6,0.5,0.5,0.0
150,0.2,2,B,random,0.7,0.0,0.0,0.0
150,0.2,2,B,random,0.8,0.5,0.0,0.5
150,0.2,2,B,random,0.9,0.5,0.5,0.0
150,0.2,2,B,random,1.0,1.0,0.0,1.0
150,0.2,3,B,acquiescent,0.1,0.0,0.0,0.0
150,0.2,3,B,acquiescent,0.2,0.0,0.0,0.0
150,0.2,3,B,acquiescent,0.3,0.0,1.0,-1.0
150,0.2,3,B,acquiescent,0.4,0.5,0.0,0.5
150,0.2,3,B,acquiescent,0.5,0.5,0.5,0.0
150,0.2,3,B,acquiescent,0.6,1.0,1.0,0.0
150,0.2,3,B,acquiescent,0.7,0.0,1.0,-1.0
150,0.2,3,B,acquiescent,0.8,1.0,1.0,0.0
150,0.2,3,B,acquiescent,0.9,1.0,1.0,0.0
150,0.2,3,B,acquiescent,1.0,1.0,1.0,0.0
150,0.2,3,B,fatigue,0.1,0.0,0.0,0.0
150,0.2,3,B,fatigue,0.2,0.0,0.5,-0.5
150,0.2,3,B,fatigue,0.3,0.0,0.5,-0.5
150,0.2,3,B,fatigue,0.4,0.0,0.0,0.0
150,0.2,3,B,fatigue,0.5,0.5,0.0,0.5
150,0.2,3,B,fatigue,0.6,0.0,0.0,0.0
150,0.2,3,B,fatigue,0.7,1.0,0.0,1.0
150,0.2,3,B,fatigue,0.8,1.0,0.5,0.5
150,0.2,3,B,fatigue,0.9,1.0,1.0,0.0
150,0.2,3,B,fatigue,1.0,1.0,1.0,0.0
150,0.2,3,B,longstring,0.1,0.0,0.0,0.0
150,0.2,3,B,longstring,0.2,0.0,0.5,-0.5
150,0.2,3,B,longstring,0.3,0.0,1.0,-1.0
150,0.2,3,B,longstring,0.4,0.0,0.0,0.0
150,0.2,3,B,longstring,0.5,0.0,0.0,0.0
150,0.2,3,B,longstring,0.6,1.0,1.0,0.0
150,0.2,3,B,longstring,0.7,1.0,0.5,0.5
150,0.2,3,B,longstring,0.8,1.0,1.0,0.0
150,0.2,3,B,longstring,0.9,1.0,1.0,0.0
150,0.2,3,B,longstring,1.0,1.0,1.0,0.0
150,0.2,3,B,mixed,0.1,0.0,0.0,0.0
150,0.2,3,B,mixed,0.2,1.0,0.0,1.0
150,0.2,3,B,mixed,0.3,0.5,0.5,0.0
150,0.2,3,B,mixed,0.4,0.0,0.0,0.0
150,0.2,3,B,mixed,0.5,0.0,0.0,0.0
150,0.2,3,B,mixed,0.6,0.5,0.0,0.5
150,0.2,3,B,mixed,0.7,1.0,0.0,1.0
150,0.2,3,B,mixed,0.8,1.0,0.0,1.0
150,0.2,3,B,mixed,0.9,0.5,0.5,0.0
150,0.2,3,B,mixed,1.0,1.0,0.0,1.0
150,0.2,3,B,pure_straight,0.1,1.0,0.0,1.0
150,0.2,3,B,pure_straight,0.2,0.0,0.0,0.0
150,0.2,3,B,pure_straight,0.3,0.5,0.5,0.0
150,0.2,3,B,pure_straight,0.4,0.0,0.0,0.0
150,0.2,3,B,pure_straight,0.5,1.0,1.0,0.0
150,0.2,3,B,pure_straight,0.6,1.0,1.0,0.0
150,0.2,3,B,pure_straight,0.7,1.0,1.0,0.0
150,0.2,3,B,pure_straight,0.8,1.0,1.0,0.0
150,0.2,3,B,pure_straight,0.9,1.0,1.0,0.0
150,0.2,3,B,pure_straight,1.0,1.0,1.0,0.0
150,0.2,3,B,random,0.1,0.5,0.0,0.5
150,0.2,3,B,random,0.2,0.0,0.0,0.0
150,0.2,3,B,random,0.3,0.0,0.0,0.0
150,0.2,3,B,random,0.4,0.0,1.0,-1.0
150,0.2,3,B,random,0.5,0.5,0.5,0.0
150,0.2,3,B,random,0.6,1.0,0.5,0.5
150,0.2,3,B,random,0.7,0.0,0.0,0.0
150,0.2,3,B,random,0.8,1.0,0.5,0.5
150,0.2,3,B,random,0.9,1.0,1.0,0.0
150,0.2,3,B,random,1.0,1.0,1.0,0.0
150,0.2,4,B,acquiescent,0.1,0.0,1.0,-1.0
150,0.2,4,B,acquiescent,0.2,0.0,0.0,0.0
150,0.2,4,B,acquiescent,0.3,0.0,1.0,-1.0
150,0.2,4,B,acquiescent,0.4,0.0,0.0,0.0
150,0.2,4,B,acquiescent,0.5,0.5,0.5,0.0
150,0.2,4,B,acquiescent,0.6,0.5,0.5,0.0
150,0.2,4,B,acquiescent,0.7,0.5,0.5,0.0
150,0.2,4,B,acquiescent,0.8,1.0,1.0,0.0
150,0.2,4,B,acquiescent,0.9,1.0,1.0,0.0
150,0.2,4,B,acquiescent,1.0,1.0,1.0,0.0
150,0.2,4,B,fatigue,0.1,0.5,0.5,0.0
150,0.2,4,B,fatigue,0.2,0.0,1.0,-1.0
150,0.2,4,B,fatigue,0.3,0.0,0.0,0.0
150,0.2,4,B,fatigue,0.4,0.0,0.0,0.0
150,0.2,4,B,fatigue,0.5,1.0,0.5,0.5
150,0.2,4,B,fatigue,0.6,1.0,1.0,0.0
150,0.2,4,B,fatigue,0.7,0.0,0.0,0.0
150,0.2,4,B,fatigue,0.8,1.0,1.0,0.0
150,0.2,4,B,fatigue,0.9,1.0,0.5,0.5
150,0.2,4,B,fatigue,1.0,1.0,1.0,0.0
150,0.2,4,B,longstring,0.1,0.0,0.0,0.0
150,0.2,4,B,longstring,0.2,0.0,0.0,0.0
150,0.2,4,B,longstring,0.3,0.0,0.0,0.0
150,0.2,4,B,longstring,0.4,0.0,0.0,0.0
150,0.2,4,B,longstring,0.5,1.0,0.5,0.5
150,0.2,4,B,longstring,0.6,0.0,0.0,0.0
150,0.2,4,B,longstring,0.7,1.0,1.0,0.0
150,0.2,4,B,longstring,0.8,1.0,1.0,0.0
150,0.2,4,B,longstring,0.9,1.0,1.0,0.0
150,0.2,4,B,longstring,1.0,1.0,1.0,0.0
150,0.2,4,B,mixed,0.1,0.0,0.0,0.0
150,0.2,4,B,mixed,0.2,0.0,0.0,0.0
150,0.2,4,B,mixed,0.3,0.5,0.0,0.5
150,0.2,4,B,mixed,0.4,0.0,0.0,0.0
150,0.2,4,B,mixed,0.5,0.0,0.0,0.0
150,0.2,4,B,mixed,0.6,0.0,0.0,0.0
150,0.2,4,B,mixed,0.7,0.0,0.0,0.0
150,0.2,4,B,mixed,0.8,0.5,0.0,0.5
150,0.2,4,B,mixed,0.9,1.0,1.0,0.0
150,0.2,4,B,mixed,1.0,0.5,0.5,0.0
150,0.2,4,B,pure_straight,0.1,0.0,0.0,0.0
150,0.2,4,B,pure_straight,0.2,0.5,0.5,0.0
150,0.2,4,B,pure_straight,0.3,0.5,0.5,0.0
150,0.2,4,B,pure_straight,0.4,1.0,1.0,0.0
150,0.2,4,B,pure_straight,0.5,1.0,1.0,0.0
150,0.2,4,B,pure_straight,0.6,1.0,1.0,0.0
150,0.2,4,B,pure_straight,0.7,1.0,1.0,0.0
150,0.2,4,B,pure_straight,0.8,1.0,1.0,0.0
150,0.2,4,B,pure_straight,0.9,1.0,1.0,0.0
150,0.2,4,B,pure_straight,1.0,1.0,1.0,0.0
150,0.2,4,B,random,0.1,0.0,0.0,0.0
150,0.2,4,B,random,0.2,0.0,0.0,0.0
150,0.2,4,B,random,0.3,0.0,0.0,0.0
150,0.2,4,B,random,0.4,0.0,0.0,0.0
150,0.2,4,B,random,0.5,0.5,0.5,0.0
150,0.2,4,B,random,0.6,1.0,0.0,1.0
150,0.2,4,B,random,0.7,0.5,0.5,0.0
150,0.2,4,B,random,0.8,1.0,0.5,0.5
150,0.2,4,B,random,0.9,1.0,1.0,0.0
150,0.2,4,B,random,1.0,1.0,1.0,0.0
150,0.2,5,B,acquiescent,0.1,0.0,0.0,0.0
150,0.2,5,B,acquiescent,0.2,1.0,1.0,0.0
150,0.2,5,B,acquiescent,0.3,0.0,0.0,0.0
150,0.2,5,B,acquiescent,0.4,0.0,0.0,0.0
150,0.2,5,B,acquiescent,0.5,1.0,1.0,0.0
150,0.2,5,B,acquiescent,0.6,0.5,0.5,0.0
150,0.2,5,B,acquiescent,0.7,1.0,1.0,0.0
150,0.2,5,B,acquiescent,0.8,1.0,1.0,0.0
150,0.2,5,B,acquiescent,0.9,1.0,1.0,0.0
150,0.2,5,B,acquiescent,1.0,1.0,1.0,0.0
150,0.2,5,B,fatigue,0.1,0.0,0.0,0.0
150,0.2,5,B,fatigue,0.2,0.0,0.0,0.0
150,0.2,5,B,fatigue,0.3,1.0,1.0,0.0
150,0.2,5,B,fatigue,0.4,0.0,0.0,0.0
150,0.2,5,B,fatigue,0.5,0.0,1.0,-1.0
150,0.2,5,B,fatigue,0.6,0.5,0.0,0.5
150,0.2,5,B,fatigue,0.7,1.0,1.0,0.0
150,0.2,5,B,fatigue,0.8,0.0,0.0,0.0
150,0.2,5,B,fatigue,0.9,0.5,1.0,-0.5
150,0.2,5,B,fatigue,1.0,1.0,1.0,0.0
150,0.2,5,B,longstring,0.1,0.5,0.0,0.5
150,0.2,5,B,longstring,0.2,0.0,0.0,0.0
150,0.2,5,B,longstring,0.3,0.0,0.0,0.0
150,0.2,5,B,longstring,0.4,0.0,0.0,0.0
150,0.2,5,B,longstring,0.5,0.5,0.5,0.0
150,0.2,5,B,longstring,0.6,1.0,1.0,0.0
150,0.2,5,B,longstring,0.7,0.5,0.5,0.0
150,0.2,5,B,longstring,0.8,1.0,1.0,0.0
150,0.2,5,B,longstring,0.9,1.0,1.0,0.0
150,0.2,5,B,longstring,1.0,1.0,1.0,0.0
150,0.2,5,B,mixed,0.1,0.0,0.0,0.0
150,0.2,5,B,mixed,0.2,0.0,0.0,0.0
150,0.2,5,B,mixed,0.3,1.0,1.0,0.0
150,0.2,5,B,mixed,0.4,0.5,0.0,0.5
150,0.2,5,B,mixed,0.5,0.5,0.5,0.0
150,0.2,5,B,mixed,0.6,0.5,0.5,0.0
150,0.2,5,B,mixed,0.7,1.0,0.5,0.5
150,0.2,5,B,mixed,0.8,1.0,0.5,0.5
150,0.2,5,B,mixed,0.9,0.0,0.0,0.0
150,0.2,5,B,mixed,1.0,1.0,1.0,0.0
150,0.2,5,B,pure_straight,0.1,0.0,0.5,-0.5
150,0.2,5,B,pure_straight,0.2,0.0,0.0,0.0
150,0.2,5,B,pure_straight,0.3,0.5,0.5,0.0
150,0.2,5,B,pure_straight,0.4,1.0,1.0,0.0
150,0.2,5,B,pure_straight,0.5,1.0,1.0,0.0
150,0.2,5,B,pure_straight,0.6,1.0,1.0,0.0
150,0.2,5,B,pure_straight,0.7,0.5,0.5,0.0
150,0.2,5,B,pure_straight,0.8,1.0,1.0,0.0
150,0.2,5,B,pure_straight,0.9,1.0,1.0,0.0
150,0.2,5,B,pure_straight,1.0,1.0,1.0,0.0
150,0.2,5,B,random,0.1,0.0,0.0,0.0
150,0.2,5,B,random,0.2,0.0,0.0,0.0
150,0.2,5,B,random,0.3,0.0,0.0,0.0
150,0.2,5,B,random,0.4,0.0,0.0,0.0
150,0.2,5,B,random,0.5,1.0,0.0,1.0
150,0.2,5,B,random,0.6,0.5,1.0,-0.5
150,0.2,5,B,random,0.7,0.5,0.5,0.0
150,0.2,5,B,random,0.8,1.0,0.0,1.0
150,0.2,5,B,random,0.9,0.5,1.0,-0.5
150,0.2,5,B,random,1.0,0.5,0.5,0.0
150,0.2,6,B,acquiescent,0.1,0.0,0.0,0.0
150,0.2,6,B,acquiescent,0.2,0.0,1.0,-1.0
150,0.2,6,B,acquiescent,0.3,0.0,0.0,0.0
150,0.2,6,B,acquiescent,0.4,0.5,0.5,0.0
150,0.2,6,B,acquiescent,0.5,1.0,0.5,0.5
150,0.2,6,B,acquiescent,0.6,1.0,0.0,1.0
150,0.2,6,B,acquiescent,0.7,1.0,1.0,0.0
150,0.2,6,B,acquiescent,0.8,1.0,1.0,0.0
150,0.2,6,B,acquiescent,0.9,1.0,1.0,0.0
150,0.2,6,B,acquiescent,1.0,1.0,1.0,0.0
150,0.2,6,B,fatigue,0.1,0.0,0.0,0.0
150,0.2,6,B,fatigue,0.2,0.0,0.0,0.0
150,0.2,6,B,fatigue,0.3,0.0,0.5,-0.5
150,0.2,6,B,fatigue,0.4,0.0,0.0,0.0
150,0.2,6,B,fatigue,0.5,0.0,0.0,0.0
150,0.2,6,B,fatigue,0.6,0.0,0.0,0.0
150,0.2,6,B,fatigue,0.7,0.5,0.5,0.0
150,0.2,6,B,fatigue,0.8,1.0,1.0,0.0
150,0.2,6,B,fatigue,0.9,1.0,1.0,0.0
150,0.2,6,B,fatigue,1.0,0.0,0.0,0.0
150,0.2,6,B,longstring,0.1,0.0,0.5,-0.5
150,0.2,6,B,longstring,0.2,0.0,0.0,0.0
150,0.2,6,B,longstring,0.3,0.0,0.0,0.0
150,0.2,6,B,longstring,0.4,1.0,1.0,0.0
150,0.2,6,B,longstring,0.5,1.0,1.0,0.0
150,0.2,6,B,longstring,0.6,0.5,0.5,0.0
150,0.2,6,B,longstring,0.7,1.0,1.0,0.0
150,0.2,6,B,longstring,0.8,1.0,1.0,0.0
150,0.2,6,B,longstring,0.9,1.0,0.0,1.0
150,0.2,6,B,longstring,1.0,1.0,1.0,0.0
150,0.2,6,B,mixed,0.1,0.5,0.0,0.5
150,0.2,6,B,mixed,0.2,0.0,0.0,0.0
150,0.2,6,B,mixed,0.3,1.0,1.0,0.0
150,0.2,6,B,mixed,0.4,0.0,0.0,0.0
150,0.2,6,B,mixed,0.5,0.5,0.0,0.5
150,0.2,6,B,mixed,0.6,0.0,0.0,0.0
150,0.2,6,B,mixed,0.7,0.5,0.0,0.5
150,0.2,6,B,mixed,0.8,0.0,0.0,0.0
150,0.2,6,B,mixed,0.9,0.5,0.5,0.0
150,0.2,6,B,mixed,1.0,0.5,0.5,0.0
150,0.2,6,B,pure_straight,0.1,0.0,0.0,0.0
150,0.2,6,B,pure_straight,0.2,0.0,0.0,0.0
150,0.2,6,B,pure_straight,0.3,0.5,0.0,0.5
150,0.2,6,B,pure_straight,0.4,1.0,1.0,0.0
150,0.2,6,B,pure_straight,0.5,1.0,1.0,0.0
150,0.2,6,B,pure_straight,0.6,1.0,0.5,0.5
150,0.2,6,B,pure_straight,0.7,1.0,1.0,0.0
150,0.2,6,B,pure_straight,0.8,1.0,1.0,0.0
150,0.2,6,B,pure_straight,0.9,1.0,1.0,0.0
150,0.2,6,B,pure_straight,1.0,1.0,1.0,0.0
150,0.2,6,B,random,0.1,0.0,0.0,0.0
150,0.2,6,B,random,0.2,0.0,0.0,0.0
150,0.2,6,B,random,0.3,0.0,0.0,0.0
150,0.2,6,B,random,0.4,0.5,0.5,0.0
150,0.2,6,B,random,0.5,0.0,1.0,-1.0
150,0.2,6,B,random,0.6,0.5,0.0,0.5
150,0.2,6,B,random,0.7,1.0,0.5,0.5
150,0.2,6,B,random,0.8,0.5,0.5,0.0
150,0.2,6,B,random,0.9,0.5,0.5,0.0
150,0.2,6,B,random,1.0,1.0,1.0,0.0
150,0.2,7,B,acquiescent,0.1,0.5,0.5,0.0
150,0.2,7,B,acquiescent,0.2,0.0,0.0,0.0
150,0.2,7,B,acquiescent,0.3,1.0,1.0,0.0
150,0.2,7,B,acquiescent,0.4,1.0,1.0,0.0
150,0.2,7,B,acquiescent,0.5,1.0,1.0,0.0
150,0.2,7,B,acquiescent,0.6,1.0,1.0,0.0
150,0.2,7,B,acquiescent,0.7,1.0,1.0,0.0
150,0.2,7,B,acquiescent,0.8,1.0,1.0,0.0
150,0.2,7,B,acquiescent,0.9,1.0,1.0,0.0
150,0.2,7,B,acquiescent,1.0,1.0,1.0,0.0
150,0.2,7,B,fatigue,0.1,0.0,0.0,0.0
150,0.2,7,B,fatigue,0.2,0.0,0.0,0.0
150,0.2,7,B,fatigue,0.3,0.0,0.0,0.0
150,0.2,7,B,fatigue,0.4,0.0,0.0,0.0
150,0.2,7,B,fatigue,0.5,1.0,1.0,0.0
150,0.2,7,B,fatigue,0.6,0.5,0.0,0.5
150,0.2,7,B,fatigue,0.7,0.0,0.0,0.0
150,0.2,7,B,fatigue,0.8,1.0,1.0,0.0
150,0.2,7,B,fatigue,0.9,1.0,1.0,0.0
150,0.2,7,B,fatigue,1.0,1.0,1.0,0.0
150,0.2,7,B,longstring,0.1,0.0,0.0,0.0
150,0.2,7,B,longstring,0.2,0.0,0.0,0.0
150,0.2,7,B,longstring,0.3,1.0,0.0,1.0
150,0.2,7,B,longstring,0.4,0.0,1.0,-1.0
150,0.2,7,B,longstring,0.5,1.0,1.0,0.0
150,0.2,7,B,longstring,0.6,0.5,0.5,0.0
150,0.2,7,B,longstring,0.7,0.5,0.5,0.0
150,0.2,7,B,longstring,0.8,0.5,0.5,0.0
150,0.2,7,B,longstring,0.9,0.0,1.0,-1.0
150,0.2,7,B,longstring,1.0,1.0,1.0,0.0
150,0.2,7,B,mixed,0.1,0.0,0.0,0.0
150,0.2,7,B,mixed,0.2,0.0,0.0,0.0
150,0.2,7,B,mixed,0.3,0.0,0.0,0.0
150,0.2,7,B,mixed,0.4,0.0,0.5,-0.5
150,0.2,7,B,mixed,0.5,0.5,0.5,0.0
150,0.2,7,B,mixed,0.6,1.0,1.0,0.0
150,0.2,7,B,mixed,0.7,0.5,0.5,0.0
150,0.2,7,B,mixed,0.8,1.0,0.0,1.0
150,0.2,7,B,mixed,0.9,1.0,0.0,1.0
150,0.2,7,B,mixed,1.0,1.0,1.0,0.0
150,0.2,7,B,pure_straight,0.1,0.0,0.0,0.0
150,0.2,7,B,pure_straight,0.2,1.0,1.0,0.0
150,0.2,7,B,pure_straight,0.3,1.0,1.0,0.0
150,0.2,7,B,pure_straight,0.4,1.0,0.5,0.5
150,0.2,7,B,pure_straight,0.5,1.0,1.0,0.0
150,0.2,7,B,pure_straight,0.6,1.0,1.0,0.0
150,0.2,7,B,pure_straight,0.7,0.5,0.5,0.0
150,0.2,7,B,pure_straight,0.8,1.0,1.0,0.0
150,0.2,7,B,pure_straight,0.9,1.0,1.0,0.0
150,0.2,7,B,pure_straight,1.0,1.0,1.0,0.0
150,0.2,7,B,random,0.1,0.0,0.0,0.0
150,0.2,7,B,random,0.2,0.0,0.0,0.0
150,0.2,7,B,random,0.3,0.0,0.0,0.0
150,0.2,7,B,random,0.4,0.0,1.0,-1.0
150,0.2,7,B,random,0.5,0.0,0.0,0.0
150,0.2,7,B,random,0.6,1.0,0.0,1.0
150,0.2,7,B,random,0.7,1.0,1.0,0.0
150,0.2,7,B,random,0.8,0.5,0.5,0.0
150,0.2,7,B,random,0.9,0.5,0.5,0.0
150,0.2,7,B,random,1.0,0.0,0.5,-0.5
150,0.2,8,B,acquiescent,0.1,0.0,0.0,0.0
150,0.2,8,B,acquiescent,0.2,0.0,0.0,0.0
150,0.2,8,B,acquiescent,0.3,0.0,0.0,0.0
150,0.2,8,B,acquiescent,0.4,0.0,0.0,0.0
150,0.2,8,B,acquiescent,0.5,0.0,0.0,0.0
150,0.2,8,B,acquiescent,0.6,0.0,0.0,0.0
150,0.2,8,B,acquiescent,0.7,1.0,1.0,0.0
150,0.2,8,B,acquiescent,0.8,0.5,1.0,-0.5
150,0.2,8,B,acquiescent,0.9,1.0,1.0,0.0
150,0.2,8,B,acquiescent,1.0,1.0,1.0,0.0
150,0.2,8,B,fatigue,0.1,0.0,0.0,0.0
150,0.2,8,B,fatigue,0.2,0.0,0.0,0.0
150,0.2,8,B,fatigue,0.3,0.0,1.0,-1.0
150,0.2,8,B,fatigue,0.4,1.0,0.0,1.0
150,0.2,8,B,fatigue,0.5,0.0,0.5,-0.5
150,0.2,8,B,fatigue,0.6,1.0,1.0,0.0
150,0.2,8,B,fatigue,0.7,1.0,1.0,0.0
150,0.2,8,B,fatigue,0.8,1.0,0.0,1.0
150,0.2,8,B,fatigue,0.9,1.0,0.5,0.5
150,0.2,8,B,fatigue,1.0,0.5,0.5,0.0
150,0.2,8,B,longstring,0.1,0.0,0.0,0.0
150,0.2,8,B,longstring,0.2,1.0,0.5,0.5
150,0.2,8,B,longstring,0.3,0.0,0.0,0.0
150,0.2,8,B,longstring,0.4,0.0,0.0,0.0
150,0.2,8,B,longstring,0.5,1.0,1.0,0.0
150,0.2,8,B,longstring,0.6,0.5,1.0,-0.5
150,0.2,8,B,longstring,0.7,1.0,1.0,0.0
150,0.2,8,B,longstring,0.8,1.0,1.0,0.0
150,0.2,8,B,longstring,0.9,1.0,1.0,0.0
150,0.2,8,B,longstring,1.0,1.0,1.0,0.0
150,0.2,8,B,mixed,0.1,0.0,0.0,0.0
150,0.2,8,B,mixed,0.2,0.0,0.0,0.0
150,0.2,8,B,mixed,0.3,1.0,1.0,0.0
150,0.2,8,B,mixed,0.4,1.0,0.0,1.0
150,0.2,8,B,mixed,0.5,0.5,0.5,0.0
150,0.2,8,B,mixed,0.6,1.0,1.0,0.0
150,0.2,8,B,mixed,0.7,0.0,0.0,0.0
150,0.2,8,B,mixed,0.8,0.0,0.0,0.0
150,0.2,8,B,mixed,0.9,0.0,0.0,0.0
150,0.2,8,B,mixed,1.0,0.0,0.5,-0.5
150,0.2,8,B,pure_straight,0.1,0.0,0.5,-0.5
150,0.2,8,B,pure_straight,0.2,0.5,0.5,0.0
150,0.2,8,B,pure_straight,0.3,0.0,0.0,0.0
150,0.2,8,B,pure_straight,0.4,0.0,0.0,0.0
150,0.2,8,B,pure_straight,0.5,0.5,0.0,0.5
150,0.2,8,B,pure_straight,0.6,1.0,1.0,0.0
150,0.2,8,B,pure_straight,0.7,1.0,1.0,0.0
150,0.2,8,B,pure_straight,0.8,1.0,1.0,0.0
150,0.2,8,B,pure_straight,0.9,1.0,1.0,0.0
150,0.2,8,B,pure_straight,1.0,1.0,1.0,0.0
150,0.2,8,B,random,0.1,0.0,0.0,0.0
150,0.2,8,B,random,0.2,0.5,0.0,0.5
150,0.2,8,B,random,0.3,0.0,0.0,0.0
150,0.2,8,B,random,0.4,0.0,0.0,0.0
150,0.2,8,B,random,0.5,1.0,0.0,1.0
150,0.2,8,B,random,0.6,1.0,1.0,0.0
150,0.2,8,B,random,0.7,1.0,0.5,0.5
150,0.2,8,B,random,0.8,0.5,0.5,0.0
150,0.2,8,B,random,0.9,1.0,1.0,0.0
150,0.2,8,B,random,1.0,1.0,1.0,0.0
150,0.2,9,B,acquiescent,0.1,0.0,0.0,0.0
150,0.2,9,B,acquiescent,0.2,0.0,0.0,0.0
150,0.2,9,B,acquiescent,0.3,0.5,0.0,0.5
150,0.2,9,B,acquiescent,0.4,0.0,0.0,0.0
150,0.2,9,B,acquiescent,0.5,1.0,1.0,0.0
150,0.2,9,B,acquiescent,0.6,0.0,0.0,0.0
150,0.2,9,B,acquiescent,0.7,1.0,1.0,0.0
150,0.2,9,B,acquiescent,0.8,1.0,1.0,0.0
150,0.2,9,B,acquiescent,0.9,1.0,1.0,0.0
150,0.2,9,B,acquiescent,1.0,1.0,1.0,0.0
150,0.2,9,B,fatigue,0.1,0.0,0.0,0.0
150,0.2,9,B,fatigue,0.2,0.0,0.0,0.0
150,0.2,9,B,fatigue,0.3,0.0,1.0,-1.0
150,0.2,9,B,fatigue,0.4,0.0,0.0,0.0
150,0.2,9,B,fatigue,0.5,0.0,1.0,-1.0
150,0.2,9,B,fatigue,0.6,0.5,1.0,-0.5
150,0.2,9,B,fatigue,0.7,1.0,1.0,0.0
150,0.2,9,B,fatigue,0.8,1.0,1.0,0.0
150,0.2,9,B,fatigue,0.9,1.0,1.0,0.0
150,0.2,9,B,fatigue,1.0,1.0,1.0,0.0
150,0.2,9,B,longstring,0.1,0.0,0.0,0.0
150,0.2,9,B,longstring,0.2,0.0,0.0,0.0
150,0.2,9,B,longstring,0.3,0.0,0.0,0.0
150,0.2,9,B,longstring,0.4,0.5,0.5,0.0
150,0.2,9,B,longstring,0.5,0.5,0.5,0.0
150,0.2,9,B,longstring,0.6,1.0,0.5,0.5
150,0.2,9,B,longstring,0.7,1.0,1.0,0.0
150,0.2,9,B,longstring,0.8,0.5,1.0,-0.5
150,0.2,9,B,longstring,0.9,1.0,1.0,0.0
150,0.2,9,B,longstring,1.0,0.5,0.5,0.0
150,0.2,9,B,mixed,0.1,0.0,0.0,0.0
150,0.2,9,B,mixed,0.2,0.0,1.0,-1.0
150,0.2,9,B,mixed,0.3,0.0,0.0,0.0
150,0.2,9,B,mixed,0.4,1.0,1.0,0.0
150,0.2,9,B,mixed,0.5,0.0,0.0,0.0
150,0.2,9,B,mixed,0.6,0.5,0.0,0.5
150,0.2,9,B,mixed,0.7,0.0,0.0,0.0
150,0.2,9,B,mixed,0.8,0.0,0.0,0.0
150,0.2,9,B,mixed,0.9,1.0,1.0,0.0
150,0.2,9,B,mixed,1.0,0.5,0.5,0.0
150,0.2,9,B,pure_straight,0.1,0.0,0.0,0.0
150,0.2,9,B,pure_straight,0.2,1.0,1.0,0.0
150,0.2,9,B,pure_straight,0.3,0.5,0.5,0.0
150,0.2,9,B,pure_straight,0.4,0.5,0.5,0.0
150,0.2,9,B,pure_straight,0.5,1.0,0.5,0.5
150,0.2,9,B,pure_straight,0.6,1.0,1.0,0.0
150,0.2,9,B,pure_straight,0.7,1.0,1.0,0.0
150,0.2,9,B,pure_straight,0.8,1.0,1.0,0.0
150,0.2,9,B,pure_straight,0.9,1.0,1.0,0.0
150,0.2,9,B,pure_straight,1.0,1.0,1.0,0.0
150,0.2,9,B,random,0.1,0.0,0.0,0.0
150,0.2,9,B,random,0.2,0.0,0.5,-0.5
150,0.2,9,B,random,0.3,0.5,0.5,0.0
150,0.2,9,B,random,0.4,0.0,0.0,0.0
150,0.2,9,B,random,0.5,1.0,1.0,0.0
150,0.2,9,B,random,0.6,1.0,1.0,0.0
150,0.2,9,B,random,0.7,0.5,0.0,0.5
150,0.2,9,B,random,0.8,1.0,0.0,1.0
150,0.2,9,B,random,0.9,0.0,0.0,0.0
150,0.2,9,B,random,1.0,0.5,0.0,0.5
150,0.2,10,B,acquiescent,0.1,0.0,0.0,0.0
150,0.2,10,B,acquiescent,0.2,0.0,0.0,0.0
150,0.2,10,B,acquiescent,0.3,0.0,0.0,0.0
150,0.2,10,B,acquiescent,0.4,0.0,0.0,0.0
150,0.2,10,B,acquiescent,0.5,0.0,0.0,0.0
150,0.2,10,B,acquiescent,0.6,0.5,1.0,-0.5
150,0.2,10,B,acquiescent,0.7,1.0,1.0,0.0
150,0.2,10,B,acquiescent,0.8,1.0,1.0,0.0
150,0.2,10,B,acquiescent,0.9,1.0,1.0,0.0
150,0.2,10,B,acquiescent,1.0,1.0,1.0,0.0
150,0.2,10,B,fatigue,0.1,0.0,0.0,0.0
150,0.2,10,B,fatigue,0.2,0.0,0.0,0.0
150,0.2,10,B,fatigue,0.3,0.0,0.0,0.0
150,0.2,10,B,fatigue,0.4,0.0,0.0,0.0
150,0.2,10,B,fatigue,0.5,1.0,0.0,1.0
150,0.2,10,B,fatigue,0.6,1.0,1.0,0.0
150,0.2,10,B,fatigue,0.7,1.0,1.0,0.0
150,0.2,10,B,fatigue,0.8,1.0,0.5,0.5
150,0.2,10,B,fatigue,0.9,1.0,0.5,0.5
150,0.2,10,B,fatigue,1.0,1.0,1.0,0.0
150,0.2,10,B,longstring,0.1,0.0,0.0,0.0
150,0.2,10,B,longstring,0.2,0.0,0.0,0.0
150,0.2,10,B,longstring,0.3,0.5,0.5,0.0
150,0.2,10,B,longstring,0.4,0.5,0.5,0.0
150,0.2,10,B,longstring,0.5,1.0,1.0,0.0
150,0.2,10,B,longstring,0.6,1.0,0.5,0.5
150,0.2,10,B,longstring,0.7,0.5,1.0,-0.5
150,0.2,10,B,longstring,0.8,1.0,1.0,0.0
150,0.2,10,B,longstring,0.9,1.0,1.0,0.0
150,0.2,10,B,longstring,1.0,1.0,1.0,0.0
150,0.2,10,B,mixed,0.1,0.0,0.0,0.0
150,0.2,10,B,mixed,0.2,0.0,0.0,0.0
150,0.2,10,B,mixed,0.3,0.0,0.0,0.0
150,0.2,10,B,mixed,0.4,0.5,0.5,0.0
150,0.2,10,B,mixed,0.5,1.0,1.0,0.0
150,0.2,10,B,mixed,0.6,0.0,0.0,0.0
150,0.2,10,B,mixed,0.7,0.0,0.0,0.0
150,0.2,10,B,mixed,0.8,1.0,1.0,0.0
150,0.2,10,B,mixed,0.9,1.0,1.0,0.0
150,0.2,10,B,mixed,1.0,0.5,0.5,0.0
150,0.2,10,B,pure_straight,0.1,0.5,0.5,0.0
150,0.2,10,B,pure_straight,0.2,0.0,0.0,0.0
150,0.2,10,B,pure_straight,0.3,0.0,0.0,0.0
150,0.2,10,B,pure_straight,0.4,0.5,0.5,0.0
150,0.2,10,B,pure_straight,0.5,1.0,1.0,0.0
150,0.2,10,B,pure_straight,0.6,1.0,0.5,0.5
150,0.2,10,B,pure_straight,0.7,1.0,1.0,0.0
150,0.2,10,B,pure_straight,0.8,1.0,1.0,0.0
150,0.2,10,B,pure_straight,0.9,1.0,1.0,0.0
150,0.2,10,B,pure_straight,1.0,1.0,1.0,0.0
150,0.2,10,B,random,0.1,0.0,0.0,0.0
150,0.2,10,B,random,0.2,0.0,0.0,0.0
150,0.2,10,B,random,0.3,0.5,0.0,0.5
150,0.2,10,B,random,0.4,0.5,0.5,0.0
150,0.2,10,B,random,0.5,0.0,0.0,0.0
150,0.2,10,B,random,0.6,1.0,1.0,0.0
150,0.2,10,B,random,0.7,0.5,0.5,0.0
150,0.2,10,B,random,0.8,1.0,0.5,0.5
150,0.2,10,B,random,0.9,0.5,0.0,0.5
150,0.2,10,B,random,1.0,0.0,0.0,0.0
150,0.2,11,B,acquiescent,0.1,0.0,0.0,0.0
150,0.2,11,B,acquiescent,0.2,0.0,0.0,0.0
150,0.2,11,B,acquiescent,0.3,1.0,1.0,0.0
150,0.2,11,B,acquiescent,0.4,0.5,0.5,0.0
150,0.2,11,B,acquiescent,0.5,1.0,1.0,0.0
150,0.2,11,B,acquiescent,0.6,1.0,1.0,0.0
150,0.2,11,B,acquiescent,0.7,1.0,0.5,0.5
150,0.2,11,B,acquiescent,0.8,1.0,1.0,0.0
150,0.2,11,B,acquiescent,0.9,1.0,1.0,0.0
150,0.2,11,B,acquiescent,1.0,1.0,1.0,0.0
150,0.2,11,B,fatigue,0.1,0.0,0.0,0.0
150,0.2,11,B,fatigue,0.2,0.0,0.0,0.0
150,0.2,11,B,fatigue,0.3,0.0,0.0,0.0
150,0.2,11,B,fatigue,0.4,0.5,0.5,0.0
150,0.2,11,B,fatigue,0.5,0.0,0.0,0.0
150,0.2,11,B,fatigue,0.6,0.0,0.5,-0.5
150,0.2,11,B,fatigue,0.7,1.0,1.0,0.0
150,0.2,11,B,fatigue,0.8,0.5,0.5,0.0
150,0.2,11,B,fatigue,0.9,0.5,1.0,-0.5
150,0.2,11,B,fatigue,1.0,1.0,1.0,0.0
150,0.2,11,B,longstring,0.1,0.5,0.5,0.0
150,0.2,11,B,longstring,0.2,0.0,0.0,0.0
150,0.2,11,B,longstring,0.3,0.0,0.0,0.0
150,0.2,11,B,longstring,0.4,0.0,1.0,-1.0
150,0.2,11,B,longstring,0.5,0.0,0.0,0.0
150,0.2,11,B,longstring,0.6,1.0,1.0,0.0
150,0.2,11,B,longstring,0.7,1.0,0.5,0.5
150,0.2,11,B,longstring,0.8,1.0,1.0,0.0
150,0.2,11,B,longstring,0.9,1.0,1.0,0.0
150,0.2,11,B,longstring,1.0,1.0,1.0,0.0
150,0.2,11,B,mixed,0.1,0.0,0.0,0.0
150,0.2,11,B,mixed,0.2,0.0,0.0,0.0
150,0.2,11,B,mixed,0.3,0.0,0.0,0.0
150,0.2,11,B,mixed,0.4,0.5,0.5,0.0
150,0.2,11,B,mixed,0.5,0.0,0.0,0.0
150,0.2,11,B,mixed,0.6,0.0,0.0,0.0
150,0.2,11,B,mixed,0.7,0.0,0.0,0.0
150,0.2,11,B,mixed,0.8,0.5,0.5,0.0
150,0.2,11,B,mixed,0.9,1.0,1.0,0.0
150,0.2,11,B,mixed,1.0,0.0,0.0,0.0
150,0.2,11,B,pure_straight,0.1,0.5,0.5,0.0
150,0.2,11,B,pure_straight,0.2,0.5,0.5,0.0
150,0.2,11,B,pure_straight,0.3,0.0,0.0,0.0
150,0.2,11,B,pure_straight,0.4,1.0,0.0,1.0
150,0.2,11,B,pure_straight,0.5,0.5,1.0,-0.5
150,0.2,11,B,pure_straight,0.6,1.0,0.5,0.5
150,0.2,11,B,pure_straight,0.7,1.0,1.0,0.0
150,0.2,11,B,pure_straight,0.8,1.0,1.0,0.0
150,0.2,11,B,pure_straight,0.9,1.0,1.0,0.0
150,0.2,11,B,pure_straight,1.0,1.0,1.0,0.0
150,0.2,11,B,random,0.1,0.0,0.0,0.0
150,0.2,11,B,random,0.2,0.0,0.0,0.0
150,0.2,11,B,random,0.3,1.0,0.0,1.0
150,0.2,11,B,random,0.4,0.0,0.0,0.0
150,0.2,11,B,random,0.5,0.0,0.0,0.0
150,0.2,11,B,random,0.6,1.0,0.5,0.5
150,0.2,11,B,random,0.7,1.0,1.0,0.0
150,0.2,11,B,random,0.8,0.0,0.0,0.0
150,0.2,11,B,random,0.9,0.0,0.0,0.0
150,0.2,11,B,random,1.0,0.0,0.0,0.0
150,0.2,12,B,acquiescent,0.1,0.0,0.0,0.0
150,0.2,12,B,acquiescent,0.2,0.0,0.0,0.0
150,0.2,12,B,acquiescent,0.3,0.0,0.0,0.0
150,0.2,12,B,acquiescent,0.4,0.5,0.5,0.0
150,0.2,12,B,acquiescent,0.5,1.0,1.0,0.0
150,0.2,12,B,acquiescent,0.6,0.5,0.5,0.0
150,0.2,12,B,acquiescent,0.7,1.0,1.0,0.0
150,0.2,12,B,acquiescent,0.8,1.0,0.5,0.5
150,0.2,12,B,acquiescent,0.9,1.0,1.0,0.0
150,0.2,12,B,acquiescent,1.0,1.0,1.0,0.0
150,0.2,12,B,fatigue,0.1,0.0,0.0,0.0
150,0.2,12,B,fatigue,0.2,0.0,0.0,0.0
150,0.2,12,B,fatigue,0.3,0.0,0.0,0.0
150,0.2,12,B,fatigue,0.4,0.5,0.0,0.5
150,0.2,12,B,fatigue,0.5,0.0,0.0,0.0
150,0.2,12,B,fatigue,0.6,0.5,0.0,0.5
150,0.2,12,B,fatigue,0.7,0.0,1.0,-1.0
150,0.2,12,B,fatigue,0.8,1.0,1.0,0.0
150,0.2,12,B,fatigue,0.9,1.0,1.0,0.0
150,0.2,12,B,fatigue,1.0,1.0,1.0,0.0
150,0.2,12,B,longstring,0.1,0.0,0.0,0.0
150,0.2,12,B,longstring,0.2,0.0,0.0,0.0
150,0.2,12,B,longstring,0.3,1.0,1.0,0.0
150,0.2,12,B,longstring,0.4,1.0,1.0,0.0
150,0.2,12,B,longstring,0.5,1.0,1.0,0.0
150,0.2,12,B,longstring,0.6,1.0,1.0,0.0
150,0.2,12,B,longstring,0.7,0.5,0.5,0.0
150,0.2,12,B,longstring,0.8,1.0,1.0,0.0
150,0.2,12,B,longstring,0.9,1.0,1.0,0.0
150,0.2,12,B,longstring,1.0,1.0,0.5,0.5
150,0.2,12,B,mixed,0.1,0.0,0.0,0.0
150,0.2,12,B,mixed,0.2,0.0,0.0,0.0
150,0.2,12,B,mixed,0.3,1.0,1.0,0.0
150,0.2,12,B,mixed,0.4,0.0,0.0,0.0
150,0.2,12,B,mixed,0.5,0.5,0.5,0.0
150,0.2,12,B,mixed,0.6,1.0,1.0,0.0
150,0.2,12,B,mixed,0.7,0.0,0.0,0.0
150,0.2,12,B,mixed,0.8,0.5,0.5,0.0
150,0.2,12,B,mixed,0.9,0.5,0.5,0.0
150,0.2,12,B,mixed,1.0,1.0,1.0,0.0
150,0.2,12,B,pure_straight,0.1,0.0,0.0,0.0
150,0.2,12,B,pure_straight,0.2,0.0,0.0,0.0
150,0.2,12,B,pure_straight,0.3,1.0,1.0,0.0
150,0.2,12,B,pure_straight,0.4,1.0,0.0,1.0
150,0.2,12,B,pure_straight,0.5,1.0,1.0,0.0
150,0.2,12,B,pure_straight,0.6,0.5,1.0,-0.5
150,0.2,12,B,pure_straight,0.7,1.0,1.0,0.0
150,0.2,12,B,pure_straight,0.8,1.0,1.0,0.0
150,0.2,12,B,pure_straight,0.9,1.0,1.0,0.0
150,0.2,12,B,pure_straight,1.0,1.0,1.0,0.0
150,0.2,12,B,random,0.1,0.0,0.0,0.0
150,0.2,12,B,random,0.2,0.0,0.0,0.0
150,0.2,12,B,random,0.3,0.0,0.0,0.0
150,0.2,12,B,random,0.4,0.0,0.0,0.0
150,0.2,12,B,random,0.5,0.0,0.0,0.0
150,0.2,12,B,random,0.6,0.0,1.0,-1.0
150,0.2,12,B,random,0.7,0.5,0.5,0.0
150,0.2,12,B,random,0.8,0.0,0.0,0.0
150,0.2,12,B,random,0.9,1.0,1.0,0.0
150,0.2,12,B,random,1.0,0.5,0.5,0.0
150,0.4,1,B,acquiescent,0.1,0.0,0.3333333333333333,-0.3333333333333333
150,0.4,1,B,acquiescent,0.2,0.3333333333333333,0.0,0.3333333333333333
150,0.4,1,B,acquiescent,0.3,0.0,0.3333333333333333,-0.3333333333333333
150,0.4,1,B,acquiescent,0.4,0.3333333333333333,0.6666666666666666,-0.3333333333333333
150,0.4,1,B,acquiescent,0.5,0.5,0.25,0.25
150,0.4,1,B,acquiescent,0.6,0.75,1.0,-0.25
150,0.4,1,B,acquiescent,0.7,1.0,1.0,0.0
150,0.4,1,B,acquiescent,0.8,1.0,0.6666666666666666,0.33333333333333337
150,0.4,1,B,acquiescent,0.9,1.0,1.0,0.0
150,0.4,1,B,acquiescent,1.0,1.0,1.0,0.0
150,0.4,1,B,fatigue,0.1,0.0,0.25,-0.25
150,0.4,1,B,fatigue,0.2,0.0,0.3333333333333333,-0.3333333333333333
150,0.4,1,B,fatigue,0.3,0.3333333333333333,0.3333333333333333,0.0
150,0.4,1,B,fatigue,0.4,0.3333333333333333,0.3333333333333333,0.0
150,0.4,1,B,fatigue,0.5,0.6666666666666666,1.0,-0.33333333333333337
150,0.4,1,B,fatigue,0.6,0.75,0.5,0.25
150,0.4,1,B,fatigue,0.7,0.6666666666666666,0.6666666666666666,0.0
150,0.4,1,B,fatigue,0.8,1.0,1.0,0.0
150,0.4,1,B,fatigue,0.9,1.0,0.75,0.25
150,0.4,1,B,fatigue,1.0,1.0,1.0,0.0
150,0.4,1,B,longstring,0.1,0.0,0.0,0.0
150,0.4,1,B,longstring,0.2,0.0,0.0,0.0
150,0.4,1,B,longstring,0.3,0.3333333333333333,0.3333333333333333,0.0
150,0.4,1,B,longstring,0.4,0.0,0.0,0.0
150,0.4,1,B,longstring,0.5,0.75,1.0,-0.25
150,0.4,1,B,longstring,0.6,0.3333333333333333,0.0,0.3333333333333333
150,0.4,1,B,longstring,0.7,0.6666666666666666,0.3333333333333333,0.3333333333333333
150,0.4,1,B,longstring,0.8,0.75,0.75,0.0
150,0.4,1,B,longstring,0.9,1.0,0.5,0.5
150,0.4,1,B,longstring,1.0,0.6666666666666666,0.3333333333333333,0.3333333333333333
150,0.4,1,B,mixed,0.1,0.0,0.0,0.0
150,0.4,1,B,mixed,0.2,0.0,0.0,0.0
150,0.4,1,B,mixed,0.3,0.25,0.5,-0.25
150,0.4,1,B,mixed,0.4,0.3333333333333333,0.0,0.3333333333333333
150,0.4,1,B,mixed,0.5,0.6666666666666666,0.6666666666666666,0.0
150,0.4,1,B,mixed,0.6,0.6666666666666666,0.6666666666666666,0.0
150,0.4,1,B,mixed,0.7,1.0,1.0,0.0
150,0.4,1,B,mixed,0.8,0.6666666666666666,0.3333333333333333,0.3333333333333333
150,0.4,1,B,mixed,0.9,0.5,0.5,0.0
150,0.4,1,B,mixed,1.0,0.6666666666666666,0.3333333333333333,0.3333333333333333
150,0.4,1,B,pure_straight,0.1,0.0,0.0,0.0
150,0.4,1,B,pure_straight,0.2,0.3333333333333333,0.3333333333333333,0.0
150,0.4,1,B,pure_straight,0.3,1.0,1.0,0.0
150,0.4,1,B,pure_straight,0.4,0.3333333333333333,0.6666666666666666,-0.3333333333333333
150,0.4,1,B,pure_straight,0.5,0.75,1.0,-0.25
150,0.4,1,B,pure_straight,0.6,0.6666666666666666,1.0,-0.33333333333333337
150,0.4,1,B,pure_straight,0.7,1.0,1.0,0.0
150,0.4,1,B,pure_straight,0.8,1.0,1.0,0.0
150,0.4,1,B,pure_straight,0.9,1.0,1.0,0.0
150,0.4,1,B,pure_straight,1.0,1.0,1.0,0.0
150,0.4,1,B,random,0.1,0.0,0.0,0.0
150,0.4,1,B,random,0.2,0.25,0.25,0.0
150,0.4,1,B,random,0.3,0.3333333333333333,0.3333333333333333,0.0
150,0.4,1,B,random,0.4,0.25,0.0,0.25
150,0.4,1,B,random,0.5,0.3333333333333333,0.3333333333333333,0.0
150,0.4,1,B,random,0.6,0.5,0.25,0.25
150,0.4,1,B,random,0.7,0.6666666666666666,0.6666666666666666,0.0
150,0.4,1,B,random,0.8,0.6666666666666666,0.0,0.6666666666666666
150,0.4,1,B,random,0.9,0.6666666666666666,0.3333333333333333,0.3333333333333333
150,0.4,1,B,random,1.0,1.0,0.6666666666666666,0.33333333333333337
150,0.4,2,B,acquiescent,0.1,0.0,0.0,0.0
150,0.4,2,B,acquiescent,0.2,0.0,0.0,0.0
150,0.4,2,B,acquiescent,0.3,0.3333333333333333,0.6666666666666666,-0.3333333333333333
150,0.4,2,B,acquiescent,0.4,0.25,0.75,-0.5
150,0.4,2,B,acquiescent,0.5,1.0,1.0,0.0
150,0.4,2,B,acquiescent,0.6,0.75,0.5,0.25
150,0.4,2,B,acquiescent,0.7,1.0,1.0,0.0
150,0.4,2,B,acquiescent,0.8,1.0,1.0,0.0
150,0.4,2,B,acquiescent,0.9,1.0,1.0,0.0
150,0.4,2,B,acquiescent,1.0,1.0,1.0,0.0
150,0.4,2,B,fatigue,0.1,0.0,0.0,0.0
150,0.4,2,B,fatigue,0.2,0.0,0.0,0.0
150,0.4,2,B,fatigue,0.3,0.3333333333333333,0.3333333333333333,0.0
150,0.4,2,B,fatigue,0.4,0.25,0.25,0.0
150,0.4,2,B,fatigue,0.5,0.0,0.6666666666666666,-0.6666666666666666
150,0.4,2,B,fatigue,0.6,0.25,0.5,-0.25
150,0.4,2,B,fatigue,0.7,0.75,0.5,0.25
150,0.4,2,B,fatigue,0.8,1.0,1.0,0.0
150,0.4,2,B,fatigue,0.9,0.6666666666666666,0.3333333333333333,0.3333333333333333
150,0.4,2,B,fatigue,1.0,1.0,1.0,0.0
150,0.4,2,B,longstring,0.1,0.0,0.0,0.0
150,0.4,2,B,longstring,0.2,0.25,0.25,0.0
150,0.4,2,B,longstring,0.3,0.0,0.0,0.0
150,0.4,2,B,longstring,0.4,0.25,0.25,0.0
150,0.4,2,B,longstring,0.5,1.0,0.3333333333333333,0.6666666666666667
150,0.4,2,B,longstring,0.6,0.75,0.5,0.25
150,0.4,2,B,longstring,0.7,0.75,0.75,0.0
150,0.4,2,B,longstring,0.8,0.6666666666666666,0.6666666666666666,0.0
150,0.4,2,B,longstring,0.9,1.0,1.0,0.0
150,0.4,2,B,longstring,1.0,1.0,1.0,0.0
150,0.4,2,B,mixed,0.1,0.0,0.0,0.0
150,0.4,2,B,mixed,0.2,0.6666666666666666,0.0,0.6666666666666666
150,0.4,2,B,mixed,0.3,0.25,0.75,-0.5
150,0.4,2,B,mixed,0.4,0.0,0.0,0.0
150,0.4,2,B,mixed,0.5,0.6666666666666666,0.3333333333333333,0.3333333333333333
150,0.4,2,B,mixed,0.6,0.0,0.0,0.0
150,0.4,2,B,mixed,0.7,0.6666666666666666,0.3333333333333333,0.3333333333333333
150,0.4,2,B,mixed,0.8,0.75,0.75,0.0
150,0.4,2,B,mixed,0.9,1.0,1.0,0.0
150,0.4,2,B,mixed,1.0,0.6666666666666666,0.6666666666666666,0.0
150,0.4,2,B,pure_straight,0.1,0.3333333333333333,0.6666666666666666,-0.3333333333333333
150,0.4,2,B,pure_straight,0.2,0.0,0.3333333333333333,-0.3333333333333333
150,0.4,2,B,pure_straight,0.3,0.0,0.3333333333333333,-0.3333333333333333
150,0.4,2,B,pure_straight,0.4,0.25,0.75,-0.5
150,0.4,2,B,pure_straight,0.5,1.0,1.0,0.0
150,0.4,2,B,pure_straight,0.6,1.0,0.6666666666666666,0.33333333333333337
150,0.4,2,B,pure_straight,0.7,1.0,0.6666666666666666,0.33333333333333337
150,0.4,2,B,pure_straight,0.8,1.0,1.0,0.0
150,0.4,2,B,pure_straight,0.9,1.0,1.0,0.0
150,0.4,2,B,pure_straight,1.0,1.0,1.0,0.0
150,0.4,2,B,random,0.1,0.0,0.0,0.0
150,0.4,2,B,random,0.2,0.0,0.0,0.0
150,0.4,2,B,random,0.3,0.25,0.25,0.0
150,0.4,2,B,random,0.4,0.3333333333333333,0.3333333333333333,0.0
150,0.4,2,B,random,0.5,0.6666666666666666,0.6666666666666666,0.0
150,0.4,2,B,random,0.6,0.5,0.25,0.25
150,0.4,2,B,random,0.7,1.0,0.75,0.25
150,0.4,2,B,random,0.8,1.0,0.3333333333333333,0.6666666666666667
150,0.4,2,B,random,0.9,0.6666666666666666,0.6666666666666666,0.0
150,0.4,2,B,random,1.0,1.0,1.0,0.0
150,0.4,3,B,acquiescent,0.1,0.0,0.0,0.0
150,0.4,3,B,acquiescent,0.2,0.25,0.5,-0.25
150,0.4,3,B,acquiescent,0.3,0.5,0.5,0.0
150,0.4,3,B,acquiescent,0.4,0.3333333333333333,0.3333333333333333,0.0
150,0.4,3,B,acquiescent,0.5,0.6666666666666666,0.0,0.6666666666666666
150,0.4,3,B,acquiescent,0.6,1.0,1.0,0.0
150,0.4,3,B,acquiescent,0.7,1.0,0.75,0.25
150,0.4,3,B,acquiescent,0.8,1.0,1.0,0.0
150,0.4,3,B,acquiescent,0.9,1.0,1.0,0.0
150,0.4,3,B,acquiescent,1.0,1.0,1.0,0.0
150,0.4,3,B,fatigue,0.1,0.25,0.25,0.0
150,0.4,3,B,fatigue,0.2,0.0,0.0,0.0
150,0.4,3,B,fatigue,0.3,0.0,0.3333333333333333,-0.3333333333333333
150,0.4,3,B,fatigue,0.4,0.3333333333333333,0.0,0.3333333333333333
150,0.4,3,B,fatigue,0.5,0.6666666666666666,0.3333333333333333,0.3333333333333333
150,0.4,3,B,fatigue,0.6,0.3333333333333333,0.6666666666666666,-0.3333333333333333
150,0.4,3,B,fatigue,0.7,0.25,0.5,-0.25
150,0.4,3,B,fatigue,0.8,0.3333333333333333,0.0,0.3333333333333333
150,0.4,3,B,fatigue,0.9,1.0,1.0,0.0
150,0.4,3,B,fatigue,1.0,1.0,0.6666666666666666,0.33333333333333337
150,0.4,3,B,longstring,0.1,0.0,0.25,-0.25
150,0.4,3,B,longstring,0.2,0.0,0.0,0.0
150,0.4,3,B,longstring,0.3,0.6666666666666666,1.0,-0.33333333333333337
150,0.4,3,B,longstring,0.4,1.0,0.75,0.25
150,0.4,3,B,longstring,0.5,1.0,0.6666666666666666,0.33333333333333337
150,0.4,3,B,longstring,0.6,0.6666666666666666,0.6666666666666666,0.0
150,0.4,3,B,longstring,0.7,1.0,1.0,0.0
150,0.4,3,B,longstring,0.8,1.0,1.0,0.0
150,0.4,3,B,longstring,0.9,1.0,0.75,0.25
150,0.4,3,B,longstring,1.0,0.6666666666666666,1.0,-0.33333333333333337
150,0.4,3,B,mixed,0.1,0.0,0.0,0.0
150,0.4,3,B,mixed,0.2,0.3333333333333333,0.0,0.3333333333333333
150,0.4,3,B,mixed,0.3,0.6666666666666666,0.6666666666666666,0.0
150,0.4,3,B,mixed,0.4,0.0,0.0,0.0
150,0.4,3,B,mixed,0.5,0.6666666666666666,0.6666666666666666,0.0
150,0.4,3,B,mixed,0.6,0.6666666666666666,0.6666666666666666,0.0
150,0.4,3,B,mixed,0.7,0.6666666666666666,0.6666666666666666,0.0
150,0.4,3,B,mixed,0.8,0.75,0.5,0.25
150,0.4,3,B,mixed,0.9,0.6666666666666666,0.6666666666666666,0.0
150,0.4,3,B,mixed,1.0,0.75,0.75,0.0
150,0.4,3,B,pure_straight,0.1,0.0,0.0,0.0
150,0.4,3,B,pure_straight,0.2,0.3333333333333333,0.3333333333333333,0.0
150,0.4,3,B,pure_straight,0.3,0.0,0.25,-0.25
150,0.4,3,B,pure_straight,0.4,0.3333333333333333,1.0,-0.6666666666666667
150,0.4,3,B,pure_straight,0.5,0.75,0.75,0.0
150,0.4,3,B,pure_straight,0.6,0.6666666666666666,1.0,-0.33333333333333337
150,0.4,3,B,pure_straight,0.7,1.0,1.0,0.0
150,0.4,3,B,pure_straight,0.8,1.0,1.0,0.0
150,0.4,3,B,pure_straight,0.9,1.0,1.0,0.0
150,0.4,3,B,pure_straight,1.0,1.0,1.0,0.0
150,0.4,3,B,random,0.1,0.0,0.0,0.0
150,0.4,3,B,random,0.2,0.0,0.0,0.0
150,0.4,3,B,random,0.3,0.0,0.3333333333333333,-0.3333333333333333
150,0.4,3,B,random,0.4,0.0,0.0,0.0
150,0.4,3,B,random,0.5,0.3333333333333333,0.0,0.3333333333333333
150,0.4,3,B,random,0.6,0.5,0.5,0.0
150,0.4,3,B,random,0.7,0.75,1.0,-0.25
150,0.4,3,B,random,0.8,1.0,0.75,0.25
150,0.4,3,B,random,0.9,0.5,0.0,0.5
150,0.4,3,B,random,1.0,1.0,0.3333333333333333,0.6666666666666667
150,0.4,4,B,acquiescent,0.1,0.5,0.25,0.25
150,0.4,4,B,acquiescent,0.2,0.0,0.0,0.0
150,0.4,4,B,acquiescent,0.3,0.25,0.5,-0.25
150,0.4,4,B,acquiescent,0.4,0.6666666666666666,1.0,-0.33333333333333337
150,0.4,4,B,acquiescent,0.5,0.6666666666666666,0.6666666666666666,0.0
150,0.4,4,B,acquiescent,0.6,1.0,0.6666666666666666,0.33333333333333337
150,0.4,4,B,acquiescent,0.7,1.0,1.0,0.0
150,0.4,4,B,acquiescent,0.8,1.0,1.0,0.0
150,0.4,4,B,acquiescent,0.9,1.0,1.0,0.0
150,0.4,4,B,acquiescent,1.0,1.0,1.0,0.0
150,0.4,4,B,fatigue,0.1,0.0,0.0,0.0
150,0.4,4,B,fatigue,0.2,0.0,0.0,0.0
150,0.4,4,B,fatigue,0.3,0.25,0.5,-0.25
150,0.4,4,B,fatigue,0.4,0.6666666666666666,0.3333333333333333,0.3333333333333333
150,0.4,4,B,fatigue,0.5,0.75,0.75,0.0
150,0.4,4,B,fatigue,0.6,0.3333333333333333,0.6666666666666666,-0.3333333333333333
150,0.4,4,B,fatigue,0.7,0.0,0.3333333333333333,-0.3333333333333333
150,0.4,4,B,fatigue,0.8,1.0,1.0,0.0
150,0.4,4,B,fatigue,0.9,0.6666666666666666,0.6666666666666666,0.0
150,0.4,4,B,fatigue,1.0,1.0,0.75,0.25
150,0.4,4,B,longstring,0.1,0.0,0.0,0.0
150,0.4,4,B,longstring,0.2,0.0,0.0,0.0
150,0.4,4,B,longstring,0.3,0.5,0.25,0.25
150,0.4,4,B,longstring,0.4,0.3333333333333333,0.6666666666666666,-0.3333333333333333
150,0.4,4,B,longstring,0.5,1.0,0.6666666666666666,0.33333333333333337
150,0.4,4,B,longstring,0.6,0.3333333333333333,0.3333333333333333,0.0
150,0.4,4,B,longstring,0.7,1.0,1.0,0.0
150,0.4,4,B,longstring,0.8,1.0,1.0,0.0
150,0.4,4,B,longstring,0.9,0.75,1.0,-0.25
150,0.4,4,B,longstring,1.0,0.6666666666666666,0.6666666666666666,0.0
150,0.4,4,B,mixed,0.1,0.0,0.0,0.0
150,0.4,4,B,mixed,0.2,0.0,0.25,-0.25
150,0.4,4,B,mixed,0.3,0.5,0.25,0.25
150,0.4,4,B,mixed,0.4,0.3333333333333333,0.0,0.3333333333333333
150,0.4,4,B,mixed,0.5,0.5,0.25,0.25
150,0.4,4,B,mixed,0.6,0.6666666666666666,0.3333333333333333,0.3333333333333333
150,0.4,4,B,mixed,0.7,0.3333333333333333,0.3333333333333333,0.0
150,0.4,4,B,mixed,0.8,1.0,0.6666666666666666,0.33333333333333337
150,0.4,4,B,mixed,0.9,0.6666666666666666,0.3333333333333333,0.3333333333333333
150,0.4,4,B,mixed,1.0,0.6666666666666666,1.0,-0.33333333333333337
150,0.4,4,B,pure_straight,0.1,0.0,0.3333333333333333,-0.3333333333333333
150,0.4,4,B,pure_straight,0.2,0.0,0.3333333333333333,-0.3333333333333333
150,0.4,4,B,pure_straight,0.3,0.6666666666666666,0.6666666666666666,0.0
150,0.4,4,B,pure_straight,0.4,0.6666666666666666,1.0,-0.33333333333333337
150,0.4,4,B,pure_straight,0.5,1.0,1.0,0.0
150,0.4,4,B,pure_straight,0.6,1.0,1.0,0.0
150,0.4,4,B,pure_straight,0.7,1.0,1.0,0.0
150,0.4,4,B,pure_straight,0.8,1.0,1.0,0.0
150,0.4,4,B,pure_straight,0.9,1.0,1.0,0.0
150,0.4,4,B,pure_straight,1.0,1.0,1.0,0.0
150,0.4,4,B,random,0.1,0.25,0.25,0.0
150,0.4,4,B,random,0.2,0.0,0.0,0.0
150,0.4,4,B,random,0.3,0.0,0.25,-0.25
150,0.4,4,B,random,0.4,0.25,0.0,0.25
150,0.4,4,B,random,0.5,0.6666666666666666,0.3333333333333333,0.3333333333333333
150,0.4,4,B,random,0.6,0.6666666666666666,0.3333333333333333,0.3333333333333333
150,0.4,4,B,random,0.7,0.6666666666666666,0.3333333333333333,0.3333333333333333
150,0.4,4,B,random,0.8,0.75,0.25,0.5
150,0.4,4,B,random,0.9,1.0,0.6666666666666666,0.33333333333333337
150,0.4,4,B,random,1.0,0.6666666666666666,0.3333333333333333,0.3333333333333333
150,0.4,5,B,acquiescent,0.1,0.3333333333333333,0.3333333333333333,0.0
150,0.4,5,B,acquiescent,0.2,0.0,0.3333333333333333,-0.3333333333333333
150,0.4,5,B,acquiescent,0.3,0.25,0.25,0.0
150,0.4,5,B,acquiescent,0.4,0.6666666666666666,0.6666666666666666,0.0
150,0.4,5,B,acquiescent,0.5,0.6666666666666666,0.0,0.6666666666666666
150,0.4,5,B,acquiescent,0.6,0.6666666666666666,0.3333333333333333,0.3333333333333333
150,0.4,5,B,acquiescent,0.7,0.5,0.75,-0.25
150,0.4,5,B,acquiescent,0.8,1.0,1.0,0.0
150,0.4,5,B,acquiescent,0.9,1.0,1.0,0.0
150,0.4,5,B,acquiescent,1.0,1.0,1.0,0.0
150,0.4,5,B,fatigue,0.1,0.0,0.0,0.0
150,0.4,5,B,fatigue,0.2,0.0,0.0,0.0
150,0.4,5,B,fatigue,0.3,0.0,0.0,0.0
150,0.4,5,B,fatigue,0.4,0.3333333333333333,0.6666666666666666,-0.3333333333333333
150,0.4,5,B,fatigue,0.5,0.0,0.25,-0.25
150,0.4,5,B,fatigue,0.6,0.3333333333333333,0.6666666666666666,-0.3333333333333333
150,0.4,5,B,fatigue,0.7,0.6666666666666666,0.3333333333333333,0.3333333333333333
150,0.4,5,B,fatigue,0.8,0.6666666666666666,0.3333333333333333,0.3333333333333333
150,0.4,5,B,fatigue,0.9,1.0,1.0,0.0
150,0.4,5,B,fatigue,1.0,1.0,1.0,0.0
150,0.4,5,B,longstring,0.1,0.0,0.25,-0.25
150,0.4,5,B,longstring,0.2,0.0,0.0,0.0
150,0.4,5,B,longstring,0.3,0.3333333333333333,0.6666666666666666,-0.3333333333333333
150,0.4,5,B,longstring,0.4,0.75,0.25,0.5
150,0.4,5,B,longstring,0.5,0.5,0.25,0.25
150,0.4,5,B,longstring,0.6,0.6666666666666666,0.6666666666666666,0.0
150,0.4,5,B,longstring,0.7,0.6666666666666666,1.0,-0.33333333333333337
150,0.4,5,B,longstring,0.8,0.75,0.5,0.25
150,0.4,5,B,longstring,0.9,1.0,0.6666666666666666,0.33333333333333337
150,0.4,5,B,longstring,1.0,1.0,1.0,0.0
150,0.4,5,B,mixed,0.1,0.0,0.0,0.0
150,0.4,5,B,mixed,0.2,0.25,0.25,0.0
150,0.4,5,B,mixed,0.3,0.0,0.0,0.0
150,0.4,5,B,mixed,0.4,0.3333333333333333,0.3333333333333333,0.0
150,0.4,5,B,mixed,0.5,0.3333333333333333,0.3333333333333333,0.0
150,0.4,5,B,mixed,0.6,0.25,0.25,0.0
150,0.4,5,B,mixed,0.7,1.0,0.0,1.0
150,0.4,5,B,mixed,0.8,1.0,1.0,0.0
150,0.4,5,B,mixed,0.9,1.0,1.0,0.0
150,0.4,5,B,mixed,1.0,1.0,0.6666666666666666,0.33333333333333337
150,0.4,5,B,pure_straight,0.1,0.0,0.0,0.0
150,0.4,5,B,pure_straight,0.2,0.25,0.5,-0.25
150,0.4,5,B,pure_straight,0.3,0.3333333333333333,0.6666666666666666,-0.3333333333333333
150,0.4,5,B,pure_straight,0.4,0.6666666666666666,0.6666666666666666,0.0
150,0.4,5,B,pure_straight,0.5,0.75,1.0,-0.25
150,0.4,5,B,pure_straight,0.6,0.6666666666666666,0.6666666666666666,0.0
150,0.4,5,B,pure_straight,0.7,0.6666666666666666,0.6666666666666666,0.0
150,0.4,5,B,pure_straight,0.8,1.0,1.0,0.0
150,0.4,5,B,pure_straight,0.9,1.0,1.0,0.0
150,0.4,5,B,pure_straight,1.0,1.0,1.0,0.0
150,0.4,5,B,random,0.1,0.0,0.0,0.0
150,0.4,5,B,random,0.2,0.0,0.0,0.0
150,0.4,5,B,random,0.3,0.5,1.0,-0.5
150,0.4,5,B,random,0.4,0.6666666666666666,0.0,0.6666666666666666
150,0.4,5,B,random,0.5,1.0,1.0,0.0
150,0.4,5,B,random,0.6,0.6666666666666666,0.6666666666666666,0.0
150,0.4,5,B,random,0.7,1.0,1.0,0.0
150,0.4,5,B,random,0.8,1.0,1.0,0.0
150,0.4,5,B,random,0.9,0.75,0.5,0.25
150,0.4,5,B,random,1.0,0.75,0.75,0.0
150,0.4,6,B,acquiescent,0.1,0.0,0.0,0.0
150,0.4,6,B,acquiescent,0.2,0.25,0.0,0.25
150,0.4,6,B,acquiescent,0.3,0.6666666666666666,1.0,-0.33333333333333337
150,0.4,6,B,acquiescent,0.4,1.0,0.3333333333333333,0.6666666666666667
150,0.4,6,B,acquiescent,0.5,0.75,0.75,0.0
150,0.4,6,B,acquiescent,0.6,1.0,0.6666666666666666,0.33333333333333337
150,0.4,6,B,acquiescent,0.7,1.0,1.0,0.0
150,0.4,6,B,acquiescent,0.8,1.0,1.0,0.0
150,0.4,6,B,acquiescent,0.9,1.0,1.0,0.0
150,0.4,6,B,acquiescent,1.0,1.0,1.0,0.0
150,0.4,6,B,fatigue,0.1,0.0,0.3333333333333333,-0.3333333333333333
150,0.4,6,B,fatigue,0.2,0.0,0.0,0.0
150,0.4,6,B,fatigue,0.3,0.0,0.0,0.0
150,0.4,6,B,fatigue,0.4,0.25,0.5,-0.25
150,0.4,6,B,fatigue,0.5,0.0,0.0,0.0
150,0.4,6,B,fatigue,0.6,0.3333333333333333,0.6666666666666666,-0.3333333333333333
150,0.4,6,B,fatigue,0.7,0.6666666666666666,0.6666666666666666,0.0
150,0.4,6,B,fatigue,0.8,1.0,1.0,0.0
150,0.4,6,B,fatigue,0.9,0.3333333333333333,0.3333333333333333,0.0
150,0.4,6,B,fatigue,1.0,1.0,1.0,0.0
150,0.4,6,B,longstring,0.1,0.0,0.6666666666666666,-0.6666666666666666
150,0.4,6,B,longstring,0.2,0.0,0.0,0.0
150,0.4,6,B,longstring,0.3,0.25,0.5,-0.25
150,0.4,6,B,longstring,0.4,0.3333333333333333,0.0,0.3333333333333333
150,0.4,6,B,longstring,0.5,0.5,0.5,0.0
150,0.4,6,B,longstring,0.6,0.6666666666666666,0.6666666666666666,0.0
150,0.4,6,B,longstring,0.7,0.6666666666666666,1.0,-0.33333333333333337
150,0.4,6,B,longstring,0.8,1.0,0.75,0.25
150,0.4,6,B,longstring,0.9,1.0,0.3333333333333333,0.6666666666666667
150,0.4,6,B,longstring,1.0,1.0,1.0,0.0
150,0.4,6,B,mixed,0.1,0.0,0.0,0.0
150,0.4,6,B,mixed,0.2,0.3333333333333333,0.0,0.3333333333333333
150,0.4,6,B,mixed,0.3,0.25,0.25,0.0
150,0.4,6,B,mixed,0.4,0.25,0.25,0.0
150,0.4,6,B,mixed,0.5,0.6666666666666666,0.3333333333333333,0.3333333333333333
150,0.4,6,B,mixed,0.6,0.6666666666666666,0.0,0.6666666666666666
150,0.4,6,B,mixed,0.7,1.0,0.0,1.0
150,0.4,6,B,mixed,0.8,1.0,0.5,0.5
150,0.4,6,B,mixed,0.9,0.3333333333333333,0.3333333333333333,0.0
150,0.4,6,B,mixed,1.0,1.0,0.6666666666666666,0.33333333333333337
150,0.4,6,B,pure_straight,0.1,0.0,0.0,0.0
150,0.4,6,B,pure_straight,0.2,0.25,0.0,0.25
150,0.4,6,B,pure_straight,0.3,0.0,0.5,-0.5
150,0.4,6,B,pure_straight,0.4,0.0,0.6666666666666666,-0.6666666666666666
150,0.4,6,B,pure_straight,0.5,0.6666666666666666,1.0,-0.33333333333333337
150,0.4,6,B,pure_straight,0.6,1.0,1.0,0.0
150,0.4,6,B,pure_straight,0.7,1.0,1.0,0.0
150,0.4,6,B,pure_straight,0.8,1.0,1.0,0.0
150,0.4,6,B,pure_straight,0.9,1.0,1.0,0.0
150,0.4,6,B,pure_straight,1.0,1.0,1.0,0.0
150,0.4,6,B,random,0.1,0.3333333333333333,0.3333333333333333,0.0
150,0.4,6,B,random,0.2,0.0,0.3333333333333333,-0.3333333333333333
150,0.4,6,B,random,0.3,0.6666666666666666,0.6666666666666666,0.0
150,0.4,6,B,random,0.4,0.0,0.0,0.0
150,0.4,6,B,random,0.5,0.6666666666666666,0.6666666666666666,0.0
150,0.4,6,B,random,0.6,0.5,0.25,0.25
150,0.4,6,B,random,0.7,1.0,0.5,0.5
150,0.4,6,B,random,0.8,0.5,0.25,0.25
150,0.4,6,B,random,0.9,0.6666666666666666,0.3333333333333333,0.3333333333333333
150,0.4,6,B,random,1.0,0.5,1.0,-0.5
150,0.4,7,B,acquiescent,0.1,0.0,0.0,0.0
150,0.4,7,B,acquiescent,0.2,0.3333333333333333,0.3333333333333333,0.0
150,0.4,7,B,acquiescent,0.3,0.0,0.0,0.0
150,0.4,7,B,acquiescent,0.4,0.3333333333333333,0.6666666666666666,-0.3333333333333333
150,0.4,7,B,acquiescent,0.5,0.5,0.0,0.5
150,0.4,7,B,acquiescent,0.6,0.6666666666666666,0.6666666666666666,0.0
150,0.4,7,B,acquiescent,0.7,0.5,0.5,0.0
150,0.4,7,B,acquiescent,0.8,1.0,1.0,0.0
150,0.4,7,B,acquiescent,0.9,1.0,1.0,0.0
150,0.4,7,B,acquiescent,1.0,1.0,1.0,0.0
150,0.4,7,B,fatigue,0.1,0.0,0.0,0.0
150,0.4,7,B,fatigue,0.2,0.0,0.0,0.0
150,0.4,7,B,fatigue,0.3,0.3333333333333333,0.3333333333333333,0.0
150,0.4,7,B,fatigue,0.4,0.25,0.5,-0.25
150,0.4,7,B,fatigue,0.5,0.0,0.3333333333333333,-0.3333333333333333
150,0.4,7,B,fatigue,0.6,0.6666666666666666,0.6666666666666666,0.0
150,0.4,7,B,fatigue,0.7,0.6666666666666666,0.6666666666666666,0.0
150,0.4,7,B,fatigue,0.8,1.0,1.0,0.0
150,0.4,7,B,fatigue,0.9,1.0,1.0,0.0
150,0.4,7,B,fatigue,1.0,1.0,1.0,0.0
150,0.4,7,B,longstring,0.1,0.0,0.3333333333333333,-0.3333333333333333
150,0.4,7,B,longstring,0.2,0.0,0.0,0.0
150,0.4,7,B,longstring,0.3,0.0,0.0,0.0
150,0.4,7,B,longstring,0.4,0.5,0.5,0.0
150,0.4,7,B,longstring,0.5,1.0,0.75,0.25
150,0.4,7,B,longstring,0.6,0.0,0.25,-0.25
150,0.4,7,B,longstring,0.7,0.3333333333333333,0.6666666666666666,-0.3333333333333333
150,0.4,7,B,longstring,0.8,0.75,0.25,0.5
150,0.4,7,B,longstring,0.9,1.0,1.0,0.0
150,0.4,7,B,longstring,1.0,1.0,1.0,0.0
150,0.4,7,B,mixed,0.1,0.0,0.0,0.0
150,0.4,7,B,mixed,0.2,0.25,0.25,0.0
150,0.4,7,B,mixed,0.3,0.0,0.0,0.0
150,0.4,7,B,mixed,0.4,0.75,0.5,0.25
150,0.4,7,B,mixed,0.5,1.0,0.3333333333333333,0.6666666666666667
150,0.4,7,B,mixed,0.6,0.3333333333333333,0.6666666666666666,-0.3333333333333333
150,0.4,7,B,mixed,0.7,0.3333333333333333,0.6666666666666666,-0.3333333333333333
150,0.4,7,B,mixed,0.8,0.75,1.0,-0.25
150,0.4,7,B,mixed,0.9,0.6666666666666666,0.3333333333333333,0.3333333333333333
150,0.4,7,B,mixed,1.0,1.0,0.6666666666666666,0.33333333333333337
150,0.4,7,B,pure_straight,0.1,0.0,0.25,-0.25
150,0.4,7,B,pure_straight,0.2,1.0,0.3333333333333333,0.6666666666666667
150,0.4,7,B,pure_straight,0.3,0.3333333333333333,1.0,-0.6666666666666667
150,0.4,7,B,pure_straight,0.4,0.6666666666666666,0.3333333333333333,0.3333333333333333
150,0.4,7,B,pure_straight,0.5,0.6666666666666666,0.6666666666666666,0.0
150,0.4,7,B,pure_straight,0.6,1.0,1.0,0.0
150,0.4,7,B,pure_straight,0.7,1.0,1.0,0.0
150,0.4,7,B,pure_straight,0.8,1.0,1.0,0.0
150,0.4,7,B,pure_straight,0.9,1.0,1.0,0.0
150,0.4,7,B,pure_straight,1.0,1.0,1.0,0.0
150,0.4,7,B,random,0.1,0.0,0.3333333333333333,-0.3333333333333333
150,0.4,7,B,random,0.2,0.25,0.25,0.0
150,0.4,7,B,random,0.3,0.6666666666666666,0.3333333333333333,0.3333333333333333
150,0.4,7,B,random,0.4,0.6666666666666666,1.0,-0.33333333333333337
150,0.4,7,B,random,0.5,0.75,0.25,0.5
150,0.4,7,B,random,0.6,0.3333333333333333,0.0,0.3333333333333333
150,0.4,7,B,random,0.7,0.75,1.0,-0.25
150,0.4,7,B,random,0.8,1.0,0.75,0.25
150,0.4,7,B,random,0.9,0.6666666666666666,0.0,0.6666666666666666
150,0.4,7,B,random,1.0,1.0,0.6666666666666666,0.33333333333333337
150,0.4,8,B,acquiescent,0.1,0.3333333333333333,0.6666666666666666,-0.3333333333333333
150,0.4,8,B,acquiescent,0.2,0.0,0.0,0.0
150,0.4,8,B,acquiescent,0.3,0.25,0.25,0.0
150,0.4,8,B,acquiescent,0.4,0.0,0.0,0.0
150,0.4,8,B,acquiescent,0.5,1.0,0.5,0.5
150,0.4,8,B,acquiescent,0.6,1.0,1.0,0.0
150,0.4,8,B,acquiescent,0.7,0.6666666666666666,1.0,-0.33333333333333337
150,0.4,8,B,acquiescent,0.8,1.0,1.0,0.0
150,0.4,8,B,acquiescent,0.9,1.0,1.0,0.0
150,0.4,8,B,acquiescent,1.0,1.0,1.0,0.0
150,0.4,8,B,fatigue,0.1,0.0,0.0,0.0
150,0.4,8,B,fatigue,0.2,0.0,0.0,0.0
150,0.4,8,B,fatigue,0.3,0.0,0.0,0.0
150,0.4,8,B,fatigue,0.4,0.0,0.25,-0.25
150,0.4,8,B,fatigue,0.5,0.0,0.3333333333333333,-0.3333333333333333
150,0.4,8,B,fatigue,0.6,0.6666666666666666,1.0,-0.33333333333333337
150,0.4,8,B,fatigue,0.7,0.75,0.75,0.0
150,0.4,8,B,fatigue,0.8,1.0,1.0,0.0
150,0.4,8,B,fatigue,0.9,1.0,0.75,0.25
150,0.4,8,B,fatigue,1.0,1.0,0.6666666666666666,0.33333333333333337
150,0.4,8,B,longstring,0.1,0.0,0.0,0.0
150,0.4,8,B,longstring,0.2,0.3333333333333333,0.0,0.3333333333333333
150,0.4,8,B,longstring,0.3,0.0,0.0,0.0
150,0.4,8,B,longstring,0.4,0.3333333333333333,0.3333333333333333,0.0
150,0.4,8,B,longstring,0.5,0.3333333333333333,1.0,-0.6666666666666667
150,0.4,8,B,longstring,0.6,0.75,0.5,0.25
150,0.4,8,B,longstring,0.7,1.0,0.6666666666666666,0.33333333333333337
150,0.4,8,B,longstring,0.8,1.0,1.0,0.0
150,0.4,8,B,longstring,0.9,1.0,1.0,0.0
150,0.4,8,B,longstring,1.0,1.0,0.75,0.25
150,0.4,8,B,mixed,0.1,0.25,0.25,0.0
150,0.4,8,B,mixed,0.2,0.0,0.0,0.0
150,0.4,8,B,mixed,0.3,0.3333333333333333,0.3333333333333333,0.0
150,0.4,8,B,mixed,0.4,0.6666666666666666,0.3333333333333333,0.3333333333333333
150,0.4,8,B,mixed,0.5,0.75,0.25,0.5
150,0.4,8,B,mixed,0.6,1.0,0.6666666666666666,0.33333333333333337
150,0.4,8,B,mixed,0.7,1.0,1.0,0.0
150,0.4,8,B,mixed,0.8,0.6666666666666666,0.6666666666666666,0.0
150,0.4,8,B,mixed,0.9,1.0,0.6666666666666666,0.33333333333333337
150,0.4,8,B,mixed,1.0,0.75,0.25,0.5
150,0.4,8,B,pure_straight,0.1,0.0,0.0,0.0
150,0.4,8,B,pure_straight,0.2,0.0,0.3333333333333333,-0.3333333333333333
150,0.4,8,B,pure_straight,0.3,0.6666666666666666,0.0,0.6666666666666666
150,0.4,8,B,pure_straight,0.4,0.6666666666666666,1.0,-0.33333333333333337
150,0.4,8,B,pure_straight,0.5,0.6666666666666666,0.3333333333333333,0.3333333333333333
150,0.4,8,B,pure_straight,0.6,0.6666666666666666,0.6666666666666666,0.0
150,0.4,8,B,pure_straight,0.7,0.75,0.75,0.0
150,0.4,8,B,pure_straight,0.8,1.0,1.0,0.0
150,0.4,8,B,pure_straight,0.9,1.0,1.0,0.0
150,0.4,8,B,pure_straight,1.0,1.0,1.0,0.0
150,0.4,8,B,random,0.1,0.0,0.0,0.0
150,0.4,8,B,random,0.2,0.0,0.0,0.0
150,0.4,8,B,random,0.3,0.3333333333333333,0.3333333333333333,0.0
150,0.4,8,B,random,0.4,0.0,0.3333333333333333,-0.3333333333333333
150,0.4,8,B,random,0.5,0.5,0.5,0.0
150,0.4,8,B,random,0.6,0.25,0.0,0.25
150,0.4,8,B,random,0.7,0.5,0.5,0.0
150,0.4,8,B,random,0.8,0.5,0.5,0.0
150,0.4,8,B,random,0.9,0.6666666666666666,0.3333333333333333,0.3333333333333333
150,0.4,8,B,random,1.0,1.0,0.6666666666666666,0.33333333333333337
150,0.4,9,B,acquiescent,0.1,0.0,0.0,0.0
150,0.4,9,B,acquiescent,0.2,0.0,0.0,0.0
150,0.4,9,B,acquiescent,0.3,0.0,0.3333333333333333,-0.3333333333333333
150,0.4,9,B,acquiescent,0.4,0.3333333333333333,1.0,-0.6666666666666667
150,0.4,9,B,acquiescent,0.5,0.6666666666666666,1.0,-0.33333333333333337
150,0.4,9,B,acquiescent,0.6,0.75,1.0,-0.25
150,0.4,9,B,acquiescent,0.7,1.0,1.0,0.0
150,0.4,9,B,acquiescent,0.8,1.0,1.0,0.0
150,0.4,9,B,acquiescent,0.9,1.0,1.0,0.0
150,0.4,9,B,acquiescent,1.0,1.0,1.0,0.0
150,0.4,9,B,fatigue,0.1,0.0,0.0,0.0
150,0.4,9,B,fatigue,0.2,0.3333333333333333,0.0,0.3333333333333333
150,0.4,9,B,fatigue,0.3,0.6666666666666666,1.0,-0.33333333333333337
150,0.4,9,B,fatigue,0.4,0.3333333333333333,0.3333333333333333,0.0
150,0.4,9,B,fatigue,0.5,0.0,0.3333333333333333,-0.3333333333333333
150,0.4,9,B,fatigue,0.6,0.0,0.25,-0.25
150,0.4,9,B,fatigue,0.7,0.3333333333333333,0.3333333333333333,0.0
150,0.4,9,B,fatigue,0.8,1.0,1.0,0.0
150,0.4,9,B,fatigue,0.9,0.3333333333333333,0.3333333333333333,0.0
150,0.4,9,B,fatigue,1.0,1.0,0.75,0.25
150,0.4,9,B,longstring,0.1,0.0,0.0,0.0
150,0.4,9,B,longstring,0.2,0.0,0.0,0.0
150,0.4,9,B,longstring,0.3,0.3333333333333333,0.3333333333333333,0.0
150,0.4,9,B,longstring,0.4,0.3333333333333333,0.3333333333333333,0.0
150,0.4,9,B,longstring,0.5,0.6666666666666666,1.0,-0.33333333333333337
150,0.4,9,B,longstring,0.6,0.3333333333333333,0.3333333333333333,0.0
150,0.4,9,B,longstring,0.7,1.0,1.0,0.0
150,0.4,9,B,longstring,0.8,1.0,1.0,0.0
150,0.4,9,B,longstring,0.9,1.0,1.0,0.0
150,0.4,9,B,longstring,1.0,0.6666666666666666,0.6666666666666666,0.0
150,0.4,9,B,mixed,0.1,0.0,0.0,0.0
150,0.4,9,B,mixed,0.2,0.0,0.0,0.0
150,0.4,9,B,mixed,0.3,0.75,0.5,0.25
150,0.4,9,B,mixed,0.4,0.6666666666666666,0.0,0.6666666666666666
150,0.4,9,B,mixed,0.5,1.0,0.6666666666666666,0.33333333333333337
150,0.4,9,B,mixed,0.6,0.6666666666666666,0.6666666666666666,0.0
150,0.4,9,B,mixed,0.7,0.3333333333333333,0.3333333333333333,0.0
150,0.4,9,B,mixed,0.8,0.6666666666666666,0.0,0.6666666666666666
150,0.4,9,B,mixed,0.9,0.5,0.75,-0.25
150,0.4,9,B,mixed,1.0,0.3333333333333333,0.3333333333333333,0.0
150,0.4,9,B,pure_straight,0.1,0.25,0.25,0.0
150,0.4,9,B,pure_straight,0.2,0.0,0.0,0.0
150,0.4,9,B,pure_straight,0.3,0.5,0.5,0.0
150,0.4,9,B,pure_straight,0.4,1.0,0.6666666666666666,0.33333333333333337
150,0.4,9,B,pure_straight,0.5,1.0,0.6666666666666666,0.33333333333333337
150,0.4,9,B,pure_straight,0.6,0.75,1.0,-0.25
150,0.4,9,B,pure_straight,0.7,1.0,1.0,0.0
150,0.4,9,B,pure_straight,0.8,1.0,1.0,0.0
150,0.4,9,B,pure_straight,0.9,1.0,1.0,0.0
150,0.4,9,B,pure_straight,1.0,1.0,1.0,0.0
150,0.4,9,B,random,0.1,0.25,0.25,0.0
150,0.4,9,B,random,0.2,0.3333333333333333,0.3333333333333333,0.0
150,0.4,9,B,random,0.3,0.6666666666666666,0.3333333333333333,0.3333333333333333
150,0.4,9,B,random,0.4,0.25,0.25,0.0
150,0.4,9,B,random,0.5,0.6666666666666666,0.0,0.6666666666666666
150,0.4,9,B,random,0.6,0.25,0.5,-0.25
150,0.4,9,B,random,0.7,0.3333333333333333,0.3333333333333333,0.0
150,0.4,9,B,random,0.8,0.6666666666666666,0.0,0.6666666666666666
150,0.4,9,B,random,0.9,0.6666666666666666,0.0,0.6666666666666666
150,0.4,9,B,random,1.0,1.0,0.25,0.75
150,0.4,10,B,acquiescent,0.1,0.0,0.25,-0.25
150,0.4,10,B,acquiescent,0.2,0.3333333333333333,0.3333333333333333,0.0
150,0.4,10,B,acquiescent,0.3,0.3333333333333333,0.3333333333333333,0.0
150,0.4,10,B,acquiescent,0.4,0.6666666666666666,0.6666666666666666,0.0
150,0.4,10,B,acquiescent,0.5,0.3333333333333333,0.3333333333333333,0.0
150,0.4,10,B,acquiescent,0.6,0.75,0.75,0.0
150,0.4,10,B,acquiescent,0.7,0.75,0.75,0.0
150,0.4,10,B,acquiescent,0.8,1.0,1.0,0.0
150,0.4,10,B,acquiescent,0.9,1.0,1.0,0.0
150,0.4,10,B,acquiescent,1.0,1.0,1.0,0.0
150,0.4,10,B,fatigue,0.1,0.0,0.0,0.0
150,0.4,10,B,fatigue,0.2,0.3333333333333333,0.6666666666666666,-0.3333333333333333
150,0.4,10,B,fatigue,0.3,0.0,0.6666666666666666,-0.6666666666666666
150,0.4,10,B,fatigue,0.4,0.25,0.75,-0.5
150,0.4,10,B,fatigue,0.5,0.3333333333333333,0.0,0.3333333333333333
150,0.4,10,B,fatigue,0.6,0.3333333333333333,0.6666666666666666,-0.3333333333333333
150,0.4,10,B,fatigue,0.7,0.3333333333333333,0.0,0.3333333333333333
150,0.4,10,B,fatigue,0.8,0.6666666666666666,1.0,-0.33333333333333337
150,0.4,10,B,fatigue,0.9,1.0,1.0,0.0
150,0.4,10,B,fatigue,1.0,0.75,0.75,0.0
150,0.4,10,B,longstring,0.1,0.0,0.0,0.0
150,0.4,10,B,longstring,0.2,0.3333333333333333,0.6666666666666666,-0.3333333333333333
150,0.4,10,B,longstring,0.3,0.0,0.3333333333333333,-0.3333333333333333
150,0.4,10,B,longstring,0.4,1.0,0.3333333333333333,0.6666666666666667
150,0.4,10,B,longstring,0.5,0.3333333333333333,0.3333333333333333,0.0
150,0.4,10,B,longstring,0.6,0.5,0.75,-0.25
150,0.4,10,B,longstring,0.7,1.0,0.5,0.5
150,0.4,10,B,longstring,0.8,1.0,1.0,0.0
150,0.4,10,B,longstring,0.9,0.6666666666666666,0.3333333333333333,0.3333333333333333
150,0.4,10,B,longstring,1.0,1.0,1.0,0.0
150,0.4,10,B,mixed,0.1,0.3333333333333333,0.3333333333333333,0.0
150,0.4,10,B,mixed,0.2,0.0,0.0,0.0
150,0.4,10,B,mixed,0.3,0.3333333333333333,0.3333333333333333,0.0
150,0.4,10,B,mixed,0.4,0.25,0.25,0.0
150,0.4,10,B,mixed,0.5,0.3333333333333333,0.0,0.3333333333333333
150,0.4,10,B,mixed,0.6,0.25,0.25,0.0
150,0.4,10,B,mixed,0.7,0.0,0.3333333333333333,-0.3333333333333333
150,0.4,10,B,mixed,0.8,0.5,0.5,0.0
150,0.4,10,B,mixed,0.9,0.3333333333333333,1.0,-0.6666666666666667
150,0.4,10,B,mixed,1.0,1.0,0.6666666666666666,0.33333333333333337
150,0.4,10,B,pure_straight,0.1,0.3333333333333333,0.3333333333333333,0.0
150,0.4,10,B,pure_straight,0.2,0.5,0.5,0.0
150,0.4,10,B,pure_straight,0.3,0.5,0.75,-0.25
150,0.4,10,B,pure_straight,0.4,0.3333333333333333,0.6666666666666666,-0.3333333333333333
150,0.4,10,B,pure_straight,0.5,0.3333333333333333,0.3333333333333333,0.0
150,0.4,10,B,pure_straight,0.6,1.0,1.0,0.0
150,0.4,10,B,pure_straight,0.7,1.0,1.0,0.0
150,0.4,10,B,pure_straight,0.8,1.0,1.0,0.0
150,0.4,10,B,pure_straight,0.9,1.0,1.0,0.0
150,0.4,10,B,pure_straight,1.0,1.0,1.0,0.0
150,0.4,10,B,random,0.1,0.0,0.0,0.0
150,0.4,10,B,random,0.2,0.0,0.25,-0.25
150,0.4,10,B,random,0.3,0.5,0.25,0.25
150,0.4,10,B,random,0.4,0.6666666666666666,0.0,0.6666666666666666
150,0.4,10,B,random,0.5,0.3333333333333333,0.0,0.3333333333333333
150,0.4,10,B,random,0.6,1.0,0.5,0.5
150,0.4,10,B,random,0.7,0.6666666666666666,0.0,0.6666666666666666
150,0.4,10,B,random,0.8,0.3333333333333333,0.0,0.3333333333333333
150,0.4,10,B,random,0.9,0.6666666666666666,0.6666666666666666,0.0
150,0.4,10,B,random,1.0,0.75,0.5,0.25
150,0.4,11,B,acquiescent,0.1,0.25,0.0,0.25
150,0.4,11,B,acquiescent,0.2,0.3333333333333333,0.6666666666666666,-0.3333333333333333
150,0.4,11,B,acquiescent,0.3,0.6666666666666666,1.0,-0.33333333333333337
150,0.4,11,B,acquiescent,0.4,0.3333333333333333,0.6666666666666666,-0.3333333333333333
150,0.4,11,B,acquiescent,0.5,0.75,0.75,0.0
150,0.4,11,B,acquiescent,0.6,0.0,0.6666666666666666,-0.6666666666666666
150,0.4,11,B,acquiescent,0.7,1.0,1.0,0.0
150,0.4,11,B,acquiescent,0.8,1.0,1.0,0.0
150,0.4,11,B,acquiescent,0.9,1.0,1.0,0.0
150,0.4,11,B,acquiescent,1.0,1.0,1.0,0.0
150,0.4,11,B,fatigue,0.1,0.0,0.0,0.0
150,0.4,11,B,fatigue,0.2,0.0,0.0,0.0
150,0.4,11,B,fatigue,0.3,0.25,0.75,-0.5
150,0.4,11,B,fatigue,0.4,0.3333333333333333,0.6666666666666666,-0.3333333333333333
150,0.4,11,B,fatigue,0.5,0.6666666666666666,0.0,0.6666666666666666
150,0.4,11,B,fatigue,0.6,0.25,0.25,0.0
150,0.4,11,B,fatigue,0.7,0.6666666666666666,0.3333333333333333,0.3333333333333333
150,0.4,11,B,fatigue,0.8,0.6666666666666666,0.6666666666666666,0.0
150,0.4,11,B,fatigue,0.9,1.0,1.0,0.0
150,0.4,11,B,fatigue,1.0,1.0,0.3333333333333333,0.6666666666666667
150,0.4,11,B,longstring,0.1,0.0,0.25,-0.25
150,0.4,11,B,longstring,0.2,0.0,0.0,0.0
150,0.4,11,B,longstring,0.3,0.3333333333333333,0.0,0.3333333333333333
150,0.4,11,B,longstring,0.4,0.6666666666666666,1.0,-0.33333333333333337
150,0.4,11,B,longstring,0.5,1.0,1.0,0.0
150,0.4,11,B,longstring,0.6,0.75,0.75,0.0
150,0.4,11,B,longstring,0.7,1.0,0.75,0.25
150,0.4,11,B,longstring,0.8,1.0,0.6666666666666666,0.33333333333333337
150,0.4,11,B,longstring,0.9,1.0,1.0,0.0
150,0.4,11,B,longstring,1.0,1.0,1.0,0.0
150,0.4,11,B,mixed,0.1,0.3333333333333333,0.0,0.3333333333333333
150,0.4,11,B,mixed,0.2,0.0,0.3333333333333333,-0.3333333333333333
150,0.4,11,B,mixed,0.3,0.3333333333333333,0.0,0.3333333333333333
150,0.4,11,B,mixed,0.4,0.3333333333333333,0.3333333333333333,0.0
150,0.4,11,B,mixed,0.5,1.0,0.25,0.75
150,0.4,11,B,mixed,0.6,0.3333333333333333,0.3333333333333333,0.0
150,0.4,11,B,mixed,0.7,0.75,0.25,0.5
150,0.4,11,B,mixed,0.8,0.6666666666666666,1.0,-0.33333333333333337
150,0.4,11,B,mixed,0.9,0.6666666666666666,0.3333333333333333,0.3333333333333333
150,0.4,11,B,mixed,1.0,1.0,0.75,0.25
150,0.4,11,B,pure_straight,0.1,0.0,0.25,-0.25
150,0.4,11,B,pure_straight,0.2,0.0,0.3333333333333333,-0.3333333333333333
150,0.4,11,B,pure_straight,0.3,0.25,0.5,-0.25
150,0.4,11,B,pure_straight,0.4,0.6666666666666666,1.0,-0.33333333333333337
150,0.4,11,B,pure_straight,0.5,1.0,1.0,0.0
150,0.4,11,B,pure_straight,0.6,1.0,1.0,0.0
150,0.4,11,B,pure_straight,0.7,1.0,1.0,0.0
150,0.4,11,B,pure_straight,0.8,1.0,1.0,0.0
150,0.4,11,B,pure_straight,0.9,1.0,1.0,0.0
150,0.4,11,B,pure_straight,1.0,1.0,1.0,0.0
150,0.4,11,B,random,0.1,0.0,0.0,0.0
150,0.4,11,B,random,0.2,0.3333333333333333,0.3333333333333333,0.0
150,0.4,11,B,random,0.3,0.25,0.25,0.0
150,0.4,11,B,random,0.4,0.6666666666666666,0.3333333333333333,0.3333333333333333
150,0.4,11,B,random,0.5,0.0,0.3333333333333333,-0.3333333333333333
150,0.4,11,B,random,0.6,0.25,0.5,-0.25
150,0.4,11,B,random,0.7,0.25,0.5,-0.25
150,0.4,11,B,random,0.8,1.0,0.3333333333333333,0.6666666666666667
150,0.4,11,B,random,0.9,1.0,0.5,0.5
150,0.4,11,B,random,1.0,1.0,0.3333333333333333,0.6666666666666667
150,0.4,12,B,acquiescent,0.1,0.0,0.0,0.0
150,0.4,12,B,acquiescent,0.2,0.0,0.5,-0.5
150,0.4,12,B,acquiescent,0.3,0.0,0.25,-0.25
150,0.4,12,B,acquiescent,0.4,0.3333333333333333,0.3333333333333333,0.0
150,0.4,12,B,acquiescent,0.5,0.3333333333333333,0.0,0.3333333333333333
150,0.4,12,B,acquiescent,0.6,0.6666666666666666,0.3333333333333333,0.3333333333333333
150,0.4,12,B,acquiescent,0.7,1.0,1.0,0.0
150,0.4,12,B,acquiescent,0.8,1.0,1.0,0.0
150,0.4,12,B,acquiescent,0.9,1.0,1.0,0.0
150,0.4,12,B,acquiescent,1.0,1.0,1.0,0.0
150,0.4,12,B,fatigue,0.1,0.0,0.0,0.0
150,0.4,12,B,fatigue,0.2,0.0,0.0,0.0
150,0.4,12,B,fatigue,0.3,0.0,0.0,0.0
150,0.4,12,B,fatigue,0.4,0.0,0.0,0.0
150,0.4,12,B,fatigue,0.5,0.5,0.5,0.0
150,0.4,12,B,fatigue,0.6,0.6666666666666666,0.6666666666666666,0.0
150,0.4,12,B,fatigue,0.7,0.6666666666666666,0.6666666666666666,0.0
150,0.4,12,B,fatigue,0.8,1.0,0.6666666666666666,0.33333333333333337
150,0.4,12,B,fatigue,0.9,1.0,0.6666666666666666,0.33333333333333337
150,0.4,12,B,fatigue,1.0,1.0,1.0,0.0
150,0.4,12,B,longstring,0.1,0.25,0.0,0.25
150,0.4,12,B,longstring,0.2,0.0,0.3333333333333333,-0.3333333333333333
150,0.4,12,B,longstring,0.3,0.75,0.5,0.25
150,0.4,12,B,longstring,0.4,0.6666666666666666,0.6666666666666666,0.0
150,0.4,12,B,longstring,0.5,0.0,0.6666666666666666,-0.6666666666666666
150,0.4,12,B,longstring,0.6,1.0,0.6666666666666666,0.33333333333333337
150,0.4,12,B,longstring,0.7,0.5,0.5,0.0
150,0.4,12,B,longstring,0.8,0.6666666666666666,1.0,-0.33333333333333337
150,0.4,12,B,longstring,0.9,1.0,0.6666666666666666,0.33333333333333337
150,0.4,12,B,longstring,1.0,1.0,1.0,0.0
150,0.4,12,B,mixed,0.1,0.0,0.0,0.0
150,0.4,12,B,mixed,0.2,0.3333333333333333,0.3333333333333333,0.0
150,0.4,12,B,mixed,0.3,0.3333333333333333,0.0,0.3333333333333333
150,0.4,12,B,mixed,0.4,0.3333333333333333,0.3333333333333333,0.0
150,0.4,12,B,mixed,0.5,0.25,0.5,-0.25
150,0.4,12,B,mixed,0.6,0.6666666666666666,1.0,-0.33333333333333337
150,0.4,12,B,mixed,0.7,0.3333333333333333,0.3333333333333333,0.0
150,0.4,12,B,mixed,0.8,0.6666666666666666,0.3333333333333333,0.3333333333333333
150,0.4,12,B,mixed,0.9,0.5,0.5,0.0
150,0.4,12,B,mixed,1.0,0.75,0.75,0.0
150,0.4,12,B,pure_straight,0.1,0.0,0.0,0.0
150,0.4,12,B,pure_straight,0.2,0.6666666666666666,0.6666666666666666,0.0
150,0.4,12,B,pure_straight,0.3,0.5,0.5,0.0
150,0.4,12,B,pure_straight,0.4,0.75,0.75,0.0
150,0.4,12,B,pure_straight,0.5,0.6666666666666666,0.6666666666666666,0.0
150,0.4,12,B,pure_straight,0.6,1.0,1.0,0.0
150,0.4,12,B,pure_straight,0.7,1.0,1.0,0.0
150,0.4,12,B,pure_straight,0.8,1.0,1.0,0.0
150,0.4,12,B,pure_straight,0.9,1.0,1.0,0.0
150,0.4,12,B,pure_straight,1.0,1.0,1.0,0.0
150,0.4,12,B,random,0.1,0.0,0.0,0.0
150,0.4,12,B,random,0.2,0.0,0.0,0.0
150,0.4,12,B,random,0.3,0.0,0.0,0.0
150,0.4,12,B,random,0.4,1.0,0.5,0.5
150,0.4,12,B,random,0.5,1.0,0.6666666666666666,0.33333333333333337
150,0.4,12,B,random,0.6,0.3333333333333333,0.0,0.3333333333333333
150,0.4,12,B,random,0.7,0.75,0.5,0.25
150,0.4,12,B,random,0.8,0.75,0.5,0.25
150,0.4,12,B,random,0.9,0.75,0.5,0.25
150,0.4,12,B,random,1.0,0.6666666666666666,0.0,0.6666666666666666
150,0.6,1,B,acquiescent,0.1,0.2,0.2,0.0
150,0.6,1,B,acquiescent,0.2,0.2,0.2,0.0
150,0.6,1,B,acquiescent,0.3,0.6,0.4,0.19999999999999996
150,0.6,1,B,acquiescent,0.4,0.0,0.2,-0.2
150,0.6,1,B,acquiescent,0.5,1.0,0.8,0.19999999999999996
150,0.6,1,B,acquiescent,0.6,0.8,1.0,-0.19999999999999996
150,0.6,1,B,acquiescent,0.7,1.0,1.0,0.0
150,0.6,1,B,acquiescent,0.8,1.0,1.0,0.0
150,0.6,1,B,acquiescent,0.9,1.0,1.0,0.0
150,0.6,1,B,acquiescent,1.0,1.0,1.0,0.0
150,0.6,1,B,fatigue,0.1,0.0,0.0,0.0
150,0.6,1,B,fatigue,0.2,0.0,0.0,0.0
150,0.6,1,B,fatigue,0.3,0.0,0.2,-0.2
150,0.6,1,B,fatigue,0.4,0.4,0.4,0.0
150,0.6,1,B,fatigue,0.5,0.0,0.2,-0.2
150,0.6,1,B,fatigue,0.6,0.4,0.8,-0.4
150,0.6,1,B,fatigue,0.7,0.6,0.4,0.19999999999999996
150,0.6,1,B,fatigue,0.8,1.0,1.0,0.0
150,0.6,1,B,fatigue,0.9,1.0,1.0,0.0
150,0.6,1,B,fatigue,1.0,1.0,0.8,0.19999999999999996
150,0.6,1,B,longstring,0.1,0.0,0.0,0.0
150,0.6,1,B,longstring,0.2,0.4,0.4,0.0
150,0.6,1,B,longstring,0.3,0.2,0.4,-0.2
150,0.6,1,B,longstring,0.4,0.4,0.4,0.0
150,0.6,1,B,longstring,0.5,0.4,0.8,-0.4
150,0.6,1,B,longstring,0.6,0.8,0.6,0.20000000000000007
150,0.6,1,B,longstring,0.7,1.0,0.6,0.4
150,0.6,1,B,longstring,0.8,1.0,0.8,0.19999999999999996
150,0.6,1,B,longstring,0.9,0.8,0.6,0.20000000000000007
150,0.6,1,B,longstring,1.0,1.0,1.0,0.0
150,0.6,1,B,mixed,0.1,0.0,0.0,0.0
150,0.6,1,B,mixed,0.2,0.0,0.2,-0.2
150,0.6,1,B,mixed,0.3,0.0,0.2,-0.2
150,0.6,1,B,mixed,0.4,0.6,0.2,0.39999999999999997
150,0.6,1,B,mixed,0.5,0.8,0.6,0.20000000000000007
150,0.6,1,B,mixed,0.6,0.8,0.6,0.20000000000000007
150,0.6,1,B,mixed,0.7,0.8,0.6,0.20000000000000007
150,0.6,1,B,mixed,0.8,1.0,1.0,0.0
150,0.6,1,B,mixed,0.9,0.8,0.6,0.20000000000000007
150,0.6,1,B,mixed,1.0,0.6,0.4,0.19999999999999996
150,0.6,1,B,pure_straight,0.1,0.2,0.2,0.0
150,0.6,1,B,pure_straight,0.2,0.0,0.0,0.0
150,0.6,1,B,pure_straight,0.3,0.4,0.8,-0.4
150,0.6,1,B,pure_straight,0.4,0.8,0.6,0.20000000000000007
150,0.6,1,B,pure_straight,0.5,1.0,0.8,0.19999999999999996
150,0.6,1,B,pure_straight,0.6,0.8,0.8,0.0
150,0.6,1,B,pure_straight,0.7,1.0,1.0,0.0
150,0.6,1,B,pure_straight,0.8,1.0,1.0,0.0
150,0.6,1,B,pure_straight,0.9,1.0,1.0,0.0
150,0.6,1,B,pure_straight,1.0,1.0,1.0,0.0
150,0.6,1,B,random,0.1,0.0,0.2,-0.2
150,0.6,1,B,random,0.2,0.2,0.2,0.0
150,0.6,1,B,random,0.3,0.2,0.2,0.0
150,0.6,1,B,random,0.4,0.0,0.2,-0.2
150,0.6,1,B,random,0.5,0.6,0.4,0.19999999999999996
150,0.6,1,B,random,0.6,0.8,0.4,0.4
150,0.6,1,B,random,0.7,0.6,0.6,0.0
150,0.6,1,B,random,0.8,0.6,0.2,0.39999999999999997
150,0.6,1,B,random,0.9,1.0,0.8,0.19999999999999996
150,0.6,1,B,random,1.0,1.0,1.0,0.0
150,0.6,2,B,acquiescent,0.1,0.2,0.2,0.0
150,0.6,2,B,acquiescent,0.2,0.4,0.6,-0.19999999999999996
150,0.6,2,B,acquiescent,0.3,0.2,0.2,0.0
150,0.6,2,B,acquiescent,0.4,0.2,0.2,0.0
150,0.6,2,B,acquiescent,0.5,0.6,0.6,0.0
150,0.6,2,B,acquiescent,0.6,1.0,1.0,0.0
150,0.6,2,B,acquiescent,0.7,1.0,0.8,0.19999999999999996
150,0.6,2,B,acquiescent,0.8,1.0,1.0,0.0
150,0.6,2,B,acquiescent,0.9,1.0,1.0,0.0
150,0.6,2,B,acquiescent,1.0,1.0,1.0,0.0
150,0.6,2,B,fatigue,0.1,0.2,0.0,0.2
150,0.6,2,B,fatigue,0.2,0.2,0.0,0.2
150,0.6,2,B,fatigue,0.3,0.4,0.6,-0.19999999999999996
150,0.6,2,B,fatigue,0.4,0.4,0.4,0.0
150,0.6,2,B,fatigue,0.5,0.6,0.8,-0.20000000000000007
150,0.6,2,B,fatigue,0.6,0.6,0.6,0.0
150,0.6,2,B,fatigue,0.7,1.0,0.8,0.19999999999999996
150,0.6,2,B,fatigue,0.8,0.8,0.8,0.0
150,0.6,2,B,fatigue,0.9,0.8,0.8,0.0
150,0.6,2,B,fatigue,1.0,0.8,0.8,0.0
150,0.6,2,B,longstring,0.1,0.0,0.2,-0.2
150,0.6,2,B,longstring,0.2,0.2,0.4,-0.2
150,0.6,2,B,longstring,0.3,0.2,0.0,0.2
150,0.6,2,B,longstring,0.4,0.6,0.4,0.19999999999999996
150,0.6,2,B,longstring,0.5,0.8,1.0,-0.19999999999999996
150,0.6,2,B,longstring,0.6,0.6,0.4,0.19999999999999996
150,0.6,2,B,longstring,0.7,0.8,0.8,0.0
150,0.6,2,B,longstring,0.8,1.0,1.0,0.0
150,0.6,2,B,longstring,0.9,0.8,0.8,0.0
150,0.6,2,B,longstring,1.0,1.0,0.8,0.19999999999999996
150,0.6,2,B,mixed,0.1,0.2,0.0,0.2
150,0.6,2,B,mixed,0.2,0.0,0.2,-0.2
150,0.6,2,B,mixed,0.3,0.2,0.4,-0.2
150,0.6,2,B,mixed,0.4,0.4,0.2,0.2
150,0.6,2,B,mixed,0.5,0.4,0.4,0.0
150,0.6,2,B,mixed,0.6,0.2,0.4,-0.2
150,0.6,2,B,mixed,0.7,0.8,0.4,0.4
150,0.6,2,B,mixed,0.8,0.6,0.4,0.19999999999999996
150,0.6,2,B,mixed,0.9,1.0,0.4,0.6
150,0.6,2,B,mixed,1.0,0.8,0.4,0.4
150,0.6,2,B,pure_straight,0.1,0.0,0.2,-0.2
150,0.6,2,B,pure_straight,0.2,0.2,0.2,0.0
150,0.6,2,B,pure_straight,0.3,0.0,0.6,-0.6
150,0.6,2,B,pure_straight,0.4,0.4,0.8,-0.4
150,0.6,2,B,pure_straight,0.5,0.6,0.8,-0.20000000000000007
150,0.6,2,B,pure_straight,0.6,0.6,0.8,-0.20000000000000007
150,0.6,2,B,pure_straight,0.7,1.0,1.0,0.0
150,0.6,2,B,pure_straight,0.8,1.0,1.0,0.0
150,0.6,2,B,pure_straight,0.9,1.0,1.0,0.0
150,0.6,2,B,pure_straight,1.0,1.0,1.0,0.0
150,0.6,2,B,random,0.1,0.0,0.0,0.0
150,0.6,2,B,random,0.2,0.0,0.0,0.0
150,0.6,2,B,random,0.3,0.0,0.2,-0.2
150,0.6,2,B,random,0.4,0.2,0.2,0.0
150,0.6,2,B,random,0.5,0.4,0.2,0.2
150,0.6,2,B,random,0.6,0.8,0.8,0.0
150,0.6,2,B,random,0.7,0.8,0.2,0.6000000000000001
150,0.6,2,B,random,0.8,1.0,0.6,0.4
150,0.6,2,B,random,0.9,0.8,0.8,0.0
150,0.6,2,B,random,1.0,0.6,0.4,0.19999999999999996
150,0.6,3,B,acquiescent,0.1,0.0,0.2,-0.2
150,0.6,3,B,acquiescent,0.2,0.0,0.2,-0.2
150,0.6,3,B,acquiescent,0.3,0.8,0.4,0.4
150,0.6,3,B,acquiescent,0.4,0.4,0.8,-0.4
150,0.6,3,B,acquiescent,0.5,0.4,0.6,-0.19999999999999996
150,0.6,3,B,acquiescent,0.6,0.6,0.8,-0.20000000000000007
150,0.6,3,B,acquiescent,0.7,1.0,1.0,0.0
150,0.6,3,B,acquiescent,0.8,1.0,1.0,0.0
150,0.6,3,B,acquiescent,0.9,1.0,1.0,0.0
150,0.6,3,B,acquiescent,1.0,1.0,1.0,0.0
150,0.6,3,B,fatigue,0.1,0.2,0.0,0.2
150,0.6,3,B,fatigue,0.2,0.2,0.2,0.0
150,0.6,3,B,fatigue,0.3,0.4,0.4,0.0
150,0.6,3,B,fatigue,0.4,0.2,0.2,0.0
150,0.6,3,B,fatigue,0.5,0.4,0.4,0.0
150,0.6,3,B,fatigue,0.6,0.4,0.6,-0.19999999999999996
150,0.6,3,B,fatigue,0.7,0.4,0.6,-0.19999999999999996
150,0.6,3,B,fatigue,0.8,1.0,1.0,0.0
150,0.6,3,B,fatigue,0.9,0.4,0.6,-0.19999999999999996
150,0.6,3,B,fatigue,1.0,1.0,0.8,0.19999999999999996
150,0.6,3,B,longstring,0.1,0.2,0.2,0.0
150,0.6,3,B,longstring,0.2,0.4,0.4,0.0
150,0.6,3,B,longstring,0.3,0.8,0.6,0.20000000000000007
150,0.6,3,B,longstring,0.4,0.6,0.8,-0.20000000000000007
150,0.6,3,B,longstring,0.5,0.2,0.4,-0.2
150,0.6,3,B,longstring,0.6,1.0,0.6,0.4
150,0.6,3,B,longstring,0.7,1.0,0.6,0.4
150,0.6,3,B,longstring,0.8,1.0,1.0,0.0
150,0.6,3,B,longstring,0.9,1.0,0.6,0.4
150,0.6,3,B,longstring,1.0,1.0,1.0,0.0
150,0.6,3,B,mixed,0.1,0.0,0.0,0.0
150,0.6,3,B,mixed,0.2,0.0,0.0,0.0
150,0.6,3,B,mixed,0.3,0.4,0.2,0.2
150,0.6,3,B,mixed,0.4,0.4,0.2,0.2
150,0.6,3,B,mixed,0.5,0.8,0.4,0.4
150,0.6,3,B,mixed,0.6,0.6,0.0,0.6
150,0.6,3,B,mixed,0.7,0.8,0.4,0.4
150,0.6,3,B,mixed,0.8,0.4,0.6,-0.19999999999999996
150,0.6,3,B,mixed,0.9,0.8,0.6,0.20000000000000007
150,0.6,3,B,mixed,1.0,1.0,1.0,0.0
150,0.6,3,B,pure_straight,0.1,0.4,0.4,0.0
150,0.6,3,B,pure_straight,0.2,0.2,0.4,-0.2
150,0.6,3,B,pure_straight,0.3,0.4,0.6,-0.19999999999999996
150,0.6,3,B,pure_straight,0.4,0.6,0.8,-0.20000000000000007
150,0.6,3,B,pure_straight,0.5,1.0,0.8,0.19999999999999996
150,0.6,3,B,pure_straight,0.6,1.0,0.8,0.19999999999999996
150,0.6,3,B,pure_straight,0.7,0.8,0.6,0.20000000000000007
150,0.6,3,B,pure_straight,0.8,1.0,1.0,0.0
150,0.6,3,B,pure_straight,0.9,1.0,1.0,0.0
150,0.6,3,B,pure_straight,1.0,1.0,1.0,0.0
150,0.6,3,B,random,0.1,0.2,0.2,0.0
150,0.6,3,B,random,0.2,0.0,0.2,-0.2
150,0.6,3,B,random,0.3,0.2,0.6,-0.39999999999999997
150,0.6,3,B,random,0.4,0.6,0.6,0.0
150,0.6,3,B,random,0.5,0.2,0.4,-0.2
150,0.6,3,B,random,0.6,0.4,0.4,0.0
150,0.6,3,B,random,0.7,0.8,0.4,0.4
150,0.6,3,B,random,0.8,1.0,0.6,0.4
150,0.6,3,B,random,0.9,0.6,0.6,0.0
150,0.6,3,B,random,1.0,0.8,0.4,0.4
150,0.6,4,B,acquiescent,0.1,0.0,0.0,0.0
150,0.6,4,B,acquiescent,0.2,0.2,0.4,-0.2
150,0.6,4,B,acquiescent,0.3,0.0,0.2,-0.2
150,0.6,4,B,acquiescent,0.4,0.8,0.8,0.0
150,0.6,4,B,acquiescent,0.5,0.8,0.2,0.6000000000000001
150,0.6,4,B,acquiescent,0.6,0.8,0.8,0.0
150,0.6,4,B,acquiescent,0.7,0.8,0.8,0.0
150,0.6,4,B,acquiescent,0.8,1.0,1.0,0.0
150,0.6,4,B,acquiescent,0.9,1.0,1.0,0.0
150,0.6,4,B,acquiescent,1.0,1.0,1.0,0.0
150,0.6,4,B,fatigue,0.1,0.0,0.4,-0.4
150,0.6,4,B,fatigue,0.2,0.2,0.0,0.2
150,0.6,4,B,fatigue,0.3,0.2,0.2,0.0
150,0.6,4,B,fatigue,0.4,0.2,0.6,-0.39999999999999997
150,0.6,4,B,fatigue,0.5,0.6,0.8,-0.20000000000000007
150,0.6,4,B,fatigue,0.6,0.4,0.8,-0.4
150,0.6,4,B,fatigue,0.7,0.8,0.8,0.0
150,0.6,4,B,fatigue,0.8,0.8,0.8,0.0
150,0.6,4,B,fatigue,0.9,0.8,0.8,0.0
150,0.6,4,B,fatigue,1.0,1.0,1.0,0.0
150,0.6,4,B,longstring,0.1,0.0,0.4,-0.4
150,0.6,4,B,longstring,0.2,0.0,0.0,0.0
150,0.6,4,B,longstring,0.3,0.2,0.2,0.0
150,0.6,4,B,longstring,0.4,0.8,0.6,0.20000000000000007
150,0.6,4,B,longstring,0.5,0.4,0.8,-0.4
150,0.6,4,B,longstring,0.6,0.8,0.8,0.0
150,0.6,4,B,longstring,0.7,0.8,0.6,0.20000000000000007
150,0.6,4,B,longstring,0.8,1.0,1.0,0.0
150,0.6,4,B,longstring,0.9,1.0,1.0,0.0
150,0.6,4,B,longstring,1.0,1.0,1.0,0.0
150,0.6,4,B,mixed,0.1,0.0,0.0,0.0
150,0.6,4,B,mixed,0.2,0.0,0.0,0.0
150,0.6,4,B,mixed,0.3,0.4,0.2,0.2
150,0.6,4,B,mixed,0.4,0.4,0.2,0.2
150,0.6,4,B,mixed,0.5,0.8,0.6,0.20000000000000007
150,0.6,4,B,mixed,0.6,0.8,0.4,0.4
150,0.6,4,B,mixed,0.7,0.6,0.4,0.19999999999999996
150,0.6,4,B,mixed,0.8,0.6,0.6,0.0
150,0.6,4,B,mixed,0.9,0.6,0.4,0.19999999999999996
150,0.6,4,B,mixed,1.0,1.0,0.8,0.19999999999999996
150,0.6,4,B,pure_straight,0.1,0.0,0.4,-0.4
150,0.6,4,B,pure_straight,0.2,0.4,0.2,0.2
150,0.6,4,B,pure_straight,0.3,0.4,0.4,0.0
150,0.6,4,B,pure_straight,0.4,0.8,0.6,0.20000000000000007
150,0.6,4,B,pure_straight,0.5,1.0,1.0,0.0
150,0.6,4,B,pure_straight,0.6,1.0,1.0,0.0
150,0.6,4,B,pure_straight,0.7,1.0,1.0,0.0
150,0.6,4,B,pure_straight,0.8,1.0,1.0,0.0
150,0.6,4,B,pure_straight,0.9,1.0,1.0,0.0
150,0.6,4,B,pure_straight,1.0,1.0,1.0,0.0
150,0.6,4,B,random,0.1,0.2,0.0,0.2
150,0.6,4,B,random,0.2,0.0,0.2,-0.2
150,0.6,4,B,random,0.3,0.2,0.0,0.2
150,0.6,4,B,random,0.4,0.4,0.2,0.2
150,0.6,4,B,random,0.5,0.6,0.4,0.19999999999999996
150,0.6,4,B,random,0.6,0.4,0.2,0.2
150,0.6,4,B,random,0.7,0.8,0.4,0.4
150,0.6,4,B,random,0.8,0.4,0.4,0.0
150,0.6,4,B,random,0.9,1.0,0.6,0.4
150,0.6,4,B,random,1.0,0.8,0.6,0.20000000000000007
150,0.6,5,B,acquiescent,0.1,0.0,0.0,0.0
150,0.6,5,B,acquiescent,0.2,0.6,0.4,0.19999999999999996
150,0.6,5,B,acquiescent,0.3,0.4,0.2,0.2
150,0.6,5,B,acquiescent,0.4,0.8,0.8,0.0
150,0.6,5,B,acquiescent,0.5,0.6,0.6,0.0
150,0.6,5,B,acquiescent,0.6,0.8,0.8,0.0
150,0.6,5,B,acquiescent,0.7,0.8,1.0,-0.19999999999999996
150,0.6,5,B,acquiescent,0.8,1.0,1.0,0.0
150,0.6,5,B,acquiescent,0.9,1.0,1.0,0.0
150,0.6,5,B,acquiescent,1.0,1.0,1.0,0.0
150,0.6,5,B,fatigue,0.1,0.0,0.0,0.0
150,0.6,5,B,fatigue,0.2,0.4,0.2,0.2
150,0.6,5,B,fatigue,0.3,0.2,0.4,-0.2
150,0.6,5,B,fatigue,0.4,0.8,1.0,-0.19999999999999996
150,0.6,5,B,fatigue,0.5,0.4,0.6,-0.19999999999999996
150,0.6,5,B,fatigue,0.6,0.4,0.4,0.0
150,0.6,5,B,fatigue,0.7,0.8,1.0,-0.19999999999999996
150,0.6,5,B,fatigue,0.8,1.0,1.0,0.0
150,0.6,5,B,fatigue,0.9,0.8,0.6,0.20000000000000007
150,0.6,5,B,fatigue,1.0,1.0,1.0,0.0
150,0.6,5,B,longstring,0.1,0.2,0.4,-0.2
150,0.6,5,B,longstring,0.2,0.0,0.2,-0.2
150,0.6,5,B,longstring,0.3,0.4,0.6,-0.19999999999999996
150,0.6,5,B,longstring,0.4,0.4,0.4,0.0
150,0.6,5,B,longstring,0.5,1.0,0.4,0.6
150,0.6,5,B,longstring,0.6,0.4,0.4,0.0
150,0.6,5,B,longstring,0.7,0.8,0.8,0.0
150,0.6,5,B,longstring,0.8,0.8,1.0,-0.19999999999999996
150,0.6,5,B,longstring,0.9,1.0,0.8,0.19999999999999996
150,0.6,5,B,longstring,1.0,0.8,0.8,0.0
150,0.6,5,B,mixed,0.1,0.2,0.2,0.0
150,0.6,5,B,mixed,0.2,0.2,0.4,-0.2
150,0.6,5,B,mixed,0.3,0.4,0.2,0.2
150,0.6,5,B,mixed,0.4,0.4,0.8,-0.4
150,0.6,5,B,mixed,0.5,0.2,0.0,0.2
150,0.6,5,B,mixed,0.6,0.6,0.2,0.39999999999999997
150,0.6,5,B,mixed,0.7,0.6,0.6,0.0
150,0.6,5,B,mixed,0.8,0.8,0.6,0.20000000000000007
150,0.6,5,B,mixed,0.9,0.2,0.2,0.0
150,0.6,5,B,mixed,1.0,1.0,0.8,0.19999999999999996
150,0.6,5,B,pure_straight,0.1,0.2,0.0,0.2
150,0.6,5,B,pure_straight,0.2,0.4,0.4,0.0
150,0.6,5,B,pure_straight,0.3,0.4,0.4,0.0
150,0.6,5,B,pure_straight,0.4,0.6,1.0,-0.4
150,0.6,5,B,pure_straight,0.5,0.8,0.8,0.0
150,0.6,5,B,pure_straight,0.6,1.0,0.8,0.19999999999999996
150,0.6,5,B,pure_straight,0.7,0.8,0.8,0.0
150,0.6,5,B,pure_straight,0.8,1.0,1.0,0.0
150,0.6,5,B,pure_straight,0.9,1.0,1.0,0.0
150,0.6,5,B,pure_straight,1.0,1.0,1.0,0.0
150,0.6,5,B,random,0.1,0.0,0.0,0.0
150,0.6,5,B,random,0.2,0.2,0.2,0.0
150,0.6,5,B,random,0.3,0.2,0.2,0.0
150,0.6,5,B,random,0.4,0.0,0.0,0.0
150,0.6,5,B,random,0.5,0.4,0.0,0.4
150,0.6,5,B,random,0.6,0.8,0.4,0.4
150,0.6,5,B,random,0.7,0.6,0.0,0.6
150,0.6,5,B,random,0.8,0.6,0.0,0.6
150,0.6,5,B,random,0.9,0.6,0.8,-0.20000000000000007
150,0.6,5,B,random,1.0,1.0,0.8,0.19999999999999996
150,0.6,6,B,acquiescent,0.1,0.2,0.0,0.2
150,0.6,6,B,acquiescent,0.2,0.2,0.4,-0.2
150,0.6,6,B,acquiescent,0.3,0.2,0.4,-0.2
150,0.6,6,B,acquiescent,0.4,1.0,0.8,0.19999999999999996
150,0.6,6,B,acquiescent,0.5,0.8,0.6,0.20000000000000007
150,0.6,6,B,acquiescent,0.6,0.6,0.8,-0.20000000000000007
150,0.6,6,B,acquiescent,0.7,1.0,1.0,0.0
150,0.6,6,B,acquiescent,0.8,1.0,1.0,0.0
150,0.6,6,B,acquiescent,0.9,1.0,1.0,0.0
150,0.6,6,B,acquiescent,1.0,1.0,1.0,0.0
150,0.6,6,B,fatigue,0.1,0.0,0.0,0.0
150,0.6,6,B,fatigue,0.2,0.0,0.2,-0.2
150,0.6,6,B,fatigue,0.3,0.0,0.2,-0.2
150,0.6,6,B,fatigue,0.4,0.2,0.2,0.0
150,0.6,6,B,fatigue,0.5,0.4,0.2,0.2
150,0.6,6,B,fatigue,0.6,0.8,0.8,0.0
150,0.6,6,B,fatigue,0.7,0.6,1.0,-0.4
150,0.6,6,B,fatigue,0.8,0.4,0.4,0.0
150,0.6,6,B,fatigue,0.9,1.0,1.0,0.0
150,0.6,6,B,fatigue,1.0,1.0,1.0,0.0
150,0.6,6,B,longstring,0.1,0.4,0.0,0.4
150,0.6,6,B,longstring,0.2,0.2,0.0,0.2
150,0.6,6,B,longstring,0.3,0.2,0.8,-0.6000000000000001
150,0.6,6,B,longstring,0.4,0.8,0.6,0.20000000000000007
150,0.6,6,B,longstring,0.5,0.8,0.6,0.20000000000000007
150,0.6,6,B,longstring,0.6,0.8,0.2,0.6000000000000001
150,0.6,6,B,longstring,0.7,0.8,0.4,0.4
150,0.6,6,B,longstring,0.8,1.0,1.0,0.0
150,0.6,6,B,longstring,0.9,0.8,0.6,0.20000000000000007
150,0.6,6,B,longstring,1.0,0.8,0.6,0.20000000000000007
150,0.6,6,B,mixed,0.1,0.0,0.4,-0.4
150,0.6,6,B,mixed,0.2,0.2,0.4,-0.2
150,0.6,6,B,mixed,0.3,0.2,0.4,-0.2
150,0.6,6,B,mixed,0.4,0.4,0.4,0.0
150,0.6,6,B,mixed,0.5,0.4,0.4,0.0
150,0.6,6,B,mixed,0.6,0.8,0.6,0.20000000000000007
150,0.6,6,B,mixed,0.7,0.6,0.4,0.19999999999999996
150,0.6,6,B,mixed,0.8,1.0,0.8,0.19999999999999996
150,0.6,6,B,mixed,0.9,0.6,0.6,0.0
150,0.6,6,B,mixed,1.0,0.6,0.8,-0.20000000000000007
150,0.6,6,B,pure_straight,0.1,0.0,0.0,0.0
150,0.6,6,B,pure_straight,0.2,0.2,0.4,-0.2
150,0.6,6,B,pure_straight,0.3,0.4,1.0,-0.6
150,0.6,6,B,pure_straight,0.4,0.4,1.0,-0.6
150,0.6,6,B,pure_straight,0.5,0.8,0.8,0.0
150,0.6,6,B,pure_straight,0.6,1.0,0.8,0.19999999999999996
150,0.6,6,B,pure_straight,0.7,1.0,1.0,0.0
150,0.6,6,B,pure_straight,0.8,1.0,1.0,0.0
150,0.6,6,B,pure_straight,0.9,1.0,1.0,0.0
150,0.6,6,B,pure_straight,1.0,1.0,1.0,0.0
150,0.6,6,B,random,0.1,0.0,0.0,0.0
150,0.6,6,B,random,0.2,0.4,0.2,0.2
150,0.6,6,B,random,0.3,0.2,0.2,0.0
150,0.6,6,B,random,0.4,0.2,0.4,-0.2
150,0.6,6,B,random,0.5,0.6,0.4,0.19999999999999996
150,0.6,6,B,random,0.6,0.2,0.4,-0.2
150,0.6,6,B,random,0.7,0.6,0.4,0.19999999999999996
150,0.6,6,B,random,0.8,0.8,0.4,0.4
150,0.6,6,B,random,0.9,1.0,0.6,0.4
150,0.6,6,B,random,1.0,0.8,0.6,0.20000000000000007
150,0.6,7,B,acquiescent,0.1,0.0,0.2,-0.2
150,0.6,7,B,acquiescent,0.2,0.2,0.0,0.2
150,0.6,7,B,acquiescent,0.3,0.2,0.4,-0.2
150,0.6,7,B,acquiescent,0.4,0.6,0.6,0.0
150,0.6,7,B,acquiescent,0.5,0.6,0.6,0.0
150,0.6,7,B,acquiescent,0.6,0.8,0.6,0.20000000000000007
150,0.6,7,B,acquiescent,0.7,1.0,1.0,0.0
150,0.6,7,B,acquiescent,0.8,1.0,1.0,0.0
150,0.6,7,B,acquiescent,0.9,1.0,1.0,0.0
150,0.6,7,B,acquiescent,1.0,1.0,1.0,0.0
150,0.6,7,B,fatigue,0.1,0.0,0.0,0.0
150,0.6,7,B,fatigue,0.2,0.0,0.2,-0.2
150,0.6,7,B,fatigue,0.3,0.2,0.0,0.2
150,0.6,7,B,fatigue,0.4,0.0,0.2,-0.2
150,0.6,7,B,fatigue,0.5,0.8,0.8,0.0
150,0.6,7,B,fatigue,0.6,0.4,0.6,-0.19999999999999996
150,0.6,7,B,fatigue,0.7,0.6,0.6,0.0
150,0.6,7,B,fatigue,0.8,1.0,1.0,0.0
150,0.6,7,B,fatigue,0.9,0.8,1.0,-0.19999999999999996
150,0.6,7,B,fatigue,1.0,1.0,1.0,0.0
150,0.6,7,B,longstring,0.1,0.0,0.0,0.0
150,0.6,7,B,longstring,0.2,0.2,0.8,-0.6000000000000001
150,0.6,7,B,longstring,0.3,0.6,0.8,-0.20000000000000007
150,0.6,7,B,longstring,0.4,0.6,0.6,0.0
150,0.6,7,B,longstring,0.5,0.6,0.4,0.19999999999999996
150,0.6,7,B,longstring,0.6,0.8,0.6,0.20000000000000007
150,0.6,7,B,longstring,0.7,0.6,0.8,-0.20000000000000007
150,0.6,7,B,longstring,0.8,0.8,0.6,0.20000000000000007
150,0.6,7,B,longstring,0.9,1.0,0.6,0.4
150,0.6,7,B,longstring,1.0,1.0,0.8,0.19999999999999996
150,0.6,7,B,mixed,0.1,0.2,0.0,0.2
150,0.6,7,B,mixed,0.2,0.0,0.2,-0.2
150,0.6,7,B,mixed,0.3,0.2,0.2,0.0
150,0.6,7,B,mixed,0.4,0.6,0.8,-0.20000000000000007
150,0.6,7,B,mixed,0.5,0.6,0.6,0.0
150,0.6,7,B,mixed,0.6,0.6,0.6,0.0
150,0.6,7,B,mixed,0.7,0.4,0.0,0.4
150,0.6,7,B,mixed,0.8,0.4,0.6,-0.19999999999999996
150,0.6,7,B,mixed,0.9,0.8,0.2,0.6000000000000001
150,0.6,7,B,mixed,1.0,0.8,0.8,0.0
150,0.6,7,B,pure_straight,0.1,0.2,0.2,0.0
150,0.6,7,B,pure_straight,0.2,0.2,0.0,0.2
150,0.6,7,B,pure_straight,0.3,0.4,1.0,-0.6
150,0.6,7,B,pure_straight,0.4,0.6,0.8,-0.20000000000000007
150,0.6,7,B,pure_straight,0.5,0.8,0.8,0.0
150,0.6,7,B,pure_straight,0.6,1.0,1.0,0.0
150,0.6,7,B,pure_straight,0.7,1.0,1.0,0.0
150,0.6,7,B,pure_straight,0.8,1.0,1.0,0.0
150,0.6,7,B,pure_straight,0.9,1.0,1.0,0.0
150,0.6,7,B,pure_straight,1.0,1.0,1.0,0.0
150,0.6,7,B,random,0.1,0.2,0.0,0.2
150,0.6,7,B,random,0.2,0.0,0.0,0.0
150,0.6,7,B,random,0.3,0.6,0.4,0.19999999999999996
150,0.6,7,B,random,0.4,0.2,0.4,-0.2
150,0.6,7,B,random,0.5,0.8,0.4,0.4
150,0.6,7,B,random,0.6,0.6,0.2,0.39999999999999997
150,0.6,7,B,random,0.7,0.4,0.2,0.2
150,0.6,7,B,random,0.8,0.8,0.6,0.20000000000000007
150,0.6,7,B,random,0.9,0.8,0.8,0.0
150,0.6,7,B,random,1.0,0.8,0.2,0.6000000000000001
150,0.6,8,B,acquiescent,0.1,0.2,0.4,-0.2
150,0.6,8,B,acquiescent,0.2,0.2,0.0,0.2
150,0.6,8,B,acquiescent,0.3,0.2,0.4,-0.2
150,0.6,8,B,acquiescent,0.4,0.6,0.6,0.0
150,0.6,8,B,acquiescent,0.5,0.6,0.8,-0.20000000000000007
150,0.6,8,B,acquiescent,0.6,0.6,0.6,0.0
150,0.6,8,B,acquiescent,0.7,1.0,1.0,0.0
150,0.6,8,B,acquiescent,0.8,1.0,1.0,0.0
150,0.6,8,B,acquiescent,0.9,1.0,1.0,0.0
150,0.6,8,B,acquiescent,1.0,1.0,1.0,0.0
150,0.6,8,B,fatigue,0.1,0.2,0.2,0.0
150,0.6,8,B,fatigue,0.2,0.2,0.0,0.2
150,0.6,8,B,fatigue,0.3,0.6,0.8,-0.20000000000000007
150,0.6,8,B,fatigue,0.4,0.2,0.4,-0.2
150,0.6,8,B,fatigue,0.5,0.2,0.6,-0.39999999999999997
150,0.6,8,B,fatigue,0.6,0.4,0.4,0.0
150,0.6,8,B,fatigue,0.7,0.0,0.2,-0.2
150,0.6,8,B,fatigue,0.8,0.4,0.4,0.0
150,0.6,8,B,fatigue,0.9,1.0,1.0,0.0
150,0.6,8,B,fatigue,1.0,1.0,1.0,0.0
150,0.6,8,B,longstring,0.1,0.4,0.2,0.2
150,0.6,8,B,longstring,0.2,0.0,0.4,-0.4
150,0.6,8,B,longstring,0.3,0.4,0.2,0.2
150,0.6,8,B,longstring,0.4,0.6,0.6,0.0
150,0.6,8,B,longstring,0.5,0.6,0.4,0.19999999999999996
150,0.6,8,B,longstring,0.6,0.4,0.8,-0.4
150,0.6,8,B,longstring,0.7,1.0,0.8,0.19999999999999996
150,0.6,8,B,longstring,0.8,0.8,0.8,0.0
150,0.6,8,B,longstring,0.9,1.0,0.6,0.4
150,0.6,8,B,longstring,1.0,1.0,0.8,0.19999999999999996
150,0.6,8,B,mixed,0.1,0.2,0.2,0.0
150,0.6,8,B,mixed,0.2,0.2,0.2,0.0
150,0.6,8,B,mixed,0.3,0.2,0.6,-0.39999999999999997
150,0.6,8,B,mixed,0.4,0.4,0.4,0.0
150,0.6,8,B,mixed,0.5,0.2,0.2,0.0
150,0.6,8,B,mixed,0.6,0.0,0.2,-0.2
150,0.6,8,B,mixed,0.7,0.2,0.4,-0.2
150,0.6,8,B,mixed,0.8,0.8,0.0,0.8
150,0.6,8,B,mixed,0.9,1.0,0.6,0.4
150,0.6,8,B,mixed,1.0,1.0,0.6,0.4
150,0.6,8,B,pure_straight,0.1,0.2,0.0,0.2
150,0.6,8,B,pure_straight,0.2,0.6,0.8,-0.20000000000000007
150,0.6,8,B,pure_straight,0.3,0.8,1.0,-0.19999999999999996
150,0.6,8,B,pure_straight,0.4,1.0,0.6,0.4
150,0.6,8,B,pure_straight,0.5,0.6,0.6,0.0
150,0.6,8,B,pure_straight,0.6,1.0,0.8,0.19999999999999996
150,0.6,8,B,pure_straight,0.7,1.0,1.0,0.0
150,0.6,8,B,pure_straight,0.8,1.0,1.0,0.0
150,0.6,8,B,pure_straight,0.9,1.0,1.0,0.0
150,0.6,8,B,pure_straight,1.0,1.0,1.0,0.0
150,0.6,8,B,random,0.1,0.0,0.2,-0.2
150,0.6,8,B,random,0.2,0.4,0.2,0.2
150,0.6,8,B,random,0.3,0.2,0.0,0.2
150,0.6,8,B,random,0.4,0.2,0.2,0.0
150,0.6,8,B,random,0.5,0.2,0.0,0.2
150,0.6,8,B,random,0.6,0.6,0.4,0.19999999999999996
150,0.6,8,B,random,0.7,0.4,0.0,0.4
150,0.6,8,B,random,0.8,0.6,0.2,0.39999999999999997
150,0.6,8,B,random,0.9,0.6,0.2,0.39999999999999997
150,0.6,8,B,random,1.0,0.4,0.4,0.0
150,0.6,9,B,acquiescent,0.1,0.0,0.2,-0.2
150,0.6,9,B,acquiescent,0.2,0.2,0.0,0.2
150,0.6,9,B,acquiescent,0.3,0.2,0.4,-0.2
150,0.6,9,B,acquiescent,0.4,0.6,0.4,0.19999999999999996
150,0.6,9,B,acquiescent,0.5,1.0,1.0,0.0
150,0.6,9,B,acquiescent,0.6,0.6,0.8,-0.20000000000000007
150,0.6,9,B,acquiescent,0.7,0.8,0.8,0.0
150,0.6,9,B,acquiescent,0.8,1.0,1.0,0.0
150,0.6,9,B,acquiescent,0.9,1.0,1.0,0.0
150,0.6,9,B,acquiescent,1.0,1.0,1.0,0.0
150,0.6,9,B,fatigue,0.1,0.0,0.0,0.0
150,0.6,9,B,fatigue,0.2,0.2,0.4,-0.2
150,0.6,9,B,fatigue,0.3,0.4,0.4,0.0
150,0.6,9,B,fatigue,0.4,0.6,0.4,0.19999999999999996
150,0.6,9,B,fatigue,0.5,0.6,0.6,0.0
150,0.6,9,B,fatigue,0.6,0.4,0.2,0.2
150,0.6,9,B,fatigue,0.7,0.8,0.8,0.0
150,0.6,9,B,fatigue,0.8,0.8,0.6,0.20000000000000007
150,0.6,9,B,fatigue,0.9,1.0,0.6,0.4
150,0.6,9,B,fatigue,1.0,1.0,1.0,0.0
150,0.6,9,B,longstring,0.1,0.0,0.0,0.0
150,0.6,9,B,longstring,0.2,0.2,0.0,0.2
150,0.6,9,B,longstring,0.3,0.2,0.4,-0.2
150,0.6,9,B,longstring,0.4,0.4,0.4,0.0
150,0.6,9,B,longstring,0.5,0.6,0.6,0.0
150,0.6,9,B,longstring,0.6,0.4,0.8,-0.4
150,0.6,9,B,longstring,0.7,1.0,0.8,0.19999999999999996
150,0.6,9,B,longstring,0.8,1.0,0.8,0.19999999999999996
150,0.6,9,B,longstring,0.9,1.0,1.0,0.0
150,0.6,9,B,longstring,1.0,1.0,0.8,0.19999999999999996
150,0.6,9,B,mixed,0.1,0.2,0.0,0.2
150,0.6,9,B,mixed,0.2,0.0,0.6,-0.6
150,0.6,9,B,mixed,0.3,0.4,0.4,0.0
150,0.6,9,B,mixed,0.4,0.2,0.4,-0.2
150,0.6,9,B,mixed,0.5,0.2,0.4,-0.2
150,0.6,9,B,mixed,0.6,1.0,0.6,0.4
150,0.6,9,B,mixed,0.7,0.8,0.4,0.4
150,0.6,9,B,mixed,0.8,0.8,0.4,0.4
150,0.6,9,B,mixed,0.9,0.8,0.8,0.0
150,0.6,9,B,mixed,1.0,0.8,0.2,0.6000000000000001
150,0.6,9,B,pure_straight,0.1,0.0,0.0,0.0
150,0.6,9,B,pure_straight,0.2,0.2,0.2,0.0
150,0.6,9,B,pure_straight,0.3,0.4,0.6,-0.19999999999999996
150,0.6,9,B,pure_straight,0.4,0.4,0.6,-0.19999999999999996
150,0.6,9,B,pure_straight,0.5,0.6,0.4,0.19999999999999996
150,0.6,9,B,pure_straight,0.6,0.8,1.0,-0.19999999999999996
150,0.6,9,B,pure_straight,0.7,1.0,1.0,0.0
150,0.6,9,B,pure_straight,0.8,1.0,1.0,0.0
150,0.6,9,B,pure_straight,0.9,1.0,1.0,0.0
150,0.6,9,B,pure_straight,1.0,1.0,1.0,0.0
150,0.6,9,B,random,0.1,0.0,0.2,-0.2
150,0.6,9,B,random,0.2,0.2,0.0,0.2
150,0.6,9,B,random,0.3,0.2,0.6,-0.39999999999999997
150,0.6,9,B,random,0.4,0.6,0.4,0.19999999999999996
150,0.6,9,B,random,0.5,0.6,0.6,0.0
150,0.6,9,B,random,0.6,0.2,0.2,0.0
150,0.6,9,B,random,0.7,0.8,0.6,0.20000000000000007
150,0.6,9,B,random,0.8,0.8,0.4,0.4
150,0.6,9,B,random,0.9,0.6,0.6,0.0
150,0.6,9,B,random,1.0,1.0,0.8,0.19999999999999996
150,0.6,10,B,acquiescent,0.1,0.0,0.0,0.0
150,0.6,10,B,acquiescent,0.2,0.0,0.2,-0.2
150,0.6,10,B,acquiescent,0.3,0.0,0.2,-0.2
150,0.6,10,B,acquiescent,0.4,0.2,0.6,-0.39999999999999997
150,0.6,10,B,acquiescent,0.5,0.4,0.6,-0.19999999999999996
150,0.6,10,B,acquiescent,0.6,0.4,0.6,-0.19999999999999996
150,0.6,10,B,acquiescent,0.7,0.8,1.0,-0.19999999999999996
150,0.6,10,B,acquiescent,0.8,1.0,1.0,0.0
150,0.6,10,B,acquiescent,0.9,1.0,1.0,0.0
150,0.6,10,B,acquiescent,1.0,1.0,1.0,0.0
150,0.6,10,B,fatigue,0.1,0.2,0.2,0.0
150,0.6,10,B,fatigue,0.2,0.0,0.0,0.0
150,0.6,10,B,fatigue,0.3,0.2,0.0,0.2
150,0.6,10,B,fatigue,0.4,0.2,0.2,0.0
150,0.6,10,B,fatigue,0.5,0.6,0.4,0.19999999999999996
150,0.6,10,B,fatigue,0.6,0.6,0.6,0.0
150,0.6,10,B,fatigue,0.7,0.8,0.8,0.0
150,0.6,10,B,fatigue,0.8,0.6,0.8,-0.20000000000000007
150,0.6,10,B,fatigue,0.9,1.0,1.0,0.0
150,0.6,10,B,fatigue,1.0,1.0,1.0,0.0
150,0.6,10,B,longstring,0.1,0.0,0.0,0.0
150,0.6,10,B,longstring,0.2,0.4,0.2,0.2
150,0.6,10,B,longstring,0.3,0.4,0.0,0.4
150,0.6,10,B,longstring,0.4,0.0,0.2,-0.2
150,0.6,10,B,longstring,0.5,0.4,0.2,0.2
150,0.6,10,B,longstring,0.6,0.8,0.8,0.0
150,0.6,10,B,longstring,0.7,1.0,0.6,0.4
150,0.6,10,B,longstring,0.8,1.0,1.0,0.0
150,0.6,10,B,longstring,0.9,0.8,1.0,-0.19999999999999996
150,0.6,10,B,longstring,1.0,1.0,0.6,0.4
150,0.6,10,B,mixed,0.1,0.2,0.4,-0.2
150,0.6,10,B,mixed,0.2,0.4,0.8,-0.4
150,0.6,10,B,mixed,0.3,0.0,0.4,-0.4
150,0.6,10,B,mixed,0.4,0.4,0.4,0.0
150,0.6,10,B,mixed,0.5,0.6,0.4,0.19999999999999996
150,0.6,10,B,mixed,0.6,0.6,0.6,0.0
150,0.6,10,B,mixed,0.7,1.0,0.6,0.4
150,0.6,10,B,mixed,0.8,1.0,0.6,0.4
150,0.6,10,B,mixed,0.9,1.0,0.4,0.6
150,0.6,10,B,mixed,1.0,0.8,0.6,0.20000000000000007
150,0.6,10,B,pure_straight,0.1,0.2,0.0,0.2
150,0.6,10,B,pure_straight,0.2,0.0,0.2,-0.2
150,0.6,10,B,pure_straight,0.3,0.6,1.0,-0.4
150,0.6,10,B,pure_straight,0.4,0.8,0.8,0.0
150,0.6,10,B,pure_straight,0.5,0.6,0.8,-0.20000000000000007
150,0.6,10,B,pure_straight,0.6,0.8,0.6,0.20000000000000007
150,0.6,10,B,pure_straight,0.7,1.0,1.0,0.0
150,0.6,10,B,pure_straight,0.8,1.0,1.0,0.0
150,0.6,10,B,pure_straight,0.9,1.0,1.0,0.0
150,0.6,10,B,pure_straight,1.0,1.0,1.0,0.0
150,0.6,10,B,random,0.1,0.2,0.0,0.2
150,0.6,10,B,random,0.2,0.4,0.0,0.4
150,0.6,10,B,random,0.3,0.2,0.4,-0.2
150,0.6,10,B,random,0.4,0.0,0.2,-0.2
150,0.6,10,B,random,0.5,0.4,0.4,0.0
150,0.6,10,B,random,0.6,1.0,0.6,0.4
150,0.6,10,B,random,0.7,0.8,0.4,0.4
150,0.6,10,B,random,0.8,1.0,1.0,0.0
150,0.6,10,B,random,0.9,1.0,0.8,0.19999999999999996
150,0.6,10,B,random,1.0,1.0,0.6,0.4
150,0.6,11,B,acquiescent,0.1,0.4,0.2,0.2
150,0.6,11,B,acquiescent,0.2,0.4,0.2,0.2
150,0.6,11,B,acquiescent,0.3,0.4,0.4,0.0
150,0.6,11,B,acquiescent,0.4,0.2,0.6,-0.39999999999999997
150,0.6,11,B,acquiescent,0.5,0.4,0.0,0.4
150,0.6,11,B,acquiescent,0.6,1.0,0.8,0.19999999999999996
150,0.6,11,B,acquiescent,0.7,0.8,0.8,0.0
150,0.6,11,B,acquiescent,0.8,1.0,1.0,0.0
150,0.6,11,B,acquiescent,0.9,1.0,1.0,0.0
150,0.6,11,B,acquiescent,1.0,1.0,1.0,0.0
150,0.6,11,B,fatigue,0.1,0.2,0.0,0.2
150,0.6,11,B,fatigue,0.2,0.0,0.4,-0.4
150,0.6,11,B,fatigue,0.3,0.2,0.0,0.2
150,0.6,11,B,fatigue,0.4,0.0,0.0,0.0
150,0.6,11,B,fatigue,0.5,0.0,0.2,-0.2
150,0.6,11,B,fatigue,0.6,1.0,1.0,0.0
150,0.6,11,B,fatigue,0.7,0.6,0.8,-0.20000000000000007
150,0.6,11,B,fatigue,0.8,0.6,0.6,0.0
150,0.6,11,B,fatigue,0.9,1.0,1.0,0.0
150,0.6,11,B,fatigue,1.0,0.8,1.0,-0.19999999999999996
150,0.6,11,B,longstring,0.1,0.0,0.0,0.0
150,0.6,11,B,longstring,0.2,0.2,0.2,0.0
150,0.6,11,B,longstring,0.3,0.6,0.4,0.19999999999999996
150,0.6,11,B,longstring,0.4,0.2,0.4,-0.2
150,0.6,11,B,longstring,0.5,0.6,0.4,0.19999999999999996
150,0.6,11,B,longstring,0.6,1.0,0.4,0.6
150,0.6,11,B,longstring,0.7,0.6,0.6,0.0
150,0.6,11,B,longstring,0.8,0.8,1.0,-0.19999999999999996
150,0.6,11,B,longstring,0.9,0.4,0.6,-0.19999999999999996
150,0.6,11,B,longstring,1.0,0.8,0.8,0.0
150,0.6,11,B,mixed,0.1,0.0,0.0,0.0
150,0.6,11,B,mixed,0.2,0.2,0.4,-0.2
150,0.6,11,B,mixed,0.3,0.0,0.2,-0.2
150,0.6,11,B,mixed,0.4,0.4,0.4,0.0
150,0.6,11,B,mixed,0.5,0.8,0.0,0.8
150,0.6,11,B,mixed,0.6,0.6,0.2,0.39999999999999997
150,0.6,11,B,mixed,0.7,0.4,0.0,0.4
150,0.6,11,B,mixed,0.8,1.0,0.8,0.19999999999999996
150,0.6,11,B,mixed,0.9,0.6,0.6,0.0
150,0.6,11,B,mixed,1.0,0.6,0.4,0.19999999999999996
150,0.6,11,B,pure_straight,0.1,0.0,0.2,-0.2
150,0.6,11,B,pure_straight,0.2,0.2,0.4,-0.2
150,0.6,11,B,pure_straight,0.3,0.4,0.4,0.0
150,0.6,11,B,pure_straight,0.4,1.0,0.8,0.19999999999999996
150,0.6,11,B,pure_straight,0.5,0.8,1.0,-0.19999999999999996
150,0.6,11,B,pure_straight,0.6,1.0,1.0,0.0
150,0.6,11,B,pure_straight,0.7,1.0,1.0,0.0
150,0.6,11,B,pure_straight,0.8,1.0,1.0,0.0
150,0.6,11,B,pure_straight,0.9,1.0,1.0,0.0
150,0.6,11,B,pure_straight,1.0,1.0,1.0,0.0
150,0.6,11,B,random,0.1,0.2,0.2,0.0
150,0.6,11,B,random,0.2,0.4,0.0,0.4
150,0.6,11,B,random,0.3,0.8,0.2,0.6000000000000001
150,0.6,11,B,random,0.4,0.4,0.6,-0.19999999999999996
150,0.6,11,B,random,0.5,0.2,0.2,0.0
150,0.6,11,B,random,0.6,0.8,1.0,-0.19999999999999996
150,0.6,11,B,random,0.7,0.8,0.6,0.20000000000000007
150,0.6,11,B,random,0.8,0.8,0.8,0.0
150,0.6,11,B,random,0.9,0.6,1.0,-0.4
150,0.6,11,B,random,1.0,0.8,0.6,0.20000000000000007
150,0.6,12,B,acquiescent,0.1,0.0,0.0,0.0
150,0.6,12,B,acquiescent,0.2,0.2,0.2,0.0
150,0.6,12,B,acquiescent,0.3,0.4,0.6,-0.19999999999999996
150,0.6,12,B,acquiescent,0.4,0.4,0.2,0.2
150,0.6,12,B,acquiescent,0.5,0.6,0.6,0.0
150,0.6,12,B,acquiescent,0.6,1.0,0.8,0.19999999999999996
150,0.6,12,B,acquiescent,0.7,1.0,1.0,0.0
150,0.6,12,B,acquiescent,0.8,1.0,1.0,0.0
150,0.6,12,B,acquiescent,0.9,1.0,1.0,0.0
150,0.6,12,B,acquiescent,1.0,1.0,1.0,0.0
150,0.6,12,B,fatigue,0.1,0.4,0.4,0.0
150,0.6,12,B,fatigue,0.2,0.2,0.4,-0.2
150,0.6,12,B,fatigue,0.3,0.4,0.6,-0.19999999999999996
150,0.6,12,B,fatigue,0.4,0.2,0.2,0.0
150,0.6,12,B,fatigue,0.5,0.4,0.4,0.0
150,0.6,12,B,fatigue,0.6,0.4,0.8,-0.4
150,0.6,12,B,fatigue,0.7,1.0,1.0,0.0
150,0.6,12,B,fatigue,0.8,0.8,0.6,0.20000000000000007
150,0.6,12,B,fatigue,0.9,1.0,0.8,0.19999999999999996
150,0.6,12,B,fatigue,1.0,1.0,1.0,0.0
150,0.6,12,B,longstring,0.1,0.0,0.4,-0.4
150,0.6,12,B,longstring,0.2,0.0,0.0,0.0
150,0.6,12,B,longstring,0.3,0.0,0.2,-0.2
150,0.6,12,B,longstring,0.4,0.2,0.4,-0.2
150,0.6,12,B,longstring,0.5,0.8,0.8,0.0
150,0.6,12,B,longstring,0.6,1.0,0.8,0.19999999999999996
150,0.6,12,B,longstring,0.7,1.0,1.0,0.0
150,0.6,12,B,longstring,0.8,0.8,0.6,0.20000000000000007
150,0.6,12,B,longstring,0.9,1.0,1.0,0.0
150,0.6,12,B,longstring,1.0,1.0,0.8,0.19999999999999996
150,0.6,12,B,mixed,0.1,0.0,0.0,0.0
150,0.6,12,B,mixed,0.2,0.0,0.2,-0.2
150,0.6,12,B,mixed,0.3,0.4,0.6,-0.19999999999999996
150,0.6,12,B,mixed,0.4,0.2,0.4,-0.2
150,0.6,12,B,mixed,0.5,0.4,0.2,0.2
150,0.6,12,B,mixed,0.6,0.4,0.0,0.4
150,0.6,12,B,mixed,0.7,0.6,0.6,0.0
150,0.6,12,B,mixed,0.8,0.8,0.4,0.4
150,0.6,12,B,mixed,0.9,0.8,1.0,-0.19999999999999996
150,0.6,12,B,mixed,1.0,1.0,0.6,0.4
150,0.6,12,B,pure_straight,0.1,0.2,0.2,0.0
150,0.6,12,B,pure_straight,0.2,0.2,0.2,0.0
150,0.6,12,B,pure_straight,0.3,0.2,0.2,0.0
150,0.6,12,B,pure_straight,0.4,0.6,0.8,-0.20000000000000007
150,0.6,12,B,pure_straight,0.5,0.8,0.8,0.0
150,0.6,12,B,pure_straight,0.6,0.8,1.0,-0.19999999999999996
150,0.6,12,B,pure_straight,0.7,1.0,1.0,0.0
150,0.6,12,B,pure_straight,0.8,1.0,1.0,0.0
150,0.6,12,B,pure_straight,0.9,1.0,1.0,0.0
150,0.6,12,B,pure_straight,1.0,1.0,1.0,0.0
150,0.6,12,B,random,0.1,0.4,0.2,0.2
150,0.6,12,B,random,0.2,0.0,0.0,0.0
150,0.6,12,B,random,0.3,0.8,0.4,0.4
150,0.6,12,B,random,0.4,0.2,0.4,-0.2
150,0.6,12,B,random,0.5,0.2,0.0,0.2
150,0.6,12,B,random,0.6,0.0,0.2,-0.2
150,0.6,12,B,random,0.7,0.8,0.6,0.20000000000000007
150,0.6,12,B,random,0.8,0.8,0.2,0.6000000000000001
150,0.6,12,B,random,0.9,0.8,0.8,0.0
150,0.6,12,B,random,1.0,0.6,0.4,0.19999999999999996
200,0.1,1,B,acquiescent,0.1,0.0,0.0,0.0
200,0.1,1,B,acquiescent,0.2,0.0,0.0,0.0
200,0.1,1,B,acquiescent,0.3,0.0,0.0,0.0
200,0.1,1,B,acquiescent,0.5,1.0,1.0,0.0
200,0.1,1,B,acquiescent,0.6,1.0,1.0,0.0
200,0.1,1,B,acquiescent,0.7,1.0,1.0,0.0
200,0.1,1,B,acquiescent,0.9,1.0,1.0,0.0
200,0.1,1,B,acquiescent,1.0,1.0,1.0,0.0
200,0.1,1,B,fatigue,0.1,0.0,0.0,0.0
200,0.1,1,B,fatigue,0.2,0.0,0.0,0.0
200,0.1,1,B,fatigue,0.4,0.0,1.0,-1.0
200,0.1,1,B,fatigue,0.5,0.0,0.0,0.0
200,0.1,1,B,fatigue,0.6,1.0,1.0,0.0
200,0.1,1,B,fatigue,0.8,0.0,1.0,-1.0
200,0.1,1,B,fatigue,0.9,1.0,1.0,0.0
200,0.1,1,B,fatigue,1.0,1.0,1.0,0.0
200,0.1,1,B,longstring,0.1,0.0,0.0,0.0
200,0.1,1,B,longstring,0.2,0.0,0.0,0.0
200,0.1,1,B,longstring,0.3,0.0,0.0,0.0
200,0.1,1,B,longstring,0.4,1.0,1.0,0.0
200,0.1,1,B,longstring,0.6,1.0,1.0,0.0
200,0.1,1,B,longstring,0.7,0.0,1.0,-1.0
200,0.1,1,B,longstring,0.8,1.0,1.0,0.0
200,0.1,1,B,longstring,0.9,1.0,1.0,0.0
200,0.1,1,B,longstring,1.0,1.0,1.0,0.0
200,0.1,1,B,mixed,0.1,0.0,0.0,0.0
200,0.1,1,B,mixed,0.2,0.0,0.0,0.0
200,0.1,1,B,mixed,0.4,1.0,1.0,0.0
200,0.1,1,B,mixed,0.5,0.0,0.0,0.0
200,0.1,1,B,mixed,0.6,1.0,0.0,1.0
200,0.1,1,B,mixed,0.7,0.0,1.0,-1.0
200,0.1,1,B,mixed,0.9,1.0,0.0,1.0
200,0.1,1,B,mixed,1.0,1.0,0.0,1.0
200,0.1,1,B,pure_straight,0.1,0.0,0.0,0.0
200,0.1,1,B,pure_straight,0.2,1.0,0.0,1.0
200,0.1,1,B,pure_straight,0.3,0.0,0.0,0.0
200,0.1,1,B,pure_straight,0.5,0.0,0.0,0.0
200,0.1,1,B,pure_straight,0.6,1.0,1.0,0.0
200,0.1,1,B,pure_straight,0.7,1.0,1.0,0.0
200,0.1,1,B,pure_straight,0.8,1.0,1.0,0.0
200,0.1,1,B,pure_straight,0.9,1.0,1.0,0.0
200,0.1,1,B,random,0.1,0.0,0.0,0.0
200,0.1,1,B,random,0.2,0.0,0.0,0.0
200,0.1,1,B,random,0.3,0.0,0.0,0.0
200,0.1,1,B,random,0.4,1.0,1.0,0.0
200,0.1,1,B,random,0.5,1.0,1.0,0.0
200,0.1,1,B,random,0.6,1.0,0.0,1.0
200,0.1,1,B,random,0.7,0.0,0.0,0.0
200,0.1,1,B,random,0.9,1.0,1.0,0.0
200,0.1,1,B,random,1.0,1.0,0.0,1.0
200,0.1,2,B,acquiescent,0.1,0.0,0.0,0.0
200,0.1,2,B,acquiescent,0.2,1.0,0.0,1.0
200,0.1,2,B,acquiescent,0.5,1.0,1.0,0.0
200,0.1,2,B,acquiescent,0.6,1.0,0.0,1.0
200,0.1,2,B,acquiescent,0.7,1.0,1.0,0.0
200,0.1,2,B,acquiescent,0.8,0.0,0.0,0.0
200,0.1,2,B,acquiescent,0.9,1.0,1.0,0.0
200,0.1,2,B,acquiescent,1.0,1.0,1.0,0.0
200,0.1,2,B,fatigue,0.1,0.0,0.0,0.0
200,0.1,2,B,fatigue,0.2,0.0,0.0,0.0
200,0.1,2,B,fatigue,0.3,0.0,0.0,0.0
200,0.1,2,B,fatigue,0.4,0.0,0.0,0.0
200,0.1,2,B,fatigue,0.6,0.0,0.0,0.0
200,0.1,2,B,fatigue,0.8,1.0,0.0,1.0
200,0.1,2,B,fatigue,0.9,1.0,1.0,0.0
200,0.1,2,B,fatigue,1.0,1.0,1.0,0.0
200,0.1,2,B,longstring,0.1,0.0,0.0,0.0
200,0.1,2,B,longstring,0.2,1.0,0.0,1.0
200,0.1,2,B,longstring,0.3,0.0,0.0,0.0
200,0.1,2,B,longstring,0.4,0.0,1.0,-1.0
200,0.1,2,B,longstring,0.6,0.0,0.0,0.0
200,0.1,2,B,longstring,0.7,1.0,1.0,0.0
200,0.1,2,B,longstring,0.8,1.0,1.0,0.0
200,0.1,2,B,longstring,0.9,1.0,0.0,1.0
200,0.1,2,B,longstring,1.0,1.0,1.0,0.0
200,0.1,2,B,mixed,0.2,0.0,0.0,0.0
200,0.1,2,B,mixed,0.4,0.0,0.0,0.0
200,0.1,2,B,mixed,0.5,0.0,1.0,-1.0
200,0.1,2,B,mixed,0.6,0.0,0.0,0.0
200,0.1,2,B,mixed,0.7,1.0,1.0,0.0
200,0.1,2,B,mixed,0.8,0.0,0.0,0.0
200,0.1,2,B,mixed,0.9,1.0,1.0,0.0
200,0.1,2,B,mixed,1.0,1.0,1.0,0.0
200,0.1,2,B,pure_straight,0.1,0.0,0.0,0.0
200,0.1,2,B,pure_straight,0.2,0.0,0.0,0.0
200,0.1,2,B,pure_straight,0.3,0.0,0.0,0.0
200,0.1,2,B,pure_straight,0.4,0.0,0.0,0.0
200,0.1,2,B,pure_straight,0.5,1.0,1.0,0.0
200,0.1,2,B,pure_straight,0.7,1.0,1.0,0.0
200,0.1,2,B,pure_straight,0.8,1.0,1.0,0.0
200,0.1,2,B,pure_straight,0.9,1.0,1.0,0.0
200,0.1,2,B,random,0.1,0.0,0.0,0.0
200,0.1,2,B,random,0.2,0.0,0.0,0.0
200,0.1,2,B,random,0.3,1.0,0.0,1.0
200,0.1,2,B,random,0.4,0.0,0.0,0.0
200,0.1,2,B,random,0.5,0.0,0.0,0.0
200,0.1,2,B,random,0.7,1.0,1.0,0.0
200,0.1,2,B,random,0.8,1.0,1.0,0.0
200,0.1,2,B,random,0.9,0.0,0.0,0.0
200,0.1,2,B,random,1.0,1.0,1.0,0.0
200,0.1,3,B,acquiescent,0.1,0.0,0.0,0.0
200,0.1,3,B,acquiescent,0.3,0.0,1.0,-1.0
200,0.1,3,B,acquiescent,0.4,0.0,0.0,0.0
200,0.1,3,B,acquiescent,0.5,1.0,1.0,0.0
200,0.1,3,B,acquiescent,0.7,1.0,1.0,0.0
200,0.1,3,B,acquiescent,0.8,1.0,1.0,0.0
200,0.1,3,B,acquiescent,0.9,1.0,1.0,0.0
200,0.1,3,B,acquiescent,1.0,1.0,1.0,0.0
200,0.1,3,B,fatigue,0.1,0.0,0.0,0.0
200,0.1,3,B,fatigue,0.3,0.0,0.0,0.0
200,0.1,3,B,fatigue,0.4,0.0,0.0,0.0
200,0.1,3,B,fatigue,0.5,0.0,0.0,0.0
200,0.1,3,B,fatigue,0.6,1.0,1.0,0.0
200,0.1,3,B,fatigue,0.7,1.0,1.0,0.0
200,0.1,3,B,fatigue,0.9,0.0,0.0,0.0
200,0.1,3,B,fatigue,1.0,1.0,1.0,0.0
200,0.1,3,B,longstring,0.1,0.0,0.0,0.0
200,0.1,3,B,longstring,0.2,0.0,0.0,0.0
200,0.1,3,B,longstring,0.3,0.0,0.0,0.0
200,0.1,3,B,longstring,0.4,0.0,0.0,0.0
200,0.1,3,B,longstring,0.5,0.0,0.0,0.0
200,0.1,3,B,longstring,0.7,1.0,1.0,0.0
200,0.1,3,B,longstring,0.8,1.0,1.0,0.0
200,0.1,3,B,longstring,0.9,1.0,1.0,0.0
200,0.1,3,B,longstring,1.0,1.0,1.0,0.0
200,0.1,3,B,mixed,0.1,0.0,0.0,0.0
200,0.1,3,B,mixed,0.2,0.0,0.0,0.0
200,0.1,3,B,mixed,0.4,0.0,1.0,-1.0
200,0.1,3,B,mixed,0.5,1.0,1.0,0.0
200,0.1,3,B,mixed,0.7,0.0,0.0,0.0
200,0.1,3,B,mixed,0.8,1.0,0.0,1.0
200,0.1,3,B,mixed,0.9,1.0,1.0,0.0
200,0.1,3,B,mixed,1.0,1.0,1.0,0.0
200,0.1,3,B,pure_straight,0.3,1.0,1.0,0.0
200,0.1,3,B,pure_straight,0.4,0.0,0.0,0.0
200,0.1,3,B,pure_straight,0.5,1.0,1.0,0.0
200,0.1,3,B,pure_straight,0.6,1.0,1.0,0.0
200,0.1,3,B,pure_straight,0.7,1.0,1.0,0.0
200,0.1,3,B,pure_straight,0.8,1.0,1.0,0.0
200,0.1,3,B,pure_straight,0.9,1.0,1.0,0.0
200,0.1,3,B,pure_straight,1.0,1.0,1.0,0.0
200,0.1,3,B,random,0.1,0.0,0.0,0.0
200,0.1,3,B,random,0.2,0.0,0.0,0.0
200,0.1,3,B,random,0.3,0.0,0.0,0.0
200,0.1,3,B,random,0.4,0.0,0.0,0.0
200,0.1,3,B,random,0.5,1.0,0.0,1.0
200,0.1,3,B,random,0.6,1.0,1.0,0.0
200,0.1,3,B,random,0.7,0.0,0.0,0.0
200,0.1,3,B,random,0.8,1.0,0.0,1.0
200,0.1,3,B,random,0.9,1.0,0.0,1.0
200,0.1,4,B,acquiescent,0.1,0.0,0.0,0.0
200,0.1,4,B,acquiescent,0.2,0.0,0.0,0.0
200,0.1,4,B,acquiescent,0.3,0.0,1.0,-1.0
200,0.1,4,B,acquiescent,0.4,0.0,0.0,0.0
200,0.1,4,B,acquiescent,0.5,1.0,0.0,1.0
200,0.1,4,B,acquiescent,0.7,1.0,1.0,0.0
200,0.1,4,B,acquiescent,0.8,1.0,1.0,0.0
200,0.1,4,B,acquiescent,0.9,1.0,1.0,0.0
200,0.1,4,B,fatigue,0.1,0.0,1.0,-1.0
200,0.1,4,B,fatigue,0.3,0.0,0.0,0.0
200,0.1,4,B,fatigue,0.4,0.0,0.0,0.0
200,0.1,4,B,fatigue,0.5,0.0,0.0,0.0
200,0.1,4,B,fatigue,0.6,1.0,1.0,0.0
200,0.1,4,B,fatigue,0.7,1.0,1.0,0.0
200,0.1,4,B,fatigue,0.8,1.0,1.0,0.0
200,0.1,4,B,fatigue,1.0,1.0,1.0,0.0
200,0.1,4,B,longstring,0.1,0.0,0.0,0.0
200,0.1,4,B,longstring,0.2,0.0,0.0,0.0
200,0.1,4,B,longstring,0.4,0.0,1.0,-1.0
200,0.1,4,B,longstring,0.5,0.0,0.0,0.0
200,0.1,4,B,longstring,0.6,1.0,1.0,0.0
200,0.1,4,B,longstring,0.7,1.0,1.0,0.0
200,0.1,4,B,longstring,0.8,1.0,1.0,0.0
200,0.1,4,B,longstring,0.9,1.0,1.0,0.0
200,0.1,4,B,longstring,1.0,1.0,1.0,0.0
200,0.1,4,B,mixed,0.2,0.0,0.0,0.0
200,0.1,4,B,mixed,0.3,0.0,0.0,0.0
200,0.1,4,B,mixed,0.5,0.0,0.0,0.0
200,0.1,4,B,mixed,0.6,0.0,0.0,0.0
200,0.1,4,B,mixed,0.7,1.0,0.0,1.0
200,0.1,4,B,mixed,0.8,0.0,0.0,0.0
200,0.1,4,B,mixed,0.9,1.0,1.0,0.0
200,0.1,4,B,mixed,1.0,1.0,0.0,1.0
200,0.1,4,B,pure_straight,0.1,0.0,0.0,0.0
200,0.1,4,B,pure_straight,0.3,0.0,0.0,0.0
200,0.1,4,B,pure_straight,0.4,0.0,1.0,-1.0
200,0.1,4,B,pure_straight,0.5,1.0,1.0,0.0
200,0.1,4,B,pure_straight,0.6,1.0,1.0,0.0
200,0.1,4,B,pure_straight,0.7,1.0,1.0,0.0
200,0.1,4,B,pure_straight,0.8,1.0,1.0,0.0
200,0.1,4,B,pure_straight,0.9,1.0,1.0,0.0
200,0.1,4,B,random,0.1,0.0,0.0,0.0
200,0.1,4,B,random,0.2,1.0,0.0,1.0
200,0.1,4,B,random,0.3,1.0,0.0,1.0
200,0.1,4,B,random,0.4,0.0,0.0,0.0
200,0.1,4,B,random,0.5,0.0,0.0,0.0
200,0.1,4,B,random,0.6,1.0,1.0,0.0
200,0.1,4,B,random,0.7,1.0,1.0,0.0
200,0.1,4,B,random,0.8,1.0,0.0,1.0
200,0.1,4,B,random,0.9,1.0,1.0,0.0
200,0.1,5,B,acquiescent,0.1,0.0,0.0,0.0
200,0.1,5,B,acquiescent,0.2,1.0,1.0,0.0
200,0.1,5,B,acquiescent,0.3,0.0,0.0,0.0
200,0.1,5,B,acquiescent,0.4,0.0,1.0,-1.0
200,0.1,5,B,acquiescent,0.5,1.0,0.0,1.0
200,0.1,5,B,acquiescent,0.6,1.0,1.0,0.0
200,0.1,5,B,acquiescent,0.7,1.0,0.0,1.0
200,0.1,5,B,acquiescent,0.8,1.0,1.0,0.0
200,0.1,5,B,fatigue,0.1,0.0,0.0,0.0
200,0.1,5,B,fatigue,0.2,0.0,0.0,0.0
200,0.1,5,B,fatigue,0.3,0.0,0.0,0.0
200,0.1,5,B,fatigue,0.4,0.0,0.0,0.0
200,0.1,5,B,fatigue,0.5,0.0,1.0,-1.0
200,0.1,5,B,fatigue,0.7,1.0,1.0,0.0
200,0.1,5,B,fatigue,0.8,0.0,0.0,0.0
200,0.1,5,B,fatigue,0.9,1.0,0.0,1.0
200,0.1,5,B,longstring,0.1,0.0,0.0,0.0
200,0.1,5,B,longstring,0.2,0.0,0.0,0.0
200,0.1,5,B,longstring,0.3,0.0,0.0,0.0
200,0.1,5,B,longstring,0.4,0.0,0.0,0.0
200,0.1,5,B,longstring,0.5,0.0,1.0,-1.0
200,0.1,5,B,longstring,0.6,1.0,1.0,0.0
200,0.1,5,B,longstring,0.7,1.0,1.0,0.0
200,0.1,5,B,longstring,0.9,1.0,1.0,0.0
200,0.1,5,B,longstring,1.0,1.0,0.0,1.0
200,0.1,5,B,mixed,0.1,0.0,0.0,0.0
200,0.1,5,B,mixed,0.2,1.0,1.0,0.0
200,0.1,5,B,mixed,0.4,1.0,1.0,0.0
200,0.1,5,B,mixed,0.5,1.0,0.0,1.0
200,0.1,5,B,mixed,0.6,1.0,1.0,0.0
200,0.1,5,B,mixed,0.8,1.0,0.0,1.0
200,0.1,5,B,mixed,0.9,1.0,1.0,0.0
200,0.1,5,B,mixed,1.0,1.0,0.0,1.0
200,0.1,5,B,pure_straight,0.1,0.0,0.0,0.0
200,0.1,5,B,pure_straight,0.2,0.0,0.0,0.0
200,0.1,5,B,pure_straight,0.3,0.0,0.0,0.0
200,0.1,5,B,pure_straight,0.5,0.0,1.0,-1.0
200,0.1,5,B,pure_straight,0.6,1.0,1.0,0.0
200,0.1,5,B,pure_straight,0.7,1.0,1.0,0.0
200,0.1,5,B,pure_straight,0.9,1.0,1.0,0.0
200,0.1,5,B,pure_straight,1.0,1.0,1.0,0.0
200,0.1,5,B,random,0.1,0.0,0.0,0.0
200,0.1,5,B,random,0.2,0.0,0.0,0.0
200,0.1,5,B,random,0.3,0.0,0.0,0.0
200,0.1,5,B,random,0.5,1.0,1.0,0.0
200,0.1,5,B,random,0.6,1.0,1.0,0.0
200,0.1,5,B,random,0.7,1.0,1.0,0.0
200,0.1,5,B,random,0.8,1.0,1.0,0.0
200,0.1,5,B,random,0.9,0.0,0.0,0.0
200,0.1,5,B,random,1.0,1.0,1.0,0.0
200,0.1,6,B,acquiescent,0.1,0.0,0.0,0.0
200,0.1,6,B,acquiescent,0.4,0.0,0.0,0.0
200,0.1,6,B,acquiescent,0.5,1.0,1.0,0.0
200,0.1,6,B,acquiescent,0.6,1.0,1.0,0.0
200,0.1,6,B,acquiescent,0.7,0.0,1.0,-1.0
200,0.1,6,B,acquiescent,0.8,1.0,1.0,0.0
200,0.1,6,B,acquiescent,0.9,1.0,1.0,0.0
200,0.1,6,B,acquiescent,1.0,1.0,1.0,0.0
200,0.1,6,B,fatigue,0.1,0.0,0.0,0.0
200,0.1,6,B,fatigue,0.3,1.0,1.0,0.0
200,0.1,6,B,fatigue,0.4,1.0,1.0,0.0
200,0.1,6,B,fatigue,0.5,0.0,0.0,0.0
200,0.1,6,B,fatigue,0.6,0.0,0.0,0.0
200,0.1,6,B,fatigue,0.7,1.0,1.0,0.0
200,0.1,6,B,fatigue,0.8,1.0,1.0,0.0
200,0.1,6,B,fatigue,1.0,1.0,1.0,0.0
200,0.1,6,B,longstring,0.1,0.0,0.0,0.0
200,0.1,6,B,longstring,0.2,0.0,1.0,-1.0
200,0.1,6,B,longstring,0.3,0.0,1.0,-1.0
200,0.1,6,B,longstring,0.4,0.0,0.0,0.0
200,0.1,6,B,longstring,0.5,1.0,0.0,1.0
200,0.1,6,B,longstring,0.6,1.0,1.0,0.0
200,0.1,6,B,longstring,0.7,1.0,1.0,0.0
200,0.1,6,B,longstring,0.9,1.0,1.0,0.0
200,0.1,6,B,longstring,1.0,1.0,1.0,0.0
200,0.1,6,B,mixed,0.1,0.0,0.0,0.0
200,0.1,6,B,mixed,0.2,0.0,0.0,0.0
200,0.1,6,B,mixed,0.4,0.0,0.0,0.0
200,0.1,6,B,mixed,0.6,1.0,0.0,1.0
200,0.1,6,B,mixed,0.7,0.0,0.0,0.0
200,0.1,6,B,mixed,0.8,1.0,1.0,0.0
200,0.1,6,B,mixed,0.9,1.0,0.0,1.0
200,0.1,6,B,mixed,1.0,0.0,0.0,0.0
200,0.1,6,B,pure_straight,0.2,0.0,0.0,0.0
200,0.1,6,B,pure_straight,0.3,0.0,1.0,-1.0
200,0.1,6,B,pure_straight,0.4,0.0,1.0,-1.0
200,0.1,6,B,pure_straight,0.5,0.0,0.0,0.0
200,0.1,6,B,pure_straight,0.7,1.0,1.0,0.0
200,0.1,6,B,pure_straight,0.8,1.0,1.0,0.0
200,0.1,6,B,pure_straight,0.9,1.0,1.0,0.0
200,0.1,6,B,pure_straight,1.0,1.0,1.0,0.0
200,0.1,6,B,random,0.2,0.0,0.0,0.0
200,0.1,6,B,random,0.3,0.0,0.0,0.0
200,0.1,6,B,random,0.4,0.0,0.0,0.0
200,0.1,6,B,random,0.5,1.0,0.0,1.0
200,0.1,6,B,random,0.6,1.0,1.0,0.0
200,0.1,6,B,random,0.7,0.0,0.0,0.0
200,0.1,6,B,random,0.8,0.0,0.0,0.0
200,0.1,6,B,random,0.9,0.0,0.0,0.0
200,0.1,6,B,random,1.0,1.0,0.0,1.0
200,0.1,7,B,acquiescent,0.1,0.0,0.0,0.0
200,0.1,7,B,acquiescent,0.2,0.0,1.0,-1.0
200,0.1,7,B,acquiescent,0.3,0.0,0.0,0.0
200,0.1,7,B,acquiescent,0.5,1.0,1.0,0.0
200,0.1,7,B,acquiescent,0.7,1.0,1.0,0.0
200,0.1,7,B,acquiescent,0.8,1.0,1.0,0.0
200,0.1,7,B,acquiescent,0.9,1.0,1.0,0.0
200,0.1,7,B,acquiescent,1.0,1.0,1.0,0.0
200,0.1,7,B,fatigue,0.1,0.0,0.0,0.0
200,0.1,7,B,fatigue,0.2,0.0,0.0,0.0
200,0.1,7,B,fatigue,0.3,0.0,0.0,0.0
200,0.1,7,B,fatigue,0.4,0.0,0.0,0.0
200,0.1,7,B,fatigue,0.5,0.0,0.0,0.0
200,0.1,7,B,fatigue,0.6,1.0,1.0,0.0
200,0.1,7,B,fatigue,0.8,1.0,1.0,0.0
200,0.1,7,B,fatigue,1.0,0.0,1.0,-1.0
200,0.1,7,B,longstring,0.1,1.0,0.0,1.0
200,0.1,7,B,longstring,0.2,0.0,0.0,0.0
200,0.1,7,B,longstring,0.3,0.0,0.0,0.0
200,0.1,7,B,longstring,0.4,0.0,0.0,0.0
200,0.1,7,B,longstring,0.5,1.0,1.0,0.0
200,0.1,7,B,longstring,0.6,0.0,0.0,0.0
200,0.1,7,B,longstring,0.7,1.0,0.0,1.0
200,0.1,7,B,longstring,0.8,1.0,0.0,1.0
200,0.1,7,B,longstring,0.9,1.0,1.0,0.0
200,0.1,7,B,mixed,0.2,0.0,0.0,0.0
200,0.1,7,B,mixed,0.3,0.0,0.0,0.0
200,0.1,7,B,mixed,0.4,1.0,0.0,1.0
200,0.1,7,B,mixed,0.5,1.0,1.0,0.0
200,0.1,7,B,mixed,0.6,1.0,1.0,0.0
200,0.1,7,B,mixed,0.7,0.0,0.0,0.0
200,0.1,7,B,mixed,0.8,1.0,1.0,0.0
200,0.1,7,B,mixed,1.0,1.0,1.0,0.0
200,0.1,7,B,pure_straight,0.1,0.0,0.0,0.0
200,0.1,7,B,pure_straight,0.2,1.0,1.0,0.0
200,0.1,7,B,pure_straight,0.3,0.0,0.0,0.0
200,0.1,7,B,pure_straight,0.5,0.0,0.0,0.0
200,0.1,7,B,pure_straight,0.6,1.0,1.0,0.0
200,0.1,7,B,pure_straight,0.8,1.0,1.0,0.0
200,0.1,7,B,pure_straight,0.9,1.0,1.0,0.0
200,0.1,7,B,pure_straight,1.0,1.0,1.0,0.0
200,0.1,7,B,random,0.1,0.0,0.0,0.0
200,0.1,7,B,random,0.2,0.0,0.0,0.0
200,0.1,7,B,random,0.3,0.0,0.0,0.0
200,0.1,7,B,random,0.4,0.0,0.0,0.0
200,0.1,7,B,random,0.5,1.0,0.0,1.0
200,0.1,7,B,random,0.6,0.0,0.0,0.0
200,0.1,7,B,random,0.7,1.0,1.0,0.0
200,0.1,7,B,random,0.8,1.0,1.0,0.0
200,0.1,7,B,random,1.0,1.0,1.0,0.0
200,0.1,8,B,acquiescent,0.1,1.0,0.0,1.0
200,0.1,8,B,acquiescent,0.2,0.0,0.0,0.0
200,0.1,8,B,acquiescent,0.3,0.0,0.0,0.0
200,0.1,8,B,acquiescent,0.4,1.0,0.0,1.0
200,0.1,8,B,acquiescent,0.5,1.0,0.0,1.0
200,0.1,8,B,acquiescent,0.6,1.0,0.0,1.0
200,0.1,8,B,acquiescent,0.7,1.0,1.0,0.0
200,0.1,8,B,acquiescent,1.0,1.0,1.0,0.0
200,0.1,8,B,fatigue,0.1,0.0,0.0,0.0
200,0.1,8,B,fatigue,0.3,0.0,0.0,0.0
200,0.1,8,B,fatigue,0.4,0.0,0.0,0.0
200,0.1,8,B,fatigue,0.5,0.0,0.0,0.0
200,0.1,8,B,fatigue,0.6,1.0,1.0,0.0
200,0.1,8,B,fatigue,0.7,1.0,1.0,0.0
200,0.1,8,B,fatigue,0.8,1.0,1.0,0.0
200,0.1,8,B,fatigue,0.9,1.0,1.0,0.0
200,0.1,8,B,longstring,0.1,0.0,0.0,0.0
200,0.1,8,B,longstring,0.2,0.0,0.0,0.0
200,0.1,8,B,longstring,0.3,0.0,0.0,0.0
200,0.1,8,B,longstring,0.4,1.0,1.0,0.0
200,0.1,8,B,longstring,0.5,0.0,0.0,0.0
200,0.1,8,B,longstring,0.6,0.0,0.0,0.0
200,0.1,8,B,longstring,0.8,1.0,1.0,0.0
200,0.1,8,B,longstring,0.9,1.0,1.0,0.0
200,0.1,8,B,longstring,1.0,1.0,1.0,0.0
200,0.1,8,B,mixed,0.1,0.0,0.0,0.0
200,0.1,8,B,mixed,0.2,0.0,0.0,0.0
200,0.1,8,B,mixed,0.3,1.0,0.0,1.0
200,0.1,8,B,mixed,0.4,0.0,0.0,0.0
200,0.1,8,B,mixed,0.5,0.0,0.0,0.0
200,0.1,8,B,mixed,0.6,1.0,1.0,0.0
200,0.1,8,B,mixed,0.8,1.0,0.0,1.0
200,0.1,8,B,mixed,0.9,1.0,0.0,1.0
200,0.1,8,B,pure_straight,0.1,0.0,0.0,0.0
200,0.1,8,B,pure_straight,0.2,0.0,0.0,0.0
200,0.1,8,B,pure_straight,0.3,1.0,1.0,0.0
200,0.1,8,B,pure_straight,0.5,0.0,0.0,0.0
200,0.1,8,B,pure_straight,0.6,1.0,1.0,0.0
200,0.1,8,B,pure_straight,0.8,1.0,1.0,0.0
200,0.1,8,B,pure_straight,0.9,1.0,1.0,0.0
200,0.1,8,B,pure_straight,1.0,1.0,1.0,0.0
200,0.1,8,B,random,0.1,0.0,0.0,0.0
200,0.1,8,B,random,0.2,0.0,0.0,0.0
200,0.1,8,B,random,0.3,1.0,0.0,1.0
200,0.1,8,B,random,0.4,0.0,0.0,0.0
200,0.1,8,B,random,0.6,0.0,1.0,-1.0
200,0.1,8,B,random,0.7,0.0,0.0,0.0
200,0.1,8,B,random,0.8,1.0,0.0,1.0
200,0.1,8,B,random,0.9,0.0,0.0,0.0
200,0.1,8,B,random,1.0,0.0,0.0,0.0
200,0.1,9,B,acquiescent,0.1,0.0,0.0,0.0
200,0.1,9,B,acquiescent,0.3,0.0,0.0,0.0
200,0.1,9,B,acquiescent,0.4,0.0,0.0,0.0
200,0.1,9,B,acquiescent,0.5,1.0,1.0,0.0
200,0.1,9,B,acquiescent,0.6,1.0,1.0,0.0
200,0.1,9,B,acquiescent,0.8,1.0,1.0,0.0
200,0.1,9,B,acquiescent,0.9,1.0,1.0,0.0
200,0.1,9,B,acquiescent,1.0,1.0,1.0,0.0
200,0.1,9,B,fatigue,0.1,0.0,0.0,0.0
200,0.1,9,B,fatigue,0.2,0.0,0.0,0.0
200,0.1,9,B,fatigue,0.3,0.0,0.0,0.0
200,0.1,9,B,fatigue,0.4,0.0,1.0,-1.0
200,0.1,9,B,fatigue,0.6,1.0,0.0,1.0
200,0.1,9,B,fatigue,0.7,0.0,0.0,0.0
200,0.1,9,B,fatigue,0.8,1.0,1.0,0.0
200,0.1,9,B,fatigue,1.0,1.0,1.0,0.0
200,0.1,9,B,longstring,0.1,0.0,0.0,0.0
200,0.1,9,B,longstring,0.3,1.0,1.0,0.0
200,0.1,9,B,longstring,0.4,1.0,1.0,0.0
200,0.1,9,B,longstring,0.5,0.0,0.0,0.0
200,0.1,9,B,longstring,0.6,1.0,1.0,0.0
200,0.1,9,B,longstring,0.7,1.0,1.0,0.0
200,0.1,9,B,longstring,0.8,0.0,1.0,-1.0
200,0.1,9,B,longstring,0.9,1.0,1.0,0.0
200,0.1,9,B,longstring,1.0,1.0,1.0,0.0
200,0.1,9,B,mixed,0.1,0.0,0.0,0.0
200,0.1,9,B,mixed,0.2,1.0,0.0,1.0
200,0.1,9,B,mixed,0.3,0.0,0.0,0.0
200,0.1,9,B,mixed,0.5,0.0,0.0,0.0
200,0.1,9,B,mixed,0.6,1.0,0.0,1.0
200,0.1,9,B,mixed,0.7,1.0,0.0,1.0
200,0.1,9,B,mixed,0.8,1.0,1.0,0.0
200,0.1,9,B,mixed,0.9,1.0,0.0,1.0
200,0.1,9,B,pure_straight,0.2,0.0,0.0,0.0
200,0.1,9,B,pure_straight,0.3,1.0,1.0,0.0
200,0.1,9,B,pure_straight,0.4,0.0,0.0,0.0
200,0.1,9,B,pure_straight,0.5,1.0,1.0,0.0
200,0.1,9,B,pure_straight,0.6,0.0,0.0,0.0
200,0.1,9,B,pure_straight,0.7,1.0,1.0,0.0
200,0.1,9,B,pure_straight,0.9,1.0,1.0,0.0
200,0.1,9,B,pure_straight,1.0,1.0,1.0,0.0
200,0.1,9,B,random,0.1,0.0,0.0,0.0
200,0.1,9,B,random,0.2,0.0,0.0,0.0
200,0.1,9,B,random,0.3,0.0,0.0,0.0
200,0.1,9,B,random,0.4,0.0,0.0,0.0
200,0.1,9,B,random,0.5,0.0,0.0,0.0
200,0.1,9,B,random,0.6,0.0,0.0,0.0
200,0.1,9,B,random,0.7,0.0,0.0,0.0
200,0.1,9,B,random,0.8,0.0,0.0,0.0
200,0.1,9,B,random,0.9,1.0,1.0,0.0
200,0.1,10,B,acquiescent,0.1,1.0,0.0,1.0
200,0.1,10,B,acquiescent,0.2,1.0,1.0,0.0
200,0.1,10,B,acquiescent,0.4,1.0,1.0,0.0
200,0.1,10,B,acquiescent,0.6,1.0,1.0,0.0
200,0.1,10,B,acquiescent,0.7,1.0,1.0,0.0
200,0.1,10,B,acquiescent,0.8,1.0,0.0,1.0
200,0.1,10,B,acquiescent,0.9,1.0,1.0,0.0
200,0.1,10,B,acquiescent,1.0,1.0,1.0,0.0
200,0.1,10,B,fatigue,0.1,0.0,0.0,0.0
200,0.1,10,B,fatigue,0.2,0.0,0.0,0.0
200,0.1,10,B,fatigue,0.3,0.0,0.0,0.0
200,0.1,10,B,fatigue,0.4,0.0,1.0,-1.0
200,0.1,10,B,fatigue,0.5,0.0,0.0,0.0
200,0.1,10,B,fatigue,0.6,0.0,1.0,-1.0
200,0.1,10,B,fatigue,0.7,1.0,0.0,1.0
200,0.1,10,B,fatigue,1.0,1.0,1.0,0.0
200,0.1,10,B,longstring,0.1,0.0,0.0,0.0
200,0.1,10,B,longstring,0.2,0.0,0.0,0.0
200,0.1,10,B,longstring,0.3,0.0,0.0,0.0
200,0.1,10,B,longstring,0.5,0.0,0.0,0.0
200,0.1,10,B,longstring,0.6,0.0,0.0,0.0
200,0.1,10,B,longstring,0.7,0.0,0.0,0.0
200,0.1,10,B,longstring,0.8,1.0,1.0,0.0
200,0.1,10,B,longstring,0.9,1.0,0.0,1.0
200,0.1,10,B,longstring,1.0,0.0,1.0,-1.0
200,0.1,10,B,mixed,0.2,0.0,0.0,0.0
200,0.1,10,B,mixed,0.3,0.0,0.0,0.0
200,0.1,10,B,mixed,0.4,0.0,1.0,-1.0
200,0.1,10,B,mixed,0.5,1.0,0.0,1.0
200,0.1,10,B,mixed,0.6,0.0,0.0,0.0
200,0.1,10,B,mixed,0.7,1.0,1.0,0.0
200,0.1,10,B,mixed,0.8,1.0,0.0,1.0
200,0.1,10,B,mixed,0.9,1.0,0.0,1.0
200,0.1,10,B,pure_straight,0.2,0.0,0.0,0.0
200,0.1,10,B,pure_straight,0.3,0.0,0.0,0.0
200,0.1,10,B,pure_straight,0.4,1.0,1.0,0.0
200,0.1,10,B,pure_straight,0.5,1.0,1.0,0.0
200,0.1,10,B,pure_straight,0.6,1.0,1.0,0.0
200,0.1,10,B,pure_straight,0.8,1.0,1.0,0.0
200,0.1,10,B,pure_straight,0.9,1.0,1.0,0.0
200,0.1,10,B,pure_straight,1.0,1.0,1.0,0.0
200,0.1,10,B,random,0.1,0.0,0.0,0.0
200,0.1,10,B,random,0.2,0.0,0.0,0.0
200,0.1,10,B,random,0.3,0.0,0.0,0.0
200,0.1,10,B,random,0.4,1.0,0.0,1.0
200,0.1,10,B,random,0.5,0.0,0.0,0.0
200,0.1,10,B,random,0.6,1.0,1.0,0.0
200,0.1,10,B,random,0.7,0.0,0.0,0.0
200,0.1,10,B,random,0.8,1.0,0.0,1.0
200,0.1,10,B,random,0.9,1.0,0.0,1.0
200,0.1,11,B,acquiescent,0.2,0.0,0.0,0.0
200,0.1,11,B,acquiescent,0.3,1.0,1.0,0.0
200,0.1,11,B,acquiescent,0.4,1.0,1.0,0.0
200,0.1,11,B,acquiescent,0.5,1.0,1.0,0.0
200,0.1,11,B,acquiescent,0.6,1.0,1.0,0.0
200,0.1,11,B,acquiescent,0.7,1.0,1.0,0.0
200,0.1,11,B,acquiescent,0.8,1.0,1.0,0.0
200,0.1,11,B,acquiescent,0.9,1.0,1.0,0.0
200,0.1,11,B,fatigue,0.1,0.0,0.0,0.0
200,0.1,11,B,fatigue,0.3,0.0,0.0,0.0
200,0.1,11,B,fatigue,0.4,0.0,0.0,0.0
200,0.1,11,B,fatigue,0.5,0.0,0.0,0.0
200,0.1,11,B,fatigue,0.7,1.0,1.0,0.0
200,0.1,11,B,fatigue,0.8,0.0,0.0,0.0
200,0.1,11,B,fatigue,0.9,0.0,0.0,0.0
200,0.1,11,B,fatigue,1.0,1.0,1.0,0.0
200,0.1,11,B,longstring,0.1,0.0,0.0,0.0
200,0.1,11,B,longstring,0.2,0.0,0.0,0.0
200,0.1,11,B,longstring,0.3,0.0,0.0,0.0
200,0.1,11,B,longstring,0.4,1.0,1.0,0.0
200,0.1,11,B,longstring,0.5,0.0,1.0,-1.0
200,0.1,11,B,longstring,0.6,0.0,1.0,-1.0
200,0.1,11,B,longstring,0.8,1.0,1.0,0.0
200,0.1,11,B,longstring,0.9,1.0,1.0,0.0
200,0.1,11,B,longstring,1.0,1.0,1.0,0.0
200,0.1,11,B,mixed,0.1,0.0,0.0,0.0
200,0.1,11,B,mixed,0.2,0.0,0.0,0.0
200,0.1,11,B,mixed,0.4,1.0,0.0,1.0
200,0.1,11,B,mixed,0.5,0.0,0.0,0.0
200,0.1,11,B,mixed,0.6,1.0,1.0,0.0
200,0.1,11,B,mixed,0.8,0.0,0.0,0.0
200,0.1,11,B,mixed,0.9,0.0,0.0,0.0
200,0.1,11,B,mixed,1.0,1.0,0.0,1.0
200,0.1,11,B,pure_straight,0.1,0.0,0.0,0.0
200,0.1,11,B,pure_straight,0.2,1.0,1.0,0.0
200,0.1,11,B,pure_straight,0.3,0.0,0.0,0.0
200,0.1,11,B,pure_straight,0.4,1.0,0.0,1.0
200,0.1,11,B,pure_straight,0.5,0.0,0.0,0.0
200,0.1,11,B,pure_straight,0.6,1.0,1.0,0.0
200,0.1,11,B,pure_straight,0.7,1.0,1.0,0.0
200,0.1,11,B,pure_straight,0.9,1.0,1.0,0.0
200,0.1,11,B,random,0.1,0.0,0.0,0.0
200,0.1,11,B,random,0.2,0.0,0.0,0.0
200,0.1,11,B,random,0.3,0.0,0.0,0.0
200,0.1,11,B,random,0.4,0.0,0.0,0.0
200,0.1,11,B,random,0.6,0.0,0.0,0.0
200,0.1,11,B,random,0.7,1.0,1.0,0.0
200,0.1,11,B,random,0.8,1.0,1.0,0.0
200,0.1,11,B,random,0.9,1.0,0.0,1.0
200,0.1,11,B,random,1.0,1.0,1.0,0.0
200,0.1,12,B,acquiescent,0.1,0.0,0.0,0.0
200,0.1,12,B,acquiescent,0.2,1.0,0.0,1.0
200,0.1,12,B,acquiescent,0.3,0.0,0.0,0.0
200,0.1,12,B,acquiescent,0.4,1.0,1.0,0.0
200,0.1,12,B,acquiescent,0.6,1.0,0.0,1.0
200,0.1,12,B,acquiescent,0.7,1.0,1.0,0.0
200,0.1,12,B,acquiescent,0.9,1.0,1.0,0.0
200,0.1,12,B,acquiescent,1.0,1.0,1.0,0.0
200,0.1,12,B,fatigue,0.1,0.0,0.0,0.0
200,0.1,12,B,fatigue,0.3,0.0,0.0,0.0
200,0.1,12,B,fatigue,0.4,0.0,0.0,0.0
200,0.1,12,B,fatigue,0.5,1.0,1.0,0.0
200,0.1,12,B,fatigue,0.6,1.0,1.0,0.0
200,0.1,12,B,fatigue,0.7,0.0,0.0,0.0
200,0.1,12,B,fatigue,0.8,1.0,1.0,0.0
200,0.1,12,B,fatigue,1.0,0.0,0.0,0.0
200,0.1,12,B,longstring,0.1,0.0,0.0,0.0
200,0.1,12,B,longstring,0.2,0.0,0.0,0.0
200,0.1,12,B,longstring,0.3,0.0,0.0,0.0
200,0.1,12,B,longstring,0.4,1.0,1.0,0.0
200,0.1,12,B,longstring,0.5,0.0,0.0,0.0
200,0.1,12,B,longstring,0.6,1.0,1.0,0.0
200,0.1,12,B,longstring,0.7,1.0,1.0,0.0
200,0.1,12,B,longstring,0.8,1.0,1.0,0.0
200,0.1,12,B,longstring,0.9,1.0,1.0,0.0
200,0.1,12,B,mixed,0.1,0.0,0.0,0.0
200,0.1,12,B,mixed,0.3,0.0,0.0,0.0
200,0.1,12,B,mixed,0.4,0.0,0.0,0.0
200,0.1,12,B,mixed,0.5,0.0,1.0,-1.0
200,0.1,12,B,mixed,0.6,1.0,1.0,0.0
200,0.1,12,B,mixed,0.7,1.0,1.0,0.0
200,0.1,12,B,mixed,0.9,1.0,0.0,1.0
200,0.1,12,B,mixed,1.0,1.0,0.0,1.0
200,0.1,12,B,pure_straight,0.1,0.0,0.0,0.0
200,0.1,12,B,pure_straight,0.3,0.0,0.0,0.0
200,0.1,12,B,pure_straight,0.5,1.0,1.0,0.0
200,0.1,12,B,pure_straight,0.6,0.0,0.0,0.0
200,0.1,12,B,pure_straight,0.7,1.0,1.0,0.0
200,0.1,12,B,pure_straight,0.8,1.0,1.0,0.0
200,0.1,12,B,pure_straight,0.9,1.0,1.0,0.0
200,0.1,12,B,pure_straight,1.0,1.0,1.0,0.0
200,0.1,12,B,random,0.1,0.0,0.0,0.0
200,0.1,12,B,random,0.2,0.0,0.0,0.0
200,0.1,12,B,random,0.3,0.0,0.0,0.0
200,0.1,12,B,random,0.4,0.0,1.0,-1.0
200,0.1,12,B,random,0.5,0.0,0.0,0.0
200,0.1,12,B,random,0.6,0.0,0.0,0.0
200,0.1,12,B,random,0.7,0.0,0.0,0.0
200,0.1,12,B,random,0.8,1.0,0.0,1.0
200,0.1,12,B,random,1.0,1.0,0.0,1.0
200,0.2,1,B,acquiescent,0.1,0.0,0.0,0.0
200,0.2,1,B,acquiescent,0.2,0.0,0.0,0.0
200,0.2,1,B,acquiescent,0.3,0.5,0.5,0.0
200,0.2,1,B,acquiescent,0.4,1.0,1.0,0.0
200,0.2,1,B,acquiescent,0.5,0.5,0.0,0.5
200,0.2,1,B,acquiescent,0.6,1.0,0.0,1.0
200,0.2,1,B,acquiescent,0.7,1.0,1.0,0.0
200,0.2,1,B,acquiescent,0.8,1.0,1.0,0.0
200,0.2,1,B,acquiescent,0.9,1.0,1.0,0.0
200,0.2,1,B,acquiescent,1.0,1.0,1.0,0.0
200,0.2,1,B,fatigue,0.1,0.0,0.0,0.0
200,0.2,1,B,fatigue,0.2,0.5,1.0,-0.5
200,0.2,1,B,fatigue,0.3,0.0,0.0,0.0
200,0.2,1,B,fatigue,0.4,0.0,0.0,0.0
200,0.2,1,B,fatigue,0.5,1.0,1.0,0.0
200,0.2,1,B,fatigue,0.6,0.0,0.0,0.0
200,0.2,1,B,fatigue,0.7,1.0,0.5,0.5
200,0.2,1,B,fatigue,0.8,1.0,1.0,0.0
200,0.2,1,B,fatigue,0.9,1.0,1.0,0.0
200,0.2,1,B,fatigue,1.0,1.0,1.0,0.0
200,0.2,1,B,longstring,0.1,0.0,0.0,0.0
200,0.2,1,B,longstring,0.2,0.0,0.0,0.0
200,0.2,1,B,longstring,0.3,0.0,0.5,-0.5
200,0.2,1,B,longstring,0.4,1.0,0.0,1.0
200,0.2,1,B,longstring,0.5,0.5,0.5,0.0
200,0.2,1,B,longstring,0.6,0.5,0.5,0.0
200,0.2,1,B,longstring,0.7,1.0,0.5,0.5
200,0.2,1,B,longstring,0.8,1.0,1.0,0.0
200,0.2,1,B,longstring,0.9,1.0,0.5,0.5
200,0.2,1,B,longstring,1.0,0.0,0.0,0.0
200,0.2,1,B,mixed,0.1,0.0,0.0,0.0
200,0.2,1,B,mixed,0.2,0.0,0.0,0.0
200,0.2,1,B,mixed,0.3,0.0,0.0,0.0
200,0.2,1,B,mixed,0.4,0.0,0.5,-0.5
200,0.2,1,B,mixed,0.5,0.5,1.0,-0.5
200,0.2,1,B,mixed,0.6,0.0,0.0,0.0
200,0.2,1,B,mixed,0.7,1.0,1.0,0.0
200,0.2,1,B,mixed,0.8,1.0,0.5,0.5
200,0.2,1,B,mixed,0.9,1.0,0.5,0.5
200,0.2,1,B,mixed,1.0,1.0,1.0,0.0
200,0.2,1,B,pure_straight,0.1,0.0,0.0,0.0
200,0.2,1,B,pure_straight,0.2,0.0,0.0,0.0
200,0.2,1,B,pure_straight,0.3,0.5,0.5,0.0
200,0.2,1,B,pure_straight,0.4,1.0,0.5,0.5
200,0.2,1,B,pure_straight,0.5,1.0,1.0,0.0
200,0.2,1,B,pure_straight,0.6,0.0,1.0,-1.0
200,0.2,1,B,pure_straight,0.7,0.5,0.5,0.0
200,0.2,1,B,pure_straight,0.8,1.0,1.0,0.0
200,0.2,1,B,pure_straight,0.9,1.0,1.0,0.0
200,0.2,1,B,pure_straight,1.0,1.0,1.0,0.0
200,0.2,1,B,random,0.1,0.0,0.0,0.0
200,0.2,1,B,random,0.2,0.0,0.0,0.0
200,0.2,1,B,random,0.3,0.0,0.0,0.0
200,0.2,1,B,random,0.4,1.0,0.0,1.0
200,0.2,1,B,random,0.5,1.0,0.0,1.0
200,0.2,1,B,random,0.6,0.5,0.5,0.0
200,0.2,1,B,random,0.7,0.5,0.0,0.5
200,0.2,1,B,random,0.8,0.0,1.0,-1.0
200,0.2,1,B,random,0.9,1.0,1.0,0.0
200,0.2,1,B,random,1.0,1.0,1.0,0.0
200,0.2,2,B,acquiescent,0.1,0.0,0.0,0.0
200,0.2,2,B,acquiescent,0.2,0.5,1.0,-0.5
200,0.2,2,B,acquiescent,0.3,0.0,0.0,0.0
200,0.2,2,B,acquiescent,0.4,1.0,0.0,1.0
200,0.2,2,B,acquiescent,0.5,1.0,1.0,0.0
200,0.2,2,B,acquiescent,0.6,1.0,1.0,0.0
200,0.2,2,B,acquiescent,0.7,1.0,1.0,0.0
200,0.2,2,B,acquiescent,0.8,1.0,1.0,0.0
200,0.2,2,B,acquiescent,0.9,1.0,1.0,0.0
200,0.2,2,B,acquiescent,1.0,1.0,1.0,0.0
200,0.2,2,B,fatigue,0.1,0.0,0.0,0.0
200,0.2,2,B,fatigue,0.2,0.0,0.0,0.0
200,0.2,2,B,fatigue,0.3,0.0,0.0,0.0
200,0.2,2,B,fatigue,0.4,0.0,0.0,0.0
200,0.2,2,B,fatigue,0.5,0.5,1.0,-0.5
200,0.2,2,B,fatigue,0.6,0.0,0.0,0.0
200,0.2,2,B,fatigue,0.7,1.0,1.0,0.0
200,0.2,2,B,fatigue,0.8,1.0,1.0,0.0
200,0.2,2,B,fatigue,0.9,1.0,1.0,0.0
200,0.2,2,B,fatigue,1.0,1.0,1.0,0.0
200,0.2,2,B,longstring,0.1,0.0,0.0,0.0
200,0.2,2,B,longstring,0.2,0.0,0.0,0.0
200,0.2,2,B,longstring,0.3,0.5,0.5,0.0
200,0.2,2,B,longstring,0.4,0.0,0.5,-0.5
200,0.2,2,B,longstring,0.5,1.0,0.0,1.0
200,0.2,2,B,longstring,0.6,1.0,0.5,0.5
200,0.2,2,B,longstring,0.7,1.0,0.5,0.5
200,0.2,2,B,longstring,0.8,1.0,1.0,0.0
200,0.2,2,B,longstring,0.9,1.0,1.0,0.0
200,0.2,2,B,longstring,1.0,1.0,1.0,0.0
200,0.2,2,B,mixed,0.1,0.0,1.0,-1.0
200,0.2,2,B,mixed,0.2,1.0,0.0,1.0
200,0.2,2,B,mixed,0.3,0.5,0.0,0.5
200,0.2,2,B,mixed,0.4,0.5,0.5,0.0
200,0.2,2,B,mixed,0.5,0.0,1.0,-1.0
200,0.2,2,B,mixed,0.6,1.0,1.0,0.0
200,0.2,2,B,mixed,0.7,1.0,1.0,0.0
200,0.2,2,B,mixed,0.8,0.5,0.5,0.0
200,0.2,2,B,mixed,0.9,1.0,0.0,1.0
200,0.2,2,B,mixed,1.0,1.0,1.0,0.0
200,0.2,2,B,pure_straight,0.1,0.0,0.0,0.0
200,0.2,2,B,pure_straight,0.2,0.0,0.5,-0.5
200,0.2,2,B,pure_straight,0.3,1.0,1.0,0.0
200,0.2,2,B,pure_straight,0.4,0.0,0.0,0.0
200,0.2,2,B,pure_straight,0.5,1.0,1.0,0.0
200,0.2,2,B,pure_straight,0.6,1.0,1.0,0.0
200,0.2,2,B,pure_straight,0.7,1.0,1.0,0.0
200,0.2,2,B,pure_straight,0.8,1.0,1.0,0.0
200,0.2,2,B,pure_straight,0.9,1.0,1.0,0.0
200,0.2,2,B,pure_straight,1.0,1.0,1.0,0.0
200,0.2,2,B,random,0.1,0.0,0.0,0.0
200,0.2,2,B,random,0.2,0.0,0.0,0.0
200,0.2,2,B,random,0.3,0.0,0.0,0.0
200,0.2,2,B,random,0.4,0.0,0.0,0.0
200,0.2,2,B,random,0.5,1.0,0.0,1.0
200,0.2,2,B,random,0.6,0.5,0.5,0.0
200,0.2,2,B,random,0.7,0.5,0.0,0.5
200,0.2,2,B,random,0.8,1.0,0.5,0.5
200,0.2,2,B,random,0.9,1.0,0.0,1.0
200,0.2,2,B,random,1.0,0.0,0.5,-0.5
200,0.2,3,B,acquiescent,0.1,0.0,0.0,0.0
200,0.2,3,B,acquiescent,0.2,0.0,0.0,0.0
200,0.2,3,B,acquiescent,0.3,0.5,1.0,-0.5
200,0.2,3,B,acquiescent,0.4,0.5,0.5,0.0
200,0.2,3,B,acquiescent,0.5,1.0,1.0,0.0
200,0.2,3,B,acquiescent,0.6,1.0,1.0,0.0
200,0.2,3,B,acquiescent,0.7,1.0,1.0,0.0
200,0.2,3,B,acquiescent,0.8,1.0,1.0,0.0
200,0.2,3,B,acquiescent,0.9,1.0,1.0,0.0
200,0.2,3,B,acquiescent,1.0,1.0,1.0,0.0
200,0.2,3,B,fatigue,0.1,0.0,0.0,0.0
200,0.2,3,B,fatigue,0.2,0.0,0.0,0.0
200,0.2,3,B,fatigue,0.3,0.0,0.0,0.0
200,0.2,3,B,fatigue,0.4,1.0,1.0,0.0
200,0.2,3,B,fatigue,0.5,0.0,0.0,0.0
200,0.2,3,B,fatigue,0.6,0.0,0.0,0.0
200,0.2,3,B,fatigue,0.7,1.0,1.0,0.0
200,0.2,3,B,fatigue,0.8,1.0,1.0,0.0
200,0.2,3,B,fatigue,0.9,1.0,1.0,0.0
200,0.2,3,B,fatigue,1.0,1.0,1.0,0.0
200,0.2,3,B,longstring,0.1,0.0,0.0,0.0
200,0.2,3,B,longstring,0.2,0.0,0.5,-0.5
200,0.2,3,B,longstring,0.3,0.5,0.0,0.5
200,0.2,3,B,longstring,0.4,0.0,0.0,0.0
200,0.2,3,B,longstring,0.5,1.0,1.0,0.0
200,0.2,3,B,longstring,0.6,0.5,0.5,0.0
200,0.2,3,B,longstring,0.7,1.0,0.5,0.5
200,0.2,3,B,longstring,0.8,1.0,1.0,0.0
200,0.2,3,B,longstring,0.9,1.0,1.0,0.0
200,0.2,3,B,longstring,1.0,0.5,0.5,0.0
200,0.2,3,B,mixed,0.1,0.0,0.0,0.0
200,0.2,3,B,mixed,0.2,0.0,0.5,-0.5
200,0.2,3,B,mixed,0.3,0.0,0.0,0.0
200,0.2,3,B,mixed,0.4,0.0,0.5,-0.5
200,0.2,3,B,mixed,0.5,0.0,0.0,0.0
200,0.2,3,B,mixed,0.6,0.0,0.0,0.0
200,0.2,3,B,mixed,0.7,1.0,1.0,0.0
200,0.2,3,B,mixed,0.8,1.0,0.0,1.0
200,0.2,3,B,mixed,0.9,1.0,1.0,0.0
200,0.2,3,B,mixed,1.0,1.0,1.0,0.0
200,0.2,3,B,pure_straight,0.1,0.0,0.0,0.0
200,0.2,3,B,pure_straight,0.2,0.0,0.5,-0.5
200,0.2,3,B,pure_straight,0.3,0.0,0.0,0.0
200,0.2,3,B,pure_straight,0.4,1.0,0.0,1.0
200,0.2,3,B,pure_straight,0.5,1.0,1.0,0.0
200,0.2,3,B,pure_straight,0.6,1.0,1.0,0.0
200,0.2,3,B,pure_straight,0.7,1.0,0.5,0.5
200,0.2,3,B,pure_straight,0.8,1.0,1.0,0.0
200,0.2,3,B,pure_straight,0.9,1.0,1.0,0.0
200,0.2,3,B,pure_straight,1.0,1.0,1.0,0.0
200,0.2,3,B,random,0.1,0.0,0.0,0.0
200,0.2,3,B,random,0.2,0.0,0.0,0.0
200,0.2,3,B,random,0.3,1.0,0.0,1.0
200,0.2,3,B,random,0.4,0.0,1.0,-1.0
200,0.2,3,B,random,0.5,0.0,0.5,-0.5
200,0.2,3,B,random,0.6,0.5,0.0,0.5
200,0.2,3,B,random,0.7,1.0,0.0,1.0
200,0.2,3,B,random,0.8,0.0,0.0,0.0
200,0.2,3,B,random,0.9,1.0,0.0,1.0
200,0.2,3,B,random,1.0,1.0,0.0,1.0
200,0.2,4,B,acquiescent,0.1,0.0,1.0,-1.0
200,0.2,4,B,acquiescent,0.2,0.0,0.0,0.0
200,0.2,4,B,acquiescent,0.3,0.0,0.5,-0.5
200,0.2,4,B,acquiescent,0.4,0.5,0.5,0.0
200,0.2,4,B,acquiescent,0.5,1.0,1.0,0.0
200,0.2,4,B,acquiescent,0.6,0.0,0.0,0.0
200,0.2,4,B,acquiescent,0.7,1.0,1.0,0.0
200,0.2,4,B,acquiescent,0.8,1.0,1.0,0.0
200,0.2,4,B,acquiescent,0.9,1.0,1.0,0.0
200,0.2,4,B,acquiescent,1.0,1.0,1.0,0.0
200,0.2,4,B,fatigue,0.1,0.0,0.0,0.0
200,0.2,4,B,fatigue,0.2,0.0,0.0,0.0
200,0.2,4,B,fatigue,0.3,0.0,0.0,0.0
200,0.2,4,B,fatigue,0.4,0.5,0.5,0.0
200,0.2,4,B,fatigue,0.5,1.0,1.0,0.0
200,0.2,4,B,fatigue,0.6,0.0,0.0,0.0
200,0.2,4,B,fatigue,0.7,0.5,0.5,0.0
200,0.2,4,B,fatigue,0.8,0.5,0.5,0.0
200,0.2,4,B,fatigue,0.9,1.0,1.0,0.0
200,0.2,4,B,fatigue,1.0,1.0,1.0,0.0
200,0.2,4,B,longstring,0.1,0.0,0.0,0.0
200,0.2,4,B,longstring,0.2,0.0,0.0,0.0
200,0.2,4,B,longstring,0.3,0.0,0.0,0.0
200,0.2,4,B,longstring,0.4,0.0,0.0,0.0
200,0.2,4,B,longstring,0.5,0.5,1.0,-0.5
200,0.2,4,B,longstring,0.6,0.5,0.5,0.0
200,0.2,4,B,longstring,0.7,1.0,1.0,0.0
200,0.2,4,B,longstring,0.8,1.0,1.0,0.0
200,0.2,4,B,longstring,0.9,1.0,1.0,0.0
200,0.2,4,B,longstring,1.0,1.0,1.0,0.0
200,0.2,4,B,mixed,0.1,0.0,0.0,0.0
200,0.2,4,B,mixed,0.2,0.0,0.0,0.0
200,0.2,4,B,mixed,0.3,1.0,1.0,0.0
200,0.2,4,B,mixed,0.4,0.0,0.0,0.0
200,0.2,4,B,mixed,0.5,0.0,0.0,0.0
200,0.2,4,B,mixed,0.6,0.5,1.0,-0.5
200,0.2,4,B,mixed,0.7,1.0,1.0,0.0
200,0.2,4,B,mixed,0.8,0.5,0.0,0.5
200,0.2,4,B,mixed,0.9,1.0,1.0,0.0
200,0.2,4,B,mixed,1.0,1.0,1.0,0.0
200,0.2,4,B,pure_straight,0.1,0.0,0.0,0.0
200,0.2,4,B,pure_straight,0.2,0.0,0.0,0.0
200,0.2,4,B,pure_straight,0.3,0.5,0.5,0.0
200,0.2,4,B,pure_straight,0.4,0.5,0.5,0.0
200,0.2,4,B,pure_straight,0.5,0.0,1.0,-1.0
200,0.2,4,B,pure_straight,0.6,1.0,1.0,0.0
200,0.2,4,B,pure_straight,0.7,1.0,1.0,0.0
200,0.2,4,B,pure_straight,0.8,1.0,1.0,0.0
200,0.2,4,B,pure_straight,0.9,1.0,1.0,0.0
200,0.2,4,B,pure_straight,1.0,1.0,1.0,0.0
200,0.2,4,B,random,0.1,0.0,0.0,0.0
200,0.2,4,B,random,0.2,0.0,0.0,0.0
200,0.2,4,B,random,0.3,0.0,0.0,0.0
200,0.2,4,B,random,0.4,1.0,0.0,1.0
200,0.2,4,B,random,0.5,0.5,0.0,0.5
200,0.2,4,B,random,0.6,0.0,0.5,-0.5
200,0.2,4,B,random,0.7,1.0,1.0,0.0
200,0.2,4,B,random,0.8,1.0,1.0,0.0
200,0.2,4,B,random,0.9,1.0,0.0,1.0
200,0.2,4,B,random,1.0,0.5,0.5,0.0
200,0.2,5,B,acquiescent,0.1,0.0,0.0,0.0
200,0.2,5,B,acquiescent,0.2,0.0,0.5,-0.5
200,0.2,5,B,acquiescent,0.3,0.0,0.0,0.0
200,0.2,5,B,acquiescent,0.4,1.0,1.0,0.0
200,0.2,5,B,acquiescent,0.5,0.5,1.0,-0.5
200,0.2,5,B,acquiescent,0.6,1.0,1.0,0.0
200,0.2,5,B,acquiescent,0.7,1.0,1.0,0.0
200,0.2,5,B,acquiescent,0.8,1.0,1.0,0.0
200,0.2,5,B,acquiescent,0.9,1.0,1.0,0.0
200,0.2,5,B,acquiescent,1.0,1.0,1.0,0.0
200,0.2,5,B,fatigue,0.1,0.0,0.0,0.0
200,0.2,5,B,fatigue,0.2,0.0,0.0,0.0
200,0.2,5,B,fatigue,0.3,0.0,0.0,0.0
200,0.2,5,B,fatigue,0.4,0.0,0.0,0.0
200,0.2,5,B,fatigue,0.5,0.0,1.0,-1.0
200,0.2,5,B,fatigue,0.6,0.0,0.5,-0.5
200,0.2,5,B,fatigue,0.7,0.5,0.0,0.5
200,0.2,5,B,fatigue,0.8,0.0,0.0,0.0
200,0.2,5,B,fatigue,0.9,1.0,1.0,0.0
200,0.2,5,B,fatigue,1.0,1.0,1.0,0.0
200,0.2,5,B,longstring,0.1,0.0,0.0,0.0
200,0.2,5,B,longstring,0.2,0.0,0.0,0.0
200,0.2,5,B,longstring,0.3,0.0,0.0,0.0
200,0.2,5,B,longstring,0.4,1.0,1.0,0.0
200,0.2,5,B,longstring,0.5,0.5,0.5,0.0
200,0.2,5,B,longstring,0.6,1.0,1.0,0.0
200,0.2,5,B,longstring,0.7,1.0,1.0,0.0
200,0.2,5,B,longstring,0.8,1.0,1.0,0.0
200,0.2,5,B,longstring,0.9,1.0,1.0,0.0
200,0.2,5,B,longstring,1.0,1.0,0.5,0.5
200,0.2,5,B,mixed,0.1,0.0,0.0,0.0
200,0.2,5,B,mixed,0.2,0.0,0.0,0.0
200,0.2,5,B,mixed,0.3,0.5,0.5,0.0
200,0.2,5,B,mixed,0.4,0.5,0.0,0.5
200,0.2,5,B,mixed,0.5,0.5,0.0,0.5
200,0.2,5,B,mixed,0.6,0.5,0.5,0.0
200,0.2,5,B,mixed,0.7,1.0,1.0,0.0
200,0.2,5,B,mixed,0.8,0.0,0.5,-0.5
200,0.2,5,B,mixed,0.9,1.0,0.0,1.0
200,0.2,5,B,mixed,1.0,1.0,0.5,0.5
200,0.2,5,B,pure_straight,0.1,0.0,1.0,-1.0
200,0.2,5,B,pure_straight,0.2,0.0,0.0,0.0
200,0.2,5,B,pure_straight,0.3,0.5,1.0,-0.5
200,0.2,5,B,pure_straight,0.4,1.0,1.0,0.0
200,0.2,5,B,pure_straight,0.5,1.0,1.0,0.0
200,0.2,5,B,pure_straight,0.6,1.0,1.0,0.0
200,0.2,5,B,pure_straight,0.7,1.0,1.0,0.0
200,0.2,5,B,pure_straight,0.8,1.0,1.0,0.0
200,0.2,5,B,pure_straight,0.9,1.0,1.0,0.0
200,0.2,5,B,pure_straight,1.0,1.0,1.0,0.0
200,0.2,5,B,random,0.1,0.5,0.0,0.5
200,0.2,5,B,random,0.2,0.0,0.0,0.0
200,0.2,5,B,random,0.3,0.0,0.0,0.0
200,0.2,5,B,random,0.4,0.0,1.0,-1.0
200,0.2,5,B,random,0.5,0.5,0.5,0.0
200,0.2,5,B,random,0.6,0.5,0.0,0.5
200,0.2,5,B,random,0.7,1.0,0.5,0.5
200,0.2,5,B,random,0.8,0.0,0.0,0.0
200,0.2,5,B,random,0.9,1.0,1.0,0.0
200,0.2,5,B,random,1.0,1.0,1.0,0.0
200,0.2,6,B,acquiescent,0.1,0.0,0.5,-0.5
200,0.2,6,B,acquiescent,0.2,0.0,0.0,0.0
200,0.2,6,B,acquiescent,0.3,0.0,0.0,0.0
200,0.2,6,B,acquiescent,0.4,0.5,0.5,0.0
200,0.2,6,B,acquiescent,0.5,0.5,0.5,0.0
200,0.2,6,B,acquiescent,0.6,1.0,1.0,0.0
200,0.2,6,B,acquiescent,0.7,1.0,1.0,0.0
200,0.2,6,B,acquiescent,0.8,1.0,1.0,0.0
200,0.2,6,B,acquiescent,0.9,1.0,1.0,0.0
200,0.2,6,B,acquiescent,1.0,1.0,1.0,0.0
200,0.2,6,B,fatigue,0.1,0.0,0.0,0.0
200,0.2,6,B,fatigue,0.2,0.0,0.0,0.0
200,0.2,6,B,fatigue,0.3,0.5,0.5,0.0
200,0.2,6,B,fatigue,0.4,0.0,0.5,-0.5
200,0.2,6,B,fatigue,0.5,0.5,0.5,0.0
200,0.2,6,B,fatigue,0.6,0.5,1.0,-0.5
200,0.2,6,B,fatigue,0.7,0.5,1.0,-0.5
200,0.2,6,B,fatigue,0.8,1.0,1.0,0.0
200,0.2,6,B,fatigue,0.9,1.0,1.0,0.0
200,0.2,6,B,fatigue,1.0,1.0,1.0,0.0
200,0.2,6,B,longstring,0.1,0.0,0.0,0.0
200,0.2,6,B,longstring,0.2,0.0,0.0,0.0
200,0.2,6,B,longstring,0.3,0.5,0.0,0.5
200,0.2,6,B,longstring,0.4,0.5,0.0,0.5
200,0.2,6,B,longstring,0.5,1.0,0.5,0.5
200,0.2,6,B,longstring,0.6,1.0,1.0,0.0
200,0.2,6,B,longstring,0.7,1.0,1.0,0.0
200,0.2,6,B,longstring,0.8,1.0,0.0,1.0
200,0.2,6,B,longstring,0.9,1.0,1.0,0.0
200,0.2,6,B,longstring,1.0,1.0,1.0,0.0
200,0.2,6,B,mixed,0.1,0.0,0.0,0.0
200,0.2,6,B,mixed,0.2,0.0,0.0,0.0
200,0.2,6,B,mixed,0.3,0.0,0.0,0.0
200,0.2,6,B,mixed,0.4,0.0,0.0,0.0
200,0.2,6,B,mixed,0.5,0.0,0.0,0.0
200,0.2,6,B,mixed,0.6,0.5,0.0,0.5
200,0.2,6,B,mixed,0.7,1.0,0.0,1.0
200,0.2,6,B,mixed,0.8,0.5,0.5,0.0
200,0.2,6,B,mixed,0.9,0.5,1.0,-0.5
200,0.2,6,B,mixed,1.0,1.0,1.0,0.0
200,0.2,6,B,pure_straight,0.1,0.0,0.0,0.0
200,0.2,6,B,pure_straight,0.2,0.0,0.5,-0.5
200,0.2,6,B,pure_straight,0.3,0.0,0.0,0.0
200,0.2,6,B,pure_straight,0.4,1.0,1.0,0.0
200,0.2,6,B,pure_straight,0.5,1.0,1.0,0.0
200,0.2,6,B,pure_straight,0.6,1.0,0.5,0.5
200,0.2,6,B,pure_straight,0.7,1.0,1.0,0.0
200,0.2,6,B,pure_straight,0.8,1.0,1.0,0.0
200,0.2,6,B,pure_straight,0.9,1.0,1.0,0.0
200,0.2,6,B,pure_straight,1.0,1.0,1.0,0.0
200,0.2,6,B,random,0.1,0.0,0.0,0.0
200,0.2,6,B,random,0.2,0.0,0.0,0.0
200,0.2,6,B,random,0.3,0.0,0.0,0.0
200,0.2,6,B,random,0.4,0.0,0.0,0.0
200,0.2,6,B,random,0.5,1.0,0.5,0.5
200,0.2,6,B,random,0.6,0.0,0.0,0.0
200,0.2,6,B,random,0.7,0.0,0.0,0.0
200,0.2,6,B,random,0.8,1.0,1.0,0.0
200,0.2,6,B,random,0.9,1.0,0.5,0.5
200,0.2,6,B,random,1.0,1.0,0.5,0.5
200,0.2,7,B,acquiescent,0.1,0.0,0.0,0.0
200,0.2,7,B,acquiescent,0.2,0.0,0.5,-0.5
200,0.2,7,B,acquiescent,0.3,0.0,1.0,-1.0
200,0.2,7,B,acquiescent,0.4,0.0,0.0,0.0
200,0.2,7,B,acquiescent,0.5,0.5,0.0,0.5
200,0.2,7,B,acquiescent,0.6,1.0,1.0,0.0
200,0.2,7,B,acquiescent,0.7,1.0,1.0,0.0
200,0.2,7,B,acquiescent,0.8,1.0,1.0,0.0
200,0.2,7,B,acquiescent,0.9,1.0,1.0,0.0
200,0.2,7,B,acquiescent,1.0,1.0,1.0,0.0
200,0.2,7,B,fatigue,0.1,0.0,0.0,0.0
200,0.2,7,B,fatigue,0.2,0.0,0.0,0.0
200,0.2,7,B,fatigue,0.3,0.0,0.0,0.0
200,0.2,7,B,fatigue,0.4,0.5,0.5,0.0
200,0.2,7,B,fatigue,0.5,0.0,1.0,-1.0
200,0.2,7,B,fatigue,0.6,1.0,1.0,0.0
200,0.2,7,B,fatigue,0.7,0.0,0.0,0.0
200,0.2,7,B,fatigue,0.8,1.0,1.0,0.0
200,0.2,7,B,fatigue,0.9,1.0,1.0,0.0
200,0.2,7,B,fatigue,1.0,1.0,1.0,0.0
200,0.2,7,B,longstring,0.1,0.0,0.0,0.0
200,0.2,7,B,longstring,0.2,0.0,0.0,0.0
200,0.2,7,B,longstring,0.3,0.0,0.0,0.0
200,0.2,7,B,longstring,0.4,1.0,0.0,1.0
200,0.2,7,B,longstring,0.5,1.0,0.0,1.0
200,0.2,7,B,longstring,0.6,0.5,1.0,-0.5
200,0.2,7,B,longstring,0.7,1.0,1.0,0.0
200,0.2,7,B,longstring,0.8,1.0,0.5,0.5
200,0.2,7,B,longstring,0.9,1.0,1.0,0.0
200,0.2,7,B,longstring,1.0,1.0,1.0,0.0
200,0.2,7,B,mixed,0.1,0.0,0.0,0.0
200,0.2,7,B,mixed,0.2,0.0,0.0,0.0
200,0.2,7,B,mixed,0.3,0.5,0.0,0.5
200,0.2,7,B,mixed,0.4,0.5,0.0,0.5
200,0.2,7,B,mixed,0.5,0.5,0.0,0.5
200,0.2,7,B,mixed,0.6,1.0,0.0,1.0
200,0.2,7,B,mixed,0.7,0.5,1.0,-0.5
200,0.2,7,B,mixed,0.8,1.0,1.0,0.0
200,0.2,7,B,mixed,0.9,1.0,0.0,1.0
200,0.2,7,B,mixed,1.0,1.0,1.0,0.0
200,0.2,7,B,pure_straight,0.1,0.0,0.0,0.0
200,0.2,7,B,pure_straight,0.2,0.0,0.5,-0.5
200,0.2,7,B,pure_straight,0.3,0.0,0.0,0.0
200,0.2,7,B,pure_straight,0.4,0.5,0.5,0.0
200,0.2,7,B,pure_straight,0.5,1.0,1.0,0.0
200,0.2,7,B,pure_straight,0.6,1.0,1.0,0.0
200,0.2,7,B,pure_straight,0.7,1.0,1.0,0.0
200,0.2,7,B,pure_straight,0.8,1.0,1.0,0.0
200,0.2,7,B,pure_straight,0.9,1.0,1.0,0.0
200,0.2,7,B,pure_straight,1.0,1.0,1.0,0.0
200,0.2,7,B,random,0.1,0.0,0.0,0.0
200,0.2,7,B,random,0.2,0.0,0.0,0.0
200,0.2,7,B,random,0.3,0.0,0.0,0.0
200,0.2,7,B,random,0.4,0.0,0.0,0.0
200,0.2,7,B,random,0.5,1.0,0.5,0.5
200,0.2,7,B,random,0.6,0.5,0.5,0.0
200,0.2,7,B,random,0.7,0.5,0.5,0.0
200,0.2,7,B,random,0.8,1.0,1.0,0.0
200,0.2,7,B,random,0.9,0.0,0.0,0.0
200,0.2,7,B,random,1.0,1.0,0.5,0.5
200,0.2,8,B,acquiescent,0.1,0.0,0.0,0.0
200,0.2,8,B,acquiescent,0.2,0.0,0.0,0.0
200,0.2,8,B,acquiescent,0.3,0.5,0.0,0.5
200,0.2,8,B,acquiescent,0.4,0.0,0.0,0.0
200,0.2,8,B,acquiescent,0.5,0.5,0.0,0.5
200,0.2,8,B,acquiescent,0.6,1.0,1.0,0.0
200,0.2,8,B,acquiescent,0.7,1.0,0.5,0.5
200,0.2,8,B,acquiescent,0.8,1.0,1.0,0.0
200,0.2,8,B,acquiescent,0.9,1.0,1.0,0.0
200,0.2,8,B,acquiescent,1.0,1.0,1.0,0.0
200,0.2,8,B,fatigue,0.1,0.0,0.0,0.0
200,0.2,8,B,fatigue,0.2,0.0,0.0,0.0
200,0.2,8,B,fatigue,0.3,0.0,0.0,0.0
200,0.2,8,B,fatigue,0.4,0.5,0.5,0.0
200,0.2,8,B,fatigue,0.5,0.0,0.0,0.0
200,0.2,8,B,fatigue,0.6,0.0,0.5,-0.5
200,0.2,8,B,fatigue,0.7,1.0,1.0,0.0
200,0.2,8,B,fatigue,0.8,1.0,1.0,0.0
200,0.2,8,B,fatigue,0.9,1.0,1.0,0.0
200,0.2,8,B,fatigue,1.0,0.5,1.0,-0.5
200,0.2,8,B,longstring,0.1,0.0,0.0,0.0
200,0.2,8,B,longstring,0.2,1.0,1.0,0.0
200,0.2,8,B,longstring,0.3,1.0,1.0,0.0
200,0.2,8,B,longstring,0.4,0.5,1.0,-0.5
200,0.2,8,B,longstring,0.5,0.5,0.0,0.5
200,0.2,8,B,longstring,0.6,1.0,0.5,0.5
200,0.2,8,B,longstring,0.7,0.5,0.5,0.0
200,0.2,8,B,longstring,0.8,1.0,1.0,0.0
200,0.2,8,B,longstring,0.9,1.0,0.5,0.5
200,0.2,8,B,longstring,1.0,1.0,0.0,1.0
200,0.2,8,B,mixed,0.1,0.0,0.0,0.0
200,0.2,8,B,mixed,0.2,0.0,0.0,0.0
200,0.2,8,B,mixed,0.3,0.0,0.0,0.0
200,0.2,8,B,mixed,0.4,1.0,0.0,1.0
200,0.2,8,B,mixed,0.5,1.0,0.0,1.0
200,0.2,8,B,mixed,0.6,0.0,0.0,0.0
200,0.2,8,B,mixed,0.7,1.0,0.5,0.5
200,0.2,8,B,mixed,0.8,1.0,0.5,0.5
200,0.2,8,B,mixed,0.9,0.5,0.5,0.0
200,0.2,8,B,mixed,1.0,0.5,0.5,0.0
200,0.2,8,B,pure_straight,0.1,0.0,0.0,0.0
200,0.2,8,B,pure_straight,0.2,0.0,0.0,0.0
200,0.2,8,B,pure_straight,0.3,0.5,1.0,-0.5
200,0.2,8,B,pure_straight,0.4,1.0,0.0,1.0
200,0.2,8,B,pure_straight,0.5,1.0,1.0,0.0
200,0.2,8,B,pure_straight,0.6,1.0,1.0,0.0
200,0.2,8,B,pure_straight,0.7,0.5,1.0,-0.5
200,0.2,8,B,pure_straight,0.8,1.0,1.0,0.0
200,0.2,8,B,pure_straight,0.9,1.0,1.0,0.0
200,0.2,8,B,pure_straight,1.0,1.0,1.0,0.0
200,0.2,8,B,random,0.1,0.0,0.5,-0.5
200,0.2,8,B,random,0.2,0.0,0.0,0.0
200,0.2,8,B,random,0.3,0.0,0.5,-0.5
200,0.2,8,B,random,0.4,0.0,0.5,-0.5
200,0.2,8,B,random,0.5,1.0,1.0,0.0
200,0.2,8,B,random,0.6,1.0,0.0,1.0
200,0.2,8,B,random,0.7,1.0,1.0,0.0
200,0.2,8,B,random,0.8,1.0,1.0,0.0
200,0.2,8,B,random,0.9,0.5,0.5,0.0
200,0.2,8,B,random,1.0,0.5,0.5,0.0
200,0.2,9,B,acquiescent,0.1,0.0,0.0,0.0
200,0.2,9,B,acquiescent,0.2,0.5,0.0,0.5
200,0.2,9,B,acquiescent,0.3,1.0,1.0,0.0
200,0.2,9,B,acquiescent,0.4,0.5,1.0,-0.5
200,0.2,9,B,acquiescent,0.5,1.0,1.0,0.0
200,0.2,9,B,acquiescent,0.6,0.5,1.0,-0.5
200,0.2,9,B,acquiescent,0.7,1.0,1.0,0.0
200,0.2,9,B,acquiescent,0.8,1.0,1.0,0.0
200,0.2,9,B,acquiescent,0.9,1.0,1.0,0.0
200,0.2,9,B,acquiescent,1.0,1.0,1.0,0.0
200,0.2,9,B,fatigue,0.1,0.0,0.0,0.0
200,0.2,9,B,fatigue,0.2,0.5,0.5,0.0
200,0.2,9,B,fatigue,0.3,0.0,0.0,0.0
200,0.2,9,B,fatigue,0.4,0.0,0.0,0.0
200,0.2,9,B,fatigue,0.5,0.0,0.0,0.0
200,0.2,9,B,fatigue,0.6,0.0,0.0,0.0
200,0.2,9,B,fatigue,0.7,0.5,0.5,0.0
200,0.2,9,B,fatigue,0.8,1.0,1.0,0.0
200,0.2,9,B,fatigue,0.9,1.0,1.0,0.0
200,0.2,9,B,fatigue,1.0,1.0,0.5,0.5
200,0.2,9,B,longstring,0.1,0.0,0.5,-0.5
200,0.2,9,B,longstring,0.2,0.0,0.0,0.0
200,0.2,9,B,longstring,0.3,0.0,1.0,-1.0
200,0.2,9,B,longstring,0.4,0.0,0.0,0.0
200,0.2,9,B,longstring,0.5,0.5,0.5,0.0
200,0.2,9,B,longstring,0.6,1.0,1.0,0.0
200,0.2,9,B,longstring,0.7,1.0,1.0,0.0
200,0.2,9,B,longstring,0.8,0.5,0.5,0.0
200,0.2,9,B,longstring,0.9,1.0,1.0,0.0
200,0.2,9,B,longstring,1.0,1.0,0.5,0.5
200,0.2,9,B,mixed,0.1,0.5,0.0,0.5
200,0.2,9,B,mixed,0.2,0.0,0.0,0.0
200,0.2,9,B,mixed,0.3,0.0,0.0,0.0
200,0.2,9,B,mixed,0.4,0.0,0.0,0.0
200,0.2,9,B,mixed,0.5,1.0,1.0,0.0
200,0.2,9,B,mixed,0.6,0.0,0.0,0.0
200,0.2,9,B,mixed,0.7,1.0,1.0,0.0
200,0.2,9,B,mixed,0.8,1.0,1.0,0.0
200,0.2,9,B,mixed,0.9,0.5,0.5,0.0
200,0.2,9,B,mixed,1.0,0.0,0.0,0.0
200,0.2,9,B,pure_straight,0.1,0.0,0.0,0.0
200,0.2,9,B,pure_straight,0.2,0.0,0.0,0.0
200,0.2,9,B,pure_straight,0.3,0.0,0.0,0.0
200,0.2,9,B,pure_straight,0.4,1.0,1.0,0.0
200,0.2,9,B,pure_straight,0.5,1.0,1.0,0.0
200,0.2,9,B,pure_straight,0.6,1.0,1.0,0.0
200,0.2,9,B,pure_straight,0.7,1.0,1.0,0.0
200,0.2,9,B,pure_straight,0.8,1.0,1.0,0.0
200,0.2,9,B,pure_straight,0.9,1.0,1.0,0.0
200,0.2,9,B,pure_straight,1.0,1.0,1.0,0.0
200,0.2,9,B,random,0.1,0.0,0.0,0.0
200,0.2,9,B,random,0.2,0.0,0.0,0.0
200,0.2,9,B,random,0.3,0.0,0.5,-0.5
200,0.2,9,B,random,0.4,0.0,0.0,0.0
200,0.2,9,B,random,0.5,0.0,0.0,0.0
200,0.2,9,B,random,0.6,0.0,0.0,0.0
200,0.2,9,B,random,0.7,1.0,0.0,1.0
200,0.2,9,B,random,0.8,1.0,0.5,0.5
200,0.2,9,B,random,0.9,1.0,0.5,0.5
200,0.2,9,B,random,1.0,1.0,0.5,0.5
200,0.2,10,B,acquiescent,0.1,0.0,0.0,0.0
200,0.2,10,B,acquiescent,0.2,0.0,0.0,0.0
200,0.2,10,B,acquiescent,0.3,0.0,0.5,-0.5
200,0.2,10,B,acquiescent,0.4,0.0,0.5,-0.5
200,0.2,10,B,acquiescent,0.5,1.0,0.5,0.5
200,0.2,10,B,acquiescent,0.6,0.5,0.5,0.0
200,0.2,10,B,acquiescent,0.7,1.0,1.0,0.0
200,0.2,10,B,acquiescent,0.8,1.0,1.0,0.0
200,0.2,10,B,acquiescent,0.9,1.0,1.0,0.0
200,0.2,10,B,acquiescent,1.0,1.0,1.0,0.0
200,0.2,10,B,fatigue,0.1,0.0,0.0,0.0
200,0.2,10,B,fatigue,0.2,0.0,0.0,0.0
200,0.2,10,B,fatigue,0.3,1.0,0.5,0.5
200,0.2,10,B,fatigue,0.4,0.0,0.0,0.0
200,0.2,10,B,fatigue,0.5,1.0,1.0,0.0
200,0.2,10,B,fatigue,0.6,1.0,1.0,0.0
200,0.2,10,B,fatigue,0.7,1.0,0.0,1.0
200,0.2,10,B,fatigue,0.8,0.0,0.5,-0.5
200,0.2,10,B,fatigue,0.9,0.0,0.0,0.0
200,0.2,10,B,fatigue,1.0,1.0,1.0,0.0
200,0.2,10,B,longstring,0.1,0.0,0.0,0.0
200,0.2,10,B,longstring,0.2,0.0,0.0,0.0
200,0.2,10,B,longstring,0.3,0.5,1.0,-0.5
200,0.2,10,B,longstring,0.4,1.0,1.0,0.0
200,0.2,10,B,longstring,0.5,0.5,0.5,0.0
200,0.2,10,B,longstring,0.6,0.0,0.0,0.0
200,0.2,10,B,longstring,0.7,1.0,1.0,0.0
200,0.2,10,B,longstring,0.8,1.0,0.5,0.5
200,0.2,10,B,longstring,0.9,1.0,1.0,0.0
200,0.2,10,B,longstring,1.0,1.0,1.0,0.0
200,0.2,10,B,mixed,0.1,0.0,0.0,0.0
200,0.2,10,B,mixed,0.2,0.0,0.0,0.0
200,0.2,10,B,mixed,0.3,0.5,0.0,0.5
200,0.2,10,B,mixed,0.4,0.5,0.5,0.0
200,0.2,10,B,mixed,0.5,0.5,0.0,0.5
200,0.2,10,B,mixed,0.6,0.5,1.0,-0.5
200,0.2,10,B,mixed,0.7,1.0,1.0,0.0
200,0.2,10,B,mixed,0.8,1.0,0.0,1.0
200,0.2,10,B,mixed,0.9,0.5,0.5,0.0
200,0.2,10,B,mixed,1.0,1.0,0.5,0.5
200,0.2,10,B,pure_straight,0.1,0.0,0.0,0.0
200,0.2,10,B,pure_straight,0.2,0.0,1.0,-1.0
200,0.2,10,B,pure_straight,0.3,0.5,0.5,0.0
200,0.2,10,B,pure_straight,0.4,0.0,0.5,-0.5
200,0.2,10,B,pure_straight,0.5,1.0,1.0,0.0
200,0.2,10,B,pure_straight,0.6,1.0,1.0,0.0
200,0.2,10,B,pure_straight,0.7,1.0,1.0,0.0
200,0.2,10,B,pure_straight,0.8,1.0,0.5,0.5
200,0.2,10,B,pure_straight,0.9,1.0,1.0,0.0
200,0.2,10,B,pure_straight,1.0,1.0,1.0,0.0
200,0.2,10,B,random,0.1,0.0,0.0,0.0
200,0.2,10,B,random,0.2,0.0,0.0,0.0
200,0.2,10,B,random,0.3,0.0,0.0,0.0
200,0.2,10,B,random,0.4,0.0,0.0,0.0
200,0.2,10,B,random,0.5,0.0,0.0,0.0
200,0.2,10,B,random,0.6,1.0,0.0,1.0
200,0.2,10,B,random,0.7,0.5,0.0,0.5
200,0.2,10,B,random,0.8,1.0,0.0,1.0
200,0.2,10,B,random,0.9,1.0,1.0,0.0
200,0.2,10,B,random,1.0,0.5,0.5,0.0
200,0.2,11,B,acquiescent,0.1,0.0,0.0,0.0
200,0.2,11,B,acquiescent,0.2,0.0,0.0,0.0
200,0.2,11,B,acquiescent,0.3,0.0,0.0,0.0
200,0.2,11,B,acquiescent,0.4,1.0,1.0,0.0
200,0.2,11,B,acquiescent,0.5,1.0,1.0,0.0
200,0.2,11,B,acquiescent,0.6,1.0,1.0,0.0
200,0.2,11,B,acquiescent,0.7,1.0,0.5,0.5
200,0.2,11,B,acquiescent,0.8,1.0,1.0,0.0
200,0.2,11,B,acquiescent,0.9,1.0,1.0,0.0
200,0.2,11,B,acquiescent,1.0,1.0,1.0,0.0
200,0.2,11,B,fatigue,0.1,0.0,0.0,0.0
200,0.2,11,B,fatigue,0.2,1.0,0.0,1.0
200,0.2,11,B,fatigue,0.3,0.0,0.0,0.0
200,0.2,11,B,fatigue,0.4,0.0,0.0,0.0
200,0.2,11,B,fatigue,0.5,0.5,0.0,0.5
200,0.2,11,B,fatigue,0.6,0.5,0.5,0.0
200,0.2,11,B,fatigue,0.7,1.0,0.0,1.0
200,0.2,11,B,fatigue,0.8,1.0,1.0,0.0
200,0.2,11,B,fatigue,0.9,1.0,0.5,0.5
200,0.2,11,B,fatigue,1.0,1.0,1.0,0.0
200,0.2,11,B,longstring,0.1,0.0,1.0,-1.0
200,0.2,11,B,longstring,0.2,0.0,0.5,-0.5
200,0.2,11,B,longstring,0.3,0.0,0.5,-0.5
200,0.2,11,B,longstring,0.4,0.0,1.0,-1.0
200,0.2,11,B,longstring,0.5,0.5,0.0,0.5
200,0.2,11,B,longstring,0.6,0.0,0.5,-0.5
200,0.2,11,B,longstring,0.7,1.0,1.0,0.0
200,0.2,11,B,longstring,0.8,1.0,1.0,0.0
200,0.2,11,B,longstring,0.9,1.0,1.0,0.0
200,0.2,11,B,longstring,1.0,1.0,1.0,0.0
200,0.2,11,B,mixed,0.1,0.0,0.0,0.0
200,0.2,11,B,mixed,0.2,0.0,0.0,0.0
200,0.2,11,B,mixed,0.3,0.0,0.0,0.0
200,0.2,11,B,mixed,0.4,1.0,0.0,1.0
200,0.2,11,B,mixed,0.5,1.0,0.0,1.0
200,0.2,11,B,mixed,0.6,0.5,1.0,-0.5
200,0.2,11,B,mixed,0.7,1.0,1.0,0.0
200,0.2,11,B,mixed,0.8,0.5,0.5,0.0
200,0.2,11,B,mixed,0.9,0.5,0.5,0.0
200,0.2,11,B,mixed,1.0,1.0,1.0,0.0
200,0.2,11,B,pure_straight,0.1,0.5,0.0,0.5
200,0.2,11,B,pure_straight,0.2,0.0,0.0,0.0
200,0.2,11,B,pure_straight,0.3,0.5,0.5,0.0
200,0.2,11,B,pure_straight,0.4,0.0,0.0,0.0
200,0.2,11,B,pure_straight,0.5,1.0,1.0,0.0
200,0.2,11,B,pure_straight,0.6,1.0,1.0,0.0
200,0.2,11,B,pure_straight,0.7,1.0,1.0,0.0
200,0.2,11,B,pure_straight,0.8,1.0,1.0,0.0
200,0.2,11,B,pure_straight,0.9,1.0,1.0,0.0
200,0.2,11,B,pure_straight,1.0,1.0,1.0,0.0
200,0.2,11,B,random,0.1,0.0,0.0,0.0
200,0.2,11,B,random,0.2,0.0,0.5,-0.5
200,0.2,11,B,random,0.3,0.0,0.0,0.0
200,0.2,11,B,random,0.4,0.0,0.0,0.0
200,0.2,11,B,random,0.5,1.0,0.5,0.5
200,0.2,11,B,random,0.6,1.0,0.5,0.5
200,0.2,11,B,random,0.7,1.0,1.0,0.0
200,0.2,11,B,random,0.8,1.0,0.5,0.5
200,0.2,11,B,random,0.9,1.0,1.0,0.0
200,0.2,11,B,random,1.0,1.0,1.0,0.0
200,0.2,12,B,acquiescent,0.1,0.0,0.0,0.0
200,0.2,12,B,acquiescent,0.2,0.0,0.0,0.0
200,0.2,12,B,acquiescent,0.3,0.0,0.0,0.0
200,0.2,12,B,acquiescent,0.4,1.0,0.5,0.5
200,0.2,12,B,acquiescent,0.5,1.0,0.0,1.0
200,0.2,12,B,acquiescent,0.6,1.0,1.0,0.0
200,0.2,12,B,acquiescent,0.7,1.0,1.0,0.0
200,0.2,12,B,acquiescent,0.8,1.0,1.0,0.0
200,0.2,12,B,acquiescent,0.9,1.0,1.0,0.0
200,0.2,12,B,acquiescent,1.0,1.0,1.0,0.0
200,0.2,12,B,fatigue,0.1,0.0,0.0,0.0
200,0.2,12,B,fatigue,0.2,0.0,0.0,0.0
200,0.2,12,B,fatigue,0.3,0.0,0.0,0.0
200,0.2,12,B,fatigue,0.4,1.0,0.5,0.5
200,0.2,12,B,fatigue,0.5,0.0,0.0,0.0
200,0.2,12,B,fatigue,0.6,1.0,1.0,0.0
200,0.2,12,B,fatigue,0.7,0.0,0.0,0.0
200,0.2,12,B,fatigue,0.8,1.0,1.0,0.0
200,0.2,12,B,fatigue,0.9,1.0,1.0,0.0
200,0.2,12,B,fatigue,1.0,1.0,1.0,0.0
200,0.2,12,B,longstring,0.1,0.0,0.0,0.0
200,0.2,12,B,longstring,0.2,0.0,0.0,0.0
200,0.2,12,B,longstring,0.3,0.5,0.5,0.0
200,0.2,12,B,longstring,0.4,0.5,0.0,0.5
200,0.2,12,B,longstring,0.5,1.0,1.0,0.0
200,0.2,12,B,longstring,0.6,0.5,0.5,0.0
200,0.2,12,B,longstring,0.7,1.0,1.0,0.0
200,0.2,12,B,longstring,0.8,0.5,0.5,0.0
200,0.2,12,B,longstring,0.9,1.0,1.0,0.0
200,0.2,12,B,longstring,1.0,0.5,1.0,-0.5
200,0.2,12,B,mixed,0.1,0.0,0.0,0.0
200,0.2,12,B,mixed,0.2,0.0,0.0,0.0
200,0.2,12,B,mixed,0.3,0.0,0.0,0.0
200,0.2,12,B,mixed,0.4,1.0,0.0,1.0
200,0.2,12,B,mixed,0.5,0.5,0.5,0.0
200,0.2,12,B,mixed,0.6,1.0,0.0,1.0
200,0.2,12,B,mixed,0.7,1.0,0.5,0.5
200,0.2,12,B,mixed,0.8,1.0,1.0,0.0
200,0.2,12,B,mixed,0.9,0.0,0.0,0.0
200,0.2,12,B,mixed,1.0,0.5,0.5,0.0
200,0.2,12,B,pure_straight,0.1,0.0,1.0,-1.0
200,0.2,12,B,pure_straight,0.2,0.0,0.0,0.0
200,0.2,12,B,pure_straight,0.3,0.0,0.0,0.0
200,0.2,12,B,pure_straight,0.4,1.0,1.0,0.0
200,0.2,12,B,pure_straight,0.5,1.0,1.0,0.0
200,0.2,12,B,pure_straight,0.6,1.0,1.0,0.0
200,0.2,12,B,pure_straight,0.7,1.0,1.0,0.0
200,0.2,12,B,pure_straight,0.8,1.0,1.0,0.0
200,0.2,12,B,pure_straight,0.9,1.0,1.0,0.0
200,0.2,12,B,pure_straight,1.0,1.0,1.0,0.0
200,0.2,12,B,random,0.1,0.0,0.0,0.0
200,0.2,12,B,random,0.2,0.0,0.0,0.0
200,0.2,12,B,random,0.3,0.0,0.0,0.0
200,0.2,12,B,random,0.4,1.0,0.0,1.0
200,0.2,12,B,random,0.5,0.0,0.0,0.0
200,0.2,12,B,random,0.6,0.5,0.0,0.5
200,0.2,12,B,random,0.7,0.0,0.0,0.0
200,0.2,12,B,random,0.8,1.0,0.5,0.5
200,0.2,12,B,random,0.9,1.0,1.0,0.0
200,0.2,12,B,random,1.0,0.5,0.0,0.5
200,0.4,1,B,acquiescent,0.1,0.0,0.0,0.0
200,0.4,1,B,acquiescent,0.2,0.3333333333333333,0.6666666666666666,-0.3333333333333333
200,0.4,1,B,acquiescent,0.3,0.0,0.3333333333333333,-0.3333333333333333
200,0.4,1,B,acquiescent,0.4,0.3333333333333333,0.6666666666666666,-0.3333333333333333
200,0.4,1,B,acquiescent,0.5,0.6666666666666666,0.6666666666666666,0.0
200,0.4,1,B,acquiescent,0.6,0.6666666666666666,0.6666666666666666,0.0
200,0.4,1,B,acquiescent,0.7,0.75,0.75,0.0
200,0.4,1,B,acquiescent,0.8,1.0,1.0,0.0
200,0.4,1,B,acquiescent,0.9,1.0,1.0,0.0
200,0.4,1,B,acquiescent,1.0,1.0,1.0,0.0
200,0.4,1,B,fatigue,0.1,0.0,0.0,0.0
200,0.4,1,B,fatigue,0.2,0.0,0.3333333333333333,-0.3333333333333333
200,0.4,1,B,fatigue,0.3,0.0,0.0,0.0
200,0.4,1,B,fatigue,0.4,0.6666666666666666,0.6666666666666666,0.0
200,0.4,1,B,fatigue,0.5,0.25,0.25,0.0
200,0.4,1,B,fatigue,0.6,0.6666666666666666,0.6666666666666666,0.0
200,0.4,1,B,fatigue,0.7,0.0,0.6666666666666666,-0.6666666666666666
200,0.4,1,B,fatigue,0.8,0.75,0.75,0.0
200,0.4,1,B,fatigue,0.9,1.0,1.0,0.0
200,0.4,1,B,fatigue,1.0,1.0,1.0,0.0
200,0.4,1,B,longstring,0.1,0.0,0.3333333333333333,-0.3333333333333333
200,0.4,1,B,longstring,0.2,0.3333333333333333,0.0,0.3333333333333333
200,0.4,1,B,longstring,0.3,0.5,0.5,0.0
200,0.4,1,B,longstring,0.4,0.0,0.25,-0.25
200,0.4,1,B,longstring,0.5,0.75,0.25,0.5
200,0.4,1,B,longstring,0.6,0.6666666666666666,0.6666666666666666,0.0
200,0.4,1,B,longstring,0.7,0.6666666666666666,0.6666666666666666,0.0
200,0.4,1,B,longstring,0.8,0.3333333333333333,0.6666666666666666,-0.3333333333333333
200,0.4,1,B,longstring,0.9,1.0,1.0,0.0
200,0.4,1,B,longstring,1.0,1.0,0.75,0.25
200,0.4,1,B,mixed,0.1,0.25,0.0,0.25
200,0.4,1,B,mixed,0.2,0.0,0.0,0.0
200,0.4,1,B,mixed,0.3,0.3333333333333333,0.3333333333333333,0.0
200,0.4,1,B,mixed,0.4,0.6666666666666666,0.6666666666666666,0.0
200,0.4,1,B,mixed,0.5,0.75,0.5,0.25
200,0.4,1,B,mixed,0.6,0.6666666666666666,0.0,0.6666666666666666
200,0.4,1,B,mixed,0.7,0.6666666666666666,0.3333333333333333,0.3333333333333333
200,0.4,1,B,mixed,0.8,0.75,0.75,0.0
200,0.4,1,B,mixed,0.9,0.3333333333333333,0.3333333333333333,0.0
200,0.4,1,B,mixed,1.0,1.0,0.3333333333333333,0.6666666666666667
200,0.4,1,B,pure_straight,0.1,0.0,0.25,-0.25
200,0.4,1,B,pure_straight,0.2,0.3333333333333333,0.6666666666666666,-0.3333333333333333
200,0.4,1,B,pure_straight,0.3,0.6666666666666666,0.3333333333333333,0.3333333333333333
200,0.4,1,B,pure_straight,0.4,1.0,1.0,0.0
200,0.4,1,B,pure_straight,0.5,1.0,1.0,0.0
200,0.4,1,B,pure_straight,0.6,1.0,1.0,0.0
200,0.4,1,B,pure_straight,0.7,1.0,1.0,0.0
200,0.4,1,B,pure_straight,0.8,1.0,1.0,0.0
200,0.4,1,B,pure_straight,0.9,1.0,1.0,0.0
200,0.4,1,B,pure_straight,1.0,1.0,1.0,0.0
200,0.4,1,B,random,0.1,0.0,0.0,0.0
200,0.4,1,B,random,0.2,0.3333333333333333,0.0,0.3333333333333333
200,0.4,1,B,random,0.3,0.0,0.0,0.0
200,0.4,1,B,random,0.4,0.75,0.75,0.0
200,0.4,1,B,random,0.5,1.0,0.75,0.25
200,0.4,1,B,random,0.6,0.3333333333333333,0.3333333333333333,0.0
200,0.4,1,B,random,0.7,0.6666666666666666,0.3333333333333333,0.3333333333333333
200,0.4,1,B,random,0.8,1.0,0.3333333333333333,0.6666666666666667
200,0.4,1,B,random,0.9,1.0,0.3333333333333333,0.6666666666666667
200,0.4,1,B,random,1.0,0.75,0.5,0.25
200,0.4,2,B,acquiescent,0.1,0.0,0.0,0.0
200,0.4,2,B,acquiescent,0.2,0.0,0.6666666666666666,-0.6666666666666666
200,0.4,2,B,acquiescent,0.3,0.3333333333333333,0.0,0.3333333333333333
200,0.4,2,B,acquiescent,0.4,1.0,0.75,0.25
200,0.4,2,B,acquiescent,0.5,1.0,1.0,0.0
200,0.4,2,B,acquiescent,0.6,0.75,1.0,-0.25
200,0.4,2,B,acquiescent,0.7,1.0,1.0,0.0
200,0.4,2,B,acquiescent,0.8,1.0,1.0,0.0
200,0.4,2,B,acquiescent,0.9,1.0,1.0,0.0
200,0.4,2,B,acquiescent,1.0,1.0,1.0,0.0
200,0.4,2,B,fatigue,0.1,0.0,0.0,0.0
200,0.4,2,B,fatigue,0.2,0.0,0.0,0.0
200,0.4,2,B,fatigue,0.3,0.0,0.0,0.0
200,0.4,2,B,fatigue,0.4,0.3333333333333333,0.3333333333333333,0.0
200,0.4,2,B,fatigue,0.5,0.5,1.0,-0.5
200,0.4,2,B,fatigue,0.6,0.3333333333333333,0.3333333333333333,0.0
200,0.4,2,B,fatigue,0.7,1.0,1.0,0.0
200,0.4,2,B,fatigue,0.8,0.75,1.0,-0.25
200,0.4,2,B,fatigue,0.9,0.6666666666666666,0.6666666666666666,0.0
200,0.4,2,B,fatigue,1.0,1.0,1.0,0.0
200,0.4,2,B,longstring,0.1,0.0,0.0,0.0
200,0.4,2,B,longstring,0.2,0.25,0.0,0.25
200,0.4,2,B,longstring,0.3,0.0,0.0,0.0
200,0.4,2,B,longstring,0.4,0.3333333333333333,0.6666666666666666,-0.3333333333333333
200,0.4,2,B,longstring,0.5,0.6666666666666666,0.6666666666666666,0.0
200,0.4,2,B,longstring,0.6,0.5,0.75,-0.25
200,0.4,2,B,longstring,0.7,1.0,0.6666666666666666,0.33333333333333337
200,0.4,2,B,longstring,0.8,1.0,0.6666666666666666,0.33333333333333337
200,0.4,2,B,longstring,0.9,1.0,0.75,0.25
200,0.4,2,B,longstring,1.0,1.0,1.0,0.0
200,0.4,2,B,mixed,0.1,0.0,0.0,0.0
200,0.4,2,B,mixed,0.2,0.3333333333333333,0.0,0.3333333333333333
200,0.4,2,B,mixed,0.3,0.0,0.0,0.0
200,0.4,2,B,mixed,0.4,0.6666666666666666,0.3333333333333333,0.3333333333333333
200,0.4,2,B,mixed,0.5,0.3333333333333333,0.0,0.3333333333333333
200,0.4,2,B,mixed,0.6,1.0,1.0,0.0
200,0.4,2,B,mixed,0.7,0.75,0.5,0.25
200,0.4,2,B,mixed,0.8,1.0,0.5,0.5
200,0.4,2,B,mixed,0.9,0.75,0.75,0.0
200,0.4,2,B,mixed,1.0,1.0,0.6666666666666666,0.33333333333333337
200,0.4,2,B,pure_straight,0.1,0.0,0.0,0.0
200,0.4,2,B,pure_straight,0.2,0.3333333333333333,0.0,0.3333333333333333
200,0.4,2,B,pure_straight,0.3,0.0,0.5,-0.5
200,0.4,2,B,pure_straight,0.4,0.3333333333333333,0.6666666666666666,-0.3333333333333333
200,0.4,2,B,pure_straight,0.5,0.75,0.75,0.0
200,0.4,2,B,pure_straight,0.6,0.6666666666666666,0.6666666666666666,0.0
200,0.4,2,B,pure_straight,0.7,0.6666666666666666,0.6666666666666666,0.0
200,0.4,2,B,pure_straight,0.8,1.0,1.0,0.0
200,0.4,2,B,pure_straight,0.9,1.0,1.0,0.0
200,0.4,2,B,pure_straight,1.0,1.0,1.0,0.0
200,0.4,2,B,random,0.1,0.0,0.0,0.0
200,0.4,2,B,random,0.2,0.0,0.0,0.0
200,0.4,2,B,random,0.3,0.0,0.3333333333333333,-0.3333333333333333
200,0.4,2,B,random,0.4,0.75,0.75,0.0
200,0.4,2,B,random,0.5,0.5,0.5,0.0
200,0.4,2,B,random,0.6,1.0,0.3333333333333333,0.6666666666666667
200,0.4,2,B,random,0.7,0.6666666666666666,0.0,0.6666666666666666
200,0.4,2,B,random,0.8,0.75,0.75,0.0
200,0.4,2,B,random,0.9,0.75,0.25,0.5
200,0.4,2,B,random,1.0,0.6666666666666666,0.0,0.6666666666666666
200,0.4,3,B,acquiescent,0.1,0.0,0.3333333333333333,-0.3333333333333333
200,0.4,3,B,acquiescent,0.2,0.0,0.3333333333333333,-0.3333333333333333
200,0.4,3,B,acquiescent,0.3,0.25,0.25,0.0
200,0.4,3,B,acquiescent,0.4,0.6666666666666666,1.0,-0.33333333333333337
200,0.4,3,B,acquiescent,0.5,0.6666666666666666,0.6666666666666666,0.0
200,0.4,3,B,acquiescent,0.6,0.75,0.5,0.25
200,0.4,3,B,acquiescent,0.7,0.6666666666666666,0.6666666666666666,0.0
200,0.4,3,B,acquiescent,0.8,1.0,1.0,0.0
200,0.4,3,B,acquiescent,0.9,1.0,1.0,0.0
200,0.4,3,B,acquiescent,1.0,1.0,1.0,0.0
200,0.4,3,B,fatigue,0.1,0.0,0.0,0.0
200,0.4,3,B,fatigue,0.2,0.0,0.0,0.0
200,0.4,3,B,fatigue,0.3,0.0,0.3333333333333333,-0.3333333333333333
200,0.4,3,B,fatigue,0.4,0.3333333333333333,0.6666666666666666,-0.3333333333333333
200,0.4,3,B,fatigue,0.5,0.3333333333333333,0.3333333333333333,0.0
200,0.4,3,B,fatigue,0.6,0.6666666666666666,0.6666666666666666,0.0
200,0.4,3,B,fatigue,0.7,0.5,0.75,-0.25
200,0.4,3,B,fatigue,0.8,1.0,1.0,0.0
200,0.4,3,B,fatigue,0.9,1.0,1.0,0.0
200,0.4,3,B,fatigue,1.0,0.6666666666666666,0.6666666666666666,0.0
200,0.4,3,B,longstring,0.1,0.0,0.0,0.0
200,0.4,3,B,longstring,0.2,0.0,0.25,-0.25
200,0.4,3,B,longstring,0.3,0.0,0.0,0.0
200,0.4,3,B,longstring,0.4,0.6666666666666666,0.3333333333333333,0.3333333333333333
200,0.4,3,B,longstring,0.5,0.0,0.75,-0.75
200,0.4,3,B,longstring,0.6,1.0,0.6666666666666666,0.33333333333333337
200,0.4,3,B,longstring,0.7,1.0,1.0,0.0
200,0.4,3,B,longstring,0.8,0.75,0.75,0.0
200,0.4,3,B,longstring,0.9,1.0,1.0,0.0
200,0.4,3,B,longstring,1.0,1.0,1.0,0.0
200,0.4,3,B,mixed,0.1,0.0,0.0,0.0
200,0.4,3,B,mixed,0.2,0.0,0.3333333333333333,-0.3333333333333333
200,0.4,3,B,mixed,0.3,0.0,0.25,-0.25
200,0.4,3,B,mixed,0.4,0.6666666666666666,0.3333333333333333,0.3333333333333333
200,0.4,3,B,mixed,0.5,0.75,0.75,0.0
200,0.4,3,B,mixed,0.6,0.3333333333333333,0.0,0.3333333333333333
200,0.4,3,B,mixed,0.7,1.0,1.0,0.0
200,0.4,3,B,mixed,0.8,1.0,0.6666666666666666,0.33333333333333337
200,0.4,3,B,mixed,0.9,0.75,0.25,0.5
200,0.4,3,B,mixed,1.0,0.6666666666666666,0.6666666666666666,0.0
200,0.4,3,B,pure_straight,0.1,0.0,0.0,0.0
200,0.4,3,B,pure_straight,0.2,0.3333333333333333,0.6666666666666666,-0.3333333333333333
200,0.4,3,B,pure_straight,0.3,0.25,0.25,0.0
200,0.4,3,B,pure_straight,0.4,1.0,1.0,0.0
200,0.4,3,B,pure_straight,0.5,0.6666666666666666,0.3333333333333333,0.3333333333333333
200,0.4,3,B,pure_straight,0.6,1.0,0.75,0.25
200,0.4,3,B,pure_straight,0.7,1.0,0.6666666666666666,0.33333333333333337
200,0.4,3,B,pure_straight,0.8,1.0,1.0,0.0
200,0.4,3,B,pure_straight,0.9,1.0,1.0,0.0
200,0.4,3,B,pure_straight,1.0,1.0,1.0,0.0
200,0.4,3,B,random,0.1,0.0,0.0,0.0
200,0.4,3,B,random,0.2,0.3333333333333333,0.6666666666666666,-0.3333333333333333
200,0.4,3,B,random,0.3,1.0,0.6666666666666666,0.33333333333333337
200,0.4,3,B,random,0.4,0.6666666666666666,0.3333333333333333,0.3333333333333333
200,0.4,3,B,random,0.5,1.0,0.25,0.75
200,0.4,3,B,random,0.6,0.25,0.25,0.0
200,0.4,3,B,random,0.7,1.0,0.6666666666666666,0.33333333333333337
200,0.4,3,B,random,0.8,1.0,1.0,0.0
200,0.4,3,B,random,0.9,0.3333333333333333,0.3333333333333333,0.0
200,0.4,3,B,random,1.0,0.75,0.5,0.25
200,0.4,4,B,acquiescent,0.1,0.0,0.3333333333333333,-0.3333333333333333
200,0.4,4,B,acquiescent,0.2,0.75,0.75,0.0
200,0.4,4,B,acquiescent,0.3,0.3333333333333333,0.3333333333333333,0.0
200,0.4,4,B,acquiescent,0.4,0.3333333333333333,0.3333333333333333,0.0
200,0.4,4,B,acquiescent,0.5,1.0,1.0,0.0
200,0.4,4,B,acquiescent,0.6,0.6666666666666666,0.3333333333333333,0.3333333333333333
200,0.4,4,B,acquiescent,0.7,1.0,1.0,0.0
200,0.4,4,B,acquiescent,0.8,1.0,1.0,0.0
200,0.4,4,B,acquiescent,0.9,1.0,1.0,0.0
200,0.4,4,B,acquiescent,1.0,1.0,1.0,0.0
200,0.4,4,B,fatigue,0.1,0.0,0.0,0.0
200,0.4,4,B,fatigue,0.2,0.0,0.0,0.0
200,0.4,4,B,fatigue,0.3,0.25,0.25,0.0
200,0.4,4,B,fatigue,0.4,0.25,0.0,0.25
200,0.4,4,B,fatigue,0.5,0.0,0.25,-0.25
200,0.4,4,B,fatigue,0.6,0.6666666666666666,0.3333333333333333,0.3333333333333333
200,0.4,4,B,fatigue,0.7,0.6666666666666666,0.6666666666666666,0.0
200,0.4,4,B,fatigue,0.8,0.6666666666666666,0.6666666666666666,0.0
200,0.4,4,B,fatigue,0.9,1.0,1.0,0.0
200,0.4,4,B,fatigue,1.0,1.0,1.0,0.0
200,0.4,4,B,longstring,0.1,0.0,0.0,0.0
200,0.4,4,B,longstring,0.2,0.0,0.0,0.0
200,0.4,4,B,longstring,0.3,0.0,0.75,-0.75
200,0.4,4,B,longstring,0.4,0.3333333333333333,0.3333333333333333,0.0
200,0.4,4,B,longstring,0.5,0.3333333333333333,0.6666666666666666,-0.3333333333333333
200,0.4,4,B,longstring,0.6,0.3333333333333333,0.6666666666666666,-0.3333333333333333
200,0.4,4,B,longstring,0.7,0.6666666666666666,0.6666666666666666,0.0
200,0.4,4,B,longstring,0.8,1.0,0.3333333333333333,0.6666666666666667
200,0.4,4,B,longstring,0.9,0.75,0.75,0.0
200,0.4,4,B,longstring,1.0,1.0,1.0,0.0
200,0.4,4,B,mixed,0.1,0.0,0.3333333333333333,-0.3333333333333333
200,0.4,4,B,mixed,0.2,0.0,0.0,0.0
200,0.4,4,B,mixed,0.3,0.25,0.0,0.25
200,0.4,4,B,mixed,0.4,0.3333333333333333,0.3333333333333333,0.0
200,0.4,4,B,mixed,0.5,0.3333333333333333,1.0,-0.6666666666666667
200,0.4,4,B,mixed,0.6,0.75,0.5,0.25
200,0.4,4,B,mixed,0.7,0.6666666666666666,0.3333333333333333,0.3333333333333333
200,0.4,4,B,mixed,0.8,1.0,0.6666666666666666,0.33333333333333337
200,0.4,4,B,mixed,0.9,1.0,0.6666666666666666,0.33333333333333337
200,0.4,4,B,mixed,1.0,1.0,0.6666666666666666,0.33333333333333337
200,0.4,4,B,pure_straight,0.1,0.0,0.0,0.0
200,0.4,4,B,pure_straight,0.2,0.5,0.5,0.0
200,0.4,4,B,pure_straight,0.3,0.75,0.75,0.0
200,0.4,4,B,pure_straight,0.4,0.3333333333333333,0.6666666666666666,-0.3333333333333333
200,0.4,4,B,pure_straight,0.5,1.0,1.0,0.0
200,0.4,4,B,pure_straight,0.6,1.0,0.3333333333333333,0.6666666666666667
200,0.4,4,B,pure_straight,0.7,1.0,1.0,0.0
200,0.4,4,B,pure_straight,0.8,1.0,1.0,0.0
200,0.4,4,B,pure_straight,0.9,1.0,1.0,0.0
200,0.4,4,B,pure_straight,1.0,1.0,1.0,0.0
200,0.4,4,B,random,0.1,0.0,0.0,0.0
200,0.4,4,B,random,0.2,0.0,0.0,0.0
200,0.4,4,B,random,0.3,0.0,0.0,0.0
200,0.4,4,B,random,0.4,0.5,0.0,0.5
200,0.4,4,B,random,0.5,0.3333333333333333,1.0,-0.6666666666666667
200,0.4,4,B,random,0.6,0.6666666666666666,0.3333333333333333,0.3333333333333333
200,0.4,4,B,random,0.7,0.75,0.75,0.0
200,0.4,4,B,random,0.8,1.0,0.5,0.5
200,0.4,4,B,random,0.9,1.0,0.6666666666666666,0.33333333333333337
200,0.4,4,B,random,1.0,0.3333333333333333,0.3333333333333333,0.0
200,0.4,5,B,acquiescent,0.1,0.0,0.3333333333333333,-0.3333333333333333
200,0.4,5,B,acquiescent,0.2,0.3333333333333333,0.0,0.3333333333333333
200,0.4,5,B,acquiescent,0.3,0.0,0.3333333333333333,-0.3333333333333333
200,0.4,5,B,acquiescent,0.4,0.5,0.75,-0.25
200,0.4,5,B,acquiescent,0.5,0.75,0.75,0.0
200,0.4,5,B,acquiescent,0.6,0.6666666666666666,0.3333333333333333,0.3333333333333333
200,0.4,5,B,acquiescent,0.7,1.0,1.0,0.0
200,0.4,5,B,acquiescent,0.8,1.0,1.0,0.0
200,0.4,5,B,acquiescent,0.9,1.0,1.0,0.0
200,0.4,5,B,acquiescent,1.0,1.0,1.0,0.0
200,0.4,5,B,fatigue,0.1,0.3333333333333333,0.3333333333333333,0.0
200,0.4,5,B,fatigue,0.2,0.0,0.0,0.0
200,0.4,5,B,fatigue,0.3,0.0,0.0,0.0
200,0.4,5,B,fatigue,0.4,0.3333333333333333,0.3333333333333333,0.0
200,0.4,5,B,fatigue,0.5,0.25,0.25,0.0
200,0.4,5,B,fatigue,0.6,0.6666666666666666,0.6666666666666666,0.0
200,0.4,5,B,fatigue,0.7,0.5,1.0,-0.5
200,0.4,5,B,fatigue,0.8,1.0,0.6666666666666666,0.33333333333333337
200,0.4,5,B,fatigue,0.9,1.0,1.0,0.0
200,0.4,5,B,fatigue,1.0,1.0,1.0,0.0
200,0.4,5,B,longstring,0.1,0.0,0.0,0.0
200,0.4,5,B,longstring,0.2,0.0,0.0,0.0
200,0.4,5,B,longstring,0.3,0.0,0.0,0.0
200,0.4,5,B,longstring,0.4,0.0,0.25,-0.25
200,0.4,5,B,longstring,0.5,0.6666666666666666,0.6666666666666666,0.0
200,0.4,5,B,longstring,0.6,1.0,1.0,0.0
200,0.4,5,B,longstring,0.7,0.75,0.75,0.0
200,0.4,5,B,longstring,0.8,1.0,1.0,0.0
200,0.4,5,B,longstring,0.9,1.0,1.0,0.0
200,0.4,5,B,longstring,1.0,1.0,1.0,0.0
200,0.4,5,B,mixed,0.1,0.0,0.0,0.0
200,0.4,5,B,mixed,0.2,0.0,0.0,0.0
200,0.4,5,B,mixed,0.3,0.0,0.3333333333333333,-0.3333333333333333
200,0.4,5,B,mixed,0.4,0.75,0.0,0.75
200,0.4,5,B,mixed,0.5,0.3333333333333333,0.6666666666666666,-0.3333333333333333
200,0.4,5,B,mixed,0.6,1.0,0.5,0.5
200,0.4,5,B,mixed,0.7,1.0,0.5,0.5
200,0.4,5,B,mixed,0.8,0.6666666666666666,0.3333333333333333,0.3333333333333333
200,0.4,5,B,mixed,0.9,0.6666666666666666,0.3333333333333333,0.3333333333333333
200,0.4,5,B,mixed,1.0,1.0,1.0,0.0
200,0.4,5,B,pure_straight,0.1,0.0,0.0,0.0
200,0.4,5,B,pure_straight,0.2,0.25,0.25,0.0
200,0.4,5,B,pure_straight,0.3,0.0,0.0,0.0
200,0.4,5,B,pure_straight,0.4,0.0,0.6666666666666666,-0.6666666666666666
200,0.4,5,B,pure_straight,0.5,1.0,1.0,0.0
200,0.4,5,B,pure_straight,0.6,1.0,1.0,0.0
200,0.4,5,B,pure_straight,0.7,1.0,1.0,0.0
200,0.4,5,B,pure_straight,0.8,1.0,1.0,0.0
200,0.4,5,B,pure_straight,0.9,1.0,1.0,0.0
200,0.4,5,B,pure_straight,1.0,1.0,1.0,0.0
200,0.4,5,B,random,0.1,0.3333333333333333,0.3333333333333333,0.0
200,0.4,5,B,random,0.2,0.3333333333333333,0.0,0.3333333333333333
200,0.4,5,B,random,0.3,0.25,0.0,0.25
200,0.4,5,B,random,0.4,0.25,0.25,0.0
200,0.4,5,B,random,0.5,0.5,0.5,0.0
200,0.4,5,B,random,0.6,0.6666666666666666,0.0,0.6666666666666666
200,0.4,5,B,random,0.7,1.0,0.3333333333333333,0.6666666666666667
200,0.4,5,B,random,0.8,0.75,0.5,0.25
200,0.4,5,B,random,0.9,1.0,1.0,0.0
200,0.4,5,B,random,1.0,1.0,0.6666666666666666,0.33333333333333337
200,0.4,6,B,acquiescent,0.1,0.0,0.0,0.0
200,0.4,6,B,acquiescent,0.2,0.6666666666666666,0.6666666666666666,0.0
200,0.4,6,B,acquiescent,0.3,0.0,0.0,0.0
200,0.4,6,B,acquiescent,0.4,0.0,0.6666666666666666,-0.6666666666666666
200,0.4,6,B,acquiescent,0.5,0.75,1.0,-0.25
200,0.4,6,B,acquiescent,0.6,1.0,0.5,0.5
200,0.4,6,B,acquiescent,0.7,0.6666666666666666,1.0,-0.33333333333333337
200,0.4,6,B,acquiescent,0.8,1.0,1.0,0.0
200,0.4,6,B,acquiescent,0.9,1.0,1.0,0.0
200,0.4,6,B,acquiescent,1.0,1.0,1.0,0.0
200,0.4,6,B,fatigue,0.1,0.3333333333333333,0.3333333333333333,0.0
200,0.4,6,B,fatigue,0.2,0.0,0.0,0.0
200,0.4,6,B,fatigue,0.3,0.0,0.6666666666666666,-0.6666666666666666
200,0.4,6,B,fatigue,0.4,0.0,0.0,0.0
200,0.4,6,B,fatigue,0.5,0.25,0.25,0.0
200,0.4,6,B,fatigue,0.6,0.6666666666666666,0.6666666666666666,0.0
200,0.4,6,B,fatigue,0.7,0.3333333333333333,0.3333333333333333,0.0
200,0.4,6,B,fatigue,0.8,0.6666666666666666,0.6666666666666666,0.0
200,0.4,6,B,fatigue,0.9,1.0,1.0,0.0
200,0.4,6,B,fatigue,1.0,1.0,1.0,0.0
200,0.4,6,B,longstring,0.1,0.0,0.0,0.0
200,0.4,6,B,longstring,0.2,0.0,0.0,0.0
200,0.4,6,B,longstring,0.3,0.0,0.0,0.0
200,0.4,6,B,longstring,0.4,1.0,1.0,0.0
200,0.4,6,B,longstring,0.5,0.6666666666666666,0.3333333333333333,0.3333333333333333
200,0.4,6,B,longstring,0.6,0.75,0.25,0.5
200,0.4,6,B,longstring,0.7,0.75,0.75,0.0
200,0.4,6,B,longstring,0.8,1.0,0.6666666666666666,0.33333333333333337
200,0.4,6,B,longstring,0.9,1.0,0.6666666666666666,0.33333333333333337
200,0.4,6,B,longstring,1.0,1.0,1.0,0.0
200,0.4,6,B,mixed,0.1,0.0,0.0,0.0
200,0.4,6,B,mixed,0.2,0.5,0.5,0.0
200,0.4,6,B,mixed,0.3,0.0,0.0,0.0
200,0.4,6,B,mixed,0.4,0.25,0.0,0.25
200,0.4,6,B,mixed,0.5,0.3333333333333333,0.3333333333333333,0.0
200,0.4,6,B,mixed,0.6,0.6666666666666666,0.3333333333333333,0.3333333333333333
200,0.4,6,B,mixed,0.7,0.6666666666666666,0.3333333333333333,0.3333333333333333
200,0.4,6,B,mixed,0.8,0.6666666666666666,0.6666666666666666,0.0
200,0.4,6,B,mixed,0.9,1.0,0.3333333333333333,0.6666666666666667
200,0.4,6,B,mixed,1.0,0.6666666666666666,0.3333333333333333,0.3333333333333333
200,0.4,6,B,pure_straight,0.1,0.5,0.5,0.0
200,0.4,6,B,pure_straight,0.2,0.0,0.25,-0.25
200,0.4,6,B,pure_straight,0.3,0.3333333333333333,0.6666666666666666,-0.3333333333333333
200,0.4,6,B,pure_straight,0.4,0.3333333333333333,0.3333333333333333,0.0
200,0.4,6,B,pure_straight,0.5,1.0,1.0,0.0
200,0.4,6,B,pure_straight,0.6,1.0,1.0,0.0
200,0.4,6,B,pure_straight,0.7,1.0,1.0,0.0
200,0.4,6,B,pure_straight,0.8,1.0,1.0,0.0
200,0.4,6,B,pure_straight,0.9,1.0,1.0,0.0
200,0.4,6,B,pure_straight,1.0,1.0,1.0,0.0
200,0.4,6,B,random,0.1,0.0,0.0,0.0
200,0.4,6,B,random,0.2,0.0,0.0,0.0
200,0.4,6,B,random,0.3,0.25,0.0,0.25
200,0.4,6,B,random,0.4,1.0,0.3333333333333333,0.6666666666666667
200,0.4,6,B,random,0.5,1.0,0.3333333333333333,0.6666666666666667
200,0.4,6,B,random,0.6,0.3333333333333333,0.3333333333333333,0.0
200,0.4,6,B,random,0.7,0.6666666666666666,0.6666666666666666,0.0
200,0.4,6,B,random,0.8,0.75,0.75,0.0
200,0.4,6,B,random,0.9,1.0,0.6666666666666666,0.33333333333333337
200,0.4,6,B,random,1.0,1.0,0.5,0.5
200,0.4,7,B,acquiescent,0.1,0.0,0.0,0.0
200,0.4,7,B,acquiescent,0.2,0.0,0.3333333333333333,-0.3333333333333333
200,0.4,7,B,acquiescent,0.3,0.3333333333333333,0.0,0.3333333333333333
200,0.4,7,B,acquiescent,0.4,0.3333333333333333,0.6666666666666666,-0.3333333333333333
200,0.4,7,B,acquiescent,0.5,0.3333333333333333,0.0,0.3333333333333333
200,0.4,7,B,acquiescent,0.6,1.0,0.6666666666666666,0.33333333333333337
200,0.4,7,B,acquiescent,0.7,1.0,1.0,0.0
200,0.4,7,B,acquiescent,0.8,1.0,1.0,0.0
200,0.4,7,B,acquiescent,0.9,1.0,1.0,0.0
200,0.4,7,B,acquiescent,1.0,1.0,1.0,0.0
200,0.4,7,B,fatigue,0.1,0.0,0.0,0.0
200,0.4,7,B,fatigue,0.2,0.0,0.0,0.0
200,0.4,7,B,fatigue,0.3,0.0,0.25,-0.25
200,0.4,7,B,fatigue,0.4,0.0,0.25,-0.25
200,0.4,7,B,fatigue,0.5,0.6666666666666666,0.3333333333333333,0.3333333333333333
200,0.4,7,B,fatigue,0.6,0.6666666666666666,0.6666666666666666,0.0
200,0.4,7,B,fatigue,0.7,0.6666666666666666,1.0,-0.33333333333333337
200,0.4,7,B,fatigue,0.8,0.6666666666666666,0.6666666666666666,0.0
200,0.4,7,B,fatigue,0.9,1.0,1.0,0.0
200,0.4,7,B,fatigue,1.0,1.0,1.0,0.0
200,0.4,7,B,longstring,0.1,0.0,0.0,0.0
200,0.4,7,B,longstring,0.2,0.3333333333333333,0.0,0.3333333333333333
200,0.4,7,B,longstring,0.3,0.3333333333333333,0.6666666666666666,-0.3333333333333333
200,0.4,7,B,longstring,0.4,0.6666666666666666,1.0,-0.33333333333333337
200,0.4,7,B,longstring,0.5,0.6666666666666666,0.6666666666666666,0.0
200,0.4,7,B,longstring,0.6,1.0,0.6666666666666666,0.33333333333333337
200,0.4,7,B,longstring,0.7,0.75,0.75,0.0
200,0.4,7,B,longstring,0.8,0.6666666666666666,0.6666666666666666,0.0
200,0.4,7,B,longstring,0.9,1.0,0.75,0.25
200,0.4,7,B,longstring,1.0,1.0,1.0,0.0
200,0.4,7,B,mixed,0.1,0.0,0.3333333333333333,-0.3333333333333333
200,0.4,7,B,mixed,0.2,0.0,0.3333333333333333,-0.3333333333333333
200,0.4,7,B,mixed,0.3,0.3333333333333333,0.3333333333333333,0.0
200,0.4,7,B,mixed,0.4,0.75,0.0,0.75
200,0.4,7,B,mixed,0.5,0.6666666666666666,0.6666666666666666,0.0
200,0.4,7,B,mixed,0.6,0.75,0.5,0.25
200,0.4,7,B,mixed,0.7,0.6666666666666666,0.6666666666666666,0.0
200,0.4,7,B,mixed,0.8,1.0,1.0,0.0
200,0.4,7,B,mixed,0.9,1.0,0.3333333333333333,0.6666666666666667
200,0.4,7,B,mixed,1.0,1.0,0.3333333333333333,0.6666666666666667
200,0.4,7,B,pure_straight,0.1,0.25,0.0,0.25
200,0.4,7,B,pure_straight,0.2,0.0,0.0,0.0
200,0.4,7,B,pure_straight,0.3,0.0,0.0,0.0
200,0.4,7,B,pure_straight,0.4,0.25,0.25,0.0
200,0.4,7,B,pure_straight,0.5,1.0,0.6666666666666666,0.33333333333333337
200,0.4,7,B,pure_straight,0.6,1.0,0.75,0.25
200,0.4,7,B,pure_straight,0.7,1.0,0.6666666666666666,0.33333333333333337
200,0.4,7,B,pure_straight,0.8,1.0,1.0,0.0
200,0.4,7,B,pure_straight,0.9,1.0,1.0,0.0
200,0.4,7,B,pure_straight,1.0,1.0,1.0,0.0
200,0.4,7,B,random,0.1,0.0,0.0,0.0
200,0.4,7,B,random,0.2,0.0,0.3333333333333333,-0.3333333333333333
200,0.4,7,B,random,0.3,0.0,0.3333333333333333,-0.3333333333333333
200,0.4,7,B,random,0.4,0.5,0.75,-0.25
200,0.4,7,B,random,0.5,0.75,0.25,0.5
200,0.4,7,B,random,0.6,0.6666666666666666,0.6666666666666666,0.0
200,0.4,7,B,random,0.7,1.0,0.0,1.0
200,0.4,7,B,random,0.8,0.75,0.75,0.0
200,0.4,7,B,random,0.9,0.6666666666666666,1.0,-0.33333333333333337
200,0.4,7,B,random,1.0,1.0,1.0,0.0
200,0.4,8,B,acquiescent,0.1,0.0,0.25,-0.25
200,0.4,8,B,acquiescent,0.2,0.0,0.0,0.0
200,0.4,8,B,acquiescent,0.3,0.3333333333333333,0.0,0.3333333333333333
200,0.4,8,B,acquiescent,0.4,0.5,0.75,-0.25
200,0.4,8,B,acquiescent,0.5,0.6666666666666666,1.0,-0.33333333333333337
200,0.4,8,B,acquiescent,0.6,0.6666666666666666,0.6666666666666666,0.0
200,0.4,8,B,acquiescent,0.7,1.0,1.0,0.0
200,0.4,8,B,acquiescent,0.8,1.0,1.0,0.0
200,0.4,8,B,acquiescent,0.9,1.0,1.0,0.0
200,0.4,8,B,acquiescent,1.0,1.0,1.0,0.0
200,0.4,8,B,fatigue,0.1,0.0,0.0,0.0
200,0.4,8,B,fatigue,0.2,0.25,0.25,0.0
200,0.4,8,B,fatigue,0.3,0.3333333333333333,0.0,0.3333333333333333
200,0.4,8,B,fatigue,0.4,0.0,0.3333333333333333,-0.3333333333333333
200,0.4,8,B,fatigue,0.5,0.6666666666666666,0.6666666666666666,0.0
200,0.4,8,B,fatigue,0.6,0.6666666666666666,0.3333333333333333,0.3333333333333333
200,0.4,8,B,fatigue,0.7,0.5,0.75,-0.25
200,0.4,8,B,fatigue,0.8,0.6666666666666666,0.6666666666666666,0.0
200,0.4,8,B,fatigue,0.9,1.0,1.0,0.0
200,0.4,8,B,fatigue,1.0,1.0,1.0,0.0
200,0.4,8,B,longstring,0.1,0.3333333333333333,0.3333333333333333,0.0
200,0.4,8,B,longstring,0.2,0.25,0.25,0.0
200,0.4,8,B,longstring,0.3,0.3333333333333333,0.3333333333333333,0.0
200,0.4,8,B,longstring,0.4,0.5,1.0,-0.5
200,0.4,8,B,longstring,0.5,0.3333333333333333,0.3333333333333333,0.0
200,0.4,8,B,longstring,0.6,0.25,0.5,-0.25
200,0.4,8,B,longstring,0.7,1.0,0.6666666666666666,0.33333333333333337
200,0.4,8,B,longstring,0.8,1.0,1.0,0.0
200,0.4,8,B,longstring,0.9,1.0,1.0,0.0
200,0.4,8,B,longstring,1.0,1.0,0.75,0.25
200,0.4,8,B,mixed,0.1,0.0,0.0,0.0
200,0.4,8,B,mixed,0.2,0.25,0.25,0.0
200,0.4,8,B,mixed,0.3,0.25,0.0,0.25
200,0.4,8,B,mixed,0.4,0.3333333333333333,0.0,0.3333333333333333
200,0.4,8,B,mixed,0.5,0.3333333333333333,0.3333333333333333,0.0
200,0.4,8,B,mixed,0.6,1.0,0.6666666666666666,0.33333333333333337
200,0.4,8,B,mixed,0.7,0.6666666666666666,0.6666666666666666,0.0
200,0.4,8,B,mixed,0.8,0.75,0.25,0.5
200,0.4,8,B,mixed,0.9,1.0,0.6666666666666666,0.33333333333333337
200,0.4,8,B,mixed,1.0,1.0,0.6666666666666666,0.33333333333333337
200,0.4,8,B,pure_straight,0.1,0.25,0.25,0.0
200,0.4,8,B,pure_straight,0.2,0.0,0.3333333333333333,-0.3333333333333333
200,0.4,8,B,pure_straight,0.3,0.3333333333333333,0.6666666666666666,-0.3333333333333333
200,0.4,8,B,pure_straight,0.4,0.75,0.5,0.25
200,0.4,8,B,pure_straight,0.5,0.6666666666666666,0.3333333333333333,0.3333333333333333
200,0.4,8,B,pure_straight,0.6,0.6666666666666666,1.0,-0.33333333333333337
200,0.4,8,B,pure_straight,0.7,1.0,1.0,0.0
200,0.4,8,B,pure_straight,0.8,1.0,1.0,0.0
200,0.4,8,B,pure_straight,0.9,1.0,1.0,0.0
200,0.4,8,B,pure_straight,1.0,1.0,1.0,0.0
200,0.4,8,B,random,0.1,0.0,0.0,0.0
200,0.4,8,B,random,0.2,0.25,0.25,0.0
200,0.4,8,B,random,0.3,0.0,0.0,0.0
200,0.4,8,B,random,0.4,0.5,0.25,0.25
200,0.4,8,B,random,0.5,0.3333333333333333,0.3333333333333333,0.0
200,0.4,8,B,random,0.6,0.0,0.0,0.0
200,0.4,8,B,random,0.7,0.6666666666666666,0.3333333333333333,0.3333333333333333
200,0.4,8,B,random,0.8,0.75,0.5,0.25
200,0.4,8,B,random,0.9,0.75,0.5,0.25
200,0.4,8,B,random,1.0,1.0,0.6666666666666666,0.33333333333333337
200,0.4,9,B,acquiescent,0.1,0.0,0.0,0.0
200,0.4,9,B,acquiescent,0.2,0.5,0.5,0.0
200,0.4,9,B,acquiescent,0.3,0.3333333333333333,0.3333333333333333,0.0
200,0.4,9,B,acquiescent,0.4,0.3333333333333333,0.3333333333333333,0.0
200,0.4,9,B,acquiescent,0.5,1.0,0.6666666666666666,0.33333333333333337
200,0.4,9,B,acquiescent,0.6,1.0,1.0,0.0
200,0.4,9,B,acquiescent,0.7,0.75,1.0,-0.25
200,0.4,9,B,acquiescent,0.8,1.0,1.0,0.0
200,0.4,9,B,acquiescent,0.9,1.0,1.0,0.0
200,0.4,9,B,acquiescent,1.0,1.0,1.0,0.0
200,0.4,9,B,fatigue,0.1,0.0,0.0,0.0
200,0.4,9,B,fatigue,0.2,0.25,0.25,0.0
200,0.4,9,B,fatigue,0.3,0.0,0.0,0.0
200,0.4,9,B,fatigue,0.4,0.0,0.0,0.0
200,0.4,9,B,fatigue,0.5,0.6666666666666666,1.0,-0.33333333333333337
200,0.4,9,B,fatigue,0.6,0.3333333333333333,0.3333333333333333,0.0
200,0.4,9,B,fatigue,0.7,0.5,1.0,-0.5
200,0.4,9,B,fatigue,0.8,0.6666666666666666,1.0,-0.33333333333333337
200,0.4,9,B,fatigue,0.9,0.6666666666666666,0.6666666666666666,0.0
200,0.4,9,B,fatigue,1.0,0.6666666666666666,0.6666666666666666,0.0
200,0.4,9,B,longstring,0.1,0.0,0.0,0.0
200,0.4,9,B,longstring,0.2,0.0,0.0,0.0
200,0.4,9,B,longstring,0.3,0.25,0.25,0.0
200,0.4,9,B,longstring,0.4,0.6666666666666666,0.6666666666666666,0.0
200,0.4,9,B,longstring,0.5,1.0,0.3333333333333333,0.6666666666666667
200,0.4,9,B,longstring,0.6,0.75,0.5,0.25
200,0.4,9,B,longstring,0.7,1.0,0.75,0.25
200,0.4,9,B,longstring,0.8,1.0,1.0,0.0
200,0.4,9,B,longstring,0.9,1.0,1.0,0.0
200,0.4,9,B,longstring,1.0,1.0,1.0,0.0
200,0.4,9,B,mixed,0.1,0.0,0.3333333333333333,-0.3333333333333333
200,0.4,9,B,mixed,0.2,0.0,0.0,0.0
200,0.4,9,B,mixed,0.3,0.0,0.0,0.0
200,0.4,9,B,mixed,0.4,0.0,0.0,0.0
200,0.4,9,B,mixed,0.5,0.6666666666666666,0.6666666666666666,0.0
200,0.4,9,B,mixed,0.6,0.3333333333333333,1.0,-0.6666666666666667
200,0.4,9,B,mixed,0.7,0.3333333333333333,0.3333333333333333,0.0
200,0.4,9,B,mixed,0.8,1.0,0.75,0.25
200,0.4,9,B,mixed,0.9,0.5,0.75,-0.25
200,0.4,9,B,mixed,1.0,0.3333333333333333,0.3333333333333333,0.0
200,0.4,9,B,pure_straight,0.1,0.0,0.0,0.0
200,0.4,9,B,pure_straight,0.2,0.0,0.3333333333333333,-0.3333333333333333
200,0.4,9,B,pure_straight,0.3,1.0,1.0,0.0
200,0.4,9,B,pure_straight,0.4,0.6666666666666666,0.6666666666666666,0.0
200,0.4,9,B,pure_straight,0.5,0.75,1.0,-0.25
200,0.4,9,B,pure_straight,0.6,1.0,1.0,0.0
200,0.4,9,B,pure_straight,0.7,1.0,1.0,0.0
200,0.4,9,B,pure_straight,0.8,1.0,1.0,0.0
200,0.4,9,B,pure_straight,0.9,1.0,1.0,0.0
200,0.4,9,B,pure_straight,1.0,1.0,1.0,0.0
200,0.4,9,B,random,0.1,0.0,0.0,0.0
200,0.4,9,B,random,0.2,0.0,0.25,-0.25
200,0.4,9,B,random,0.3,0.0,0.0,0.0
200,0.4,9,B,random,0.4,0.3333333333333333,0.0,0.3333333333333333
200,0.4,9,B,random,0.5,1.0,0.0,1.0
200,0.4,9,B,random,0.6,0.6666666666666666,0.3333333333333333,0.3333333333333333
200,0.4,9,B,random,0.7,0.75,0.25,0.5
200,0.4,9,B,random,0.8,0.75,0.0,0.75
200,0.4,9,B,random,0.9,1.0,0.6666666666666666,0.33333333333333337
200,0.4,9,B,random,1.0,1.0,0.5,0.5
200,0.4,10,B,acquiescent,0.1,0.0,0.0,0.0
200,0.4,10,B,acquiescent,0.2,0.0,0.25,-0.25
200,0.4,10,B,acquiescent,0.3,0.3333333333333333,0.3333333333333333,0.0
200,0.4,10,B,acquiescent,0.4,0.6666666666666666,0.3333333333333333,0.3333333333333333
200,0.4,10,B,acquiescent,0.5,1.0,0.6666666666666666,0.33333333333333337
200,0.4,10,B,acquiescent,0.6,1.0,1.0,0.0
200,0.4,10,B,acquiescent,0.7,0.75,1.0,-0.25
200,0.4,10,B,acquiescent,0.8,1.0,1.0,0.0
200,0.4,10,B,acquiescent,0.9,1.0,1.0,0.0
200,0.4,10,B,acquiescent,1.0,1.0,1.0,0.0
200,0.4,10,B,fatigue,0.1,0.0,0.0,0.0
200,0.4,10,B,fatigue,0.2,0.0,0.0,0.0
200,0.4,10,B,fatigue,0.3,0.0,0.25,-0.25
200,0.4,10,B,fatigue,0.4,0.6666666666666666,1.0,-0.33333333333333337
200,0.4,10,B,fatigue,0.5,0.0,0.0,0.0
200,0.4,10,B,fatigue,0.6,0.3333333333333333,0.6666666666666666,-0.3333333333333333
200,0.4,10,B,fatigue,0.7,0.3333333333333333,0.3333333333333333,0.0
200,0.4,10,B,fatigue,0.8,0.5,0.75,-0.25
200,0.4,10,B,fatigue,0.9,0.75,0.5,0.25
200,0.4,10,B,fatigue,1.0,1.0,1.0,0.0
200,0.4,10,B,longstring,0.1,0.25,0.0,0.25
200,0.4,10,B,longstring,0.2,0.0,0.0,0.0
200,0.4,10,B,longstring,0.3,0.3333333333333333,0.3333333333333333,0.0
200,0.4,10,B,longstring,0.4,0.0,0.25,-0.25
200,0.4,10,B,longstring,0.5,1.0,1.0,0.0
200,0.4,10,B,longstring,0.6,0.6666666666666666,0.6666666666666666,0.0
200,0.4,10,B,longstring,0.7,0.75,0.75,0.0
200,0.4,10,B,longstring,0.8,1.0,1.0,0.0
200,0.4,10,B,longstring,0.9,0.6666666666666666,0.6666666666666666,0.0
200,0.4,10,B,longstring,1.0,1.0,0.6666666666666666,0.33333333333333337
200,0.4,10,B,mixed,0.1,0.3333333333333333,0.3333333333333333,0.0
200,0.4,10,B,mixed,0.2,0.0,0.0,0.0
200,0.4,10,B,mixed,0.3,0.0,0.0,0.0
200,0.4,10,B,mixed,0.4,0.6666666666666666,0.0,0.6666666666666666
200,0.4,10,B,mixed,0.5,0.0,0.3333333333333333,-0.3333333333333333
200,0.4,10,B,mixed,0.6,1.0,0.3333333333333333,0.6666666666666667
200,0.4,10,B,mixed,0.7,1.0,0.6666666666666666,0.33333333333333337
200,0.4,10,B,mixed,0.8,1.0,0.6666666666666666,0.33333333333333337
200,0.4,10,B,mixed,0.9,1.0,0.75,0.25
200,0.4,10,B,mixed,1.0,1.0,0.25,0.75
200,0.4,10,B,pure_straight,0.1,0.0,0.0,0.0
200,0.4,10,B,pure_straight,0.2,0.25,0.5,-0.25
200,0.4,10,B,pure_straight,0.3,0.5,0.5,0.0
200,0.4,10,B,pure_straight,0.4,0.3333333333333333,0.3333333333333333,0.0
200,0.4,10,B,pure_straight,0.5,1.0,1.0,0.0
200,0.4,10,B,pure_straight,0.6,1.0,1.0,0.0
200,0.4,10,B,pure_straight,0.7,1.0,1.0,0.0
200,0.4,10,B,pure_straight,0.8,1.0,1.0,0.0
200,0.4,10,B,pure_straight,0.9,1.0,1.0,0.0
200,0.4,10,B,pure_straight,1.0,1.0,1.0,0.0
200,0.4,10,B,random,0.1,0.0,0.0,0.0
200,0.4,10,B,random,0.2,0.0,0.25,-0.25
200,0.4,10,B,random,0.3,0.0,0.25,-0.25
200,0.4,10,B,random,0.4,0.25,0.0,0.25
200,0.4,10,B,random,0.5,0.3333333333333333,0.3333333333333333,0.0
200,0.4,10,B,random,0.6,0.6666666666666666,0.0,0.6666666666666666
200,0.4,10,B,random,0.7,1.0,0.3333333333333333,0.6666666666666667
200,0.4,10,B,random,0.8,0.6666666666666666,0.6666666666666666,0.0
200,0.4,10,B,random,0.9,0.6666666666666666,0.6666666666666666,0.0
200,0.4,10,B,random,1.0,1.0,0.6666666666666666,0.33333333333333337
200,0.4,11,B,acquiescent,0.1,0.0,0.0,0.0
200,0.4,11,B,acquiescent,0.2,1.0,0.6666666666666666,0.33333333333333337
200,0.4,11,B,acquiescent,0.3,0.5,0.5,0.0
200,0.4,11,B,acquiescent,0.4,1.0,0.6666666666666666,0.33333333333333337
200,0.4,11,B,acquiescent,0.5,0.3333333333333333,0.0,0.3333333333333333
200,0.4,11,B,acquiescent,0.6,0.0,0.5,-0.5
200,0.4,11,B,acquiescent,0.7,1.0,0.6666666666666666,0.33333333333333337
200,0.4,11,B,acquiescent,0.8,1.0,1.0,0.0
200,0.4,11,B,acquiescent,0.9,1.0,1.0,0.0
200,0.4,11,B,acquiescent,1.0,1.0,1.0,0.0
200,0.4,11,B,fatigue,0.1,0.3333333333333333,0.0,0.3333333333333333
200,0.4,11,B,fatigue,0.2,0.0,0.0,0.0
200,0.4,11,B,fatigue,0.3,0.3333333333333333,0.3333333333333333,0.0
200,0.4,11,B,fatigue,0.4,0.25,0.25,0.0
200,0.4,11,B,fatigue,0.5,0.0,0.0,0.0
200,0.4,11,B,fatigue,0.6,0.5,0.5,0.0
200,0.4,11,B,fatigue,0.7,1.0,0.6666666666666666,0.33333333333333337
200,0.4,11,B,fatigue,0.8,0.6666666666666666,0.3333333333333333,0.3333333333333333
200,0.4,11,B,fatigue,0.9,1.0,0.6666666666666666,0.33333333333333337
200,0.4,11,B,fatigue,1.0,1.0,0.6666666666666666,0.33333333333333337
200,0.4,11,B,longstring,0.1,0.3333333333333333,0.3333333333333333,0.0
200,0.4,11,B,longstring,0.2,0.0,0.0,0.0
200,0.4,11,B,longstring,0.3,0.3333333333333333,0.6666666666666666,-0.3333333333333333
200,0.4,11,B,longstring,0.4,0.5,0.5,0.0
200,0.4,11,B,longstring,0.5,1.0,0.5,0.5
200,0.4,11,B,longstring,0.6,1.0,0.5,0.5
200,0.4,11,B,longstring,0.7,1.0,1.0,0.0
200,0.4,11,B,longstring,0.8,1.0,1.0,0.0
200,0.4,11,B,longstring,0.9,0.6666666666666666,0.6666666666666666,0.0
200,0.4,11,B,longstring,1.0,1.0,1.0,0.0
200,0.4,11,B,mixed,0.1,0.0,0.25,-0.25
200,0.4,11,B,mixed,0.2,0.3333333333333333,0.3333333333333333,0.0
200,0.4,11,B,mixed,0.3,0.0,0.6666666666666666,-0.6666666666666666
200,0.4,11,B,mixed,0.4,0.3333333333333333,0.0,0.3333333333333333
200,0.4,11,B,mixed,0.5,0.25,0.25,0.0
200,0.4,11,B,mixed,0.6,0.6666666666666666,0.0,0.6666666666666666
200,0.4,11,B,mixed,0.7,0.6666666666666666,0.0,0.6666666666666666
200,0.4,11,B,mixed,0.8,0.75,0.75,0.0
200,0.4,11,B,mixed,0.9,0.6666666666666666,1.0,-0.33333333333333337
200,0.4,11,B,mixed,1.0,1.0,1.0,0.0
200,0.4,11,B,pure_straight,0.1,0.0,0.0,0.0
200,0.4,11,B,pure_straight,0.2,0.0,0.6666666666666666,-0.6666666666666666
200,0.4,11,B,pure_straight,0.3,0.6666666666666666,0.6666666666666666,0.0
200,0.4,11,B,pure_straight,0.4,0.0,0.6666666666666666,-0.6666666666666666
200,0.4,11,B,pure_straight,0.5,0.75,0.75,0.0
200,0.4,11,B,pure_straight,0.6,1.0,1.0,0.0
200,0.4,11,B,pure_straight,0.7,1.0,1.0,0.0
200,0.4,11,B,pure_straight,0.8,1.0,1.0,0.0
200,0.4,11,B,pure_straight,0.9,1.0,1.0,0.0
200,0.4,11,B,pure_straight,1.0,1.0,1.0,0.0
200,0.4,11,B,random,0.1,0.0,0.0,0.0
200,0.4,11,B,random,0.2,0.25,0.25,0.0
200,0.4,11,B,random,0.3,0.0,0.25,-0.25
200,0.4,11,B,random,0.4,0.0,0.3333333333333333,-0.3333333333333333
200,0.4,11,B,random,0.5,0.6666666666666666,0.3333333333333333,0.3333333333333333
200,0.4,11,B,random,0.6,0.5,0.25,0.25
200,0.4,11,B,random,0.7,0.6666666666666666,0.3333333333333333,0.3333333333333333
200,0.4,11,B,random,0.8,1.0,0.0,1.0
200,0.4,11,B,random,0.9,1.0,1.0,0.0
200,0.4,11,B,random,1.0,1.0,0.5,0.5
200,0.4,12,B,acquiescent,0.1,0.0,0.0,0.0
200,0.4,12,B,acquiescent,0.2,0.0,0.0,0.0
200,0.4,12,B,acquiescent,0.3,0.0,0.0,0.0
200,0.4,12,B,acquiescent,0.4,0.3333333333333333,1.0,-0.6666666666666667
200,0.4,12,B,acquiescent,0.5,0.5,0.75,-0.25
200,0.4,12,B,acquiescent,0.6,0.6666666666666666,0.6666666666666666,0.0
200,0.4,12,B,acquiescent,0.7,1.0,1.0,0.0
200,0.4,12,B,acquiescent,0.8,1.0,1.0,0.0
200,0.4,12,B,acquiescent,0.9,1.0,1.0,0.0
200,0.4,12,B,acquiescent,1.0,1.0,1.0,0.0
200,0.4,12,B,fatigue,0.1,0.0,0.0,0.0
200,0.4,12,B,fatigue,0.2,0.0,0.0,0.0
200,0.4,12,B,fatigue,0.3,0.0,0.0,0.0
200,0.4,12,B,fatigue,0.4,0.3333333333333333,0.0,0.3333333333333333
200,0.4,12,B,fatigue,0.5,0.0,0.6666666666666666,-0.6666666666666666
200,0.4,12,B,fatigue,0.6,1.0,1.0,0.0
200,0.4,12,B,fatigue,0.7,0.3333333333333333,0.6666666666666666,-0.3333333333333333
200,0.4,12,B,fatigue,0.8,1.0,0.6666666666666666,0.33333333333333337
200,0.4,12,B,fatigue,0.9,1.0,0.75,0.25
200,0.4,12,B,fatigue,1.0,1.0,1.0,0.0
200,0.4,12,B,longstring,0.1,0.0,0.0,0.0
200,0.4,12,B,longstring,0.2,0.3333333333333333,0.3333333333333333,0.0
200,0.4,12,B,longstring,0.3,0.6666666666666666,0.0,0.6666666666666666
200,0.4,12,B,longstring,0.4,0.6666666666666666,0.3333333333333333,0.3333333333333333
200,0.4,12,B,longstring,0.5,0.6666666666666666,0.0,0.6666666666666666
200,0.4,12,B,longstring,0.6,1.0,1.0,0.0
200,0.4,12,B,longstring,0.7,1.0,0.6666666666666666,0.33333333333333337
200,0.4,12,B,longstring,0.8,0.75,0.75,0.0
200,0.4,12,B,longstring,0.9,0.75,1.0,-0.25
200,0.4,12,B,longstring,1.0,1.0,1.0,0.0
200,0.4,12,B,mixed,0.1,0.0,0.3333333333333333,-0.3333333333333333
200,0.4,12,B,mixed,0.2,0.0,0.0,0.0
200,0.4,12,B,mixed,0.3,0.0,0.0,0.0
200,0.4,12,B,mixed,0.4,0.25,0.0,0.25
200,0.4,12,B,mixed,0.5,1.0,0.3333333333333333,0.6666666666666667
200,0.4,12,B,mixed,0.6,0.6666666666666666,0.6666666666666666,0.0
200,0.4,12,B,mixed,0.7,0.6666666666666666,0.6666666666666666,0.0
200,0.4,12,B,mixed,0.8,0.75,0.5,0.25
200,0.4,12,B,mixed,0.9,1.0,1.0,0.0
200,0.4,12,B,mixed,1.0,1.0,0.6666666666666666,0.33333333333333337
200,0.4,12,B,pure_straight,0.1,0.0,0.0,0.0
200,0.4,12,B,pure_straight,0.2,0.5,0.5,0.0
200,0.4,12,B,pure_straight,0.3,0.75,0.75,0.0
200,0.4,12,B,pure_straight,0.4,0.3333333333333333,1.0,-0.6666666666666667
200,0.4,12,B,pure_straight,0.5,1.0,1.0,0.0
200,0.4,12,B,pure_straight,0.6,0.6666666666666666,1.0,-0.33333333333333337
200,0.4,12,B,pure_straight,0.7,1.0,1.0,0.0
200,0.4,12,B,pure_straight,0.8,1.0,1.0,0.0
200,0.4,12,B,pure_straight,0.9,1.0,1.0,0.0
200,0.4,12,B,pure_straight,1.0,1.0,1.0,0.0
200,0.4,12,B,random,0.1,0.0,0.0,0.0
200,0.4,12,B,random,0.2,0.3333333333333333,0.3333333333333333,0.0
200,0.4,12,B,random,0.3,0.0,0.0,0.0
200,0.4,12,B,random,0.4,0.6666666666666666,0.3333333333333333,0.3333333333333333
200,0.4,12,B,random,0.5,0.5,0.5,0.0
200,0.4,12,B,random,0.6,0.75,0.75,0.0
200,0.4,12,B,random,0.7,0.5,0.25,0.25
200,0.4,12,B,random,0.8,1.0,0.6666666666666666,0.33333333333333337
200,0.4,12,B,random,0.9,1.0,0.6666666666666666,0.33333333333333337
200,0.4,12,B,random,1.0,1.0,0.25,0.75
200,0.6,1,B,acquiescent,0.1,0.0,0.0,0.0
200,0.6,1,B,acquiescent,0.2,0.2,0.2,0.0
200,0.6,1,B,acquiescent,0.3,0.2,0.8,-0.6000000000000001
200,0.6,1,B,acquiescent,0.4,0.6,0.8,-0.20000000000000007
200,0.6,1,B,acquiescent,0.5,0.8,1.0,-0.19999999999999996
200,0.6,1,B,acquiescent,0.6,1.0,1.0,0.0
200,0.6,1,B,acquiescent,0.7,0.6,0.6,0.0
200,0.6,1,B,acquiescent,0.8,0.8,0.8,0.0
200,0.6,1,B,acquiescent,0.9,1.0,1.0,0.0
200,0.6,1,B,acquiescent,1.0,1.0,1.0,0.0
200,0.6,1,B,fatigue,0.1,0.0,0.0,0.0
200,0.6,1,B,fatigue,0.2,0.0,0.0,0.0
200,0.6,1,B,fatigue,0.3,0.0,0.0,0.0
200,0.6,1,B,fatigue,0.4,0.2,0.2,0.0
200,0.6,1,B,fatigue,0.5,0.4,0.4,0.0
200,0.6,1,B,fatigue,0.6,1.0,1.0,0.0
200,0.6,1,B,fatigue,0.7,1.0,1.0,0.0
200,0.6,1,B,fatigue,0.8,0.8,0.8,0.0
200,0.6,1,B,fatigue,0.9,1.0,1.0,0.0
200,0.6,1,B,fatigue,1.0,1.0,1.0,0.0
200,0.6,1,B,longstring,0.1,0.0,0.2,-0.2
200,0.6,1,B,longstring,0.2,0.4,0.4,0.0
200,0.6,1,B,longstring,0.3,0.0,0.2,-0.2
200,0.6,1,B,longstring,0.4,0.2,0.2,0.0
200,0.6,1,B,longstring,0.5,0.4,0.2,0.2
200,0.6,1,B,longstring,0.6,0.8,0.8,0.0
200,0.6,1,B,longstring,0.7,0.8,0.8,0.0
200,0.6,1,B,longstring,0.8,0.8,0.8,0.0
200,0.6,1,B,longstring,0.9,1.0,1.0,0.0
200,0.6,1,B,longstring,1.0,0.8,1.0,-0.19999999999999996
200,0.6,1,B,mixed,0.1,0.2,0.0,0.2
200,0.6,1,B,mixed,0.2,0.2,0.4,-0.2
200,0.6,1,B,mixed,0.3,0.4,0.2,0.2
200,0.6,1,B,mixed,0.4,0.2,0.4,-0.2
200,0.6,1,B,mixed,0.5,0.2,0.0,0.2
200,0.6,1,B,mixed,0.6,0.2,0.2,0.0
200,0.6,1,B,mixed,0.7,0.8,0.6,0.20000000000000007
200,0.6,1,B,mixed,0.8,0.6,0.0,0.6
200,0.6,1,B,mixed,0.9,1.0,0.8,0.19999999999999996
200,0.6,1,B,mixed,1.0,1.0,0.6,0.4
200,0.6,1,B,pure_straight,0.1,0.2,0.2,0.0
200,0.6,1,B,pure_straight,0.2,0.6,0.2,0.39999999999999997
200,0.6,1,B,pure_straight,0.3,0.4,0.4,0.0
200,0.6,1,B,pure_straight,0.4,1.0,1.0,0.0
200,0.6,1,B,pure_straight,0.5,0.6,0.8,-0.20000000000000007
200,0.6,1,B,pure_straight,0.6,0.8,1.0,-0.19999999999999996
200,0.6,1,B,pure_straight,0.7,0.8,0.8,0.0
200,0.6,1,B,pure_straight,0.8,1.0,1.0,0.0
200,0.6,1,B,pure_straight,0.9,1.0,1.0,0.0
200,0.6,1,B,pure_straight,1.0,1.0,1.0,0.0
200,0.6,1,B,random,0.1,0.0,0.2,-0.2
200,0.6,1,B,random,0.2,0.2,0.4,-0.2
200,0.6,1,B,random,0.3,0.2,0.4,-0.2
200,0.6,1,B,random,0.4,0.8,0.4,0.4
200,0.6,1,B,random,0.5,0.6,0.2,0.39999999999999997
200,0.6,1,B,random,0.6,0.8,0.4,0.4
200,0.6,1,B,random,0.7,1.0,0.6,0.4
200,0.6,1,B,random,0.8,0.8,0.4,0.4
200,0.6,1,B,random,0.9,1.0,0.6,0.4
200,0.6,1,B,random,1.0,0.6,0.2,0.39999999999999997
200,0.6,2,B,acquiescent,0.1,0.0,0.0,0.0
200,0.6,2,B,acquiescent,0.2,0.0,0.4,-0.4
200,0.6,2,B,acquiescent,0.3,0.2,0.6,-0.39999999999999997
200,0.6,2,B,acquiescent,0.4,1.0,0.6,0.4
200,0.6,2,B,acquiescent,0.5,0.6,0.6,0.0
200,0.6,2,B,acquiescent,0.6,0.6,0.6,0.0
200,0.6,2,B,acquiescent,0.7,1.0,1.0,0.0
200,0.6,2,B,acquiescent,0.8,1.0,1.0,0.0
200,0.6,2,B,acquiescent,0.9,1.0,1.0,0.0
200,0.6,2,B,acquiescent,1.0,1.0,1.0,0.0
200,0.6,2,B,fatigue,0.1,0.0,0.0,0.0
200,0.6,2,B,fatigue,0.2,0.0,0.2,-0.2
200,0.6,2,B,fatigue,0.3,0.2,0.4,-0.2
200,0.6,2,B,fatigue,0.4,0.4,0.6,-0.19999999999999996
200,0.6,2,B,fatigue,0.5,0.6,0.6,0.0
200,0.6,2,B,fatigue,0.6,0.4,0.4,0.0
200,0.6,2,B,fatigue,0.7,0.6,1.0,-0.4
200,0.6,2,B,fatigue,0.8,0.8,0.6,0.20000000000000007
200,0.6,2,B,fatigue,0.9,0.8,1.0,-0.19999999999999996
200,0.6,2,B,fatigue,1.0,1.0,1.0,0.0
200,0.6,2,B,longstring,0.1,0.0,0.4,-0.4
200,0.6,2,B,longstring,0.2,0.2,0.6,-0.39999999999999997
200,0.6,2,B,longstring,0.3,0.2,0.6,-0.39999999999999997
200,0.6,2,B,longstring,0.4,0.8,0.6,0.20000000000000007
200,0.6,2,B,longstring,0.5,0.4,0.2,0.2
200,0.6,2,B,longstring,0.6,0.6,0.6,0.0
200,0.6,2,B,longstring,0.7,0.8,0.4,0.4
200,0.6,2,B,longstring,0.8,0.8,1.0,-0.19999999999999996
200,0.6,2,B,longstring,0.9,1.0,0.8,0.19999999999999996
200,0.6,2,B,longstring,1.0,0.8,1.0,-0.19999999999999996
200,0.6,2,B,mixed,0.1,0.0,0.0,0.0
200,0.6,2,B,mixed,0.2,0.0,0.2,-0.2
200,0.6,2,B,mixed,0.3,0.4,0.4,0.0
200,0.6,2,B,mixed,0.4,0.0,0.0,0.0
200,0.6,2,B,mixed,0.5,0.4,0.6,-0.19999999999999996
200,0.6,2,B,mixed,0.6,0.6,0.2,0.39999999999999997
200,0.6,2,B,mixed,0.7,1.0,0.6,0.4
200,0.6,2,B,mixed,0.8,0.8,0.6,0.20000000000000007
200,0.6,2,B,mixed,0.9,1.0,0.6,0.4
200,0.6,2,B,mixed,1.0,1.0,0.8,0.19999999999999996
200,0.6,2,B,pure_straight,0.1,0.0,0.2,-0.2
200,0.6,2,B,pure_straight,0.2,0.0,0.2,-0.2
200,0.6,2,B,pure_straight,0.3,0.2,0.6,-0.39999999999999997
200,0.6,2,B,pure_straight,0.4,0.8,0.8,0.0
200,0.6,2,B,pure_straight,0.5,0.8,0.4,0.4
200,0.6,2,B,pure_straight,0.6,1.0,1.0,0.0
200,0.6,2,B,pure_straight,0.7,1.0,1.0,0.0
200,0.6,2,B,pure_straight,0.8,1.0,1.0,0.0
200,0.6,2,B,pure_straight,0.9,1.0,1.0,0.0
200,0.6,2,B,pure_straight,1.0,1.0,1.0,0.0
200,0.6,2,B,random,0.1,0.0,0.0,0.0
200,0.6,2,B,random,0.2,0.0,0.2,-0.2
200,0.6,2,B,random,0.3,0.6,0.2,0.39999999999999997
200,0.6,2,B,random,0.4,0.6,0.4,0.19999999999999996
200,0.6,2,B,random,0.5,0.8,0.4,0.4
200,0.6,2,B,random,0.6,0.6,0.6,0.0
200,0.6,2,B,random,0.7,1.0,0.6,0.4
200,0.6,2,B,random,0.8,1.0,0.2,0.8
200,0.6,2,B,random,0.9,1.0,0.6,0.4
200,0.6,2,B,random,1.0,1.0,0.4,0.6
200,0.6,3,B,acquiescent,0.1,0.0,0.2,-0.2
200,0.6,3,B,acquiescent,0.2,0.6,0.2,0.39999999999999997
200,0.6,3,B,acquiescent,0.3,0.6,0.8,-0.20000000000000007
200,0.6,3,B,acquiescent,0.4,0.6,0.6,0.0
200,0.6,3,B,acquiescent,0.5,0.8,0.8,0.0
200,0.6,3,B,acquiescent,0.6,0.6,0.4,0.19999999999999996
200,0.6,3,B,acquiescent,0.7,1.0,1.0,0.0
200,0.6,3,B,acquiescent,0.8,1.0,1.0,0.0
200,0.6,3,B,acquiescent,0.9,1.0,1.0,0.0
200,0.6,3,B,acquiescent,1.0,1.0,1.0,0.0
200,0.6,3,B,fatigue,0.1,0.0,0.0,0.0
200,0.6,3,B,fatigue,0.2,0.0,0.2,-0.2
200,0.6,3,B,fatigue,0.3,0.4,0.4,0.0
200,0.6,3,B,fatigue,0.4,0.0,0.0,0.0
200,0.6,3,B,fatigue,0.5,0.0,0.4,-0.4
200,0.6,3,B,fatigue,0.6,0.4,0.6,-0.19999999999999996
200,0.6,3,B,fatigue,0.7,0.2,0.0,0.2
200,0.6,3,B,fatigue,0.8,0.8,1.0,-0.19999999999999996
200,0.6,3,B,fatigue,0.9,1.0,1.0,0.0
200,0.6,3,B,fatigue,1.0,0.8,0.8,0.0
200,0.6,3,B,longstring,0.1,0.0,0.0,0.0
200,0.6,3,B,longstring,0.2,0.0,0.4,-0.4
200,0.6,3,B,longstring,0.3,0.4,0.4,0.0
200,0.6,3,B,longstring,0.4,1.0,0.8,0.19999999999999996
200,0.6,3,B,longstring,0.5,0.4,0.6,-0.19999999999999996
200,0.6,3,B,longstring,0.6,1.0,0.8,0.19999999999999996
200,0.6,3,B,longstring,0.7,1.0,0.6,0.4
200,0.6,3,B,longstring,0.8,1.0,1.0,0.0
200,0.6,3,B,longstring,0.9,1.0,1.0,0.0
200,0.6,3,B,longstring,1.0,0.8,1.0,-0.19999999999999996
200,0.6,3,B,mixed,0.1,0.4,0.4,0.0
200,0.6,3,B,mixed,0.2,0.4,0.2,0.2
200,0.6,3,B,mixed,0.3,0.2,0.0,0.2
200,0.6,3,B,mixed,0.4,0.2,0.2,0.0
200,0.6,3,B,mixed,0.5,0.6,0.6,0.0
200,0.6,3,B,mixed,0.6,0.8,0.2,0.6000000000000001
200,0.6,3,B,mixed,0.7,0.6,0.4,0.19999999999999996
200,0.6,3,B,mixed,0.8,1.0,0.6,0.4
200,0.6,3,B,mixed,0.9,1.0,0.8,0.19999999999999996
200,0.6,3,B,mixed,1.0,1.0,0.6,0.4
200,0.6,3,B,pure_straight,0.1,0.0,0.0,0.0
200,0.6,3,B,pure_straight,0.2,0.0,0.0,0.0
200,0.6,3,B,pure_straight,0.3,0.4,0.8,-0.4
200,0.6,3,B,pure_straight,0.4,0.8,1.0,-0.19999999999999996
200,0.6,3,B,pure_straight,0.5,1.0,0.8,0.19999999999999996
200,0.6,3,B,pure_straight,0.6,1.0,1.0,0.0
200,0.6,3,B,pure_straight,0.7,1.0,1.0,0.0
200,0.6,3,B,pure_straight,0.8,1.0,1.0,0.0
200,0.6,3,B,pure_straight,0.9,1.0,1.0,0.0
200,0.6,3,B,pure_straight,1.0,1.0,1.0,0.0
200,0.6,3,B,random,0.1,0.2,0.0,0.2
200,0.6,3,B,random,0.2,0.0,0.2,-0.2
200,0.6,3,B,random,0.3,0.0,0.2,-0.2
200,0.6,3,B,random,0.4,0.6,0.6,0.0
200,0.6,3,B,random,0.5,0.8,0.4,0.4
200,0.6,3,B,random,0.6,0.8,0.2,0.6000000000000001
200,0.6,3,B,random,0.7,0.2,0.0,0.2
200,0.6,3,B,random,0.8,0.4,0.4,0.0
200,0.6,3,B,random,0.9,0.8,0.6,0.20000000000000007
200,0.6,3,B,random,1.0,0.8,0.6,0.20000000000000007
200,0.6,4,B,acquiescent,0.1,0.2,0.0,0.2
200,0.6,4,B,acquiescent,0.2,0.0,0.2,-0.2
200,0.6,4,B,acquiescent,0.3,0.0,0.0,0.0
200,0.6,4,B,acquiescent,0.4,0.4,0.6,-0.19999999999999996
200,0.6,4,B,acquiescent,0.5,0.8,0.8,0.0
200,0.6,4,B,acquiescent,0.6,0.8,0.8,0.0
200,0.6,4,B,acquiescent,0.7,0.8,0.8,0.0
200,0.6,4,B,acquiescent,0.8,1.0,1.0,0.0
200,0.6,4,B,acquiescent,0.9,1.0,1.0,0.0
200,0.6,4,B,acquiescent,1.0,1.0,1.0,0.0
200,0.6,4,B,fatigue,0.1,0.0,0.0,0.0
200,0.6,4,B,fatigue,0.2,0.0,0.4,-0.4
200,0.6,4,B,fatigue,0.3,0.2,0.4,-0.2
200,0.6,4,B,fatigue,0.4,0.4,0.4,0.0
200,0.6,4,B,fatigue,0.5,0.6,0.8,-0.20000000000000007
200,0.6,4,B,fatigue,0.6,0.6,0.8,-0.20000000000000007
200,0.6,4,B,fatigue,0.7,1.0,1.0,0.0
200,0.6,4,B,fatigue,0.8,0.8,0.8,0.0
200,0.6,4,B,fatigue,0.9,0.8,0.8,0.0
200,0.6,4,B,fatigue,1.0,1.0,1.0,0.0
200,0.6,4,B,longstring,0.1,0.0,0.2,-0.2
200,0.6,4,B,longstring,0.2,0.4,0.0,0.4
200,0.6,4,B,longstring,0.3,0.2,0.2,0.0
200,0.6,4,B,longstring,0.4,0.6,0.4,0.19999999999999996
200,0.6,4,B,longstring,0.5,0.8,0.8,0.0
200,0.6,4,B,longstring,0.6,0.8,0.8,0.0
200,0.6,4,B,longstring,0.7,0.8,0.6,0.20000000000000007
200,0.6,4,B,longstring,0.8,1.0,0.8,0.19999999999999996
200,0.6,4,B,longstring,0.9,0.8,0.8,0.0
200,0.6,4,B,longstring,1.0,1.0,1.0,0.0
200,0.6,4,B,mixed,0.1,0.4,0.4,0.0
200,0.6,4,B,mixed,0.2,0.0,0.0,0.0
200,0.6,4,B,mixed,0.3,0.8,0.6,0.20000000000000007
200,0.6,4,B,mixed,0.4,0.6,0.6,0.0
200,0.6,4,B,mixed,0.5,0.6,0.6,0.0
200,0.6,4,B,mixed,0.6,0.8,0.8,0.0
200,0.6,4,B,mixed,0.7,1.0,0.6,0.4
200,0.6,4,B,mixed,0.8,0.6,0.6,0.0
200,0.6,4,B,mixed,0.9,0.6,0.4,0.19999999999999996
200,0.6,4,B,mixed,1.0,1.0,0.8,0.19999999999999996
200,0.6,4,B,pure_straight,0.1,0.0,0.0,0.0
200,0.6,4,B,pure_straight,0.2,0.2,0.4,-0.2
200,0.6,4,B,pure_straight,0.3,0.2,0.2,0.0
200,0.6,4,B,pure_straight,0.4,0.4,0.4,0.0
200,0.6,4,B,pure_straight,0.5,0.8,0.8,0.0
200,0.6,4,B,pure_straight,0.6,0.8,0.8,0.0
200,0.6,4,B,pure_straight,0.7,1.0,1.0,0.0
200,0.6,4,B,pure_straight,0.8,1.0,1.0,0.0
200,0.6,4,B,pure_straight,0.9,1.0,1.0,0.0
200,0.6,4,B,pure_straight,1.0,1.0,1.0,0.0
200,0.6,4,B,random,0.1,0.4,0.2,0.2
200,0.6,4,B,random,0.2,0.4,0.4,0.0
200,0.6,4,B,random,0.3,0.2,0.2,0.0
200,0.6,4,B,random,0.4,0.4,0.4,0.0
200,0.6,4,B,random,0.5,0.6,0.2,0.39999999999999997
200,0.6,4,B,random,0.6,0.4,0.6,-0.19999999999999996
200,0.6,4,B,random,0.7,0.6,0.2,0.39999999999999997
200,0.6,4,B,random,0.8,0.4,0.2,0.2
200,0.6,4,B,random,0.9,0.6,0.2,0.39999999999999997
200,0.6,4,B,random,1.0,0.6,0.0,0.6
200,0.6,5,B,acquiescent,0.1,0.0,0.0,0.0
200,0.6,5,B,acquiescent,0.2,0.0,0.0,0.0
200,0.6,5,B,acquiescent,0.3,0.2,0.2,0.0
200,0.6,5,B,acquiescent,0.4,0.4,0.4,0.0
200,0.6,5,B,acquiescent,0.5,0.8,0.8,0.0
200,0.6,5,B,acquiescent,0.6,1.0,0.6,0.4
200,0.6,5,B,acquiescent,0.7,0.6,1.0,-0.4
200,0.6,5,B,acquiescent,0.8,1.0,1.0,0.0
200,0.6,5,B,acquiescent,0.9,1.0,1.0,0.0
200,0.6,5,B,acquiescent,1.0,1.0,1.0,0.0
200,0.6,5,B,fatigue,0.1,0.0,0.2,-0.2
200,0.6,5,B,fatigue,0.2,0.0,0.2,-0.2
200,0.6,5,B,fatigue,0.3,0.0,0.2,-0.2
200,0.6,5,B,fatigue,0.4,0.2,0.6,-0.39999999999999997
200,0.6,5,B,fatigue,0.5,0.6,0.6,0.0
200,0.6,5,B,fatigue,0.6,0.6,0.4,0.19999999999999996
200,0.6,5,B,fatigue,0.7,0.6,0.6,0.0
200,0.6,5,B,fatigue,0.8,0.8,1.0,-0.19999999999999996
200,0.6,5,B,fatigue,0.9,1.0,1.0,0.0
200,0.6,5,B,fatigue,1.0,1.0,1.0,0.0
200,0.6,5,B,longstring,0.1,0.0,0.0,0.0
200,0.6,5,B,longstring,0.2,0.6,0.2,0.39999999999999997
200,0.6,5,B,longstring,0.3,0.6,0.6,0.0
200,0.6,5,B,longstring,0.4,0.2,0.2,0.0
200,0.6,5,B,longstring,0.5,0.8,0.8,0.0
200,0.6,5,B,longstring,0.6,0.8,0.8,0.0
200,0.6,5,B,longstring,0.7,0.8,0.6,0.20000000000000007
200,0.6,5,B,longstring,0.8,0.8,0.6,0.20000000000000007
200,0.6,5,B,longstring,0.9,1.0,1.0,0.0
200,0.6,5,B,longstring,1.0,1.0,1.0,0.0
200,0.6,5,B,mixed,0.1,0.2,0.2,0.0
200,0.6,5,B,mixed,0.2,0.2,0.4,-0.2
200,0.6,5,B,mixed,0.3,0.2,0.0,0.2
200,0.6,5,B,mixed,0.4,0.4,0.4,0.0
200,0.6,5,B,mixed,0.5,0.2,0.4,-0.2
200,0.6,5,B,mixed,0.6,1.0,0.4,0.6
200,0.6,5,B,mixed,0.7,0.4,0.0,0.4
200,0.6,5,B,mixed,0.8,0.8,0.6,0.20000000000000007
200,0.6,5,B,mixed,0.9,0.8,0.4,0.4
200,0.6,5,B,mixed,1.0,0.8,0.8,0.0
200,0.6,5,B,pure_straight,0.1,0.2,0.2,0.0
200,0.6,5,B,pure_straight,0.2,0.4,0.6,-0.19999999999999996
200,0.6,5,B,pure_straight,0.3,0.2,0.2,0.0
200,0.6,5,B,pure_straight,0.4,0.6,0.8,-0.20000000000000007
200,0.6,5,B,pure_straight,0.5,0.8,0.6,0.20000000000000007
200,0.6,5,B,pure_straight,0.6,1.0,1.0,0.0
200,0.6,5,B,pure_straight,0.7,1.0,0.6,0.4
200,0.6,5,B,pure_straight,0.8,1.0,1.0,0.0
200,0.6,5,B,pure_straight,0.9,1.0,1.0,0.0
200,0.6,5,B,pure_straight,1.0,1.0,1.0,0.0
200,0.6,5,B,random,0.1,0.0,0.0,0.0
200,0.6,5,B,random,0.2,0.0,0.2,-0.2
200,0.6,5,B,random,0.3,0.2,0.2,0.0
200,0.6,5,B,random,0.4,0.6,0.4,0.19999999999999996
200,0.6,5,B,random,0.5,0.2,0.2,0.0
200,0.6,5,B,random,0.6,0.4,0.2,0.2
200,0.6,5,B,random,0.7,1.0,0.6,0.4
200,0.6,5,B,random,0.8,0.8,0.4,0.4
200,0.6,5,B,random,0.9,0.6,0.2,0.39999999999999997
200,0.6,5,B,random,1.0,1.0,1.0,0.0
200,0.6,6,B,acquiescent,0.1,0.2,0.4,-0.2
200,0.6,6,B,acquiescent,0.2,0.0,0.0,0.0
200,0.6,6,B,acquiescent,0.3,0.4,0.2,0.2
200,0.6,6,B,acquiescent,0.4,0.2,0.6,-0.39999999999999997
200,0.6,6,B,acquiescent,0.5,0.8,0.8,0.0
200,0.6,6,B,acquiescent,0.6,0.8,1.0,-0.19999999999999996
200,0.6,6,B,acquiescent,0.7,1.0,1.0,0.0
200,0.6,6,B,acquiescent,0.8,1.0,1.0,0.0
200,0.6,6,B,acquiescent,0.9,1.0,1.0,0.0
200,0.6,6,B,acquiescent,1.0,1.0,1.0,0.0
200,0.6,6,B,fatigue,0.1,0.0,0.0,0.0
200,0.6,6,B,fatigue,0.2,0.0,0.0,0.0
200,0.6,6,B,fatigue,0.3,0.0,0.2,-0.2
200,0.6,6,B,fatigue,0.4,0.2,0.2,0.0
200,0.6,6,B,fatigue,0.5,0.6,0.8,-0.20000000000000007
200,0.6,6,B,fatigue,0.6,0.6,0.8,-0.20000000000000007
200,0.6,6,B,fatigue,0.7,0.8,0.8,0.0
200,0.6,6,B,fatigue,0.8,0.6,1.0,-0.4
200,0.6,6,B,fatigue,0.9,1.0,1.0,0.0
200,0.6,6,B,fatigue,1.0,1.0,1.0,0.0
200,0.6,6,B,longstring,0.1,0.2,0.4,-0.2
200,0.6,6,B,longstring,0.2,0.0,0.0,0.0
200,0.6,6,B,longstring,0.3,0.8,0.4,0.4
200,0.6,6,B,longstring,0.4,0.4,0.6,-0.19999999999999996
200,0.6,6,B,longstring,0.5,0.6,0.4,0.19999999999999996
200,0.6,6,B,longstring,0.6,0.8,0.4,0.4
200,0.6,6,B,longstring,0.7,0.8,0.6,0.20000000000000007
200,0.6,6,B,longstring,0.8,0.8,0.6,0.20000000000000007
200,0.6,6,B,longstring,0.9,0.6,0.6,0.0
200,0.6,6,B,longstring,1.0,1.0,1.0,0.0
200,0.6,6,B,mixed,0.1,0.2,0.2,0.0
200,0.6,6,B,mixed,0.2,0.0,0.2,-0.2
200,0.6,6,B,mixed,0.3,0.2,0.2,0.0
200,0.6,6,B,mixed,0.4,0.2,0.0,0.2
200,0.6,6,B,mixed,0.5,0.8,0.6,0.20000000000000007
200,0.6,6,B,mixed,0.6,0.6,0.8,-0.20000000000000007
200,0.6,6,B,mixed,0.7,0.6,0.8,-0.20000000000000007
200,0.6,6,B,mixed,0.8,1.0,1.0,0.0
200,0.6,6,B,mixed,0.9,1.0,0.6,0.4
200,0.6,6,B,mixed,1.0,1.0,0.6,0.4
200,0.6,6,B,pure_straight,0.1,0.0,0.2,-0.2
200,0.6,6,B,pure_straight,0.2,0.2,0.2,0.0
200,0.6,6,B,pure_straight,0.3,0.4,0.2,0.2
200,0.6,6,B,pure_straight,0.4,0.6,1.0,-0.4
200,0.6,6,B,pure_straight,0.5,1.0,0.8,0.19999999999999996
200,0.6,6,B,pure_straight,0.6,1.0,1.0,0.0
200,0.6,6,B,pure_straight,0.7,1.0,1.0,0.0
200,0.6,6,B,pure_straight,0.8,1.0,1.0,0.0
200,0.6,6,B,pure_straight,0.9,1.0,1.0,0.0
200,0.6,6,B,pure_straight,1.0,1.0,1.0,0.0
200,0.6,6,B,random,0.1,0.4,0.6,-0.19999999999999996
200,0.6,6,B,random,0.2,0.0,0.0,0.0
200,0.6,6,B,random,0.3,0.2,0.2,0.0
200,0.6,6,B,random,0.4,0.2,0.2,0.0
200,0.6,6,B,random,0.5,0.6,0.6,0.0
200,0.6,6,B,random,0.6,0.6,0.4,0.19999999999999996
200,0.6,6,B,random,0.7,0.4,0.4,0.0
200,0.6,6,B,random,0.8,0.6,0.4,0.19999999999999996
200,0.6,6,B,random,0.9,0.6,0.6,0.0
200,0.6,6,B,random,1.0,0.8,0.2,0.6000000000000001
200,0.6,7,B,acquiescent,0.1,0.0,0.0,0.0
200,0.6,7,B,acquiescent,0.2,0.4,0.4,0.0
200,0.6,7,B,acquiescent,0.3,0.4,0.8,-0.4
200,0.6,7,B,acquiescent,0.4,0.4,0.4,0.0
200,0.6,7,B,acquiescent,0.5,1.0,0.6,0.4
200,0.6,7,B,acquiescent,0.6,0.8,1.0,-0.19999999999999996
200,0.6,7,B,acquiescent,0.7,0.8,0.4,0.4
200,0.6,7,B,acquiescent,0.8,1.0,1.0,0.0
200,0.6,7,B,acquiescent,0.9,1.0,1.0,0.0
200,0.6,7,B,acquiescent,1.0,1.0,1.0,0.0
200,0.6,7,B,fatigue,0.1,0.0,0.0,0.0
200,0.6,7,B,fatigue,0.2,0.2,0.2,0.0
200,0.6,7,B,fatigue,0.3,0.0,0.4,-0.4
200,0.6,7,B,fatigue,0.4,0.0,0.2,-0.2
200,0.6,7,B,fatigue,0.5,0.8,0.8,0.0
200,0.6,7,B,fatigue,0.6,0.8,0.6,0.20000000000000007
200,0.6,7,B,fatigue,0.7,0.8,1.0,-0.19999999999999996
200,0.6,7,B,fatigue,0.8,1.0,1.0,0.0
200,0.6,7,B,fatigue,0.9,1.0,0.8,0.19999999999999996
200,0.6,7,B,fatigue,1.0,1.0,1.0,0.0
200,0.6,7,B,longstring,0.1,0.2,0.0,0.2
200,0.6,7,B,longstring,0.2,0.4,0.0,0.4
200,0.6,7,B,longstring,0.3,0.4,0.2,0.2
200,0.6,7,B,longstring,0.4,0.4,0.4,0.0
200,0.6,7,B,longstring,0.5,1.0,0.8,0.19999999999999996
200,0.6,7,B,longstring,0.6,1.0,0.6,0.4
200,0.6,7,B,longstring,0.7,0.8,0.8,0.0
200,0.6,7,B,longstring,0.8,1.0,1.0,0.0
200,0.6,7,B,longstring,0.9,1.0,0.8,0.19999999999999996
200,0.6,7,B,longstring,1.0,1.0,1.0,0.0
200,0.6,7,B,mixed,0.1,0.0,0.2,-0.2
200,0.6,7,B,mixed,0.2,0.0,0.0,0.0
200,0.6,7,B,mixed,0.3,0.6,0.2,0.39999999999999997
200,0.6,7,B,mixed,0.4,0.4,0.6,-0.19999999999999996
200,0.6,7,B,mixed,0.5,0.6,0.6,0.0
200,0.6,7,B,mixed,0.6,0.4,0.4,0.0
200,0.6,7,B,mixed,0.7,0.4,0.4,0.0
200,0.6,7,B,mixed,0.8,1.0,1.0,0.0
200,0.6,7,B,mixed,0.9,0.6,0.4,0.19999999999999996
200,0.6,7,B,mixed,1.0,0.8,1.0,-0.19999999999999996
200,0.6,7,B,pure_straight,0.1,0.4,0.0,0.4
200,0.6,7,B,pure_straight,0.2,0.2,0.4,-0.2
200,0.6,7,B,pure_straight,0.3,0.2,0.8,-0.6000000000000001
200,0.6,7,B,pure_straight,0.4,0.8,0.8,0.0
200,0.6,7,B,pure_straight,0.5,0.6,1.0,-0.4
200,0.6,7,B,pure_straight,0.6,0.8,0.8,0.0
200,0.6,7,B,pure_straight,0.7,0.8,0.8,0.0
200,0.6,7,B,pure_straight,0.8,1.0,1.0,0.0
200,0.6,7,B,pure_straight,0.9,1.0,1.0,0.0
200,0.6,7,B,pure_straight,1.0,1.0,1.0,0.0
200,0.6,7,B,random,0.1,0.0,0.2,-0.2
200,0.6,7,B,random,0.2,0.0,0.0,0.0
200,0.6,7,B,random,0.3,0.2,0.0,0.2
200,0.6,7,B,random,0.4,0.6,0.4,0.19999999999999996
200,0.6,7,B,random,0.5,0.4,0.6,-0.19999999999999996
200,0.6,7,B,random,0.6,1.0,0.0,1.0
200,0.6,7,B,random,0.7,0.6,0.4,0.19999999999999996
200,0.6,7,B,random,0.8,0.8,0.2,0.6000000000000001
200,0.6,7,B,random,0.9,0.6,0.8,-0.20000000000000007
200,0.6,7,B,random,1.0,0.2,0.6,-0.39999999999999997
200,0.6,8,B,acquiescent,0.1,0.0,0.0,0.0
200,0.6,8,B,acquiescent,0.2,0.0,0.2,-0.2
200,0.6,8,B,acquiescent,0.3,0.2,0.2,0.0
200,0.6,8,B,acquiescent,0.4,0.4,0.4,0.0
200,0.6,8,B,acquiescent,0.5,0.8,0.4,0.4
200,0.6,8,B,acquiescent,0.6,0.8,0.8,0.0
200,0.6,8,B,acquiescent,0.7,1.0,1.0,0.0
200,0.6,8,B,acquiescent,0.8,0.8,0.8,0.0
200,0.6,8,B,acquiescent,0.9,1.0,1.0,0.0
200,0.6,8,B,acquiescent,1.0,1.0,1.0,0.0
200,0.6,8,B,fatigue,0.1,0.0,0.0,0.0
200,0.6,8,B,fatigue,0.2,0.0,0.0,0.0
200,0.6,8,B,fatigue,0.3,0.0,0.6,-0.6
200,0.6,8,B,fatigue,0.4,0.6,0.8,-0.20000000000000007
200,0.6,8,B,fatigue,0.5,0.4,0.4,0.0
200,0.6,8,B,fatigue,0.6,0.6,0.4,0.19999999999999996
200,0.6,8,B,fatigue,0.7,0.8,0.6,0.20000000000000007
200,0.6,8,B,fatigue,0.8,1.0,0.8,0.19999999999999996
200,0.6,8,B,fatigue,0.9,1.0,1.0,0.0
200,0.6,8,B,fatigue,1.0,0.8,0.6,0.20000000000000007
200,0.6,8,B,longstring,0.1,0.2,0.0,0.2
200,0.6,8,B,longstring,0.2,0.0,0.2,-0.2
200,0.6,8,B,longstring,0.3,0.6,0.4,0.19999999999999996
200,0.6,8,B,longstring,0.4,0.6,0.4,0.19999999999999996
200,0.6,8,B,longstring,0.5,0.8,0.8,0.0
200,0.6,8,B,longstring,0.6,1.0,0.8,0.19999999999999996
200,0.6,8,B,longstring,0.7,1.0,1.0,0.0
200,0.6,8,B,longstring,0.8,0.8,0.4,0.4
200,0.6,8,B,longstring,0.9,1.0,1.0,0.0
200,0.6,8,B,longstring,1.0,0.8,0.6,0.20000000000000007
200,0.6,8,B,mixed,0.1,0.2,0.0,0.2
200,0.6,8,B,mixed,0.2,0.2,0.4,-0.2
200,0.6,8,B,mixed,0.3,0.4,0.2,0.2
200,0.6,8,B,mixed,0.4,0.8,0.2,0.6000000000000001
200,0.6,8,B,mixed,0.5,0.0,0.4,-0.4
200,0.6,8,B,mixed,0.6,1.0,0.6,0.4
200,0.6,8,B,mixed,0.7,0.6,0.6,0.0
200,0.6,8,B,mixed,0.8,0.8,0.8,0.0
200,0.6,8,B,mixed,0.9,0.8,0.6,0.20000000000000007
200,0.6,8,B,mixed,1.0,1.0,1.0,0.0
200,0.6,8,B,pure_straight,0.1,0.2,0.2,0.0
200,0.6,8,B,pure_straight,0.2,0.0,0.2,-0.2
200,0.6,8,B,pure_straight,0.3,0.2,0.6,-0.39999999999999997
200,0.6,8,B,pure_straight,0.4,0.0,0.8,-0.8
200,0.6,8,B,pure_straight,0.5,1.0,1.0,0.0
200,0.6,8,B,pure_straight,0.6,0.6,0.8,-0.20000000000000007
200,0.6,8,B,pure_straight,0.7,1.0,1.0,0.0
200,0.6,8,B,pure_straight,0.8,1.0,1.0,0.0
200,0.6,8,B,pure_straight,0.9,1.0,1.0,0.0
200,0.6,8,B,pure_straight,1.0,1.0,1.0,0.0
200,0.6,8,B,random,0.1,0.0,0.0,0.0
200,0.6,8,B,random,0.2,0.2,0.0,0.2
200,0.6,8,B,random,0.3,0.2,0.8,-0.6000000000000001
200,0.6,8,B,random,0.4,0.4,0.6,-0.19999999999999996
200,0.6,8,B,random,0.5,0.8,0.6,0.20000000000000007
200,0.6,8,B,random,0.6,0.4,0.6,-0.19999999999999996
200,0.6,8,B,random,0.7,0.8,0.4,0.4
200,0.6,8,B,random,0.8,1.0,0.8,0.19999999999999996
200,0.6,8,B,random,0.9,0.6,0.4,0.19999999999999996
200,0.6,8,B,random,1.0,1.0,0.4,0.6
200,0.6,9,B,acquiescent,0.1,0.0,0.4,-0.4
200,0.6,9,B,acquiescent,0.2,0.4,0.6,-0.19999999999999996
200,0.6,9,B,acquiescent,0.3,0.2,0.6,-0.39999999999999997
200,0.6,9,B,acquiescent,0.4,0.4,0.6,-0.19999999999999996
200,0.6,9,B,acquiescent,0.5,1.0,0.8,0.19999999999999996
200,0.6,9,B,acquiescent,0.6,0.8,0.4,0.4
200,0.6,9,B,acquiescent,0.7,1.0,1.0,0.0
200,0.6,9,B,acquiescent,0.8,1.0,1.0,0.0
200,0.6,9,B,acquiescent,0.9,1.0,1.0,0.0
200,0.6,9,B,acquiescent,1.0,1.0,1.0,0.0
200,0.6,9,B,fatigue,0.1,0.0,0.2,-0.2
200,0.6,9,B,fatigue,0.2,0.0,0.4,-0.4
200,0.6,9,B,fatigue,0.3,0.0,0.0,0.0
200,0.6,9,B,fatigue,0.4,0.2,0.4,-0.2
200,0.6,9,B,fatigue,0.5,0.4,0.6,-0.19999999999999996
200,0.6,9,B,fatigue,0.6,0.4,0.8,-0.4
200,0.6,9,B,fatigue,0.7,0.2,0.4,-0.2
200,0.6,9,B,fatigue,0.8,1.0,0.8,0.19999999999999996
200,0.6,9,B,fatigue,0.9,1.0,0.8,0.19999999999999996
200,0.6,9,B,fatigue,1.0,1.0,1.0,0.0
200,0.6,9,B,longstring,0.1,0.0,0.0,0.0
200,0.6,9,B,longstring,0.2,0.0,0.2,-0.2
200,0.6,9,B,longstring,0.3,0.4,0.2,0.2
200,0.6,9,B,longstring,0.4,0.4,0.2,0.2
200,0.6,9,B,longstring,0.5,0.2,0.2,0.0
200,0.6,9,B,longstring,0.6,0.8,0.8,0.0
200,0.6,9,B,longstring,0.7,0.6,0.6,0.0
200,0.6,9,B,longstring,0.8,1.0,0.8,0.19999999999999996
200,0.6,9,B,longstring,0.9,0.8,0.6,0.20000000000000007
200,0.6,9,B,longstring,1.0,1.0,1.0,0.0
200,0.6,9,B,mixed,0.1,0.0,0.0,0.0
200,0.6,9,B,mixed,0.2,0.2,0.0,0.2
200,0.6,9,B,mixed,0.3,0.6,0.4,0.19999999999999996
200,0.6,9,B,mixed,0.4,0.0,0.4,-0.4
200,0.6,9,B,mixed,0.5,0.6,0.4,0.19999999999999996
200,0.6,9,B,mixed,0.6,0.6,0.6,0.0
200,0.6,9,B,mixed,0.7,0.6,0.4,0.19999999999999996
200,0.6,9,B,mixed,0.8,0.8,0.2,0.6000000000000001
200,0.6,9,B,mixed,0.9,0.8,0.2,0.6000000000000001
200,0.6,9,B,mixed,1.0,1.0,0.4,0.6
200,0.6,9,B,pure_straight,0.1,0.0,0.2,-0.2
200,0.6,9,B,pure_straight,0.2,0.4,0.2,0.2
200,0.6,9,B,pure_straight,0.3,0.4,0.8,-0.4
200,0.6,9,B,pure_straight,0.4,0.6,0.8,-0.20000000000000007
200,0.6,9,B,pure_straight,0.5,1.0,0.8,0.19999999999999996
200,0.6,9,B,pure_straight,0.6,1.0,0.8,0.19999999999999996
200,0.6,9,B,pure_straight,0.7,1.0,1.0,0.0
200,0.6,9,B,pure_straight,0.8,1.0,1.0,0.0
200,0.6,9,B,pure_straight,0.9,1.0,1.0,0.0
200,0.6,9,B,pure_straight,1.0,1.0,1.0,0.0
200,0.6,9,B,random,0.1,0.0,0.0,0.0
200,0.6,9,B,random,0.2,0.2,0.2,0.0
200,0.6,9,B,random,0.3,0.2,0.4,-0.2
200,0.6,9,B,random,0.4,0.4,0.4,0.0
200,0.6,9,B,random,0.5,0.8,0.4,0.4
200,0.6,9,B,random,0.6,0.8,0.6,0.20000000000000007
200,0.6,9,B,random,0.7,0.4,0.4,0.0
200,0.6,9,B,random,0.8,1.0,0.8,0.19999999999999996
200,0.6,9,B,random,0.9,0.8,0.2,0.6000000000000001
200,0.6,9,B,random,1.0,0.6,0.6,0.0
200,0.6,10,B,acquiescent,0.1,0.0,0.0,0.0
200,0.6,10,B,acquiescent,0.2,0.2,0.2,0.0
200,0.6,10,B,acquiescent,0.3,0.2,0.4,-0.2
200,0.6,10,B,acquiescent,0.4,0.8,0.4,0.4
200,0.6,10,B,acquiescent,0.5,0.8,0.8,0.0
200,0.6,10,B,acquiescent,0.6,0.6,0.8,-0.20000000000000007
200,0.6,10,B,acquiescent,0.7,1.0,1.0,0.0
200,0.6,10,B,acquiescent,0.8,1.0,1.0,0.0
200,0.6,10,B,acquiescent,0.9,1.0,1.0,0.0
200,0.6,10,B,acquiescent,1.0,1.0,1.0,0.0
200,0.6,10,B,fatigue,0.1,0.0,0.2,-0.2
200,0.6,10,B,fatigue,0.2,0.0,0.0,0.0
200,0.6,10,B,fatigue,0.3,0.0,0.0,0.0
200,0.6,10,B,fatigue,0.4,0.6,0.4,0.19999999999999996
200,0.6,10,B,fatigue,0.5,0.4,0.4,0.0
200,0.6,10,B,fatigue,0.6,0.6,0.6,0.0
200,0.6,10,B,fatigue,0.7,0.6,0.4,0.19999999999999996
200,0.6,10,B,fatigue,0.8,1.0,1.0,0.0
200,0.6,10,B,fatigue,0.9,0.8,1.0,-0.19999999999999996
200,0.6,10,B,fatigue,1.0,1.0,1.0,0.0
200,0.6,10,B,longstring,0.1,0.0,0.0,0.0
200,0.6,10,B,longstring,0.2,0.0,0.4,-0.4
200,0.6,10,B,longstring,0.3,0.2,0.2,0.0
200,0.6,10,B,longstring,0.4,0.2,0.4,-0.2
200,0.6,10,B,longstring,0.5,0.6,0.4,0.19999999999999996
200,0.6,10,B,longstring,0.6,0.8,0.8,0.0
200,0.6,10,B,longstring,0.7,0.8,0.8,0.0
200,0.6,10,B,longstring,0.8,1.0,0.8,0.19999999999999996
200,0.6,10,B,longstring,0.9,0.8,0.8,0.0
200,0.6,10,B,longstring,1.0,1.0,1.0,0.0
200,0.6,10,B,mixed,0.1,0.0,0.2,-0.2
200,0.6,10,B,mixed,0.2,0.0,0.0,0.0
200,0.6,10,B,mixed,0.3,0.2,0.2,0.0
200,0.6,10,B,mixed,0.4,0.6,0.8,-0.20000000000000007
200,0.6,10,B,mixed,0.5,0.4,0.4,0.0
200,0.6,10,B,mixed,0.6,0.6,0.4,0.19999999999999996
200,0.6,10,B,mixed,0.7,1.0,0.6,0.4
200,0.6,10,B,mixed,0.8,0.8,0.6,0.20000000000000007
200,0.6,10,B,mixed,0.9,0.4,0.6,-0.19999999999999996
200,0.6,10,B,mixed,1.0,1.0,0.8,0.19999999999999996
200,0.6,10,B,pure_straight,0.1,0.0,0.2,-0.2
200,0.6,10,B,pure_straight,0.2,0.4,0.8,-0.4
200,0.6,10,B,pure_straight,0.3,0.4,0.4,0.0
200,0.6,10,B,pure_straight,0.4,0.8,0.8,0.0
200,0.6,10,B,pure_straight,0.5,0.8,1.0,-0.19999999999999996
200,0.6,10,B,pure_straight,0.6,1.0,0.8,0.19999999999999996
200,0.6,10,B,pure_straight,0.7,1.0,1.0,0.0
200,0.6,10,B,pure_straight,0.8,1.0,0.8,0.19999999999999996
200,0.6,10,B,pure_straight,0.9,1.0,1.0,0.0
200,0.6,10,B,pure_straight,1.0,1.0,1.0,0.0
200,0.6,10,B,random,0.1,0.0,0.0,0.0
200,0.6,10,B,random,0.2,0.0,0.2,-0.2
200,0.6,10,B,random,0.3,0.6,0.2,0.39999999999999997
200,0.6,10,B,random,0.4,0.2,0.4,-0.2
200,0.6,10,B,random,0.5,1.0,0.8,0.19999999999999996
200,0.6,10,B,random,0.6,0.6,0.2,0.39999999999999997
200,0.6,10,B,random,0.7,1.0,0.6,0.4
200,0.6,10,B,random,0.8,0.6,0.8,-0.20000000000000007
200,0.6,10,B,random,0.9,1.0,0.4,0.6
200,0.6,10,B,random,1.0,0.8,0.8,0.0
200,0.6,11,B,acquiescent,0.1,0.0,0.2,-0.2
200,0.6,11,B,acquiescent,0.2,0.2,0.2,0.0
200,0.6,11,B,acquiescent,0.3,0.4,0.4,0.0
200,0.6,11,B,acquiescent,0.4,0.4,0.6,-0.19999999999999996
200,0.6,11,B,acquiescent,0.5,0.6,0.4,0.19999999999999996
200,0.6,11,B,acquiescent,0.6,0.8,1.0,-0.19999999999999996
200,0.6,11,B,acquiescent,0.7,1.0,0.8,0.19999999999999996
200,0.6,11,B,acquiescent,0.8,0.8,1.0,-0.19999999999999996
200,0.6,11,B,acquiescent,0.9,1.0,1.0,0.0
200,0.6,11,B,acquiescent,1.0,1.0,1.0,0.0
200,0.6,11,B,fatigue,0.1,0.2,0.4,-0.2
200,0.6,11,B,fatigue,0.2,0.4,0.4,0.0
200,0.6,11,B,fatigue,0.3,0.0,0.2,-0.2
200,0.6,11,B,fatigue,0.4,0.8,0.6,0.20000000000000007
200,0.6,11,B,fatigue,0.5,0.6,0.6,0.0
200,0.6,11,B,fatigue,0.6,0.4,0.4,0.0
200,0.6,11,B,fatigue,0.7,0.8,0.8,0.0
200,0.6,11,B,fatigue,0.8,0.6,0.8,-0.20000000000000007
200,0.6,11,B,fatigue,0.9,1.0,1.0,0.0
200,0.6,11,B,fatigue,1.0,1.0,1.0,0.0
200,0.6,11,B,longstring,0.1,0.2,0.2,0.0
200,0.6,11,B,longstring,0.2,0.2,0.0,0.2
200,0.6,11,B,longstring,0.3,0.4,0.4,0.0
200,0.6,11,B,longstring,0.4,0.2,0.2,0.0
200,0.6,11,B,longstring,0.5,0.2,0.4,-0.2
200,0.6,11,B,longstring,0.6,0.2,0.6,-0.39999999999999997
200,0.6,11,B,longstring,0.7,0.8,1.0,-0.19999999999999996
200,0.6,11,B,longstring,0.8,1.0,0.8,0.19999999999999996
200,0.6,11,B,longstring,0.9,0.8,0.6,0.20000000000000007
200,0.6,11,B,longstring,1.0,0.8,0.8,0.0
200,0.6,11,B,mixed,0.1,0.0,0.0,0.0
200,0.6,11,B,mixed,0.2,0.4,0.4,0.0
200,0.6,11,B,mixed,0.3,0.6,0.0,0.6
200,0.6,11,B,mixed,0.4,0.4,0.0,0.4
200,0.6,11,B,mixed,0.5,1.0,0.6,0.4
200,0.6,11,B,mixed,0.6,0.8,0.6,0.20000000000000007
200,0.6,11,B,mixed,0.7,0.4,0.2,0.2
200,0.6,11,B,mixed,0.8,0.6,0.6,0.0
200,0.6,11,B,mixed,0.9,1.0,0.4,0.6
200,0.6,11,B,mixed,1.0,1.0,0.6,0.4
200,0.6,11,B,pure_straight,0.1,0.0,0.0,0.0
200,0.6,11,B,pure_straight,0.2,0.0,0.2,-0.2
200,0.6,11,B,pure_straight,0.3,0.6,0.8,-0.20000000000000007
200,0.6,11,B,pure_straight,0.4,0.4,0.4,0.0
200,0.6,11,B,pure_straight,0.5,0.8,0.8,0.0
200,0.6,11,B,pure_straight,0.6,0.6,0.8,-0.20000000000000007
200,0.6,11,B,pure_straight,0.7,1.0,1.0,0.0
200,0.6,11,B,pure_straight,0.8,1.0,1.0,0.0
200,0.6,11,B,pure_straight,0.9,1.0,1.0,0.0
200,0.6,11,B,pure_straight,1.0,1.0,1.0,0.0
200,0.6,11,B,random,0.1,0.0,0.2,-0.2
200,0.6,11,B,random,0.2,0.4,0.2,0.2
200,0.6,11,B,random,0.3,0.4,0.2,0.2
200,0.6,11,B,random,0.4,0.4,0.2,0.2
200,0.6,11,B,random,0.5,0.4,0.4,0.0
200,0.6,11,B,random,0.6,0.8,0.6,0.20000000000000007
200,0.6,11,B,random,0.7,0.6,0.4,0.19999999999999996
200,0.6,11,B,random,0.8,0.6,0.6,0.0
200,0.6,11,B,random,0.9,0.4,0.6,-0.19999999999999996
200,0.6,11,B,random,1.0,1.0,0.8,0.19999999999999996
200,0.6,12,B,acquiescent,0.1,0.2,0.0,0.2
200,0.6,12,B,acquiescent,0.2,0.0,0.0,0.0
200,0.6,12,B,acquiescent,0.3,0.2,0.6,-0.39999999999999997
200,0.6,12,B,acquiescent,0.4,0.0,0.4,-0.4
200,0.6,12,B,acquiescent,0.5,0.4,0.6,-0.19999999999999996
200,0.6,12,B,acquiescent,0.6,0.8,0.8,0.0
200,0.6,12,B,acquiescent,0.7,1.0,0.8,0.19999999999999996
200,0.6,12,B,acquiescent,0.8,1.0,1.0,0.0
200,0.6,12,B,acquiescent,0.9,1.0,1.0,0.0
200,0.6,12,B,acquiescent,1.0,1.0,1.0,0.0
200,0.6,12,B,fatigue,0.1,0.0,0.4,-0.4
200,0.6,12,B,fatigue,0.2,0.0,0.2,-0.2
200,0.6,12,B,fatigue,0.3,0.4,0.6,-0.19999999999999996
200,0.6,12,B,fatigue,0.4,0.4,0.6,-0.19999999999999996
200,0.6,12,B,fatigue,0.5,0.6,0.6,0.0
200,0.6,12,B,fatigue,0.6,0.2,0.2,0.0
200,0.6,12,B,fatigue,0.7,0.6,0.8,-0.20000000000000007
200,0.6,12,B,fatigue,0.8,1.0,1.0,0.0
200,0.6,12,B,fatigue,0.9,1.0,1.0,0.0
200,0.6,12,B,fatigue,1.0,0.8,1.0,-0.19999999999999996
200,0.6,12,B,longstring,0.1,0.6,0.4,0.19999999999999996
200,0.6,12,B,longstring,0.2,0.2,0.2,0.0
200,0.6,12,B,longstring,0.3,0.4,0.4,0.0
200,0.6,12,B,longstring,0.4,0.6,0.4,0.19999999999999996
200,0.6,12,B,longstring,0.5,0.6,0.6,0.0
200,0.6,12,B,longstring,0.6,0.8,0.8,0.0
200,0.6,12,B,longstring,0.7,1.0,0.8,0.19999999999999996
200,0.6,12,B,longstring,0.8,1.0,1.0,0.0
200,0.6,12,B,longstring,0.9,1.0,1.0,0.0
200,0.6,12,B,longstring,1.0,0.8,0.8,0.0
200,0.6,12,B,mixed,0.1,0.0,0.0,0.0
200,0.6,12,B,mixed,0.2,0.4,0.2,0.2
200,0.6,12,B,mixed,0.3,0.0,0.0,0.0
200,0.6,12,B,mixed,0.4,0.6,0.2,0.39999999999999997
200,0.6,12,B,mixed,0.5,0.4,0.6,-0.19999999999999996
200,0.6,12,B,mixed,0.6,0.2,0.4,-0.2
200,0.6,12,B,mixed,0.7,1.0,0.4,0.6
200,0.6,12,B,mixed,0.8,0.4,0.4,0.0
200,0.6,12,B,mixed,0.9,1.0,0.8,0.19999999999999996
200,0.6,12,B,mixed,1.0,1.0,0.4,0.6
200,0.6,12,B,pure_straight,0.1,0.0,0.6,-0.6
200,0.6,12,B,pure_straight,0.2,0.0,0.4,-0.4
200,0.6,12,B,pure_straight,0.3,0.6,0.6,0.0
200,0.6,12,B,pure_straight,0.4,0.2,0.4,-0.2
200,0.6,12,B,pure_straight,0.5,1.0,1.0,0.0
200,0.6,12,B,pure_straight,0.6,1.0,1.0,0.0
200,0.6,12,B,pure_straight,0.7,1.0,1.0,0.0
200,0.6,12,B,pure_straight,0.8,1.0,1.0,0.0
200,0.6,12,B,pure_straight,0.9,1.0,1.0,0.0
200,0.6,12,B,pure_straight,1.0,1.0,1.0,0.0
200,0.6,12,B,random,0.1,0.2,0.0,0.2
200,0.6,12,B,random,0.2,0.0,0.0,0.0
200,0.6,12,B,random,0.3,0.0,0.4,-0.4
200,0.6,12,B,random,0.4,0.6,0.4,0.19999999999999996
200,0.6,12,B,random,0.5,1.0,0.6,0.4
200,0.6,12,B,random,0.6,0.2,0.2,0.0
200,0.6,12,B,random,0.7,0.8,0.6,0.20000000000000007
200,0.6,12,B,random,0.8,0.8,0.6,0.20000000000000007
200,0.6,12,B,random,0.9,1.0,0.6,0.4
200,0.6,12,B,random,1.0,0.6,0.2,0.39999999999999997
250,0.1,1,B,acquiescent,0.1,0.0,0.0,0.0
250,0.1,1,B,acquiescent,0.2,0.0,0.0,0.0
250,0.1,1,B,acquiescent,0.3,1.0,1.0,0.0
250,0.1,1,B,acquiescent,0.4,0.0,0.0,0.0
250,0.1,1,B,acquiescent,0.6,1.0,1.0,0.0
250,0.1,1,B,acquiescent,0.8,1.0,1.0,0.0
250,0.1,1,B,acquiescent,0.9,1.0,1.0,0.0
250,0.1,1,B,acquiescent,1.0,1.0,1.0,0.0
250,0.1,1,B,fatigue,0.1,0.0,0.0,0.0
250,0.1,1,B,fatigue,0.2,0.0,0.0,0.0
250,0.1,1,B,fatigue,0.3,0.0,0.0,0.0
250,0.1,1,B,fatigue,0.4,1.0,0.0,1.0
250,0.1,1,B,fatigue,0.6,0.0,1.0,-1.0
250,0.1,1,B,fatigue,0.7,1.0,1.0,0.0
250,0.1,1,B,fatigue,0.8,1.0,1.0,0.0
250,0.1,1,B,fatigue,0.9,1.0,1.0,0.0
250,0.1,1,B,longstring,0.1,0.0,0.0,0.0
250,0.1,1,B,longstring,0.3,0.0,1.0,-1.0
250,0.1,1,B,longstring,0.4,0.0,0.0,0.0
250,0.1,1,B,longstring,0.5,1.0,1.0,0.0
250,0.1,1,B,longstring,0.6,1.0,0.0,1.0
250,0.1,1,B,longstring,0.7,0.0,1.0,-1.0
250,0.1,1,B,longstring,0.8,1.0,1.0,0.0
250,0.1,1,B,longstring,0.9,1.0,0.0,1.0
250,0.1,1,B,longstring,1.0,1.0,1.0,0.0
250,0.1,1,B,mixed,0.2,1.0,0.0,1.0
250,0.1,1,B,mixed,0.3,0.0,0.0,0.0
250,0.1,1,B,mixed,0.4,1.0,0.0,1.0
250,0.1,1,B,mixed,0.5,1.0,0.0,1.0
250,0.1,1,B,mixed,0.6,1.0,1.0,0.0
250,0.1,1,B,mixed,0.7,1.0,1.0,0.0
250,0.1,1,B,mixed,0.8,1.0,1.0,0.0
250,0.1,1,B,mixed,0.9,0.0,0.0,0.0
250,0.1,1,B,pure_straight,0.1,0.0,0.0,0.0
250,0.1,1,B,pure_straight,0.2,0.0,0.0,0.0
250,0.1,1,B,pure_straight,0.4,0.0,1.0,-1.0
250,0.1,1,B,pure_straight,0.5,1.0,1.0,0.0
250,0.1,1,B,pure_straight,0.7,1.0,1.0,0.0
250,0.1,1,B,pure_straight,0.8,1.0,1.0,0.0
250,0.1,1,B,pure_straight,0.9,1.0,1.0,0.0
250,0.1,1,B,pure_straight,1.0,1.0,1.0,0.0
250,0.1,1,B,random,0.1,0.0,0.0,0.0
250,0.1,1,B,random,0.2,0.0,0.0,0.0
250,0.1,1,B,random,0.3,0.0,0.0,0.0
250,0.1,1,B,random,0.4,1.0,1.0,0.0
250,0.1,1,B,random,0.5,0.0,1.0,-1.0
250,0.1,1,B,random,0.7,1.0,0.0,1.0
250,0.1,1,B,random,0.8,0.0,1.0,-1.0
250,0.1,1,B,random,0.9,0.0,0.0,0.0
250,0.1,1,B,random,1.0,0.0,0.0,0.0
250,0.1,2,B,acquiescent,0.1,0.0,0.0,0.0
250,0.1,2,B,acquiescent,0.2,0.0,0.0,0.0
250,0.1,2,B,acquiescent,0.3,1.0,1.0,0.0
250,0.1,2,B,acquiescent,0.4,0.0,0.0,0.0
250,0.1,2,B,acquiescent,0.5,1.0,1.0,0.0
250,0.1,2,B,acquiescent,0.6,0.0,0.0,0.0
250,0.1,2,B,acquiescent,0.8,1.0,1.0,0.0
250,0.1,2,B,acquiescent,0.9,1.0,1.0,0.0
250,0.1,2,B,fatigue,0.1,0.0,0.0,0.0
250,0.1,2,B,fatigue,0.2,0.0,0.0,0.0
250,0.1,2,B,fatigue,0.4,0.0,1.0,-1.0
250,0.1,2,B,fatigue,0.5,1.0,1.0,0.0
250,0.1,2,B,fatigue,0.6,0.0,0.0,0.0
250,0.1,2,B,fatigue,0.8,1.0,0.0,1.0
250,0.1,2,B,fatigue,0.9,1.0,1.0,0.0
250,0.1,2,B,fatigue,1.0,1.0,1.0,0.0
250,0.1,2,B,longstring,0.1,0.0,0.0,0.0
250,0.1,2,B,longstring,0.2,1.0,1.0,0.0
250,0.1,2,B,longstring,0.3,0.0,0.0,0.0
250,0.1,2,B,longstring,0.4,0.0,0.0,0.0
250,0.1,2,B,longstring,0.5,0.0,1.0,-1.0
250,0.1,2,B,longstring,0.6,1.0,1.0,0.0
250,0.1,2,B,longstring,0.8,1.0,1.0,0.0
250,0.1,2,B,longstring,0.9,1.0,1.0,0.0
250,0.1,2,B,longstring,1.0,1.0,1.0,0.0
250,0.1,2,B,mixed,0.1,0.0,0.0,0.0
250,0.1,2,B,mixed,0.2,0.0,0.0,0.0
250,0.1,2,B,mixed,0.3,1.0,0.0,1.0
250,0.1,2,B,mixed,0.4,1.0,1.0,0.0
250,0.1,2,B,mixed,0.5,0.0,0.0,0.0
250,0.1,2,B,mixed,0.7,1.0,1.0,0.0
250,0.1,2,B,mixed,0.9,1.0,0.0,1.0
250,0.1,2,B,mixed,1.0,0.0,0.0,0.0
250,0.1,2,B,pure_straight,0.2,0.0,0.0,0.0
250,0.1,2,B,pure_straight,0.3,0.0,1.0,-1.0
250,0.1,2,B,pure_straight,0.4,0.0,0.0,0.0
250,0.1,2,B,pure_straight,0.5,0.0,0.0,0.0
250,0.1,2,B,pure_straight,0.6,0.0,1.0,-1.0
250,0.1,2,B,pure_straight,0.7,1.0,1.0,0.0
250,0.1,2,B,pure_straight,0.8,1.0,1.0,0.0
250,0.1,2,B,pure_straight,1.0,1.0,1.0,0.0
250,0.1,2,B,random,0.1,0.0,0.0,0.0
250,0.1,2,B,random,0.2,0.0,0.0,0.0
250,0.1,2,B,random,0.3,0.0,0.0,0.0
250,0.1,2,B,random,0.4,0.0,0.0,0.0
250,0.1,2,B,random,0.5,0.0,0.0,0.0
250,0.1,2,B,random,0.6,1.0,1.0,0.0
250,0.1,2,B,random,0.7,1.0,1.0,0.0
250,0.1,2,B,random,0.9,1.0,1.0,0.0
250,0.1,2,B,random,1.0,0.0,0.0,0.0
250,0.1,3,B,acquiescent,0.1,0.0,0.0,0.0
250,0.1,3,B,acquiescent,0.2,1.0,0.0,1.0
250,0.1,3,B,acquiescent,0.3,1.0,1.0,0.0
250,0.1,3,B,acquiescent,0.5,1.0,0.0,1.0
250,0.1,3,B,acquiescent,0.7,1.0,0.0,1.0
250,0.1,3,B,acquiescent,0.8,1.0,1.0,0.0
250,0.1,3,B,acquiescent,0.9,1.0,1.0,0.0
250,0.1,3,B,acquiescent,1.0,1.0,1.0,0.0
250,0.1,3,B,fatigue,0.1,0.0,0.0,0.0
250,0.1,3,B,fatigue,0.2,0.0,0.0,0.0
250,0.1,3,B,fatigue,0.4,0.0,0.0,0.0
250,0.1,3,B,fatigue,0.5,1.0,1.0,0.0
250,0.1,3,B,fatigue,0.6,1.0,1.0,0.0
250,0.1,3,B,fatigue,0.7,1.0,0.0,1.0
250,0.1,3,B,fatigue,0.8,1.0,1.0,0.0
250,0.1,3,B,fatigue,0.9,1.0,1.0,0.0
250,0.1,3,B,longstring,0.1,0.0,0.0,0.0
250,0.1,3,B,longstring,0.2,0.0,0.0,0.0
250,0.1,3,B,longstring,0.3,1.0,0.0,1.0
250,0.1,3,B,longstring,0.4,1.0,0.0,1.0
250,0.1,3,B,longstring,0.6,1.0,1.0,0.0
250,0.1,3,B,longstring,0.7,0.0,0.0,0.0
250,0.1,3,B,longstring,0.8,0.0,1.0,-1.0
250,0.1,3,B,longstring,0.9,1.0,1.0,0.0
250,0.1,3,B,longstring,1.0,1.0,1.0,0.0
250,0.1,3,B,mixed,0.1,0.0,0.0,0.0
250,0.1,3,B,mixed,0.2,0.0,0.0,0.0
250,0.1,3,B,mixed,0.3,0.0,0.0,0.0
250,0.1,3,B,mixed,0.4,0.0,0.0,0.0
250,0.1,3,B,mixed,0.5,0.0,0.0,0.0
250,0.1,3,B,mixed,0.6,1.0,0.0,1.0
250,0.1,3,B,mixed,0.7,1.0,1.0,0.0
250,0.1,3,B,mixed,0.9,0.0,1.0,-1.0
250,0.1,3,B,pure_straight,0.1,0.0,0.0,0.0
250,0.1,3,B,pure_straight,0.3,0.0,0.0,0.0
250,0.1,3,B,pure_straight,0.4,1.0,0.0,1.0
250,0.1,3,B,pure_straight,0.5,0.0,0.0,0.0
250,0.1,3,B,pure_straight,0.6,1.0,1.0,0.0
250,0.1,3,B,pure_straight,0.7,0.0,0.0,0.0
250,0.1,3,B,pure_straight,0.9,1.0,1.0,0.0
250,0.1,3,B,pure_straight,1.0,1.0,1.0,0.0
250,0.1,3,B,random,0.1,0.0,0.0,0.0
250,0.1,3,B,random,0.2,0.0,0.0,0.0
250,0.1,3,B,random,0.3,0.0,1.0,-1.0
250,0.1,3,B,random,0.4,0.0,0.0,0.0
250,0.1,3,B,random,0.6,0.0,0.0,0.0
250,0.1,3,B,random,0.7,1.0,1.0,0.0
250,0.1,3,B,random,0.8,0.0,1.0,-1.0
250,0.1,3,B,random,0.9,1.0,1.0,0.0
250,0.1,3,B,random,1.0,1.0,0.0,1.0
250,0.1,4,B,acquiescent,0.1,0.0,0.0,0.0
250,0.1,4,B,acquiescent,0.2,0.0,0.0,0.0
250,0.1,4,B,acquiescent,0.3,0.0,1.0,-1.0
250,0.1,4,B,acquiescent,0.4,1.0,1.0,0.0
250,0.1,4,B,acquiescent,0.5,1.0,0.0,1.0
250,0.1,4,B,acquiescent,0.6,1.0,1.0,0.0
250,0.1,4,B,acquiescent,0.8,1.0,1.0,0.0
250,0.1,4,B,acquiescent,0.9,1.0,1.0,0.0
250,0.1,4,B,fatigue,0.1,0.0,0.0,0.0
250,0.1,4,B,fatigue,0.2,0.0,0.0,0.0
250,0.1,4,B,fatigue,0.3,0.0,0.0,0.0
250,0.1,4,B,fatigue,0.4,0.0,0.0,0.0
250,0.1,4,B,fatigue,0.6,1.0,0.0,1.0
250,0.1,4,B,fatigue,0.7,0.0,0.0,0.0
250,0.1,4,B,fatigue,0.8,1.0,1.0,0.0
250,0.1,4,B,fatigue,0.9,1.0,1.0,0.0
250,0.1,4,B,longstring,0.2,0.0,0.0,0.0
250,0.1,4,B,longstring,0.3,0.0,0.0,0.0
250,0.1,4,B,longstring,0.4,0.0,0.0,0.0
250,0.1,4,B,longstring,0.5,0.0,1.0,-1.0
250,0.1,4,B,longstring,0.6,1.0,0.0,1.0
250,0.1,4,B,longstring,0.7,1.0,1.0,0.0
250,0.1,4,B,longstring,0.8,1.0,1.0,0.0
250,0.1,4,B,longstring,0.9,1.0,1.0,0.0
250,0.1,4,B,longstring,1.0,1.0,1.0,0.0
250,0.1,4,B,mixed,0.1,0.0,0.0,0.0
250,0.1,4,B,mixed,0.2,0.0,0.0,0.0
250,0.1,4,B,mixed,0.3,0.0,0.0,0.0
250,0.1,4,B,mixed,0.4,0.0,0.0,0.0
250,0.1,4,B,mixed,0.6,0.0,0.0,0.0
250,0.1,4,B,mixed,0.7,1.0,0.0,1.0
250,0.1,4,B,mixed,0.9,1.0,1.0,0.0
250,0.1,4,B,mixed,1.0,1.0,1.0,0.0
250,0.1,4,B,pure_straight,0.1,0.0,0.0,0.0
250,0.1,4,B,pure_straight,0.2,0.0,0.0,0.0
250,0.1,4,B,pure_straight,0.4,0.0,0.0,0.0
250,0.1,4,B,pure_straight,0.5,1.0,1.0,0.0
250,0.1,4,B,pure_straight,0.6,1.0,1.0,0.0
250,0.1,4,B,pure_straight,0.8,1.0,0.0,1.0
250,0.1,4,B,pure_straight,0.9,1.0,1.0,0.0
250,0.1,4,B,pure_straight,1.0,1.0,1.0,0.0
250,0.1,4,B,random,0.1,0.0,0.0,0.0
250,0.1,4,B,random,0.2,0.0,0.0,0.0
250,0.1,4,B,random,0.3,0.0,1.0,-1.0
250,0.1,4,B,random,0.4,0.0,1.0,-1.0
250,0.1,4,B,random,0.6,0.0,0.0,0.0
250,0.1,4,B,random,0.7,0.0,0.0,0.0
250,0.1,4,B,random,0.8,1.0,1.0,0.0
250,0.1,4,B,random,0.9,1.0,1.0,0.0
250,0.1,4,B,random,1.0,1.0,0.0,1.0
250,0.1,5,B,acquiescent,0.1,0.0,0.0,0.0
250,0.1,5,B,acquiescent,0.2,0.0,0.0,0.0
250,0.1,5,B,acquiescent,0.3,0.0,0.0,0.0
250,0.1,5,B,acquiescent,0.4,0.0,0.0,0.0
250,0.1,5,B,acquiescent,0.5,1.0,0.0,1.0
250,0.1,5,B,acquiescent,0.6,1.0,1.0,0.0
250,0.1,5,B,acquiescent,0.8,1.0,1.0,0.0
250,0.1,5,B,acquiescent,1.0,1.0,1.0,0.0
250,0.1,5,B,fatigue,0.1,0.0,0.0,0.0
250,0.1,5,B,fatigue,0.2,0.0,0.0,0.0
250,0.1,5,B,fatigue,0.3,0.0,1.0,-1.0
250,0.1,5,B,fatigue,0.5,1.0,1.0,0.0
250,0.1,5,B,fatigue,0.6,0.0,1.0,-1.0
250,0.1,5,B,fatigue,0.8,1.0,1.0,0.0
250,0.1,5,B,fatigue,0.9,1.0,1.0,0.0
250,0.1,5,B,fatigue,1.0,0.0,0.0,0.0
250,0.1,5,B,longstring,0.1,0.0,0.0,0.0
250,0.1,5,B,longstring,0.2,0.0,1.0,-1.0
250,0.1,5,B,longstring,0.4,0.0,0.0,0.0
250,0.1,5,B,longstring,0.5,0.0,1.0,-1.0
250,0.1,5,B,longstring,0.6,1.0,1.0,0.0
250,0.1,5,B,longstring,0.7,1.0,1.0,0.0
250,0.1,5,B,longstring,0.8,1.0,1.0,0.0
250,0.1,5,B,longstring,0.9,1.0,1.0,0.0
250,0.1,5,B,longstring,1.0,1.0,1.0,0.0
250,0.1,5,B,mixed,0.1,0.0,0.0,0.0
250,0.1,5,B,mixed,0.2,0.0,0.0,0.0
250,0.1,5,B,mixed,0.4,0.0,0.0,0.0
250,0.1,5,B,mixed,0.5,1.0,1.0,0.0
250,0.1,5,B,mixed,0.6,0.0,1.0,-1.0
250,0.1,5,B,mixed,0.7,0.0,0.0,0.0
250,0.1,5,B,mixed,0.9,1.0,1.0,0.0
250,0.1,5,B,mixed,1.0,1.0,1.0,0.0
250,0.1,5,B,pure_straight,0.1,0.0,0.0,0.0
250,0.1,5,B,pure_straight,0.2,1.0,0.0,1.0
250,0.1,5,B,pure_straight,0.3,0.0,0.0,0.0
250,0.1,5,B,pure_straight,0.4,0.0,1.0,-1.0
250,0.1,5,B,pure_straight,0.6,1.0,1.0,0.0
250,0.1,5,B,pure_straight,0.7,1.0,1.0,0.0
250,0.1,5,B,pure_straight,0.9,1.0,1.0,0.0
250,0.1,5,B,pure_straight,1.0,1.0,1.0,0.0
250,0.1,5,B,random,0.1,0.0,0.0,0.0
250,0.1,5,B,random,0.2,0.0,0.0,0.0
250,0.1,5,B,random,0.4,0.0,0.0,0.0
250,0.1,5,B,random,0.5,0.0,1.0,-1.0
250,0.1,5,B,random,0.6,0.0,0.0,0.0
250,0.1,5,B,random,0.7,1.0,0.0,1.0
250,0.1,5,B,random,0.8,1.0,0.0,1.0
250,0.1,5,B,random,0.9,1.0,0.0,1.0
250,0.1,5,B,random,1.0,1.0,0.0,1.0
250,0.1,6,B,acquiescent,0.1,0.0,0.0,0.0
250,0.1,6,B,acquiescent,0.2,0.0,0.0,0.0
250,0.1,6,B,acquiescent,0.4,1.0,0.0,1.0
250,0.1,6,B,acquiescent,0.5,1.0,1.0,0.0
250,0.1,6,B,acquiescent,0.7,1.0,1.0,0.0
250,0.1,6,B,acquiescent,0.8,1.0,1.0,0.0
250,0.1,6,B,acquiescent,0.9,1.0,1.0,0.0
250,0.1,6,B,acquiescent,1.0,1.0,1.0,0.0
250,0.1,6,B,fatigue,0.2,0.0,0.0,0.0
250,0.1,6,B,fatigue,0.4,0.0,0.0,0.0
250,0.1,6,B,fatigue,0.5,0.0,0.0,0.0
250,0.1,6,B,fatigue,0.6,1.0,1.0,0.0
250,0.1,6,B,fatigue,0.7,1.0,1.0,0.0
250,0.1,6,B,fatigue,0.8,1.0,1.0,0.0
250,0.1,6,B,fatigue,0.9,1.0,1.0,0.0
250,0.1,6,B,fatigue,1.0,1.0,1.0,0.0
250,0.1,6,B,longstring,0.1,0.0,0.0,0.0
250,0.1,6,B,longstring,0.2,0.0,0.0,0.0
250,0.1,6,B,longstring,0.3,0.0,1.0,-1.0
250,0.1,6,B,longstring,0.4,1.0,1.0,0.0
250,0.1,6,B,longstring,0.5,1.0,1.0,0.0
250,0.1,6,B,longstring,0.6,1.0,1.0,0.0
250,0.1,6,B,longstring,0.7,1.0,1.0,0.0
250,0.1,6,B,longstring,0.8,1.0,1.0,0.0
250,0.1,6,B,longstring,1.0,1.0,1.0,0.0
250,0.1,6,B,mixed,0.2,0.0,0.0,0.0
250,0.1,6,B,mixed,0.4,1.0,1.0,0.0
250,0.1,6,B,mixed,0.5,0.0,0.0,0.0
250,0.1,6,B,mixed,0.6,0.0,0.0,0.0
250,0.1,6,B,mixed,0.7,1.0,1.0,0.0
250,0.1,6,B,mixed,0.8,1.0,1.0,0.0
250,0.1,6,B,mixed,0.9,0.0,0.0,0.0
250,0.1,6,B,mixed,1.0,1.0,1.0,0.0
250,0.1,6,B,pure_straight,0.1,0.0,0.0,0.0
250,0.1,6,B,pure_straight,0.2,0.0,0.0,0.0
250,0.1,6,B,pure_straight,0.3,0.0,0.0,0.0
250,0.1,6,B,pure_straight,0.5,1.0,1.0,0.0
250,0.1,6,B,pure_straight,0.6,1.0,1.0,0.0
250,0.1,6,B,pure_straight,0.7,1.0,1.0,0.0
250,0.1,6,B,pure_straight,0.8,1.0,1.0,0.0
250,0.1,6,B,pure_straight,0.9,1.0,1.0,0.0
250,0.1,6,B,random,0.1,0.0,0.0,0.0
250,0.1,6,B,random,0.3,0.0,0.0,0.0
250,0.1,6,B,random,0.4,0.0,0.0,0.0
250,0.1,6,B,random,0.5,1.0,1.0,0.0
250,0.1,6,B,random,0.6,0.0,0.0,0.0
250,0.1,6,B,random,0.7,1.0,0.0,1.0
250,0.1,6,B,random,0.8,0.0,0.0,0.0
250,0.1,6,B,random,0.9,1.0,0.0,1.0
250,0.1,6,B,random,1.0,1.0,1.0,0.0
250,0.1,7,B,acquiescent,0.1,0.0,0.0,0.0
250,0.1,7,B,acquiescent,0.2,0.0,1.0,-1.0
250,0.1,7,B,acquiescent,0.3,0.0,0.0,0.0
250,0.1,7,B,acquiescent,0.5,1.0,1.0,0.0
250,0.1,7,B,acquiescent,0.6,0.0,0.0,0.0
250,0.1,7,B,acquiescent,0.7,1.0,1.0,0.0
250,0.1,7,B,acquiescent,0.8,1.0,1.0,0.0
250,0.1,7,B,acquiescent,1.0,1.0,1.0,0.0
250,0.1,7,B,fatigue,0.1,0.0,0.0,0.0
250,0.1,7,B,fatigue,0.2,1.0,1.0,0.0
250,0.1,7,B,fatigue,0.3,0.0,0.0,0.0
250,0.1,7,B,fatigue,0.5,1.0,1.0,0.0
250,0.1,7,B,fatigue,0.6,0.0,0.0,0.0
250,0.1,7,B,fatigue,0.7,1.0,1.0,0.0
250,0.1,7,B,fatigue,0.8,1.0,1.0,0.0
250,0.1,7,B,fatigue,0.9,1.0,0.0,1.0
250,0.1,7,B,longstring,0.1,0.0,0.0,0.0
250,0.1,7,B,longstring,0.3,0.0,1.0,-1.0
250,0.1,7,B,longstring,0.4,0.0,0.0,0.0
250,0.1,7,B,longstring,0.5,1.0,0.0,1.0
250,0.1,7,B,longstring,0.6,1.0,1.0,0.0
250,0.1,7,B,longstring,0.7,1.0,0.0,1.0
250,0.1,7,B,longstring,0.8,1.0,1.0,0.0
250,0.1,7,B,longstring,0.9,1.0,1.0,0.0
250,0.1,7,B,longstring,1.0,1.0,1.0,0.0
250,0.1,7,B,mixed,0.1,0.0,0.0,0.0
250,0.1,7,B,mixed,0.2,0.0,0.0,0.0
250,0.1,7,B,mixed,0.3,0.0,0.0,0.0
250,0.1,7,B,mixed,0.5,0.0,0.0,0.0
250,0.1,7,B,mixed,0.6,1.0,0.0,1.0
250,0.1,7,B,mixed,0.7,0.0,1.0,-1.0
250,0.1,7,B,mixed,0.8,1.0,1.0,0.0
250,0.1,7,B,mixed,0.9,1.0,1.0,0.0
250,0.1,7,B,pure_straight,0.1,0.0,0.0,0.0
250,0.1,7,B,pure_straight,0.2,0.0,0.0,0.0
250,0.1,7,B,pure_straight,0.3,0.0,0.0,0.0
250,0.1,7,B,pure_straight,0.5,0.0,0.0,0.0
250,0.1,7,B,pure_straight,0.6,1.0,1.0,0.0
250,0.1,7,B,pure_straight,0.7,1.0,1.0,0.0
250,0.1,7,B,pure_straight,0.8,1.0,1.0,0.0
250,0.1,7,B,pure_straight,0.9,1.0,1.0,0.0
250,0.1,7,B,random,0.1,0.0,0.0,0.0
250,0.1,7,B,random,0.2,0.0,0.0,0.0
250,0.1,7,B,random,0.3,1.0,0.0,1.0
250,0.1,7,B,random,0.5,1.0,0.0,1.0
250,0.1,7,B,random,0.6,1.0,1.0,0.0
250,0.1,7,B,random,0.7,1.0,1.0,0.0
250,0.1,7,B,random,0.8,1.0,1.0,0.0
250,0.1,7,B,random,0.9,1.0,1.0,0.0
250,0.1,7,B,random,1.0,1.0,1.0,0.0
250,0.1,8,B,acquiescent,0.3,1.0,1.0,0.0
250,0.1,8,B,acquiescent,0.4,0.0,0.0,0.0
250,0.1,8,B,acquiescent,0.5,0.0,0.0,0.0
250,0.1,8,B,acquiescent,0.6,1.0,1.0,0.0
250,0.1,8,B,acquiescent,0.7,1.0,1.0,0.0
250,0.1,8,B,acquiescent,0.8,1.0,1.0,0.0
250,0.1,8,B,acquiescent,0.9,1.0,1.0,0.0
250,0.1,8,B,acquiescent,1.0,1.0,1.0,0.0
250,0.1,8,B,fatigue,0.1,0.0,0.0,0.0
250,0.1,8,B,fatigue,0.2,0.0,0.0,0.0
250,0.1,8,B,fatigue,0.3,0.0,0.0,0.0
250,0.1,8,B,fatigue,0.4,0.0,0.0,0.0
250,0.1,8,B,fatigue,0.6,0.0,1.0,-1.0
250,0.1,8,B,fatigue,0.8,1.0,1.0,0.0
250,0.1,8,B,fatigue,0.9,1.0,1.0,0.0
250,0.1,8,B,fatigue,1.0,1.0,1.0,0.0
250,0.1,8,B,longstring,0.1,0.0,0.0,0.0
250,0.1,8,B,longstring,0.2,0.0,0.0,0.0
250,0.1,8,B,longstring,0.4,1.0,1.0,0.0
250,0.1,8,B,longstring,0.5,0.0,0.0,0.0
250,0.1,8,B,longstring,0.6,1.0,0.0,1.0
250,0.1,8,B,longstring,0.7,1.0,1.0,0.0
250,0.1,8,B,longstring,0.8,1.0,1.0,0.0
250,0.1,8,B,longstring,0.9,0.0,0.0,0.0
250,0.1,8,B,longstring,1.0,1.0,1.0,0.0
250,0.1,8,B,mixed,0.1,1.0,0.0,1.0
250,0.1,8,B,mixed,0.2,0.0,0.0,0.0
250,0.1,8,B,mixed,0.3,0.0,0.0,0.0
250,0.1,8,B,mixed,0.4,0.0,0.0,0.0
250,0.1,8,B,mixed,0.5,1.0,1.0,0.0
250,0.1,8,B,mixed,0.6,0.0,0.0,0.0
250,0.1,8,B,mixed,0.7,1.0,0.0,1.0
250,0.1,8,B,mixed,0.9,0.0,1.0,-1.0
250,0.1,8,B,pure_straight,0.2,1.0,1.0,0.0
250,0.1,8,B,pure_straight,0.3,1.0,1.0,0.0
250,0.1,8,B,pure_straight,0.4,0.0,1.0,-1.0
250,0.1,8,B,pure_straight,0.5,1.0,1.0,0.0
250,0.1,8,B,pure_straight,0.6,1.0,1.0,0.0
250,0.1,8,B,pure_straight,0.7,1.0,1.0,0.0
250,0.1,8,B,pure_straight,0.9,1.0,1.0,0.0
250,0.1,8,B,pure_straight,1.0,1.0,1.0,0.0
250,0.1,8,B,random,0.1,0.0,0.0,0.0
250,0.1,8,B,random,0.2,0.0,0.0,0.0
250,0.1,8,B,random,0.3,0.0,0.0,0.0
250,0.1,8,B,random,0.4,0.0,0.0,0.0
250,0.1,8,B,random,0.5,1.0,0.0,1.0
250,0.1,8,B,random,0.6,0.0,0.0,0.0
250,0.1,8,B,random,0.7,1.0,1.0,0.0
250,0.1,8,B,random,0.8,1.0,0.0,1.0
250,0.1,8,B,random,1.0,1.0,0.0,1.0
250,0.1,9,B,acquiescent,0.1,0.0,0.0,0.0
250,0.1,9,B,acquiescent,0.2,0.0,0.0,0.0
250,0.1,9,B,acquiescent,0.4,0.0,1.0,-1.0
250,0.1,9,B,acquiescent,0.5,1.0,0.0,1.0
250,0.1,9,B,acquiescent,0.6,1.0,1.0,0.0
250,0.1,9,B,acquiescent,0.7,1.0,1.0,0.0
250,0.1,9,B,acquiescent,0.8,1.0,1.0,0.0
250,0.1,9,B,acquiescent,1.0,1.0,1.0,0.0
250,0.1,9,B,fatigue,0.1,0.0,0.0,0.0
250,0.1,9,B,fatigue,0.2,0.0,1.0,-1.0
250,0.1,9,B,fatigue,0.3,0.0,0.0,0.0
250,0.1,9,B,fatigue,0.4,0.0,1.0,-1.0
250,0.1,9,B,fatigue,0.5,0.0,0.0,0.0
250,0.1,9,B,fatigue,0.7,1.0,1.0,0.0
250,0.1,9,B,fatigue,0.9,1.0,1.0,0.0
250,0.1,9,B,fatigue,1.0,1.0,1.0,0.0
250,0.1,9,B,longstring,0.1,0.0,0.0,0.0
250,0.1,9,B,longstring,0.2,0.0,0.0,0.0
250,0.1,9,B,longstring,0.4,1.0,1.0,0.0
250,0.1,9,B,longstring,0.5,0.0,1.0,-1.0
250,0.1,9,B,longstring,0.6,0.0,1.0,-1.0
250,0.1,9,B,longstring,0.7,1.0,1.0,0.0
250,0.1,9,B,longstring,0.8,1.0,1.0,0.0
250,0.1,9,B,longstring,0.9,1.0,1.0,0.0
250,0.1,9,B,longstring,1.0,1.0,1.0,0.0
250,0.1,9,B,mixed,0.1,0.0,0.0,0.0
250,0.1,9,B,mixed,0.2,0.0,0.0,0.0
250,0.1,9,B,mixed,0.3,0.0,0.0,0.0
250,0.1,9,B,mixed,0.4,0.0,0.0,0.0
250,0.1,9,B,mixed,0.5,0.0,1.0,-1.0
250,0.1,9,B,mixed,0.6,1.0,0.0,1.0
250,0.1,9,B,mixed,0.8,1.0,1.0,0.0
250,0.1,9,B,mixed,1.0,1.0,0.0,1.0
250,0.1,9,B,pure_straight,0.1,0.0,0.0,0.0
250,0.1,9,B,pure_straight,0.2,0.0,0.0,0.0
250,0.1,9,B,pure_straight,0.3,0.0,0.0,0.0
250,0.1,9,B,pure_straight,0.4,1.0,0.0,1.0
250,0.1,9,B,pure_straight,0.5,1.0,1.0,0.0
250,0.1,9,B,pure_straight,0.6,1.0,1.0,0.0
250,0.1,9,B,pure_straight,0.8,1.0,1.0,0.0
250,0.1,9,B,pure_straight,0.9,1.0,1.0,0.0
250,0.1,9,B,random,0.2,0.0,0.0,0.0
250,0.1,9,B,random,0.3,0.0,0.0,0.0
250,0.1,9,B,random,0.4,0.0,0.0,0.0
250,0.1,9,B,random,0.5,1.0,0.0,1.0
250,0.1,9,B,random,0.6,0.0,0.0,0.0
250,0.1,9,B,random,0.7,1.0,0.0,1.0
250,0.1,9,B,random,0.8,1.0,0.0,1.0
250,0.1,9,B,random,0.9,1.0,1.0,0.0
250,0.1,9,B,random,1.0,1.0,0.0,1.0
250,0.1,10,B,acquiescent,0.1,0.0,0.0,0.0
250,0.1,10,B,acquiescent,0.2,1.0,1.0,0.0
250,0.1,10,B,acquiescent,0.3,1.0,1.0,0.0
250,0.1,10,B,acquiescent,0.4,1.0,0.0,1.0
250,0.1,10,B,acquiescent,0.6,0.0,0.0,0.0
250,0.1,10,B,acquiescent,0.7,1.0,1.0,0.0
250,0.1,10,B,acquiescent,0.8,1.0,1.0,0.0
250,0.1,10,B,acquiescent,1.0,1.0,1.0,0.0
250,0.1,10,B,fatigue,0.1,0.0,0.0,0.0
250,0.1,10,B,fatigue,0.2,0.0,0.0,0.0
250,0.1,10,B,fatigue,0.3,0.0,0.0,0.0
250,0.1,10,B,fatigue,0.4,0.0,1.0,-1.0
250,0.1,10,B,fatigue,0.5,0.0,0.0,0.0
250,0.1,10,B,fatigue,0.6,1.0,1.0,0.0
250,0.1,10,B,fatigue,0.8,1.0,1.0,0.0
250,0.1,10,B,fatigue,1.0,1.0,1.0,0.0
250,0.1,10,B,longstring,0.1,0.0,0.0,0.0
250,0.1,10,B,longstring,0.2,0.0,0.0,0.0
250,0.1,10,B,longstring,0.3,0.0,0.0,0.0
250,0.1,10,B,longstring,0.4,1.0,0.0,1.0
250,0.1,10,B,longstring,0.5,0.0,0.0,0.0
250,0.1,10,B,longstring,0.6,1.0,0.0,1.0
250,0.1,10,B,longstring,0.8,1.0,1.0,0.0
250,0.1,10,B,longstring,0.9,1.0,1.0,0.0
250,0.1,10,B,longstring,1.0,1.0,1.0,0.0
250,0.1,10,B,mixed,0.2,0.0,0.0,0.0
250,0.1,10,B,mixed,0.3,1.0,0.0,1.0
250,0.1,10,B,mixed,0.5,0.0,0.0,0.0
250,0.1,10,B,mixed,0.6,1.0,0.0,1.0
250,0.1,10,B,mixed,0.7,1.0,1.0,0.0
250,0.1,10,B,mixed,0.8,1.0,1.0,0.0
250,0.1,10,B,mixed,0.9,1.0,0.0,1.0
250,0.1,10,B,mixed,1.0,1.0,1.0,0.0
250,0.1,10,B,pure_straight,0.1,0.0,0.0,0.0
250,0.1,10,B,pure_straight,0.2,0.0,1.0,-1.0
250,0.1,10,B,pure_straight,0.3,0.0,1.0,-1.0
250,0.1,10,B,pure_straight,0.5,1.0,0.0,1.0
250,0.1,10,B,pure_straight,0.6,0.0,1.0,-1.0
250,0.1,10,B,pure_straight,0.8,1.0,1.0,0.0
250,0.1,10,B,pure_straight,0.9,1.0,1.0,0.0
250,0.1,10,B,pure_straight,1.0,1.0,1.0,0.0
250,0.1,10,B,random,0.1,0.0,0.0,0.0
250,0.1,10,B,random,0.2,0.0,0.0,0.0
250,0.1,10,B,random,0.3,0.0,0.0,0.0
250,0.1,10,B,random,0.4,0.0,0.0,0.0
250,0.1,10,B,random,0.5,0.0,0.0,0.0
250,0.1,10,B,random,0.6,1.0,0.0,1.0
250,0.1,10,B,random,0.8,0.0,0.0,0.0
250,0.1,10,B,random,0.9,1.0,0.0,1.0
250,0.1,10,B,random,1.0,1.0,1.0,0.0
250,0.1,11,B,acquiescent,0.2,0.0,0.0,0.0
250,0.1,11,B,acquiescent,0.3,0.0,0.0,0.0
250,0.1,11,B,acquiescent,0.4,1.0,1.0,0.0
250,0.1,11,B,acquiescent,0.6,1.0,1.0,0.0
250,0.1,11,B,acquiescent,0.7,1.0,1.0,0.0
250,0.1,11,B,acquiescent,0.8,1.0,1.0,0.0
250,0.1,11,B,acquiescent,0.9,1.0,1.0,0.0
250,0.1,11,B,acquiescent,1.0,1.0,1.0,0.0
250,0.1,11,B,fatigue,0.1,0.0,0.0,0.0
250,0.1,11,B,fatigue,0.3,0.0,0.0,0.0
250,0.1,11,B,fatigue,0.4,0.0,1.0,-1.0
250,0.1,11,B,fatigue,0.5,0.0,1.0,-1.0
250,0.1,11,B,fatigue,0.6,0.0,0.0,0.0
250,0.1,11,B,fatigue,0.7,1.0,1.0,0.0
250,0.1,11,B,fatigue,0.8,1.0,1.0,0.0
250,0.1,11,B,fatigue,1.0,1.0,0.0,1.0
250,0.1,11,B,longstring,0.1,0.0,0.0,0.0
250,0.1,11,B,longstring,0.2,0.0,0.0,0.0
250,0.1,11,B,longstring,0.3,0.0,0.0,0.0
250,0.1,11,B,longstring,0.4,1.0,1.0,0.0
250,0.1,11,B,longstring,0.5,0.0,1.0,-1.0
250,0.1,11,B,longstring,0.6,1.0,1.0,0.0
250,0.1,11,B,longstring,0.8,1.0,1.0,0.0
250,0.1,11,B,longstring,0.9,0.0,0.0,0.0
250,0.1,11,B,longstring,1.0,1.0,0.0,1.0
250,0.1,11,B,mixed,0.1,0.0,0.0,0.0
250,0.1,11,B,mixed,0.4,1.0,0.0,1.0
250,0.1,11,B,mixed,0.5,0.0,0.0,0.0
250,0.1,11,B,mixed,0.6,0.0,0.0,0.0
250,0.1,11,B,mixed,0.7,0.0,0.0,0.0
250,0.1,11,B,mixed,0.8,1.0,0.0,1.0
250,0.1,11,B,mixed,0.9,1.0,0.0,1.0
250,0.1,11,B,mixed,1.0,1.0,1.0,0.0
250,0.1,11,B,pure_straight,0.1,1.0,1.0,0.0
250,0.1,11,B,pure_straight,0.3,1.0,1.0,0.0
250,0.1,11,B,pure_straight,0.4,0.0,1.0,-1.0
250,0.1,11,B,pure_straight,0.5,1.0,1.0,0.0
250,0.1,11,B,pure_straight,0.6,1.0,1.0,0.0
250,0.1,11,B,pure_straight,0.7,0.0,1.0,-1.0
250,0.1,11,B,pure_straight,0.9,1.0,1.0,0.0
250,0.1,11,B,pure_straight,1.0,1.0,1.0,0.0
250,0.1,11,B,random,0.1,0.0,0.0,0.0
250,0.1,11,B,random,0.2,0.0,0.0,0.0
250,0.1,11,B,random,0.3,0.0,0.0,0.0
250,0.1,11,B,random,0.4,0.0,0.0,0.0
250,0.1,11,B,random,0.5,1.0,0.0,1.0
250,0.1,11,B,random,0.6,1.0,0.0,1.0
250,0.1,11,B,random,0.7,0.0,0.0,0.0
250,0.1,11,B,random,0.8,1.0,0.0,1.0
250,0.1,11,B,random,1.0,1.0,0.0,1.0
250,0.1,12,B,acquiescent,0.2,0.0,0.0,0.0
250,0.1,12,B,acquiescent,0.3,1.0,1.0,0.0
250,0.1,12,B,acquiescent,0.4,1.0,1.0,0.0
250,0.1,12,B,acquiescent,0.5,1.0,0.0,1.0
250,0.1,12,B,acquiescent,0.7,0.0,1.0,-1.0
250,0.1,12,B,acquiescent,0.8,1.0,1.0,0.0
250,0.1,12,B,acquiescent,0.9,1.0,1.0,0.0
250,0.1,12,B,acquiescent,1.0,1.0,1.0,0.0
250,0.1,12,B,fatigue,0.1,0.0,0.0,0.0
250,0.1,12,B,fatigue,0.4,0.0,0.0,0.0
250,0.1,12,B,fatigue,0.5,0.0,1.0,-1.0
250,0.1,12,B,fatigue,0.6,0.0,0.0,0.0
250,0.1,12,B,fatigue,0.7,1.0,1.0,0.0
250,0.1,12,B,fatigue,0.8,0.0,0.0,0.0
250,0.1,12,B,fatigue,0.9,1.0,0.0,1.0
250,0.1,12,B,fatigue,1.0,1.0,1.0,0.0
250,0.1,12,B,longstring,0.1,0.0,0.0,0.0
250,0.1,12,B,longstring,0.2,0.0,0.0,0.0
250,0.1,12,B,longstring,0.4,1.0,1.0,0.0
250,0.1,12,B,longstring,0.5,1.0,1.0,0.0
250,0.1,12,B,longstring,0.6,1.0,1.0,0.0
250,0.1,12,B,longstring,0.7,0.0,0.0,0.0
250,0.1,12,B,longstring,0.8,1.0,0.0,1.0
250,0.1,12,B,longstring,0.9,1.0,1.0,0.0
250,0.1,12,B,longstring,1.0,1.0,1.0,0.0
250,0.1,12,B,mixed,0.1,0.0,0.0,0.0
250,0.1,12,B,mixed,0.2,0.0,0.0,0.0
250,0.1,12,B,mixed,0.3,0.0,0.0,0.0
250,0.1,12,B,mixed,0.5,1.0,0.0,1.0
250,0.1,12,B,mixed,0.6,0.0,1.0,-1.0
250,0.1,12,B,mixed,0.8,1.0,0.0,1.0
250,0.1,12,B,mixed,0.9,1.0,1.0,0.0
250,0.1,12,B,mixed,1.0,1.0,1.0,0.0
250,0.1,12,B,pure_straight,0.1,0.0,0.0,0.0
250,0.1,12,B,pure_straight,0.2,0.0,1.0,-1.0
250,0.1,12,B,pure_straight,0.3,0.0,1.0,-1.0
250,0.1,12,B,pure_straight,0.4,1.0,0.0,1.0
250,0.1,12,B,pure_straight,0.5,1.0,0.0,1.0
250,0.1,12,B,pure_straight,0.7,1.0,1.0,0.0
250,0.1,12,B,pure_straight,0.8,1.0,1.0,0.0
250,0.1,12,B,pure_straight,1.0,1.0,1.0,0.0
250,0.1,12,B,random,0.1,0.0,0.0,0.0
250,0.1,12,B,random,0.2,0.0,0.0,0.0
250,0.1,12,B,random,0.3,0.0,0.0,0.0
250,0.1,12,B,random,0.5,0.0,1.0,-1.0
250,0.1,12,B,random,0.6,1.0,1.0,0.0
250,0.1,12,B,random,0.7,1.0,0.0,1.0
250,0.1,12,B,random,0.8,1.0,0.0,1.0
250,0.1,12,B,random,0.9,1.0,1.0,0.0
250,0.1,12,B,random,1.0,1.0,1.0,0.0
250,0.2,1,B,acquiescent,0.1,0.0,0.0,0.0
250,0.2,1,B,acquiescent,0.2,1.0,1.0,0.0
250,0.2,1,B,acquiescent,0.3,0.0,0.0,0.0
250,0.2,1,B,acquiescent,0.4,0.0,0.0,0.0
250,0.2,1,B,acquiescent,0.5,0.0,0.0,0.0
250,0.2,1,B,acquiescent,0.6,0.5,0.5,0.0
250,0.2,1,B,acquiescent,0.7,1.0,0.5,0.5
250,0.2,1,B,acquiescent,0.8,1.0,1.0,0.0
250,0.2,1,B,acquiescent,0.9,1.0,1.0,0.0
250,0.2,1,B,acquiescent,1.0,1.0,1.0,0.0
250,0.2,1,B,fatigue,0.1,0.0,0.0,0.0
250,0.2,1,B,fatigue,0.2,0.0,0.0,0.0
250,0.2,1,B,fatigue,0.3,0.0,0.0,0.0
250,0.2,1,B,fatigue,0.4,1.0,1.0,0.0
250,0.2,1,B,fatigue,0.5,0.0,0.5,-0.5
250,0.2,1,B,fatigue,0.6,1.0,1.0,0.0
250,0.2,1,B,fatigue,0.7,1.0,1.0,0.0
250,0.2,1,B,fatigue,0.8,1.0,1.0,0.0
250,0.2,1,B,fatigue,0.9,1.0,1.0,0.0
250,0.2,1,B,fatigue,1.0,1.0,1.0,0.0
250,0.2,1,B,longstring,0.1,0.0,0.0,0.0
250,0.2,1,B,longstring,0.2,0.0,0.0,0.0
250,0.2,1,B,longstring,0.3,0.0,0.0,0.0
250,0.2,1,B,longstring,0.4,1.0,1.0,0.0
250,0.2,1,B,longstring,0.5,1.0,0.5,0.5
250,0.2,1,B,longstring,0.6,1.0,1.0,0.0
250,0.2,1,B,longstring,0.7,0.5,1.0,-0.5
250,0.2,1,B,longstring,0.8,1.0,1.0,0.0
250,0.2,1,B,longstring,0.9,1.0,0.5,0.5
250,0.2,1,B,longstring,1.0,1.0,0.5,0.5
250,0.2,1,B,mixed,0.1,0.0,0.0,0.0
250,0.2,1,B,mixed,0.2,0.0,0.5,-0.5
250,0.2,1,B,mixed,0.3,1.0,0.5,0.5
250,0.2,1,B,mixed,0.4,0.0,0.5,-0.5
250,0.2,1,B,mixed,0.5,0.0,0.5,-0.5
250,0.2,1,B,mixed,0.6,0.0,1.0,-1.0
250,0.2,1,B,mixed,0.7,0.5,0.0,0.5
250,0.2,1,B,mixed,0.8,0.5,0.0,0.5
250,0.2,1,B,mixed,0.9,1.0,1.0,0.0
250,0.2,1,B,mixed,1.0,1.0,0.0,1.0
250,0.2,1,B,pure_straight,0.1,0.0,0.0,0.0
250,0.2,1,B,pure_straight,0.2,0.0,0.0,0.0
250,0.2,1,B,pure_straight,0.3,0.5,1.0,-0.5
250,0.2,1,B,pure_straight,0.4,0.5,0.5,0.0
250,0.2,1,B,pure_straight,0.5,1.0,1.0,0.0
250,0.2,1,B,pure_straight,0.6,1.0,1.0,0.0
250,0.2,1,B,pure_straight,0.7,1.0,1.0,0.0
250,0.2,1,B,pure_straight,0.8,1.0,1.0,0.0
250,0.2,1,B,pure_straight,0.9,1.0,1.0,0.0
250,0.2,1,B,pure_straight,1.0,1.0,1.0,0.0
250,0.2,1,B,random,0.1,0.0,0.0,0.0
250,0.2,1,B,random,0.2,0.0,0.0,0.0
250,0.2,1,B,random,0.3,0.0,0.0,0.0
250,0.2,1,B,random,0.4,0.0,0.0,0.0
250,0.2,1,B,random,0.5,0.0,0.0,0.0
250,0.2,1,B,random,0.6,1.0,0.0,1.0
250,0.2,1,B,random,0.7,0.0,0.0,0.0
250,0.2,1,B,random,0.8,0.0,1.0,-1.0
250,0.2,1,B,random,0.9,0.5,0.0,0.5
250,0.2,1,B,random,1.0,1.0,1.0,0.0
250,0.2,2,B,acquiescent,0.1,0.0,0.0,0.0
250,0.2,2,B,acquiescent,0.2,0.0,1.0,-1.0
250,0.2,2,B,acquiescent,0.3,0.5,0.5,0.0
250,0.2,2,B,acquiescent,0.4,0.0,0.5,-0.5
250,0.2,2,B,acquiescent,0.5,0.5,0.5,0.0
250,0.2,2,B,acquiescent,0.6,0.0,1.0,-1.0
250,0.2,2,B,acquiescent,0.7,1.0,1.0,0.0
250,0.2,2,B,acquiescent,0.8,1.0,1.0,0.0
250,0.2,2,B,acquiescent,0.9,1.0,1.0,0.0
250,0.2,2,B,acquiescent,1.0,1.0,1.0,0.0
250,0.2,2,B,fatigue,0.1,0.0,0.0,0.0
250,0.2,2,B,fatigue,0.2,0.0,0.0,0.0
250,0.2,2,B,fatigue,0.3,0.5,0.5,0.0
250,0.2,2,B,fatigue,0.4,0.5,1.0,-0.5
250,0.2,2,B,fatigue,0.5,0.0,0.0,0.0
250,0.2,2,B,fatigue,0.6,1.0,1.0,0.0
250,0.2,2,B,fatigue,0.7,1.0,1.0,0.0
250,0.2,2,B,fatigue,0.8,1.0,1.0,0.0
250,0.2,2,B,fatigue,0.9,1.0,1.0,0.0
250,0.2,2,B,fatigue,1.0,1.0,1.0,0.0
250,0.2,2,B,longstring,0.1,0.0,0.0,0.0
250,0.2,2,B,longstring,0.2,0.0,0.0,0.0
250,0.2,2,B,longstring,0.3,0.0,1.0,-1.0
250,0.2,2,B,longstring,0.4,0.5,0.5,0.0
250,0.2,2,B,longstring,0.5,0.0,0.0,0.0
250,0.2,2,B,longstring,0.6,1.0,1.0,0.0
250,0.2,2,B,longstring,0.7,1.0,1.0,0.0
250,0.2,2,B,longstring,0.8,1.0,1.0,0.0
250,0.2,2,B,longstring,0.9,0.5,0.5,0.0
250,0.2,2,B,longstring,1.0,1.0,0.5,0.5
250,0.2,2,B,mixed,0.1,0.5,0.0,0.5
250,0.2,2,B,mixed,0.2,0.0,0.0,0.0
250,0.2,2,B,mixed,0.3,0.0,0.5,-0.5
250,0.2,2,B,mixed,0.4,1.0,0.0,1.0
250,0.2,2,B,mixed,0.5,0.0,0.0,0.0
250,0.2,2,B,mixed,0.6,0.0,0.0,0.0
250,0.2,2,B,mixed,0.7,0.5,0.0,0.5
250,0.2,2,B,mixed,0.8,0.5,1.0,-0.5
250,0.2,2,B,mixed,0.9,0.0,0.0,0.0
250,0.2,2,B,mixed,1.0,1.0,1.0,0.0
250,0.2,2,B,pure_straight,0.1,0.0,0.0,0.0
250,0.2,2,B,pure_straight,0.2,0.5,0.0,0.5
250,0.2,2,B,pure_straight,0.3,0.5,0.5,0.0
250,0.2,2,B,pure_straight,0.4,0.5,1.0,-0.5
250,0.2,2,B,pure_straight,0.5,0.5,0.5,0.0
250,0.2,2,B,pure_straight,0.6,0.5,0.5,0.0
250,0.2,2,B,pure_straight,0.7,1.0,1.0,0.0
250,0.2,2,B,pure_straight,0.8,1.0,1.0,0.0
250,0.2,2,B,pure_straight,0.9,1.0,1.0,0.0
250,0.2,2,B,pure_straight,1.0,1.0,1.0,0.0
250,0.2,2,B,random,0.1,0.0,0.0,0.0
250,0.2,2,B,random,0.2,0.0,0.0,0.0
250,0.2,2,B,random,0.3,0.0,0.0,0.0
250,0.2,2,B,random,0.4,0.0,0.0,0.0
250,0.2,2,B,random,0.5,0.0,0.0,0.0
250,0.2,2,B,random,0.6,0.5,0.5,0.0
250,0.2,2,B,random,0.7,0.5,1.0,-0.5
250,0.2,2,B,random,0.8,1.0,0.0,1.0
250,0.2,2,B,random,0.9,1.0,1.0,0.0
250,0.2,2,B,random,1.0,0.0,0.0,0.0
250,0.2,3,B,acquiescent,0.1,0.0,0.0,0.0
250,0.2,3,B,acquiescent,0.2,0.0,0.0,0.0
250,0.2,3,B,acquiescent,0.3,0.5,0.5,0.0
250,0.2,3,B,acquiescent,0.4,0.5,1.0,-0.5
250,0.2,3,B,acquiescent,0.5,0.0,0.0,0.0
250,0.2,3,B,acquiescent,0.6,1.0,0.5,0.5
250,0.2,3,B,acquiescent,0.7,1.0,0.5,0.5
250,0.2,3,B,acquiescent,0.8,1.0,1.0,0.0
250,0.2,3,B,acquiescent,0.9,1.0,1.0,0.0
250,0.2,3,B,acquiescent,1.0,1.0,1.0,0.0
250,0.2,3,B,fatigue,0.1,0.0,0.5,-0.5
250,0.2,3,B,fatigue,0.2,0.5,0.0,0.5
250,0.2,3,B,fatigue,0.3,0.0,0.0,0.0
250,0.2,3,B,fatigue,0.4,0.0,0.0,0.0
250,0.2,3,B,fatigue,0.5,0.0,0.0,0.0
250,0.2,3,B,fatigue,0.6,1.0,0.5,0.5
250,0.2,3,B,fatigue,0.7,1.0,1.0,0.0
250,0.2,3,B,fatigue,0.8,1.0,1.0,0.0
250,0.2,3,B,fatigue,0.9,1.0,1.0,0.0
250,0.2,3,B,fatigue,1.0,1.0,0.5,0.5
250,0.2,3,B,longstring,0.1,0.0,0.0,0.0
250,0.2,3,B,longstring,0.2,0.0,0.0,0.0
250,0.2,3,B,longstring,0.3,0.0,0.5,-0.5
250,0.2,3,B,longstring,0.4,0.0,0.5,-0.5
250,0.2,3,B,longstring,0.5,0.5,0.5,0.0
250,0.2,3,B,longstring,0.6,0.5,0.5,0.0
250,0.2,3,B,longstring,0.7,0.5,1.0,-0.5
250,0.2,3,B,longstring,0.8,1.0,1.0,0.0
250,0.2,3,B,longstring,0.9,1.0,1.0,0.0
250,0.2,3,B,longstring,1.0,1.0,1.0,0.0
250,0.2,3,B,mixed,0.1,0.0,0.0,0.0
250,0.2,3,B,mixed,0.2,0.0,0.0,0.0
250,0.2,3,B,mixed,0.3,0.0,0.0,0.0
250,0.2,3,B,mixed,0.4,0.0,0.0,0.0
250,0.2,3,B,mixed,0.5,0.0,0.0,0.0
250,0.2,3,B,mixed,0.6,1.0,1.0,0.0
250,0.2,3,B,mixed,0.7,0.5,0.5,0.0
250,0.2,3,B,mixed,0.8,1.0,1.0,0.0
250,0.2,3,B,mixed,0.9,1.0,1.0,0.0
250,0.2,3,B,mixed,1.0,1.0,1.0,0.0
250,0.2,3,B,pure_straight,0.1,0.0,0.0,0.0
250,0.2,3,B,pure_straight,0.2,0.0,0.0,0.0
250,0.2,3,B,pure_straight,0.3,0.0,0.0,0.0
250,0.2,3,B,pure_straight,0.4,0.5,0.5,0.0
250,0.2,3,B,pure_straight,0.5,1.0,1.0,0.0
250,0.2,3,B,pure_straight,0.6,1.0,1.0,0.0
250,0.2,3,B,pure_straight,0.7,1.0,1.0,0.0
250,0.2,3,B,pure_straight,0.8,1.0,1.0,0.0
250,0.2,3,B,pure_straight,0.9,1.0,1.0,0.0
250,0.2,3,B,pure_straight,1.0,1.0,1.0,0.0
250,0.2,3,B,random,0.1,0.0,0.0,0.0
250,0.2,3,B,random,0.2,0.0,0.0,0.0
250,0.2,3,B,random,0.3,0.0,0.0,0.0
250,0.2,3,B,random,0.4,0.0,0.5,-0.5
250,0.2,3,B,random,0.5,1.0,0.0,1.0
250,0.2,3,B,random,0.6,1.0,1.0,0.0
250,0.2,3,B,random,0.7,1.0,1.0,0.0
250,0.2,3,B,random,0.8,1.0,0.0,1.0
250,0.2,3,B,random,0.9,1.0,0.5,0.5
250,0.2,3,B,random,1.0,1.0,1.0,0.0
250,0.2,4,B,acquiescent,0.1,0.0,0.0,0.0
250,0.2,4,B,acquiescent,0.2,0.5,0.5,0.0
250,0.2,4,B,acquiescent,0.3,0.0,0.0,0.0
250,0.2,4,B,acquiescent,0.4,0.5,1.0,-0.5
250,0.2,4,B,acquiescent,0.5,0.5,0.5,0.0
250,0.2,4,B,acquiescent,0.6,0.0,0.0,0.0
250,0.2,4,B,acquiescent,0.7,1.0,0.0,1.0
250,0.2,4,B,acquiescent,0.8,1.0,1.0,0.0
250,0.2,4,B,acquiescent,0.9,1.0,1.0,0.0
250,0.2,4,B,acquiescent,1.0,1.0,1.0,0.0
250,0.2,4,B,fatigue,0.1,0.0,0.0,0.0
250,0.2,4,B,fatigue,0.2,1.0,0.0,1.0
250,0.2,4,B,fatigue,0.3,0.0,0.0,0.0
250,0.2,4,B,fatigue,0.4,0.5,0.5,0.0
250,0.2,4,B,fatigue,0.5,0.0,0.0,0.0
250,0.2,4,B,fatigue,0.6,0.5,0.5,0.0
250,0.2,4,B,fatigue,0.7,0.5,0.5,0.0
250,0.2,4,B,fatigue,0.8,0.0,0.0,0.0
250,0.2,4,B,fatigue,0.9,1.0,0.5,0.5
250,0.2,4,B,fatigue,1.0,1.0,0.0,1.0
250,0.2,4,B,longstring,0.1,0.5,0.0,0.5
250,0.2,4,B,longstring,0.2,0.0,0.0,0.0
250,0.2,4,B,longstring,0.3,0.0,0.0,0.0
250,0.2,4,B,longstring,0.4,0.0,0.5,-0.5
250,0.2,4,B,longstring,0.5,1.0,1.0,0.0
250,0.2,4,B,longstring,0.6,1.0,1.0,0.0
250,0.2,4,B,longstring,0.7,1.0,1.0,0.0
250,0.2,4,B,longstring,0.8,1.0,1.0,0.0
250,0.2,4,B,longstring,0.9,1.0,0.5,0.5
250,0.2,4,B,longstring,1.0,1.0,1.0,0.0
250,0.2,4,B,mixed,0.1,0.0,0.0,0.0
250,0.2,4,B,mixed,0.2,0.0,1.0,-1.0
250,0.2,4,B,mixed,0.3,0.0,0.0,0.0
250,0.2,4,B,mixed,0.4,0.0,1.0,-1.0
250,0.2,4,B,mixed,0.5,0.0,0.0,0.0
250,0.2,4,B,mixed,0.6,0.0,0.0,0.0
250,0.2,4,B,mixed,0.7,1.0,1.0,0.0
250,0.2,4,B,mixed,0.8,0.0,0.0,0.0
250,0.2,4,B,mixed,0.9,1.0,0.0,1.0
250,0.2,4,B,mixed,1.0,0.5,1.0,-0.5
250,0.2,4,B,pure_straight,0.1,0.0,0.5,-0.5
250,0.2,4,B,pure_straight,0.2,0.5,0.5,0.0
250,0.2,4,B,pure_straight,0.3,0.0,0.0,0.0
250,0.2,4,B,pure_straight,0.4,1.0,1.0,0.0
250,0.2,4,B,pure_straight,0.5,0.5,0.5,0.0
250,0.2,4,B,pure_straight,0.6,1.0,0.5,0.5
250,0.2,4,B,pure_straight,0.7,1.0,1.0,0.0
250,0.2,4,B,pure_straight,0.8,1.0,1.0,0.0
250,0.2,4,B,pure_straight,0.9,1.0,1.0,0.0
250,0.2,4,B,pure_straight,1.0,1.0,1.0,0.0
250,0.2,4,B,random,0.1,0.0,0.0,0.0
250,0.2,4,B,random,0.2,0.0,0.5,-0.5
250,0.2,4,B,random,0.3,0.0,0.0,0.0
250,0.2,4,B,random,0.4,0.0,0.0,0.0
250,0.2,4,B,random,0.5,0.0,0.0,0.0
250,0.2,4,B,random,0.6,1.0,0.0,1.0
250,0.2,4,B,random,0.7,0.5,0.0,0.5
250,0.2,4,B,random,0.8,1.0,1.0,0.0
250,0.2,4,B,random,0.9,1.0,0.5,0.5
250,0.2,4,B,random,1.0,1.0,0.5,0.5
250,0.2,5,B,acquiescent,0.1,0.0,0.0,0.0
250,0.2,5,B,acquiescent,0.2,0.0,0.0,0.0
250,0.2,5,B,acquiescent,0.3,0.0,0.5,-0.5
250,0.2,5,B,acquiescent,0.4,0.0,0.0,0.0
250,0.2,5,B,acquiescent,0.5,1.0,0.0,1.0
250,0.2,5,B,acquiescent,0.6,1.0,1.0,0.0
250,0.2,5,B,acquiescent,0.7,1.0,1.0,0.0
250,0.2,5,B,acquiescent,0.8,1.0,1.0,0.0
250,0.2,5,B,acquiescent,0.9,1.0,1.0,0.0
250,0.2,5,B,acquiescent,1.0,1.0,1.0,0.0
250,0.2,5,B,fatigue,0.1,0.0,0.0,0.0
250,0.2,5,B,fatigue,0.2,0.0,0.0,0.0
250,0.2,5,B,fatigue,0.3,0.0,0.0,0.0
250,0.2,5,B,fatigue,0.4,0.0,0.0,0.0
250,0.2,5,B,fatigue,0.5,1.0,1.0,0.0
250,0.2,5,B,fatigue,0.6,1.0,1.0,0.0
250,0.2,5,B,fatigue,0.7,1.0,1.0,0.0
250,0.2,5,B,fatigue,0.8,1.0,0.0,1.0
250,0.2,5,B,fatigue,0.9,1.0,1.0,0.0
250,0.2,5,B,fatigue,1.0,1.0,1.0,0.0
250,0.2,5,B,longstring,0.1,0.0,0.0,0.0
250,0.2,5,B,longstring,0.2,0.0,0.0,0.0
250,0.2,5,B,longstring,0.3,0.5,0.5,0.0
250,0.2,5,B,longstring,0.4,1.0,1.0,0.0
250,0.2,5,B,longstring,0.5,0.0,0.5,-0.5
250,0.2,5,B,longstring,0.6,1.0,1.0,0.0
250,0.2,5,B,longstring,0.7,1.0,1.0,0.0
250,0.2,5,B,longstring,0.8,1.0,1.0,0.0
250,0.2,5,B,longstring,0.9,1.0,1.0,0.0
250,0.2,5,B,longstring,1.0,0.5,1.0,-0.5
250,0.2,5,B,mixed,0.1,0.0,0.0,0.0
250,0.2,5,B,mixed,0.2,0.0,0.0,0.0
250,0.2,5,B,mixed,0.3,0.0,0.0,0.0
250,0.2,5,B,mixed,0.4,1.0,0.0,1.0
250,0.2,5,B,mixed,0.5,0.0,0.0,0.0
250,0.2,5,B,mixed,0.6,0.5,0.0,0.5
250,0.2,5,B,mixed,0.7,1.0,0.0,1.0
250,0.2,5,B,mixed,0.8,1.0,0.0,1.0
250,0.2,5,B,mixed,0.9,1.0,0.0,1.0
250,0.2,5,B,mixed,1.0,1.0,1.0,0.0
250,0.2,5,B,pure_straight,0.1,0.0,0.0,0.0
250,0.2,5,B,pure_straight,0.2,0.0,0.0,0.0
250,0.2,5,B,pure_straight,0.3,1.0,1.0,0.0
250,0.2,5,B,pure_straight,0.4,0.5,1.0,-0.5
250,0.2,5,B,pure_straight,0.5,1.0,1.0,0.0
250,0.2,5,B,pure_straight,0.6,1.0,1.0,0.0
250,0.2,5,B,pure_straight,0.7,1.0,1.0,0.0
250,0.2,5,B,pure_straight,0.8,1.0,1.0,0.0
250,0.2,5,B,pure_straight,0.9,1.0,1.0,0.0
250,0.2,5,B,pure_straight,1.0,1.0,1.0,0.0
250,0.2,5,B,random,0.1,0.0,0.0,0.0
250,0.2,5,B,random,0.2,0.0,0.0,0.0
250,0.2,5,B,random,0.3,0.0,0.0,0.0
250,0.2,5,B,random,0.4,0.0,0.0,0.0
250,0.2,5,B,random,0.5,0.0,1.0,-1.0
250,0.2,5,B,random,0.6,0.0,0.0,0.0
250,0.2,5,B,random,0.7,0.5,0.0,0.5
250,0.2,5,B,random,0.8,1.0,0.5,0.5
250,0.2,5,B,random,0.9,0.5,0.5,0.0
250,0.2,5,B,random,1.0,0.5,0.0,0.5
250,0.2,6,B,acquiescent,0.1,0.0,0.0,0.0
250,0.2,6,B,acquiescent,0.2,0.0,0.0,0.0
250,0.2,6,B,acquiescent,0.3,0.0,0.0,0.0
250,0.2,6,B,acquiescent,0.4,1.0,0.5,0.5
250,0.2,6,B,acquiescent,0.5,1.0,1.0,0.0
250,0.2,6,B,acquiescent,0.6,1.0,1.0,0.0
250,0.2,6,B,acquiescent,0.7,0.5,0.5,0.0
250,0.2,6,B,acquiescent,0.8,1.0,1.0,0.0
250,0.2,6,B,acquiescent,0.9,1.0,1.0,0.0
250,0.2,6,B,acquiescent,1.0,1.0,1.0,0.0
250,0.2,6,B,fatigue,0.1,0.0,0.0,0.0
250,0.2,6,B,fatigue,0.2,0.0,0.0,0.0
250,0.2,6,B,fatigue,0.3,0.5,1.0,-0.5
250,0.2,6,B,fatigue,0.4,0.0,0.0,0.0
250,0.2,6,B,fatigue,0.5,0.0,0.0,0.0
250,0.2,6,B,fatigue,0.6,0.5,0.5,0.0
250,0.2,6,B,fatigue,0.7,1.0,1.0,0.0
250,0.2,6,B,fatigue,0.8,1.0,1.0,0.0
250,0.2,6,B,fatigue,0.9,1.0,0.5,0.5
250,0.2,6,B,fatigue,1.0,1.0,1.0,0.0
250,0.2,6,B,longstring,0.1,0.0,0.0,0.0
250,0.2,6,B,longstring,0.2,0.0,0.5,-0.5
250,0.2,6,B,longstring,0.3,0.5,0.5,0.0
250,0.2,6,B,longstring,0.4,0.0,0.0,0.0
250,0.2,6,B,longstring,0.5,0.0,0.0,0.0
250,0.2,6,B,longstring,0.6,0.5,0.0,0.5
250,0.2,6,B,longstring,0.7,1.0,1.0,0.0
250,0.2,6,B,longstring,0.8,1.0,1.0,0.0
250,0.2,6,B,longstring,0.9,1.0,1.0,0.0
250,0.2,6,B,longstring,1.0,1.0,1.0,0.0
250,0.2,6,B,mixed,0.1,0.0,0.0,0.0
250,0.2,6,B,mixed,0.2,1.0,1.0,0.0
250,0.2,6,B,mixed,0.3,0.0,0.0,0.0
250,0.2,6,B,mixed,0.4,0.0,0.0,0.0
250,0.2,6,B,mixed,0.5,0.0,0.0,0.0
250,0.2,6,B,mixed,0.6,1.0,0.5,0.5
250,0.2,6,B,mixed,0.7,1.0,1.0,0.0
250,0.2,6,B,mixed,0.8,0.5,0.0,0.5
250,0.2,6,B,mixed,0.9,1.0,0.5,0.5
250,0.2,6,B,mixed,1.0,1.0,1.0,0.0
250,0.2,6,B,pure_straight,0.1,0.0,0.0,0.0
250,0.2,6,B,pure_straight,0.2,0.5,0.5,0.0
250,0.2,6,B,pure_straight,0.3,0.0,0.0,0.0
250,0.2,6,B,pure_straight,0.4,0.0,0.0,0.0
250,0.2,6,B,pure_straight,0.5,1.0,1.0,0.0
250,0.2,6,B,pure_straight,0.6,1.0,1.0,0.0
250,0.2,6,B,pure_straight,0.7,1.0,1.0,0.0
250,0.2,6,B,pure_straight,0.8,1.0,1.0,0.0
250,0.2,6,B,pure_straight,0.9,1.0,1.0,0.0
250,0.2,6,B,pure_straight,1.0,1.0,1.0,0.0
250,0.2,6,B,random,0.1,0.0,0.0,0.0
250,0.2,6,B,random,0.2,0.0,0.5,-0.5
250,0.2,6,B,random,0.3,0.0,0.5,-0.5
250,0.2,6,B,random,0.4,1.0,0.0,1.0
250,0.2,6,B,random,0.5,0.5,0.0,0.5
250,0.2,6,B,random,0.6,0.0,0.0,0.0
250,0.2,6,B,random,0.7,1.0,0.5,0.5
250,0.2,6,B,random,0.8,0.5,1.0,-0.5
250,0.2,6,B,random,0.9,1.0,0.0,1.0
250,0.2,6,B,random,1.0,1.0,1.0,0.0
250,0.2,7,B,acquiescent,0.1,0.0,0.0,0.0
250,0.2,7,B,acquiescent,0.2,0.5,0.5,0.0
250,0.2,7,B,acquiescent,0.3,0.5,0.5,0.0
250,0.2,7,B,acquiescent,0.4,0.5,0.5,0.0
250,0.2,7,B,acquiescent,0.5,0.0,0.0,0.0
250,0.2,7,B,acquiescent,0.6,1.0,0.0,1.0
250,0.2,7,B,acquiescent,0.7,1.0,1.0,0.0
250,0.2,7,B,acquiescent,0.8,1.0,1.0,0.0
250,0.2,7,B,acquiescent,0.9,1.0,1.0,0.0
250,0.2,7,B,acquiescent,1.0,1.0,1.0,0.0
250,0.2,7,B,fatigue,0.1,0.0,0.5,-0.5
250,0.2,7,B,fatigue,0.2,0.0,0.0,0.0
250,0.2,7,B,fatigue,0.3,0.0,0.0,0.0
250,0.2,7,B,fatigue,0.4,0.0,0.0,0.0
250,0.2,7,B,fatigue,0.5,0.5,0.5,0.0
250,0.2,7,B,fatigue,0.6,1.0,1.0,0.0
250,0.2,7,B,fatigue,0.7,0.5,0.5,0.0
250,0.2,7,B,fatigue,0.8,1.0,1.0,0.0
250,0.2,7,B,fatigue,0.9,1.0,0.5,0.5
250,0.2,7,B,fatigue,1.0,1.0,1.0,0.0
250,0.2,7,B,longstring,0.1,0.0,0.0,0.0
250,0.2,7,B,longstring,0.2,0.0,0.0,0.0
250,0.2,7,B,longstring,0.3,1.0,0.5,0.5
250,0.2,7,B,longstring,0.4,0.0,0.0,0.0
250,0.2,7,B,longstring,0.5,1.0,1.0,0.0
250,0.2,7,B,longstring,0.6,0.5,0.0,0.5
250,0.2,7,B,longstring,0.7,0.0,1.0,-1.0
250,0.2,7,B,longstring,0.8,1.0,1.0,0.0
250,0.2,7,B,longstring,0.9,1.0,1.0,0.0
250,0.2,7,B,longstring,1.0,1.0,0.5,0.5
250,0.2,7,B,mixed,0.1,0.0,0.0,0.0
250,0.2,7,B,mixed,0.2,0.0,0.0,0.0
250,0.2,7,B,mixed,0.3,0.0,0.0,0.0
250,0.2,7,B,mixed,0.4,0.5,0.0,0.5
250,0.2,7,B,mixed,0.5,1.0,1.0,0.0
250,0.2,7,B,mixed,0.6,0.0,0.0,0.0
250,0.2,7,B,mixed,0.7,0.0,1.0,-1.0
250,0.2,7,B,mixed,0.8,1.0,0.5,0.5
250,0.2,7,B,mixed,0.9,1.0,1.0,0.0
250,0.2,7,B,mixed,1.0,1.0,1.0,0.0
250,0.2,7,B,pure_straight,0.1,0.0,0.5,-0.5
250,0.2,7,B,pure_straight,0.2,0.0,0.5,-0.5
250,0.2,7,B,pure_straight,0.3,1.0,1.0,0.0
250,0.2,7,B,pure_straight,0.4,0.0,1.0,-1.0
250,0.2,7,B,pure_straight,0.5,1.0,1.0,0.0
250,0.2,7,B,pure_straight,0.6,1.0,1.0,0.0
250,0.2,7,B,pure_straight,0.7,1.0,1.0,0.0
250,0.2,7,B,pure_straight,0.8,1.0,1.0,0.0
250,0.2,7,B,pure_straight,0.9,1.0,1.0,0.0
250,0.2,7,B,pure_straight,1.0,1.0,1.0,0.0
250,0.2,7,B,random,0.1,0.0,0.0,0.0
250,0.2,7,B,random,0.2,0.0,0.0,0.0
250,0.2,7,B,random,0.3,0.5,0.0,0.5
250,0.2,7,B,random,0.4,0.0,0.0,0.0
250,0.2,7,B,random,0.5,0.5,0.5,0.0
250,0.2,7,B,random,0.6,0.5,0.5,0.0
250,0.2,7,B,random,0.7,1.0,0.0,1.0
250,0.2,7,B,random,0.8,1.0,1.0,0.0
250,0.2,7,B,random,0.9,1.0,0.5,0.5
250,0.2,7,B,random,1.0,1.0,1.0,0.0
250,0.2,8,B,acquiescent,0.1,0.0,0.0,0.0
250,0.2,8,B,acquiescent,0.2,0.5,0.0,0.5
250,0.2,8,B,acquiescent,0.3,0.0,0.0,0.0
250,0.2,8,B,acquiescent,0.4,0.5,0.5,0.0
250,0.2,8,B,acquiescent,0.5,0.5,0.5,0.0
250,0.2,8,B,acquiescent,0.6,1.0,1.0,0.0
250,0.2,8,B,acquiescent,0.7,1.0,1.0,0.0
250,0.2,8,B,acquiescent,0.8,1.0,1.0,0.0
250,0.2,8,B,acquiescent,0.9,1.0,1.0,0.0
250,0.2,8,B,acquiescent,1.0,1.0,1.0,0.0
250,0.2,8,B,fatigue,0.1,0.0,0.0,0.0
250,0.2,8,B,fatigue,0.2,0.0,0.0,0.0
250,0.2,8,B,fatigue,0.3,0.0,0.0,0.0
250,0.2,8,B,fatigue,0.4,0.0,0.0,0.0
250,0.2,8,B,fatigue,0.5,1.0,1.0,0.0
250,0.2,8,B,fatigue,0.6,0.0,0.0,0.0
250,0.2,8,B,fatigue,0.7,1.0,1.0,0.0
250,0.2,8,B,fatigue,0.8,1.0,1.0,0.0
250,0.2,8,B,fatigue,0.9,1.0,1.0,0.0
250,0.2,8,B,fatigue,1.0,1.0,1.0,0.0
250,0.2,8,B,longstring,0.1,0.0,0.0,0.0
250,0.2,8,B,longstring,0.2,0.0,0.0,0.0
250,0.2,8,B,longstring,0.3,0.0,0.0,0.0
250,0.2,8,B,longstring,0.4,1.0,1.0,0.0
250,0.2,8,B,longstring,0.5,0.0,0.5,-0.5
250,0.2,8,B,longstring,0.6,1.0,1.0,0.0
250,0.2,8,B,longstring,0.7,1.0,1.0,0.0
250,0.2,8,B,longstring,0.8,1.0,1.0,0.0
250,0.2,8,B,longstring,0.9,1.0,1.0,0.0
250,0.2,8,B,longstring,1.0,1.0,0.5,0.5
250,0.2,8,B,mixed,0.1,0.0,0.0,0.0
250,0.2,8,B,mixed,0.2,0.0,0.0,0.0
250,0.2,8,B,mixed,0.3,1.0,1.0,0.0
250,0.2,8,B,mixed,0.4,0.0,0.0,0.0
250,0.2,8,B,mixed,0.5,0.0,0.0,0.0
250,0.2,8,B,mixed,0.6,0.5,1.0,-0.5
250,0.2,8,B,mixed,0.7,0.0,0.0,0.0
250,0.2,8,B,mixed,0.8,1.0,1.0,0.0
250,0.2,8,B,mixed,0.9,1.0,1.0,0.0
250,0.2,8,B,mixed,1.0,1.0,1.0,0.0
250,0.2,8,B,pure_straight,0.1,0.0,0.0,0.0
250,0.2,8,B,pure_straight,0.2,0.0,0.0,0.0
250,0.2,8,B,pure_straight,0.3,1.0,1.0,0.0
250,0.2,8,B,pure_straight,0.4,1.0,1.0,0.0
250,0.2,8,B,pure_straight,0.5,1.0,1.0,0.0
250,0.2,8,B,pure_straight,0.6,1.0,1.0,0.0
250,0.2,8,B,pure_straight,0.7,1.0,1.0,0.0
250,0.2,8,B,pure_straight,0.8,1.0,1.0,0.0
250,0.2,8,B,pure_straight,0.9,1.0,1.0,0.0
250,0.2,8,B,pure_straight,1.0,1.0,1.0,0.0
250,0.2,8,B,random,0.1,0.0,0.0,0.0
250,0.2,8,B,random,0.2,0.0,0.0,0.0
250,0.2,8,B,random,0.3,0.0,0.0,0.0
250,0.2,8,B,random,0.4,0.0,0.0,0.0
250,0.2,8,B,random,0.5,0.5,1.0,-0.5
250,0.2,8,B,random,0.6,1.0,0.0,1.0
250,0.2,8,B,random,0.7,1.0,1.0,0.0
250,0.2,8,B,random,0.8,0.5,0.0,0.5
250,0.2,8,B,random,0.9,1.0,1.0,0.0
250,0.2,8,B,random,1.0,1.0,0.5,0.5
250,0.2,9,B,acquiescent,0.1,0.0,0.0,0.0
250,0.2,9,B,acquiescent,0.2,0.0,0.0,0.0
250,0.2,9,B,acquiescent,0.3,0.0,0.0,0.0
250,0.2,9,B,acquiescent,0.4,0.5,0.5,0.0
250,0.2,9,B,acquiescent,0.5,1.0,1.0,0.0
250,0.2,9,B,acquiescent,0.6,1.0,0.5,0.5
250,0.2,9,B,acquiescent,0.7,0.5,0.5,0.0
250,0.2,9,B,acquiescent,0.8,1.0,1.0,0.0
250,0.2,9,B,acquiescent,0.9,1.0,1.0,0.0
250,0.2,9,B,acquiescent,1.0,1.0,1.0,0.0
250,0.2,9,B,fatigue,0.1,0.0,0.0,0.0
250,0.2,9,B,fatigue,0.2,0.0,0.0,0.0
250,0.2,9,B,fatigue,0.3,0.0,0.5,-0.5
250,0.2,9,B,fatigue,0.4,0.0,0.0,0.0
250,0.2,9,B,fatigue,0.5,0.5,1.0,-0.5
250,0.2,9,B,fatigue,0.6,0.5,1.0,-0.5
250,0.2,9,B,fatigue,0.7,1.0,1.0,0.0
250,0.2,9,B,fatigue,0.8,1.0,1.0,0.0
250,0.2,9,B,fatigue,0.9,1.0,0.5,0.5
250,0.2,9,B,fatigue,1.0,1.0,1.0,0.0
250,0.2,9,B,longstring,0.1,0.0,0.0,0.0
250,0.2,9,B,longstring,0.2,0.0,0.0,0.0
250,0.2,9,B,longstring,0.3,0.0,0.5,-0.5
250,0.2,9,B,longstring,0.4,1.0,1.0,0.0
250,0.2,9,B,longstring,0.5,0.5,0.0,0.5
250,0.2,9,B,longstring,0.6,0.5,0.5,0.0
250,0.2,9,B,longstring,0.7,0.5,1.0,-0.5
250,0.2,9,B,longstring,0.8,1.0,1.0,0.0
250,0.2,9,B,longstring,0.9,1.0,1.0,0.0
250,0.2,9,B,longstring,1.0,1.0,0.5,0.5
250,0.2,9,B,mixed,0.1,0.0,0.0,0.0
250,0.2,9,B,mixed,0.2,0.0,0.0,0.0
250,0.2,9,B,mixed,0.3,0.5,0.5,0.0
250,0.2,9,B,mixed,0.4,1.0,0.0,1.0
250,0.2,9,B,mixed,0.5,1.0,0.0,1.0
250,0.2,9,B,mixed,0.6,1.0,0.5,0.5
250,0.2,9,B,mixed,0.7,1.0,0.5,0.5
250,0.2,9,B,mixed,0.8,0.0,0.0,0.0
250,0.2,9,B,mixed,0.9,1.0,1.0,0.0
250,0.2,9,B,mixed,1.0,1.0,1.0,0.0
250,0.2,9,B,pure_straight,0.1,0.0,0.0,0.0
250,0.2,9,B,pure_straight,0.2,0.5,0.5,0.0
250,0.2,9,B,pure_straight,0.3,0.0,0.0,0.0
250,0.2,9,B,pure_straight,0.4,0.0,1.0,-1.0
250,0.2,9,B,pure_straight,0.5,1.0,1.0,0.0
250,0.2,9,B,pure_straight,0.6,1.0,1.0,0.0
250,0.2,9,B,pure_straight,0.7,1.0,0.5,0.5
250,0.2,9,B,pure_straight,0.8,1.0,1.0,0.0
250,0.2,9,B,pure_straight,0.9,1.0,1.0,0.0
250,0.2,9,B,pure_straight,1.0,1.0,1.0,0.0
250,0.2,9,B,random,0.1,0.0,0.0,0.0
250,0.2,9,B,random,0.2,0.0,0.5,-0.5
250,0.2,9,B,random,0.3,0.5,0.0,0.5
250,0.2,9,B,random,0.4,0.5,0.5,0.0
250,0.2,9,B,random,0.5,0.5,0.0,0.5
250,0.2,9,B,random,0.6,1.0,0.0,1.0
250,0.2,9,B,random,0.7,0.0,0.0,0.0
250,0.2,9,B,random,0.8,0.5,0.5,0.0
250,0.2,9,B,random,0.9,1.0,0.5,0.5
250,0.2,9,B,random,1.0,1.0,0.0,1.0
250,0.2,10,B,acquiescent,0.1,0.0,0.0,0.0
250,0.2,10,B,acquiescent,0.2,0.0,0.5,-0.5
250,0.2,10,B,acquiescent,0.3,0.5,0.0,0.5
250,0.2,10,B,acquiescent,0.4,0.5,1.0,-0.5
250,0.2,10,B,acquiescent,0.5,1.0,1.0,0.0
250,0.2,10,B,acquiescent,0.6,1.0,1.0,0.0
250,0.2,10,B,acquiescent,0.7,1.0,1.0,0.0
250,0.2,10,B,acquiescent,0.8,1.0,1.0,0.0
250,0.2,10,B,acquiescent,0.9,1.0,1.0,0.0
250,0.2,10,B,acquiescent,1.0,1.0,1.0,0.0
250,0.2,10,B,fatigue,0.1,0.0,0.0,0.0
250,0.2,10,B,fatigue,0.2,0.0,0.0,0.0
250,0.2,10,B,fatigue,0.3,0.0,0.0,0.0
250,0.2,10,B,fatigue,0.4,0.5,0.0,0.5
250,0.2,10,B,fatigue,0.5,1.0,0.5,0.5
250,0.2,10,B,fatigue,0.6,1.0,1.0,0.0
250,0.2,10,B,fatigue,0.7,0.5,0.5,0.0
250,0.2,10,B,fatigue,0.8,1.0,1.0,0.0
250,0.2,10,B,fatigue,0.9,1.0,0.5,0.5
250,0.2,10,B,fatigue,1.0,1.0,1.0,0.0
250,0.2,10,B,longstring,0.1,0.0,0.0,0.0
250,0.2,10,B,longstring,0.2,0.0,0.5,-0.5
250,0.2,10,B,longstring,0.3,0.0,0.0,0.0
250,0.2,10,B,longstring,0.4,0.0,0.0,0.0
250,0.2,10,B,longstring,0.5,1.0,0.5,0.5
250,0.2,10,B,longstring,0.6,0.0,1.0,-1.0
250,0.2,10,B,longstring,0.7,1.0,1.0,0.0
250,0.2,10,B,longstring,0.8,1.0,0.5,0.5
250,0.2,10,B,longstring,0.9,1.0,1.0,0.0
250,0.2,10,B,longstring,1.0,1.0,1.0,0.0
250,0.2,10,B,mixed,0.1,0.0,0.0,0.0
250,0.2,10,B,mixed,0.2,0.0,0.0,0.0
250,0.2,10,B,mixed,0.3,0.5,0.0,0.5
250,0.2,10,B,mixed,0.4,0.0,0.5,-0.5
250,0.2,10,B,mixed,0.5,0.0,0.0,0.0
250,0.2,10,B,mixed,0.6,1.0,1.0,0.0
250,0.2,10,B,mixed,0.7,1.0,0.0,1.0
250,0.2,10,B,mixed,0.8,1.0,0.5,0.5
250,0.2,10,B,mixed,0.9,1.0,1.0,0.0
250,0.2,10,B,mixed,1.0,1.0,0.0,1.0
250,0.2,10,B,pure_straight,0.1,0.0,0.0,0.0
250,0.2,10,B,pure_straight,0.2,0.0,0.0,0.0
250,0.2,10,B,pure_straight,0.3,0.5,0.5,0.0
250,0.2,10,B,pure_straight,0.4,0.0,0.0,0.0
250,0.2,10,B,pure_straight,0.5,0.5,0.5,0.0
250,0.2,10,B,pure_straight,0.6,1.0,1.0,0.0
250,0.2,10,B,pure_straight,0.7,1.0,1.0,0.0
250,0.2,10,B,pure_straight,0.8,1.0,1.0,0.0
250,0.2,10,B,pure_straight,0.9,1.0,1.0,0.0
250,0.2,10,B,pure_straight,1.0,1.0,1.0,0.0
250,0.2,10,B,random,0.1,0.0,0.0,0.0
250,0.2,10,B,random,0.2,0.0,0.0,0.0
250,0.2,10,B,random,0.3,0.5,1.0,-0.5
250,0.2,10,B,random,0.4,0.0,0.5,-0.5
250,0.2,10,B,random,0.5,1.0,0.5,0.5
250,0.2,10,B,random,0.6,0.0,0.5,-0.5
250,0.2,10,B,random,0.7,0.0,0.0,0.0
250,0.2,10,B,random,0.8,1.0,1.0,0.0
250,0.2,10,B,random,0.9,1.0,0.0,1.0
250,0.2,10,B,random,1.0,1.0,1.0,0.0
250,0.2,11,B,acquiescent,0.1,0.0,0.0,0.0
250,0.2,11,B,acquiescent,0.2,0.5,0.5,0.0
250,0.2,11,B,acquiescent,0.3,1.0,1.0,0.0
250,0.2,11,B,acquiescent,0.4,0.0,0.5,-0.5
250,0.2,11,B,acquiescent,0.5,0.5,0.0,0.5
250,0.2,11,B,acquiescent,0.6,1.0,1.0,0.0
250,0.2,11,B,acquiescent,0.7,1.0,1.0,0.0
250,0.2,11,B,acquiescent,0.8,1.0,1.0,0.0
250,0.2,11,B,acquiescent,0.9,1.0,1.0,0.0
250,0.2,11,B,acquiescent,1.0,1.0,1.0,0.0
250,0.2,11,B,fatigue,0.1,0.0,0.5,-0.5
250,0.2,11,B,fatigue,0.2,0.0,0.0,0.0
250,0.2,11,B,fatigue,0.3,0.0,0.0,0.0
250,0.2,11,B,fatigue,0.4,0.0,0.0,0.0
250,0.2,11,B,fatigue,0.5,0.5,0.5,0.0
250,0.2,11,B,fatigue,0.6,0.0,0.0,0.0
250,0.2,11,B,fatigue,0.7,1.0,1.0,0.0
250,0.2,11,B,fatigue,0.8,1.0,1.0,0.0
250,0.2,11,B,fatigue,0.9,1.0,1.0,0.0
250,0.2,11,B,fatigue,1.0,1.0,1.0,0.0
250,0.2,11,B,longstring,0.1,0.0,0.0,0.0
250,0.2,11,B,longstring,0.2,0.0,0.0,0.0
250,0.2,11,B,longstring,0.3,0.0,0.0,0.0
250,0.2,11,B,longstring,0.4,0.0,0.0,0.0
250,0.2,11,B,longstring,0.5,0.5,0.0,0.5
250,0.2,11,B,longstring,0.6,1.0,1.0,0.0
250,0.2,11,B,longstring,0.7,0.0,0.0,0.0
250,0.2,11,B,longstring,0.8,1.0,1.0,0.0
250,0.2,11,B,longstring,0.9,1.0,0.5,0.5
250,0.2,11,B,longstring,1.0,1.0,1.0,0.0
250,0.2,11,B,mixed,0.1,0.0,0.0,0.0
250,0.2,11,B,mixed,0.2,0.0,0.0,0.0
250,0.2,11,B,mixed,0.3,0.0,1.0,-1.0
250,0.2,11,B,mixed,0.4,0.5,1.0,-0.5
250,0.2,11,B,mixed,0.5,1.0,0.0,1.0
250,0.2,11,B,mixed,0.6,1.0,0.5,0.5
250,0.2,11,B,mixed,0.7,0.5,0.5,0.0
250,0.2,11,B,mixed,0.8,1.0,1.0,0.0
250,0.2,11,B,mixed,0.9,1.0,1.0,0.0
250,0.2,11,B,mixed,1.0,1.0,0.5,0.5
250,0.2,11,B,pure_straight,0.1,0.0,0.0,0.0
250,0.2,11,B,pure_straight,0.2,0.5,0.5,0.0
250,0.2,11,B,pure_straight,0.3,0.0,0.0,0.0
250,0.2,11,B,pure_straight,0.4,0.0,0.0,0.0
250,0.2,11,B,pure_straight,0.5,0.5,1.0,-0.5
250,0.2,11,B,pure_straight,0.6,1.0,1.0,0.0
250,0.2,11,B,pure_straight,0.7,1.0,1.0,0.0
250,0.2,11,B,pure_straight,0.8,1.0,1.0,0.0
250,0.2,11,B,pure_straight,0.9,1.0,1.0,0.0
250,0.2,11,B,pure_straight,1.0,1.0,1.0,0.0
250,0.2,11,B,random,0.1,0.0,0.0,0.0
250,0.2,11,B,random,0.2,0.0,0.0,0.0
250,0.2,11,B,random,0.3,0.5,0.0,0.5
250,0.2,11,B,random,0.4,0.0,0.0,0.0
250,0.2,11,B,random,0.5,0.0,0.0,0.0
250,0.2,11,B,random,0.6,1.0,1.0,0.0
250,0.2,11,B,random,0.7,1.0,0.0,1.0
250,0.2,11,B,random,0.8,1.0,0.0,1.0
250,0.2,11,B,random,0.9,1.0,0.5,0.5
250,0.2,11,B,random,1.0,1.0,0.0,1.0
250,0.2,12,B,acquiescent,0.1,0.0,0.0,0.0
250,0.2,12,B,acquiescent,0.2,0.0,0.0,0.0
250,0.2,12,B,acquiescent,0.3,1.0,1.0,0.0
250,0.2,12,B,acquiescent,0.4,1.0,0.5,0.5
250,0.2,12,B,acquiescent,0.5,1.0,0.5,0.5
250,0.2,12,B,acquiescent,0.6,1.0,0.5,0.5
250,0.2,12,B,acquiescent,0.7,1.0,0.5,0.5
250,0.2,12,B,acquiescent,0.8,1.0,1.0,0.0
250,0.2,12,B,acquiescent,0.9,1.0,1.0,0.0
250,0.2,12,B,acquiescent,1.0,1.0,1.0,0.0
250,0.2,12,B,fatigue,0.1,0.0,0.5,-0.5
250,0.2,12,B,fatigue,0.2,0.0,0.0,0.0
250,0.2,12,B,fatigue,0.3,0.0,0.0,0.0
250,0.2,12,B,fatigue,0.4,0.0,0.0,0.0
250,0.2,12,B,fatigue,0.5,1.0,0.5,0.5
250,0.2,12,B,fatigue,0.6,0.0,1.0,-1.0
250,0.2,12,B,fatigue,0.7,1.0,1.0,0.0
250,0.2,12,B,fatigue,0.8,1.0,1.0,0.0
250,0.2,12,B,fatigue,0.9,1.0,1.0,0.0
250,0.2,12,B,fatigue,1.0,1.0,0.5,0.5
250,0.2,12,B,longstring,0.1,0.0,0.0,0.0
250,0.2,12,B,longstring,0.2,0.5,0.5,0.0
250,0.2,12,B,longstring,0.3,0.0,0.0,0.0
250,0.2,12,B,longstring,0.4,1.0,1.0,0.0
250,0.2,12,B,longstring,0.5,1.0,1.0,0.0
250,0.2,12,B,longstring,0.6,1.0,1.0,0.0
250,0.2,12,B,longstring,0.7,0.5,0.5,0.0
250,0.2,12,B,longstring,0.8,1.0,1.0,0.0
250,0.2,12,B,longstring,0.9,1.0,1.0,0.0
250,0.2,12,B,longstring,1.0,1.0,1.0,0.0
250,0.2,12,B,mixed,0.1,0.0,0.0,0.0
250,0.2,12,B,mixed,0.2,0.0,0.0,0.0
250,0.2,12,B,mixed,0.3,0.0,0.0,0.0
250,0.2,12,B,mixed,0.4,0.0,0.0,0.0
250,0.2,12,B,mixed,0.5,0.0,0.0,0.0
250,0.2,12,B,mixed,0.6,1.0,0.5,0.5
250,0.2,12,B,mixed,0.7,1.0,1.0,0.0
250,0.2,12,B,mixed,0.8,1.0,1.0,0.0
250,0.2,12,B,mixed,0.9,1.0,1.0,0.0
250,0.2,12,B,mixed,1.0,0.0,1.0,-1.0
250,0.2,12,B,pure_straight,0.1,0.0,0.0,0.0
250,0.2,12,B,pure_straight,0.2,0.0,0.0,0.0
250,0.2,12,B,pure_straight,0.3,0.5,0.5,0.0
250,0.2,12,B,pure_straight,0.4,0.0,1.0,-1.0
250,0.2,12,B,pure_straight,0.5,1.0,1.0,0.0
250,0.2,12,B,pure_straight,0.6,0.0,0.5,-0.5
250,0.2,12,B,pure_straight,0.7,1.0,1.0,0.0
250,0.2,12,B,pure_straight,0.8,1.0,1.0,0.0
250,0.2,12,B,pure_straight,0.9,1.0,1.0,0.0
250,0.2,12,B,pure_straight,1.0,1.0,1.0,0.0
250,0.2,12,B,random,0.1,0.0,0.0,0.0
250,0.2,12,B,random,0.2,0.0,0.0,0.0
250,0.2,12,B,random,0.3,0.0,0.0,0.0
250,0.2,12,B,random,0.4,1.0,0.0,1.0
250,0.2,12,B,random,0.5,0.5,0.5,0.0
250,0.2,12,B,random,0.6,1.0,1.0,0.0
250,0.2,12,B,random,0.7,1.0,1.0,0.0
250,0.2,12,B,random,0.8,1.0,0.5,0.5
250,0.2,12,B,random,0.9,1.0,0.5,0.5
250,0.2,12,B,random,1.0,0.0,0.0,0.0
250,0.4,1,B,acquiescent,0.1,0.0,0.0,0.0
250,0.4,1,B,acquiescent,0.2,0.0,0.0,0.0
250,0.4,1,B,acquiescent,0.3,0.3333333333333333,0.3333333333333333,0.0
250,0.4,1,B,acquiescent,0.4,0.3333333333333333,0.3333333333333333,0.0
250,0.4,1,B,acquiescent,0.5,1.0,1.0,0.0
250,0.4,1,B,acquiescent,0.6,0.6666666666666666,1.0,-0.33333333333333337
250,0.4,1,B,acquiescent,0.7,1.0,0.6666666666666666,0.33333333333333337
250,0.4,1,B,acquiescent,0.8,1.0,1.0,0.0
250,0.4,1,B,acquiescent,0.9,1.0,1.0,0.0
250,0.4,1,B,acquiescent,1.0,1.0,1.0,0.0
250,0.4,1,B,fatigue,0.1,0.0,0.0,0.0
250,0.4,1,B,fatigue,0.2,0.0,0.0,0.0
250,0.4,1,B,fatigue,0.3,0.3333333333333333,0.6666666666666666,-0.3333333333333333
250,0.4,1,B,fatigue,0.4,0.3333333333333333,0.6666666666666666,-0.3333333333333333
250,0.4,1,B,fatigue,0.5,0.3333333333333333,0.6666666666666666,-0.3333333333333333
250,0.4,1,B,fatigue,0.6,0.75,0.75,0.0
250,0.4,1,B,fatigue,0.7,0.5,0.75,-0.25
250,0.4,1,B,fatigue,0.8,1.0,0.6666666666666666,0.33333333333333337
250,0.4,1,B,fatigue,0.9,0.6666666666666666,0.6666666666666666,0.0
250,0.4,1,B,fatigue,1.0,1.0,1.0,0.0
250,0.4,1,B,longstring,0.1,0.0,0.3333333333333333,-0.3333333333333333
250,0.4,1,B,longstring,0.2,0.0,0.3333333333333333,-0.3333333333333333
250,0.4,1,B,longstring,0.3,0.5,0.75,-0.25
250,0.4,1,B,longstring,0.4,0.0,0.0,0.0
250,0.4,1,B,longstring,0.5,0.75,1.0,-0.25
250,0.4,1,B,longstring,0.6,0.75,0.75,0.0
250,0.4,1,B,longstring,0.7,1.0,1.0,0.0
250,0.4,1,B,longstring,0.8,0.6666666666666666,0.6666666666666666,0.0
250,0.4,1,B,longstring,0.9,1.0,1.0,0.0
250,0.4,1,B,longstring,1.0,1.0,0.3333333333333333,0.6666666666666667
250,0.4,1,B,mixed,0.1,0.0,0.3333333333333333,-0.3333333333333333
250,0.4,1,B,mixed,0.2,0.3333333333333333,0.3333333333333333,0.0
250,0.4,1,B,mixed,0.3,0.3333333333333333,0.3333333333333333,0.0
250,0.4,1,B,mixed,0.4,0.6666666666666666,0.0,0.6666666666666666
250,0.4,1,B,mixed,0.5,0.25,0.5,-0.25
250,0.4,1,B,mixed,0.6,0.6666666666666666,0.3333333333333333,0.3333333333333333
250,0.4,1,B,mixed,0.7,0.75,0.75,0.0
250,0.4,1,B,mixed,0.8,0.6666666666666666,0.0,0.6666666666666666
250,0.4,1,B,mixed,0.9,0.6666666666666666,0.6666666666666666,0.0
250,0.4,1,B,mixed,1.0,1.0,0.75,0.25
250,0.4,1,B,pure_straight,0.1,0.0,0.0,0.0
250,0.4,1,B,pure_straight,0.2,0.0,0.0,0.0
250,0.4,1,B,pure_straight,0.3,0.5,1.0,-0.5
250,0.4,1,B,pure_straight,0.4,1.0,1.0,0.0
250,0.4,1,B,pure_straight,0.5,0.6666666666666666,0.3333333333333333,0.3333333333333333
250,0.4,1,B,pure_straight,0.6,1.0,1.0,0.0
250,0.4,1,B,pure_straight,0.7,1.0,1.0,0.0
250,0.4,1,B,pure_straight,0.8,1.0,1.0,0.0
250,0.4,1,B,pure_straight,0.9,1.0,1.0,0.0
250,0.4,1,B,pure_straight,1.0,1.0,1.0,0.0
250,0.4,1,B,random,0.1,0.0,0.0,0.0
250,0.4,1,B,random,0.2,0.0,0.0,0.0
250,0.4,1,B,random,0.3,0.25,0.5,-0.25
250,0.4,1,B,random,0.4,1.0,0.3333333333333333,0.6666666666666667
250,0.4,1,B,random,0.5,0.25,0.25,0.0
250,0.4,1,B,random,0.6,0.3333333333333333,0.0,0.3333333333333333
250,0.4,1,B,random,0.7,1.0,0.0,1.0
250,0.4,1,B,random,0.8,1.0,1.0,0.0
250,0.4,1,B,random,0.9,0.6666666666666666,0.3333333333333333,0.3333333333333333
250,0.4,1,B,random,1.0,1.0,0.3333333333333333,0.6666666666666667
250,0.4,2,B,acquiescent,0.1,0.0,0.3333333333333333,-0.3333333333333333
250,0.4,2,B,acquiescent,0.2,0.0,0.0,0.0
250,0.4,2,B,acquiescent,0.3,0.0,0.6666666666666666,-0.6666666666666666
250,0.4,2,B,acquiescent,0.4,0.0,0.0,0.0
250,0.4,2,B,acquiescent,0.5,1.0,1.0,0.0
250,0.4,2,B,acquiescent,0.6,1.0,0.75,0.25
250,0.4,2,B,acquiescent,0.7,1.0,1.0,0.0
250,0.4,2,B,acquiescent,0.8,1.0,1.0,0.0
250,0.4,2,B,acquiescent,0.9,1.0,1.0,0.0
250,0.4,2,B,acquiescent,1.0,1.0,1.0,0.0
250,0.4,2,B,fatigue,0.1,0.0,0.3333333333333333,-0.3333333333333333
250,0.4,2,B,fatigue,0.2,0.0,0.0,0.0
250,0.4,2,B,fatigue,0.3,0.3333333333333333,0.6666666666666666,-0.3333333333333333
250,0.4,2,B,fatigue,0.4,0.0,0.25,-0.25
250,0.4,2,B,fatigue,0.5,0.25,0.25,0.0
250,0.4,2,B,fatigue,0.6,0.6666666666666666,1.0,-0.33333333333333337
250,0.4,2,B,fatigue,0.7,0.75,0.75,0.0
250,0.4,2,B,fatigue,0.8,1.0,1.0,0.0
250,0.4,2,B,fatigue,0.9,1.0,1.0,0.0
250,0.4,2,B,fatigue,1.0,1.0,1.0,0.0
250,0.4,2,B,longstring,0.1,0.0,0.0,0.0
250,0.4,2,B,longstring,0.2,0.0,0.3333333333333333,-0.3333333333333333
250,0.4,2,B,longstring,0.3,0.0,0.3333333333333333,-0.3333333333333333
250,0.4,2,B,longstring,0.4,0.6666666666666666,0.6666666666666666,0.0
250,0.4,2,B,longstring,0.5,0.75,0.5,0.25
250,0.4,2,B,longstring,0.6,1.0,1.0,0.0
250,0.4,2,B,longstring,0.7,1.0,0.75,0.25
250,0.4,2,B,longstring,0.8,0.6666666666666666,1.0,-0.33333333333333337
250,0.4,2,B,longstring,0.9,1.0,0.75,0.25
250,0.4,2,B,longstring,1.0,1.0,1.0,0.0
250,0.4,2,B,mixed,0.1,0.3333333333333333,0.0,0.3333333333333333
250,0.4,2,B,mixed,0.2,0.3333333333333333,0.3333333333333333,0.0
250,0.4,2,B,mixed,0.3,0.3333333333333333,0.6666666666666666,-0.3333333333333333
250,0.4,2,B,mixed,0.4,0.25,0.0,0.25
250,0.4,2,B,mixed,0.5,0.6666666666666666,0.3333333333333333,0.3333333333333333
250,0.4,2,B,mixed,0.6,0.3333333333333333,0.3333333333333333,0.0
250,0.4,2,B,mixed,0.7,0.75,0.25,0.5
250,0.4,2,B,mixed,0.8,0.6666666666666666,0.3333333333333333,0.3333333333333333
250,0.4,2,B,mixed,0.9,1.0,0.6666666666666666,0.33333333333333337
250,0.4,2,B,mixed,1.0,1.0,0.5,0.5
250,0.4,2,B,pure_straight,0.1,0.0,0.3333333333333333,-0.3333333333333333
250,0.4,2,B,pure_straight,0.2,0.0,0.3333333333333333,-0.3333333333333333
250,0.4,2,B,pure_straight,0.3,0.6666666666666666,1.0,-0.33333333333333337
250,0.4,2,B,pure_straight,0.4,1.0,0.5,0.5
250,0.4,2,B,pure_straight,0.5,1.0,1.0,0.0
250,0.4,2,B,pure_straight,0.6,1.0,0.75,0.25
250,0.4,2,B,pure_straight,0.7,1.0,1.0,0.0
250,0.4,2,B,pure_straight,0.8,1.0,1.0,0.0
250,0.4,2,B,pure_straight,0.9,1.0,1.0,0.0
250,0.4,2,B,pure_straight,1.0,1.0,1.0,0.0
250,0.4,2,B,random,0.1,0.0,0.0,0.0
250,0.4,2,B,random,0.2,0.0,0.3333333333333333,-0.3333333333333333
250,0.4,2,B,random,0.3,0.3333333333333333,0.3333333333333333,0.0
250,0.4,2,B,random,0.4,0.3333333333333333,0.0,0.3333333333333333
250,0.4,2,B,random,0.5,0.75,0.0,0.75
250,0.4,2,B,random,0.6,0.75,0.5,0.25
250,0.4,2,B,random,0.7,0.5,0.5,0.0
250,0.4,2,B,random,0.8,0.6666666666666666,0.0,0.6666666666666666
250,0.4,2,B,random,0.9,0.6666666666666666,0.3333333333333333,0.3333333333333333
250,0.4,2,B,random,1.0,1.0,0.75,0.25
250,0.4,3,B,acquiescent,0.1,0.0,0.0,0.0
250,0.4,3,B,acquiescent,0.2,0.0,0.0,0.0
250,0.4,3,B,acquiescent,0.3,1.0,0.6666666666666666,0.33333333333333337
250,0.4,3,B,acquiescent,0.4,0.25,0.5,-0.25
250,0.4,3,B,acquiescent,0.5,0.3333333333333333,0.3333333333333333,0.0
250,0.4,3,B,acquiescent,0.6,1.0,1.0,0.0
250,0.4,3,B,acquiescent,0.7,1.0,1.0,0.0
250,0.4,3,B,acquiescent,0.8,1.0,1.0,0.0
250,0.4,3,B,acquiescent,0.9,1.0,1.0,0.0
250,0.4,3,B,acquiescent,1.0,1.0,1.0,0.0
250,0.4,3,B,fatigue,0.1,0.0,0.0,0.0
250,0.4,3,B,fatigue,0.2,0.0,0.3333333333333333,-0.3333333333333333
250,0.4,3,B,fatigue,0.3,0.3333333333333333,0.6666666666666666,-0.3333333333333333
250,0.4,3,B,fatigue,0.4,0.25,0.5,-0.25
250,0.4,3,B,fatigue,0.5,0.6666666666666666,0.6666666666666666,0.0
250,0.4,3,B,fatigue,0.6,0.0,0.6666666666666666,-0.6666666666666666
250,0.4,3,B,fatigue,0.7,0.5,0.25,0.25
250,0.4,3,B,fatigue,0.8,0.75,0.5,0.25
250,0.4,3,B,fatigue,0.9,1.0,0.6666666666666666,0.33333333333333337
250,0.4,3,B,fatigue,1.0,1.0,1.0,0.0
250,0.4,3,B,longstring,0.1,0.25,0.0,0.25
250,0.4,3,B,longstring,0.2,0.0,0.25,-0.25
250,0.4,3,B,longstring,0.3,0.0,0.3333333333333333,-0.3333333333333333
250,0.4,3,B,longstring,0.4,0.3333333333333333,0.3333333333333333,0.0
250,0.4,3,B,longstring,0.5,0.0,0.0,0.0
250,0.4,3,B,longstring,0.6,0.6666666666666666,0.6666666666666666,0.0
250,0.4,3,B,longstring,0.7,1.0,0.6666666666666666,0.33333333333333337
250,0.4,3,B,longstring,0.8,1.0,0.5,0.5
250,0.4,3,B,longstring,0.9,1.0,1.0,0.0
250,0.4,3,B,longstring,1.0,1.0,1.0,0.0
250,0.4,3,B,mixed,0.1,0.0,0.3333333333333333,-0.3333333333333333
250,0.4,3,B,mixed,0.2,0.0,0.0,0.0
250,0.4,3,B,mixed,0.3,0.3333333333333333,0.3333333333333333,0.0
250,0.4,3,B,mixed,0.4,0.3333333333333333,0.0,0.3333333333333333
250,0.4,3,B,mixed,0.5,0.5,0.25,0.25
250,0.4,3,B,mixed,0.6,0.75,1.0,-0.25
250,0.4,3,B,mixed,0.7,0.5,0.75,-0.25
250,0.4,3,B,mixed,0.8,1.0,0.3333333333333333,0.6666666666666667
250,0.4,3,B,mixed,0.9,1.0,0.3333333333333333,0.6666666666666667
250,0.4,3,B,mixed,1.0,1.0,0.6666666666666666,0.33333333333333337
250,0.4,3,B,pure_straight,0.1,0.0,0.25,-0.25
250,0.4,3,B,pure_straight,0.2,0.0,0.0,0.0
250,0.4,3,B,pure_straight,0.3,1.0,0.6666666666666666,0.33333333333333337
250,0.4,3,B,pure_straight,0.4,0.6666666666666666,1.0,-0.33333333333333337
250,0.4,3,B,pure_straight,0.5,0.6666666666666666,0.6666666666666666,0.0
250,0.4,3,B,pure_straight,0.6,1.0,1.0,0.0
250,0.4,3,B,pure_straight,0.7,1.0,1.0,0.0
250,0.4,3,B,pure_straight,0.8,1.0,1.0,0.0
250,0.4,3,B,pure_straight,0.9,1.0,1.0,0.0
250,0.4,3,B,pure_straight,1.0,1.0,1.0,0.0
250,0.4,3,B,random,0.1,0.3333333333333333,0.3333333333333333,0.0
250,0.4,3,B,random,0.2,0.0,0.0,0.0
250,0.4,3,B,random,0.3,0.25,0.5,-0.25
250,0.4,3,B,random,0.4,0.3333333333333333,0.3333333333333333,0.0
250,0.4,3,B,random,0.5,0.3333333333333333,0.0,0.3333333333333333
250,0.4,3,B,random,0.6,1.0,0.5,0.5
250,0.4,3,B,random,0.7,0.6666666666666666,0.3333333333333333,0.3333333333333333
250,0.4,3,B,random,0.8,1.0,1.0,0.0
250,0.4,3,B,random,0.9,0.75,0.25,0.5
250,0.4,3,B,random,1.0,1.0,0.6666666666666666,0.33333333333333337
250,0.4,4,B,acquiescent,0.1,0.3333333333333333,0.3333333333333333,0.0
250,0.4,4,B,acquiescent,0.2,0.3333333333333333,0.3333333333333333,0.0
250,0.4,4,B,acquiescent,0.3,0.5,0.75,-0.25
250,0.4,4,B,acquiescent,0.4,0.6666666666666666,0.6666666666666666,0.0
250,0.4,4,B,acquiescent,0.5,0.6666666666666666,0.6666666666666666,0.0
250,0.4,4,B,acquiescent,0.6,0.75,0.75,0.0
250,0.4,4,B,acquiescent,0.7,0.6666666666666666,1.0,-0.33333333333333337
250,0.4,4,B,acquiescent,0.8,1.0,1.0,0.0
250,0.4,4,B,acquiescent,0.9,1.0,1.0,0.0
250,0.4,4,B,acquiescent,1.0,1.0,1.0,0.0
250,0.4,4,B,fatigue,0.1,0.0,0.0,0.0
250,0.4,4,B,fatigue,0.2,0.0,0.0,0.0
250,0.4,4,B,fatigue,0.3,0.0,0.3333333333333333,-0.3333333333333333
250,0.4,4,B,fatigue,0.4,0.5,0.5,0.0
250,0.4,4,B,fatigue,0.5,0.3333333333333333,0.6666666666666666,-0.3333333333333333
250,0.4,4,B,fatigue,0.6,0.3333333333333333,0.6666666666666666,-0.3333333333333333
250,0.4,4,B,fatigue,0.7,0.5,0.5,0.0
250,0.4,4,B,fatigue,0.8,1.0,0.6666666666666666,0.33333333333333337
250,0.4,4,B,fatigue,0.9,1.0,0.75,0.25
250,0.4,4,B,fatigue,1.0,1.0,1.0,0.0
250,0.4,4,B,longstring,0.1,0.0,0.0,0.0
250,0.4,4,B,longstring,0.2,0.5,0.0,0.5
250,0.4,4,B,longstring,0.3,0.5,0.25,0.25
250,0.4,4,B,longstring,0.4,0.0,0.0,0.0
250,0.4,4,B,longstring,0.5,0.6666666666666666,0.6666666666666666,0.0
250,0.4,4,B,longstring,0.6,0.6666666666666666,0.6666666666666666,0.0
250,0.4,4,B,longstring,0.7,0.6666666666666666,1.0,-0.33333333333333337
250,0.4,4,B,longstring,0.8,1.0,1.0,0.0
250,0.4,4,B,longstring,0.9,1.0,1.0,0.0
250,0.4,4,B,longstring,1.0,0.75,0.5,0.25
250,0.4,4,B,mixed,0.1,0.0,0.0,0.0
250,0.4,4,B,mixed,0.2,0.0,0.3333333333333333,-0.3333333333333333
250,0.4,4,B,mixed,0.3,0.3333333333333333,0.3333333333333333,0.0
250,0.4,4,B,mixed,0.4,0.0,0.0,0.0
250,0.4,4,B,mixed,0.5,0.5,0.75,-0.25
250,0.4,4,B,mixed,0.6,0.75,0.5,0.25
250,0.4,4,B,mixed,0.7,0.5,0.5,0.0
250,0.4,4,B,mixed,0.8,1.0,0.6666666666666666,0.33333333333333337
250,0.4,4,B,mixed,0.9,1.0,0.3333333333333333,0.6666666666666667
250,0.4,4,B,mixed,1.0,1.0,0.6666666666666666,0.33333333333333337
250,0.4,4,B,pure_straight,0.1,0.0,0.3333333333333333,-0.3333333333333333
250,0.4,4,B,pure_straight,0.2,0.0,0.6666666666666666,-0.6666666666666666
250,0.4,4,B,pure_straight,0.3,0.3333333333333333,0.3333333333333333,0.0
250,0.4,4,B,pure_straight,0.4,0.75,0.75,0.0
250,0.4,4,B,pure_straight,0.5,0.3333333333333333,0.3333333333333333,0.0
250,0.4,4,B,pure_straight,0.6,1.0,0.75,0.25
250,0.4,4,B,pure_straight,0.7,1.0,1.0,0.0
250,0.4,4,B,pure_straight,0.8,1.0,1.0,0.0
250,0.4,4,B,pure_straight,0.9,1.0,1.0,0.0
250,0.4,4,B,pure_straight,1.0,1.0,1.0,0.0
250,0.4,4,B,random,0.1,0.0,0.5,-0.5
250,0.4,4,B,random,0.2,0.0,0.3333333333333333,-0.3333333333333333
250,0.4,4,B,random,0.3,0.3333333333333333,0.0,0.3333333333333333
250,0.4,4,B,random,0.4,0.25,0.25,0.0
250,0.4,4,B,random,0.5,0.3333333333333333,0.0,0.3333333333333333
250,0.4,4,B,random,0.6,1.0,0.0,1.0
250,0.4,4,B,random,0.7,1.0,0.6666666666666666,0.33333333333333337
250,0.4,4,B,random,0.8,0.6666666666666666,0.6666666666666666,0.0
250,0.4,4,B,random,0.9,1.0,0.75,0.25
250,0.4,4,B,random,1.0,1.0,0.3333333333333333,0.6666666666666667
250,0.4,5,B,acquiescent,0.1,0.3333333333333333,0.0,0.3333333333333333
250,0.4,5,B,acquiescent,0.2,0.0,0.0,0.0
250,0.4,5,B,acquiescent,0.3,0.5,0.5,0.0
250,0.4,5,B,acquiescent,0.4,0.75,0.75,0.0
250,0.4,5,B,acquiescent,0.5,0.6666666666666666,0.6666666666666666,0.0
250,0.4,5,B,acquiescent,0.6,0.6666666666666666,0.3333333333333333,0.3333333333333333
250,0.4,5,B,acquiescent,0.7,1.0,1.0,0.0
250,0.4,5,B,acquiescent,0.8,1.0,1.0,0.0
250,0.4,5,B,acquiescent,0.9,1.0,1.0,0.0
250,0.4,5,B,acquiescent,1.0,1.0,1.0,0.0
250,0.4,5,B,fatigue,0.1,0.0,0.0,0.0
250,0.4,5,B,fatigue,0.2,0.0,0.0,0.0
250,0.4,5,B,fatigue,0.3,0.3333333333333333,0.3333333333333333,0.0
250,0.4,5,B,fatigue,0.4,0.3333333333333333,0.3333333333333333,0.0
250,0.4,5,B,fatigue,0.5,0.25,0.5,-0.25
250,0.4,5,B,fatigue,0.6,0.6666666666666666,0.3333333333333333,0.3333333333333333
250,0.4,5,B,fatigue,0.7,0.6666666666666666,1.0,-0.33333333333333337
250,0.4,5,B,fatigue,0.8,1.0,1.0,0.0
250,0.4,5,B,fatigue,0.9,1.0,0.6666666666666666,0.33333333333333337
250,0.4,5,B,fatigue,1.0,1.0,1.0,0.0
250,0.4,5,B,longstring,0.1,0.0,0.0,0.0
250,0.4,5,B,longstring,0.2,0.0,0.3333333333333333,-0.3333333333333333
250,0.4,5,B,longstring,0.3,0.3333333333333333,0.6666666666666666,-0.3333333333333333
250,0.4,5,B,longstring,0.4,0.75,0.5,0.25
250,0.4,5,B,longstring,0.5,1.0,0.6666666666666666,0.33333333333333337
250,0.4,5,B,longstring,0.6,0.6666666666666666,0.0,0.6666666666666666
250,0.4,5,B,longstring,0.7,1.0,1.0,0.0
250,0.4,5,B,longstring,0.8,1.0,0.6666666666666666,0.33333333333333337
250,0.4,5,B,longstring,0.9,0.75,0.75,0.0
250,0.4,5,B,longstring,1.0,1.0,0.5,0.5
250,0.4,5,B,mixed,0.1,0.0,0.0,0.0
250,0.4,5,B,mixed,0.2,0.0,0.0,0.0
250,0.4,5,B,mixed,0.3,0.6666666666666666,0.3333333333333333,0.3333333333333333
250,0.4,5,B,mixed,0.4,0.0,0.3333333333333333,-0.3333333333333333
250,0.4,5,B,mixed,0.5,0.3333333333333333,0.0,0.3333333333333333
250,0.4,5,B,mixed,0.6,0.3333333333333333,0.3333333333333333,0.0
250,0.4,5,B,mixed,0.7,0.6666666666666666,0.3333333333333333,0.3333333333333333
250,0.4,5,B,mixed,0.8,1.0,0.3333333333333333,0.6666666666666667
250,0.4,5,B,mixed,0.9,1.0,0.75,0.25
250,0.4,5,B,mixed,1.0,1.0,0.6666666666666666,0.33333333333333337
250,0.4,5,B,pure_straight,0.1,0.0,0.3333333333333333,-0.3333333333333333
250,0.4,5,B,pure_straight,0.2,0.0,0.6666666666666666,-0.6666666666666666
250,0.4,5,B,pure_straight,0.3,0.0,0.5,-0.5
250,0.4,5,B,pure_straight,0.4,0.6666666666666666,0.6666666666666666,0.0
250,0.4,5,B,pure_straight,0.5,1.0,0.6666666666666666,0.33333333333333337
250,0.4,5,B,pure_straight,0.6,0.6666666666666666,1.0,-0.33333333333333337
250,0.4,5,B,pure_straight,0.7,1.0,1.0,0.0
250,0.4,5,B,pure_straight,0.8,1.0,1.0,0.0
250,0.4,5,B,pure_straight,0.9,1.0,1.0,0.0
250,0.4,5,B,pure_straight,1.0,1.0,1.0,0.0
250,0.4,5,B,random,0.1,0.0,0.0,0.0
250,0.4,5,B,random,0.2,0.0,0.3333333333333333,-0.3333333333333333
250,0.4,5,B,random,0.3,0.3333333333333333,0.3333333333333333,0.0
250,0.4,5,B,random,0.4,0.25,0.25,0.0
250,0.4,5,B,random,0.5,0.3333333333333333,0.6666666666666666,-0.3333333333333333
250,0.4,5,B,random,0.6,0.0,0.6666666666666666,-0.6666666666666666
250,0.4,5,B,random,0.7,0.75,0.0,0.75
250,0.4,5,B,random,0.8,1.0,1.0,0.0
250,0.4,5,B,random,0.9,1.0,0.75,0.25
250,0.4,5,B,random,1.0,1.0,0.75,0.25
250,0.4,6,B,acquiescent,0.1,0.0,0.0,0.0
250,0.4,6,B,acquiescent,0.2,0.75,0.5,0.25
250,0.4,6,B,acquiescent,0.3,0.0,0.0,0.0
250,0.4,6,B,acquiescent,0.4,0.6666666666666666,0.6666666666666666,0.0
250,0.4,6,B,acquiescent,0.5,0.3333333333333333,0.3333333333333333,0.0
250,0.4,6,B,acquiescent,0.6,0.75,1.0,-0.25
250,0.4,6,B,acquiescent,0.7,0.6666666666666666,1.0,-0.33333333333333337
250,0.4,6,B,acquiescent,0.8,1.0,1.0,0.0
250,0.4,6,B,acquiescent,0.9,1.0,1.0,0.0
250,0.4,6,B,acquiescent,1.0,1.0,1.0,0.0
250,0.4,6,B,fatigue,0.1,0.0,0.0,0.0
250,0.4,6,B,fatigue,0.2,0.0,0.0,0.0
250,0.4,6,B,fatigue,0.3,0.0,0.0,0.0
250,0.4,6,B,fatigue,0.4,0.25,0.0,0.25
250,0.4,6,B,fatigue,0.5,1.0,0.6666666666666666,0.33333333333333337
250,0.4,6,B,fatigue,0.6,0.25,0.5,-0.25
250,0.4,6,B,fatigue,0.7,0.6666666666666666,0.3333333333333333,0.3333333333333333
250,0.4,6,B,fatigue,0.8,1.0,1.0,0.0
250,0.4,6,B,fatigue,0.9,1.0,0.6666666666666666,0.33333333333333337
250,0.4,6,B,fatigue,1.0,1.0,0.6666666666666666,0.33333333333333337
250,0.4,6,B,longstring,0.1,0.0,0.0,0.0
250,0.4,6,B,longstring,0.2,0.25,0.5,-0.25
250,0.4,6,B,longstring,0.3,0.25,0.5,-0.25
250,0.4,6,B,longstring,0.4,0.3333333333333333,0.6666666666666666,-0.3333333333333333
250,0.4,6,B,longstring,0.5,0.25,0.25,0.0
250,0.4,6,B,longstring,0.6,0.3333333333333333,0.6666666666666666,-0.3333333333333333
250,0.4,6,B,longstring,0.7,1.0,0.6666666666666666,0.33333333333333337
250,0.4,6,B,longstring,0.8,0.75,0.5,0.25
250,0.4,6,B,longstring,0.9,1.0,0.6666666666666666,0.33333333333333337
250,0.4,6,B,longstring,1.0,1.0,1.0,0.0
250,0.4,6,B,mixed,0.1,0.0,0.0,0.0
250,0.4,6,B,mixed,0.2,0.25,0.25,0.0
250,0.4,6,B,mixed,0.3,0.3333333333333333,0.3333333333333333,0.0
250,0.4,6,B,mixed,0.4,0.6666666666666666,0.3333333333333333,0.3333333333333333
250,0.4,6,B,mixed,0.5,0.75,0.5,0.25
250,0.4,6,B,mixed,0.6,0.3333333333333333,0.6666666666666666,-0.3333333333333333
250,0.4,6,B,mixed,0.7,0.6666666666666666,0.3333333333333333,0.3333333333333333
250,0.4,6,B,mixed,0.8,0.3333333333333333,0.6666666666666666,-0.3333333333333333
250,0.4,6,B,mixed,0.9,1.0,0.3333333333333333,0.6666666666666667
250,0.4,6,B,mixed,1.0,0.75,0.5,0.25
250,0.4,6,B,pure_straight,0.1,0.0,0.3333333333333333,-0.3333333333333333
250,0.4,6,B,pure_straight,0.2,0.25,0.5,-0.25
250,0.4,6,B,pure_straight,0.3,1.0,1.0,0.0
250,0.4,6,B,pure_straight,0.4,0.3333333333333333,0.6666666666666666,-0.3333333333333333
250,0.4,6,B,pure_straight,0.5,0.6666666666666666,1.0,-0.33333333333333337
250,0.4,6,B,pure_straight,0.6,1.0,1.0,0.0
250,0.4,6,B,pure_straight,0.7,1.0,0.6666666666666666,0.33333333333333337
250,0.4,6,B,pure_straight,0.8,1.0,1.0,0.0
250,0.4,6,B,pure_straight,0.9,1.0,1.0,0.0
250,0.4,6,B,pure_straight,1.0,1.0,1.0,0.0
250,0.4,6,B,random,0.1,0.0,0.3333333333333333,-0.3333333333333333
250,0.4,6,B,random,0.2,0.0,0.0,0.0
250,0.4,6,B,random,0.3,0.0,0.0,0.0
250,0.4,6,B,random,0.4,0.5,0.25,0.25
250,0.4,6,B,random,0.5,1.0,0.3333333333333333,0.6666666666666667
250,0.4,6,B,random,0.6,0.5,0.5,0.0
250,0.4,6,B,random,0.7,0.6666666666666666,0.3333333333333333,0.3333333333333333
250,0.4,6,B,random,0.8,1.0,0.6666666666666666,0.33333333333333337
250,0.4,6,B,random,0.9,1.0,1.0,0.0
250,0.4,6,B,random,1.0,1.0,1.0,0.0
250,0.4,7,B,acquiescent,0.1,0.0,0.3333333333333333,-0.3333333333333333
250,0.4,7,B,acquiescent,0.2,0.0,0.0,0.0
250,0.4,7,B,acquiescent,0.3,0.6666666666666666,0.3333333333333333,0.3333333333333333
250,0.4,7,B,acquiescent,0.4,0.25,0.0,0.25
250,0.4,7,B,acquiescent,0.5,0.6666666666666666,0.6666666666666666,0.0
250,0.4,7,B,acquiescent,0.6,1.0,1.0,0.0
250,0.4,7,B,acquiescent,0.7,1.0,0.75,0.25
250,0.4,7,B,acquiescent,0.8,1.0,1.0,0.0
250,0.4,7,B,acquiescent,0.9,1.0,1.0,0.0
250,0.4,7,B,acquiescent,1.0,1.0,1.0,0.0
250,0.4,7,B,fatigue,0.1,0.0,0.0,0.0
250,0.4,7,B,fatigue,0.2,0.0,0.0,0.0
250,0.4,7,B,fatigue,0.3,0.0,0.0,0.0
250,0.4,7,B,fatigue,0.4,0.0,0.3333333333333333,-0.3333333333333333
250,0.4,7,B,fatigue,0.5,0.6666666666666666,0.3333333333333333,0.3333333333333333
250,0.4,7,B,fatigue,0.6,0.6666666666666666,1.0,-0.33333333333333337
250,0.4,7,B,fatigue,0.7,0.6666666666666666,0.6666666666666666,0.0
250,0.4,7,B,fatigue,0.8,1.0,1.0,0.0
250,0.4,7,B,fatigue,0.9,1.0,1.0,0.0
250,0.4,7,B,fatigue,1.0,1.0,0.75,0.25
250,0.4,7,B,longstring,0.1,0.0,0.3333333333333333,-0.3333333333333333
250,0.4,7,B,longstring,0.2,0.5,0.0,0.5
250,0.4,7,B,longstring,0.3,0.0,0.0,0.0
250,0.4,7,B,longstring,0.4,0.25,0.5,-0.25
250,0.4,7,B,longstring,0.5,0.6666666666666666,0.6666666666666666,0.0
250,0.4,7,B,longstring,0.6,0.3333333333333333,0.3333333333333333,0.0
250,0.4,7,B,longstring,0.7,0.6666666666666666,1.0,-0.33333333333333337
250,0.4,7,B,longstring,0.8,1.0,0.5,0.5
250,0.4,7,B,longstring,0.9,1.0,1.0,0.0
250,0.4,7,B,longstring,1.0,0.75,0.75,0.0
250,0.4,7,B,mixed,0.1,0.0,0.0,0.0
250,0.4,7,B,mixed,0.2,0.0,0.0,0.0
250,0.4,7,B,mixed,0.3,0.25,0.25,0.0
250,0.4,7,B,mixed,0.4,0.6666666666666666,0.3333333333333333,0.3333333333333333
250,0.4,7,B,mixed,0.5,0.6666666666666666,0.3333333333333333,0.3333333333333333
250,0.4,7,B,mixed,0.6,0.6666666666666666,0.3333333333333333,0.3333333333333333
250,0.4,7,B,mixed,0.7,1.0,1.0,0.0
250,0.4,7,B,mixed,0.8,0.5,0.5,0.0
250,0.4,7,B,mixed,0.9,1.0,0.6666666666666666,0.33333333333333337
250,0.4,7,B,mixed,1.0,1.0,1.0,0.0
250,0.4,7,B,pure_straight,0.1,0.0,0.0,0.0
250,0.4,7,B,pure_straight,0.2,0.3333333333333333,0.6666666666666666,-0.3333333333333333
250,0.4,7,B,pure_straight,0.3,0.6666666666666666,0.3333333333333333,0.3333333333333333
250,0.4,7,B,pure_straight,0.4,0.75,0.5,0.25
250,0.4,7,B,pure_straight,0.5,0.6666666666666666,1.0,-0.33333333333333337
250,0.4,7,B,pure_straight,0.6,0.6666666666666666,1.0,-0.33333333333333337
250,0.4,7,B,pure_straight,0.7,1.0,1.0,0.0
250,0.4,7,B,pure_straight,0.8,1.0,1.0,0.0
250,0.4,7,B,pure_straight,0.9,1.0,1.0,0.0
250,0.4,7,B,pure_straight,1.0,1.0,1.0,0.0
250,0.4,7,B,random,0.1,0.0,0.0,0.0
250,0.4,7,B,random,0.2,0.0,0.3333333333333333,-0.3333333333333333
250,0.4,7,B,random,0.3,0.0,0.0,0.0
250,0.4,7,B,random,0.4,0.6666666666666666,0.6666666666666666,0.0
250,0.4,7,B,random,0.5,0.3333333333333333,0.3333333333333333,0.0
250,0.4,7,B,random,0.6,1.0,1.0,0.0
250,0.4,7,B,random,0.7,0.6666666666666666,0.6666666666666666,0.0
250,0.4,7,B,random,0.8,1.0,0.3333333333333333,0.6666666666666667
250,0.4,7,B,random,0.9,0.6666666666666666,0.3333333333333333,0.3333333333333333
250,0.4,7,B,random,1.0,1.0,0.0,1.0
250,0.4,8,B,acquiescent,0.1,0.0,0.3333333333333333,-0.3333333333333333
250,0.4,8,B,acquiescent,0.2,0.3333333333333333,0.3333333333333333,0.0
250,0.4,8,B,acquiescent,0.3,0.5,0.75,-0.25
250,0.4,8,B,acquiescent,0.4,0.6666666666666666,1.0,-0.33333333333333337
250,0.4,8,B,acquiescent,0.5,0.3333333333333333,0.0,0.3333333333333333
250,0.4,8,B,acquiescent,0.6,0.6666666666666666,0.6666666666666666,0.0
250,0.4,8,B,acquiescent,0.7,1.0,0.6666666666666666,0.33333333333333337
250,0.4,8,B,acquiescent,0.8,1.0,1.0,0.0
250,0.4,8,B,acquiescent,0.9,1.0,1.0,0.0
250,0.4,8,B,acquiescent,1.0,1.0,1.0,0.0
250,0.4,8,B,fatigue,0.1,0.0,0.25,-0.25
250,0.4,8,B,fatigue,0.2,0.0,0.0,0.0
250,0.4,8,B,fatigue,0.3,0.0,0.3333333333333333,-0.3333333333333333
250,0.4,8,B,fatigue,0.4,0.3333333333333333,0.3333333333333333,0.0
250,0.4,8,B,fatigue,0.5,0.3333333333333333,0.6666666666666666,-0.3333333333333333
250,0.4,8,B,fatigue,0.6,0.0,0.3333333333333333,-0.3333333333333333
250,0.4,8,B,fatigue,0.7,0.75,0.75,0.0
250,0.4,8,B,fatigue,0.8,0.6666666666666666,1.0,-0.33333333333333337
250,0.4,8,B,fatigue,0.9,1.0,0.6666666666666666,0.33333333333333337
250,0.4,8,B,fatigue,1.0,1.0,1.0,0.0
250,0.4,8,B,longstring,0.1,0.0,0.0,0.0
250,0.4,8,B,longstring,0.2,0.0,0.0,0.0
250,0.4,8,B,longstring,0.3,0.75,0.25,0.5
250,0.4,8,B,longstring,0.4,0.75,0.25,0.5
250,0.4,8,B,longstring,0.5,0.6666666666666666,0.6666666666666666,0.0
250,0.4,8,B,longstring,0.6,0.3333333333333333,0.6666666666666666,-0.3333333333333333
250,0.4,8,B,longstring,0.7,0.6666666666666666,0.6666666666666666,0.0
250,0.4,8,B,longstring,0.8,1.0,1.0,0.0
250,0.4,8,B,longstring,0.9,1.0,1.0,0.0
250,0.4,8,B,longstring,1.0,0.75,0.5,0.25
250,0.4,8,B,mixed,0.1,0.0,0.0,0.0
250,0.4,8,B,mixed,0.2,0.0,0.0,0.0
250,0.4,8,B,mixed,0.3,0.0,0.0,0.0
250,0.4,8,B,mixed,0.4,0.75,0.25,0.5
250,0.4,8,B,mixed,0.5,0.3333333333333333,0.3333333333333333,0.0
250,0.4,8,B,mixed,0.6,1.0,0.75,0.25
250,0.4,8,B,mixed,0.7,1.0,1.0,0.0
250,0.4,8,B,mixed,0.8,0.3333333333333333,0.3333333333333333,0.0
250,0.4,8,B,mixed,0.9,1.0,0.0,1.0
250,0.4,8,B,mixed,1.0,0.6666666666666666,0.3333333333333333,0.3333333333333333
250,0.4,8,B,pure_straight,0.1,0.0,0.0,0.0
250,0.4,8,B,pure_straight,0.2,0.0,0.5,-0.5
250,0.4,8,B,pure_straight,0.3,0.3333333333333333,0.3333333333333333,0.0
250,0.4,8,B,pure_straight,0.4,0.6666666666666666,0.3333333333333333,0.3333333333333333
250,0.4,8,B,pure_straight,0.5,0.3333333333333333,0.6666666666666666,-0.3333333333333333
250,0.4,8,B,pure_straight,0.6,0.75,1.0,-0.25
250,0.4,8,B,pure_straight,0.7,1.0,1.0,0.0
250,0.4,8,B,pure_straight,0.8,1.0,1.0,0.0
250,0.4,8,B,pure_straight,0.9,1.0,1.0,0.0
250,0.4,8,B,pure_straight,1.0,1.0,1.0,0.0
250,0.4,8,B,random,0.1,0.0,0.0,0.0
250,0.4,8,B,random,0.2,0.0,0.0,0.0
250,0.4,8,B,random,0.3,0.3333333333333333,0.6666666666666666,-0.3333333333333333
250,0.4,8,B,random,0.4,0.75,1.0,-0.25
250,0.4,8,B,random,0.5,1.0,0.6666666666666666,0.33333333333333337
250,0.4,8,B,random,0.6,0.25,0.25,0.0
250,0.4,8,B,random,0.7,0.6666666666666666,0.6666666666666666,0.0
250,0.4,8,B,random,0.8,1.0,0.6666666666666666,0.33333333333333337
250,0.4,8,B,random,0.9,0.6666666666666666,0.3333333333333333,0.3333333333333333
250,0.4,8,B,random,1.0,1.0,1.0,0.0
250,0.4,9,B,acquiescent,0.1,0.3333333333333333,0.0,0.3333333333333333
250,0.4,9,B,acquiescent,0.2,0.0,0.0,0.0
250,0.4,9,B,acquiescent,0.3,0.3333333333333333,0.6666666666666666,-0.3333333333333333
250,0.4,9,B,acquiescent,0.4,0.3333333333333333,0.3333333333333333,0.0
250,0.4,9,B,acquiescent,0.5,0.3333333333333333,0.6666666666666666,-0.3333333333333333
250,0.4,9,B,acquiescent,0.6,0.75,0.75,0.0
250,0.4,9,B,acquiescent,0.7,1.0,0.6666666666666666,0.33333333333333337
250,0.4,9,B,acquiescent,0.8,1.0,1.0,0.0
250,0.4,9,B,acquiescent,0.9,1.0,1.0,0.0
250,0.4,9,B,acquiescent,1.0,1.0,1.0,0.0
250,0.4,9,B,fatigue,0.1,0.0,0.0,0.0
250,0.4,9,B,fatigue,0.2,0.0,0.25,-0.25
250,0.4,9,B,fatigue,0.3,0.0,0.0,0.0
250,0.4,9,B,fatigue,0.4,0.3333333333333333,0.6666666666666666,-0.3333333333333333
250,0.4,9,B,fatigue,0.5,0.6666666666666666,0.3333333333333333,0.3333333333333333
250,0.4,9,B,fatigue,0.6,0.3333333333333333,0.6666666666666666,-0.3333333333333333
250,0.4,9,B,fatigue,0.7,0.6666666666666666,0.6666666666666666,0.0
250,0.4,9,B,fatigue,0.8,1.0,1.0,0.0
250,0.4,9,B,fatigue,0.9,0.75,0.75,0.0
250,0.4,9,B,fatigue,1.0,1.0,0.6666666666666666,0.33333333333333337
250,0.4,9,B,longstring,0.1,0.0,0.0,0.0
250,0.4,9,B,longstring,0.2,0.0,0.3333333333333333,-0.3333333333333333
250,0.4,9,B,longstring,0.3,0.5,0.75,-0.25
250,0.4,9,B,longstring,0.4,0.3333333333333333,0.3333333333333333,0.0
250,0.4,9,B,longstring,0.5,1.0,0.6666666666666666,0.33333333333333337
250,0.4,9,B,longstring,0.6,0.6666666666666666,0.3333333333333333,0.3333333333333333
250,0.4,9,B,longstring,0.7,1.0,0.5,0.5
250,0.4,9,B,longstring,0.8,1.0,1.0,0.0
250,0.4,9,B,longstring,0.9,0.6666666666666666,0.3333333333333333,0.3333333333333333
250,0.4,9,B,longstring,1.0,1.0,1.0,0.0
250,0.4,9,B,mixed,0.1,0.0,0.0,0.0
250,0.4,9,B,mixed,0.2,0.0,0.0,0.0
250,0.4,9,B,mixed,0.3,0.0,0.3333333333333333,-0.3333333333333333
250,0.4,9,B,mixed,0.4,0.3333333333333333,0.0,0.3333333333333333
250,0.4,9,B,mixed,0.5,0.6666666666666666,0.3333333333333333,0.3333333333333333
250,0.4,9,B,mixed,0.6,0.3333333333333333,0.0,0.3333333333333333
250,0.4,9,B,mixed,0.7,1.0,0.3333333333333333,0.6666666666666667
250,0.4,9,B,mixed,0.8,1.0,1.0,0.0
250,0.4,9,B,mixed,0.9,1.0,0.5,0.5
250,0.4,9,B,mixed,1.0,1.0,0.5,0.5
250,0.4,9,B,pure_straight,0.1,0.25,0.25,0.0
250,0.4,9,B,pure_straight,0.2,0.3333333333333333,0.6666666666666666,-0.3333333333333333
250,0.4,9,B,pure_straight,0.3,0.6666666666666666,0.3333333333333333,0.3333333333333333
250,0.4,9,B,pure_straight,0.4,0.75,0.75,0.0
250,0.4,9,B,pure_straight,0.5,1.0,0.75,0.25
250,0.4,9,B,pure_straight,0.6,1.0,1.0,0.0
250,0.4,9,B,pure_straight,0.7,0.6666666666666666,1.0,-0.33333333333333337
250,0.4,9,B,pure_straight,0.8,1.0,1.0,0.0
250,0.4,9,B,pure_straight,0.9,1.0,1.0,0.0
250,0.4,9,B,pure_straight,1.0,1.0,1.0,0.0
250,0.4,9,B,random,0.1,0.0,0.0,0.0
250,0.4,9,B,random,0.2,0.0,0.0,0.0
250,0.4,9,B,random,0.3,0.0,0.0,0.0
250,0.4,9,B,random,0.4,0.3333333333333333,0.3333333333333333,0.0
250,0.4,9,B,random,0.5,0.5,0.25,0.25
250,0.4,9,B,random,0.6,0.75,0.5,0.25
250,0.4,9,B,random,0.7,0.75,0.5,0.25
250,0.4,9,B,random,0.8,0.6666666666666666,0.3333333333333333,0.3333333333333333
250,0.4,9,B,random,0.9,1.0,1.0,0.0
250,0.4,9,B,random,1.0,1.0,0.6666666666666666,0.33333333333333337
250,0.4,10,B,acquiescent,0.1,0.0,0.0,0.0
250,0.4,10,B,acquiescent,0.2,0.3333333333333333,0.6666666666666666,-0.3333333333333333
250,0.4,10,B,acquiescent,0.3,0.25,0.5,-0.25
250,0.4,10,B,acquiescent,0.4,0.6666666666666666,1.0,-0.33333333333333337
250,0.4,10,B,acquiescent,0.5,0.75,1.0,-0.25
250,0.4,10,B,acquiescent,0.6,1.0,0.3333333333333333,0.6666666666666667
250,0.4,10,B,acquiescent,0.7,1.0,1.0,0.0
250,0.4,10,B,acquiescent,0.8,1.0,1.0,0.0
250,0.4,10,B,acquiescent,0.9,1.0,1.0,0.0
250,0.4,10,B,acquiescent,1.0,1.0,1.0,0.0
250,0.4,10,B,fatigue,0.1,0.3333333333333333,0.0,0.3333333333333333
250,0.4,10,B,fatigue,0.2,0.0,0.0,0.0
250,0.4,10,B,fatigue,0.3,0.0,0.3333333333333333,-0.3333333333333333
250,0.4,10,B,fatigue,0.4,0.3333333333333333,0.3333333333333333,0.0
250,0.4,10,B,fatigue,0.5,0.0,0.0,0.0
250,0.4,10,B,fatigue,0.6,1.0,0.6666666666666666,0.33333333333333337
250,0.4,10,B,fatigue,0.7,1.0,1.0,0.0
250,0.4,10,B,fatigue,0.8,0.6666666666666666,1.0,-0.33333333333333337
250,0.4,10,B,fatigue,0.9,0.75,0.75,0.0
250,0.4,10,B,fatigue,1.0,1.0,1.0,0.0
250,0.4,10,B,longstring,0.1,0.0,0.0,0.0
250,0.4,10,B,longstring,0.2,0.0,0.0,0.0
250,0.4,10,B,longstring,0.3,0.6666666666666666,0.6666666666666666,0.0
250,0.4,10,B,longstring,0.4,0.0,0.0,0.0
250,0.4,10,B,longstring,0.5,0.5,0.75,-0.25
250,0.4,10,B,longstring,0.6,1.0,1.0,0.0
250,0.4,10,B,longstring,0.7,0.75,1.0,-0.25
250,0.4,10,B,longstring,0.8,1.0,0.75,0.25
250,0.4,10,B,longstring,0.9,1.0,1.0,0.0
250,0.4,10,B,longstring,1.0,1.0,0.6666666666666666,0.33333333333333337
250,0.4,10,B,mixed,0.1,0.0,0.25,-0.25
250,0.4,10,B,mixed,0.2,0.0,0.0,0.0
250,0.4,10,B,mixed,0.3,0.0,0.0,0.0
250,0.4,10,B,mixed,0.4,0.0,0.0,0.0
250,0.4,10,B,mixed,0.5,1.0,0.75,0.25
250,0.4,10,B,mixed,0.6,0.3333333333333333,0.6666666666666666,-0.3333333333333333
250,0.4,10,B,mixed,0.7,1.0,0.6666666666666666,0.33333333333333337
250,0.4,10,B,mixed,0.8,1.0,0.5,0.5
250,0.4,10,B,mixed,0.9,1.0,0.6666666666666666,0.33333333333333337
250,0.4,10,B,mixed,1.0,1.0,0.3333333333333333,0.6666666666666667
250,0.4,10,B,pure_straight,0.1,0.25,0.0,0.25
250,0.4,10,B,pure_straight,0.2,0.0,0.3333333333333333,-0.3333333333333333
250,0.4,10,B,pure_straight,0.3,0.25,0.0,0.25
250,0.4,10,B,pure_straight,0.4,0.3333333333333333,0.3333333333333333,0.0
250,0.4,10,B,pure_straight,0.5,1.0,1.0,0.0
250,0.4,10,B,pure_straight,0.6,1.0,1.0,0.0
250,0.4,10,B,pure_straight,0.7,1.0,1.0,0.0
250,0.4,10,B,pure_straight,0.8,1.0,1.0,0.0
250,0.4,10,B,pure_straight,0.9,1.0,1.0,0.0
250,0.4,10,B,pure_straight,1.0,1.0,1.0,0.0
250,0.4,10,B,random,0.1,0.0,0.0,0.0
250,0.4,10,B,random,0.2,0.0,0.0,0.0
250,0.4,10,B,random,0.3,0.0,0.0,0.0
250,0.4,10,B,random,0.4,0.3333333333333333,0.0,0.3333333333333333
250,0.4,10,B,random,0.5,1.0,0.3333333333333333,0.6666666666666667
250,0.4,10,B,random,0.6,0.3333333333333333,0.3333333333333333,0.0
250,0.4,10,B,random,0.7,1.0,0.3333333333333333,0.6666666666666667
250,0.4,10,B,random,0.8,1.0,1.0,0.0
250,0.4,10,B,random,0.9,0.5,0.5,0.0
250,0.4,10,B,random,1.0,1.0,1.0,0.0
250,0.4,11,B,acquiescent,0.1,0.0,0.0,0.0
250,0.4,11,B,acquiescent,0.2,0.0,0.0,0.0
250,0.4,11,B,acquiescent,0.3,0.0,0.3333333333333333,-0.3333333333333333
250,0.4,11,B,acquiescent,0.4,0.3333333333333333,0.3333333333333333,0.0
250,0.4,11,B,acquiescent,0.5,0.75,0.75,0.0
250,0.4,11,B,acquiescent,0.6,0.6666666666666666,0.6666666666666666,0.0
250,0.4,11,B,acquiescent,0.7,1.0,1.0,0.0
250,0.4,11,B,acquiescent,0.8,1.0,1.0,0.0
250,0.4,11,B,acquiescent,0.9,1.0,1.0,0.0
250,0.4,11,B,acquiescent,1.0,1.0,1.0,0.0
250,0.4,11,B,fatigue,0.1,0.0,0.0,0.0
250,0.4,11,B,fatigue,0.2,0.6666666666666666,0.3333333333333333,0.3333333333333333
250,0.4,11,B,fatigue,0.3,0.0,0.0,0.0
250,0.4,11,B,fatigue,0.4,0.0,0.0,0.0
250,0.4,11,B,fatigue,0.5,0.75,0.75,0.0
250,0.4,11,B,fatigue,0.6,0.75,1.0,-0.25
250,0.4,11,B,fatigue,0.7,1.0,1.0,0.0
250,0.4,11,B,fatigue,0.8,0.6666666666666666,0.6666666666666666,0.0
250,0.4,11,B,fatigue,0.9,0.6666666666666666,1.0,-0.33333333333333337
250,0.4,11,B,fatigue,1.0,1.0,1.0,0.0
250,0.4,11,B,longstring,0.1,0.0,0.0,0.0
250,0.4,11,B,longstring,0.2,0.6666666666666666,0.3333333333333333,0.3333333333333333
250,0.4,11,B,longstring,0.3,0.3333333333333333,0.6666666666666666,-0.3333333333333333
250,0.4,11,B,longstring,0.4,0.25,0.25,0.0
250,0.4,11,B,longstring,0.5,0.5,0.75,-0.25
250,0.4,11,B,longstring,0.6,0.6666666666666666,0.6666666666666666,0.0
250,0.4,11,B,longstring,0.7,0.6666666666666666,0.6666666666666666,0.0
250,0.4,11,B,longstring,0.8,1.0,1.0,0.0
250,0.4,11,B,longstring,0.9,1.0,1.0,0.0
250,0.4,11,B,longstring,1.0,1.0,1.0,0.0
250,0.4,11,B,mixed,0.1,0.0,0.0,0.0
250,0.4,11,B,mixed,0.2,0.0,0.3333333333333333,-0.3333333333333333
250,0.4,11,B,mixed,0.3,0.3333333333333333,0.3333333333333333,0.0
250,0.4,11,B,mixed,0.4,1.0,0.6666666666666666,0.33333333333333337
250,0.4,11,B,mixed,0.5,0.6666666666666666,0.6666666666666666,0.0
250,0.4,11,B,mixed,0.6,0.6666666666666666,0.3333333333333333,0.3333333333333333
250,0.4,11,B,mixed,0.7,0.75,0.5,0.25
250,0.4,11,B,mixed,0.8,0.75,0.25,0.5
250,0.4,11,B,mixed,0.9,0.6666666666666666,0.6666666666666666,0.0
250,0.4,11,B,mixed,1.0,1.0,1.0,0.0
250,0.4,11,B,pure_straight,0.1,0.25,0.25,0.0
250,0.4,11,B,pure_straight,0.2,1.0,0.6666666666666666,0.33333333333333337
250,0.4,11,B,pure_straight,0.3,0.6666666666666666,0.3333333333333333,0.3333333333333333
250,0.4,11,B,pure_straight,0.4,0.0,0.3333333333333333,-0.3333333333333333
250,0.4,11,B,pure_straight,0.5,0.75,0.75,0.0
250,0.4,11,B,pure_straight,0.6,0.6666666666666666,1.0,-0.33333333333333337
250,0.4,11,B,pure_straight,0.7,1.0,1.0,0.0
250,0.4,11,B,pure_straight,0.8,1.0,1.0,0.0
250,0.4,11,B,pure_straight,0.9,1.0,1.0,0.0
250,0.4,11,B,pure_straight,1.0,1.0,1.0,0.0
250,0.4,11,B,random,0.1,0.0,0.0,0.0
250,0.4,11,B,random,0.2,0.0,0.0,0.0
250,0.4,11,B,random,0.3,0.0,0.0,0.0
250,0.4,11,B,random,0.4,0.5,0.5,0.0
250,0.4,11,B,random,0.5,0.75,0.5,0.25
250,0.4,11,B,random,0.6,1.0,0.3333333333333333,0.6666666666666667
250,0.4,11,B,random,0.7,0.3333333333333333,0.0,0.3333333333333333
250,0.4,11,B,random,0.8,0.5,0.5,0.0
250,0.4,11,B,random,0.9,1.0,0.25,0.75
250,0.4,11,B,random,1.0,1.0,0.0,1.0
250,0.4,12,B,acquiescent,0.1,0.0,0.0,0.0
250,0.4,12,B,acquiescent,0.2,0.25,0.0,0.25
250,0.4,12,B,acquiescent,0.3,0.0,0.75,-0.75
250,0.4,12,B,acquiescent,0.4,1.0,0.6666666666666666,0.33333333333333337
250,0.4,12,B,acquiescent,0.5,1.0,1.0,0.0
250,0.4,12,B,acquiescent,0.6,0.75,0.5,0.25
250,0.4,12,B,acquiescent,0.7,1.0,1.0,0.0
250,0.4,12,B,acquiescent,0.8,1.0,1.0,0.0
250,0.4,12,B,acquiescent,0.9,1.0,1.0,0.0
250,0.4,12,B,acquiescent,1.0,1.0,1.0,0.0
250,0.4,12,B,fatigue,0.1,0.0,0.0,0.0
250,0.4,12,B,fatigue,0.2,0.3333333333333333,0.6666666666666666,-0.3333333333333333
250,0.4,12,B,fatigue,0.3,0.0,0.3333333333333333,-0.3333333333333333
250,0.4,12,B,fatigue,0.4,0.0,0.0,0.0
250,0.4,12,B,fatigue,0.5,0.0,0.0,0.0
250,0.4,12,B,fatigue,0.6,1.0,1.0,0.0
250,0.4,12,B,fatigue,0.7,0.75,0.5,0.25
250,0.4,12,B,fatigue,0.8,0.75,1.0,-0.25
250,0.4,12,B,fatigue,0.9,1.0,1.0,0.0
250,0.4,12,B,fatigue,1.0,1.0,0.6666666666666666,0.33333333333333337
250,0.4,12,B,longstring,0.1,0.0,0.0,0.0
250,0.4,12,B,longstring,0.2,0.0,0.0,0.0
250,0.4,12,B,longstring,0.3,0.0,0.3333333333333333,-0.3333333333333333
250,0.4,12,B,longstring,0.4,0.5,0.75,-0.25
250,0.4,12,B,longstring,0.5,0.3333333333333333,0.0,0.3333333333333333
250,0.4,12,B,longstring,0.6,1.0,0.5,0.5
250,0.4,12,B,longstring,0.7,0.75,0.75,0.0
250,0.4,12,B,longstring,0.8,1.0,1.0,0.0
250,0.4,12,B,longstring,0.9,1.0,1.0,0.0
250,0.4,12,B,longstring,1.0,1.0,1.0,0.0
250,0.4,12,B,mixed,0.1,0.0,0.0,0.0
250,0.4,12,B,mixed,0.2,0.0,0.0,0.0
250,0.4,12,B,mixed,0.3,0.25,0.0,0.25
250,0.4,12,B,mixed,0.4,0.3333333333333333,0.0,0.3333333333333333
250,0.4,12,B,mixed,0.5,0.6666666666666666,0.6666666666666666,0.0
250,0.4,12,B,mixed,0.6,1.0,1.0,0.0
250,0.4,12,B,mixed,0.7,0.75,0.25,0.5
250,0.4,12,B,mixed,0.8,1.0,1.0,0.0
250,0.4,12,B,mixed,0.9,1.0,0.5,0.5
250,0.4,12,B,mixed,1.0,1.0,0.0,1.0
250,0.4,12,B,pure_straight,0.1,0.3333333333333333,0.6666666666666666,-0.3333333333333333
250,0.4,12,B,pure_straight,0.2,0.3333333333333333,0.6666666666666666,-0.3333333333333333
250,0.4,12,B,pure_straight,0.3,0.25,0.5,-0.25
250,0.4,12,B,pure_straight,0.4,0.75,0.75,0.0
250,0.4,12,B,pure_straight,0.5,1.0,1.0,0.0
250,0.4,12,B,pure_straight,0.6,1.0,1.0,0.0
250,0.4,12,B,pure_straight,0.7,1.0,1.0,0.0
250,0.4,12,B,pure_straight,0.8,1.0,1.0,0.0
250,0.4,12,B,pure_straight,0.9,1.0,1.0,0.0
250,0.4,12,B,pure_straight,1.0,1.0,1.0,0.0
250,0.4,12,B,random,0.1,0.0,0.0,0.0
250,0.4,12,B,random,0.2,0.0,0.0,0.0
250,0.4,12,B,random,0.3,0.0,0.0,0.0
250,0.4,12,B,random,0.4,0.25,0.0,0.25
250,0.4,12,B,random,0.5,0.6666666666666666,0.3333333333333333,0.3333333333333333
250,0.4,12,B,random,0.6,0.6666666666666666,0.3333333333333333,0.3333333333333333
250,0.4,12,B,random,0.7,0.5,0.5,0.0
250,0.4,12,B,random,0.8,1.0,0.6666666666666666,0.33333333333333337
250,0.4,12,B,random,0.9,0.6666666666666666,0.3333333333333333,0.3333333333333333
250,0.4,12,B,random,1.0,1.0,0.3333333333333333,0.6666666666666667
250,0.6,1,B,acquiescent,0.1,0.0,0.4,-0.4
250,0.6,1,B,acquiescent,0.2,0.2,0.4,-0.2
250,0.6,1,B,acquiescent,0.3,0.0,0.0,0.0
250,0.6,1,B,acquiescent,0.4,0.2,0.4,-0.2
250,0.6,1,B,acquiescent,0.5,0.6,0.6,0.0
250,0.6,1,B,acquiescent,0.6,0.8,0.8,0.0
250,0.6,1,B,acquiescent,0.7,0.8,0.8,0.0
250,0.6,1,B,acquiescent,0.8,0.8,1.0,-0.19999999999999996
250,0.6,1,B,acquiescent,0.9,1.0,1.0,0.0
250,0.6,1,B,acquiescent,1.0,1.0,1.0,0.0
250,0.6,1,B,fatigue,0.1,0.2,0.2,0.0
250,0.6,1,B,fatigue,0.2,0.0,0.0,0.0
250,0.6,1,B,fatigue,0.3,0.0,0.0,0.0
250,0.6,1,B,fatigue,0.4,0.0,0.4,-0.4
250,0.6,1,B,fatigue,0.5,0.2,0.4,-0.2
250,0.6,1,B,fatigue,0.6,1.0,1.0,0.0
250,0.6,1,B,fatigue,0.7,0.8,0.8,0.0
250,0.6,1,B,fatigue,0.8,1.0,1.0,0.0
250,0.6,1,B,fatigue,0.9,1.0,1.0,0.0
250,0.6,1,B,fatigue,1.0,1.0,1.0,0.0
250,0.6,1,B,longstring,0.1,0.0,0.0,0.0
250,0.6,1,B,longstring,0.2,0.2,0.0,0.2
250,0.6,1,B,longstring,0.3,0.2,0.2,0.0
250,0.6,1,B,longstring,0.4,0.4,0.6,-0.19999999999999996
250,0.6,1,B,longstring,0.5,0.8,0.4,0.4
250,0.6,1,B,longstring,0.6,0.8,0.6,0.20000000000000007
250,0.6,1,B,longstring,0.7,0.8,0.8,0.0
250,0.6,1,B,longstring,0.8,1.0,0.6,0.4
250,0.6,1,B,longstring,0.9,1.0,1.0,0.0
250,0.6,1,B,longstring,1.0,0.8,0.6,0.20000000000000007
250,0.6,1,B,mixed,0.1,0.0,0.2,-0.2
250,0.6,1,B,mixed,0.2,0.2,0.4,-0.2
250,0.6,1,B,mixed,0.3,0.6,0.4,0.19999999999999996
250,0.6,1,B,mixed,0.4,0.4,0.0,0.4
250,0.6,1,B,mixed,0.5,0.6,0.8,-0.20000000000000007
250,0.6,1,B,mixed,0.6,0.8,0.4,0.4
250,0.6,1,B,mixed,0.7,0.8,0.6,0.20000000000000007
250,0.6,1,B,mixed,0.8,1.0,0.6,0.4
250,0.6,1,B,mixed,0.9,0.8,0.8,0.0
250,0.6,1,B,mixed,1.0,1.0,0.8,0.19999999999999996
250,0.6,1,B,pure_straight,0.1,0.0,0.4,-0.4
250,0.6,1,B,pure_straight,0.2,0.2,0.4,-0.2
250,0.6,1,B,pure_straight,0.3,0.4,0.2,0.2
250,0.6,1,B,pure_straight,0.4,0.8,1.0,-0.19999999999999996
250,0.6,1,B,pure_straight,0.5,0.8,1.0,-0.19999999999999996
250,0.6,1,B,pure_straight,0.6,0.8,1.0,-0.19999999999999996
250,0.6,1,B,pure_straight,0.7,1.0,0.8,0.19999999999999996
250,0.6,1,B,pure_straight,0.8,1.0,1.0,0.0
250,0.6,1,B,pure_straight,0.9,1.0,1.0,0.0
250,0.6,1,B,pure_straight,1.0,1.0,1.0,0.0
250,0.6,1,B,random,0.1,0.0,0.0,0.0
250,0.6,1,B,random,0.2,0.0,0.2,-0.2
250,0.6,1,B,random,0.3,0.2,0.0,0.2
250,0.6,1,B,random,0.4,0.2,0.4,-0.2
250,0.6,1,B,random,0.5,0.8,0.0,0.8
250,0.6,1,B,random,0.6,1.0,0.4,0.6
250,0.6,1,B,random,0.7,0.6,0.4,0.19999999999999996
250,0.6,1,B,random,0.8,0.8,0.8,0.0
250,0.6,1,B,random,0.9,1.0,0.2,0.8
250,0.6,1,B,random,1.0,1.0,0.8,0.19999999999999996
250,0.6,2,B,acquiescent,0.1,0.0,0.2,-0.2
250,0.6,2,B,acquiescent,0.2,0.2,0.2,0.0
250,0.6,2,B,acquiescent,0.3,0.4,0.4,0.0
250,0.6,2,B,acquiescent,0.4,0.4,0.4,0.0
250,0.6,2,B,acquiescent,0.5,0.4,0.6,-0.19999999999999996
250,0.6,2,B,acquiescent,0.6,1.0,0.8,0.19999999999999996
250,0.6,2,B,acquiescent,0.7,0.6,1.0,-0.4
250,0.6,2,B,acquiescent,0.8,1.0,1.0,0.0
250,0.6,2,B,acquiescent,0.9,1.0,1.0,0.0
250,0.6,2,B,acquiescent,1.0,1.0,1.0,0.0
250,0.6,2,B,fatigue,0.1,0.0,0.2,-0.2
250,0.6,2,B,fatigue,0.2,0.0,0.4,-0.4
250,0.6,2,B,fatigue,0.3,0.2,0.2,0.0
250,0.6,2,B,fatigue,0.4,0.2,0.2,0.0
250,0.6,2,B,fatigue,0.5,0.4,0.6,-0.19999999999999996
250,0.6,2,B,fatigue,0.6,0.8,0.8,0.0
250,0.6,2,B,fatigue,0.7,0.8,0.6,0.20000000000000007
250,0.6,2,B,fatigue,0.8,1.0,1.0,0.0
250,0.6,2,B,fatigue,0.9,0.8,1.0,-0.19999999999999996
250,0.6,2,B,fatigue,1.0,1.0,1.0,0.0
250,0.6,2,B,longstring,0.1,0.2,0.4,-0.2
250,0.6,2,B,longstring,0.2,0.2,0.0,0.2
250,0.6,2,B,longstring,0.3,0.6,0.4,0.19999999999999996
250,0.6,2,B,longstring,0.4,0.6,0.4,0.19999999999999996
250,0.6,2,B,longstring,0.5,0.2,0.4,-0.2
250,0.6,2,B,longstring,0.6,0.4,0.4,0.0
250,0.6,2,B,longstring,0.7,1.0,0.2,0.8
250,0.6,2,B,longstring,0.8,1.0,0.8,0.19999999999999996
250,0.6,2,B,longstring,0.9,0.8,1.0,-0.19999999999999996
250,0.6,2,B,longstring,1.0,1.0,1.0,0.0
250,0.6,2,B,mixed,0.1,0.2,0.0,0.2
250,0.6,2,B,mixed,0.2,0.0,0.2,-0.2
250,0.6,2,B,mixed,0.3,0.0,0.2,-0.2
250,0.6,2,B,mixed,0.4,0.4,0.0,0.4
250,0.6,2,B,mixed,0.5,0.8,0.4,0.4
250,0.6,2,B,mixed,0.6,0.8,0.0,0.8
250,0.6,2,B,mixed,0.7,0.6,0.4,0.19999999999999996
250,0.6,2,B,mixed,0.8,1.0,0.4,0.6
250,0.6,2,B,mixed,0.9,0.6,0.0,0.6
250,0.6,2,B,mixed,1.0,0.8,0.6,0.20000000000000007
250,0.6,2,B,pure_straight,0.1,0.0,0.2,-0.2
250,0.6,2,B,pure_straight,0.2,0.0,0.4,-0.4
250,0.6,2,B,pure_straight,0.3,0.6,0.8,-0.20000000000000007
250,0.6,2,B,pure_straight,0.4,0.6,0.8,-0.20000000000000007
250,0.6,2,B,pure_straight,0.5,1.0,0.8,0.19999999999999996
250,0.6,2,B,pure_straight,0.6,1.0,1.0,0.0
250,0.6,2,B,pure_straight,0.7,1.0,1.0,0.0
250,0.6,2,B,pure_straight,0.8,1.0,1.0,0.0
250,0.6,2,B,pure_straight,0.9,1.0,1.0,0.0
250,0.6,2,B,pure_straight,1.0,1.0,1.0,0.0
250,0.6,2,B,random,0.1,0.0,0.2,-0.2
250,0.6,2,B,random,0.2,0.0,0.0,0.0
250,0.6,2,B,random,0.3,0.2,0.4,-0.2
250,0.6,2,B,random,0.4,0.4,0.4,0.0
250,0.6,2,B,random,0.5,0.8,0.6,0.20000000000000007
250,0.6,2,B,random,0.6,0.8,0.4,0.4
250,0.6,2,B,random,0.7,0.4,0.4,0.0
250,0.6,2,B,random,0.8,1.0,0.6,0.4
250,0.6,2,B,random,0.9,0.8,0.6,0.20000000000000007
250,0.6,2,B,random,1.0,0.8,0.4,0.4
250,0.6,3,B,acquiescent,0.1,0.0,0.2,-0.2
250,0.6,3,B,acquiescent,0.2,0.0,0.4,-0.4
250,0.6,3,B,acquiescent,0.3,0.2,0.4,-0.2
250,0.6,3,B,acquiescent,0.4,0.4,1.0,-0.6
250,0.6,3,B,acquiescent,0.5,0.4,0.2,0.2
250,0.6,3,B,acquiescent,0.6,1.0,0.8,0.19999999999999996
250,0.6,3,B,acquiescent,0.7,1.0,0.8,0.19999999999999996
250,0.6,3,B,acquiescent,0.8,1.0,1.0,0.0
250,0.6,3,B,acquiescent,0.9,1.0,1.0,0.0
250,0.6,3,B,acquiescent,1.0,1.0,1.0,0.0
250,0.6,3,B,fatigue,0.1,0.0,0.0,0.0
250,0.6,3,B,fatigue,0.2,0.0,0.2,-0.2
250,0.6,3,B,fatigue,0.3,0.0,0.0,0.0
250,0.6,3,B,fatigue,0.4,0.6,0.6,0.0
250,0.6,3,B,fatigue,0.5,0.6,0.6,0.0
250,0.6,3,B,fatigue,0.6,0.8,0.8,0.0
250,0.6,3,B,fatigue,0.7,0.4,0.6,-0.19999999999999996
250,0.6,3,B,fatigue,0.8,1.0,0.8,0.19999999999999996
250,0.6,3,B,fatigue,0.9,1.0,1.0,0.0
250,0.6,3,B,fatigue,1.0,0.8,1.0,-0.19999999999999996
250,0.6,3,B,longstring,0.1,0.0,0.2,-0.2
250,0.6,3,B,longstring,0.2,0.6,0.2,0.39999999999999997
250,0.6,3,B,longstring,0.3,0.6,0.8,-0.20000000000000007
250,0.6,3,B,longstring,0.4,0.4,0.4,0.0
250,0.6,3,B,longstring,0.5,0.6,0.6,0.0
250,0.6,3,B,longstring,0.6,1.0,0.6,0.4
250,0.6,3,B,longstring,0.7,0.8,0.8,0.0
250,0.6,3,B,longstring,0.8,1.0,1.0,0.0
250,0.6,3,B,longstring,0.9,0.8,1.0,-0.19999999999999996
250,0.6,3,B,longstring,1.0,1.0,1.0,0.0
250,0.6,3,B,mixed,0.1,0.4,0.4,0.0
250,0.6,3,B,mixed,0.2,0.2,0.2,0.0
250,0.6,3,B,mixed,0.3,0.2,0.2,0.0
250,0.6,3,B,mixed,0.4,0.4,0.0,0.4
250,0.6,3,B,mixed,0.5,0.4,0.2,0.2
250,0.6,3,B,mixed,0.6,0.6,0.6,0.0
250,0.6,3,B,mixed,0.7,0.8,0.4,0.4
250,0.6,3,B,mixed,0.8,1.0,0.2,0.8
250,0.6,3,B,mixed,0.9,1.0,0.4,0.6
250,0.6,3,B,mixed,1.0,1.0,1.0,0.0
250,0.6,3,B,pure_straight,0.1,0.2,0.0,0.2
250,0.6,3,B,pure_straight,0.2,0.2,0.2,0.0
250,0.6,3,B,pure_straight,0.3,0.0,0.6,-0.6
250,0.6,3,B,pure_straight,0.4,0.6,1.0,-0.4
250,0.6,3,B,pure_straight,0.5,0.8,0.8,0.0
250,0.6,3,B,pure_straight,0.6,0.6,1.0,-0.4
250,0.6,3,B,pure_straight,0.7,1.0,0.8,0.19999999999999996
250,0.6,3,B,pure_straight,0.8,1.0,1.0,0.0
250,0.6,3,B,pure_straight,0.9,1.0,1.0,0.0
250,0.6,3,B,pure_straight,1.0,1.0,1.0,0.0
250,0.6,3,B,random,0.1,0.0,0.2,-0.2
250,0.6,3,B,random,0.2,0.2,0.2,0.0
250,0.6,3,B,random,0.3,0.6,0.2,0.39999999999999997
250,0.6,3,B,random,0.4,0.4,0.2,0.2
250,0.6,3,B,random,0.5,0.6,0.6,0.0
250,0.6,3,B,random,0.6,0.4,0.6,-0.19999999999999996
250,0.6,3,B,random,0.7,0.4,0.4,0.0
250,0.6,3,B,random,0.8,1.0,0.6,0.4
250,0.6,3,B,random,0.9,1.0,0.4,0.6
250,0.6,3,B,random,1.0,0.8,0.2,0.6000000000000001
250,0.6,4,B,acquiescent,0.1,0.0,0.0,0.0
250,0.6,4,B,acquiescent,0.2,0.0,0.0,0.0
250,0.6,4,B,acquiescent,0.3,0.4,0.4,0.0
250,0.6,4,B,acquiescent,0.4,0.2,0.4,-0.2
250,0.6,4,B,acquiescent,0.5,0.4,0.6,-0.19999999999999996
250,0.6,4,B,acquiescent,0.6,0.6,0.2,0.39999999999999997
250,0.6,4,B,acquiescent,0.7,1.0,0.8,0.19999999999999996
250,0.6,4,B,acquiescent,0.8,1.0,1.0,0.0
250,0.6,4,B,acquiescent,0.9,1.0,1.0,0.0
250,0.6,4,B,acquiescent,1.0,1.0,1.0,0.0
250,0.6,4,B,fatigue,0.1,0.0,0.2,-0.2
250,0.6,4,B,fatigue,0.2,0.0,0.0,0.0
250,0.6,4,B,fatigue,0.3,0.0,0.2,-0.2
250,0.6,4,B,fatigue,0.4,0.4,0.6,-0.19999999999999996
250,0.6,4,B,fatigue,0.5,0.8,0.6,0.20000000000000007
250,0.6,4,B,fatigue,0.6,0.4,0.6,-0.19999999999999996
250,0.6,4,B,fatigue,0.7,1.0,1.0,0.0
250,0.6,4,B,fatigue,0.8,0.8,0.8,0.0
250,0.6,4,B,fatigue,0.9,1.0,1.0,0.0
250,0.6,4,B,fatigue,1.0,1.0,1.0,0.0
250,0.6,4,B,longstring,0.1,0.2,0.2,0.0
250,0.6,4,B,longstring,0.2,0.2,0.0,0.2
250,0.6,4,B,longstring,0.3,0.0,0.2,-0.2
250,0.6,4,B,longstring,0.4,0.4,0.6,-0.19999999999999996
250,0.6,4,B,longstring,0.5,0.4,0.6,-0.19999999999999996
250,0.6,4,B,longstring,0.6,0.8,0.8,0.0
250,0.6,4,B,longstring,0.7,1.0,1.0,0.0
250,0.6,4,B,longstring,0.8,0.8,0.6,0.20000000000000007
250,0.6,4,B,longstring,0.9,1.0,0.6,0.4
250,0.6,4,B,longstring,1.0,1.0,1.0,0.0
250,0.6,4,B,mixed,0.1,0.0,0.2,-0.2
250,0.6,4,B,mixed,0.2,0.0,0.4,-0.4
250,0.6,4,B,mixed,0.3,0.4,0.2,0.2
250,0.6,4,B,mixed,0.4,0.8,0.4,0.4
250,0.6,4,B,mixed,0.5,0.2,0.4,-0.2
250,0.6,4,B,mixed,0.6,1.0,0.4,0.6
250,0.6,4,B,mixed,0.7,1.0,0.4,0.6
250,0.6,4,B,mixed,0.8,0.8,0.8,0.0
250,0.6,4,B,mixed,0.9,1.0,0.6,0.4
250,0.6,4,B,mixed,1.0,1.0,1.0,0.0
250,0.6,4,B,pure_straight,0.1,0.0,0.0,0.0
250,0.6,4,B,pure_straight,0.2,0.2,0.4,-0.2
250,0.6,4,B,pure_straight,0.3,0.4,0.6,-0.19999999999999996
250,0.6,4,B,pure_straight,0.4,0.6,0.4,0.19999999999999996
250,0.6,4,B,pure_straight,0.5,0.8,0.8,0.0
250,0.6,4,B,pure_straight,0.6,1.0,1.0,0.0
250,0.6,4,B,pure_straight,0.7,1.0,1.0,0.0
250,0.6,4,B,pure_straight,0.8,1.0,1.0,0.0
250,0.6,4,B,pure_straight,0.9,1.0,1.0,0.0
250,0.6,4,B,pure_straight,1.0,1.0,1.0,0.0
250,0.6,4,B,random,0.1,0.0,0.2,-0.2
250,0.6,4,B,random,0.2,0.2,0.2,0.0
250,0.6,4,B,random,0.3,0.4,0.4,0.0
250,0.6,4,B,random,0.4,0.2,0.2,0.0
250,0.6,4,B,random,0.5,0.6,0.8,-0.20000000000000007
250,0.6,4,B,random,0.6,0.6,0.2,0.39999999999999997
250,0.6,4,B,random,0.7,0.8,0.6,0.20000000000000007
250,0.6,4,B,random,0.8,1.0,0.6,0.4
250,0.6,4,B,random,0.9,1.0,0.6,0.4
250,0.6,4,B,random,1.0,1.0,0.6,0.4
250,0.6,5,B,acquiescent,0.1,0.2,0.2,0.0
250,0.6,5,B,acquiescent,0.2,0.0,0.2,-0.2
250,0.6,5,B,acquiescent,0.3,0.0,0.2,-0.2
250,0.6,5,B,acquiescent,0.4,0.6,0.4,0.19999999999999996
250,0.6,5,B,acquiescent,0.5,0.8,0.4,0.4
250,0.6,5,B,acquiescent,0.6,0.8,1.0,-0.19999999999999996
250,0.6,5,B,acquiescent,0.7,1.0,1.0,0.0
250,0.6,5,B,acquiescent,0.8,1.0,1.0,0.0
250,0.6,5,B,acquiescent,0.9,1.0,1.0,0.0
250,0.6,5,B,acquiescent,1.0,1.0,1.0,0.0
250,0.6,5,B,fatigue,0.1,0.0,0.4,-0.4
250,0.6,5,B,fatigue,0.2,0.0,0.0,0.0
250,0.6,5,B,fatigue,0.3,0.0,0.4,-0.4
250,0.6,5,B,fatigue,0.4,0.2,0.2,0.0
250,0.6,5,B,fatigue,0.5,0.6,0.8,-0.20000000000000007
250,0.6,5,B,fatigue,0.6,1.0,1.0,0.0
250,0.6,5,B,fatigue,0.7,0.4,0.6,-0.19999999999999996
250,0.6,5,B,fatigue,0.8,1.0,1.0,0.0
250,0.6,5,B,fatigue,0.9,1.0,1.0,0.0
250,0.6,5,B,fatigue,1.0,1.0,0.8,0.19999999999999996
250,0.6,5,B,longstring,0.1,0.0,0.0,0.0
250,0.6,5,B,longstring,0.2,0.4,0.2,0.2
250,0.6,5,B,longstring,0.3,0.4,0.4,0.0
250,0.6,5,B,longstring,0.4,0.6,0.2,0.39999999999999997
250,0.6,5,B,longstring,0.5,0.8,0.8,0.0
250,0.6,5,B,longstring,0.6,0.6,0.4,0.19999999999999996
250,0.6,5,B,longstring,0.7,1.0,1.0,0.0
250,0.6,5,B,longstring,0.8,1.0,1.0,0.0
250,0.6,5,B,longstring,0.9,1.0,1.0,0.0
250,0.6,5,B,longstring,1.0,1.0,1.0,0.0
250,0.6,5,B,mixed,0.1,0.2,0.0,0.2
250,0.6,5,B,mixed,0.2,0.2,0.2,0.0
250,0.6,5,B,mixed,0.3,0.4,0.2,0.2
250,0.6,5,B,mixed,0.4,0.6,0.4,0.19999999999999996
250,0.6,5,B,mixed,0.5,0.2,0.2,0.0
250,0.6,5,B,mixed,0.6,0.4,0.8,-0.4
250,0.6,5,B,mixed,0.7,1.0,0.6,0.4
250,0.6,5,B,mixed,0.8,1.0,0.6,0.4
250,0.6,5,B,mixed,0.9,0.8,0.6,0.20000000000000007
250,0.6,5,B,mixed,1.0,1.0,0.6,0.4
250,0.6,5,B,pure_straight,0.1,0.2,0.2,0.0
250,0.6,5,B,pure_straight,0.2,0.0,0.2,-0.2
250,0.6,5,B,pure_straight,0.3,0.2,0.4,-0.2
250,0.6,5,B,pure_straight,0.4,0.6,0.6,0.0
250,0.6,5,B,pure_straight,0.5,1.0,0.8,0.19999999999999996
250,0.6,5,B,pure_straight,0.6,0.8,1.0,-0.19999999999999996
250,0.6,5,B,pure_straight,0.7,0.8,1.0,-0.19999999999999996
250,0.6,5,B,pure_straight,0.8,1.0,1.0,0.0
250,0.6,5,B,pure_straight,0.9,1.0,1.0,0.0
250,0.6,5,B,pure_straight,1.0,1.0,1.0,0.0
250,0.6,5,B,random,0.1,0.0,0.2,-0.2
250,0.6,5,B,random,0.2,0.2,0.2,0.0
250,0.6,5,B,random,0.3,0.0,0.0,0.0
250,0.6,5,B,random,0.4,0.6,0.2,0.39999999999999997
250,0.6,5,B,random,0.5,0.2,0.2,0.0
250,0.6,5,B,random,0.6,0.6,0.6,0.0
250,0.6,5,B,random,0.7,0.8,0.6,0.20000000000000007
250,0.6,5,B,random,0.8,0.8,0.4,0.4
250,0.6,5,B,random,0.9,0.4,0.2,0.2
250,0.6,5,B,random,1.0,0.8,0.4,0.4
250,0.6,6,B,acquiescent,0.1,0.2,0.2,0.0
250,0.6,6,B,acquiescent,0.2,0.0,0.4,-0.4
250,0.6,6,B,acquiescent,0.3,0.2,0.4,-0.2
250,0.6,6,B,acquiescent,0.4,0.4,0.4,0.0
250,0.6,6,B,acquiescent,0.5,0.8,1.0,-0.19999999999999996
250,0.6,6,B,acquiescent,0.6,1.0,1.0,0.0
250,0.6,6,B,acquiescent,0.7,0.8,0.8,0.0
250,0.6,6,B,acquiescent,0.8,1.0,1.0,0.0
250,0.6,6,B,acquiescent,0.9,1.0,1.0,0.0
250,0.6,6,B,acquiescent,1.0,1.0,1.0,0.0
250,0.6,6,B,fatigue,0.1,0.0,0.0,0.0
250,0.6,6,B,fatigue,0.2,0.2,0.2,0.0
250,0.6,6,B,fatigue,0.3,0.2,0.0,0.2
250,0.6,6,B,fatigue,0.4,0.4,0.6,-0.19999999999999996
250,0.6,6,B,fatigue,0.5,0.0,0.6,-0.6
250,0.6,6,B,fatigue,0.6,0.6,0.6,0.0
250,0.6,6,B,fatigue,0.7,0.8,0.8,0.0
250,0.6,6,B,fatigue,0.8,0.6,0.6,0.0
250,0.6,6,B,fatigue,0.9,1.0,1.0,0.0
250,0.6,6,B,fatigue,1.0,1.0,1.0,0.0
250,0.6,6,B,longstring,0.1,0.0,0.0,0.0
250,0.6,6,B,longstring,0.2,0.0,0.0,0.0
250,0.6,6,B,longstring,0.3,0.4,0.4,0.0
250,0.6,6,B,longstring,0.4,0.8,0.2,0.6000000000000001
250,0.6,6,B,longstring,0.5,0.6,0.6,0.0
250,0.6,6,B,longstring,0.6,0.8,0.8,0.0
250,0.6,6,B,longstring,0.7,1.0,0.6,0.4
250,0.6,6,B,longstring,0.8,1.0,1.0,0.0
250,0.6,6,B,longstring,0.9,0.6,0.8,-0.20000000000000007
250,0.6,6,B,longstring,1.0,1.0,0.8,0.19999999999999996
250,0.6,6,B,mixed,0.1,0.2,0.4,-0.2
250,0.6,6,B,mixed,0.2,0.2,0.2,0.0
250,0.6,6,B,mixed,0.3,0.4,0.0,0.4
250,0.6,6,B,mixed,0.4,0.4,0.4,0.0
250,0.6,6,B,mixed,0.5,0.0,0.2,-0.2
250,0.6,6,B,mixed,0.6,0.4,0.2,0.2
250,0.6,6,B,mixed,0.7,0.6,0.4,0.19999999999999996
250,0.6,6,B,mixed,0.8,0.8,0.4,0.4
250,0.6,6,B,mixed,0.9,1.0,1.0,0.0
250,0.6,6,B,mixed,1.0,1.0,0.6,0.4
250,0.6,6,B,pure_straight,0.1,0.2,0.6,-0.39999999999999997
250,0.6,6,B,pure_straight,0.2,0.0,0.2,-0.2
250,0.6,6,B,pure_straight,0.3,0.4,0.8,-0.4
250,0.6,6,B,pure_straight,0.4,0.8,1.0,-0.19999999999999996
250,0.6,6,B,pure_straight,0.5,0.8,1.0,-0.19999999999999996
250,0.6,6,B,pure_straight,0.6,1.0,1.0,0.0
250,0.6,6,B,pure_straight,0.7,1.0,1.0,0.0
250,0.6,6,B,pure_straight,0.8,1.0,1.0,0.0
250,0.6,6,B,pure_straight,0.9,1.0,1.0,0.0
250,0.6,6,B,pure_straight,1.0,1.0,1.0,0.0
250,0.6,6,B,random,0.1,0.2,0.2,0.0
250,0.6,6,B,random,0.2,0.0,0.2,-0.2
250,0.6,6,B,random,0.3,0.2,0.2,0.0
250,0.6,6,B,random,0.4,0.4,0.0,0.4
250,0.6,6,B,random,0.5,0.2,0.4,-0.2
250,0.6,6,B,random,0.6,0.8,0.4,0.4
250,0.6,6,B,random,0.7,1.0,0.2,0.8
250,0.6,6,B,random,0.8,1.0,0.4,0.6
250,0.6,6,B,random,0.9,0.6,0.6,0.0
250,0.6,6,B,random,1.0,0.8,0.6,0.20000000000000007
250,0.6,7,B,acquiescent,0.1,0.0,0.4,-0.4
250,0.6,7,B,acquiescent,0.2,0.2,0.4,-0.2
250,0.6,7,B,acquiescent,0.3,0.2,0.6,-0.39999999999999997
250,0.6,7,B,acquiescent,0.4,0.8,0.6,0.20000000000000007
250,0.6,7,B,acquiescent,0.5,0.8,0.6,0.20000000000000007
250,0.6,7,B,acquiescent,0.6,1.0,0.6,0.4
250,0.6,7,B,acquiescent,0.7,0.8,0.8,0.0
250,0.6,7,B,acquiescent,0.8,1.0,1.0,0.0
250,0.6,7,B,acquiescent,0.9,1.0,1.0,0.0
250,0.6,7,B,acquiescent,1.0,1.0,1.0,0.0
250,0.6,7,B,fatigue,0.1,0.0,0.2,-0.2
250,0.6,7,B,fatigue,0.2,0.0,0.2,-0.2
250,0.6,7,B,fatigue,0.3,0.0,0.4,-0.4
250,0.6,7,B,fatigue,0.4,0.0,0.2,-0.2
250,0.6,7,B,fatigue,0.5,0.4,0.6,-0.19999999999999996
250,0.6,7,B,fatigue,0.6,0.8,0.8,0.0
250,0.6,7,B,fatigue,0.7,0.6,1.0,-0.4
250,0.6,7,B,fatigue,0.8,1.0,0.8,0.19999999999999996
250,0.6,7,B,fatigue,0.9,1.0,0.8,0.19999999999999996
250,0.6,7,B,fatigue,1.0,1.0,0.8,0.19999999999999996
250,0.6,7,B,longstring,0.1,0.0,0.4,-0.4
250,0.6,7,B,longstring,0.2,0.0,0.4,-0.4
250,0.6,7,B,longstring,0.3,0.0,0.0,0.0
250,0.6,7,B,longstring,0.4,0.4,0.4,0.0
250,0.6,7,B,longstring,0.5,0.6,0.4,0.19999999999999996
250,0.6,7,B,longstring,0.6,0.6,0.4,0.19999999999999996
250,0.6,7,B,longstring,0.7,1.0,0.8,0.19999999999999996
250,0.6,7,B,longstring,0.8,0.8,0.6,0.20000000000000007
250,0.6,7,B,longstring,0.9,1.0,0.6,0.4
250,0.6,7,B,longstring,1.0,1.0,1.0,0.0
250,0.6,7,B,mixed,0.1,0.0,0.0,0.0
250,0.6,7,B,mixed,0.2,0.4,0.2,0.2
250,0.6,7,B,mixed,0.3,0.6,0.2,0.39999999999999997
250,0.6,7,B,mixed,0.4,0.2,0.6,-0.39999999999999997
250,0.6,7,B,mixed,0.5,0.4,0.4,0.0
250,0.6,7,B,mixed,0.6,0.6,0.2,0.39999999999999997
250,0.6,7,B,mixed,0.7,1.0,0.8,0.19999999999999996
250,0.6,7,B,mixed,0.8,0.8,0.8,0.0
250,0.6,7,B,mixed,0.9,0.8,0.8,0.0
250,0.6,7,B,mixed,1.0,0.8,1.0,-0.19999999999999996
250,0.6,7,B,pure_straight,0.1,0.0,0.2,-0.2
250,0.6,7,B,pure_straight,0.2,0.2,0.2,0.0
250,0.6,7,B,pure_straight,0.3,0.2,0.2,0.0
250,0.6,7,B,pure_straight,0.4,0.4,0.4,0.0
250,0.6,7,B,pure_straight,0.5,1.0,0.8,0.19999999999999996
250,0.6,7,B,pure_straight,0.6,1.0,1.0,0.0
250,0.6,7,B,pure_straight,0.7,1.0,1.0,0.0
250,0.6,7,B,pure_straight,0.8,1.0,1.0,0.0
250,0.6,7,B,pure_straight,0.9,1.0,1.0,0.0
250,0.6,7,B,pure_straight,1.0,1.0,1.0,0.0
250,0.6,7,B,random,0.1,0.0,0.0,0.0
250,0.6,7,B,random,0.2,0.0,0.4,-0.4
250,0.6,7,B,random,0.3,0.4,0.4,0.0
250,0.6,7,B,random,0.4,0.0,0.2,-0.2
250,0.6,7,B,random,0.5,0.6,0.6,0.0
250,0.6,7,B,random,0.6,0.6,0.4,0.19999999999999996
250,0.6,7,B,random,0.7,1.0,0.6,0.4
250,0.6,7,B,random,0.8,0.8,0.8,0.0
250,0.6,7,B,random,0.9,1.0,0.4,0.6
250,0.6,7,B,random,1.0,1.0,0.6,0.4
250,0.6,8,B,acquiescent,0.1,0.0,0.0,0.0
250,0.6,8,B,acquiescent,0.2,0.4,0.0,0.4
250,0.6,8,B,acquiescent,0.3,0.0,0.4,-0.4
250,0.6,8,B,acquiescent,0.4,0.2,0.2,0.0
250,0.6,8,B,acquiescent,0.5,0.8,0.8,0.0
250,0.6,8,B,acquiescent,0.6,0.6,0.4,0.19999999999999996
250,0.6,8,B,acquiescent,0.7,1.0,1.0,0.0
250,0.6,8,B,acquiescent,0.8,1.0,1.0,0.0
250,0.6,8,B,acquiescent,0.9,1.0,1.0,0.0
250,0.6,8,B,acquiescent,1.0,1.0,1.0,0.0
250,0.6,8,B,fatigue,0.1,0.0,0.0,0.0
250,0.6,8,B,fatigue,0.2,0.0,0.2,-0.2
250,0.6,8,B,fatigue,0.3,0.0,0.2,-0.2
250,0.6,8,B,fatigue,0.4,0.4,0.4,0.0
250,0.6,8,B,fatigue,0.5,0.2,0.4,-0.2
250,0.6,8,B,fatigue,0.6,0.6,1.0,-0.4
250,0.6,8,B,fatigue,0.7,0.6,0.6,0.0
250,0.6,8,B,fatigue,0.8,1.0,1.0,0.0
250,0.6,8,B,fatigue,0.9,1.0,0.8,0.19999999999999996
250,0.6,8,B,fatigue,1.0,1.0,1.0,0.0
250,0.6,8,B,longstring,0.1,0.0,0.0,0.0
250,0.6,8,B,longstring,0.2,0.2,0.4,-0.2
250,0.6,8,B,longstring,0.3,0.2,0.2,0.0
250,0.6,8,B,longstring,0.4,0.2,0.8,-0.6000000000000001
250,0.6,8,B,longstring,0.5,0.6,1.0,-0.4
250,0.6,8,B,longstring,0.6,0.8,0.8,0.0
250,0.6,8,B,longstring,0.7,0.6,0.6,0.0
250,0.6,8,B,longstring,0.8,1.0,1.0,0.0
250,0.6,8,B,longstring,0.9,1.0,1.0,0.0
250,0.6,8,B,longstring,1.0,1.0,1.0,0.0
250,0.6,8,B,mixed,0.1,0.2,0.4,-0.2
250,0.6,8,B,mixed,0.2,0.0,0.0,0.0
250,0.6,8,B,mixed,0.3,0.0,0.0,0.0
250,0.6,8,B,mixed,0.4,0.2,0.6,-0.39999999999999997
250,0.6,8,B,mixed,0.5,0.8,0.2,0.6000000000000001
250,0.6,8,B,mixed,0.6,0.6,0.6,0.0
250,0.6,8,B,mixed,0.7,0.6,0.4,0.19999999999999996
250,0.6,8,B,mixed,0.8,1.0,0.8,0.19999999999999996
250,0.6,8,B,mixed,0.9,0.8,0.4,0.4
250,0.6,8,B,mixed,1.0,1.0,0.8,0.19999999999999996
250,0.6,8,B,pure_straight,0.1,0.0,0.0,0.0
250,0.6,8,B,pure_straight,0.2,0.4,0.6,-0.19999999999999996
250,0.6,8,B,pure_straight,0.3,0.4,0.2,0.2
250,0.6,8,B,pure_straight,0.4,0.4,0.6,-0.19999999999999996
250,0.6,8,B,pure_straight,0.5,0.8,0.8,0.0
250,0.6,8,B,pure_straight,0.6,1.0,0.8,0.19999999999999996
250,0.6,8,B,pure_straight,0.7,1.0,1.0,0.0
250,0.6,8,B,pure_straight,0.8,1.0,1.0,0.0
250,0.6,8,B,pure_straight,0.9,1.0,1.0,0.0
250,0.6,8,B,pure_straight,1.0,1.0,1.0,0.0
250,0.6,8,B,random,0.1,0.0,0.0,0.0
250,0.6,8,B,random,0.2,0.0,0.2,-0.2
250,0.6,8,B,random,0.3,0.6,0.0,0.6
250,0.6,8,B,random,0.4,1.0,0.6,0.4
250,0.6,8,B,random,0.5,0.6,0.2,0.39999999999999997
250,0.6,8,B,random,0.6,0.6,0.4,0.19999999999999996
250,0.6,8,B,random,0.7,0.8,0.4,0.4
250,0.6,8,B,random,0.8,0.8,0.8,0.0
250,0.6,8,B,random,0.9,1.0,0.4,0.6
250,0.6,8,B,random,1.0,1.0,0.4,0.6
250,0.6,9,B,acquiescent,0.1,0.6,0.4,0.19999999999999996
250,0.6,9,B,acquiescent,0.2,0.2,0.0,0.2
250,0.6,9,B,acquiescent,0.3,0.0,0.4,-0.4
250,0.6,9,B,acquiescent,0.4,0.2,0.6,-0.39999999999999997
250,0.6,9,B,acquiescent,0.5,0.4,0.6,-0.19999999999999996
250,0.6,9,B,acquiescent,0.6,0.8,0.8,0.0
250,0.6,9,B,acquiescent,0.7,1.0,0.6,0.4
250,0.6,9,B,acquiescent,0.8,1.0,1.0,0.0
250,0.6,9,B,acquiescent,0.9,1.0,1.0,0.0
250,0.6,9,B,acquiescent,1.0,1.0,1.0,0.0
250,0.6,9,B,fatigue,0.1,0.0,0.0,0.0
250,0.6,9,B,fatigue,0.2,0.0,0.0,0.0
250,0.6,9,B,fatigue,0.3,0.0,0.0,0.0
250,0.6,9,B,fatigue,0.4,0.0,0.2,-0.2
250,0.6,9,B,fatigue,0.5,0.2,0.4,-0.2
250,0.6,9,B,fatigue,0.6,1.0,1.0,0.0
250,0.6,9,B,fatigue,0.7,0.8,0.8,0.0
250,0.6,9,B,fatigue,0.8,1.0,1.0,0.0
250,0.6,9,B,fatigue,0.9,1.0,1.0,0.0
250,0.6,9,B,fatigue,1.0,1.0,1.0,0.0
250,0.6,9,B,longstring,0.1,0.0,0.0,0.0
250,0.6,9,B,longstring,0.2,0.2,0.2,0.0
250,0.6,9,B,longstring,0.3,0.4,0.4,0.0
250,0.6,9,B,longstring,0.4,0.4,0.8,-0.4
250,0.6,9,B,longstring,0.5,0.6,0.8,-0.20000000000000007
250,0.6,9,B,longstring,0.6,0.6,0.4,0.19999999999999996
250,0.6,9,B,longstring,0.7,1.0,1.0,0.0
250,0.6,9,B,longstring,0.8,0.6,0.6,0.0
250,0.6,9,B,longstring,0.9,1.0,1.0,0.0
250,0.6,9,B,longstring,1.0,0.8,0.8,0.0
250,0.6,9,B,mixed,0.1,0.0,0.0,0.0
250,0.6,9,B,mixed,0.2,0.2,0.4,-0.2
250,0.6,9,B,mixed,0.3,0.2,0.0,0.2
250,0.6,9,B,mixed,0.4,0.2,0.4,-0.2
250,0.6,9,B,mixed,0.5,0.6,0.4,0.19999999999999996
250,0.6,9,B,mixed,0.6,0.6,0.6,0.0
250,0.6,9,B,mixed,0.7,0.8,0.6,0.20000000000000007
250,0.6,9,B,mixed,0.8,0.8,0.6,0.20000000000000007
250,0.6,9,B,mixed,0.9,1.0,0.2,0.8
250,0.6,9,B,mixed,1.0,0.8,0.8,0.0
250,0.6,9,B,pure_straight,0.1,0.0,0.2,-0.2
250,0.6,9,B,pure_straight,0.2,0.2,0.2,0.0
250,0.6,9,B,pure_straight,0.3,0.4,0.8,-0.4
250,0.6,9,B,pure_straight,0.4,0.4,0.6,-0.19999999999999996
250,0.6,9,B,pure_straight,0.5,1.0,1.0,0.0
250,0.6,9,B,pure_straight,0.6,1.0,0.8,0.19999999999999996
250,0.6,9,B,pure_straight,0.7,1.0,1.0,0.0
250,0.6,9,B,pure_straight,0.8,1.0,1.0,0.0
250,0.6,9,B,pure_straight,0.9,1.0,1.0,0.0
250,0.6,9,B,pure_straight,1.0,1.0,1.0,0.0
250,0.6,9,B,random,0.1,0.2,0.2,0.0
250,0.6,9,B,random,0.2,0.0,0.2,-0.2
250,0.6,9,B,random,0.3,0.2,0.0,0.2
250,0.6,9,B,random,0.4,0.6,0.4,0.19999999999999996
250,0.6,9,B,random,0.5,0.6,0.4,0.19999999999999996
250,0.6,9,B,random,0.6,0.8,0.4,0.4
250,0.6,9,B,random,0.7,0.6,0.4,0.19999999999999996
250,0.6,9,B,random,0.8,1.0,0.6,0.4
250,0.6,9,B,random,0.9,1.0,1.0,0.0
250,0.6,9,B,random,1.0,1.0,0.6,0.4
250,0.6,10,B,acquiescent,0.1,0.0,0.0,0.0
250,0.6,10,B,acquiescent,0.2,0.2,0.4,-0.2
250,0.6,10,B,acquiescent,0.3,0.2,0.4,-0.2
250,0.6,10,B,acquiescent,0.4,0.8,0.8,0.0
250,0.6,10,B,acquiescent,0.5,0.4,0.4,0.0
250,0.6,10,B,acquiescent,0.6,0.8,1.0,-0.19999999999999996
250,0.6,10,B,acquiescent,0.7,1.0,1.0,0.0
250,0.6,10,B,acquiescent,0.8,1.0,1.0,0.0
250,0.6,10,B,acquiescent,0.9,1.0,1.0,0.0
250,0.6,10,B,acquiescent,1.0,1.0,1.0,0.0
250,0.6,10,B,fatigue,0.1,0.0,0.2,-0.2
250,0.6,10,B,fatigue,0.2,0.2,0.4,-0.2
250,0.6,10,B,fatigue,0.3,0.0,0.4,-0.4
250,0.6,10,B,fatigue,0.4,0.2,0.2,0.0
250,0.6,10,B,fatigue,0.5,0.2,0.6,-0.39999999999999997
250,0.6,10,B,fatigue,0.6,0.4,0.6,-0.19999999999999996
250,0.6,10,B,fatigue,0.7,1.0,0.6,0.4
250,0.6,10,B,fatigue,0.8,1.0,1.0,0.0
250,0.6,10,B,fatigue,0.9,0.8,0.8,0.0
250,0.6,10,B,fatigue,1.0,1.0,0.8,0.19999999999999996
250,0.6,10,B,longstring,0.1,0.0,0.2,-0.2
250,0.6,10,B,longstring,0.2,0.0,0.0,0.0
250,0.6,10,B,longstring,0.3,0.2,0.2,0.0
250,0.6,10,B,longstring,0.4,0.0,0.4,-0.4
250,0.6,10,B,longstring,0.5,0.4,0.8,-0.4
250,0.6,10,B,longstring,0.6,1.0,0.6,0.4
250,0.6,10,B,longstring,0.7,1.0,0.6,0.4
250,0.6,10,B,longstring,0.8,0.8,0.8,0.0
250,0.6,10,B,longstring,0.9,1.0,0.8,0.19999999999999996
250,0.6,10,B,longstring,1.0,1.0,1.0,0.0
250,0.6,10,B,mixed,0.1,0.2,0.2,0.0
250,0.6,10,B,mixed,0.2,0.2,0.0,0.2
250,0.6,10,B,mixed,0.3,0.2,0.0,0.2
250,0.6,10,B,mixed,0.4,0.4,0.4,0.0
250,0.6,10,B,mixed,0.5,0.8,1.0,-0.19999999999999996
250,0.6,10,B,mixed,0.6,0.6,0.8,-0.20000000000000007
250,0.6,10,B,mixed,0.7,1.0,0.4,0.6
250,0.6,10,B,mixed,0.8,1.0,0.6,0.4
250,0.6,10,B,mixed,0.9,1.0,0.4,0.6
250,0.6,10,B,mixed,1.0,0.8,0.6,0.20000000000000007
250,0.6,10,B,pure_straight,0.1,0.0,0.0,0.0
250,0.6,10,B,pure_straight,0.2,0.0,0.0,0.0
250,0.6,10,B,pure_straight,0.3,0.4,0.4,0.0
250,0.6,10,B,pure_straight,0.4,0.6,0.4,0.19999999999999996
250,0.6,10,B,pure_straight,0.5,0.8,1.0,-0.19999999999999996
250,0.6,10,B,pure_straight,0.6,1.0,0.8,0.19999999999999996
250,0.6,10,B,pure_straight,0.7,1.0,1.0,0.0
250,0.6,10,B,pure_straight,0.8,1.0,1.0,0.0
250,0.6,10,B,pure_straight,0.9,1.0,1.0,0.0
250,0.6,10,B,pure_straight,1.0,1.0,1.0,0.0
250,0.6,10,B,random,0.1,0.0,0.2,-0.2
250,0.6,10,B,random,0.2,0.4,0.4,0.0
250,0.6,10,B,random,0.3,0.0,0.2,-0.2
250,0.6,10,B,random,0.4,0.0,0.2,-0.2
250,0.6,10,B,random,0.5,0.4,0.8,-0.4
250,0.6,10,B,random,0.6,0.8,0.4,0.4
250,0.6,10,B,random,0.7,1.0,0.8,0.19999999999999996
250,0.6,10,B,random,0.8,1.0,0.6,0.4
250,0.6,10,B,random,0.9,0.8,0.6,0.20000000000000007
250,0.6,10,B,random,1.0,1.0,0.4,0.6
250,0.6,11,B,acquiescent,0.1,0.0,0.0,0.0
250,0.6,11,B,acquiescent,0.2,0.4,0.6,-0.19999999999999996
250,0.6,11,B,acquiescent,0.3,0.0,0.2,-0.2
250,0.6,11,B,acquiescent,0.4,0.4,0.2,0.2
250,0.6,11,B,acquiescent,0.5,0.8,0.8,0.0
250,0.6,11,B,acquiescent,0.6,1.0,0.6,0.4
250,0.6,11,B,acquiescent,0.7,0.6,0.6,0.0
250,0.6,11,B,acquiescent,0.8,1.0,0.8,0.19999999999999996
250,0.6,11,B,acquiescent,0.9,1.0,1.0,0.0
250,0.6,11,B,acquiescent,1.0,1.0,1.0,0.0
250,0.6,11,B,fatigue,0.1,0.0,0.0,0.0
250,0.6,11,B,fatigue,0.2,0.0,0.4,-0.4
250,0.6,11,B,fatigue,0.3,0.2,0.8,-0.6000000000000001
250,0.6,11,B,fatigue,0.4,0.0,0.6,-0.6
250,0.6,11,B,fatigue,0.5,0.4,0.8,-0.4
250,0.6,11,B,fatigue,0.6,0.4,0.6,-0.19999999999999996
250,0.6,11,B,fatigue,0.7,0.4,0.8,-0.4
250,0.6,11,B,fatigue,0.8,0.8,1.0,-0.19999999999999996
250,0.6,11,B,fatigue,0.9,1.0,1.0,0.0
250,0.6,11,B,fatigue,1.0,1.0,1.0,0.0
250,0.6,11,B,longstring,0.1,0.0,0.0,0.0
250,0.6,11,B,longstring,0.2,0.0,0.0,0.0
250,0.6,11,B,longstring,0.3,0.6,0.4,0.19999999999999996
250,0.6,11,B,longstring,0.4,0.6,0.4,0.19999999999999996
250,0.6,11,B,longstring,0.5,1.0,0.8,0.19999999999999996
250,0.6,11,B,longstring,0.6,0.6,1.0,-0.4
250,0.6,11,B,longstring,0.7,1.0,0.8,0.19999999999999996
250,0.6,11,B,longstring,0.8,0.8,0.6,0.20000000000000007
250,0.6,11,B,longstring,0.9,1.0,1.0,0.0
250,0.6,11,B,longstring,1.0,1.0,1.0,0.0
250,0.6,11,B,mixed,0.1,0.0,0.0,0.0
250,0.6,11,B,mixed,0.2,0.4,0.2,0.2
250,0.6,11,B,mixed,0.3,0.0,0.0,0.0
250,0.6,11,B,mixed,0.4,0.2,0.2,0.0
250,0.6,11,B,mixed,0.5,0.8,0.8,0.0
250,0.6,11,B,mixed,0.6,1.0,0.8,0.19999999999999996
250,0.6,11,B,mixed,0.7,1.0,0.6,0.4
250,0.6,11,B,mixed,0.8,1.0,1.0,0.0
250,0.6,11,B,mixed,0.9,0.8,0.2,0.6000000000000001
250,0.6,11,B,mixed,1.0,1.0,1.0,0.0
250,0.6,11,B,pure_straight,0.1,0.0,0.0,0.0
250,0.6,11,B,pure_straight,0.2,0.2,0.2,0.0
250,0.6,11,B,pure_straight,0.3,0.2,0.2,0.0
250,0.6,11,B,pure_straight,0.4,0.8,1.0,-0.19999999999999996
250,0.6,11,B,pure_straight,0.5,1.0,1.0,0.0
250,0.6,11,B,pure_straight,0.6,0.8,0.6,0.20000000000000007
250,0.6,11,B,pure_straight,0.7,1.0,1.0,0.0
250,0.6,11,B,pure_straight,0.8,1.0,1.0,0.0
250,0.6,11,B,pure_straight,0.9,1.0,1.0,0.0
250,0.6,11,B,pure_straight,1.0,1.0,1.0,0.0
250,0.6,11,B,random,0.1,0.0,0.2,-0.2
250,0.6,11,B,random,0.2,0.2,0.2,0.0
250,0.6,11,B,random,0.3,0.6,0.2,0.39999999999999997
250,0.6,11,B,random,0.4,0.2,0.6,-0.39999999999999997
250,0.6,11,B,random,0.5,0.6,0.4,0.19999999999999996
250,0.6,11,B,random,0.6,0.8,0.6,0.20000000000000007
250,0.6,11,B,random,0.7,0.8,0.4,0.4
250,0.6,11,B,random,0.8,0.8,0.2,0.6000000000000001
250,0.6,11,B,random,0.9,0.6,0.4,0.19999999999999996
250,0.6,11,B,random,1.0,0.8,0.6,0.20000000000000007
250,0.6,12,B,acquiescent,0.1,0.2,0.2,0.0
250,0.6,12,B,acquiescent,0.2,0.2,0.0,0.2
250,0.6,12,B,acquiescent,0.3,0.2,0.2,0.0
250,0.6,12,B,acquiescent,0.4,0.6,0.8,-0.20000000000000007
250,0.6,12,B,acquiescent,0.5,0.8,0.6,0.20000000000000007
250,0.6,12,B,acquiescent,0.6,0.8,1.0,-0.19999999999999996
250,0.6,12,B,acquiescent,0.7,1.0,0.8,0.19999999999999996
250,0.6,12,B,acquiescent,0.8,1.0,1.0,0.0
250,0.6,12,B,acquiescent,0.9,1.0,1.0,0.0
250,0.6,12,B,acquiescent,1.0,1.0,1.0,0.0
250,0.6,12,B,fatigue,0.1,0.0,0.0,0.0
250,0.6,12,B,fatigue,0.2,0.0,0.0,0.0
250,0.6,12,B,fatigue,0.3,0.2,0.0,0.2
250,0.6,12,B,fatigue,0.4,0.2,0.4,-0.2
250,0.6,12,B,fatigue,0.5,0.6,0.6,0.0
250,0.6,12,B,fatigue,0.6,0.2,0.2,0.0
250,0.6,12,B,fatigue,0.7,0.6,0.8,-0.20000000000000007
250,0.6,12,B,fatigue,0.8,1.0,1.0,0.0
250,0.6,12,B,fatigue,0.9,1.0,0.8,0.19999999999999996
250,0.6,12,B,fatigue,1.0,1.0,1.0,0.0
250,0.6,12,B,longstring,0.1,0.2,0.0,0.2
250,0.6,12,B,longstring,0.2,0.4,0.4,0.0
250,0.6,12,B,longstring,0.3,0.6,0.4,0.19999999999999996
250,0.6,12,B,longstring,0.4,0.4,0.4,0.0
250,0.6,12,B,longstring,0.5,0.8,1.0,-0.19999999999999996
250,0.6,12,B,longstring,0.6,1.0,0.8,0.19999999999999996
250,0.6,12,B,longstring,0.7,0.8,0.8,0.0
250,0.6,12,B,longstring,0.8,0.8,0.8,0.0
250,0.6,12,B,longstring,0.9,0.8,0.8,0.0
250,0.6,12,B,longstring,1.0,1.0,1.0,0.0
250,0.6,12,B,mixed,0.1,0.0,0.0,0.0
250,0.6,12,B,mixed,0.2,0.0,0.2,-0.2
250,0.6,12,B,mixed,0.3,0.0,0.0,0.0
250,0.6,12,B,mixed,0.4,0.0,0.0,0.0
250,0.6,12,B,mixed,0.5,0.6,0.8,-0.20000000000000007
250,0.6,12,B,mixed,0.6,0.4,0.2,0.2
250,0.6,12,B,mixed,0.7,1.0,0.6,0.4
250,0.6,12,B,mixed,0.8,0.6,0.4,0.19999999999999996
250,0.6,12,B,mixed,0.9,1.0,0.4,0.6
250,0.6,12,B,mixed,1.0,1.0,0.6,0.4
250,0.6,12,B,pure_straight,0.1,0.0,0.0,0.0
250,0.6,12,B,pure_straight,0.2,0.4,0.4,0.0
250,0.6,12,B,pure_straight,0.3,0.2,0.6,-0.39999999999999997
250,0.6,12,B,pure_straight,0.4,0.8,0.6,0.20000000000000007
250,0.6,12,B,pure_straight,0.5,0.8,0.6,0.20000000000000007
250,0.6,12,B,pure_straight,0.6,1.0,1.0,0.0
250,0.6,12,B,pure_straight,0.7,1.0,0.8,0.19999999999999996
250,0.6,12,B,pure_straight,0.8,1.0,1.0,0.0
250,0.6,12,B,pure_straight,0.9,1.0,1.0,0.0
250,0.6,12,B,pure_straight,1.0,1.0,1.0,0.0
250,0.6,12,B,random,0.1,0.0,0.0,0.0
250,0.6,12,B,random,0.2,0.2,0.2,0.0
250,0.6,12,B,random,0.3,0.0,0.0,0.0
250,0.6,12,B,random,0.4,0.6,0.4,0.19999999999999996
250,0.6,12,B,random,0.5,0.2,0.2,0.0
250,0.6,12,B,random,0.6,1.0,0.8,0.19999999999999996
250,0.6,12,B,random,0.7,1.0,1.0,0.0
250,0.6,12,B,random,0.8,0.8,0.6,0.20000000000000007
250,0.6,12,B,random,0.9,1.0,1.0,0.0
250,0.6,12,B,random,1.0,1.0,0.6,0.4
300,0.1,1,B,acquiescent,0.1,0.0,0.0,0.0
300,0.1,1,B,acquiescent,0.2,0.0,0.0,0.0
300,0.1,1,B,acquiescent,0.3,0.0,1.0,-1.0
300,0.1,1,B,acquiescent,0.4,0.0,0.0,0.0
300,0.1,1,B,acquiescent,0.5,0.0,1.0,-1.0
300,0.1,1,B,acquiescent,0.6,1.0,1.0,0.0
300,0.1,1,B,acquiescent,0.9,1.0,1.0,0.0
300,0.1,1,B,acquiescent,1.0,1.0,1.0,0.0
300,0.1,1,B,fatigue,0.1,0.0,0.0,0.0
300,0.1,1,B,fatigue,0.2,0.0,0.0,0.0
300,0.1,1,B,fatigue,0.4,0.0,0.0,0.0
300,0.1,1,B,fatigue,0.5,0.0,0.0,0.0
300,0.1,1,B,fatigue,0.6,1.0,1.0,0.0
300,0.1,1,B,fatigue,0.8,1.0,1.0,0.0
300,0.1,1,B,fatigue,0.9,1.0,1.0,0.0
300,0.1,1,B,fatigue,1.0,1.0,1.0,0.0
300,0.1,1,B,longstring,0.1,0.0,0.0,0.0
300,0.1,1,B,longstring,0.2,0.0,0.0,0.0
300,0.1,1,B,longstring,0.3,1.0,0.0,1.0
300,0.1,1,B,longstring,0.4,1.0,1.0,0.0
300,0.1,1,B,longstring,0.6,1.0,1.0,0.0
300,0.1,1,B,longstring,0.7,1.0,1.0,0.0
300,0.1,1,B,longstring,0.8,1.0,0.0,1.0
300,0.1,1,B,longstring,0.9,1.0,1.0,0.0
300,0.1,1,B,longstring,1.0,1.0,1.0,0.0
300,0.1,1,B,mixed,0.2,1.0,0.0,1.0
300,0.1,1,B,mixed,0.3,0.0,0.0,0.0
300,0.1,1,B,mixed,0.4,0.0,0.0,0.0
300,0.1,1,B,mixed,0.5,0.0,1.0,-1.0
300,0.1,1,B,mixed,0.6,1.0,0.0,1.0
300,0.1,1,B,mixed,0.7,0.0,0.0,0.0
300,0.1,1,B,mixed,0.8,1.0,1.0,0.0
300,0.1,1,B,mixed,1.0,1.0,0.0,1.0
300,0.1,1,B,pure_straight,0.1,0.0,0.0,0.0
300,0.1,1,B,pure_straight,0.2,0.0,0.0,0.0
300,0.1,1,B,pure_straight,0.3,0.0,0.0,0.0
300,0.1,1,B,pure_straight,0.4,0.0,0.0,0.0
300,0.1,1,B,pure_straight,0.6,1.0,0.0,1.0
300,0.1,1,B,pure_straight,0.7,1.0,1.0,0.0
300,0.1,1,B,pure_straight,0.9,1.0,1.0,0.0
300,0.1,1,B,pure_straight,1.0,1.0,1.0,0.0
300,0.1,1,B,random,0.1,0.0,0.0,0.0
300,0.1,1,B,random,0.2,0.0,0.0,0.0
300,0.1,1,B,random,0.3,0.0,0.0,0.0
300,0.1,1,B,random,0.4,1.0,1.0,0.0
300,0.1,1,B,random,0.6,1.0,0.0,1.0
300,0.1,1,B,random,0.7,1.0,1.0,0.0
300,0.1,1,B,random,0.8,1.0,1.0,0.0
300,0.1,1,B,random,0.9,1.0,1.0,0.0
300,0.1,1,B,random,1.0,1.0,1.0,0.0
300,0.1,2,B,acquiescent,0.1,0.0,0.0,0.0
300,0.1,2,B,acquiescent,0.2,0.0,0.0,0.0
300,0.1,2,B,acquiescent,0.3,0.0,0.0,0.0
300,0.1,2,B,acquiescent,0.4,1.0,1.0,0.0
300,0.1,2,B,acquiescent,0.6,0.0,1.0,-1.0
300,0.1,2,B,acquiescent,0.8,1.0,1.0,0.0
300,0.1,2,B,acquiescent,0.9,1.0,1.0,0.0
300,0.1,2,B,acquiescent,1.0,1.0,1.0,0.0
300,0.1,2,B,fatigue,0.1,0.0,0.0,0.0
300,0.1,2,B,fatigue,0.2,0.0,0.0,0.0
300,0.1,2,B,fatigue,0.3,0.0,0.0,0.0
300,0.1,2,B,fatigue,0.4,0.0,1.0,-1.0
300,0.1,2,B,fatigue,0.5,0.0,0.0,0.0
300,0.1,2,B,fatigue,0.8,0.0,0.0,0.0
300,0.1,2,B,fatigue,0.9,1.0,0.0,1.0
300,0.1,2,B,fatigue,1.0,1.0,1.0,0.0
300,0.1,2,B,longstring,0.1,0.0,0.0,0.0
300,0.1,2,B,longstring,0.2,0.0,0.0,0.0
300,0.1,2,B,longstring,0.3,0.0,1.0,-1.0
300,0.1,2,B,longstring,0.4,0.0,0.0,0.0
300,0.1,2,B,longstring,0.5,0.0,0.0,0.0
300,0.1,2,B,longstring,0.6,0.0,0.0,0.0
300,0.1,2,B,longstring,0.7,1.0,1.0,0.0
300,0.1,2,B,longstring,0.8,1.0,1.0,0.0
300,0.1,2,B,longstring,1.0,1.0,1.0,0.0
300,0.1,2,B,mixed,0.1,0.0,0.0,0.0
300,0.1,2,B,mixed,0.3,0.0,1.0,-1.0
300,0.1,2,B,mixed,0.4,1.0,1.0,0.0
300,0.1,2,B,mixed,0.5,1.0,0.0,1.0
300,0.1,2,B,mixed,0.6,1.0,0.0,1.0
300,0.1,2,B,mixed,0.8,1.0,0.0,1.0
300,0.1,2,B,mixed,0.9,1.0,0.0,1.0
300,0.1,2,B,mixed,1.0,0.0,1.0,-1.0
300,0.1,2,B,pure_straight,0.2,0.0,0.0,0.0
300,0.1,2,B,pure_straight,0.3,0.0,0.0,0.0
300,0.1,2,B,pure_straight,0.4,1.0,1.0,0.0
300,0.1,2,B,pure_straight,0.5,1.0,1.0,0.0
300,0.1,2,B,pure_straight,0.6,1.0,0.0,1.0
300,0.1,2,B,pure_straight,0.8,1.0,1.0,0.0
300,0.1,2,B,pure_straight,0.9,1.0,1.0,0.0
300,0.1,2,B,pure_straight,1.0,1.0,1.0,0.0
300,0.1,2,B,random,0.2,0.0,0.0,0.0
300,0.1,2,B,random,0.3,1.0,0.0,1.0
300,0.1,2,B,random,0.4,0.0,0.0,0.0
300,0.1,2,B,random,0.5,0.0,1.0,-1.0
300,0.1,2,B,random,0.6,1.0,1.0,0.0
300,0.1,2,B,random,0.7,1.0,1.0,0.0
300,0.1,2,B,random,0.8,1.0,0.0,1.0
300,0.1,2,B,random,0.9,1.0,1.0,0.0
300,0.1,2,B,random,1.0,1.0,1.0,0.0
300,0.1,3,B,acquiescent,0.2,0.0,0.0,0.0
300,0.1,3,B,acquiescent,0.3,0.0,1.0,-1.0
300,0.1,3,B,acquiescent,0.4,0.0,0.0,0.0
300,0.1,3,B,acquiescent,0.5,1.0,1.0,0.0
300,0.1,3,B,acquiescent,0.6,1.0,1.0,0.0
300,0.1,3,B,acquiescent,0.7,1.0,0.0,1.0
300,0.1,3,B,acquiescent,0.8,1.0,1.0,0.0
300,0.1,3,B,acquiescent,1.0,1.0,1.0,0.0
300,0.1,3,B,fatigue,0.1,0.0,0.0,0.0
300,0.1,3,B,fatigue,0.2,0.0,0.0,0.0
300,0.1,3,B,fatigue,0.5,0.0,1.0,-1.0
300,0.1,3,B,fatigue,0.6,1.0,0.0,1.0
300,0.1,3,B,fatigue,0.7,0.0,1.0,-1.0
300,0.1,3,B,fatigue,0.8,1.0,1.0,0.0
300,0.1,3,B,fatigue,0.9,1.0,0.0,1.0
300,0.1,3,B,fatigue,1.0,1.0,1.0,0.0
300,0.1,3,B,longstring,0.2,0.0,1.0,-1.0
300,0.1,3,B,longstring,0.3,0.0,0.0,0.0
300,0.1,3,B,longstring,0.4,0.0,1.0,-1.0
300,0.1,3,B,longstring,0.5,0.0,0.0,0.0
300,0.1,3,B,longstring,0.6,1.0,0.0,1.0
300,0.1,3,B,longstring,0.7,1.0,0.0,1.0
300,0.1,3,B,longstring,0.8,1.0,1.0,0.0
300,0.1,3,B,longstring,0.9,1.0,1.0,0.0
300,0.1,3,B,longstring,1.0,1.0,1.0,0.0
300,0.1,3,B,mixed,0.2,0.0,0.0,0.0
300,0.1,3,B,mixed,0.3,0.0,0.0,0.0
300,0.1,3,B,mixed,0.4,0.0,0.0,0.0
300,0.1,3,B,mixed,0.5,1.0,1.0,0.0
300,0.1,3,B,mixed,0.6,0.0,0.0,0.0
300,0.1,3,B,mixed,0.7,0.0,0.0,0.0
300,0.1,3,B,mixed,0.8,1.0,1.0,0.0
300,0.1,3,B,mixed,1.0,1.0,0.0,1.0
300,0.1,3,B,pure_straight,0.1,0.0,0.0,0.0
300,0.1,3,B,pure_straight,0.2,0.0,0.0,0.0
300,0.1,3,B,pure_straight,0.4,1.0,1.0,0.0
300,0.1,3,B,pure_straight,0.5,1.0,0.0,1.0
300,0.1,3,B,pure_straight,0.6,1.0,1.0,0.0
300,0.1,3,B,pure_straight,0.7,1.0,1.0,0.0
300,0.1,3,B,pure_straight,0.9,1.0,1.0,0.0
300,0.1,3,B,pure_straight,1.0,1.0,1.0,0.0
300,0.1,3,B,random,0.1,0.0,0.0,0.0
300,0.1,3,B,random,0.2,0.0,0.0,0.0
300,0.1,3,B,random,0.4,1.0,0.0,1.0
300,0.1,3,B,random,0.5,1.0,0.0,1.0
300,0.1,3,B,random,0.6,1.0,0.0,1.0
300,0.1,3,B,random,0.7,1.0,1.0,0.0
300,0.1,3,B,random,0.8,1.0,1.0,0.0
300,0.1,3,B,random,0.9,1.0,0.0,1.0
300,0.1,3,B,random,1.0,1.0,0.0,1.0
300,0.1,4,B,acquiescent,0.1,0.0,0.0,0.0
300,0.1,4,B,acquiescent,0.2,0.0,0.0,0.0
300,0.1,4,B,acquiescent,0.3,1.0,1.0,0.0
300,0.1,4,B,acquiescent,0.4,0.0,0.0,0.0
300,0.1,4,B,acquiescent,0.6,1.0,1.0,0.0
300,0.1,4,B,acquiescent,0.7,1.0,1.0,0.0
300,0.1,4,B,acquiescent,0.9,1.0,1.0,0.0
300,0.1,4,B,acquiescent,1.0,1.0,1.0,0.0
300,0.1,4,B,fatigue,0.1,0.0,0.0,0.0
300,0.1,4,B,fatigue,0.2,0.0,0.0,0.0
300,0.1,4,B,fatigue,0.3,0.0,0.0,0.0
300,0.1,4,B,fatigue,0.4,0.0,0.0,0.0
300,0.1,4,B,fatigue,0.6,0.0,1.0,-1.0
300,0.1,4,B,fatigue,0.7,1.0,1.0,0.0
300,0.1,4,B,fatigue,0.9,1.0,1.0,0.0
300,0.1,4,B,fatigue,1.0,1.0,0.0,1.0
300,0.1,4,B,longstring,0.2,0.0,0.0,0.0
300,0.1,4,B,longstring,0.3,0.0,0.0,0.0
300,0.1,4,B,longstring,0.4,1.0,1.0,0.0
300,0.1,4,B,longstring,0.5,0.0,1.0,-1.0
300,0.1,4,B,longstring,0.6,0.0,0.0,0.0
300,0.1,4,B,longstring,0.7,1.0,1.0,0.0
300,0.1,4,B,longstring,0.8,1.0,1.0,0.0
300,0.1,4,B,longstring,0.9,1.0,1.0,0.0
300,0.1,4,B,longstring,1.0,1.0,1.0,0.0
300,0.1,4,B,mixed,0.1,0.0,0.0,0.0
300,0.1,4,B,mixed,0.2,0.0,0.0,0.0
300,0.1,4,B,mixed,0.4,0.0,0.0,0.0
300,0.1,4,B,mixed,0.5,0.0,1.0,-1.0
300,0.1,4,B,mixed,0.7,1.0,0.0,1.0
300,0.1,4,B,mixed,0.8,0.0,0.0,0.0
300,0.1,4,B,mixed,0.9,1.0,1.0,0.0
300,0.1,4,B,mixed,1.0,1.0,1.0,0.0
300,0.1,4,B,pure_straight,0.1,0.0,0.0,0.0
300,0.1,4,B,pure_straight,0.2,1.0,0.0,1.0
300,0.1,4,B,pure_straight,0.3,1.0,1.0,0.0
300,0.1,4,B,pure_straight,0.5,0.0,0.0,0.0
300,0.1,4,B,pure_straight,0.7,1.0,1.0,0.0
300,0.1,4,B,pure_straight,0.8,1.0,1.0,0.0
300,0.1,4,B,pure_straight,0.9,1.0,1.0,0.0
300,0.1,4,B,pure_straight,1.0,1.0,1.0,0.0
300,0.1,4,B,random,0.1,0.0,0.0,0.0
300,0.1,4,B,random,0.2,0.0,0.0,0.0
300,0.1,4,B,random,0.3,0.0,0.0,0.0
300,0.1,4,B,random,0.4,0.0,0.0,0.0
300,0.1,4,B,random,0.5,0.0,0.0,0.0
300,0.1,4,B,random,0.6,1.0,0.0,1.0
300,0.1,4,B,random,0.8,1.0,0.0,1.0
300,0.1,4,B,random,0.9,1.0,0.0,1.0
300,0.1,4,B,random,1.0,1.0,1.0,0.0
300,0.1,5,B,acquiescent,0.1,0.0,0.0,0.0
300,0.1,5,B,acquiescent,0.3,0.0,1.0,-1.0
300,0.1,5,B,acquiescent,0.4,0.0,0.0,0.0
300,0.1,5,B,acquiescent,0.5,0.0,1.0,-1.0
300,0.1,5,B,acquiescent,0.6,1.0,1.0,0.0
300,0.1,5,B,acquiescent,0.7,1.0,1.0,0.0
300,0.1,5,B,acquiescent,0.8,1.0,1.0,0.0
300,0.1,5,B,acquiescent,0.9,1.0,1.0,0.0
300,0.1,5,B,fatigue,0.1,0.0,0.0,0.0
300,0.1,5,B,fatigue,0.2,0.0,0.0,0.0
300,0.1,5,B,fatigue,0.4,0.0,0.0,0.0
300,0.1,5,B,fatigue,0.6,0.0,0.0,0.0
300,0.1,5,B,fatigue,0.7,1.0,1.0,0.0
300,0.1,5,B,fatigue,0.8,0.0,0.0,0.0
300,0.1,5,B,fatigue,0.9,1.0,1.0,0.0
300,0.1,5,B,fatigue,1.0,1.0,1.0,0.0
300,0.1,5,B,longstring,0.1,0.0,0.0,0.0
300,0.1,5,B,longstring,0.2,1.0,0.0,1.0
300,0.1,5,B,longstring,0.3,0.0,0.0,0.0
300,0.1,5,B,longstring,0.4,0.0,1.0,-1.0
300,0.1,5,B,longstring,0.5,0.0,0.0,0.0
300,0.1,5,B,longstring,0.6,0.0,1.0,-1.0
300,0.1,5,B,longstring,0.7,1.0,0.0,1.0
300,0.1,5,B,longstring,0.8,1.0,1.0,0.0
300,0.1,5,B,longstring,0.9,1.0,1.0,0.0
300,0.1,5,B,mixed,0.2,0.0,0.0,0.0
300,0.1,5,B,mixed,0.4,1.0,0.0,1.0
300,0.1,5,B,mixed,0.5,1.0,1.0,0.0
300,0.1,5,B,mixed,0.6,1.0,0.0,1.0
300,0.1,5,B,mixed,0.7,1.0,0.0,1.0
300,0.1,5,B,mixed,0.8,1.0,0.0,1.0
300,0.1,5,B,mixed,0.9,1.0,1.0,0.0
300,0.1,5,B,mixed,1.0,1.0,1.0,0.0
300,0.1,5,B,pure_straight,0.1,0.0,0.0,0.0
300,0.1,5,B,pure_straight,0.2,0.0,1.0,-1.0
300,0.1,5,B,pure_straight,0.3,0.0,1.0,-1.0
300,0.1,5,B,pure_straight,0.4,0.0,1.0,-1.0
300,0.1,5,B,pure_straight,0.7,1.0,1.0,0.0
300,0.1,5,B,pure_straight,0.8,1.0,1.0,0.0
300,0.1,5,B,pure_straight,0.9,1.0,1.0,0.0
300,0.1,5,B,pure_straight,1.0,1.0,1.0,0.0
300,0.1,5,B,random,0.1,0.0,0.0,0.0
300,0.1,5,B,random,0.2,0.0,0.0,0.0
300,0.1,5,B,random,0.4,1.0,0.0,1.0
300,0.1,5,B,random,0.5,1.0,0.0,1.0
300,0.1,5,B,random,0.6,1.0,0.0,1.0
300,0.1,5,B,random,0.7,1.0,1.0,0.0
300,0.1,5,B,random,0.8,1.0,0.0,1.0
300,0.1,5,B,random,0.9,1.0,1.0,0.0
300,0.1,5,B,random,1.0,1.0,0.0,1.0
300,0.1,6,B,acquiescent,0.1,0.0,0.0,0.0
300,0.1,6,B,acquiescent,0.2,0.0,0.0,0.0
300,0.1,6,B,acquiescent,0.3,0.0,0.0,0.0
300,0.1,6,B,acquiescent,0.4,1.0,1.0,0.0
300,0.1,6,B,acquiescent,0.5,1.0,1.0,0.0
300,0.1,6,B,acquiescent,0.6,0.0,0.0,0.0
300,0.1,6,B,acquiescent,0.8,1.0,1.0,0.0
300,0.1,6,B,acquiescent,0.9,1.0,1.0,0.0
300,0.1,6,B,fatigue,0.1,0.0,0.0,0.0
300,0.1,6,B,fatigue,0.2,0.0,0.0,0.0
300,0.1,6,B,fatigue,0.3,0.0,0.0,0.0
300,0.1,6,B,fatigue,0.4,1.0,1.0,0.0
300,0.1,6,B,fatigue,0.7,0.0,0.0,0.0
300,0.1,6,B,fatigue,0.8,0.0,0.0,0.0
300,0.1,6,B,fatigue,0.9,1.0,0.0,1.0
300,0.1,6,B,fatigue,1.0,1.0,1.0,0.0
300,0.1,6,B,longstring,0.1,0.0,0.0,0.0
300,0.1,6,B,longstring,0.3,0.0,0.0,0.0
300,0.1,6,B,longstring,0.4,0.0,1.0,-1.0
300,0.1,6,B,longstring,0.5,1.0,0.0,1.0
300,0.1,6,B,longstring,0.6,1.0,1.0,0.0
300,0.1,6,B,longstring,0.7,1.0,1.0,0.0
300,0.1,6,B,longstring,0.8,1.0,1.0,0.0
300,0.1,6,B,longstring,0.9,1.0,0.0,1.0
300,0.1,6,B,longstring,1.0,1.0,0.0,1.0
300,0.1,6,B,mixed,0.1,0.0,0.0,0.0
300,0.1,6,B,mixed,0.2,1.0,1.0,0.0
300,0.1,6,B,mixed,0.3,0.0,0.0,0.0
300,0.1,6,B,mixed,0.5,1.0,0.0,1.0
300,0.1,6,B,mixed,0.7,1.0,0.0,1.0
300,0.1,6,B,mixed,0.8,1.0,0.0,1.0
300,0.1,6,B,mixed,0.9,0.0,0.0,0.0
300,0.1,6,B,mixed,1.0,1.0,1.0,0.0
300,0.1,6,B,pure_straight,0.1,0.0,0.0,0.0
300,0.1,6,B,pure_straight,0.2,0.0,0.0,0.0
300,0.1,6,B,pure_straight,0.3,1.0,1.0,0.0
300,0.1,6,B,pure_straight,0.4,1.0,1.0,0.0
300,0.1,6,B,pure_straight,0.5,0.0,0.0,0.0
300,0.1,6,B,pure_straight,0.7,1.0,1.0,0.0
300,0.1,6,B,pure_straight,0.8,1.0,1.0,0.0
300,0.1,6,B,pure_straight,0.9,1.0,1.0,0.0
300,0.1,6,B,random,0.1,0.0,0.0,0.0
300,0.1,6,B,random,0.2,0.0,0.0,0.0
300,0.1,6,B,random,0.3,0.0,0.0,0.0
300,0.1,6,B,random,0.4,0.0,0.0,0.0
300,0.1,6,B,random,0.5,1.0,0.0,1.0
300,0.1,6,B,random,0.6,0.0,0.0,0.0
300,0.1,6,B,random,0.7,0.0,1.0,-1.0
300,0.1,6,B,random,0.9,1.0,1.0,0.0
300,0.1,6,B,random,1.0,1.0,0.0,1.0
300,0.1,7,B,acquiescent,0.1,0.0,0.0,0.0
300,0.1,7,B,acquiescent,0.2,0.0,0.0,0.0
300,0.1,7,B,acquiescent,0.3,0.0,0.0,0.0
300,0.1,7,B,acquiescent,0.4,1.0,1.0,0.0
300,0.1,7,B,acquiescent,0.5,0.0,0.0,0.0
300,0.1,7,B,acquiescent,0.6,1.0,1.0,0.0
300,0.1,7,B,acquiescent,0.9,1.0,1.0,0.0
300,0.1,7,B,acquiescent,1.0,1.0,1.0,0.0
300,0.1,7,B,fatigue,0.1,0.0,0.0,0.0
300,0.1,7,B,fatigue,0.3,0.0,0.0,0.0
300,0.1,7,B,fatigue,0.4,0.0,0.0,0.0
300,0.1,7,B,fatigue,0.5,0.0,1.0,-1.0
300,0.1,7,B,fatigue,0.6,1.0,0.0,1.0
300,0.1,7,B,fatigue,0.7,1.0,1.0,0.0
300,0.1,7,B,fatigue,0.8,1.0,1.0,0.0
300,0.1,7,B,fatigue,1.0,1.0,1.0,0.0
300,0.1,7,B,longstring,0.1,0.0,0.0,0.0
300,0.1,7,B,longstring,0.2,0.0,0.0,0.0
300,0.1,7,B,longstring,0.3,0.0,0.0,0.0
300,0.1,7,B,longstring,0.5,0.0,0.0,0.0
300,0.1,7,B,longstring,0.6,1.0,1.0,0.0
300,0.1,7,B,longstring,0.7,1.0,1.0,0.0
300,0.1,7,B,longstring,0.8,1.0,0.0,1.0
300,0.1,7,B,longstring,0.9,1.0,1.0,0.0
300,0.1,7,B,longstring,1.0,1.0,1.0,0.0
300,0.1,7,B,mixed,0.1,0.0,0.0,0.0
300,0.1,7,B,mixed,0.2,0.0,0.0,0.0
300,0.1,7,B,mixed,0.3,0.0,0.0,0.0
300,0.1,7,B,mixed,0.4,0.0,0.0,0.0
300,0.1,7,B,mixed,0.5,1.0,0.0,1.0
300,0.1,7,B,mixed,0.7,1.0,1.0,0.0
300,0.1,7,B,mixed,0.9,1.0,0.0,1.0
300,0.1,7,B,mixed,1.0,1.0,1.0,0.0
300,0.1,7,B,pure_straight,0.1,0.0,0.0,0.0
300,0.1,7,B,pure_straight,0.2,0.0,0.0,0.0
300,0.1,7,B,pure_straight,0.3,0.0,1.0,-1.0
300,0.1,7,B,pure_straight,0.4,1.0,1.0,0.0
300,0.1,7,B,pure_straight,0.5,1.0,1.0,0.0
300,0.1,7,B,pure_straight,0.7,1.0,1.0,0.0
300,0.1,7,B,pure_straight,0.9,1.0,1.0,0.0
300,0.1,7,B,pure_straight,1.0,1.0,1.0,0.0
300,0.1,7,B,random,0.1,0.0,0.0,0.0
300,0.1,7,B,random,0.2,0.0,0.0,0.0
300,0.1,7,B,random,0.3,0.0,0.0,0.0
300,0.1,7,B,random,0.4,0.0,0.0,0.0
300,0.1,7,B,random,0.5,0.0,0.0,0.0
300,0.1,7,B,random,0.6,1.0,1.0,0.0
300,0.1,7,B,random,0.8,1.0,1.0,0.0
300,0.1,7,B,random,0.9,1.0,1.0,0.0
300,0.1,7,B,random,1.0,1.0,0.0,1.0
300,0.1,8,B,acquiescent,0.1,0.0,0.0,0.0
300,0.1,8,B,acquiescent,0.2,0.0,0.0,0.0
300,0.1,8,B,acquiescent,0.3,1.0,1.0,0.0
300,0.1,8,B,acquiescent,0.4,1.0,0.0,1.0
300,0.1,8,B,acquiescent,0.6,1.0,0.0,1.0
300,0.1,8,B,acquiescent,0.7,1.0,1.0,0.0
300,0.1,8,B,acquiescent,0.8,1.0,1.0,0.0
300,0.1,8,B,acquiescent,1.0,1.0,1.0,0.0
300,0.1,8,B,fatigue,0.1,0.0,0.0,0.0
300,0.1,8,B,fatigue,0.2,0.0,0.0,0.0
300,0.1,8,B,fatigue,0.3,0.0,0.0,0.0
300,0.1,8,B,fatigue,0.4,0.0,0.0,0.0
300,0.1,8,B,fatigue,0.5,1.0,1.0,0.0
300,0.1,8,B,fatigue,0.7,0.0,0.0,0.0
300,0.1,8,B,fatigue,0.8,1.0,1.0,0.0
300,0.1,8,B,fatigue,1.0,1.0,1.0,0.0
300,0.1,8,B,longstring,0.1,0.0,0.0,0.0
300,0.1,8,B,longstring,0.2,0.0,0.0,0.0
300,0.1,8,B,longstring,0.3,0.0,0.0,0.0
300,0.1,8,B,longstring,0.4,0.0,0.0,0.0
300,0.1,8,B,longstring,0.6,1.0,1.0,0.0
300,0.1,8,B,longstring,0.7,1.0,0.0,1.0
300,0.1,8,B,longstring,0.8,1.0,1.0,0.0
300,0.1,8,B,longstring,0.9,1.0,1.0,0.0
300,0.1,8,B,longstring,1.0,1.0,0.0,1.0
300,0.1,8,B,mixed,0.1,0.0,0.0,0.0
300,0.1,8,B,mixed,0.2,1.0,0.0,1.0
300,0.1,8,B,mixed,0.3,0.0,0.0,0.0
300,0.1,8,B,mixed,0.5,0.0,1.0,-1.0
300,0.1,8,B,mixed,0.7,0.0,0.0,0.0
300,0.1,8,B,mixed,0.8,1.0,1.0,0.0
300,0.1,8,B,mixed,0.9,1.0,0.0,1.0
300,0.1,8,B,mixed,1.0,1.0,0.0,1.0
300,0.1,8,B,pure_straight,0.1,0.0,0.0,0.0
300,0.1,8,B,pure_straight,0.2,0.0,0.0,0.0
300,0.1,8,B,pure_straight,0.4,0.0,0.0,0.0
300,0.1,8,B,pure_straight,0.5,0.0,0.0,0.0
300,0.1,8,B,pure_straight,0.6,1.0,1.0,0.0
300,0.1,8,B,pure_straight,0.7,1.0,1.0,0.0
300,0.1,8,B,pure_straight,0.8,1.0,1.0,0.0
300,0.1,8,B,pure_straight,0.9,1.0,1.0,0.0
300,0.1,8,B,random,0.1,0.0,0.0,0.0
300,0.1,8,B,random,0.2,0.0,1.0,-1.0
300,0.1,8,B,random,0.3,0.0,0.0,0.0
300,0.1,8,B,random,0.4,0.0,0.0,0.0
300,0.1,8,B,random,0.5,1.0,0.0,1.0
300,0.1,8,B,random,0.7,1.0,0.0,1.0
300,0.1,8,B,random,0.8,1.0,0.0,1.0
300,0.1,8,B,random,0.9,0.0,0.0,0.0
300,0.1,8,B,random,1.0,1.0,1.0,0.0
300,0.1,9,B,acquiescent,0.1,0.0,0.0,0.0
300,0.1,9,B,acquiescent,0.2,0.0,0.0,0.0
300,0.1,9,B,acquiescent,0.3,0.0,0.0,0.0
300,0.1,9,B,acquiescent,0.4,0.0,0.0,0.0
300,0.1,9,B,acquiescent,0.6,0.0,0.0,0.0
300,0.1,9,B,acquiescent,0.7,1.0,1.0,0.0
300,0.1,9,B,acquiescent,0.8,1.0,1.0,0.0
300,0.1,9,B,acquiescent,0.9,1.0,1.0,0.0
300,0.1,9,B,fatigue,0.1,0.0,0.0,0.0
300,0.1,9,B,fatigue,0.2,0.0,0.0,0.0
300,0.1,9,B,fatigue,0.4,0.0,0.0,0.0
300,0.1,9,B,fatigue,0.5,1.0,1.0,0.0
300,0.1,9,B,fatigue,0.6,0.0,0.0,0.0
300,0.1,9,B,fatigue,0.8,1.0,1.0,0.0
300,0.1,9,B,fatigue,0.9,1.0,0.0,1.0
300,0.1,9,B,fatigue,1.0,1.0,1.0,0.0
300,0.1,9,B,longstring,0.1,0.0,0.0,0.0
300,0.1,9,B,longstring,0.2,0.0,1.0,-1.0
300,0.1,9,B,longstring,0.4,1.0,0.0,1.0
300,0.1,9,B,longstring,0.5,1.0,1.0,0.0
300,0.1,9,B,longstring,0.6,1.0,1.0,0.0
300,0.1,9,B,longstring,0.7,1.0,1.0,0.0
300,0.1,9,B,longstring,0.8,1.0,1.0,0.0
300,0.1,9,B,longstring,0.9,1.0,1.0,0.0
300,0.1,9,B,longstring,1.0,1.0,1.0,0.0
300,0.1,9,B,mixed,0.1,0.0,0.0,0.0
300,0.1,9,B,mixed,0.2,0.0,0.0,0.0
300,0.1,9,B,mixed,0.3,0.0,0.0,0.0
300,0.1,9,B,mixed,0.6,1.0,1.0,0.0
300,0.1,9,B,mixed,0.7,1.0,1.0,0.0
300,0.1,9,B,mixed,0.8,1.0,1.0,0.0
300,0.1,9,B,mixed,0.9,1.0,1.0,0.0
300,0.1,9,B,mixed,1.0,1.0,1.0,0.0
300,0.1,9,B,pure_straight,0.1,0.0,0.0,0.0
300,0.1,9,B,pure_straight,0.2,0.0,1.0,-1.0
300,0.1,9,B,pure_straight,0.4,1.0,0.0,1.0
300,0.1,9,B,pure_straight,0.5,1.0,1.0,0.0
300,0.1,9,B,pure_straight,0.6,1.0,1.0,0.0
300,0.1,9,B,pure_straight,0.7,1.0,1.0,0.0
300,0.1,9,B,pure_straight,0.8,1.0,1.0,0.0
300,0.1,9,B,pure_straight,1.0,1.0,1.0,0.0
300,0.1,9,B,random,0.1,0.0,0.0,0.0
300,0.1,9,B,random,0.2,0.0,1.0,-1.0
300,0.1,9,B,random,0.3,0.0,0.0,0.0
300,0.1,9,B,random,0.4,0.0,0.0,0.0
300,0.1,9,B,random,0.5,0.0,0.0,0.0
300,0.1,9,B,random,0.6,0.0,0.0,0.0
300,0.1,9,B,random,0.7,1.0,0.0,1.0
300,0.1,9,B,random,0.8,1.0,0.0,1.0
300,0.1,9,B,random,0.9,1.0,0.0,1.0
300,0.1,10,B,acquiescent,0.1,0.0,0.0,0.0
300,0.1,10,B,acquiescent,0.2,1.0,1.0,0.0
300,0.1,10,B,acquiescent,0.4,0.0,0.0,0.0
300,0.1,10,B,acquiescent,0.5,1.0,1.0,0.0
300,0.1,10,B,acquiescent,0.6,1.0,1.0,0.0
300,0.1,10,B,acquiescent,0.7,1.0,0.0,1.0
300,0.1,10,B,acquiescent,0.9,1.0,1.0,0.0
300,0.1,10,B,acquiescent,1.0,1.0,1.0,0.0
300,0.1,10,B,fatigue,0.1,0.0,1.0,-1.0
300,0.1,10,B,fatigue,0.2,0.0,0.0,0.0
300,0.1,10,B,fatigue,0.3,0.0,0.0,0.0
300,0.1,10,B,fatigue,0.5,1.0,1.0,0.0
300,0.1,10,B,fatigue,0.6,0.0,0.0,0.0
300,0.1,10,B,fatigue,0.7,1.0,1.0,0.0
300,0.1,10,B,fatigue,0.9,1.0,1.0,0.0
300,0.1,10,B,fatigue,1.0,1.0,1.0,0.0
300,0.1,10,B,longstring,0.1,0.0,0.0,0.0
300,0.1,10,B,longstring,0.2,0.0,0.0,0.0
300,0.1,10,B,longstring,0.3,0.0,0.0,0.0
300,0.1,10,B,longstring,0.4,1.0,1.0,0.0
300,0.1,10,B,longstring,0.5,0.0,0.0,0.0
300,0.1,10,B,longstring,0.6,0.0,1.0,-1.0
300,0.1,10,B,longstring,0.7,1.0,1.0,0.0
300,0.1,10,B,longstring,0.8,1.0,0.0,1.0
300,0.1,10,B,longstring,1.0,1.0,1.0,0.0
300,0.1,10,B,mixed,0.1,1.0,0.0,1.0
300,0.1,10,B,mixed,0.2,0.0,0.0,0.0
300,0.1,10,B,mixed,0.3,1.0,0.0,1.0
300,0.1,10,B,mixed,0.4,0.0,0.0,0.0
300,0.1,10,B,mixed,0.6,0.0,0.0,0.0
300,0.1,10,B,mixed,0.8,1.0,0.0,1.0
300,0.1,10,B,mixed,0.9,1.0,1.0,0.0
300,0.1,10,B,mixed,1.0,1.0,0.0,1.0
300,0.1,10,B,pure_straight,0.1,0.0,0.0,0.0
300,0.1,10,B,pure_straight,0.2,0.0,0.0,0.0
300,0.1,10,B,pure_straight,0.4,1.0,1.0,0.0
300,0.1,10,B,pure_straight,0.5,1.0,0.0,1.0
300,0.1,10,B,pure_straight,0.6,1.0,1.0,0.0
300,0.1,10,B,pure_straight,0.8,1.0,1.0,0.0
300,0.1,10,B,pure_straight,0.9,1.0,1.0,0.0
300,0.1,10,B,pure_straight,1.0,1.0,1.0,0.0
300,0.1,10,B,random,0.1,0.0,0.0,0.0
300,0.1,10,B,random,0.2,0.0,0.0,0.0
300,0.1,10,B,random,0.4,0.0,0.0,0.0
300,0.1,10,B,random,0.5,0.0,0.0,0.0
300,0.1,10,B,random,0.6,1.0,0.0,1.0
300,0.1,10,B,random,0.7,1.0,1.0,0.0
300,0.1,10,B,random,0.8,1.0,0.0,1.0
300,0.1,10,B,random,0.9,1.0,1.0,0.0
300,0.1,10,B,random,1.0,1.0,0.0,1.0
300,0.1,11,B,acquiescent,0.1,0.0,0.0,0.0
300,0.1,11,B,acquiescent,0.2,0.0,0.0,0.0
300,0.1,11,B,acquiescent,0.3,0.0,0.0,0.0
300,0.1,11,B,acquiescent,0.5,0.0,0.0,0.0
300,0.1,11,B,acquiescent,0.6,0.0,0.0,0.0
300,0.1,11,B,acquiescent,0.7,0.0,1.0,-1.0
300,0.1,11,B,acquiescent,0.8,1.0,1.0,0.0
300,0.1,11,B,acquiescent,0.9,1.0,1.0,0.0
300,0.1,11,B,fatigue,0.1,0.0,0.0,0.0
300,0.1,11,B,fatigue,0.3,0.0,0.0,0.0
300,0.1,11,B,fatigue,0.4,0.0,0.0,0.0
300,0.1,11,B,fatigue,0.5,0.0,0.0,0.0
300,0.1,11,B,fatigue,0.7,1.0,0.0,1.0
300,0.1,11,B,fatigue,0.8,1.0,1.0,0.0
300,0.1,11,B,fatigue,0.9,1.0,1.0,0.0
300,0.1,11,B,fatigue,1.0,1.0,1.0,0.0
300,0.1,11,B,longstring,0.1,0.0,0.0,0.0
300,0.1,11,B,longstring,0.2,0.0,0.0,0.0
300,0.1,11,B,longstring,0.3,1.0,1.0,0.0
300,0.1,11,B,longstring,0.5,1.0,0.0,1.0
300,0.1,11,B,longstring,0.6,1.0,1.0,0.0
300,0.1,11,B,longstring,0.7,0.0,0.0,0.0
300,0.1,11,B,longstring,0.8,1.0,0.0,1.0
300,0.1,11,B,longstring,0.9,1.0,0.0,1.0
300,0.1,11,B,longstring,1.0,1.0,1.0,0.0
300,0.1,11,B,mixed,0.1,0.0,0.0,0.0
300,0.1,11,B,mixed,0.2,0.0,1.0,-1.0
300,0.1,11,B,mixed,0.3,0.0,0.0,0.0
300,0.1,11,B,mixed,0.5,0.0,0.0,0.0
300,0.1,11,B,mixed,0.6,1.0,0.0,1.0
300,0.1,11,B,mixed,0.7,1.0,0.0,1.0
300,0.1,11,B,mixed,0.8,0.0,1.0,-1.0
300,0.1,11,B,mixed,1.0,1.0,0.0,1.0
300,0.1,11,B,pure_straight,0.1,0.0,0.0,0.0
300,0.1,11,B,pure_straight,0.2,1.0,1.0,0.0
300,0.1,11,B,pure_straight,0.3,1.0,1.0,0.0
300,0.1,11,B,pure_straight,0.5,0.0,0.0,0.0
300,0.1,11,B,pure_straight,0.6,1.0,1.0,0.0
300,0.1,11,B,pure_straight,0.7,1.0,1.0,0.0
300,0.1,11,B,pure_straight,0.8,1.0,1.0,0.0
300,0.1,11,B,pure_straight,0.9,1.0,1.0,0.0
300,0.1,11,B,random,0.1,0.0,0.0,0.0
300,0.1,11,B,random,0.2,0.0,1.0,-1.0
300,0.1,11,B,random,0.3,0.0,0.0,0.0
300,0.1,11,B,random,0.4,0.0,0.0,0.0
300,0.1,11,B,random,0.5,0.0,0.0,0.0
300,0.1,11,B,random,0.6,1.0,1.0,0.0
300,0.1,11,B,random,0.7,0.0,0.0,0.0
300,0.1,11,B,random,0.8,1.0,0.0,1.0
300,0.1,11,B,random,1.0,1.0,0.0,1.0
300,0.1,12,B,acquiescent,0.1,0.0,0.0,0.0
300,0.1,12,B,acquiescent,0.2,0.0,0.0,0.0
300,0.1,12,B,acquiescent,0.5,1.0,1.0,0.0
300,0.1,12,B,acquiescent,0.6,1.0,0.0,1.0
300,0.1,12,B,acquiescent,0.7,1.0,0.0,1.0
300,0.1,12,B,acquiescent,0.8,1.0,1.0,0.0
300,0.1,12,B,acquiescent,0.9,1.0,1.0,0.0
300,0.1,12,B,acquiescent,1.0,1.0,1.0,0.0
300,0.1,12,B,fatigue,0.1,0.0,0.0,0.0
300,0.1,12,B,fatigue,0.2,0.0,0.0,0.0
300,0.1,12,B,fatigue,0.5,0.0,0.0,0.0
300,0.1,12,B,fatigue,0.6,1.0,1.0,0.0
300,0.1,12,B,fatigue,0.7,1.0,1.0,0.0
300,0.1,12,B,fatigue,0.8,1.0,1.0,0.0
300,0.1,12,B,fatigue,0.9,1.0,1.0,0.0
300,0.1,12,B,fatigue,1.0,1.0,1.0,0.0
300,0.1,12,B,longstring,0.2,1.0,1.0,0.0
300,0.1,12,B,longstring,0.3,0.0,0.0,0.0
300,0.1,12,B,longstring,0.4,0.0,0.0,0.0
300,0.1,12,B,longstring,0.5,0.0,0.0,0.0
300,0.1,12,B,longstring,0.6,1.0,0.0,1.0
300,0.1,12,B,longstring,0.7,0.0,0.0,0.0
300,0.1,12,B,longstring,0.8,1.0,1.0,0.0
300,0.1,12,B,longstring,0.9,1.0,1.0,0.0
300,0.1,12,B,longstring,1.0,1.0,1.0,0.0
300,0.1,12,B,mixed,0.1,0.0,0.0,0.0
300,0.1,12,B,mixed,0.3,1.0,1.0,0.0
300,0.1,12,B,mixed,0.4,0.0,0.0,0.0
300,0.1,12,B,mixed,0.5,1.0,1.0,0.0
300,0.1,12,B,mixed,0.6,1.0,1.0,0.0
300,0.1,12,B,mixed,0.7,1.0,1.0,0.0
300,0.1,12,B,mixed,0.9,0.0,0.0,0.0
300,0.1,12,B,mixed,1.0,1.0,1.0,0.0
300,0.1,12,B,pure_straight,0.1,0.0,0.0,0.0
300,0.1,12,B,pure_straight,0.2,0.0,0.0,0.0
300,0.1,12,B,pure_straight,0.3,0.0,0.0,0.0
300,0.1,12,B,pure_straight,0.4,1.0,1.0,0.0
300,0.1,12,B,pure_straight,0.5,1.0,1.0,0.0
300,0.1,12,B,pure_straight,0.6,1.0,1.0,0.0
300,0.1,12,B,pure_straight,0.7,1.0,1.0,0.0
300,0.1,12,B,pure_straight,0.9,1.0,1.0,0.0
300,0.1,12,B,random,0.1,0.0,0.0,0.0
300,0.1,12,B,random,0.2,0.0,0.0,0.0
300,0.1,12,B,random,0.3,0.0,0.0,0.0
300,0.1,12,B,random,0.4,1.0,1.0,0.0
300,0.1,12,B,random,0.5,0.0,0.0,0.0
300,0.1,12,B,random,0.7,0.0,1.0,-1.0
300,0.1,12,B,random,0.8,1.0,0.0,1.0
300,0.1,12,B,random,0.9,1.0,0.0,1.0
300,0.1,12,B,random,1.0,1.0,1.0,0.0
300,0.2,1,B,acquiescent,0.1,0.5,0.5,0.0
300,0.2,1,B,acquiescent,0.2,0.0,0.0,0.0
300,0.2,1,B,acquiescent,0.3,0.5,0.5,0.0
300,0.2,1,B,acquiescent,0.4,1.0,0.0,1.0
300,0.2,1,B,acquiescent,0.5,1.0,0.5,0.5
300,0.2,1,B,acquiescent,0.6,1.0,1.0,0.0
300,0.2,1,B,acquiescent,0.7,1.0,0.5,0.5
300,0.2,1,B,acquiescent,0.8,0.5,1.0,-0.5
300,0.2,1,B,acquiescent,0.9,1.0,1.0,0.0
300,0.2,1,B,acquiescent,1.0,1.0,1.0,0.0
300,0.2,1,B,fatigue,0.1,0.0,0.0,0.0
300,0.2,1,B,fatigue,0.2,0.0,0.0,0.0
300,0.2,1,B,fatigue,0.3,0.0,0.5,-0.5
300,0.2,1,B,fatigue,0.4,0.0,0.0,0.0
300,0.2,1,B,fatigue,0.5,1.0,1.0,0.0
300,0.2,1,B,fatigue,0.6,0.0,0.0,0.0
300,0.2,1,B,fatigue,0.7,1.0,1.0,0.0
300,0.2,1,B,fatigue,0.8,1.0,1.0,0.0
300,0.2,1,B,fatigue,0.9,1.0,1.0,0.0
300,0.2,1,B,fatigue,1.0,1.0,1.0,0.0
300,0.2,1,B,longstring,0.1,0.0,0.0,0.0
300,0.2,1,B,longstring,0.2,0.0,0.5,-0.5
300,0.2,1,B,longstring,0.3,0.5,0.0,0.5
300,0.2,1,B,longstring,0.4,0.5,0.5,0.0
300,0.2,1,B,longstring,0.5,0.0,0.0,0.0
300,0.2,1,B,longstring,0.6,1.0,1.0,0.0
300,0.2,1,B,longstring,0.7,1.0,1.0,0.0
300,0.2,1,B,longstring,0.8,1.0,1.0,0.0
300,0.2,1,B,longstring,0.9,1.0,1.0,0.0
300,0.2,1,B,longstring,1.0,1.0,0.0,1.0
300,0.2,1,B,mixed,0.1,0.0,0.0,0.0
300,0.2,1,B,mixed,0.2,0.0,0.0,0.0
300,0.2,1,B,mixed,0.3,0.0,0.0,0.0
300,0.2,1,B,mixed,0.4,0.5,0.0,0.5
300,0.2,1,B,mixed,0.5,1.0,0.0,1.0
300,0.2,1,B,mixed,0.6,0.5,1.0,-0.5
300,0.2,1,B,mixed,0.7,1.0,0.5,0.5
300,0.2,1,B,mixed,0.8,0.5,0.0,0.5
300,0.2,1,B,mixed,0.9,0.5,0.5,0.0
300,0.2,1,B,mixed,1.0,1.0,1.0,0.0
300,0.2,1,B,pure_straight,0.1,0.0,0.0,0.0
300,0.2,1,B,pure_straight,0.2,0.0,1.0,-1.0
300,0.2,1,B,pure_straight,0.3,0.0,0.5,-0.5
300,0.2,1,B,pure_straight,0.4,0.5,0.5,0.0
300,0.2,1,B,pure_straight,0.5,1.0,1.0,0.0
300,0.2,1,B,pure_straight,0.6,1.0,1.0,0.0
300,0.2,1,B,pure_straight,0.7,1.0,1.0,0.0
300,0.2,1,B,pure_straight,0.8,1.0,1.0,0.0
300,0.2,1,B,pure_straight,0.9,1.0,1.0,0.0
300,0.2,1,B,pure_straight,1.0,1.0,1.0,0.0
300,0.2,1,B,random,0.1,0.0,0.0,0.0
300,0.2,1,B,random,0.2,0.0,0.0,0.0
300,0.2,1,B,random,0.3,0.0,0.0,0.0
300,0.2,1,B,random,0.4,0.0,1.0,-1.0
300,0.2,1,B,random,0.5,0.5,0.5,0.0
300,0.2,1,B,random,0.6,1.0,0.0,1.0
300,0.2,1,B,random,0.7,0.0,0.0,0.0
300,0.2,1,B,random,0.8,1.0,0.5,0.5
300,0.2,1,B,random,0.9,1.0,1.0,0.0
300,0.2,1,B,random,1.0,1.0,0.5,0.5
300,0.2,2,B,acquiescent,0.1,0.0,0.0,0.0
300,0.2,2,B,acquiescent,0.2,0.0,0.0,0.0
300,0.2,2,B,acquiescent,0.3,1.0,1.0,0.0
300,0.2,2,B,acquiescent,0.4,1.0,0.5,0.5
300,0.2,2,B,acquiescent,0.5,1.0,1.0,0.0
300,0.2,2,B,acquiescent,0.6,1.0,1.0,0.0
300,0.2,2,B,acquiescent,0.7,1.0,1.0,0.0
300,0.2,2,B,acquiescent,0.8,1.0,1.0,0.0
300,0.2,2,B,acquiescent,0.9,1.0,1.0,0.0
300,0.2,2,B,acquiescent,1.0,1.0,1.0,0.0
300,0.2,2,B,fatigue,0.1,0.0,0.0,0.0
300,0.2,2,B,fatigue,0.2,0.0,0.0,0.0
300,0.2,2,B,fatigue,0.3,0.0,0.5,-0.5
300,0.2,2,B,fatigue,0.4,0.5,0.0,0.5
300,0.2,2,B,fatigue,0.5,1.0,1.0,0.0
300,0.2,2,B,fatigue,0.6,0.0,0.0,0.0
300,0.2,2,B,fatigue,0.7,1.0,1.0,0.0
300,0.2,2,B,fatigue,0.8,1.0,1.0,0.0
300,0.2,2,B,fatigue,0.9,1.0,1.0,0.0
300,0.2,2,B,fatigue,1.0,1.0,1.0,0.0
300,0.2,2,B,longstring,0.1,0.0,0.0,0.0
300,0.2,2,B,longstring,0.2,0.0,0.0,0.0
300,0.2,2,B,longstring,0.3,0.0,0.0,0.0
300,0.2,2,B,longstring,0.4,0.0,0.5,-0.5
300,0.2,2,B,longstring,0.5,1.0,0.0,1.0
300,0.2,2,B,longstring,0.6,1.0,1.0,0.0
300,0.2,2,B,longstring,0.7,1.0,1.0,0.0
300,0.2,2,B,longstring,0.8,1.0,0.5,0.5
300,0.2,2,B,longstring,0.9,1.0,1.0,0.0
300,0.2,2,B,longstring,1.0,1.0,1.0,0.0
300,0.2,2,B,mixed,0.1,0.0,0.0,0.0
300,0.2,2,B,mixed,0.2,0.0,1.0,-1.0
300,0.2,2,B,mixed,0.3,0.0,0.0,0.0
300,0.2,2,B,mixed,0.4,0.0,0.0,0.0
300,0.2,2,B,mixed,0.5,0.0,1.0,-1.0
300,0.2,2,B,mixed,0.6,1.0,1.0,0.0
300,0.2,2,B,mixed,0.7,1.0,0.0,1.0
300,0.2,2,B,mixed,0.8,1.0,0.0,1.0
300,0.2,2,B,mixed,0.9,1.0,1.0,0.0
300,0.2,2,B,mixed,1.0,1.0,1.0,0.0
300,0.2,2,B,pure_straight,0.1,0.0,0.0,0.0
300,0.2,2,B,pure_straight,0.2,0.0,0.5,-0.5
300,0.2,2,B,pure_straight,0.3,0.0,0.0,0.0
300,0.2,2,B,pure_straight,0.4,0.0,0.0,0.0
300,0.2,2,B,pure_straight,0.5,1.0,1.0,0.0
300,0.2,2,B,pure_straight,0.6,0.5,0.5,0.0
300,0.2,2,B,pure_straight,0.7,1.0,1.0,0.0
300,0.2,2,B,pure_straight,0.8,1.0,1.0,0.0
300,0.2,2,B,pure_straight,0.9,1.0,1.0,0.0
300,0.2,2,B,pure_straight,1.0,1.0,1.0,0.0
300,0.2,2,B,random,0.1,0.0,0.0,0.0
300,0.2,2,B,random,0.2,0.0,0.0,0.0
300,0.2,2,B,random,0.3,1.0,0.0,1.0
300,0.2,2,B,random,0.4,0.5,0.5,0.0
300,0.2,2,B,random,0.5,0.0,0.5,-0.5
300,0.2,2,B,random,0.6,0.5,0.0,0.5
300,0.2,2,B,random,0.7,0.5,0.5,0.0
300,0.2,2,B,random,0.8,0.5,0.5,0.0
300,0.2,2,B,random,0.9,1.0,0.5,0.5
300,0.2,2,B,random,1.0,1.0,0.5,0.5
300,0.2,3,B,acquiescent,0.1,0.0,0.0,0.0
300,0.2,3,B,acquiescent,0.2,0.0,0.5,-0.5
300,0.2,3,B,acquiescent,0.3,1.0,1.0,0.0
300,0.2,3,B,acquiescent,0.4,1.0,1.0,0.0
300,0.2,3,B,acquiescent,0.5,0.5,1.0,-0.5
300,0.2,3,B,acquiescent,0.6,1.0,1.0,0.0
300,0.2,3,B,acquiescent,0.7,1.0,1.0,0.0
300,0.2,3,B,acquiescent,0.8,1.0,1.0,0.0
300,0.2,3,B,acquiescent,0.9,1.0,1.0,0.0
300,0.2,3,B,acquiescent,1.0,1.0,1.0,0.0
300,0.2,3,B,fatigue,0.1,0.0,0.0,0.0
300,0.2,3,B,fatigue,0.2,0.0,0.0,0.0
300,0.2,3,B,fatigue,0.3,0.0,0.0,0.0
300,0.2,3,B,fatigue,0.4,0.5,0.5,0.0
300,0.2,3,B,fatigue,0.5,0.0,0.0,0.0
300,0.2,3,B,fatigue,0.6,1.0,1.0,0.0
300,0.2,3,B,fatigue,0.7,0.5,0.0,0.5
300,0.2,3,B,fatigue,0.8,1.0,0.5,0.5
300,0.2,3,B,fatigue,0.9,1.0,1.0,0.0
300,0.2,3,B,fatigue,1.0,1.0,1.0,0.0
300,0.2,3,B,longstring,0.1,0.0,0.0,0.0
300,0.2,3,B,longstring,0.2,0.0,0.0,0.0
300,0.2,3,B,longstring,0.3,0.0,1.0,-1.0
300,0.2,3,B,longstring,0.4,0.5,0.0,0.5
300,0.2,3,B,longstring,0.5,1.0,1.0,0.0
300,0.2,3,B,longstring,0.6,1.0,0.0,1.0
300,0.2,3,B,longstring,0.7,1.0,1.0,0.0
300,0.2,3,B,longstring,0.8,1.0,1.0,0.0
300,0.2,3,B,longstring,0.9,1.0,1.0,0.0
300,0.2,3,B,longstring,1.0,1.0,1.0,0.0
300,0.2,3,B,mixed,0.1,0.0,0.0,0.0
300,0.2,3,B,mixed,0.2,0.0,0.0,0.0
300,0.2,3,B,mixed,0.3,0.0,0.0,0.0
300,0.2,3,B,mixed,0.4,0.5,0.5,0.0
300,0.2,3,B,mixed,0.5,0.5,0.0,0.5
300,0.2,3,B,mixed,0.6,0.0,0.0,0.0
300,0.2,3,B,mixed,0.7,1.0,0.0,1.0
300,0.2,3,B,mixed,0.8,1.0,0.5,0.5
300,0.2,3,B,mixed,0.9,1.0,1.0,0.0
300,0.2,3,B,mixed,1.0,1.0,0.0,1.0
300,0.2,3,B,pure_straight,0.1,0.0,0.0,0.0
300,0.2,3,B,pure_straight,0.2,0.0,0.0,0.0
300,0.2,3,B,pure_straight,0.3,0.5,0.5,0.0
300,0.2,3,B,pure_straight,0.4,0.5,1.0,-0.5
300,0.2,3,B,pure_straight,0.5,1.0,1.0,0.0
300,0.2,3,B,pure_straight,0.6,1.0,1.0,0.0
300,0.2,3,B,pure_straight,0.7,0.5,1.0,-0.5
300,0.2,3,B,pure_straight,0.8,1.0,1.0,0.0
300,0.2,3,B,pure_straight,0.9,1.0,1.0,0.0
300,0.2,3,B,pure_straight,1.0,1.0,1.0,0.0
300,0.2,3,B,random,0.1,0.0,0.0,0.0
300,0.2,3,B,random,0.2,0.0,0.0,0.0
300,0.2,3,B,random,0.3,0.5,0.0,0.5
300,0.2,3,B,random,0.4,0.0,1.0,-1.0
300,0.2,3,B,random,0.5,0.5,1.0,-0.5
300,0.2,3,B,random,0.6,1.0,1.0,0.0
300,0.2,3,B,random,0.7,0.5,0.0,0.5
300,0.2,3,B,random,0.8,0.5,0.5,0.0
300,0.2,3,B,random,0.9,1.0,1.0,0.0
300,0.2,3,B,random,1.0,1.0,0.0,1.0
300,0.2,4,B,acquiescent,0.1,0.0,0.0,0.0
300,0.2,4,B,acquiescent,0.2,0.0,0.0,0.0
300,0.2,4,B,acquiescent,0.3,0.5,1.0,-0.5
300,0.2,4,B,acquiescent,0.4,0.5,0.0,0.5
300,0.2,4,B,acquiescent,0.5,1.0,0.5,0.5
300,0.2,4,B,acquiescent,0.6,0.0,1.0,-1.0
300,0.2,4,B,acquiescent,0.7,1.0,1.0,0.0
300,0.2,4,B,acquiescent,0.8,1.0,1.0,0.0
300,0.2,4,B,acquiescent,0.9,1.0,1.0,0.0
300,0.2,4,B,acquiescent,1.0,1.0,1.0,0.0
300,0.2,4,B,fatigue,0.1,0.0,0.0,0.0
300,0.2,4,B,fatigue,0.2,0.0,0.0,0.0
300,0.2,4,B,fatigue,0.3,0.0,0.0,0.0
300,0.2,4,B,fatigue,0.4,0.0,0.0,0.0
300,0.2,4,B,fatigue,0.5,0.5,0.5,0.0
300,0.2,4,B,fatigue,0.6,0.0,0.0,0.0
300,0.2,4,B,fatigue,0.7,1.0,1.0,0.0
300,0.2,4,B,fatigue,0.8,1.0,1.0,0.0
300,0.2,4,B,fatigue,0.9,1.0,1.0,0.0
300,0.2,4,B,fatigue,1.0,1.0,1.0,0.0
300,0.2,4,B,longstring,0.1,0.0,0.0,0.0
300,0.2,4,B,longstring,0.2,0.0,1.0,-1.0
300,0.2,4,B,longstring,0.3,0.0,0.0,0.0
300,0.2,4,B,longstring,0.4,1.0,0.5,0.5
300,0.2,4,B,longstring,0.5,0.5,1.0,-0.5
300,0.2,4,B,longstring,0.6,0.5,0.5,0.0
300,0.2,4,B,longstring,0.7,0.5,0.5,0.0
300,0.2,4,B,longstring,0.8,1.0,1.0,0.0
300,0.2,4,B,longstring,0.9,0.0,0.0,0.0
300,0.2,4,B,longstring,1.0,1.0,1.0,0.0
300,0.2,4,B,mixed,0.1,0.0,1.0,-1.0
300,0.2,4,B,mixed,0.2,0.0,0.0,0.0
300,0.2,4,B,mixed,0.3,0.5,0.0,0.5
300,0.2,4,B,mixed,0.4,0.0,0.0,0.0
300,0.2,4,B,mixed,0.5,1.0,0.0,1.0
300,0.2,4,B,mixed,0.6,1.0,0.5,0.5
300,0.2,4,B,mixed,0.7,1.0,1.0,0.0
300,0.2,4,B,mixed,0.8,1.0,0.0,1.0
300,0.2,4,B,mixed,0.9,1.0,1.0,0.0
300,0.2,4,B,mixed,1.0,1.0,1.0,0.0
300,0.2,4,B,pure_straight,0.1,0.0,0.0,0.0
300,0.2,4,B,pure_straight,0.2,0.5,0.5,0.0
300,0.2,4,B,pure_straight,0.3,0.5,1.0,-0.5
300,0.2,4,B,pure_straight,0.4,0.5,0.5,0.0
300,0.2,4,B,pure_straight,0.5,1.0,1.0,0.0
300,0.2,4,B,pure_straight,0.6,1.0,1.0,0.0
300,0.2,4,B,pure_straight,0.7,1.0,1.0,0.0
300,0.2,4,B,pure_straight,0.8,1.0,1.0,0.0
300,0.2,4,B,pure_straight,0.9,1.0,1.0,0.0
300,0.2,4,B,pure_straight,1.0,1.0,1.0,0.0
300,0.2,4,B,random,0.1,0.0,0.0,0.0
300,0.2,4,B,random,0.2,0.0,0.0,0.0
300,0.2,4,B,random,0.3,0.0,0.0,0.0
300,0.2,4,B,random,0.4,0.5,0.0,0.5
300,0.2,4,B,random,0.5,0.0,0.0,0.0
300,0.2,4,B,random,0.6,1.0,0.5,0.5
300,0.2,4,B,random,0.7,1.0,0.0,1.0
300,0.2,4,B,random,0.8,0.0,0.0,0.0
300,0.2,4,B,random,0.9,1.0,0.0,1.0
300,0.2,4,B,random,1.0,1.0,0.0,1.0
300,0.2,5,B,acquiescent,0.1,0.0,0.0,0.0
300,0.2,5,B,acquiescent,0.2,0.0,0.0,0.0
300,0.2,5,B,acquiescent,0.3,0.5,0.5,0.0
300,0.2,5,B,acquiescent,0.4,1.0,1.0,0.0
300,0.2,5,B,acquiescent,0.5,1.0,1.0,0.0
300,0.2,5,B,acquiescent,0.6,0.5,1.0,-0.5
300,0.2,5,B,acquiescent,0.7,0.5,1.0,-0.5
300,0.2,5,B,acquiescent,0.8,1.0,1.0,0.0
300,0.2,5,B,acquiescent,0.9,1.0,1.0,0.0
300,0.2,5,B,acquiescent,1.0,1.0,1.0,0.0
300,0.2,5,B,fatigue,0.1,0.0,0.0,0.0
300,0.2,5,B,fatigue,0.2,0.0,0.0,0.0
300,0.2,5,B,fatigue,0.3,0.0,0.5,-0.5
300,0.2,5,B,fatigue,0.4,0.0,0.0,0.0
300,0.2,5,B,fatigue,0.5,1.0,0.5,0.5
300,0.2,5,B,fatigue,0.6,0.0,0.0,0.0
300,0.2,5,B,fatigue,0.7,0.5,1.0,-0.5
300,0.2,5,B,fatigue,0.8,1.0,0.5,0.5
300,0.2,5,B,fatigue,0.9,1.0,0.5,0.5
300,0.2,5,B,fatigue,1.0,1.0,1.0,0.0
300,0.2,5,B,longstring,0.1,0.0,0.0,0.0
300,0.2,5,B,longstring,0.2,0.0,0.0,0.0
300,0.2,5,B,longstring,0.3,0.0,0.0,0.0
300,0.2,5,B,longstring,0.4,0.5,1.0,-0.5
300,0.2,5,B,longstring,0.5,0.0,0.0,0.0
300,0.2,5,B,longstring,0.6,1.0,1.0,0.0
300,0.2,5,B,longstring,0.7,1.0,0.5,0.5
300,0.2,5,B,longstring,0.8,1.0,0.5,0.5
300,0.2,5,B,longstring,0.9,1.0,1.0,0.0
300,0.2,5,B,longstring,1.0,1.0,1.0,0.0
300,0.2,5,B,mixed,0.1,0.0,0.0,0.0
300,0.2,5,B,mixed,0.2,0.0,0.0,0.0
300,0.2,5,B,mixed,0.3,0.0,0.0,0.0
300,0.2,5,B,mixed,0.4,1.0,1.0,0.0
300,0.2,5,B,mixed,0.5,1.0,0.0,1.0
300,0.2,5,B,mixed,0.6,0.0,0.0,0.0
300,0.2,5,B,mixed,0.7,0.0,0.0,0.0
300,0.2,5,B,mixed,0.8,1.0,1.0,0.0
300,0.2,5,B,mixed,0.9,1.0,1.0,0.0
300,0.2,5,B,mixed,1.0,0.5,0.5,0.0
300,0.2,5,B,pure_straight,0.1,0.0,0.0,0.0
300,0.2,5,B,pure_straight,0.2,0.0,0.0,0.0
300,0.2,5,B,pure_straight,0.3,0.0,0.0,0.0
300,0.2,5,B,pure_straight,0.4,1.0,1.0,0.0
300,0.2,5,B,pure_straight,0.5,1.0,0.5,0.5
300,0.2,5,B,pure_straight,0.6,1.0,1.0,0.0
300,0.2,5,B,pure_straight,0.7,1.0,1.0,0.0
300,0.2,5,B,pure_straight,0.8,1.0,1.0,0.0
300,0.2,5,B,pure_straight,0.9,1.0,1.0,0.0
300,0.2,5,B,pure_straight,1.0,1.0,1.0,0.0
300,0.2,5,B,random,0.1,0.5,0.0,0.5
300,0.2,5,B,random,0.2,0.0,0.5,-0.5
300,0.2,5,B,random,0.3,0.0,0.0,0.0
300,0.2,5,B,random,0.4,0.0,0.0,0.0
300,0.2,5,B,random,0.5,0.5,1.0,-0.5
300,0.2,5,B,random,0.6,0.0,0.0,0.0
300,0.2,5,B,random,0.7,1.0,1.0,0.0
300,0.2,5,B,random,0.8,1.0,0.5,0.5
300,0.2,5,B,random,0.9,0.5,0.5,0.0
300,0.2,5,B,random,1.0,1.0,0.5,0.5
300,0.2,6,B,acquiescent,0.1,0.0,0.0,0.0
300,0.2,6,B,acquiescent,0.2,0.0,0.0,0.0
300,0.2,6,B,acquiescent,0.3,0.0,0.0,0.0
300,0.2,6,B,acquiescent,0.4,1.0,1.0,0.0
300,0.2,6,B,acquiescent,0.5,1.0,1.0,0.0
300,0.2,6,B,acquiescent,0.6,1.0,1.0,0.0
300,0.2,6,B,acquiescent,0.7,1.0,1.0,0.0
300,0.2,6,B,acquiescent,0.8,1.0,1.0,0.0
300,0.2,6,B,acquiescent,0.9,1.0,1.0,0.0
300,0.2,6,B,acquiescent,1.0,1.0,1.0,0.0
300,0.2,6,B,fatigue,0.1,0.0,0.5,-0.5
300,0.2,6,B,fatigue,0.2,0.0,0.0,0.0
300,0.2,6,B,fatigue,0.3,0.0,1.0,-1.0
300,0.2,6,B,fatigue,0.4,0.5,0.5,0.0
300,0.2,6,B,fatigue,0.5,0.0,0.5,-0.5
300,0.2,6,B,fatigue,0.6,0.0,0.0,0.0
300,0.2,6,B,fatigue,0.7,1.0,1.0,0.0
300,0.2,6,B,fatigue,0.8,0.0,0.0,0.0
300,0.2,6,B,fatigue,0.9,1.0,1.0,0.0
300,0.2,6,B,fatigue,1.0,1.0,1.0,0.0
300,0.2,6,B,longstring,0.1,0.0,0.0,0.0
300,0.2,6,B,longstring,0.2,0.5,0.0,0.5
300,0.2,6,B,longstring,0.3,0.0,1.0,-1.0
300,0.2,6,B,longstring,0.4,0.5,1.0,-0.5
300,0.2,6,B,longstring,0.5,0.0,0.0,0.0
300,0.2,6,B,longstring,0.6,1.0,0.0,1.0
300,0.2,6,B,longstring,0.7,0.5,0.5,0.0
300,0.2,6,B,longstring,0.8,1.0,1.0,0.0
300,0.2,6,B,longstring,0.9,1.0,0.5,0.5
300,0.2,6,B,longstring,1.0,1.0,1.0,0.0
300,0.2,6,B,mixed,0.1,0.0,0.0,0.0
300,0.2,6,B,mixed,0.2,0.5,0.0,0.5
300,0.2,6,B,mixed,0.3,0.0,0.0,0.0
300,0.2,6,B,mixed,0.4,0.0,1.0,-1.0
300,0.2,6,B,mixed,0.5,1.0,0.5,0.5
300,0.2,6,B,mixed,0.6,1.0,1.0,0.0
300,0.2,6,B,mixed,0.7,1.0,0.5,0.5
300,0.2,6,B,mixed,0.8,1.0,0.0,1.0
300,0.2,6,B,mixed,0.9,1.0,1.0,0.0
300,0.2,6,B,mixed,1.0,0.0,1.0,-1.0
300,0.2,6,B,pure_straight,0.1,0.0,0.0,0.0
300,0.2,6,B,pure_straight,0.2,0.5,0.0,0.5
300,0.2,6,B,pure_straight,0.3,0.0,1.0,-1.0
300,0.2,6,B,pure_straight,0.4,0.0,0.5,-0.5
300,0.2,6,B,pure_straight,0.5,0.5,0.5,0.0
300,0.2,6,B,pure_straight,0.6,1.0,1.0,0.0
300,0.2,6,B,pure_straight,0.7,1.0,1.0,0.0
300,0.2,6,B,pure_straight,0.8,1.0,1.0,0.0
300,0.2,6,B,pure_straight,0.9,1.0,1.0,0.0
300,0.2,6,B,pure_straight,1.0,1.0,1.0,0.0
300,0.2,6,B,random,0.1,0.0,0.0,0.0
300,0.2,6,B,random,0.2,0.0,0.0,0.0
300,0.2,6,B,random,0.3,0.0,0.5,-0.5
300,0.2,6,B,random,0.4,1.0,0.0,1.0
300,0.2,6,B,random,0.5,1.0,1.0,0.0
300,0.2,6,B,random,0.6,0.5,0.0,0.5
300,0.2,6,B,random,0.7,1.0,1.0,0.0
300,0.2,6,B,random,0.8,1.0,0.0,1.0
300,0.2,6,B,random,0.9,1.0,0.5,0.5
300,0.2,6,B,random,1.0,0.5,0.5,0.0
300,0.2,7,B,acquiescent,0.1,0.0,0.0,0.0
300,0.2,7,B,acquiescent,0.2,0.0,0.5,-0.5
300,0.2,7,B,acquiescent,0.3,0.0,0.0,0.0
300,0.2,7,B,acquiescent,0.4,0.0,0.0,0.0
300,0.2,7,B,acquiescent,0.5,0.5,0.5,0.0
300,0.2,7,B,acquiescent,0.6,1.0,0.5,0.5
300,0.2,7,B,acquiescent,0.7,1.0,1.0,0.0
300,0.2,7,B,acquiescent,0.8,1.0,1.0,0.0
300,0.2,7,B,acquiescent,0.9,1.0,1.0,0.0
300,0.2,7,B,acquiescent,1.0,1.0,1.0,0.0
300,0.2,7,B,fatigue,0.1,0.0,0.0,0.0
300,0.2,7,B,fatigue,0.2,0.0,0.0,0.0
300,0.2,7,B,fatigue,0.3,0.0,1.0,-1.0
300,0.2,7,B,fatigue,0.4,0.0,0.0,0.0
300,0.2,7,B,fatigue,0.5,0.5,0.0,0.5
300,0.2,7,B,fatigue,0.6,1.0,1.0,0.0
300,0.2,7,B,fatigue,0.7,1.0,1.0,0.0
300,0.2,7,B,fatigue,0.8,1.0,1.0,0.0
300,0.2,7,B,fatigue,0.9,1.0,0.5,0.5
300,0.2,7,B,fatigue,1.0,1.0,0.0,1.0
300,0.2,7,B,longstring,0.1,0.0,1.0,-1.0
300,0.2,7,B,longstring,0.2,0.5,0.5,0.0
300,0.2,7,B,longstring,0.3,0.0,0.0,0.0
300,0.2,7,B,longstring,0.4,0.0,0.0,0.0
300,0.2,7,B,longstring,0.5,0.0,0.5,-0.5
300,0.2,7,B,longstring,0.6,0.0,0.5,-0.5
300,0.2,7,B,longstring,0.7,1.0,1.0,0.0
300,0.2,7,B,longstring,0.8,1.0,1.0,0.0
300,0.2,7,B,longstring,0.9,1.0,1.0,0.0
300,0.2,7,B,longstring,1.0,1.0,1.0,0.0
300,0.2,7,B,mixed,0.1,0.0,0.0,0.0
300,0.2,7,B,mixed,0.2,0.0,0.0,0.0
300,0.2,7,B,mixed,0.3,0.0,0.5,-0.5
300,0.2,7,B,mixed,0.4,0.5,0.0,0.5
300,0.2,7,B,mixed,0.5,1.0,1.0,0.0
300,0.2,7,B,mixed,0.6,0.0,0.0,0.0
300,0.2,7,B,mixed,0.7,1.0,1.0,0.0
300,0.2,7,B,mixed,0.8,1.0,1.0,0.0
300,0.2,7,B,mixed,0.9,1.0,1.0,0.0
300,0.2,7,B,mixed,1.0,1.0,1.0,0.0
300,0.2,7,B,pure_straight,0.1,0.0,1.0,-1.0
300,0.2,7,B,pure_straight,0.2,0.0,0.0,0.0
300,0.2,7,B,pure_straight,0.3,0.0,0.0,0.0
300,0.2,7,B,pure_straight,0.4,1.0,1.0,0.0
300,0.2,7,B,pure_straight,0.5,1.0,1.0,0.0
300,0.2,7,B,pure_straight,0.6,1.0,0.5,0.5
300,0.2,7,B,pure_straight,0.7,1.0,1.0,0.0
300,0.2,7,B,pure_straight,0.8,1.0,1.0,0.0
300,0.2,7,B,pure_straight,0.9,1.0,1.0,0.0
300,0.2,7,B,pure_straight,1.0,1.0,1.0,0.0
300,0.2,7,B,random,0.1,0.0,0.0,0.0
300,0.2,7,B,random,0.2,0.0,0.0,0.0
300,0.2,7,B,random,0.3,0.5,0.0,0.5
300,0.2,7,B,random,0.4,0.0,0.0,0.0
300,0.2,7,B,random,0.5,1.0,0.0,1.0
300,0.2,7,B,random,0.6,0.5,0.5,0.0
300,0.2,7,B,random,0.7,0.5,0.5,0.0
300,0.2,7,B,random,0.8,1.0,0.0,1.0
300,0.2,7,B,random,0.9,1.0,1.0,0.0
300,0.2,7,B,random,1.0,1.0,0.0,1.0
300,0.2,8,B,acquiescent,0.1,0.0,0.0,0.0
300,0.2,8,B,acquiescent,0.2,0.0,0.0,0.0
300,0.2,8,B,acquiescent,0.3,0.5,0.5,0.0
300,0.2,8,B,acquiescent,0.4,0.0,0.0,0.0
300,0.2,8,B,acquiescent,0.5,1.0,1.0,0.0
300,0.2,8,B,acquiescent,0.6,1.0,0.5,0.5
300,0.2,8,B,acquiescent,0.7,0.5,1.0,-0.5
300,0.2,8,B,acquiescent,0.8,1.0,1.0,0.0
300,0.2,8,B,acquiescent,0.9,1.0,1.0,0.0
300,0.2,8,B,acquiescent,1.0,1.0,1.0,0.0
300,0.2,8,B,fatigue,0.1,0.0,0.0,0.0
300,0.2,8,B,fatigue,0.2,0.0,0.0,0.0
300,0.2,8,B,fatigue,0.3,0.0,0.0,0.0
300,0.2,8,B,fatigue,0.4,0.0,0.0,0.0
300,0.2,8,B,fatigue,0.5,1.0,1.0,0.0
300,0.2,8,B,fatigue,0.6,0.5,0.0,0.5
300,0.2,8,B,fatigue,0.7,0.5,0.5,0.0
300,0.2,8,B,fatigue,0.8,1.0,1.0,0.0
300,0.2,8,B,fatigue,0.9,1.0,0.0,1.0
300,0.2,8,B,fatigue,1.0,1.0,1.0,0.0
300,0.2,8,B,longstring,0.1,0.0,0.0,0.0
300,0.2,8,B,longstring,0.2,0.0,0.0,0.0
300,0.2,8,B,longstring,0.3,0.5,0.5,0.0
300,0.2,8,B,longstring,0.4,0.0,0.0,0.0
300,0.2,8,B,longstring,0.5,0.0,0.0,0.0
300,0.2,8,B,longstring,0.6,1.0,1.0,0.0
300,0.2,8,B,longstring,0.7,1.0,1.0,0.0
300,0.2,8,B,longstring,0.8,1.0,1.0,0.0
300,0.2,8,B,longstring,0.9,0.0,0.0,0.0
300,0.2,8,B,longstring,1.0,1.0,1.0,0.0
300,0.2,8,B,mixed,0.1,0.0,0.5,-0.5
300,0.2,8,B,mixed,0.2,0.0,0.0,0.0
300,0.2,8,B,mixed,0.3,0.0,1.0,-1.0
300,0.2,8,B,mixed,0.4,0.5,0.5,0.0
300,0.2,8,B,mixed,0.5,0.0,0.0,0.0
300,0.2,8,B,mixed,0.6,1.0,0.0,1.0
300,0.2,8,B,mixed,0.7,1.0,0.5,0.5
300,0.2,8,B,mixed,0.8,1.0,1.0,0.0
300,0.2,8,B,mixed,0.9,1.0,1.0,0.0
300,0.2,8,B,mixed,1.0,1.0,0.0,1.0
300,0.2,8,B,pure_straight,0.1,0.0,0.0,0.0
300,0.2,8,B,pure_straight,0.2,0.0,0.0,0.0
300,0.2,8,B,pure_straight,0.3,1.0,1.0,0.0
300,0.2,8,B,pure_straight,0.4,0.5,0.5,0.0
300,0.2,8,B,pure_straight,0.5,1.0,1.0,0.0
300,0.2,8,B,pure_straight,0.6,1.0,1.0,0.0
300,0.2,8,B,pure_straight,0.7,1.0,1.0,0.0
300,0.2,8,B,pure_straight,0.8,1.0,1.0,0.0
300,0.2,8,B,pure_straight,0.9,1.0,1.0,0.0
300,0.2,8,B,pure_straight,1.0,1.0,1.0,0.0
300,0.2,8,B,random,0.1,0.0,0.0,0.0
300,0.2,8,B,random,0.2,0.0,0.0,0.0
300,0.2,8,B,random,0.3,0.5,0.5,0.0
300,0.2,8,B,random,0.4,0.5,0.5,0.0
300,0.2,8,B,random,0.5,0.0,1.0,-1.0
300,0.2,8,B,random,0.6,0.0,0.0,0.0
300,0.2,8,B,random,0.7,0.5,0.0,0.5
300,0.2,8,B,random,0.8,0.0,1.0,-1.0
300,0.2,8,B,random,0.9,1.0,0.5,0.5
300,0.2,8,B,random,1.0,1.0,1.0,0.0
300,0.2,9,B,acquiescent,0.1,0.0,0.0,0.0
300,0.2,9,B,acquiescent,0.2,0.0,0.5,-0.5
300,0.2,9,B,acquiescent,0.3,0.0,0.5,-0.5
300,0.2,9,B,acquiescent,0.4,0.0,0.0,0.0
300,0.2,9,B,acquiescent,0.5,1.0,0.5,0.5
300,0.2,9,B,acquiescent,0.6,1.0,1.0,0.0
300,0.2,9,B,acquiescent,0.7,1.0,0.0,1.0
300,0.2,9,B,acquiescent,0.8,1.0,1.0,0.0
300,0.2,9,B,acquiescent,0.9,1.0,1.0,0.0
300,0.2,9,B,acquiescent,1.0,1.0,1.0,0.0
300,0.2,9,B,fatigue,0.1,0.0,0.0,0.0
300,0.2,9,B,fatigue,0.2,0.0,0.5,-0.5
300,0.2,9,B,fatigue,0.3,0.0,0.5,-0.5
300,0.2,9,B,fatigue,0.4,0.0,0.0,0.0
300,0.2,9,B,fatigue,0.5,0.5,1.0,-0.5
300,0.2,9,B,fatigue,0.6,0.5,0.5,0.0
300,0.2,9,B,fatigue,0.7,1.0,1.0,0.0
300,0.2,9,B,fatigue,0.8,1.0,1.0,0.0
300,0.2,9,B,fatigue,0.9,1.0,1.0,0.0
300,0.2,9,B,fatigue,1.0,1.0,1.0,0.0
300,0.2,9,B,longstring,0.1,0.0,0.0,0.0
300,0.2,9,B,longstring,0.2,0.0,0.0,0.0
300,0.2,9,B,longstring,0.3,0.0,1.0,-1.0
300,0.2,9,B,longstring,0.4,0.5,0.5,0.0
300,0.2,9,B,longstring,0.5,1.0,1.0,0.0
300,0.2,9,B,longstring,0.6,1.0,1.0,0.0
300,0.2,9,B,longstring,0.7,0.5,0.5,0.0
300,0.2,9,B,longstring,0.8,1.0,0.5,0.5
300,0.2,9,B,longstring,0.9,1.0,0.5,0.5
300,0.2,9,B,longstring,1.0,1.0,1.0,0.0
300,0.2,9,B,mixed,0.1,0.0,0.0,0.0
300,0.2,9,B,mixed,0.2,0.0,0.0,0.0
300,0.2,9,B,mixed,0.3,0.0,0.0,0.0
300,0.2,9,B,mixed,0.4,0.0,0.0,0.0
300,0.2,9,B,mixed,0.5,1.0,1.0,0.0
300,0.2,9,B,mixed,0.6,0.0,1.0,-1.0
300,0.2,9,B,mixed,0.7,0.0,0.0,0.0
300,0.2,9,B,mixed,0.8,1.0,0.0,1.0
300,0.2,9,B,mixed,0.9,1.0,1.0,0.0
300,0.2,9,B,mixed,1.0,1.0,0.0,1.0
300,0.2,9,B,pure_straight,0.1,0.0,0.0,0.0
300,0.2,9,B,pure_straight,0.2,0.0,1.0,-1.0
300,0.2,9,B,pure_straight,0.3,0.0,0.5,-0.5
300,0.2,9,B,pure_straight,0.4,0.5,1.0,-0.5
300,0.2,9,B,pure_straight,0.5,0.5,1.0,-0.5
300,0.2,9,B,pure_straight,0.6,1.0,1.0,0.0
300,0.2,9,B,pure_straight,0.7,1.0,1.0,0.0
300,0.2,9,B,pure_straight,0.8,1.0,1.0,0.0
300,0.2,9,B,pure_straight,0.9,1.0,1.0,0.0
300,0.2,9,B,pure_straight,1.0,1.0,1.0,0.0
300,0.2,9,B,random,0.1,0.0,0.0,0.0
300,0.2,9,B,random,0.2,0.0,0.0,0.0
300,0.2,9,B,random,0.3,0.0,0.0,0.0
300,0.2,9,B,random,0.4,0.0,0.0,0.0
300,0.2,9,B,random,0.5,1.0,0.5,0.5
300,0.2,9,B,random,0.6,1.0,0.5,0.5
300,0.2,9,B,random,0.7,1.0,0.0,1.0
300,0.2,9,B,random,0.8,1.0,0.5,0.5
300,0.2,9,B,random,0.9,1.0,0.5,0.5
300,0.2,9,B,random,1.0,1.0,1.0,0.0
300,0.2,10,B,acquiescent,0.1,0.0,0.0,0.0
300,0.2,10,B,acquiescent,0.2,0.0,0.0,0.0
300,0.2,10,B,acquiescent,0.3,0.0,0.0,0.0
300,0.2,10,B,acquiescent,0.4,0.0,0.5,-0.5
300,0.2,10,B,acquiescent,0.5,1.0,1.0,0.0
300,0.2,10,B,acquiescent,0.6,1.0,1.0,0.0
300,0.2,10,B,acquiescent,0.7,0.5,0.5,0.0
300,0.2,10,B,acquiescent,0.8,1.0,1.0,0.0
300,0.2,10,B,acquiescent,0.9,1.0,1.0,0.0
300,0.2,10,B,acquiescent,1.0,1.0,1.0,0.0
300,0.2,10,B,fatigue,0.1,0.0,0.0,0.0
300,0.2,10,B,fatigue,0.2,0.0,0.0,0.0
300,0.2,10,B,fatigue,0.3,0.0,0.0,0.0
300,0.2,10,B,fatigue,0.4,1.0,0.0,1.0
300,0.2,10,B,fatigue,0.5,1.0,1.0,0.0
300,0.2,10,B,fatigue,0.6,0.0,1.0,-1.0
300,0.2,10,B,fatigue,0.7,1.0,1.0,0.0
300,0.2,10,B,fatigue,0.8,1.0,0.5,0.5
300,0.2,10,B,fatigue,0.9,1.0,1.0,0.0
300,0.2,10,B,fatigue,1.0,1.0,0.0,1.0
300,0.2,10,B,longstring,0.1,0.0,1.0,-1.0
300,0.2,10,B,longstring,0.2,0.0,0.0,0.0
300,0.2,10,B,longstring,0.3,0.0,0.0,0.0
300,0.2,10,B,longstring,0.4,0.0,0.0,0.0
300,0.2,10,B,longstring,0.5,0.5,0.5,0.0
300,0.2,10,B,longstring,0.6,0.5,0.5,0.0
300,0.2,10,B,longstring,0.7,0.5,0.5,0.0
300,0.2,10,B,longstring,0.8,1.0,1.0,0.0
300,0.2,10,B,longstring,0.9,1.0,1.0,0.0
300,0.2,10,B,longstring,1.0,1.0,1.0,0.0
300,0.2,10,B,mixed,0.1,0.0,0.0,0.0
300,0.2,10,B,mixed,0.2,0.0,0.5,-0.5
300,0.2,10,B,mixed,0.3,0.0,0.0,0.0
300,0.2,10,B,mixed,0.4,0.0,0.0,0.0
300,0.2,10,B,mixed,0.5,0.0,0.0,0.0
300,0.2,10,B,mixed,0.6,1.0,0.5,0.5
300,0.2,10,B,mixed,0.7,1.0,0.0,1.0
300,0.2,10,B,mixed,0.8,1.0,1.0,0.0
300,0.2,10,B,mixed,0.9,1.0,0.5,0.5
300,0.2,10,B,mixed,1.0,1.0,0.5,0.5
300,0.2,10,B,pure_straight,0.1,0.0,0.5,-0.5
300,0.2,10,B,pure_straight,0.2,0.0,1.0,-1.0
300,0.2,10,B,pure_straight,0.3,0.5,0.5,0.0
300,0.2,10,B,pure_straight,0.4,0.5,0.5,0.0
300,0.2,10,B,pure_straight,0.5,1.0,1.0,0.0
300,0.2,10,B,pure_straight,0.6,1.0,1.0,0.0
300,0.2,10,B,pure_straight,0.7,1.0,1.0,0.0
300,0.2,10,B,pure_straight,0.8,1.0,1.0,0.0
300,0.2,10,B,pure_straight,0.9,1.0,1.0,0.0
300,0.2,10,B,pure_straight,1.0,1.0,1.0,0.0
300,0.2,10,B,random,0.1,0.0,0.0,0.0
300,0.2,10,B,random,0.2,0.0,0.0,0.0
300,0.2,10,B,random,0.3,0.0,0.0,0.0
300,0.2,10,B,random,0.4,0.0,0.5,-0.5
300,0.2,10,B,random,0.5,0.0,1.0,-1.0
300,0.2,10,B,random,0.6,1.0,0.5,0.5
300,0.2,10,B,random,0.7,1.0,0.5,0.5
300,0.2,10,B,random,0.8,1.0,0.5,0.5
300,0.2,10,B,random,0.9,1.0,1.0,0.0
300,0.2,10,B,random,1.0,1.0,1.0,0.0
300,0.2,11,B,acquiescent,0.1,0.0,0.5,-0.5
300,0.2,11,B,acquiescent,0.2,0.0,0.0,0.0
300,0.2,11,B,acquiescent,0.3,0.0,0.0,0.0
300,0.2,11,B,acquiescent,0.4,0.0,1.0,-1.0
300,0.2,11,B,acquiescent,0.5,1.0,1.0,0.0
300,0.2,11,B,acquiescent,0.6,1.0,1.0,0.0
300,0.2,11,B,acquiescent,0.7,1.0,0.5,0.5
300,0.2,11,B,acquiescent,0.8,1.0,1.0,0.0
300,0.2,11,B,acquiescent,0.9,1.0,1.0,0.0
300,0.2,11,B,acquiescent,1.0,1.0,1.0,0.0
300,0.2,11,B,fatigue,0.1,0.0,1.0,-1.0
300,0.2,11,B,fatigue,0.2,0.0,0.0,0.0
300,0.2,11,B,fatigue,0.3,0.0,0.0,0.0
300,0.2,11,B,fatigue,0.4,0.5,0.5,0.0
300,0.2,11,B,fatigue,0.5,0.5,0.5,0.0
300,0.2,11,B,fatigue,0.6,1.0,1.0,0.0
300,0.2,11,B,fatigue,0.7,1.0,0.0,1.0
300,0.2,11,B,fatigue,0.8,1.0,0.0,1.0
300,0.2,11,B,fatigue,0.9,1.0,1.0,0.0
300,0.2,11,B,fatigue,1.0,1.0,1.0,0.0
300,0.2,11,B,longstring,0.1,0.0,0.0,0.0
300,0.2,11,B,longstring,0.2,0.0,0.0,0.0
300,0.2,11,B,longstring,0.3,0.0,0.5,-0.5
300,0.2,11,B,longstring,0.4,0.0,0.0,0.0
300,0.2,11,B,longstring,0.5,0.0,0.5,-0.5
300,0.2,11,B,longstring,0.6,1.0,0.5,0.5
300,0.2,11,B,longstring,0.7,1.0,1.0,0.0
300,0.2,11,B,longstring,0.8,1.0,1.0,0.0
300,0.2,11,B,longstring,0.9,1.0,1.0,0.0
300,0.2,11,B,longstring,1.0,1.0,1.0,0.0
300,0.2,11,B,mixed,0.1,0.0,0.0,0.0
300,0.2,11,B,mixed,0.2,0.0,0.0,0.0
300,0.2,11,B,mixed,0.3,0.0,0.0,0.0
300,0.2,11,B,mixed,0.4,0.5,0.0,0.5
300,0.2,11,B,mixed,0.5,0.5,0.5,0.0
300,0.2,11,B,mixed,0.6,1.0,0.5,0.5
300,0.2,11,B,mixed,0.7,0.0,0.0,0.0
300,0.2,11,B,mixed,0.8,1.0,1.0,0.0
300,0.2,11,B,mixed,0.9,1.0,0.0,1.0
300,0.2,11,B,mixed,1.0,1.0,0.0,1.0
300,0.2,11,B,pure_straight,0.1,0.0,0.5,-0.5
300,0.2,11,B,pure_straight,0.2,0.0,0.0,0.0
300,0.2,11,B,pure_straight,0.3,0.5,1.0,-0.5
300,0.2,11,B,pure_straight,0.4,1.0,1.0,0.0
300,0.2,11,B,pure_straight,0.5,1.0,0.0,1.0
300,0.2,11,B,pure_straight,0.6,1.0,1.0,0.0
300,0.2,11,B,pure_straight,0.7,1.0,1.0,0.0
300,0.2,11,B,pure_straight,0.8,1.0,1.0,0.0
300,0.2,11,B,pure_straight,0.9,1.0,1.0,0.0
300,0.2,11,B,pure_straight,1.0,1.0,1.0,0.0
300,0.2,11,B,random,0.1,0.0,0.0,0.0
300,0.2,11,B,random,0.2,0.0,0.0,0.0
300,0.2,11,B,random,0.3,0.5,0.0,0.5
300,0.2,11,B,random,0.4,0.5,0.0,0.5
300,0.2,11,B,random,0.5,0.5,0.5,0.0
300,0.2,11,B,random,0.6,0.5,0.0,0.5
300,0.2,11,B,random,0.7,0.5,0.0,0.5
300,0.2,11,B,random,0.8,1.0,0.5,0.5
300,0.2,11,B,random,0.9,1.0,0.5,0.5
300,0.2,11,B,random,1.0,1.0,0.0,1.0
300,0.2,12,B,acquiescent,0.1,0.0,0.0,0.0
300,0.2,12,B,acquiescent,0.2,0.0,0.0,0.0
300,0.2,12,B,acquiescent,0.3,0.0,0.0,0.0
300,0.2,12,B,acquiescent,0.4,1.0,0.5,0.5
300,0.2,12,B,acquiescent,0.5,1.0,1.0,0.0
300,0.2,12,B,acquiescent,0.6,1.0,1.0,0.0
300,0.2,12,B,acquiescent,0.7,1.0,1.0,0.0
300,0.2,12,B,acquiescent,0.8,1.0,1.0,0.0
300,0.2,12,B,acquiescent,0.9,1.0,1.0,0.0
300,0.2,12,B,acquiescent,1.0,1.0,1.0,0.0
300,0.2,12,B,fatigue,0.1,0.0,0.0,0.0
300,0.2,12,B,fatigue,0.2,0.0,0.5,-0.5
300,0.2,12,B,fatigue,0.3,0.0,0.0,0.0
300,0.2,12,B,fatigue,0.4,0.0,1.0,-1.0
300,0.2,12,B,fatigue,0.5,1.0,1.0,0.0
300,0.2,12,B,fatigue,0.6,0.5,0.5,0.0
300,0.2,12,B,fatigue,0.7,0.5,1.0,-0.5
300,0.2,12,B,fatigue,0.8,0.0,0.0,0.0
300,0.2,12,B,fatigue,0.9,0.5,0.5,0.0
300,0.2,12,B,fatigue,1.0,1.0,1.0,0.0
300,0.2,12,B,longstring,0.1,0.0,1.0,-1.0
300,0.2,12,B,longstring,0.2,0.0,0.0,0.0
300,0.2,12,B,longstring,0.3,0.0,0.0,0.0
300,0.2,12,B,longstring,0.4,1.0,1.0,0.0
300,0.2,12,B,longstring,0.5,0.5,0.5,0.0
300,0.2,12,B,longstring,0.6,1.0,1.0,0.0
300,0.2,12,B,longstring,0.7,1.0,0.5,0.5
300,0.2,12,B,longstring,0.8,1.0,1.0,0.0
300,0.2,12,B,longstring,0.9,1.0,1.0,0.0
300,0.2,12,B,longstring,1.0,1.0,1.0,0.0
300,0.2,12,B,mixed,0.1,0.0,0.0,0.0
300,0.2,12,B,mixed,0.2,0.0,0.0,0.0
300,0.2,12,B,mixed,0.3,0.0,0.0,0.0
300,0.2,12,B,mixed,0.4,0.5,0.5,0.0
300,0.2,12,B,mixed,0.5,0.5,0.5,0.0
300,0.2,12,B,mixed,0.6,1.0,0.0,1.0
300,0.2,12,B,mixed,0.7,1.0,1.0,0.0
300,0.2,12,B,mixed,0.8,1.0,1.0,0.0
300,0.2,12,B,mixed,0.9,1.0,1.0,0.0
300,0.2,12,B,mixed,1.0,1.0,1.0,0.0
300,0.2,12,B,pure_straight,0.1,1.0,0.0,1.0
300,0.2,12,B,pure_straight,0.2,0.0,0.5,-0.5
300,0.2,12,B,pure_straight,0.3,1.0,1.0,0.0
300,0.2,12,B,pure_straight,0.4,1.0,0.5,0.5
300,0.2,12,B,pure_straight,0.5,0.0,0.0,0.0
300,0.2,12,B,pure_straight,0.6,0.5,0.5,0.0
300,0.2,12,B,pure_straight,0.7,1.0,1.0,0.0
300,0.2,12,B,pure_straight,0.8,1.0,1.0,0.0
300,0.2,12,B,pure_straight,0.9,1.0,1.0,0.0
300,0.2,12,B,pure_straight,1.0,1.0,1.0,0.0
300,0.2,12,B,random,0.1,0.0,0.0,0.0
300,0.2,12,B,random,0.2,0.0,0.0,0.0
300,0.2,12,B,random,0.3,0.5,0.5,0.0
300,0.2,12,B,random,0.4,1.0,0.0,1.0
300,0.2,12,B,random,0.5,0.0,0.5,-0.5
300,0.2,12,B,random,0.6,1.0,0.0,1.0
300,0.2,12,B,random,0.7,0.0,0.0,0.0
300,0.2,12,B,random,0.8,0.5,0.0,0.5
300,0.2,12,B,random,0.9,1.0,0.0,1.0
300,0.2,12,B,random,1.0,0.5,0.5,0.0
300,0.4,1,B,acquiescent,0.1,0.0,0.0,0.0
300,0.4,1,B,acquiescent,0.2,0.25,0.25,0.0
300,0.4,1,B,acquiescent,0.3,0.25,0.0,0.25
300,0.4,1,B,acquiescent,0.4,0.75,0.5,0.25
300,0.4,1,B,acquiescent,0.5,0.6666666666666666,0.6666666666666666,0.0
300,0.4,1,B,acquiescent,0.6,1.0,1.0,0.0
300,0.4,1,B,acquiescent,0.7,1.0,0.6666666666666666,0.33333333333333337
300,0.4,1,B,acquiescent,0.8,1.0,1.0,0.0
300,0.4,1,B,acquiescent,0.9,1.0,1.0,0.0
300,0.4,1,B,acquiescent,1.0,1.0,1.0,0.0
300,0.4,1,B,fatigue,0.1,0.0,0.0,0.0
300,0.4,1,B,fatigue,0.2,0.0,0.0,0.0
300,0.4,1,B,fatigue,0.3,0.25,0.5,-0.25
300,0.4,1,B,fatigue,0.4,0.0,0.0,0.0
300,0.4,1,B,fatigue,0.5,0.3333333333333333,0.3333333333333333,0.0
300,0.4,1,B,fatigue,0.6,0.75,0.5,0.25
300,0.4,1,B,fatigue,0.7,1.0,0.6666666666666666,0.33333333333333337
300,0.4,1,B,fatigue,0.8,1.0,1.0,0.0
300,0.4,1,B,fatigue,0.9,0.6666666666666666,0.6666666666666666,0.0
300,0.4,1,B,fatigue,1.0,1.0,1.0,0.0
300,0.4,1,B,longstring,0.1,0.0,0.0,0.0
300,0.4,1,B,longstring,0.2,0.0,0.3333333333333333,-0.3333333333333333
300,0.4,1,B,longstring,0.3,0.5,0.25,0.25
300,0.4,1,B,longstring,0.4,0.6666666666666666,0.3333333333333333,0.3333333333333333
300,0.4,1,B,longstring,0.5,0.6666666666666666,0.6666666666666666,0.0
300,0.4,1,B,longstring,0.6,0.75,0.75,0.0
300,0.4,1,B,longstring,0.7,1.0,0.6666666666666666,0.33333333333333337
300,0.4,1,B,longstring,0.8,1.0,0.3333333333333333,0.6666666666666667
300,0.4,1,B,longstring,0.9,1.0,1.0,0.0
300,0.4,1,B,longstring,1.0,1.0,1.0,0.0
300,0.4,1,B,mixed,0.1,0.0,0.0,0.0
300,0.4,1,B,mixed,0.2,0.0,0.0,0.0
300,0.4,1,B,mixed,0.3,0.0,0.0,0.0
300,0.4,1,B,mixed,0.4,0.3333333333333333,0.0,0.3333333333333333
300,0.4,1,B,mixed,0.5,0.0,0.6666666666666666,-0.6666666666666666
300,0.4,1,B,mixed,0.6,0.6666666666666666,0.3333333333333333,0.3333333333333333
300,0.4,1,B,mixed,0.7,0.3333333333333333,0.6666666666666666,-0.3333333333333333
300,0.4,1,B,mixed,0.8,1.0,0.6666666666666666,0.33333333333333337
300,0.4,1,B,mixed,0.9,0.6666666666666666,0.3333333333333333,0.3333333333333333
300,0.4,1,B,mixed,1.0,1.0,0.75,0.25
300,0.4,1,B,pure_straight,0.1,0.0,0.3333333333333333,-0.3333333333333333
300,0.4,1,B,pure_straight,0.2,0.0,0.0,0.0
300,0.4,1,B,pure_straight,0.3,0.3333333333333333,0.6666666666666666,-0.3333333333333333
300,0.4,1,B,pure_straight,0.4,0.5,0.5,0.0
300,0.4,1,B,pure_straight,0.5,1.0,1.0,0.0
300,0.4,1,B,pure_straight,0.6,1.0,1.0,0.0
300,0.4,1,B,pure_straight,0.7,1.0,0.6666666666666666,0.33333333333333337
300,0.4,1,B,pure_straight,0.8,1.0,1.0,0.0
300,0.4,1,B,pure_straight,0.9,1.0,1.0,0.0
300,0.4,1,B,pure_straight,1.0,1.0,1.0,0.0
300,0.4,1,B,random,0.1,0.0,0.0,0.0
300,0.4,1,B,random,0.2,0.0,0.25,-0.25
300,0.4,1,B,random,0.3,0.0,0.0,0.0
300,0.4,1,B,random,0.4,0.3333333333333333,0.0,0.3333333333333333
300,0.4,1,B,random,0.5,0.75,0.5,0.25
300,0.4,1,B,random,0.6,0.0,0.3333333333333333,-0.3333333333333333
300,0.4,1,B,random,0.7,1.0,0.6666666666666666,0.33333333333333337
300,0.4,1,B,random,0.8,1.0,0.5,0.5
300,0.4,1,B,random,0.9,1.0,0.6666666666666666,0.33333333333333337
300,0.4,1,B,random,1.0,1.0,1.0,0.0
300,0.4,2,B,acquiescent,0.1,0.0,0.0,0.0
300,0.4,2,B,acquiescent,0.2,0.0,0.25,-0.25
300,0.4,2,B,acquiescent,0.3,0.6666666666666666,0.3333333333333333,0.3333333333333333
300,0.4,2,B,acquiescent,0.4,0.6666666666666666,0.6666666666666666,0.0
300,0.4,2,B,acquiescent,0.5,0.6666666666666666,0.3333333333333333,0.3333333333333333
300,0.4,2,B,acquiescent,0.6,1.0,1.0,0.0
300,0.4,2,B,acquiescent,0.7,1.0,1.0,0.0
300,0.4,2,B,acquiescent,0.8,1.0,1.0,0.0
300,0.4,2,B,acquiescent,0.9,1.0,1.0,0.0
300,0.4,2,B,acquiescent,1.0,1.0,1.0,0.0
300,0.4,2,B,fatigue,0.1,0.0,0.0,0.0
300,0.4,2,B,fatigue,0.2,0.0,0.6666666666666666,-0.6666666666666666
300,0.4,2,B,fatigue,0.3,0.3333333333333333,0.3333333333333333,0.0
300,0.4,2,B,fatigue,0.4,0.5,0.5,0.0
300,0.4,2,B,fatigue,0.5,0.25,0.25,0.0
300,0.4,2,B,fatigue,0.6,0.75,0.5,0.25
300,0.4,2,B,fatigue,0.7,0.6666666666666666,1.0,-0.33333333333333337
300,0.4,2,B,fatigue,0.8,1.0,1.0,0.0
300,0.4,2,B,fatigue,0.9,1.0,1.0,0.0
300,0.4,2,B,fatigue,1.0,1.0,1.0,0.0
300,0.4,2,B,longstring,0.1,0.0,0.25,-0.25
300,0.4,2,B,longstring,0.2,0.25,0.25,0.0
300,0.4,2,B,longstring,0.3,0.0,0.0,0.0
300,0.4,2,B,longstring,0.4,0.0,0.6666666666666666,-0.6666666666666666
300,0.4,2,B,longstring,0.5,0.6666666666666666,0.6666666666666666,0.0
300,0.4,2,B,longstring,0.6,0.6666666666666666,0.6666666666666666,0.0
300,0.4,2,B,longstring,0.7,1.0,0.6666666666666666,0.33333333333333337
300,0.4,2,B,longstring,0.8,1.0,1.0,0.0
300,0.4,2,B,longstring,0.9,0.5,0.75,-0.25
300,0.4,2,B,longstring,1.0,1.0,1.0,0.0
300,0.4,2,B,mixed,0.1,0.0,0.0,0.0
300,0.4,2,B,mixed,0.2,0.3333333333333333,0.0,0.3333333333333333
300,0.4,2,B,mixed,0.3,0.3333333333333333,0.3333333333333333,0.0
300,0.4,2,B,mixed,0.4,0.25,0.0,0.25
300,0.4,2,B,mixed,0.5,0.75,0.5,0.25
300,0.4,2,B,mixed,0.6,1.0,0.6666666666666666,0.33333333333333337
300,0.4,2,B,mixed,0.7,0.75,0.25,0.5
300,0.4,2,B,mixed,0.8,0.6666666666666666,0.3333333333333333,0.3333333333333333
300,0.4,2,B,mixed,0.9,0.6666666666666666,0.6666666666666666,0.0
300,0.4,2,B,mixed,1.0,1.0,0.6666666666666666,0.33333333333333337
300,0.4,2,B,pure_straight,0.1,0.0,0.0,0.0
300,0.4,2,B,pure_straight,0.2,0.0,0.3333333333333333,-0.3333333333333333
300,0.4,2,B,pure_straight,0.3,0.0,1.0,-1.0
300,0.4,2,B,pure_straight,0.4,0.3333333333333333,0.6666666666666666,-0.3333333333333333
300,0.4,2,B,pure_straight,0.5,1.0,0.6666666666666666,0.33333333333333337
300,0.4,2,B,pure_straight,0.6,1.0,1.0,0.0
300,0.4,2,B,pure_straight,0.7,1.0,1.0,0.0
300,0.4,2,B,pure_straight,0.8,1.0,1.0,0.0
300,0.4,2,B,pure_straight,0.9,1.0,1.0,0.0
300,0.4,2,B,pure_straight,1.0,1.0,1.0,0.0
300,0.4,2,B,random,0.1,0.3333333333333333,0.0,0.3333333333333333
300,0.4,2,B,random,0.2,0.0,0.0,0.0
300,0.4,2,B,random,0.3,0.25,0.0,0.25
300,0.4,2,B,random,0.4,0.25,0.0,0.25
300,0.4,2,B,random,0.5,0.75,0.5,0.25
300,0.4,2,B,random,0.6,1.0,0.6666666666666666,0.33333333333333337
300,0.4,2,B,random,0.7,1.0,0.3333333333333333,0.6666666666666667
300,0.4,2,B,random,0.8,0.3333333333333333,0.0,0.3333333333333333
300,0.4,2,B,random,0.9,1.0,0.6666666666666666,0.33333333333333337
300,0.4,2,B,random,1.0,1.0,0.75,0.25
300,0.4,3,B,acquiescent,0.1,0.0,0.0,0.0
300,0.4,3,B,acquiescent,0.2,0.3333333333333333,0.3333333333333333,0.0
300,0.4,3,B,acquiescent,0.3,0.3333333333333333,0.3333333333333333,0.0
300,0.4,3,B,acquiescent,0.4,0.3333333333333333,0.3333333333333333,0.0
300,0.4,3,B,acquiescent,0.5,0.75,0.5,0.25
300,0.4,3,B,acquiescent,0.6,1.0,1.0,0.0
300,0.4,3,B,acquiescent,0.7,1.0,1.0,0.0
300,0.4,3,B,acquiescent,0.8,1.0,1.0,0.0
300,0.4,3,B,acquiescent,0.9,1.0,1.0,0.0
300,0.4,3,B,acquiescent,1.0,1.0,1.0,0.0
300,0.4,3,B,fatigue,0.1,0.0,0.0,0.0
300,0.4,3,B,fatigue,0.2,0.0,0.25,-0.25
300,0.4,3,B,fatigue,0.3,0.0,0.0,0.0
300,0.4,3,B,fatigue,0.4,0.3333333333333333,0.6666666666666666,-0.3333333333333333
300,0.4,3,B,fatigue,0.5,0.3333333333333333,0.3333333333333333,0.0
300,0.4,3,B,fatigue,0.6,0.3333333333333333,0.3333333333333333,0.0
300,0.4,3,B,fatigue,0.7,1.0,1.0,0.0
300,0.4,3,B,fatigue,0.8,0.75,0.75,0.0
300,0.4,3,B,fatigue,0.9,1.0,1.0,0.0
300,0.4,3,B,fatigue,1.0,1.0,1.0,0.0
300,0.4,3,B,longstring,0.1,0.0,0.25,-0.25
300,0.4,3,B,longstring,0.2,0.0,0.0,0.0
300,0.4,3,B,longstring,0.3,0.5,0.5,0.0
300,0.4,3,B,longstring,0.4,0.0,0.5,-0.5
300,0.4,3,B,longstring,0.5,0.25,0.25,0.0
300,0.4,3,B,longstring,0.6,0.3333333333333333,0.6666666666666666,-0.3333333333333333
300,0.4,3,B,longstring,0.7,1.0,0.6666666666666666,0.33333333333333337
300,0.4,3,B,longstring,0.8,1.0,1.0,0.0
300,0.4,3,B,longstring,0.9,1.0,1.0,0.0
300,0.4,3,B,longstring,1.0,1.0,1.0,0.0
300,0.4,3,B,mixed,0.1,0.3333333333333333,0.0,0.3333333333333333
300,0.4,3,B,mixed,0.2,0.0,0.0,0.0
300,0.4,3,B,mixed,0.3,0.0,0.0,0.0
300,0.4,3,B,mixed,0.4,0.6666666666666666,0.3333333333333333,0.3333333333333333
300,0.4,3,B,mixed,0.5,1.0,0.75,0.25
300,0.4,3,B,mixed,0.6,0.6666666666666666,0.6666666666666666,0.0
300,0.4,3,B,mixed,0.7,1.0,1.0,0.0
300,0.4,3,B,mixed,0.8,0.6666666666666666,1.0,-0.33333333333333337
300,0.4,3,B,mixed,0.9,1.0,1.0,0.0
300,0.4,3,B,mixed,1.0,1.0,0.75,0.25
300,0.4,3,B,pure_straight,0.1,0.3333333333333333,0.3333333333333333,0.0
300,0.4,3,B,pure_straight,0.2,0.0,0.0,0.0
300,0.4,3,B,pure_straight,0.3,0.3333333333333333,0.6666666666666666,-0.3333333333333333
300,0.4,3,B,pure_straight,0.4,0.6666666666666666,1.0,-0.33333333333333337
300,0.4,3,B,pure_straight,0.5,0.75,1.0,-0.25
300,0.4,3,B,pure_straight,0.6,1.0,1.0,0.0
300,0.4,3,B,pure_straight,0.7,1.0,1.0,0.0
300,0.4,3,B,pure_straight,0.8,1.0,1.0,0.0
300,0.4,3,B,pure_straight,0.9,1.0,1.0,0.0
300,0.4,3,B,pure_straight,1.0,1.0,1.0,0.0
300,0.4,3,B,random,0.1,0.0,0.0,0.0
300,0.4,3,B,random,0.2,0.0,0.0,0.0
300,0.4,3,B,random,0.3,0.0,0.6666666666666666,-0.6666666666666666
300,0.4,3,B,random,0.4,0.25,0.0,0.25
300,0.4,3,B,random,0.5,0.3333333333333333,0.0,0.3333333333333333
300,0.4,3,B,random,0.6,0.3333333333333333,0.3333333333333333,0.0
300,0.4,3,B,random,0.7,1.0,0.0,1.0
300,0.4,3,B,random,0.8,1.0,0.3333333333333333,0.6666666666666667
300,0.4,3,B,random,0.9,0.75,0.0,0.75
300,0.4,3,B,random,1.0,0.6666666666666666,0.3333333333333333,0.3333333333333333
300,0.4,4,B,acquiescent,0.1,0.0,0.3333333333333333,-0.3333333333333333
300,0.4,4,B,acquiescent,0.2,0.0,0.25,-0.25
300,0.4,4,B,acquiescent,0.3,0.3333333333333333,0.0,0.3333333333333333
300,0.4,4,B,acquiescent,0.4,0.3333333333333333,0.3333333333333333,0.0
300,0.4,4,B,acquiescent,0.5,1.0,0.0,1.0
300,0.4,4,B,acquiescent,0.6,1.0,0.75,0.25
300,0.4,4,B,acquiescent,0.7,1.0,0.6666666666666666,0.33333333333333337
300,0.4,4,B,acquiescent,0.8,1.0,1.0,0.0
300,0.4,4,B,acquiescent,0.9,1.0,1.0,0.0
300,0.4,4,B,acquiescent,1.0,1.0,1.0,0.0
300,0.4,4,B,fatigue,0.1,0.0,0.0,0.0
300,0.4,4,B,fatigue,0.2,0.0,0.0,0.0
300,0.4,4,B,fatigue,0.3,0.0,0.0,0.0
300,0.4,4,B,fatigue,0.4,0.3333333333333333,0.6666666666666666,-0.3333333333333333
300,0.4,4,B,fatigue,0.5,0.5,0.5,0.0
300,0.4,4,B,fatigue,0.6,0.5,0.75,-0.25
300,0.4,4,B,fatigue,0.7,0.6666666666666666,0.6666666666666666,0.0
300,0.4,4,B,fatigue,0.8,1.0,1.0,0.0
300,0.4,4,B,fatigue,0.9,1.0,1.0,0.0
300,0.4,4,B,fatigue,1.0,1.0,1.0,0.0
300,0.4,4,B,longstring,0.1,0.0,0.3333333333333333,-0.3333333333333333
300,0.4,4,B,longstring,0.2,0.0,0.25,-0.25
300,0.4,4,B,longstring,0.3,0.3333333333333333,0.3333333333333333,0.0
300,0.4,4,B,longstring,0.4,0.5,0.75,-0.25
300,0.4,4,B,longstring,0.5,0.6666666666666666,0.6666666666666666,0.0
300,0.4,4,B,longstring,0.6,1.0,1.0,0.0
300,0.4,4,B,longstring,0.7,0.6666666666666666,0.6666666666666666,0.0
300,0.4,4,B,longstring,0.8,1.0,0.75,0.25
300,0.4,4,B,longstring,0.9,1.0,0.75,0.25
300,0.4,4,B,longstring,1.0,1.0,0.6666666666666666,0.33333333333333337
300,0.4,4,B,mixed,0.1,0.0,0.0,0.0
300,0.4,4,B,mixed,0.2,0.0,0.0,0.0
300,0.4,4,B,mixed,0.3,0.0,0.6666666666666666,-0.6666666666666666
300,0.4,4,B,mixed,0.4,0.6666666666666666,0.3333333333333333,0.3333333333333333
300,0.4,4,B,mixed,0.5,0.0,0.3333333333333333,-0.3333333333333333
300,0.4,4,B,mixed,0.6,1.0,1.0,0.0
300,0.4,4,B,mixed,0.7,0.75,0.0,0.75
300,0.4,4,B,mixed,0.8,1.0,0.3333333333333333,0.6666666666666667
300,0.4,4,B,mixed,0.9,1.0,0.25,0.75
300,0.4,4,B,mixed,1.0,1.0,1.0,0.0
300,0.4,4,B,pure_straight,0.1,0.0,0.0,0.0
300,0.4,4,B,pure_straight,0.2,0.0,0.5,-0.5
300,0.4,4,B,pure_straight,0.3,0.0,0.6666666666666666,-0.6666666666666666
300,0.4,4,B,pure_straight,0.4,0.5,0.25,0.25
300,0.4,4,B,pure_straight,0.5,0.6666666666666666,0.6666666666666666,0.0
300,0.4,4,B,pure_straight,0.6,1.0,1.0,0.0
300,0.4,4,B,pure_straight,0.7,1.0,1.0,0.0
300,0.4,4,B,pure_straight,0.8,1.0,1.0,0.0
300,0.4,4,B,pure_straight,0.9,1.0,1.0,0.0
300,0.4,4,B,pure_straight,1.0,1.0,1.0,0.0
300,0.4,4,B,random,0.1,0.25,0.0,0.25
300,0.4,4,B,random,0.2,0.0,0.0,0.0
300,0.4,4,B,random,0.3,0.0,0.25,-0.25
300,0.4,4,B,random,0.4,0.6666666666666666,0.0,0.6666666666666666
300,0.4,4,B,random,0.5,0.75,0.25,0.5
300,0.4,4,B,random,0.6,0.6666666666666666,0.0,0.6666666666666666
300,0.4,4,B,random,0.7,1.0,0.3333333333333333,0.6666666666666667
300,0.4,4,B,random,0.8,1.0,0.6666666666666666,0.33333333333333337
300,0.4,4,B,random,0.9,1.0,0.6666666666666666,0.33333333333333337
300,0.4,4,B,random,1.0,1.0,0.25,0.75
300,0.4,5,B,acquiescent,0.1,0.25,0.25,0.0
300,0.4,5,B,acquiescent,0.2,0.3333333333333333,0.0,0.3333333333333333
300,0.4,5,B,acquiescent,0.3,0.3333333333333333,0.3333333333333333,0.0
300,0.4,5,B,acquiescent,0.4,0.3333333333333333,0.3333333333333333,0.0
300,0.4,5,B,acquiescent,0.5,0.25,0.5,-0.25
300,0.4,5,B,acquiescent,0.6,0.6666666666666666,0.6666666666666666,0.0
300,0.4,5,B,acquiescent,0.7,1.0,1.0,0.0
300,0.4,5,B,acquiescent,0.8,1.0,1.0,0.0
300,0.4,5,B,acquiescent,0.9,1.0,1.0,0.0
300,0.4,5,B,acquiescent,1.0,1.0,1.0,0.0
300,0.4,5,B,fatigue,0.1,0.0,0.0,0.0
300,0.4,5,B,fatigue,0.2,0.6666666666666666,0.6666666666666666,0.0
300,0.4,5,B,fatigue,0.3,0.0,0.25,-0.25
300,0.4,5,B,fatigue,0.4,0.0,0.3333333333333333,-0.3333333333333333
300,0.4,5,B,fatigue,0.5,0.0,0.3333333333333333,-0.3333333333333333
300,0.4,5,B,fatigue,0.6,1.0,1.0,0.0
300,0.4,5,B,fatigue,0.7,0.3333333333333333,0.6666666666666666,-0.3333333333333333
300,0.4,5,B,fatigue,0.8,1.0,1.0,0.0
300,0.4,5,B,fatigue,0.9,1.0,1.0,0.0
300,0.4,5,B,fatigue,1.0,1.0,1.0,0.0
300,0.4,5,B,longstring,0.1,0.0,0.0,0.0
300,0.4,5,B,longstring,0.2,0.25,0.25,0.0
300,0.4,5,B,longstring,0.3,0.0,0.3333333333333333,-0.3333333333333333
300,0.4,5,B,longstring,0.4,0.75,0.5,0.25
300,0.4,5,B,longstring,0.5,0.6666666666666666,1.0,-0.33333333333333337
300,0.4,5,B,longstring,0.6,0.6666666666666666,0.3333333333333333,0.3333333333333333
300,0.4,5,B,longstring,0.7,1.0,1.0,0.0
300,0.4,5,B,longstring,0.8,0.75,1.0,-0.25
300,0.4,5,B,longstring,0.9,1.0,1.0,0.0
300,0.4,5,B,longstring,1.0,1.0,0.5,0.5
300,0.4,5,B,mixed,0.1,0.0,0.3333333333333333,-0.3333333333333333
300,0.4,5,B,mixed,0.2,0.0,0.0,0.0
300,0.4,5,B,mixed,0.3,0.0,0.0,0.0
300,0.4,5,B,mixed,0.4,0.25,0.25,0.0
300,0.4,5,B,mixed,0.5,0.0,0.3333333333333333,-0.3333333333333333
300,0.4,5,B,mixed,0.6,0.5,0.75,-0.25
300,0.4,5,B,mixed,0.7,0.6666666666666666,0.3333333333333333,0.3333333333333333
300,0.4,5,B,mixed,0.8,1.0,0.3333333333333333,0.6666666666666667
300,0.4,5,B,mixed,0.9,0.6666666666666666,0.3333333333333333,0.3333333333333333
300,0.4,5,B,mixed,1.0,1.0,1.0,0.0
300,0.4,5,B,pure_straight,0.1,0.0,0.25,-0.25
300,0.4,5,B,pure_straight,0.2,0.3333333333333333,0.6666666666666666,-0.3333333333333333
300,0.4,5,B,pure_straight,0.3,0.3333333333333333,0.6666666666666666,-0.3333333333333333
300,0.4,5,B,pure_straight,0.4,0.6666666666666666,0.6666666666666666,0.0
300,0.4,5,B,pure_straight,0.5,1.0,1.0,0.0
300,0.4,5,B,pure_straight,0.6,1.0,0.75,0.25
300,0.4,5,B,pure_straight,0.7,1.0,1.0,0.0
300,0.4,5,B,pure_straight,0.8,1.0,1.0,0.0
300,0.4,5,B,pure_straight,0.9,1.0,1.0,0.0
300,0.4,5,B,pure_straight,1.0,1.0,1.0,0.0
300,0.4,5,B,random,0.1,0.0,0.0,0.0
300,0.4,5,B,random,0.2,0.0,0.0,0.0
300,0.4,5,B,random,0.3,0.0,0.0,0.0
300,0.4,5,B,random,0.4,0.3333333333333333,0.0,0.3333333333333333
300,0.4,5,B,random,0.5,0.3333333333333333,0.0,0.3333333333333333
300,0.4,5,B,random,0.6,1.0,0.6666666666666666,0.33333333333333337
300,0.4,5,B,random,0.7,1.0,0.75,0.25
300,0.4,5,B,random,0.8,1.0,0.0,1.0
300,0.4,5,B,random,0.9,1.0,0.25,0.75
300,0.4,5,B,random,1.0,1.0,0.3333333333333333,0.6666666666666667
300,0.4,6,B,acquiescent,0.1,0.0,0.3333333333333333,-0.3333333333333333
300,0.4,6,B,acquiescent,0.2,0.3333333333333333,0.6666666666666666,-0.3333333333333333
300,0.4,6,B,acquiescent,0.3,1.0,0.3333333333333333,0.6666666666666667
300,0.4,6,B,acquiescent,0.4,0.5,0.75,-0.25
300,0.4,6,B,acquiescent,0.5,0.6666666666666666,0.6666666666666666,0.0
300,0.4,6,B,acquiescent,0.6,1.0,1.0,0.0
300,0.4,6,B,acquiescent,0.7,1.0,1.0,0.0
300,0.4,6,B,acquiescent,0.8,1.0,1.0,0.0
300,0.4,6,B,acquiescent,0.9,1.0,1.0,0.0
300,0.4,6,B,acquiescent,1.0,1.0,1.0,0.0
300,0.4,6,B,fatigue,0.1,0.0,0.0,0.0
300,0.4,6,B,fatigue,0.2,0.0,0.3333333333333333,-0.3333333333333333
300,0.4,6,B,fatigue,0.3,0.25,0.5,-0.25
300,0.4,6,B,fatigue,0.4,0.0,0.0,0.0
300,0.4,6,B,fatigue,0.5,0.3333333333333333,0.6666666666666666,-0.3333333333333333
300,0.4,6,B,fatigue,0.6,0.0,0.6666666666666666,-0.6666666666666666
300,0.4,6,B,fatigue,0.7,0.75,1.0,-0.25
300,0.4,6,B,fatigue,0.8,1.0,0.6666666666666666,0.33333333333333337
300,0.4,6,B,fatigue,0.9,1.0,0.6666666666666666,0.33333333333333337
300,0.4,6,B,fatigue,1.0,1.0,1.0,0.0
300,0.4,6,B,longstring,0.1,0.0,0.0,0.0
300,0.4,6,B,longstring,0.2,0.0,0.0,0.0
300,0.4,6,B,longstring,0.3,0.0,0.5,-0.5
300,0.4,6,B,longstring,0.4,0.3333333333333333,0.3333333333333333,0.0
300,0.4,6,B,longstring,0.5,1.0,0.75,0.25
300,0.4,6,B,longstring,0.6,0.3333333333333333,0.3333333333333333,0.0
300,0.4,6,B,longstring,0.7,0.6666666666666666,0.6666666666666666,0.0
300,0.4,6,B,longstring,0.8,0.3333333333333333,0.3333333333333333,0.0
300,0.4,6,B,longstring,0.9,0.6666666666666666,1.0,-0.33333333333333337
300,0.4,6,B,longstring,1.0,1.0,0.5,0.5
300,0.4,6,B,mixed,0.1,0.0,0.0,0.0
300,0.4,6,B,mixed,0.2,0.3333333333333333,0.0,0.3333333333333333
300,0.4,6,B,mixed,0.3,0.0,0.3333333333333333,-0.3333333333333333
300,0.4,6,B,mixed,0.4,0.0,0.0,0.0
300,0.4,6,B,mixed,0.5,0.3333333333333333,0.6666666666666666,-0.3333333333333333
300,0.4,6,B,mixed,0.6,1.0,1.0,0.0
300,0.4,6,B,mixed,0.7,0.6666666666666666,0.0,0.6666666666666666
300,0.4,6,B,mixed,0.8,1.0,0.5,0.5
300,0.4,6,B,mixed,0.9,1.0,0.6666666666666666,0.33333333333333337
300,0.4,6,B,mixed,1.0,1.0,0.6666666666666666,0.33333333333333337
300,0.4,6,B,pure_straight,0.1,0.3333333333333333,0.0,0.3333333333333333
300,0.4,6,B,pure_straight,0.2,0.25,0.75,-0.5
300,0.4,6,B,pure_straight,0.3,0.5,0.5,0.0
300,0.4,6,B,pure_straight,0.4,0.6666666666666666,0.6666666666666666,0.0
300,0.4,6,B,pure_straight,0.5,0.75,0.25,0.5
300,0.4,6,B,pure_straight,0.6,0.6666666666666666,0.6666666666666666,0.0
300,0.4,6,B,pure_straight,0.7,1.0,1.0,0.0
300,0.4,6,B,pure_straight,0.8,1.0,1.0,0.0
300,0.4,6,B,pure_straight,0.9,1.0,1.0,0.0
300,0.4,6,B,pure_straight,1.0,1.0,1.0,0.0
300,0.4,6,B,random,0.1,0.0,0.0,0.0
300,0.4,6,B,random,0.2,0.0,0.3333333333333333,-0.3333333333333333
300,0.4,6,B,random,0.3,0.0,0.0,0.0
300,0.4,6,B,random,0.4,0.3333333333333333,0.3333333333333333,0.0
300,0.4,6,B,random,0.5,0.75,0.25,0.5
300,0.4,6,B,random,0.6,0.75,0.75,0.0
300,0.4,6,B,random,0.7,0.5,0.25,0.25
300,0.4,6,B,random,0.8,1.0,0.6666666666666666,0.33333333333333337
300,0.4,6,B,random,0.9,0.6666666666666666,0.3333333333333333,0.3333333333333333
300,0.4,6,B,random,1.0,1.0,0.75,0.25
300,0.4,7,B,acquiescent,0.1,0.0,0.0,0.0
300,0.4,7,B,acquiescent,0.2,0.0,0.0,0.0
300,0.4,7,B,acquiescent,0.3,0.3333333333333333,0.6666666666666666,-0.3333333333333333
300,0.4,7,B,acquiescent,0.4,0.0,0.0,0.0
300,0.4,7,B,acquiescent,0.5,0.6666666666666666,0.3333333333333333,0.3333333333333333
300,0.4,7,B,acquiescent,0.6,0.5,0.75,-0.25
300,0.4,7,B,acquiescent,0.7,1.0,1.0,0.0
300,0.4,7,B,acquiescent,0.8,1.0,1.0,0.0
300,0.4,7,B,acquiescent,0.9,1.0,1.0,0.0
300,0.4,7,B,acquiescent,1.0,1.0,1.0,0.0
300,0.4,7,B,fatigue,0.1,0.0,0.3333333333333333,-0.3333333333333333
300,0.4,7,B,fatigue,0.2,0.3333333333333333,0.3333333333333333,0.0
300,0.4,7,B,fatigue,0.3,0.0,0.0,0.0
300,0.4,7,B,fatigue,0.4,0.25,0.5,-0.25
300,0.4,7,B,fatigue,0.5,0.0,0.3333333333333333,-0.3333333333333333
300,0.4,7,B,fatigue,0.6,0.5,0.75,-0.25
300,0.4,7,B,fatigue,0.7,1.0,1.0,0.0
300,0.4,7,B,fatigue,0.8,0.6666666666666666,1.0,-0.33333333333333337
300,0.4,7,B,fatigue,0.9,1.0,1.0,0.0
300,0.4,7,B,fatigue,1.0,0.75,0.75,0.0
300,0.4,7,B,longstring,0.1,0.0,0.3333333333333333,-0.3333333333333333
300,0.4,7,B,longstring,0.2,0.25,0.0,0.25
300,0.4,7,B,longstring,0.3,0.25,0.75,-0.5
300,0.4,7,B,longstring,0.4,0.3333333333333333,0.0,0.3333333333333333
300,0.4,7,B,longstring,0.5,0.6666666666666666,0.3333333333333333,0.3333333333333333
300,0.4,7,B,longstring,0.6,1.0,0.3333333333333333,0.6666666666666667
300,0.4,7,B,longstring,0.7,0.75,0.5,0.25
300,0.4,7,B,longstring,0.8,0.75,0.75,0.0
300,0.4,7,B,longstring,0.9,1.0,1.0,0.0
300,0.4,7,B,longstring,1.0,1.0,1.0,0.0
300,0.4,7,B,mixed,0.1,0.0,0.0,0.0
300,0.4,7,B,mixed,0.2,0.3333333333333333,0.0,0.3333333333333333
300,0.4,7,B,mixed,0.3,0.3333333333333333,0.3333333333333333,0.0
300,0.4,7,B,mixed,0.4,0.3333333333333333,0.0,0.3333333333333333
300,0.4,7,B,mixed,0.5,0.5,1.0,-0.5
300,0.4,7,B,mixed,0.6,1.0,0.3333333333333333,0.6666666666666667
300,0.4,7,B,mixed,0.7,0.6666666666666666,0.3333333333333333,0.3333333333333333
300,0.4,7,B,mixed,0.8,1.0,0.6666666666666666,0.33333333333333337
300,0.4,7,B,mixed,0.9,1.0,0.75,0.25
300,0.4,7,B,mixed,1.0,1.0,0.75,0.25
300,0.4,7,B,pure_straight,0.1,0.0,0.0,0.0
300,0.4,7,B,pure_straight,0.2,0.3333333333333333,0.6666666666666666,-0.3333333333333333
300,0.4,7,B,pure_straight,0.3,0.3333333333333333,0.3333333333333333,0.0
300,0.4,7,B,pure_straight,0.4,0.5,0.75,-0.25
300,0.4,7,B,pure_straight,0.5,1.0,1.0,0.0
300,0.4,7,B,pure_straight,0.6,1.0,1.0,0.0
300,0.4,7,B,pure_straight,0.7,1.0,1.0,0.0
300,0.4,7,B,pure_straight,0.8,1.0,1.0,0.0
300,0.4,7,B,pure_straight,0.9,1.0,1.0,0.0
300,0.4,7,B,pure_straight,1.0,1.0,1.0,0.0
300,0.4,7,B,random,0.1,0.3333333333333333,0.0,0.3333333333333333
300,0.4,7,B,random,0.2,0.0,0.0,0.0
300,0.4,7,B,random,0.3,0.0,0.0,0.0
300,0.4,7,B,random,0.4,0.3333333333333333,0.0,0.3333333333333333
300,0.4,7,B,random,0.5,0.75,0.75,0.0
300,0.4,7,B,random,0.6,0.6666666666666666,0.3333333333333333,0.3333333333333333
300,0.4,7,B,random,0.7,0.75,0.75,0.0
300,0.4,7,B,random,0.8,1.0,0.6666666666666666,0.33333333333333337
300,0.4,7,B,random,0.9,0.6666666666666666,1.0,-0.33333333333333337
300,0.4,7,B,random,1.0,1.0,0.25,0.75
300,0.4,8,B,acquiescent,0.1,0.0,0.0,0.0
300,0.4,8,B,acquiescent,0.2,0.3333333333333333,0.3333333333333333,0.0
300,0.4,8,B,acquiescent,0.3,0.0,0.6666666666666666,-0.6666666666666666
300,0.4,8,B,acquiescent,0.4,0.3333333333333333,0.3333333333333333,0.0
300,0.4,8,B,acquiescent,0.5,1.0,0.6666666666666666,0.33333333333333337
300,0.4,8,B,acquiescent,0.6,0.75,1.0,-0.25
300,0.4,8,B,acquiescent,0.7,0.6666666666666666,0.3333333333333333,0.3333333333333333
300,0.4,8,B,acquiescent,0.8,1.0,1.0,0.0
300,0.4,8,B,acquiescent,0.9,1.0,1.0,0.0
300,0.4,8,B,acquiescent,1.0,1.0,1.0,0.0
300,0.4,8,B,fatigue,0.1,0.0,0.0,0.0
300,0.4,8,B,fatigue,0.2,0.0,0.0,0.0
300,0.4,8,B,fatigue,0.3,0.3333333333333333,0.3333333333333333,0.0
300,0.4,8,B,fatigue,0.4,0.0,0.25,-0.25
300,0.4,8,B,fatigue,0.5,0.3333333333333333,0.6666666666666666,-0.3333333333333333
300,0.4,8,B,fatigue,0.6,0.6666666666666666,0.3333333333333333,0.3333333333333333
300,0.4,8,B,fatigue,0.7,0.6666666666666666,0.6666666666666666,0.0
300,0.4,8,B,fatigue,0.8,0.75,0.5,0.25
300,0.4,8,B,fatigue,0.9,1.0,1.0,0.0
300,0.4,8,B,fatigue,1.0,1.0,1.0,0.0
300,0.4,8,B,longstring,0.1,0.0,0.0,0.0
300,0.4,8,B,longstring,0.2,0.0,0.0,0.0
300,0.4,8,B,longstring,0.3,0.0,0.0,0.0
300,0.4,8,B,longstring,0.4,0.3333333333333333,0.3333333333333333,0.0
300,0.4,8,B,longstring,0.5,1.0,1.0,0.0
300,0.4,8,B,longstring,0.6,0.3333333333333333,0.6666666666666666,-0.3333333333333333
300,0.4,8,B,longstring,0.7,1.0,1.0,0.0
300,0.4,8,B,longstring,0.8,1.0,0.75,0.25
300,0.4,8,B,longstring,0.9,1.0,0.6666666666666666,0.33333333333333337
300,0.4,8,B,longstring,1.0,1.0,0.6666666666666666,0.33333333333333337
300,0.4,8,B,mixed,0.1,0.0,0.0,0.0
300,0.4,8,B,mixed,0.2,0.0,0.3333333333333333,-0.3333333333333333
300,0.4,8,B,mixed,0.3,0.0,0.0,0.0
300,0.4,8,B,mixed,0.4,1.0,0.6666666666666666,0.33333333333333337
300,0.4,8,B,mixed,0.5,0.5,0.75,-0.25
300,0.4,8,B,mixed,0.6,0.3333333333333333,0.6666666666666666,-0.3333333333333333
300,0.4,8,B,mixed,0.7,0.5,0.75,-0.25
300,0.4,8,B,mixed,0.8,1.0,0.6666666666666666,0.33333333333333337
300,0.4,8,B,mixed,0.9,1.0,0.75,0.25
300,0.4,8,B,mixed,1.0,0.6666666666666666,0.3333333333333333,0.3333333333333333
300,0.4,8,B,pure_straight,0.1,0.0,0.3333333333333333,-0.3333333333333333
300,0.4,8,B,pure_straight,0.2,0.25,0.25,0.0
300,0.4,8,B,pure_straight,0.3,0.75,0.5,0.25
300,0.4,8,B,pure_straight,0.4,0.6666666666666666,0.6666666666666666,0.0
300,0.4,8,B,pure_straight,0.5,1.0,1.0,0.0
300,0.4,8,B,pure_straight,0.6,1.0,1.0,0.0
300,0.4,8,B,pure_straight,0.7,1.0,1.0,0.0
300,0.4,8,B,pure_straight,0.8,1.0,1.0,0.0
300,0.4,8,B,pure_straight,0.9,1.0,1.0,0.0
300,0.4,8,B,pure_straight,1.0,1.0,1.0,0.0
300,0.4,8,B,random,0.1,0.0,0.0,0.0
300,0.4,8,B,random,0.2,0.25,0.0,0.25
300,0.4,8,B,random,0.3,0.0,0.3333333333333333,-0.3333333333333333
300,0.4,8,B,random,0.4,0.5,0.25,0.25
300,0.4,8,B,random,0.5,0.6666666666666666,0.0,0.6666666666666666
300,0.4,8,B,random,0.6,0.75,1.0,-0.25
300,0.4,8,B,random,0.7,1.0,0.6666666666666666,0.33333333333333337
300,0.4,8,B,random,0.8,1.0,0.6666666666666666,0.33333333333333337
300,0.4,8,B,random,0.9,0.6666666666666666,0.6666666666666666,0.0
300,0.4,8,B,random,1.0,1.0,1.0,0.0
300,0.4,9,B,acquiescent,0.1,0.3333333333333333,0.0,0.3333333333333333
300,0.4,9,B,acquiescent,0.2,0.0,0.3333333333333333,-0.3333333333333333
300,0.4,9,B,acquiescent,0.3,0.5,0.5,0.0
300,0.4,9,B,acquiescent,0.4,0.25,0.75,-0.5
300,0.4,9,B,acquiescent,0.5,0.6666666666666666,0.0,0.6666666666666666
300,0.4,9,B,acquiescent,0.6,0.6666666666666666,1.0,-0.33333333333333337
300,0.4,9,B,acquiescent,0.7,1.0,1.0,0.0
300,0.4,9,B,acquiescent,0.8,1.0,1.0,0.0
300,0.4,9,B,acquiescent,0.9,1.0,1.0,0.0
300,0.4,9,B,acquiescent,1.0,1.0,1.0,0.0
300,0.4,9,B,fatigue,0.1,0.0,0.0,0.0
300,0.4,9,B,fatigue,0.2,0.0,0.0,0.0
300,0.4,9,B,fatigue,0.3,0.3333333333333333,0.3333333333333333,0.0
300,0.4,9,B,fatigue,0.4,0.3333333333333333,0.3333333333333333,0.0
300,0.4,9,B,fatigue,0.5,0.0,0.0,0.0
300,0.4,9,B,fatigue,0.6,1.0,0.6666666666666666,0.33333333333333337
300,0.4,9,B,fatigue,0.7,0.3333333333333333,0.3333333333333333,0.0
300,0.4,9,B,fatigue,0.8,1.0,0.6666666666666666,0.33333333333333337
300,0.4,9,B,fatigue,0.9,1.0,1.0,0.0
300,0.4,9,B,fatigue,1.0,1.0,1.0,0.0
300,0.4,9,B,longstring,0.1,0.0,0.0,0.0
300,0.4,9,B,longstring,0.2,0.0,0.5,-0.5
300,0.4,9,B,longstring,0.3,0.5,0.25,0.25
300,0.4,9,B,longstring,0.4,0.6666666666666666,0.3333333333333333,0.3333333333333333
300,0.4,9,B,longstring,0.5,1.0,1.0,0.0
300,0.4,9,B,longstring,0.6,1.0,1.0,0.0
300,0.4,9,B,longstring,0.7,0.6666666666666666,0.6666666666666666,0.0
300,0.4,9,B,longstring,0.8,0.6666666666666666,0.6666666666666666,0.0
300,0.4,9,B,longstring,0.9,1.0,1.0,0.0
300,0.4,9,B,longstring,1.0,0.6666666666666666,0.3333333333333333,0.3333333333333333
300,0.4,9,B,mixed,0.1,0.0,0.0,0.0
300,0.4,9,B,mixed,0.2,0.0,0.0,0.0
300,0.4,9,B,mixed,0.3,0.0,0.0,0.0
300,0.4,9,B,mixed,0.4,0.6666666666666666,0.3333333333333333,0.3333333333333333
300,0.4,9,B,mixed,0.5,0.6666666666666666,0.3333333333333333,0.3333333333333333
300,0.4,9,B,mixed,0.6,0.0,1.0,-1.0
300,0.4,9,B,mixed,0.7,0.6666666666666666,0.3333333333333333,0.3333333333333333
300,0.4,9,B,mixed,0.8,0.3333333333333333,0.3333333333333333,0.0
300,0.4,9,B,mixed,0.9,0.6666666666666666,0.0,0.6666666666666666
300,0.4,9,B,mixed,1.0,1.0,0.5,0.5
300,0.4,9,B,pure_straight,0.1,0.0,0.0,0.0
300,0.4,9,B,pure_straight,0.2,0.0,0.6666666666666666,-0.6666666666666666
300,0.4,9,B,pure_straight,0.3,0.6666666666666666,0.6666666666666666,0.0
300,0.4,9,B,pure_straight,0.4,1.0,1.0,0.0
300,0.4,9,B,pure_straight,0.5,0.6666666666666666,0.3333333333333333,0.3333333333333333
300,0.4,9,B,pure_straight,0.6,0.75,0.75,0.0
300,0.4,9,B,pure_straight,0.7,1.0,1.0,0.0
300,0.4,9,B,pure_straight,0.8,1.0,1.0,0.0
300,0.4,9,B,pure_straight,0.9,1.0,1.0,0.0
300,0.4,9,B,pure_straight,1.0,1.0,1.0,0.0
300,0.4,9,B,random,0.1,0.0,0.0,0.0
300,0.4,9,B,random,0.2,0.0,0.0,0.0
300,0.4,9,B,random,0.3,0.0,0.0,0.0
300,0.4,9,B,random,0.4,0.5,0.75,-0.25
300,0.4,9,B,random,0.5,0.5,0.25,0.25
300,0.4,9,B,random,0.6,1.0,0.6666666666666666,0.33333333333333337
300,0.4,9,B,random,0.7,0.75,0.25,0.5
300,0.4,9,B,random,0.8,1.0,0.6666666666666666,0.33333333333333337
300,0.4,9,B,random,0.9,1.0,0.6666666666666666,0.33333333333333337
300,0.4,9,B,random,1.0,0.6666666666666666,0.3333333333333333,0.3333333333333333
300,0.4,10,B,acquiescent,0.1,0.0,0.3333333333333333,-0.3333333333333333
300,0.4,10,B,acquiescent,0.2,0.0,0.0,0.0
300,0.4,10,B,acquiescent,0.3,0.25,0.25,0.0
300,0.4,10,B,acquiescent,0.4,0.5,0.75,-0.25
300,0.4,10,B,acquiescent,0.5,1.0,0.5,0.5
300,0.4,10,B,acquiescent,0.6,0.6666666666666666,0.6666666666666666,0.0
300,0.4,10,B,acquiescent,0.7,0.6666666666666666,0.6666666666666666,0.0
300,0.4,10,B,acquiescent,0.8,1.0,1.0,0.0
300,0.4,10,B,acquiescent,0.9,1.0,1.0,0.0
300,0.4,10,B,acquiescent,1.0,1.0,1.0,0.0
300,0.4,10,B,fatigue,0.1,0.0,0.0,0.0
300,0.4,10,B,fatigue,0.2,0.0,0.0,0.0
300,0.4,10,B,fatigue,0.3,0.0,0.6666666666666666,-0.6666666666666666
300,0.4,10,B,fatigue,0.4,0.0,0.0,0.0
300,0.4,10,B,fatigue,0.5,0.25,0.5,-0.25
300,0.4,10,B,fatigue,0.6,0.75,0.75,0.0
300,0.4,10,B,fatigue,0.7,0.3333333333333333,1.0,-0.6666666666666667
300,0.4,10,B,fatigue,0.8,1.0,1.0,0.0
300,0.4,10,B,fatigue,0.9,1.0,0.6666666666666666,0.33333333333333337
300,0.4,10,B,fatigue,1.0,1.0,1.0,0.0
300,0.4,10,B,longstring,0.1,0.0,0.0,0.0
300,0.4,10,B,longstring,0.2,0.25,0.5,-0.25
300,0.4,10,B,longstring,0.3,0.5,0.5,0.0
300,0.4,10,B,longstring,0.4,1.0,0.0,1.0
300,0.4,10,B,longstring,0.5,0.6666666666666666,0.3333333333333333,0.3333333333333333
300,0.4,10,B,longstring,0.6,1.0,0.75,0.25
300,0.4,10,B,longstring,0.7,1.0,0.6666666666666666,0.33333333333333337
300,0.4,10,B,longstring,0.8,1.0,0.3333333333333333,0.6666666666666667
300,0.4,10,B,longstring,0.9,1.0,1.0,0.0
300,0.4,10,B,longstring,1.0,1.0,1.0,0.0
300,0.4,10,B,mixed,0.1,0.0,0.0,0.0
300,0.4,10,B,mixed,0.2,0.0,0.25,-0.25
300,0.4,10,B,mixed,0.3,0.0,0.6666666666666666,-0.6666666666666666
300,0.4,10,B,mixed,0.4,0.3333333333333333,0.6666666666666666,-0.3333333333333333
300,0.4,10,B,mixed,0.5,0.5,0.25,0.25
300,0.4,10,B,mixed,0.6,0.3333333333333333,0.3333333333333333,0.0
300,0.4,10,B,mixed,0.7,0.6666666666666666,0.3333333333333333,0.3333333333333333
300,0.4,10,B,mixed,0.8,0.6666666666666666,0.6666666666666666,0.0
300,0.4,10,B,mixed,0.9,1.0,0.3333333333333333,0.6666666666666667
300,0.4,10,B,mixed,1.0,1.0,0.6666666666666666,0.33333333333333337
300,0.4,10,B,pure_straight,0.1,0.0,0.6666666666666666,-0.6666666666666666
300,0.4,10,B,pure_straight,0.2,0.6666666666666666,0.0,0.6666666666666666
300,0.4,10,B,pure_straight,0.3,0.3333333333333333,0.6666666666666666,-0.3333333333333333
300,0.4,10,B,pure_straight,0.4,0.75,0.75,0.0
300,0.4,10,B,pure_straight,0.5,0.5,0.5,0.0
300,0.4,10,B,pure_straight,0.6,0.6666666666666666,0.6666666666666666,0.0
300,0.4,10,B,pure_straight,0.7,1.0,1.0,0.0
300,0.4,10,B,pure_straight,0.8,1.0,1.0,0.0
300,0.4,10,B,pure_straight,0.9,1.0,1.0,0.0
300,0.4,10,B,pure_straight,1.0,1.0,1.0,0.0
300,0.4,10,B,random,0.1,0.3333333333333333,0.3333333333333333,0.0
300,0.4,10,B,random,0.2,0.3333333333333333,0.0,0.3333333333333333
300,0.4,10,B,random,0.3,0.25,0.5,-0.25
300,0.4,10,B,random,0.4,1.0,0.6666666666666666,0.33333333333333337
300,0.4,10,B,random,0.5,0.6666666666666666,0.6666666666666666,0.0
300,0.4,10,B,random,0.6,1.0,0.5,0.5
300,0.4,10,B,random,0.7,0.75,0.5,0.25
300,0.4,10,B,random,0.8,0.6666666666666666,0.6666666666666666,0.0
300,0.4,10,B,random,0.9,1.0,0.3333333333333333,0.6666666666666667
300,0.4,10,B,random,1.0,0.75,0.75,0.0
300,0.4,11,B,acquiescent,0.1,0.0,0.0,0.0
300,0.4,11,B,acquiescent,0.2,0.0,0.0,0.0
300,0.4,11,B,acquiescent,0.3,0.0,0.25,-0.25
300,0.4,11,B,acquiescent,0.4,0.6666666666666666,0.3333333333333333,0.3333333333333333
300,0.4,11,B,acquiescent,0.5,0.6666666666666666,0.6666666666666666,0.0
300,0.4,11,B,acquiescent,0.6,1.0,0.5,0.5
300,0.4,11,B,acquiescent,0.7,1.0,1.0,0.0
300,0.4,11,B,acquiescent,0.8,1.0,1.0,0.0
300,0.4,11,B,acquiescent,0.9,1.0,1.0,0.0
300,0.4,11,B,acquiescent,1.0,1.0,1.0,0.0
300,0.4,11,B,fatigue,0.1,0.0,0.0,0.0
300,0.4,11,B,fatigue,0.2,0.3333333333333333,0.6666666666666666,-0.3333333333333333
300,0.4,11,B,fatigue,0.3,0.0,0.0,0.0
300,0.4,11,B,fatigue,0.4,0.3333333333333333,0.0,0.3333333333333333
300,0.4,11,B,fatigue,0.5,0.25,0.5,-0.25
300,0.4,11,B,fatigue,0.6,0.75,0.5,0.25
300,0.4,11,B,fatigue,0.7,0.6666666666666666,1.0,-0.33333333333333337
300,0.4,11,B,fatigue,0.8,0.6666666666666666,0.3333333333333333,0.3333333333333333
300,0.4,11,B,fatigue,0.9,1.0,0.6666666666666666,0.33333333333333337
300,0.4,11,B,fatigue,1.0,1.0,0.6666666666666666,0.33333333333333337
300,0.4,11,B,longstring,0.1,0.0,0.5,-0.5
300,0.4,11,B,longstring,0.2,0.3333333333333333,0.0,0.3333333333333333
300,0.4,11,B,longstring,0.3,0.0,0.0,0.0
300,0.4,11,B,longstring,0.4,0.5,0.25,0.25
300,0.4,11,B,longstring,0.5,0.6666666666666666,0.6666666666666666,0.0
300,0.4,11,B,longstring,0.6,1.0,1.0,0.0
300,0.4,11,B,longstring,0.7,0.6666666666666666,0.6666666666666666,0.0
300,0.4,11,B,longstring,0.8,0.75,0.75,0.0
300,0.4,11,B,longstring,0.9,1.0,0.6666666666666666,0.33333333333333337
300,0.4,11,B,longstring,1.0,1.0,1.0,0.0
300,0.4,11,B,mixed,0.1,0.0,0.25,-0.25
300,0.4,11,B,mixed,0.2,0.0,0.3333333333333333,-0.3333333333333333
300,0.4,11,B,mixed,0.3,0.3333333333333333,0.3333333333333333,0.0
300,0.4,11,B,mixed,0.4,0.3333333333333333,0.6666666666666666,-0.3333333333333333
300,0.4,11,B,mixed,0.5,0.6666666666666666,0.3333333333333333,0.3333333333333333
300,0.4,11,B,mixed,0.6,1.0,0.25,0.75
300,0.4,11,B,mixed,0.7,1.0,0.75,0.25
300,0.4,11,B,mixed,0.8,0.6666666666666666,0.6666666666666666,0.0
300,0.4,11,B,mixed,0.9,1.0,0.6666666666666666,0.33333333333333337
300,0.4,11,B,mixed,1.0,0.6666666666666666,1.0,-0.33333333333333337
300,0.4,11,B,pure_straight,0.1,0.3333333333333333,0.3333333333333333,0.0
300,0.4,11,B,pure_straight,0.2,0.0,0.0,0.0
300,0.4,11,B,pure_straight,0.3,0.5,0.5,0.0
300,0.4,11,B,pure_straight,0.4,0.6666666666666666,1.0,-0.33333333333333337
300,0.4,11,B,pure_straight,0.5,1.0,1.0,0.0
300,0.4,11,B,pure_straight,0.6,1.0,1.0,0.0
300,0.4,11,B,pure_straight,0.7,1.0,0.75,0.25
300,0.4,11,B,pure_straight,0.8,1.0,1.0,0.0
300,0.4,11,B,pure_straight,0.9,1.0,1.0,0.0
300,0.4,11,B,pure_straight,1.0,1.0,1.0,0.0
300,0.4,11,B,random,0.1,0.0,0.3333333333333333,-0.3333333333333333
300,0.4,11,B,random,0.2,0.0,0.25,-0.25
300,0.4,11,B,random,0.3,0.0,0.0,0.0
300,0.4,11,B,random,0.4,0.6666666666666666,0.0,0.6666666666666666
300,0.4,11,B,random,0.5,0.3333333333333333,0.3333333333333333,0.0
300,0.4,11,B,random,0.6,0.5,0.25,0.25
300,0.4,11,B,random,0.7,1.0,0.75,0.25
300,0.4,11,B,random,0.8,0.3333333333333333,0.3333333333333333,0.0
300,0.4,11,B,random,0.9,1.0,0.0,1.0
300,0.4,11,B,random,1.0,1.0,0.6666666666666666,0.33333333333333337
300,0.4,12,B,acquiescent,0.1,0.0,0.25,-0.25
300,0.4,12,B,acquiescent,0.2,0.0,0.0,0.0
300,0.4,12,B,acquiescent,0.3,0.6666666666666666,0.6666666666666666,0.0
300,0.4,12,B,acquiescent,0.4,0.25,0.75,-0.5
300,0.4,12,B,acquiescent,0.5,0.6666666666666666,1.0,-0.33333333333333337
300,0.4,12,B,acquiescent,0.6,0.3333333333333333,0.3333333333333333,0.0
300,0.4,12,B,acquiescent,0.7,0.6666666666666666,1.0,-0.33333333333333337
300,0.4,12,B,acquiescent,0.8,1.0,1.0,0.0
300,0.4,12,B,acquiescent,0.9,1.0,1.0,0.0
300,0.4,12,B,acquiescent,1.0,1.0,1.0,0.0
300,0.4,12,B,fatigue,0.1,0.0,0.0,0.0
300,0.4,12,B,fatigue,0.2,0.0,0.0,0.0
300,0.4,12,B,fatigue,0.3,0.0,0.0,0.0
300,0.4,12,B,fatigue,0.4,0.0,0.3333333333333333,-0.3333333333333333
300,0.4,12,B,fatigue,0.5,0.0,0.25,-0.25
300,0.4,12,B,fatigue,0.6,0.6666666666666666,1.0,-0.33333333333333337
300,0.4,12,B,fatigue,0.7,1.0,1.0,0.0
300,0.4,12,B,fatigue,0.8,0.75,0.5,0.25
300,0.4,12,B,fatigue,0.9,1.0,1.0,0.0
300,0.4,12,B,fatigue,1.0,1.0,1.0,0.0
300,0.4,12,B,longstring,0.1,0.0,0.0,0.0
300,0.4,12,B,longstring,0.2,0.0,0.0,0.0
300,0.4,12,B,longstring,0.3,0.25,0.75,-0.5
300,0.4,12,B,longstring,0.4,0.6666666666666666,0.0,0.6666666666666666
300,0.4,12,B,longstring,0.5,0.3333333333333333,0.3333333333333333,0.0
300,0.4,12,B,longstring,0.6,1.0,1.0,0.0
300,0.4,12,B,longstring,0.7,1.0,0.6666666666666666,0.33333333333333337
300,0.4,12,B,longstring,0.8,1.0,1.0,0.0
300,0.4,12,B,longstring,0.9,1.0,0.75,0.25
300,0.4,12,B,longstring,1.0,1.0,0.75,0.25
300,0.4,12,B,mixed,0.1,0.0,0.25,-0.25
300,0.4,12,B,mixed,0.2,0.0,0.0,0.0
300,0.4,12,B,mixed,0.3,0.0,0.3333333333333333,-0.3333333333333333
300,0.4,12,B,mixed,0.4,0.6666666666666666,0.3333333333333333,0.3333333333333333
300,0.4,12,B,mixed,0.5,1.0,1.0,0.0
300,0.4,12,B,mixed,0.6,0.6666666666666666,1.0,-0.33333333333333337
300,0.4,12,B,mixed,0.7,1.0,0.0,1.0
300,0.4,12,B,mixed,0.8,1.0,0.75,0.25
300,0.4,12,B,mixed,0.9,1.0,1.0,0.0
300,0.4,12,B,mixed,1.0,1.0,1.0,0.0
300,0.4,12,B,pure_straight,0.1,0.0,0.3333333333333333,-0.3333333333333333
300,0.4,12,B,pure_straight,0.2,0.0,0.25,-0.25
300,0.4,12,B,pure_straight,0.3,0.6666666666666666,1.0,-0.33333333333333337
300,0.4,12,B,pure_straight,0.4,1.0,1.0,0.0
300,0.4,12,B,pure_straight,0.5,1.0,0.3333333333333333,0.6666666666666667
300,0.4,12,B,pure_straight,0.6,1.0,1.0,0.0
300,0.4,12,B,pure_straight,0.7,0.75,0.75,0.0
300,0.4,12,B,pure_straight,0.8,1.0,1.0,0.0
300,0.4,12,B,pure_straight,0.9,1.0,1.0,0.0
300,0.4,12,B,pure_straight,1.0,1.0,1.0,0.0
300,0.4,12,B,random,0.1,0.0,0.0,0.0
300,0.4,12,B,random,0.2,0.0,0.0,0.0
300,0.4,12,B,random,0.3,0.0,0.0,0.0
300,0.4,12,B,random,0.4,0.0,0.3333333333333333,-0.3333333333333333
300,0.4,12,B,random,0.5,0.3333333333333333,0.3333333333333333,0.0
300,0.4,12,B,random,0.6,0.6666666666666666,0.6666666666666666,0.0
300,0.4,12,B,random,0.7,1.0,0.3333333333333333,0.6666666666666667
300,0.4,12,B,random,0.8,1.0,0.6666666666666666,0.33333333333333337
300,0.4,12,B,random,0.9,1.0,0.25,0.75
300,0.4,12,B,random,1.0,1.0,0.5,0.5
300,0.6,1,B,acquiescent,0.1,0.0,0.0,0.0
300,0.6,1,B,acquiescent,0.2,0.4,0.2,0.2
300,0.6,1,B,acquiescent,0.3,0.0,0.4,-0.4
300,0.6,1,B,acquiescent,0.4,0.6,0.6,0.0
300,0.6,1,B,acquiescent,0.5,1.0,1.0,0.0
300,0.6,1,B,acquiescent,0.6,0.8,0.8,0.0
300,0.6,1,B,acquiescent,0.7,1.0,1.0,0.0
300,0.6,1,B,acquiescent,0.8,1.0,1.0,0.0
300,0.6,1,B,acquiescent,0.9,1.0,1.0,0.0
300,0.6,1,B,acquiescent,1.0,1.0,1.0,0.0
300,0.6,1,B,fatigue,0.1,0.0,0.0,0.0
300,0.6,1,B,fatigue,0.2,0.0,0.2,-0.2
300,0.6,1,B,fatigue,0.3,0.0,0.0,0.0
300,0.6,1,B,fatigue,0.4,0.0,0.2,-0.2
300,0.6,1,B,fatigue,0.5,0.2,0.4,-0.2
300,0.6,1,B,fatigue,0.6,1.0,1.0,0.0
300,0.6,1,B,fatigue,0.7,0.8,0.6,0.20000000000000007
300,0.6,1,B,fatigue,0.8,1.0,1.0,0.0
300,0.6,1,B,fatigue,0.9,1.0,1.0,0.0
300,0.6,1,B,fatigue,1.0,0.8,1.0,-0.19999999999999996
300,0.6,1,B,longstring,0.1,0.0,0.0,0.0
300,0.6,1,B,longstring,0.2,0.0,0.2,-0.2
300,0.6,1,B,longstring,0.3,0.4,0.4,0.0
300,0.6,1,B,longstring,0.4,0.2,0.6,-0.39999999999999997
300,0.6,1,B,longstring,0.5,0.6,0.8,-0.20000000000000007
300,0.6,1,B,longstring,0.6,1.0,0.6,0.4
300,0.6,1,B,longstring,0.7,0.4,0.4,0.0
300,0.6,1,B,longstring,0.8,1.0,1.0,0.0
300,0.6,1,B,longstring,0.9,1.0,1.0,0.0
300,0.6,1,B,longstring,1.0,0.8,1.0,-0.19999999999999996
300,0.6,1,B,mixed,0.1,0.0,0.0,0.0
300,0.6,1,B,mixed,0.2,0.0,0.4,-0.4
300,0.6,1,B,mixed,0.3,0.2,0.2,0.0
300,0.6,1,B,mixed,0.4,0.6,0.4,0.19999999999999996
300,0.6,1,B,mixed,0.5,0.4,0.2,0.2
300,0.6,1,B,mixed,0.6,1.0,0.8,0.19999999999999996
300,0.6,1,B,mixed,0.7,1.0,0.6,0.4
300,0.6,1,B,mixed,0.8,1.0,0.6,0.4
300,0.6,1,B,mixed,0.9,1.0,0.6,0.4
300,0.6,1,B,mixed,1.0,1.0,0.6,0.4
300,0.6,1,B,pure_straight,0.1,0.0,0.2,-0.2
300,0.6,1,B,pure_straight,0.2,0.0,0.0,0.0
300,0.6,1,B,pure_straight,0.3,0.4,0.2,0.2
300,0.6,1,B,pure_straight,0.4,0.4,0.4,0.0
300,0.6,1,B,pure_straight,0.5,1.0,1.0,0.0
300,0.6,1,B,pure_straight,0.6,0.8,0.8,0.0
300,0.6,1,B,pure_straight,0.7,1.0,1.0,0.0
300,0.6,1,B,pure_straight,0.8,1.0,1.0,0.0
300,0.6,1,B,pure_straight,0.9,1.0,1.0,0.0
300,0.6,1,B,pure_straight,1.0,1.0,1.0,0.0
300,0.6,1,B,random,0.1,0.0,0.0,0.0
300,0.6,1,B,random,0.2,0.2,0.0,0.2
300,0.6,1,B,random,0.3,0.0,0.0,0.0
300,0.6,1,B,random,0.4,0.2,0.2,0.0
300,0.6,1,B,random,0.5,1.0,0.8,0.19999999999999996
300,0.6,1,B,random,0.6,0.6,0.4,0.19999999999999996
300,0.6,1,B,random,0.7,0.8,0.8,0.0
300,0.6,1,B,random,0.8,1.0,0.8,0.19999999999999996
300,0.6,1,B,random,0.9,1.0,0.6,0.4
300,0.6,1,B,random,1.0,1.0,0.6,0.4
300,0.6,2,B,acquiescent,0.1,0.0,0.0,0.0
300,0.6,2,B,acquiescent,0.2,0.0,0.0,0.0
300,0.6,2,B,acquiescent,0.3,0.2,0.2,0.0
300,0.6,2,B,acquiescent,0.4,0.8,0.6,0.20000000000000007
300,0.6,2,B,acquiescent,0.5,1.0,0.6,0.4
300,0.6,2,B,acquiescent,0.6,0.8,0.6,0.20000000000000007
300,0.6,2,B,acquiescent,0.7,1.0,1.0,0.0
300,0.6,2,B,acquiescent,0.8,1.0,1.0,0.0
300,0.6,2,B,acquiescent,0.9,1.0,1.0,0.0
300,0.6,2,B,acquiescent,1.0,1.0,1.0,0.0
300,0.6,2,B,fatigue,0.1,0.0,0.0,0.0
300,0.6,2,B,fatigue,0.2,0.0,0.2,-0.2
300,0.6,2,B,fatigue,0.3,0.0,0.2,-0.2
300,0.6,2,B,fatigue,0.4,0.4,0.6,-0.19999999999999996
300,0.6,2,B,fatigue,0.5,0.6,0.8,-0.20000000000000007
300,0.6,2,B,fatigue,0.6,0.8,0.8,0.0
300,0.6,2,B,fatigue,0.7,0.6,0.6,0.0
300,0.6,2,B,fatigue,0.8,1.0,1.0,0.0
300,0.6,2,B,fatigue,0.9,1.0,1.0,0.0
300,0.6,2,B,fatigue,1.0,1.0,1.0,0.0
300,0.6,2,B,longstring,0.1,0.0,0.2,-0.2
300,0.6,2,B,longstring,0.2,0.0,0.2,-0.2
300,0.6,2,B,longstring,0.3,0.2,0.4,-0.2
300,0.6,2,B,longstring,0.4,0.4,0.2,0.2
300,0.6,2,B,longstring,0.5,0.6,0.6,0.0
300,0.6,2,B,longstring,0.6,1.0,0.6,0.4
300,0.6,2,B,longstring,0.7,1.0,1.0,0.0
300,0.6,2,B,longstring,0.8,1.0,0.8,0.19999999999999996
300,0.6,2,B,longstring,0.9,1.0,0.8,0.19999999999999996
300,0.6,2,B,longstring,1.0,1.0,0.6,0.4
300,0.6,2,B,mixed,0.1,0.0,0.0,0.0
300,0.6,2,B,mixed,0.2,0.0,0.0,0.0
300,0.6,2,B,mixed,0.3,0.6,0.6,0.0
300,0.6,2,B,mixed,0.4,0.2,0.4,-0.2
300,0.6,2,B,mixed,0.5,0.6,0.4,0.19999999999999996
300,0.6,2,B,mixed,0.6,0.4,0.4,0.0
300,0.6,2,B,mixed,0.7,0.6,0.2,0.39999999999999997
300,0.6,2,B,mixed,0.8,1.0,0.6,0.4
300,0.6,2,B,mixed,0.9,0.8,0.6,0.20000000000000007
300,0.6,2,B,mixed,1.0,0.8,1.0,-0.19999999999999996
300,0.6,2,B,pure_straight,0.1,0.0,0.4,-0.4
300,0.6,2,B,pure_straight,0.2,0.2,0.2,0.0
300,0.6,2,B,pure_straight,0.3,0.2,0.6,-0.39999999999999997
300,0.6,2,B,pure_straight,0.4,0.6,0.8,-0.20000000000000007
300,0.6,2,B,pure_straight,0.5,0.6,0.8,-0.20000000000000007
300,0.6,2,B,pure_straight,0.6,1.0,0.8,0.19999999999999996
300,0.6,2,B,pure_straight,0.7,0.8,1.0,-0.19999999999999996
300,0.6,2,B,pure_straight,0.8,1.0,1.0,0.0
300,0.6,2,B,pure_straight,0.9,1.0,1.0,0.0
300,0.6,2,B,pure_straight,1.0,1.0,1.0,0.0
300,0.6,2,B,random,0.1,0.0,0.0,0.0
300,0.6,2,B,random,0.2,0.2,0.0,0.2
300,0.6,2,B,random,0.3,0.0,0.0,0.0
300,0.6,2,B,random,0.4,0.4,0.4,0.0
300,0.6,2,B,random,0.5,0.4,0.4,0.0
300,0.6,2,B,random,0.6,0.8,0.4,0.4
300,0.6,2,B,random,0.7,0.6,0.2,0.39999999999999997
300,0.6,2,B,random,0.8,1.0,0.2,0.8
300,0.6,2,B,random,0.9,1.0,0.6,0.4
300,0.6,2,B,random,1.0,1.0,0.4,0.6
300,0.6,3,B,acquiescent,0.1,0.0,0.2,-0.2
300,0.6,3,B,acquiescent,0.2,0.2,0.2,0.0
300,0.6,3,B,acquiescent,0.3,0.2,0.4,-0.2
300,0.6,3,B,acquiescent,0.4,0.4,0.6,-0.19999999999999996
300,0.6,3,B,acquiescent,0.5,0.8,0.6,0.20000000000000007
300,0.6,3,B,acquiescent,0.6,1.0,0.8,0.19999999999999996
300,0.6,3,B,acquiescent,0.7,0.8,0.8,0.0
300,0.6,3,B,acquiescent,0.8,1.0,1.0,0.0
300,0.6,3,B,acquiescent,0.9,1.0,1.0,0.0
300,0.6,3,B,acquiescent,1.0,1.0,1.0,0.0
300,0.6,3,B,fatigue,0.1,0.0,0.0,0.0
300,0.6,3,B,fatigue,0.2,0.0,0.2,-0.2
300,0.6,3,B,fatigue,0.3,0.2,0.2,0.0
300,0.6,3,B,fatigue,0.4,0.2,0.4,-0.2
300,0.6,3,B,fatigue,0.5,0.4,0.4,0.0
300,0.6,3,B,fatigue,0.6,0.4,0.6,-0.19999999999999996
300,0.6,3,B,fatigue,0.7,1.0,1.0,0.0
300,0.6,3,B,fatigue,0.8,1.0,1.0,0.0
300,0.6,3,B,fatigue,0.9,0.8,0.8,0.0
300,0.6,3,B,fatigue,1.0,1.0,0.8,0.19999999999999996
300,0.6,3,B,longstring,0.1,0.0,0.0,0.0
300,0.6,3,B,longstring,0.2,0.6,0.2,0.39999999999999997
300,0.6,3,B,longstring,0.3,0.4,0.4,0.0
300,0.6,3,B,longstring,0.4,0.8,0.8,0.0
300,0.6,3,B,longstring,0.5,0.6,0.4,0.19999999999999996
300,0.6,3,B,longstring,0.6,0.6,0.6,0.0
300,0.6,3,B,longstring,0.7,0.8,0.6,0.20000000000000007
300,0.6,3,B,longstring,0.8,1.0,1.0,0.0
300,0.6,3,B,longstring,0.9,0.8,0.8,0.0
300,0.6,3,B,longstring,1.0,1.0,0.8,0.19999999999999996
300,0.6,3,B,mixed,0.1,0.0,0.2,-0.2
300,0.6,3,B,mixed,0.2,0.2,0.4,-0.2
300,0.6,3,B,mixed,0.3,0.2,0.4,-0.2
300,0.6,3,B,mixed,0.4,0.0,0.0,0.0
300,0.6,3,B,mixed,0.5,0.4,0.2,0.2
300,0.6,3,B,mixed,0.6,0.6,0.4,0.19999999999999996
300,0.6,3,B,mixed,0.7,1.0,0.6,0.4
300,0.6,3,B,mixed,0.8,0.8,0.6,0.20000000000000007
300,0.6,3,B,mixed,0.9,0.8,0.8,0.0
300,0.6,3,B,mixed,1.0,1.0,0.6,0.4
300,0.6,3,B,pure_straight,0.1,0.0,0.0,0.0
300,0.6,3,B,pure_straight,0.2,0.2,0.6,-0.39999999999999997
300,0.6,3,B,pure_straight,0.3,0.2,0.4,-0.2
300,0.6,3,B,pure_straight,0.4,0.8,0.8,0.0
300,0.6,3,B,pure_straight,0.5,0.8,0.8,0.0
300,0.6,3,B,pure_straight,0.6,1.0,1.0,0.0
300,0.6,3,B,pure_straight,0.7,1.0,1.0,0.0
300,0.6,3,B,pure_straight,0.8,1.0,1.0,0.0
300,0.6,3,B,pure_straight,0.9,1.0,1.0,0.0
300,0.6,3,B,pure_straight,1.0,1.0,1.0,0.0
300,0.6,3,B,random,0.1,0.0,0.2,-0.2
300,0.6,3,B,random,0.2,0.0,0.2,-0.2
300,0.6,3,B,random,0.3,0.0,0.2,-0.2
300,0.6,3,B,random,0.4,0.4,0.6,-0.19999999999999996
300,0.6,3,B,random,0.5,0.6,0.4,0.19999999999999996
300,0.6,3,B,random,0.6,0.8,0.2,0.6000000000000001
300,0.6,3,B,random,0.7,0.8,0.2,0.6000000000000001
300,0.6,3,B,random,0.8,0.6,0.6,0.0
300,0.6,3,B,random,0.9,1.0,0.6,0.4
300,0.6,3,B,random,1.0,1.0,0.6,0.4
300,0.6,4,B,acquiescent,0.1,0.2,0.2,0.0
300,0.6,4,B,acquiescent,0.2,0.4,0.2,0.2
300,0.6,4,B,acquiescent,0.3,0.4,0.8,-0.4
300,0.6,4,B,acquiescent,0.4,0.2,0.4,-0.2
300,0.6,4,B,acquiescent,0.5,0.8,0.6,0.20000000000000007
300,0.6,4,B,acquiescent,0.6,0.6,1.0,-0.4
300,0.6,4,B,acquiescent,0.7,0.8,0.8,0.0
300,0.6,4,B,acquiescent,0.8,1.0,1.0,0.0
300,0.6,4,B,acquiescent,0.9,1.0,1.0,0.0
300,0.6,4,B,acquiescent,1.0,1.0,1.0,0.0
300,0.6,4,B,fatigue,0.1,0.2,0.0,0.2
300,0.6,4,B,fatigue,0.2,0.0,0.2,-0.2
300,0.6,4,B,fatigue,0.3,0.0,0.0,0.0
300,0.6,4,B,fatigue,0.4,0.4,0.4,0.0
300,0.6,4,B,fatigue,0.5,0.4,1.0,-0.6
300,0.6,4,B,fatigue,0.6,0.8,0.6,0.20000000000000007
300,0.6,4,B,fatigue,0.7,0.8,0.8,0.0
300,0.6,4,B,fatigue,0.8,1.0,1.0,0.0
300,0.6,4,B,fatigue,0.9,1.0,1.0,0.0
300,0.6,4,B,fatigue,1.0,1.0,0.8,0.19999999999999996
300,0.6,4,B,longstring,0.1,0.0,0.0,0.0
300,0.6,4,B,longstring,0.2,0.2,0.4,-0.2
300,0.6,4,B,longstring,0.3,0.0,0.0,0.0
300,0.6,4,B,longstring,0.4,0.6,0.2,0.39999999999999997
300,0.6,4,B,longstring,0.5,0.8,0.8,0.0
300,0.6,4,B,longstring,0.6,0.6,0.6,0.0
300,0.6,4,B,longstring,0.7,1.0,0.4,0.6
300,0.6,4,B,longstring,0.8,0.4,0.6,-0.19999999999999996
300,0.6,4,B,longstring,0.9,0.8,1.0,-0.19999999999999996
300,0.6,4,B,longstring,1.0,1.0,0.8,0.19999999999999996
300,0.6,4,B,mixed,0.1,0.0,0.0,0.0
300,0.6,4,B,mixed,0.2,0.2,0.2,0.0
300,0.6,4,B,mixed,0.3,0.2,0.2,0.0
300,0.6,4,B,mixed,0.4,0.4,0.0,0.4
300,0.6,4,B,mixed,0.5,0.2,0.4,-0.2
300,0.6,4,B,mixed,0.6,0.6,0.4,0.19999999999999996
300,0.6,4,B,mixed,0.7,0.6,0.6,0.0
300,0.6,4,B,mixed,0.8,0.8,0.6,0.20000000000000007
300,0.6,4,B,mixed,0.9,0.8,0.6,0.20000000000000007
300,0.6,4,B,mixed,1.0,0.8,0.6,0.20000000000000007
300,0.6,4,B,pure_straight,0.1,0.0,0.2,-0.2
300,0.6,4,B,pure_straight,0.2,0.0,0.4,-0.4
300,0.6,4,B,pure_straight,0.3,0.2,0.4,-0.2
300,0.6,4,B,pure_straight,0.4,0.6,1.0,-0.4
300,0.6,4,B,pure_straight,0.5,1.0,1.0,0.0
300,0.6,4,B,pure_straight,0.6,1.0,1.0,0.0
300,0.6,4,B,pure_straight,0.7,1.0,1.0,0.0
300,0.6,4,B,pure_straight,0.8,1.0,1.0,0.0
300,0.6,4,B,pure_straight,0.9,1.0,1.0,0.0
300,0.6,4,B,pure_straight,1.0,1.0,1.0,0.0
300,0.6,4,B,random,0.1,0.2,0.2,0.0
300,0.6,4,B,random,0.2,0.2,0.6,-0.39999999999999997
300,0.6,4,B,random,0.3,0.4,0.2,0.2
300,0.6,4,B,random,0.4,0.4,0.2,0.2
300,0.6,4,B,random,0.5,1.0,0.6,0.4
300,0.6,4,B,random,0.6,0.8,0.6,0.20000000000000007
300,0.6,4,B,random,0.7,0.8,0.2,0.6000000000000001
300,0.6,4,B,random,0.8,1.0,0.8,0.19999999999999996
300,0.6,4,B,random,0.9,0.8,0.2,0.6000000000000001
300,0.6,4,B,random,1.0,1.0,0.8,0.19999999999999996
300,0.6,5,B,acquiescent,0.1,0.0,0.0,0.0
300,0.6,5,B,acquiescent,0.2,0.0,0.4,-0.4
300,0.6,5,B,acquiescent,0.3,0.2,0.2,0.0
300,0.6,5,B,acquiescent,0.4,0.6,1.0,-0.4
300,0.6,5,B,acquiescent,0.5,0.8,0.8,0.0
300,0.6,5,B,acquiescent,0.6,0.8,0.6,0.20000000000000007
300,0.6,5,B,acquiescent,0.7,1.0,1.0,0.0
300,0.6,5,B,acquiescent,0.8,1.0,1.0,0.0
300,0.6,5,B,acquiescent,0.9,1.0,1.0,0.0
300,0.6,5,B,acquiescent,1.0,1.0,1.0,0.0
300,0.6,5,B,fatigue,0.1,0.0,0.2,-0.2
300,0.6,5,B,fatigue,0.2,0.0,0.4,-0.4
300,0.6,5,B,fatigue,0.3,0.0,0.2,-0.2
300,0.6,5,B,fatigue,0.4,0.2,0.2,0.0
300,0.6,5,B,fatigue,0.5,0.8,0.8,0.0
300,0.6,5,B,fatigue,0.6,0.4,0.8,-0.4
300,0.6,5,B,fatigue,0.7,0.8,0.8,0.0
300,0.6,5,B,fatigue,0.8,0.8,0.8,0.0
300,0.6,5,B,fatigue,0.9,1.0,1.0,0.0
300,0.6,5,B,fatigue,1.0,1.0,0.8,0.19999999999999996
300,0.6,5,B,longstring,0.1,0.0,0.4,-0.4
300,0.6,5,B,longstring,0.2,0.2,0.4,-0.2
300,0.6,5,B,longstring,0.3,0.4,0.2,0.2
300,0.6,5,B,longstring,0.4,0.8,0.4,0.4
300,0.6,5,B,longstring,0.5,0.6,0.8,-0.20000000000000007
300,0.6,5,B,longstring,0.6,1.0,0.8,0.19999999999999996
300,0.6,5,B,longstring,0.7,1.0,0.6,0.4
300,0.6,5,B,longstring,0.8,1.0,1.0,0.0
300,0.6,5,B,longstring,0.9,1.0,0.6,0.4
300,0.6,5,B,longstring,1.0,1.0,0.8,0.19999999999999996
300,0.6,5,B,mixed,0.1,0.0,0.0,0.0
300,0.6,5,B,mixed,0.2,0.0,0.6,-0.6
300,0.6,5,B,mixed,0.3,0.4,0.4,0.0
300,0.6,5,B,mixed,0.4,0.2,0.2,0.0
300,0.6,5,B,mixed,0.5,0.6,0.4,0.19999999999999996
300,0.6,5,B,mixed,0.6,1.0,0.6,0.4
300,0.6,5,B,mixed,0.7,0.6,0.2,0.39999999999999997
300,0.6,5,B,mixed,0.8,0.6,0.4,0.19999999999999996
300,0.6,5,B,mixed,0.9,0.8,0.6,0.20000000000000007
300,0.6,5,B,mixed,1.0,0.8,0.4,0.4
300,0.6,5,B,pure_straight,0.1,0.2,0.2,0.0
300,0.6,5,B,pure_straight,0.2,0.2,0.6,-0.39999999999999997
300,0.6,5,B,pure_straight,0.3,0.0,0.8,-0.8
300,0.6,5,B,pure_straight,0.4,0.6,0.6,0.0
300,0.6,5,B,pure_straight,0.5,0.4,0.4,0.0
300,0.6,5,B,pure_straight,0.6,1.0,0.8,0.19999999999999996
300,0.6,5,B,pure_straight,0.7,1.0,1.0,0.0
300,0.6,5,B,pure_straight,0.8,1.0,1.0,0.0
300,0.6,5,B,pure_straight,0.9,1.0,1.0,0.0
300,0.6,5,B,pure_straight,1.0,1.0,1.0,0.0
300,0.6,5,B,random,0.1,0.0,0.2,-0.2
300,0.6,5,B,random,0.2,0.0,0.0,0.0
300,0.6,5,B,random,0.3,0.0,0.2,-0.2
300,0.6,5,B,random,0.4,0.4,0.4,0.0
300,0.6,5,B,random,0.5,0.6,0.2,0.39999999999999997
300,0.6,5,B,random,0.6,0.8,0.8,0.0
300,0.6,5,B,random,0.7,1.0,0.6,0.4
300,0.6,5,B,random,0.8,0.8,0.6,0.20000000000000007
300,0.6,5,B,random,0.9,1.0,0.6,0.4
300,0.6,5,B,random,1.0,0.8,0.6,0.20000000000000007
300,0.6,6,B,acquiescent,0.1,0.0,0.4,-0.4
300,0.6,6,B,acquiescent,0.2,0.4,0.2,0.2
300,0.6,6,B,acquiescent,0.3,0.6,0.4,0.19999999999999996
300,0.6,6,B,acquiescent,0.4,0.6,0.2,0.39999999999999997
300,0.6,6,B,acquiescent,0.5,0.8,0.8,0.0
300,0.6,6,B,acquiescent,0.6,1.0,1.0,0.0
300,0.6,6,B,acquiescent,0.7,1.0,0.8,0.19999999999999996
300,0.6,6,B,acquiescent,0.8,1.0,1.0,0.0
300,0.6,6,B,acquiescent,0.9,1.0,1.0,0.0
300,0.6,6,B,acquiescent,1.0,1.0,1.0,0.0
300,0.6,6,B,fatigue,0.1,0.0,0.2,-0.2
300,0.6,6,B,fatigue,0.2,0.0,0.2,-0.2
300,0.6,6,B,fatigue,0.3,0.0,0.0,0.0
300,0.6,6,B,fatigue,0.4,0.2,0.4,-0.2
300,0.6,6,B,fatigue,0.5,0.4,0.4,0.0
300,0.6,6,B,fatigue,0.6,0.8,0.6,0.20000000000000007
300,0.6,6,B,fatigue,0.7,0.6,1.0,-0.4
300,0.6,6,B,fatigue,0.8,1.0,1.0,0.0
300,0.6,6,B,fatigue,0.9,1.0,1.0,0.0
300,0.6,6,B,fatigue,1.0,1.0,1.0,0.0
300,0.6,6,B,longstring,0.1,0.0,0.2,-0.2
300,0.6,6,B,longstring,0.2,0.0,0.0,0.0
300,0.6,6,B,longstring,0.3,0.6,0.6,0.0
300,0.6,6,B,longstring,0.4,0.6,0.4,0.19999999999999996
300,0.6,6,B,longstring,0.5,0.8,0.8,0.0
300,0.6,6,B,longstring,0.6,0.8,1.0,-0.19999999999999996
300,0.6,6,B,longstring,0.7,0.8,0.8,0.0
300,0.6,6,B,longstring,0.8,1.0,1.0,0.0
300,0.6,6,B,longstring,0.9,1.0,1.0,0.0
300,0.6,6,B,longstring,1.0,1.0,0.8,0.19999999999999996
300,0.6,6,B,mixed,0.1,0.0,0.0,0.0
300,0.6,6,B,mixed,0.2,0.2,0.0,0.2
300,0.6,6,B,mixed,0.3,0.4,0.2,0.2
300,0.6,6,B,mixed,0.4,0.6,0.2,0.39999999999999997
300,0.6,6,B,mixed,0.5,0.6,0.4,0.19999999999999996
300,0.6,6,B,mixed,0.6,0.4,0.2,0.2
300,0.6,6,B,mixed,0.7,0.8,0.4,0.4
300,0.6,6,B,mixed,0.8,0.6,0.4,0.19999999999999996
300,0.6,6,B,mixed,0.9,0.8,0.8,0.0
300,0.6,6,B,mixed,1.0,1.0,0.6,0.4
300,0.6,6,B,pure_straight,0.1,0.0,0.4,-0.4
300,0.6,6,B,pure_straight,0.2,0.0,0.4,-0.4
300,0.6,6,B,pure_straight,0.3,0.8,0.6,0.20000000000000007
300,0.6,6,B,pure_straight,0.4,0.4,1.0,-0.6
300,0.6,6,B,pure_straight,0.5,1.0,0.8,0.19999999999999996
300,0.6,6,B,pure_straight,0.6,1.0,1.0,0.0
300,0.6,6,B,pure_straight,0.7,0.8,0.8,0.0
300,0.6,6,B,pure_straight,0.8,1.0,1.0,0.0
300,0.6,6,B,pure_straight,0.9,1.0,1.0,0.0
300,0.6,6,B,pure_straight,1.0,1.0,1.0,0.0
300,0.6,6,B,random,0.1,0.0,0.2,-0.2
300,0.6,6,B,random,0.2,0.2,0.0,0.2
300,0.6,6,B,random,0.3,0.0,0.2,-0.2
300,0.6,6,B,random,0.4,0.2,0.4,-0.2
300,0.6,6,B,random,0.5,0.4,0.4,0.0
300,0.6,6,B,random,0.6,0.6,0.4,0.19999999999999996
300,0.6,6,B,random,0.7,0.6,0.4,0.19999999999999996
300,0.6,6,B,random,0.8,1.0,0.6,0.4
300,0.6,6,B,random,0.9,0.8,0.6,0.20000000000000007
300,0.6,6,B,random,1.0,0.6,0.2,0.39999999999999997
300,0.6,7,B,acquiescent,0.1,0.0,0.0,0.0
300,0.6,7,B,acquiescent,0.2,0.4,0.4,0.0
300,0.6,7,B,acquiescent,0.3,0.4,0.2,0.2
300,0.6,7,B,acquiescent,0.4,0.2,0.4,-0.2
300,0.6,7,B,acquiescent,0.5,1.0,1.0,0.0
300,0.6,7,B,acquiescent,0.6,1.0,0.8,0.19999999999999996
300,0.6,7,B,acquiescent,0.7,1.0,1.0,0.0
300,0.6,7,B,acquiescent,0.8,1.0,1.0,0.0
300,0.6,7,B,acquiescent,0.9,1.0,1.0,0.0
300,0.6,7,B,acquiescent,1.0,1.0,1.0,0.0
300,0.6,7,B,fatigue,0.1,0.0,0.2,-0.2
300,0.6,7,B,fatigue,0.2,0.0,0.2,-0.2
300,0.6,7,B,fatigue,0.3,0.0,0.4,-0.4
300,0.6,7,B,fatigue,0.4,0.4,0.4,0.0
300,0.6,7,B,fatigue,0.5,0.4,0.6,-0.19999999999999996
300,0.6,7,B,fatigue,0.6,1.0,0.8,0.19999999999999996
300,0.6,7,B,fatigue,0.7,0.8,1.0,-0.19999999999999996
300,0.6,7,B,fatigue,0.8,1.0,1.0,0.0
300,0.6,7,B,fatigue,0.9,1.0,1.0,0.0
300,0.6,7,B,fatigue,1.0,1.0,0.8,0.19999999999999996
300,0.6,7,B,longstring,0.1,0.0,0.2,-0.2
300,0.6,7,B,longstring,0.2,0.0,0.0,0.0
300,0.6,7,B,longstring,0.3,0.8,0.6,0.20000000000000007
300,0.6,7,B,longstring,0.4,0.4,0.2,0.2
300,0.6,7,B,longstring,0.5,0.6,0.6,0.0
300,0.6,7,B,longstring,0.6,0.8,0.8,0.0
300,0.6,7,B,longstring,0.7,0.8,0.8,0.0
300,0.6,7,B,longstring,0.8,1.0,0.8,0.19999999999999996
300,0.6,7,B,longstring,0.9,0.8,0.8,0.0
300,0.6,7,B,longstring,1.0,1.0,1.0,0.0
300,0.6,7,B,mixed,0.1,0.0,0.0,0.0
300,0.6,7,B,mixed,0.2,0.2,0.2,0.0
300,0.6,7,B,mixed,0.3,0.2,0.4,-0.2
300,0.6,7,B,mixed,0.4,0.8,0.2,0.6000000000000001
300,0.6,7,B,mixed,0.5,0.0,0.2,-0.2
300,0.6,7,B,mixed,0.6,0.6,0.6,0.0
300,0.6,7,B,mixed,0.7,0.4,0.0,0.4
300,0.6,7,B,mixed,0.8,1.0,0.6,0.4
300,0.6,7,B,mixed,0.9,1.0,0.6,0.4
300,0.6,7,B,mixed,1.0,1.0,0.8,0.19999999999999996
300,0.6,7,B,pure_straight,0.1,0.0,0.2,-0.2
300,0.6,7,B,pure_straight,0.2,0.2,0.4,-0.2
300,0.6,7,B,pure_straight,0.3,0.2,0.4,-0.2
300,0.6,7,B,pure_straight,0.4,0.8,0.4,0.4
300,0.6,7,B,pure_straight,0.5,0.8,1.0,-0.19999999999999996
300,0.6,7,B,pure_straight,0.6,1.0,1.0,0.0
300,0.6,7,B,pure_straight,0.7,1.0,1.0,0.0
300,0.6,7,B,pure_straight,0.8,1.0,1.0,0.0
300,0.6,7,B,pure_straight,0.9,1.0,1.0,0.0
300,0.6,7,B,pure_straight,1.0,1.0,1.0,0.0
300,0.6,7,B,random,0.1,0.0,0.2,-0.2
300,0.6,7,B,random,0.2,0.0,0.2,-0.2
300,0.6,7,B,random,0.3,0.0,0.2,-0.2
300,0.6,7,B,random,0.4,0.2,0.2,0.0
300,0.6,7,B,random,0.5,0.8,0.4,0.4
300,0.6,7,B,random,0.6,0.4,0.6,-0.19999999999999996
300,0.6,7,B,random,0.7,1.0,0.4,0.6
300,0.6,7,B,random,0.8,0.8,0.6,0.20000000000000007
300,0.6,7,B,random,0.9,0.6,0.4,0.19999999999999996
300,0.6,7,B,random,1.0,0.8,0.6,0.20000000000000007
300,0.6,8,B,acquiescent,0.1,0.2,0.2,0.0
300,0.6,8,B,acquiescent,0.2,0.0,0.6,-0.6
300,0.6,8,B,acquiescent,0.3,0.2,0.2,0.0
300,0.6,8,B,acquiescent,0.4,0.6,0.2,0.39999999999999997
300,0.6,8,B,acquiescent,0.5,0.8,0.8,0.0
300,0.6,8,B,acquiescent,0.6,0.8,0.6,0.20000000000000007
300,0.6,8,B,acquiescent,0.7,1.0,1.0,0.0
300,0.6,8,B,acquiescent,0.8,1.0,1.0,0.0
300,0.6,8,B,acquiescent,0.9,1.0,1.0,0.0
300,0.6,8,B,acquiescent,1.0,1.0,1.0,0.0
300,0.6,8,B,fatigue,0.1,0.0,0.2,-0.2
300,0.6,8,B,fatigue,0.2,0.0,0.0,0.0
300,0.6,8,B,fatigue,0.3,0.2,0.2,0.0
300,0.6,8,B,fatigue,0.4,0.2,0.4,-0.2
300,0.6,8,B,fatigue,0.5,0.2,0.2,0.0
300,0.6,8,B,fatigue,0.6,0.6,0.6,0.0
300,0.6,8,B,fatigue,0.7,0.8,0.8,0.0
300,0.6,8,B,fatigue,0.8,0.8,1.0,-0.19999999999999996
300,0.6,8,B,fatigue,0.9,1.0,1.0,0.0
300,0.6,8,B,fatigue,1.0,1.0,1.0,0.0
300,0.6,8,B,longstring,0.1,0.0,0.2,-0.2
300,0.6,8,B,longstring,0.2,0.0,0.2,-0.2
300,0.6,8,B,longstring,0.3,0.4,0.4,0.0
300,0.6,8,B,longstring,0.4,0.6,0.6,0.0
300,0.6,8,B,longstring,0.5,0.6,0.4,0.19999999999999996
300,0.6,8,B,longstring,0.6,1.0,1.0,0.0
300,0.6,8,B,longstring,0.7,1.0,1.0,0.0
300,0.6,8,B,longstring,0.8,1.0,1.0,0.0
300,0.6,8,B,longstring,0.9,1.0,1.0,0.0
300,0.6,8,B,longstring,1.0,0.8,0.8,0.0
300,0.6,8,B,mixed,0.1,0.0,0.0,0.0
300,0.6,8,B,mixed,0.2,0.0,0.0,0.0
300,0.6,8,B,mixed,0.3,0.0,0.0,0.0
300,0.6,8,B,mixed,0.4,0.2,0.2,0.0
300,0.6,8,B,mixed,0.5,0.4,0.2,0.2
300,0.6,8,B,mixed,0.6,0.8,0.8,0.0
300,0.6,8,B,mixed,0.7,0.8,0.8,0.0
300,0.6,8,B,mixed,0.8,0.8,1.0,-0.19999999999999996
300,0.6,8,B,mixed,0.9,1.0,0.6,0.4
300,0.6,8,B,mixed,1.0,1.0,0.6,0.4
300,0.6,8,B,pure_straight,0.1,0.2,0.2,0.0
300,0.6,8,B,pure_straight,0.2,0.4,0.4,0.0
300,0.6,8,B,pure_straight,0.3,0.4,0.6,-0.19999999999999996
300,0.6,8,B,pure_straight,0.4,0.6,0.4,0.19999999999999996
300,0.6,8,B,pure_straight,0.5,0.8,1.0,-0.19999999999999996
300,0.6,8,B,pure_straight,0.6,1.0,1.0,0.0
300,0.6,8,B,pure_straight,0.7,1.0,1.0,0.0
300,0.6,8,B,pure_straight,0.8,1.0,1.0,0.0
300,0.6,8,B,pure_straight,0.9,1.0,1.0,0.0
300,0.6,8,B,pure_straight,1.0,1.0,1.0,0.0
300,0.6,8,B,random,0.1,0.2,0.2,0.0
300,0.6,8,B,random,0.2,0.0,0.0,0.0
300,0.6,8,B,random,0.3,0.4,0.6,-0.19999999999999996
300,0.6,8,B,random,0.4,0.2,0.2,0.0
300,0.6,8,B,random,0.5,0.6,0.2,0.39999999999999997
300,0.6,8,B,random,0.6,0.6,0.2,0.39999999999999997
300,0.6,8,B,random,0.7,0.8,0.0,0.8
300,0.6,8,B,random,0.8,1.0,0.4,0.6
300,0.6,8,B,random,0.9,0.8,0.4,0.4
300,0.6,8,B,random,1.0,0.8,0.8,0.0
300,0.6,9,B,acquiescent,0.1,0.2,0.2,0.0
300,0.6,9,B,acquiescent,0.2,0.4,0.8,-0.4
300,0.6,9,B,acquiescent,0.3,0.2,0.8,-0.6000000000000001
300,0.6,9,B,acquiescent,0.4,0.8,0.8,0.0
300,0.6,9,B,acquiescent,0.5,0.6,0.6,0.0
300,0.6,9,B,acquiescent,0.6,0.8,0.8,0.0
300,0.6,9,B,acquiescent,0.7,1.0,1.0,0.0
300,0.6,9,B,acquiescent,0.8,1.0,1.0,0.0
300,0.6,9,B,acquiescent,0.9,1.0,1.0,0.0
300,0.6,9,B,acquiescent,1.0,1.0,1.0,0.0
300,0.6,9,B,fatigue,0.1,0.0,0.2,-0.2
300,0.6,9,B,fatigue,0.2,0.0,0.2,-0.2
300,0.6,9,B,fatigue,0.3,0.4,0.6,-0.19999999999999996
300,0.6,9,B,fatigue,0.4,0.0,0.2,-0.2
300,0.6,9,B,fatigue,0.5,0.4,0.6,-0.19999999999999996
300,0.6,9,B,fatigue,0.6,0.4,0.6,-0.19999999999999996
300,0.6,9,B,fatigue,0.7,1.0,1.0,0.0
300,0.6,9,B,fatigue,0.8,1.0,0.6,0.4
300,0.6,9,B,fatigue,0.9,1.0,1.0,0.0
300,0.6,9,B,fatigue,1.0,0.8,0.8,0.0
300,0.6,9,B,longstring,0.1,0.0,0.2,-0.2
300,0.6,9,B,longstring,0.2,0.0,0.0,0.0
300,0.6,9,B,longstring,0.3,0.4,0.0,0.4
300,0.6,9,B,longstring,0.4,0.8,0.4,0.4
300,0.6,9,B,longstring,0.5,0.6,0.2,0.39999999999999997
300,0.6,9,B,longstring,0.6,0.8,0.6,0.20000000000000007
300,0.6,9,B,longstring,0.7,1.0,1.0,0.0
300,0.6,9,B,longstring,0.8,1.0,0.8,0.19999999999999996
300,0.6,9,B,longstring,0.9,0.8,0.6,0.20000000000000007
300,0.6,9,B,longstring,1.0,1.0,1.0,0.0
300,0.6,9,B,mixed,0.1,0.2,0.0,0.2
300,0.6,9,B,mixed,0.2,0.0,0.2,-0.2
300,0.6,9,B,mixed,0.3,0.4,0.2,0.2
300,0.6,9,B,mixed,0.4,0.6,0.2,0.39999999999999997
300,0.6,9,B,mixed,0.5,0.8,0.4,0.4
300,0.6,9,B,mixed,0.6,0.2,0.0,0.2
300,0.6,9,B,mixed,0.7,1.0,0.2,0.8
300,0.6,9,B,mixed,0.8,0.8,0.2,0.6000000000000001
300,0.6,9,B,mixed,0.9,1.0,0.6,0.4
300,0.6,9,B,mixed,1.0,1.0,0.8,0.19999999999999996
300,0.6,9,B,pure_straight,0.1,0.2,0.2,0.0
300,0.6,9,B,pure_straight,0.2,0.2,0.6,-0.39999999999999997
300,0.6,9,B,pure_straight,0.3,0.2,1.0,-0.8
300,0.6,9,B,pure_straight,0.4,0.2,0.6,-0.39999999999999997
300,0.6,9,B,pure_straight,0.5,0.4,0.6,-0.19999999999999996
300,0.6,9,B,pure_straight,0.6,1.0,1.0,0.0
300,0.6,9,B,pure_straight,0.7,0.8,1.0,-0.19999999999999996
300,0.6,9,B,pure_straight,0.8,1.0,1.0,0.0
300,0.6,9,B,pure_straight,0.9,1.0,1.0,0.0
300,0.6,9,B,pure_straight,1.0,1.0,1.0,0.0
300,0.6,9,B,random,0.1,0.2,0.0,0.2
300,0.6,9,B,random,0.2,0.0,0.2,-0.2
300,0.6,9,B,random,0.3,0.4,0.4,0.0
300,0.6,9,B,random,0.4,0.6,0.2,0.39999999999999997
300,0.6,9,B,random,0.5,0.2,0.2,0.0
300,0.6,9,B,random,0.6,0.6,0.2,0.39999999999999997
300,0.6,9,B,random,0.7,0.6,0.6,0.0
300,0.6,9,B,random,0.8,0.6,0.0,0.6
300,0.6,9,B,random,0.9,1.0,0.2,0.8
300,0.6,9,B,random,1.0,0.6,0.4,0.19999999999999996
300,0.6,10,B,acquiescent,0.1,0.0,0.0,0.0
300,0.6,10,B,acquiescent,0.2,0.2,0.0,0.2
300,0.6,10,B,acquiescent,0.3,0.6,0.6,0.0
300,0.6,10,B,acquiescent,0.4,0.4,0.6,-0.19999999999999996
300,0.6,10,B,acquiescent,0.5,0.4,0.4,0.0
300,0.6,10,B,acquiescent,0.6,1.0,0.8,0.19999999999999996
300,0.6,10,B,acquiescent,0.7,1.0,1.0,0.0
300,0.6,10,B,acquiescent,0.8,1.0,0.8,0.19999999999999996
300,0.6,10,B,acquiescent,0.9,1.0,1.0,0.0
300,0.6,10,B,acquiescent,1.0,1.0,1.0,0.0
300,0.6,10,B,fatigue,0.1,0.0,0.2,-0.2
300,0.6,10,B,fatigue,0.2,0.4,0.4,0.0
300,0.6,10,B,fatigue,0.3,0.2,0.2,0.0
300,0.6,10,B,fatigue,0.4,0.2,0.2,0.0
300,0.6,10,B,fatigue,0.5,0.4,0.6,-0.19999999999999996
300,0.6,10,B,fatigue,0.6,0.6,0.8,-0.20000000000000007
300,0.6,10,B,fatigue,0.7,1.0,0.8,0.19999999999999996
300,0.6,10,B,fatigue,0.8,1.0,1.0,0.0
300,0.6,10,B,fatigue,0.9,1.0,1.0,0.0
300,0.6,10,B,fatigue,1.0,1.0,1.0,0.0
300,0.6,10,B,longstring,0.1,0.0,0.0,0.0
300,0.6,10,B,longstring,0.2,0.2,0.2,0.0
300,0.6,10,B,longstring,0.3,0.0,0.0,0.0
300,0.6,10,B,longstring,0.4,0.6,0.4,0.19999999999999996
300,0.6,10,B,longstring,0.5,0.2,0.2,0.0
300,0.6,10,B,longstring,0.6,0.8,0.4,0.4
300,0.6,10,B,longstring,0.7,0.8,0.6,0.20000000000000007
300,0.6,10,B,longstring,0.8,1.0,0.8,0.19999999999999996
300,0.6,10,B,longstring,0.9,1.0,1.0,0.0
300,0.6,10,B,longstring,1.0,1.0,0.8,0.19999999999999996
300,0.6,10,B,mixed,0.1,0.0,0.0,0.0
300,0.6,10,B,mixed,0.2,0.2,0.2,0.0
300,0.6,10,B,mixed,0.3,0.4,0.6,-0.19999999999999996
300,0.6,10,B,mixed,0.4,0.6,0.4,0.19999999999999996
300,0.6,10,B,mixed,0.5,0.4,0.4,0.0
300,0.6,10,B,mixed,0.6,0.6,0.2,0.39999999999999997
300,0.6,10,B,mixed,0.7,0.8,0.8,0.0
300,0.6,10,B,mixed,0.8,0.8,0.6,0.20000000000000007
300,0.6,10,B,mixed,0.9,0.8,1.0,-0.19999999999999996
300,0.6,10,B,mixed,1.0,0.8,0.4,0.4
300,0.6,10,B,pure_straight,0.1,0.0,0.2,-0.2
300,0.6,10,B,pure_straight,0.2,0.2,1.0,-0.8
300,0.6,10,B,pure_straight,0.3,0.6,0.6,0.0
300,0.6,10,B,pure_straight,0.4,0.4,0.4,0.0
300,0.6,10,B,pure_straight,0.5,0.6,0.6,0.0
300,0.6,10,B,pure_straight,0.6,0.8,0.8,0.0
300,0.6,10,B,pure_straight,0.7,1.0,1.0,0.0
300,0.6,10,B,pure_straight,0.8,1.0,1.0,0.0
300,0.6,10,B,pure_straight,0.9,1.0,1.0,0.0
300,0.6,10,B,pure_straight,1.0,1.0,1.0,0.0
300,0.6,10,B,random,0.1,0.0,0.0,0.0
300,0.6,10,B,random,0.2,0.0,0.2,-0.2
300,0.6,10,B,random,0.3,0.2,0.6,-0.39999999999999997
300,0.6,10,B,random,0.4,0.6,0.2,0.39999999999999997
300,0.6,10,B,random,0.5,0.0,0.6,-0.6
300,0.6,10,B,random,0.6,0.6,0.4,0.19999999999999996
300,0.6,10,B,random,0.7,1.0,0.6,0.4
300,0.6,10,B,random,0.8,0.6,0.0,0.6
300,0.6,10,B,random,0.9,1.0,0.6,0.4
300,0.6,10,B,random,1.0,0.8,0.4,0.4
300,0.6,11,B,acquiescent,0.1,0.0,0.0,0.0
300,0.6,11,B,acquiescent,0.2,0.0,0.2,-0.2
300,0.6,11,B,acquiescent,0.3,0.2,0.4,-0.2
300,0.6,11,B,acquiescent,0.4,0.2,0.6,-0.39999999999999997
300,0.6,11,B,acquiescent,0.5,1.0,0.4,0.6
300,0.6,11,B,acquiescent,0.6,0.6,0.6,0.0
300,0.6,11,B,acquiescent,0.7,1.0,1.0,0.0
300,0.6,11,B,acquiescent,0.8,1.0,1.0,0.0
300,0.6,11,B,acquiescent,0.9,1.0,1.0,0.0
300,0.6,11,B,acquiescent,1.0,1.0,1.0,0.0
300,0.6,11,B,fatigue,0.1,0.0,0.0,0.0
300,0.6,11,B,fatigue,0.2,0.0,0.0,0.0
300,0.6,11,B,fatigue,0.3,0.2,0.6,-0.39999999999999997
300,0.6,11,B,fatigue,0.4,0.4,0.2,0.2
300,0.6,11,B,fatigue,0.5,0.6,0.6,0.0
300,0.6,11,B,fatigue,0.6,1.0,1.0,0.0
300,0.6,11,B,fatigue,0.7,0.6,0.6,0.0
300,0.6,11,B,fatigue,0.8,1.0,1.0,0.0
300,0.6,11,B,fatigue,0.9,1.0,1.0,0.0
300,0.6,11,B,fatigue,1.0,0.8,0.6,0.20000000000000007
300,0.6,11,B,longstring,0.1,0.0,0.2,-0.2
300,0.6,11,B,longstring,0.2,0.2,0.4,-0.2
300,0.6,11,B,longstring,0.3,0.0,0.4,-0.4
300,0.6,11,B,longstring,0.4,0.2,0.4,-0.2
300,0.6,11,B,longstring,0.5,0.8,0.4,0.4
300,0.6,11,B,longstring,0.6,0.8,0.8,0.0
300,0.6,11,B,longstring,0.7,0.8,0.6,0.20000000000000007
300,0.6,11,B,longstring,0.8,1.0,0.4,0.6
300,0.6,11,B,longstring,0.9,0.8,0.4,0.4
300,0.6,11,B,longstring,1.0,1.0,1.0,0.0
300,0.6,11,B,mixed,0.1,0.0,0.2,-0.2
300,0.6,11,B,mixed,0.2,0.0,0.2,-0.2
300,0.6,11,B,mixed,0.3,0.4,0.2,0.2
300,0.6,11,B,mixed,0.4,0.2,0.2,0.0
300,0.6,11,B,mixed,0.5,1.0,0.4,0.6
300,0.6,11,B,mixed,0.6,0.4,0.4,0.0
300,0.6,11,B,mixed,0.7,1.0,0.4,0.6
300,0.6,11,B,mixed,0.8,1.0,1.0,0.0
300,0.6,11,B,mixed,0.9,1.0,0.8,0.19999999999999996
300,0.6,11,B,mixed,1.0,0.8,0.4,0.4
300,0.6,11,B,pure_straight,0.1,0.0,0.4,-0.4
300,0.6,11,B,pure_straight,0.2,0.2,0.4,-0.2
300,0.6,11,B,pure_straight,0.3,0.6,0.8,-0.20000000000000007
300,0.6,11,B,pure_straight,0.4,0.6,0.6,0.0
300,0.6,11,B,pure_straight,0.5,1.0,0.8,0.19999999999999996
300,0.6,11,B,pure_straight,0.6,0.8,0.6,0.20000000000000007
300,0.6,11,B,pure_straight,0.7,1.0,1.0,0.0
300,0.6,11,B,pure_straight,0.8,1.0,1.0,0.0
300,0.6,11,B,pure_straight,0.9,1.0,1.0,0.0
300,0.6,11,B,pure_straight,1.0,1.0,1.0,0.0
300,0.6,11,B,random,0.1,0.0,0.0,0.0
300,0.6,11,B,random,0.2,0.2,0.4,-0.2
300,0.6,11,B,random,0.3,0.0,0.2,-0.2
300,0.6,11,B,random,0.4,0.2,0.2,0.0
300,0.6,11,B,random,0.5,0.6,0.2,0.39999999999999997
300,0.6,11,B,random,0.6,0.8,0.6,0.20000000000000007
300,0.6,11,B,random,0.7,0.8,0.4,0.4
300,0.6,11,B,random,0.8,1.0,1.0,0.0
300,0.6,11,B,random,0.9,1.0,0.8,0.19999999999999996
300,0.6,11,B,random,1.0,0.8,1.0,-0.19999999999999996
300,0.6,12,B,acquiescent,0.1,0.0,0.0,0.0
300,0.6,12,B,acquiescent,0.2,0.0,0.2,-0.2
300,0.6,12,B,acquiescent,0.3,0.4,0.4,0.0
300,0.6,12,B,acquiescent,0.4,0.6,0.6,0.0
300,0.6,12,B,acquiescent,0.5,0.6,0.6,0.0
300,0.6,12,B,acquiescent,0.6,1.0,0.8,0.19999999999999996
300,0.6,12,B,acquiescent,0.7,1.0,1.0,0.0
300,0.6,12,B,acquiescent,0.8,1.0,1.0,0.0
300,0.6,12,B,acquiescent,0.9,1.0,1.0,0.0
300,0.6,12,B,acquiescent,1.0,1.0,1.0,0.0
300,0.6,12,B,fatigue,0.1,0.0,0.0,0.0
300,0.6,12,B,fatigue,0.2,0.0,0.0,0.0
300,0.6,12,B,fatigue,0.3,0.0,0.4,-0.4
300,0.6,12,B,fatigue,0.4,0.8,0.8,0.0
300,0.6,12,B,fatigue,0.5,0.4,0.4,0.0
300,0.6,12,B,fatigue,0.6,0.8,0.8,0.0
300,0.6,12,B,fatigue,0.7,0.8,0.8,0.0
300,0.6,12,B,fatigue,0.8,1.0,1.0,0.0
300,0.6,12,B,fatigue,0.9,0.8,1.0,-0.19999999999999996
300,0.6,12,B,fatigue,1.0,1.0,1.0,0.0
300,0.6,12,B,longstring,0.1,0.0,0.2,-0.2
300,0.6,12,B,longstring,0.2,0.2,0.4,-0.2
300,0.6,12,B,longstring,0.3,0.2,0.6,-0.39999999999999997
300,0.6,12,B,longstring,0.4,0.4,0.6,-0.19999999999999996
300,0.6,12,B,longstring,0.5,0.4,0.0,0.4
300,0.6,12,B,longstring,0.6,1.0,0.8,0.19999999999999996
300,0.6,12,B,longstring,0.7,1.0,1.0,0.0
300,0.6,12,B,longstring,0.8,1.0,0.8,0.19999999999999996
300,0.6,12,B,longstring,0.9,1.0,0.8,0.19999999999999996
300,0.6,12,B,longstring,1.0,1.0,1.0,0.0
300,0.6,12,B,mixed,0.1,0.2,0.0,0.2
300,0.6,12,B,mixed,0.2,0.0,0.0,0.0
300,0.6,12,B,mixed,0.3,0.4,0.4,0.0
300,0.6,12,B,mixed,0.4,0.4,0.2,0.2
300,0.6,12,B,mixed,0.5,0.0,0.2,-0.2
300,0.6,12,B,mixed,0.6,0.6,0.6,0.0
300,0.6,12,B,mixed,0.7,1.0,0.6,0.4
300,0.6,12,B,mixed,0.8,0.8,0.8,0.0
300,0.6,12,B,mixed,0.9,0.8,0.8,0.0
300,0.6,12,B,mixed,1.0,1.0,0.8,0.19999999999999996
300,0.6,12,B,pure_straight,0.1,0.2,0.4,-0.2
300,0.6,12,B,pure_straight,0.2,0.0,0.0,0.0
300,0.6,12,B,pure_straight,0.3,0.4,0.8,-0.4
300,0.6,12,B,pure_straight,0.4,0.6,0.8,-0.20000000000000007
300,0.6,12,B,pure_straight,0.5,0.4,0.8,-0.4
300,0.6,12,B,pure_straight,0.6,0.8,1.0,-0.19999999999999996
300,0.6,12,B,pure_straight,0.7,1.0,1.0,0.0
300,0.6,12,B,pure_straight,0.8,1.0,1.0,0.0
300,0.6,12,B,pure_straight,0.9,1.0,1.0,0.0
300,0.6,12,B,pure_straight,1.0,1.0,1.0,0.0
300,0.6,12,B,random,0.1,0.0,0.0,0.0
300,0.6,12,B,random,0.2,0.0,0.2,-0.2
300,0.6,12,B,random,0.3,0.4,0.0,0.4
300,0.6,12,B,random,0.4,0.4,0.2,0.2
300,0.6,12,B,random,0.5,0.4,0.4,0.0
300,0.6,12,B,random,0.6,1.0,0.4,0.6
300,0.6,12,B,random,0.7,0.8,0.4,0.4
300,0.6,12,B,random,0.8,0.6,0.0,0.6
300,0.6,12,B,random,0.9,1.0,0.6,0.4
300,0.6,12,B,random,1.0,0.8,0.6,0.20000000000000007
