sens,spec,ppv,npv,bal_acc,youden_j,g_mean,f1,f2,mcc,kappa,auc,auprc,tau_op,size,rate,rep,scenario,tau,n_pos,n_neg
0.5666666666666667,0.948936170212766,0.4146341463414634,0.971677559912854,0.7578014184397164,0.5156028368794328,0.7333010953584487,0.47887323943661975,0.5279503105590062,0.4462996881742806,0.4400726392251816,0.7640780141843972,0.5448972372274071,0.19496894841269813,30,0.1,1,B,0.4,30,470
0.45454545454545453,0.9486081370449678,0.38461538461538464,0.9609544468546638,0.7015767957952111,0.4031535915904223,0.656647178352745,0.41666666666666663,0.43859649122807015,0.373252888404694,0.3717465446059953,0.8573746025566156,0.5321684776152726,0.2383214285714286,30,0.1,2,B,0.4,33,467
0.5555555555555556,0.9492600422832981,0.38461538461538464,0.9739696312364425,0.7524077989194269,0.5048155978388538,0.7262001722372337,0.4545454545454546,0.5102040816326531,0.4254636402247493,0.4173625946785783,0.8793751468170073,0.43205674266990546,0.18844047619047594,30,0.1,3,B,0.4,27,473
0.6,0.948936170212766,0.42857142857142855,0.9737991266375546,0.774468085106383,0.548936170212766,0.7545606020245554,0.5,0.5555555555555556,0.4699742031035358,0.4623655913978494,0.839645390070922,0.558642326691839,0.192720238095238,30,0.1,4,B,0.4,30,470
0.5384615384615384,0.9493670886075949,0.3684210526315789,0.974025974025974,0.7439143135345667,0.48782862706913344,0.7149808830286284,0.4375,0.49295774647887325,0.4087241892257675,0.4004796163069545,0.8247322297955209,0.45122695291204856,0.1649053571428565,30,0.1,5,B,0.4,26,474
0.5333333333333333,0.948936170212766,0.4,0.9695652173913043,0.7411347517730497,0.4822695035460993,0.7114065580103559,0.4571428571428572,0.5,0.42217299051361706,0.4171779141104295,0.8171985815602838,0.4742492502110662,0.17469166666666658,30,0.1,6,B,0.4,30,470
0.5625,0.9487179487179487,0.42857142857142855,0.9694323144104804,0.7556089743589743,0.5112179487179487,0.7305161505085608,0.4864864864864864,0.5294117647058824,0.45107278466925615,0.44625786896712516,0.7951388888888888,0.4402841947637498,0.18030119047619036,30,0.1,7,B,0.4,32,468
0.3125,0.9487179487179487,0.29411764705882354,0.9527896995708155,0.6306089743589743,0.2612179487179487,0.5444945903995364,0.30303030303030304,0.30864197530864196,0.25396186841726026,0.25382818582922406,0.7372128739316239,0.3710273257813304,0.23476785714285697,30,0.1,8,B,0.4,32,468
0.40625,0.9487179487179487,0.35135135135135137,0.958963282937365,0.6774839743589743,0.3549679487179487,0.6208193510729725,0.37681159420289856,0.3939393939393939,0.3318911707030274,0.3308850989667621,0.7090010683760684,0.39326455238802394,0.18226726190476192,30,0.1,9,B,0.4,32,468
0.41379310344827586,0.9490445859872612,0.3333333333333333,0.9633620689655172,0.6814188447177685,0.36283768943553696,0.6266642678072948,0.36923076923076925,0.39473684210526316,0.3281040600728099,0.325923977377351,0.7728969909949484,0.44827817043091406,0.1805952380952381,30,0.1,10,B,0.4,29,471
0.41935483870967744,0.9488272921108742,0.35135135135135137,0.9611231101511879,0.6840910654102759,0.36818213082055173,0.6307894387563061,0.38235294117647056,0.40372670807453415,0.33918654611144194,0.3376647953068821,0.6387303115757618,0.39523671041923036,0.16937619047619043,30,0.1,11,B,0.4,31,469
0.3448275862068966,0.9490445859872612,0.29411764705882354,0.9592274678111588,0.6469360860970789,0.29387217219415773,0.5720635924341898,0.31746031746031744,0.3333333333333333,0.27285725063047184,0.27187753996206987,0.761695585328355,0.35001744219837083,0.18119047619047618,30,0.1,12,B,0.4,29,471
0.39655172413793105,0.9479638009049773,0.5,0.9229074889867841,0.6722577625214542,0.3445155250429084,0.6131204446674529,0.4423076923076923,0.4136690647482014,0.38170433009445925,0.3785359163380765,0.7689772195350288,0.4971189162004578,0.29260416666666667,30,0.2,1,B,0.4,58,442
0.42857142857142855,0.9496567505720824,0.5510204081632653,0.9201773835920177,0.6891140895717555,0.3782281791435109,0.6379621855918877,0.4821428571428571,0.4485049833887043,0.4221614416216194,0.41797455143900775,0.8447568195851949,0.5393484011142504,0.4018904761904762,30,0.2,2,B,0.4,63,437
0.46774193548387094,0.9497716894977168,0.5686274509803921,0.9265033407572383,0.7087568124907939,0.41751362498158784,0.6665193532924968,0.5132743362831858,0.48494983277591974,0.45466894736542296,0.4519292091836735,0.8570849904256888,0.5667895834513821,0.37237916666666654,30,0.2,3,B,0.4,62,438
0.43548387096774194,0.9497716894977168,0.5510204081632653,0.9223946784922394,0.6926277802327294,0.38525556046545884,0.6431253780391798,0.48648648648648646,0.45454545454545453,0.4270664989697392,0.42335707348656526,0.7341471498011489,0.5087344745574828,0.2769559523809524,30,0.2,4,B,0.4,62,438
0.532258064516129,0.9497716894977168,0.6,0.9348314606741573,0.7410148770069229,0.48202975401384585,0.7110018573704774,0.5641025641025641,0.5445544554455446,0.5077446970945437,0.506578947368421,0.7720577404625129,0.5531280559451327,0.3103744047619047,30,0.2,5,B,0.4,62,438
0.5,0.95,0.5769230769230769,0.9330357142857143,0.725,0.44999999999999996,0.689202437604511,0.5357142857142857,0.5136986301369864,0.47904222782961003,0.477491961414791,0.7887121212121212,0.6013048366814554,0.2982527777777774,30,0.2,6,B,0.4,60,440
0.36507936507936506,0.9496567505720824,0.5111111111111111,0.9120879120879121,0.6573680578257237,0.31473611565144743,0.5888124349418826,0.4259259259259259,0.3872053872053872,0.364960294702242,0.3585764535485205,0.7941048272856053,0.48344306550297494,0.35598452380952367,30,0.2,7,B,0.4,63,437
0.39344262295081966,0.9498861047835991,0.5217391304347826,0.9185022026431718,0.6716643638672094,0.3433287277344188,0.6113310727998343,0.4485981308411215,0.41379310344827586,0.3887769241888703,0.38397928499832945,0.7532208073490421,0.5075499458703041,0.30662976190476166,30,0.2,8,B,0.4,61,439
0.4166666666666667,0.95,0.5319148936170213,0.9227373068432672,0.6833333333333333,0.3666666666666667,0.6291528696058958,0.4672897196261682,0.4355400696864111,0.40829622437078583,0.4045131633932303,0.781117424242424,0.5226529369964417,0.36251765873015857,30,0.2,9,B,0.4,60,440
0.3387096774193548,0.9497716894977168,0.4883720930232558,0.9102844638949672,0.6442406834585358,0.2884813669170716,0.5671832707086901,0.4,0.36082474226804123,0.33912385417458085,0.332174355495251,0.7355096479599352,0.45159874368448155,0.3130273809523807,30,0.2,10,B,0.4,62,438
0.5,0.95,0.5769230769230769,0.9330357142857143,0.725,0.44999999999999996,0.689202437604511,0.5357142857142857,0.5136986301369864,0.47904222782961003,0.477491961414791,0.8159469696969697,0.5635734613514523,0.3474738095238097,30,0.2,11,B,0.4,60,440
0.43859649122807015,0.9480812641083521,0.5208333333333334,0.9292035398230089,0.6933388776682111,0.38667775533642224,0.6448450324201905,0.4761904761904762,0.4528985507246377,0.41715614334529055,0.41524198349919195,0.7995524929705754,0.511350445149635,0.3419791666666666,30,0.2,12,B,0.4,57,443
0.38333333333333336,0.95,0.7076923076923077,0.8298850574712644,0.6666666666666666,0.33333333333333326,0.6034622330077224,0.49729729729729727,0.42201834862385323,0.42331129804734013,0.39531859557867366,0.7613706140350878,0.5872492142131889,0.5386384920634921,30,0.4,1,B,0.4,120,380
0.39316239316239315,0.9477806788511749,0.696969696969697,0.836405529953917,0.670471536006784,0.340943072013568,0.6104356803875454,0.5027322404371585,0.4307116104868914,0.4264394311074797,0.4017566003997055,0.7964673852402313,0.641631591015896,0.5137,30,0.4,2,B,0.4,117,383
0.4117647058823529,0.94750656167979,0.7101449275362319,0.8375870069605569,0.6796356337810714,0.3592712675621428,0.6246196928465177,0.5212765957446809,0.44954128440366975,0.4436038169255602,0.4199386423986182,0.7588830807913716,0.6432357404238523,0.46654166666666663,30,0.4,3,B,0.4,119,381
0.39344262295081966,0.9497354497354498,0.7164179104477612,0.8290993071593533,0.6715890363431347,0.34317807268626943,0.611282591321961,0.507936507936508,0.43243243243243246,0.43267718608170896,0.4050056300542533,0.7519190736403851,0.6185089097732137,0.4644303571428571,30,0.4,4,B,0.4,122,378
0.423728813559322,0.9476439790575916,0.7142857142857143,0.8418604651162791,0.6856863963084567,0.37137279261691347,0.6336750420544495,0.5319148936170213,0.4612546125461255,0.4544640357033165,0.4321115126484254,0.7459290975241814,0.6202624061539536,0.4757632936507937,30,0.4,5,B,0.4,118,382
0.45,0.95,0.7397260273972602,0.8454332552693209,0.7,0.3999999999999999,0.653834841531101,0.5595854922279792,0.488245931283906,0.4838013156933665,0.4618890858445176,0.7846929824561404,0.6593110446302722,0.4710761904761906,30,0.4,6,B,0.4,120,380
0.4297520661157025,0.9498680738786279,0.7323943661971831,0.8391608391608392,0.6898100699971652,0.3796201399943304,0.6389113923594437,0.5416666666666666,0.46846846846846846,0.4658045374108122,0.4417518840873912,0.7927669595935367,0.6551886281820987,0.5186291666666664,30,0.4,7,B,0.4,121,379
0.36752136752136755,0.9477806788511749,0.6825396825396826,0.8306636155606407,0.6576510231862712,0.31530204637254244,0.5901945875740593,0.47777777777777775,0.4048964218455744,0.40226117149952445,0.3754816763666321,0.7929526232398295,0.6253507312752868,0.5707374999999993,30,0.4,8,B,0.4,117,383
0.4166666666666667,0.95,0.7246376811594203,0.8375870069605569,0.6833333333333333,0.3666666666666667,0.6291528696058958,0.5291005291005292,0.4553734061930783,0.45403639976400384,0.4290479856299717,0.7744736842105263,0.634559034021447,0.5279104166666666,30,0.4,9,B,0.4,120,380
0.4789915966386555,0.94750656167979,0.7402597402597403,0.8534278959810875,0.7132490791592228,0.4264981583184455,0.6736821808572684,0.5816326530612246,0.515370705244123,0.503196466077758,0.4854030172954791,0.8293522133262755,0.7099068210941445,0.4795833333333334,30,0.4,10,B,0.4,119,381
0.4067796610169492,0.9476439790575916,0.7058823529411765,0.8379629629629629,0.6772118200372703,0.35442364007454064,0.6208722063080292,0.5161290322580646,0.4444444444444444,0.4390348921216099,0.4152198773261253,0.7515973023338361,0.6118767491423021,0.5186244047619045,30,0.4,11,B,0.4,118,382
0.425,0.95,0.7285714285714285,0.8395348837209302,0.6875,0.375,0.6354132513569417,0.5368421052631579,0.4636363636363636,0.46156241951618476,0.4373401534526854,0.7913267543859648,0.6421652406727705,0.4872315476190476,30,0.4,12,B,0.4,120,380
0.34444444444444444,0.95,0.7948717948717948,0.7203791469194313,0.6472222222222221,0.2944444444444443,0.5720334100576838,0.4806201550387597,0.38847117794486213,0.38950324428070476,0.33610780816488295,0.8112152777777778,0.7358603927092728,0.6854998015873016,30,0.6,1,B,0.4,180,320
0.4444444444444444,0.95,0.8333333333333334,0.7524752475247525,0.6972222222222222,0.3944444444444444,0.6497862896539309,0.5797101449275363,0.49019607843137253,0.4806963076905793,0.4392884764114462,0.7801736111111113,0.7299295280152909,0.6460148809523811,30,0.6,2,B,0.4,180,320
0.36666666666666664,0.95,0.8048780487804879,0.7272727272727273,0.6583333333333333,0.31666666666666665,0.5901977069875257,0.5038167938931297,0.4114713216957606,0.4105050699039556,0.3594797004335829,0.7580555555555555,0.697544166510777,0.6416151785714286,30,0.6,3,B,0.4,180,320
0.4444444444444444,0.95,0.8333333333333334,0.7524752475247525,0.6972222222222222,0.3944444444444444,0.6497862896539309,0.5797101449275363,0.49019607843137253,0.4806963076905793,0.4392884764114462,0.792421875,0.7428833376276718,0.5911660714285716,30,0.6,4,B,0.4,180,320
0.36666666666666664,0.95,0.8048780487804879,0.7272727272727273,0.6583333333333333,0.31666666666666665,0.5901977069875257,0.5038167938931297,0.4114713216957606,0.4105050699039556,0.3594797004335829,0.750173611111111,0.6982223760569408,0.6232410714285715,30,0.6,5,B,0.4,180,320
0.31666666666666665,0.95,0.7808219178082192,0.711943793911007,0.6333333333333333,0.2666666666666666,0.5484827557301444,0.450592885375494,0.3593947036569987,0.36249715832237034,0.30652564358411494,0.7897916666666668,0.7023419785324929,0.6996354166666668,30,0.6,6,B,0.4,180,320
0.4166666666666667,0.95,0.8241758241758241,0.7432762836185819,0.6833333333333333,0.3666666666666667,0.6291528696058958,0.5535055350553505,0.4623921085080148,0.45614227260576157,0.41113490364025707,0.775173611111111,0.726913547486467,0.5838916666666669,30,0.6,7,B,0.4,180,320
0.40555555555555556,0.95,0.8202247191011236,0.7396593673965937,0.6777777777777778,0.3555555555555556,0.6207074816512024,0.5427509293680298,0.4511742892459827,0.44617249738347897,0.39976576224868243,0.7923177083333333,0.7340932464933598,0.619292261904762,30,0.6,8,B,0.4,180,320
0.4166666666666667,0.95,0.8241758241758241,0.7432762836185819,0.6833333333333333,0.3666666666666667,0.6291528696058958,0.5535055350553505,0.4623921085080148,0.45614227260576157,0.41113490364025707,0.7871354166666666,0.738660273427068,0.6099244047619048,30,0.6,9,B,0.4,180,320
0.35,0.95,0.7974683544303798,0.7220902612826603,0.6499999999999999,0.2999999999999998,0.5766281297335397,0.4864864864864865,0.39424280350438046,0.39480068985997485,0.3419750643182268,0.7714062499999998,0.7048272478725875,0.6688127976190477,30,0.6,10,B,0.4,180,320
0.36666666666666664,0.95,0.8048780487804879,0.7272727272727273,0.6583333333333333,0.31666666666666665,0.5901977069875257,0.5038167938931297,0.4114713216957606,0.4105050699039556,0.3594797004335829,0.7883333333333333,0.7129283621722905,0.6993,30,0.6,11,B,0.4,180,320
0.28888888888888886,0.95,0.7647058823529411,0.7037037037037037,0.6194444444444445,0.23888888888888893,0.523874454850057,0.41935483870967744,0.3299492385786802,0.3345113534066912,0.27652733118971073,0.795703125,0.6937187693601244,0.7099982142857142,30,0.6,12,B,0.4,180,320
0.53125,0.9487179487179487,0.4146341463414634,0.9673202614379085,0.7399839743589743,0.4799679487179487,0.7099340886704978,0.4657534246575343,0.5029585798816568,0.4281657081150288,0.42437123627346796,0.8572716346153846,0.4725276017713102,0.2425940476190476,50,0.1,1,B,0.4,32,468
0.6,0.948936170212766,0.42857142857142855,0.9737991266375546,0.774468085106383,0.548936170212766,0.7545606020245554,0.5,0.5555555555555556,0.4699742031035358,0.4623655913978494,0.8802127659574468,0.5272383927253753,0.20174970238095208,50,0.1,2,B,0.4,30,470
0.6,0.948936170212766,0.42857142857142855,0.9737991266375546,0.774468085106383,0.548936170212766,0.7545606020245554,0.5,0.5555555555555556,0.4699742031035358,0.4623655913978494,0.8609929078014184,0.5863247124209201,0.1553158189033188,50,0.1,3,B,0.4,30,470
0.41935483870967744,0.9488272921108742,0.35135135135135137,0.9611231101511879,0.6840910654102759,0.36818213082055173,0.6307894387563061,0.38235294117647056,0.40372670807453415,0.33918654611144194,0.3376647953068821,0.7790425751427196,0.46630935269773893,0.17599047619047611,50,0.1,4,B,0.4,31,469
0.6428571428571429,0.9491525423728814,0.42857142857142855,0.9781659388646288,0.7960048426150121,0.5920096852300243,0.7811334658849433,0.5142857142857143,0.5844155844155844,0.4907060839923518,0.47929429061504536,0.8687575665859564,0.46728531000229806,0.18256666666666665,50,0.1,5,B,0.4,28,472
0.7241379310344828,0.9490445859872612,0.4666666666666667,0.9824175824175824,0.8365912585108719,0.6731825170217438,0.828998904074241,0.5675675675675675,0.6521739130434783,0.5498323973297269,0.5347484733934283,0.9148912804744125,0.6550132938199795,0.18255059523809525,50,0.1,6,B,0.4,29,471
0.6666666666666666,0.9486081370449678,0.4782608695652174,0.9757709251101322,0.8076374018558172,0.6152748037116345,0.7952392248227229,0.5569620253164557,0.6179775280898876,0.5285398029928463,0.5200745941202282,0.9016611511258192,0.6900870599921619,0.15802242063492059,50,0.1,7,B,0.4,33,467
0.4482758620689655,0.9490445859872612,0.35135135135135137,0.9654427645788337,0.6986602240281133,0.3973204480562267,0.6522528496873923,0.393939393939394,0.42483660130718953,0.3547799037191331,0.3517858300382446,0.8156160773116626,0.4797624534042267,0.18850198412698416,50,0.1,8,B,0.4,29,471
0.53125,0.9487179487179487,0.4146341463414634,0.9673202614379085,0.7399839743589743,0.4799679487179487,0.7099340886704978,0.4657534246575343,0.5029585798816568,0.4281657081150288,0.42437123627346796,0.9079527243589745,0.5982961365841856,0.19655357142857138,50,0.1,9,B,0.4,32,468
0.5517241379310345,0.9490445859872612,0.4,0.9717391304347827,0.7503843619591478,0.5007687239182956,0.7236095674201228,0.463768115942029,0.5128205128205128,0.43145721685738775,0.4251087632069609,0.865985796910462,0.5184890125019226,0.17087202380952382,50,0.1,10,B,0.4,29,471
0.5,0.948936170212766,0.38461538461538464,0.9674620390455532,0.7244680851063829,0.4489361702127659,0.6888164378892122,0.4347826086956522,0.4716981132075472,0.3975679692791144,0.39365671641791034,0.8266312056737588,0.47627041047855956,0.19152708333333313,50,0.1,11,B,0.4,30,470
0.5333333333333333,0.948936170212766,0.4,0.9695652173913043,0.7411347517730497,0.4822695035460993,0.7114065580103559,0.4571428571428572,0.5,0.42217299051361706,0.4171779141104295,0.845886524822695,0.5601617887709296,0.18415555555555532,50,0.1,12,B,0.4,30,470
0.5737704918032787,0.9498861047835991,0.6140350877192983,0.9413092550790068,0.7618282982934389,0.5236565965868778,0.7382524077162136,0.5932203389830507,0.5813953488372093,0.5392677706701345,0.5388694616300964,0.8217259793121475,0.6383520839344895,0.31483690476190446,50,0.2,1,B,0.4,61,439
0.5833333333333334,0.95,0.6140350877192983,0.9435665914221218,0.7666666666666666,0.5333333333333332,0.7444237144709098,0.5982905982905983,0.5892255892255892,0.5453325244369324,0.5451025938830816,0.8399810606060606,0.6659441228028117,0.2860544642857141,50,0.2,2,B,0.4,60,440
0.5333333333333333,0.95,0.5925925925925926,0.9372197309417041,0.7416666666666667,0.4833333333333334,0.7118052168020874,0.5614035087719299,0.54421768707483,0.5060394810436336,0.5051464766429137,0.8722916666666667,0.6582236877125313,0.30901249999999986,50,0.2,3,B,0.4,60,440
0.6935483870967742,0.9497716894977168,0.6615384615384615,0.9563218390804598,0.8216600382972455,0.6433200765944911,0.8116111281650343,0.6771653543307087,0.6869009584664537,0.6304616847349724,0.6302308802308803,0.8812417145382235,0.743688656998298,0.21775684523809455,50,0.2,4,B,0.4,62,438
0.4915254237288136,0.9478458049886621,0.5576923076923077,0.9330357142857143,0.7196856143587378,0.4393712287174756,0.6825615803183113,0.5225225225225225,0.5034722222222222,0.4643401490099472,0.46317154201442345,0.8336408009531496,0.6362099036372366,0.2731190476190476,50,0.2,5,B,0.4,59,441
0.6065573770491803,0.9498861047835991,0.6271186440677966,0.9455782312925171,0.7782217409163897,0.5564434818327795,0.7590523198126745,0.6166666666666666,0.6105610561056105,0.5645116857605751,0.5644104389985227,0.8564546846409498,0.645507812640378,0.28994246031746007,50,0.2,6,B,0.4,61,439
0.423728813559322,0.9478458049886621,0.5208333333333334,0.9247787610619469,0.6857873092739921,0.37157461854798424,0.6337425174193588,0.4672897196261682,0.44014084507042256,0.4069129440006726,0.4042143991972573,0.7954187324647374,0.5417784285029379,0.3469722222222222,50,0.2,7,B,0.4,59,441
0.4827586206896552,0.9479638009049773,0.5490196078431373,0.933184855233853,0.7153612107973163,0.4307224215946326,0.67648924380851,0.5137614678899083,0.49469964664310956,0.4557370667833162,0.45455293923925577,0.8590068653456079,0.5875358742347503,0.33115952380952396,50,0.2,8,B,0.4,58,442
0.5084745762711864,0.9478458049886621,0.5660377358490566,0.9351230425055929,0.7281601906299242,0.4563203812598484,0.694230144881387,0.5357142857142858,0.5190311418685121,0.47821530449294086,0.477344912153741,0.7985894922940928,0.5358558297580015,0.3330952380952381,50,0.2,9,B,0.4,59,441
0.5666666666666667,0.95,0.6071428571428571,0.9414414414414415,0.7583333333333333,0.5166666666666666,0.7337120234351713,0.5862068965517241,0.5743243243243243,0.5323863455567027,0.53198127925117,0.8722727272727272,0.6341346660820771,0.3497854166666658,50,0.2,10,B,0.4,60,440
0.6166666666666667,0.95,0.6271186440677966,0.9478458049886621,0.7833333333333333,0.5666666666666667,0.7653975002136689,0.6218487394957983,0.6187290969899666,0.5708004798514626,0.5707745135444486,0.8667424242424242,0.6315753298984089,0.32344454365079356,50,0.2,11,B,0.4,60,440
0.6333333333333333,0.95,0.6333333333333333,0.95,0.7916666666666666,0.5833333333333333,0.7756717518813396,0.6333333333333333,0.6333333333333333,0.5833333333333334,0.5833333333333333,0.8724053030303031,0.6890259152475656,0.2668294642857126,50,0.2,12,B,0.4,60,440
0.4583333333333333,0.95,0.7432432432432432,0.8474178403755869,0.7041666666666666,0.4083333333333332,0.6598610964943051,0.5670103092783505,0.4963898916967509,0.4911075331781784,0.46996466431095407,0.8170942982456139,0.6874620408826372,0.5105884920634924,50,0.4,1,B,0.4,120,380
0.45454545454545453,0.9498680738786279,0.7432432432432432,0.8450704225352113,0.7022067642120412,0.4044135284240824,0.6570831114854317,0.5641025641025641,0.492831541218638,0.48777249348192153,0.4660267363554126,0.8381233781809461,0.6881251223940781,0.5301857142857141,50,0.4,2,B,0.4,121,379
0.425,0.95,0.7285714285714285,0.8395348837209302,0.6875,0.375,0.6354132513569417,0.5368421052631579,0.4636363636363636,0.46156241951618476,0.4373401534526854,0.8717214912280702,0.7211507966207004,0.5764675595238096,50,0.4,3,B,0.4,120,380
0.4596774193548387,0.949468085106383,0.75,0.8419811320754716,0.7045727522306109,0.4091455044612218,0.660642898335767,0.57,0.4982517482517482,0.492144713386768,0.47013012618296535,0.8355031743308167,0.6921697201852602,0.5839910714285714,50,0.4,4,B,0.4,124,376
0.4793388429752066,0.9498680738786279,0.7532467532467533,0.851063829787234,0.7146034584269173,0.4292069168538346,0.6747656359893186,0.5858585858585859,0.5169340463458111,0.5092880149445507,0.4898340094069631,0.7784186310211736,0.6623979905269252,0.46045595238095194,50,0.4,5,B,0.4,121,379
0.43333333333333335,0.95,0.7323943661971831,0.8414918414918415,0.6916666666666667,0.3833333333333333,0.6416125518306719,0.5445026178010471,0.47186932849364793,0.4690306098192946,0.4455773642620443,0.8206359649122807,0.6571480654620503,0.5535442460317462,50,0.4,6,B,0.4,120,380
0.45901639344262296,0.9497354497354498,0.7466666666666667,0.8447058823529412,0.7043759215890364,0.4087518431780728,0.6602606613014088,0.5685279187817259,0.49733570159857904,0.4916549800588619,0.470074812967581,0.8284001214329083,0.7179517766254615,0.5408761904761903,50,0.4,7,B,0.4,122,378
0.43333333333333335,0.95,0.7323943661971831,0.8414918414918415,0.6916666666666667,0.3833333333333333,0.6416125518306719,0.5445026178010471,0.47186932849364793,0.4690306098192946,0.4455773642620443,0.8294736842105264,0.6687787071208902,0.5435116071428575,50,0.4,8,B,0.4,120,380
0.5645161290322581,0.949468085106383,0.7865168539325843,0.8686131386861314,0.7569921070693206,0.5139842141386413,0.7321134120093183,0.6572769953051644,0.5982905982905983,0.5802813752092896,0.5676789690623963,0.8829036547700755,0.7642459492048116,0.53146875,50,0.4,9,B,0.4,124,376
0.5166666666666667,0.95,0.7654320987654321,0.8615751789976134,0.7333333333333334,0.4666666666666668,0.7005949852327901,0.6169154228855721,0.5525846702317291,0.5409282727769192,0.5250431778929188,0.8482127192982456,0.7073535901628497,0.506856746031746,50,0.4,10,B,0.4,120,380
0.48760330578512395,0.9498680738786279,0.7564102564102564,0.8530805687203792,0.718735689831876,0.43747137966375194,0.6805577219332445,0.592964824120603,0.5249110320284698,0.51636691621588,0.49766818813256597,0.8729257070585926,0.7465401460141602,0.5325761904761905,50,0.4,11,B,0.4,121,379
0.4166666666666667,0.95,0.7246376811594203,0.8375870069605569,0.6833333333333333,0.3666666666666667,0.6291528696058958,0.5291005291005292,0.4553734061930783,0.45403639976400384,0.4290479856299717,0.8262390350877193,0.6896673066448519,0.567811011904762,50,0.4,12,B,0.4,120,380
0.45555555555555555,0.95,0.8367346938775511,0.7562189054726368,0.7027777777777777,0.40555555555555545,0.6578584785330184,0.5899280575539568,0.5012224938875306,0.49038314245407305,0.45044350173544156,0.7894965277777778,0.7573590482516035,0.6134083333333333,50,0.6,1,B,0.4,180,320
0.5444444444444444,0.95,0.8596491228070176,0.7875647668393783,0.7472222222222222,0.49444444444444446,0.7191816336797139,0.6666666666666667,0.5875299760191847,0.5656954234417494,0.5375613439033597,0.834331597222222,0.7879497351370303,0.5638892857142862,50,0.6,2,B,0.4,180,320
0.45,0.95,0.8350515463917526,0.7543424317617866,0.7,0.3999999999999999,0.653834841531101,0.5848375451263538,0.49571603427172584,0.4855487527132736,0.4448735277080518,0.8273437499999999,0.7739127210603076,0.6428351190476193,50,0.6,3,B,0.4,180,320
0.45555555555555555,0.95,0.8367346938775511,0.7562189054726368,0.7027777777777777,0.40555555555555545,0.6578584785330184,0.5899280575539568,0.5012224938875306,0.49038314245407305,0.45044350173544156,0.8020225694444445,0.7591341818654139,0.6568428571428572,50,0.6,4,B,0.4,180,320
0.3388888888888889,0.95,0.7922077922077922,0.7186761229314421,0.6444444444444444,0.28888888888888875,0.5674014843516401,0.47470817120622577,0.38268506900878296,0.38417273015634357,0.33022425084342133,0.7865711805555555,0.7183059776925311,0.6718953373015875,50,0.6,5,B,0.4,180,320
0.4222222222222222,0.95,0.8260869565217391,0.7450980392156863,0.6861111111111111,0.37222222222222223,0.6333333333333333,0.5588235294117647,0.46798029556650245,0.4610940776168948,0.416796267496112,0.8047569444444445,0.7582014590838766,0.6595321428571429,50,0.6,6,B,0.4,180,320
0.4,0.95,0.8181818181818182,0.7378640776699029,0.675,0.3500000000000001,0.6164414002968976,0.537313432835821,0.44554455445544555,0.4411531066966461,0.3940578577013292,0.7789409722222221,0.731780229051222,0.6451750000000003,50,0.6,7,B,0.4,180,320
0.49444444444444446,0.95,0.8476190476190476,0.769620253164557,0.7222222222222222,0.4444444444444444,0.6853628398317363,0.6245614035087719,0.5393939393939394,0.5237638572162521,0.4890162368672397,0.8279340277777777,0.7760697377288631,0.6117821428571432,50,0.6,8,B,0.4,180,320
0.4666666666666667,0.95,0.84,0.76,0.7083333333333333,0.4166666666666665,0.6658328118479393,0.6000000000000001,0.5121951219512195,0.5,0.46153846153846156,0.7990711805555555,0.7690243913538153,0.6062924603174603,50,0.6,9,B,0.4,180,320
0.4444444444444444,0.95,0.8333333333333334,0.7524752475247525,0.6972222222222222,0.3944444444444444,0.6497862896539309,0.5797101449275363,0.49019607843137253,0.4806963076905793,0.4392884764114462,0.8347569444444445,0.7793312995949025,0.6947690476190478,50,0.6,10,B,0.4,180,320
0.3888888888888889,0.95,0.813953488372093,0.7342995169082126,0.6694444444444444,0.3388888888888888,0.6078194176270156,0.5263157894736842,0.43424317617866004,0.43104158939647214,0.382595060760486,0.7949392361111111,0.7365658399159126,0.6416895833333333,50,0.6,11,B,0.4,180,320
0.5277777777777778,0.95,0.8558558558558559,0.781491002570694,0.7388888888888889,0.47777777777777786,0.7080881928749334,0.6529209621993127,0.5716004813477737,0.5518243975149023,0.521508432821679,0.8489930555555556,0.8096322211541201,0.5900041666666667,50,0.6,12,B,0.4,180,320
0.6451612903225806,0.9488272921108742,0.45454545454545453,0.9758771929824561,0.7969942912167274,0.5939885824334548,0.7823980061781419,0.5333333333333333,0.5952380952380952,0.5056343918804952,0.4967215000575175,0.8683884723846209,0.6216831414584871,0.11869999999999992,80,0.1,1,B,0.4,31,469
0.696969696969697,0.9486081370449678,0.48936170212765956,0.977924944812362,0.8227889170073324,0.6455778340146647,0.8131120007841601,0.575,0.6424581005586593,0.5492448464897186,0.5392704211610386,0.8747972227629616,0.6367971470500394,0.1496,80,0.1,2,B,0.4,33,467
0.5714285714285714,0.9491525423728814,0.4,0.9739130434782609,0.7602905569007263,0.5205811138014527,0.7364596943186587,0.47058823529411764,0.5263157894736842,0.4411939127399698,0.4332493702770781,0.8829449152542375,0.5784883961096466,0.1662107142857143,80,0.1,3,B,0.4,28,472
0.6774193548387096,0.9488272921108742,0.4666666666666667,0.978021978021978,0.8131233234747919,0.6262466469495838,0.8017193848692373,0.5526315789473684,0.621301775147929,0.5277165647133114,0.5171826185742687,0.9144370314326984,0.653217716506859,0.181045238095238,80,0.1,4,B,0.4,31,469
0.6666666666666666,0.948936170212766,0.45454545454545453,0.9780701754385965,0.8078014184397163,0.6156028368794326,0.7953767116751517,0.5405405405405405,0.6097560975609756,0.516061439265292,0.5052386495925495,0.857872340425532,0.6338482277286456,0.1559781746031741,80,0.1,5,B,0.4,30,470
0.7241379310344828,0.9490445859872612,0.4666666666666667,0.9824175824175824,0.8365912585108719,0.6731825170217438,0.828998904074241,0.5675675675675675,0.6521739130434783,0.5498323973297269,0.5347484733934283,0.8828977231129658,0.6880357478282123,0.1996547619047619,80,0.1,6,B,0.4,29,471
0.7586206896551724,0.9490445859872612,0.4782608695652174,0.9845814977973568,0.8538326378212168,0.7076652756424335,0.8485074297465895,0.5866666666666667,0.6790123456790124,0.5723088951594519,0.5550068902158934,0.9035800571052054,0.5459251987360573,0.14514285714285718,80,0.1,7,B,0.4,29,471
0.6333333333333333,0.948936170212766,0.4418604651162791,0.975929978118162,0.7911347517730496,0.5822695035460992,0.7752373235348118,0.5205479452054794,0.5828220858895705,0.49322067471713177,0.4840801886792453,0.8995035460992908,0.6120216827786145,0.20935297619047571,80,0.1,8,B,0.4,30,470
0.6774193548387096,0.9488272921108742,0.4666666666666667,0.978021978021978,0.8131233234747919,0.6262466469495838,0.8017193848692373,0.5526315789473684,0.621301775147929,0.5277165647133114,0.5171826185742687,0.9062865396519706,0.5957926002819267,0.1485285714285713,80,0.1,9,B,0.4,31,469
0.6551724137931034,0.9490445859872612,0.4418604651162791,0.9781181619256017,0.8021084998901823,0.6042169997803646,0.7885352447408742,0.5277777777777777,0.5974842767295597,0.5037442069176795,0.4926281859965379,0.9029211508895234,0.5937857208232854,0.19815773809523812,80,0.1,10,B,0.4,29,471
0.7333333333333333,0.948936170212766,0.4782608695652174,0.9823788546255506,0.8411347517730496,0.6822695035460993,0.8341981328333785,0.5789473684210527,0.6626506024096386,0.5606072028945467,0.5459704880817253,0.8967375886524823,0.6623378584976641,0.18095714285714284,80,0.1,11,B,0.4,30,470
0.6428571428571429,0.9491525423728814,0.42857142857142855,0.9781659388646288,0.7960048426150121,0.5920096852300243,0.7811334658849433,0.5142857142857143,0.5844155844155844,0.4907060839923518,0.47929429061504536,0.8976997578692494,0.45307997594321375,0.2018645833333333,80,0.1,12,B,0.4,28,472
0.7321428571428571,0.9481981981981982,0.640625,0.9655963302752294,0.8401705276705276,0.6803410553410552,0.8331965782254137,0.6833333333333332,0.7118055555555556,0.6422127837482745,0.6403694730466384,0.9119811776061776,0.707092490303012,0.285044047619047,80,0.2,1,B,0.4,56,444
0.6271186440677966,0.9478458049886621,0.6166666666666667,0.95,0.7874822245282294,0.5749644490564587,0.7709810477630685,0.6218487394957983,0.625,0.5708004798514626,0.5707745135444486,0.8967869633729199,0.6738762720248181,0.28891666666666665,80,0.2,2,B,0.4,59,441
0.6440677966101694,0.9478458049886621,0.6229508196721312,0.9521640091116174,0.7959568007994158,0.5919136015988316,0.7813302497313411,0.6333333333333334,0.6397306397306397,0.5834537596401997,0.5833491155638044,0.8985549021868635,0.6909310465754547,0.2724047619047619,80,0.2,3,B,0.4,59,441
0.6551724137931034,0.9479638009049773,0.6229508196721312,0.9544419134396356,0.8015681073490404,0.6031362146980808,0.7880861194231243,0.6386554621848739,0.6484641638225256,0.5901241118978364,0.5898824965664581,0.9045092838196286,0.7415994561666335,0.2761818452380952,80,0.2,4,B,0.4,58,442
0.6129032258064516,0.9497716894977168,0.6333333333333333,0.9454545454545454,0.7813374576520842,0.5626749153041684,0.7629666652435048,0.6229508196721313,0.6168831168831169,0.5706745313013794,0.5705750560119492,0.9128369421122404,0.7223933865598324,0.3173705357142856,80,0.2,5,B,0.4,62,438
0.6885245901639344,0.9498861047835991,0.65625,0.9564220183486238,0.8192053474737668,0.6384106949475337,0.8087149936773422,0.672,0.6818181818181818,0.6254089614075361,0.6251736999926862,0.913159565331043,0.7562285914298562,0.2721708333333328,80,0.2,6,B,0.4,61,439
0.5,0.9497716894977168,0.5849056603773585,0.930648769574944,0.7248858447488584,0.44977168949771684,0.689119615704602,0.5391304347826086,0.5149501661129569,0.48154105431175803,0.4796575557650016,0.898825305641479,0.6772573104888736,0.37695327380952354,80,0.2,7,B,0.4,62,438
0.7419354838709677,0.9497716894977168,0.6764705882352942,0.9629629629629629,0.8458535866843423,0.6917071733686846,0.8394458398338961,0.7076923076923077,0.7278481012658228,0.6650569706848027,0.6641210578418895,0.9171822065105317,0.771102549665179,0.28980357142857144,80,0.2,8,B,0.4,62,438
0.8070175438596491,0.9480812641083521,0.6666666666666666,0.974477958236659,0.8775494039840006,0.7550988079680012,0.8747103595705688,0.7301587301587301,0.7744107744107744,0.6957927435663529,0.6916603184967534,0.9306562116351828,0.7686770026944738,0.23016130952380928,80,0.2,9,B,0.4,57,443
0.4827586206896552,0.9479638009049773,0.5490196078431373,0.933184855233853,0.7153612107973163,0.4307224215946326,0.67648924380851,0.5137614678899083,0.49469964664310956,0.4557370667833162,0.45455293923925577,0.8373771259166796,0.5902263353638594,0.30826249999999983,80,0.2,10,B,0.4,58,442
0.5862068965517241,0.9479638009049773,0.5964912280701754,0.945823927765237,0.7670853487283507,0.5341706974567013,0.745454839525429,0.5913043478260869,0.5882352941176471,0.5382275216243982,0.5382015406382644,0.8726010298018412,0.6592499547949892,0.3135919642857142,80,0.2,11,B,0.4,58,442
0.6065573770491803,0.9498861047835991,0.6271186440677966,0.9455782312925171,0.7782217409163897,0.5564434818327795,0.7590523198126745,0.6166666666666666,0.6105610561056105,0.5645116857605751,0.5644104389985227,0.8499010418611599,0.6664547207699207,0.2717285714285714,80,0.2,12,B,0.4,61,439
0.5121951219512195,0.9496021220159151,0.7682926829268293,0.8564593301435407,0.7308986219835674,0.46179724396713473,0.6974106212921326,0.6146341463414634,0.5487804878048781,0.5371301125414736,0.5202118355844914,0.8312738565051432,0.7098924145648371,0.5073261904761902,80,0.4,1,B,0.4,123,377
0.5867768595041323,0.9498680738786279,0.7888888888888889,0.8780487804878049,0.7683224666913802,0.5366449333827603,0.7465658747449821,0.6729857819905214,0.6184668989547039,0.5982547293194673,0.5879120879120879,0.9188708868488192,0.8002792243640133,0.5659999999999998,80,0.4,2,B,0.4,121,379
0.6422764227642277,0.9496021220159151,0.8061224489795918,0.8905472636815921,0.7959392723900713,0.5918785447801427,0.780965462730396,0.7149321266968327,0.6694915254237288,0.6421400592723535,0.6353829058246134,0.9172543184317786,0.8120776281710266,0.6170785714285714,80,0.4,3,B,0.4,123,377
0.5169491525423728,0.9476439790575916,0.7530864197530864,0.863961813842482,0.7322965657999823,0.4645931315999645,0.6999169607072714,0.6130653266331658,0.5515370705244123,0.5354216760595256,0.5210489649681529,0.8776067086698021,0.7397242771143767,0.5466363095238094,80,0.4,4,B,0.4,118,382
0.5897435897435898,0.9477806788511749,0.7752808988764045,0.8832116788321168,0.7687621342973823,0.5375242685947645,0.7476279688690814,0.6699029126213593,0.6193895870736086,0.5949417964875674,0.5862438240806095,0.8672982080292785,0.7721556155399045,0.4944023809523809,80,0.4,5,B,0.4,117,383
0.5819672131147541,0.9497354497354498,0.7888888888888889,0.875609756097561,0.7658513314251019,0.5317026628502037,0.7434479759060666,0.6698113207547169,0.6141868512110726,0.5944036498875555,0.5835316515944788,0.8604822621216063,0.7496060755506331,0.481386111111111,80,0.4,6,B,0.4,122,378
0.5,0.95,0.759493670886076,0.8574821852731591,0.725,0.44999999999999996,0.689202437604511,0.6030150753768845,0.5366726296958855,0.526914732448862,0.5095604668487708,0.840142543859649,0.7092192635169324,0.4844000000000001,80,0.4,7,B,0.4,120,380
0.6198347107438017,0.9498680738786279,0.7978723404255319,0.8866995073891626,0.7848513923112148,0.5697027846224296,0.7673077627766653,0.6976744186046511,0.6487889273356401,0.6245017918102025,0.6165282235227487,0.8773087071240105,0.8012586620728315,0.4400892857142852,80,0.4,8,B,0.4,121,379
0.5083333333333333,0.95,0.7625,0.8595238095238096,0.7291666666666666,0.45833333333333326,0.6949220579796461,0.61,0.5446428571428571,0.5339421748014911,0.5173267326732673,0.8670394736842105,0.7359088095811037,0.5362288690476192,80,0.4,9,B,0.4,120,380
0.6583333333333333,0.95,0.8061224489795918,0.8980099502487562,0.8041666666666667,0.6083333333333334,0.7908328942745532,0.7247706422018348,0.6833910034602076,0.6544823981823945,0.6490407112774919,0.9147697368421053,0.8193978425175772,0.4612380952380955,80,0.4,10,B,0.4,120,380
0.4098360655737705,0.9497354497354498,0.7246376811594203,0.8329466357308585,0.6797857576546101,0.35957151530922027,0.6238876822437771,0.5235602094240839,0.4488330341113106,0.44776270248524935,0.4215905623919455,0.8292783415734236,0.6844384735159342,0.5394999999999998,80,0.4,11,B,0.4,122,378
0.5785123966942148,0.9498680738786279,0.7865168539325843,0.8759124087591241,0.7641902352864214,0.5283804705728428,0.741289724711494,0.6666666666666666,0.6108202443280978,0.5916203897283004,0.5806474802904316,0.8389301990885104,0.7344300675353734,0.4445529761904761,80,0.4,12,B,0.4,121,379
0.5333333333333333,0.95,0.8571428571428571,0.7835051546391752,0.7416666666666667,0.4833333333333334,0.7118052168020874,0.6575342465753424,0.5769230769230769,0.5564589284286687,0.5268735806207419,0.8807465277777778,0.8242679805582973,0.7071757936507939,80,0.6,1,B,0.4,180,320
0.5166666666666667,0.95,0.8532110091743119,0.7774936061381074,0.7333333333333334,0.4666666666666668,0.7005949852327901,0.6435986159169551,0.5609167671893848,0.5425208018860926,0.5107353220596618,0.8473524305555555,0.807382033400666,0.655827083333334,80,0.6,2,B,0.4,180,320
0.4777777777777778,0.95,0.8431372549019608,0.7638190954773869,0.7138888888888889,0.4277777777777778,0.6737127643802578,0.6099290780141844,0.5231143552311436,0.5095512131016741,0.47257383966244726,0.8579427083333333,0.7937864967595504,0.6380464285714286,80,0.6,3,B,0.4,180,320
0.5111111111111111,0.95,0.8518518518518519,0.7755102040816326,0.7305555555555555,0.461111111111111,0.6968181653455624,0.6388888888888888,0.5555555555555556,0.5378509223571529,0.5053272450532724,0.856111111111111,0.8051399910519461,0.6726773809523809,80,0.6,4,B,0.4,180,320
0.4722222222222222,0.95,0.8415841584158416,0.7619047619047619,0.711111111111111,0.42222222222222205,0.6697843765803373,0.604982206405694,0.5176613885505481,0.5047835506672684,0.46706356827347795,0.8383333333333334,0.7856687551299046,0.6227083333333334,80,0.6,5,B,0.4,180,320
0.5055555555555555,0.95,0.8504672897196262,0.7735368956743003,0.7277777777777777,0.4555555555555555,0.693020762876393,0.6341463414634146,0.5501813784764208,0.5331684286847094,0.49990474376071625,0.8732725694444444,0.8311375220105027,0.6514964285714286,80,0.6,6,B,0.4,180,320
0.4888888888888889,0.95,0.8461538461538461,0.7676767676767676,0.7194444444444444,0.4388888888888889,0.6815016100086957,0.6197183098591549,0.5339805825242718,0.5190408809237503,0.4835501147666412,0.8486805555555555,0.7810821786977133,0.6516339285714288,80,0.6,7,B,0.4,180,320
0.49444444444444446,0.95,0.8476190476190476,0.769620253164557,0.7222222222222222,0.4444444444444444,0.6853628398317363,0.6245614035087719,0.5393939393939394,0.5237638572162521,0.4890162368672397,0.8549479166666667,0.807856267063688,0.6482538690476191,80,0.6,8,B,0.4,180,320
0.4111111111111111,0.95,0.8222222222222222,0.7414634146341463,0.6805555555555556,0.36111111111111116,0.6249444419750891,0.548148148148148,0.4567901234567901,0.45116864545597307,0.40545808966861596,0.8619357638888888,0.7916741248350518,0.6913904761904766,80,0.6,9,B,0.4,180,320
0.5,0.95,0.8490566037735849,0.7715736040609137,0.725,0.44999999999999996,0.689202437604511,0.6293706293706294,0.5447941888619855,0.5284728881650641,0.4944677603967952,0.8598003472222222,0.8106839997079869,0.661689285714286,80,0.6,10,B,0.4,180,320
0.4722222222222222,0.95,0.8415841584158416,0.7619047619047619,0.711111111111111,0.42222222222222205,0.6697843765803373,0.604982206405694,0.5176613885505481,0.5047835506672684,0.46706356827347795,0.8716753472222223,0.8218191899037425,0.6462440476190477,80,0.6,11,B,0.4,180,320
0.5666666666666667,0.95,0.864406779661017,0.7958115183246073,0.7583333333333333,0.5166666666666666,0.7337120234351713,0.6845637583892616,0.6085918854415274,0.5840486172336791,0.5587683064213294,0.8818663194444445,0.8201848479020678,0.6365577380952384,80,0.6,12,B,0.4,180,320
0.5862068965517241,0.9490445859872612,0.4146341463414634,0.9738562091503268,0.7676257412694927,0.5352514825389854,0.7458796695451675,0.48571428571428565,0.5414012738853503,0.4560044284095036,0.448225124149347,0.8815799106816018,0.5253841009826931,0.21811309523809522,100,0.1,1,B,0.4,29,471
0.7,0.948936170212766,0.4666666666666667,0.9802197802197802,0.824468085106383,0.6489361702127661,0.8150186004926122,0.56,0.6363636363636364,0.538517204332862,0.5258620689655171,0.9093262411347518,0.6218257464015656,0.20737083333333203,100,0.1,2,B,0.4,30,470
0.6451612903225806,0.9488272921108742,0.45454545454545453,0.9758771929824561,0.7969942912167274,0.5939885824334548,0.7823980061781419,0.5333333333333333,0.5952380952380952,0.5056343918804952,0.4967215000575175,0.8719306692344728,0.5576737876328149,0.15052142857142845,100,0.1,3,B,0.4,31,469
0.7857142857142857,0.9491525423728814,0.4782608695652174,0.986784140969163,0.8674334140435835,0.7348668280871671,0.8635755391767456,0.5945945945945946,0.6962025316455697,0.5845905847763572,0.5642574947710899,0.9296307506053268,0.6752668701908624,0.18146666666666664,100,0.1,4,B,0.4,28,472
0.7878787878787878,0.9486081370449678,0.52,0.9844444444444445,0.8682434624618778,0.7364869249237556,0.8645161821429049,0.6265060240963856,0.7142857142857143,0.6095217286395631,0.5942408376963351,0.9298228538057233,0.651437352239875,0.16088333333333324,100,0.1,5,B,0.4,33,467
0.6,0.948936170212766,0.42857142857142855,0.9737991266375546,0.774468085106383,0.548936170212766,0.7545606020245554,0.5,0.5555555555555556,0.4699742031035358,0.4623655913978494,0.9123758865248227,0.4525312935233416,0.22285952380952373,100,0.1,6,B,0.4,30,470
0.7,0.948936170212766,0.4666666666666667,0.9802197802197802,0.824468085106383,0.6489361702127661,0.8150186004926122,0.56,0.6363636363636364,0.538517204332862,0.5258620689655171,0.8586524822695036,0.6415366353520897,0.1755053571428571,100,0.1,7,B,0.4,30,470
0.7333333333333333,0.948936170212766,0.4782608695652174,0.9823788546255506,0.8411347517730496,0.6822695035460993,0.8341981328333785,0.5789473684210527,0.6626506024096386,0.5606072028945467,0.5459704880817253,0.9193971631205675,0.7151892443932414,0.15935238095238086,100,0.1,8,B,0.4,30,470
0.8275862068965517,0.9490445859872612,0.5,0.9889380530973452,0.8883153964419064,0.7766307928838128,0.8862371065876816,0.6233766233766235,0.7317073170731707,0.6162177763161811,0.5940194870646209,0.9092905776411158,0.7291694487824858,0.150625,100,0.1,9,B,0.4,29,471
0.7419354838709677,0.9488272921108742,0.48936170212765956,0.9823399558498896,0.845381387990921,0.690762775981842,0.8390283881265649,0.5897435897435898,0.672514619883041,0.570818663587491,0.5566147536440724,0.9372721645230071,0.7242029467660146,0.19271904761904754,100,0.1,10,B,0.4,31,469
0.48484848484848486,0.9486081370449678,0.4,0.9630434782608696,0.7167283109467264,0.4334566218934528,0.6781822896251395,0.4383561643835617,0.46511627906976744,0.3966908111960821,0.39456585942114586,0.8677243527350594,0.5371183048719652,0.1949547619047619,100,0.1,11,B,0.4,33,467
0.7,0.948936170212766,0.4666666666666667,0.9802197802197802,0.824468085106383,0.6489361702127661,0.8150186004926122,0.56,0.6363636363636364,0.538517204332862,0.5258620689655171,0.9543262411347517,0.6765573490986081,0.18315595238095236,100,0.1,12,B,0.4,30,470
0.5737704918032787,0.9498861047835991,0.6140350877192983,0.9413092550790068,0.7618282982934389,0.5236565965868778,0.7382524077162136,0.5932203389830507,0.5813953488372093,0.5392677706701345,0.5388694616300964,0.8822398147802382,0.6816103361366351,0.3364101190476183,100,0.2,1,B,0.4,61,439
0.6065573770491803,0.9498861047835991,0.6271186440677966,0.9455782312925171,0.7782217409163897,0.5564434818327795,0.7590523198126745,0.6166666666666666,0.6105610561056105,0.5645116857605751,0.5644104389985227,0.898707942790993,0.6861136769282932,0.33635357142857136,100,0.2,2,B,0.4,61,439
0.5862068965517241,0.9479638009049773,0.5964912280701754,0.945823927765237,0.7670853487283507,0.5341706974567013,0.745454839525429,0.5913043478260869,0.5882352941176471,0.5382275216243982,0.5382015406382644,0.8938797004212826,0.652035847233523,0.2921324404761904,100,0.2,3,B,0.4,58,442
0.711864406779661,0.9478458049886621,0.6461538461538462,0.960919540229885,0.8298551058841616,0.6597102117683231,0.8214241849902182,0.6774193548387097,0.6976744186046512,0.6328447774060589,0.631879256396098,0.8929820515776932,0.693781650254835,0.23775000000000002,100,0.2,4,B,0.4,59,441
0.6166666666666667,0.95,0.6271186440677966,0.9478458049886621,0.7833333333333333,0.5666666666666667,0.7653975002136689,0.6218487394957983,0.6187290969899666,0.5708004798514626,0.5707745135444486,0.8921780303030302,0.675994921881873,0.343964583333333,100,0.2,5,B,0.4,60,440
0.6833333333333333,0.95,0.6507936507936508,0.9565217391304348,0.8166666666666667,0.6333333333333333,0.805708797684788,0.6666666666666666,0.6765676567656765,0.6201879394870995,0.6199480904708936,0.9016098484848485,0.7013350157903826,0.29164880952380867,100,0.2,6,B,0.4,60,440
0.7580645161290323,0.9497716894977168,0.6811594202898551,0.9651972157772621,0.8539181028133745,0.7078362056267491,0.8485211937436449,0.7175572519083969,0.7413249211356467,0.6763982767241634,0.6751194155661703,0.9013661805862425,0.7689760307544197,0.26312321428571417,100,0.2,7,B,0.4,62,438
0.7796610169491526,0.9478458049886621,0.6666666666666666,0.9698375870069605,0.8637534109689073,0.7275068219378147,0.859650175494921,0.71875,0.7540983606557377,0.6804859930520254,0.6777543055605284,0.9082785656635536,0.7392277606348964,0.27432142857142855,100,0.2,8,B,0.4,59,441
0.6724137931034483,0.9479638009049773,0.6290322580645161,0.95662100456621,0.8101887970042128,0.6203775940084255,0.7983883360190566,0.6499999999999999,0.6632653061224489,0.6027654286652765,0.6023329798515377,0.9528787642377907,0.7445925979723653,0.3212238095238094,100,0.2,9,B,0.4,58,442
0.603448275862069,0.9479638009049773,0.603448275862069,0.9479638009049773,0.7757060383835231,0.5514120767670463,0.7563379676016286,0.603448275862069,0.603448275862069,0.5514120767670463,0.5514120767670463,0.8956155406459666,0.7030846786043207,0.29871805555555553,100,0.2,10,B,0.4,58,442
0.7166666666666667,0.95,0.6615384615384615,0.960919540229885,0.8333333333333333,0.6666666666666665,0.8251262529657709,0.688,0.7049180327868853,0.6441832046699896,0.6435100548446069,0.9138636363636363,0.7234844049009348,0.2980119047619036,100,0.2,11,B,0.4,60,440
0.6964285714285714,0.9481981981981982,0.6290322580645161,0.9611872146118722,0.8223133848133848,0.6446267696267696,0.812620647413242,0.6610169491525423,0.6818181818181818,0.616823533956184,0.6157983709850929,0.9106338481338482,0.7414325055795657,0.31039583333333326,100,0.2,12,B,0.4,56,444
0.5833333333333334,0.95,0.7865168539325843,0.878345498783455,0.7666666666666666,0.5333333333333332,0.7444237144709098,0.6698564593301436,0.6151142355008787,0.5954773335584551,0.5850372865046909,0.937203947368421,0.8091538327305868,0.6391327380952382,100,0.4,1,B,0.4,120,380
0.6666666666666666,0.9477806788511749,0.7959183673469388,0.9029850746268657,0.8072236727589208,0.6144473455178416,0.7948923108829166,0.725581395348837,0.6890459363957597,0.6553162325885777,0.6511682906063759,0.9213139630894199,0.8287020597828249,0.5037738095238095,100,0.4,2,B,0.4,117,383
0.6475409836065574,0.9497354497354498,0.8061224489795918,0.8930348258706468,0.7986382166710035,0.5972764333420071,0.7842146563841492,0.7181818181818183,0.674061433447099,0.6462121659854972,0.6399033547068116,0.9084916298031053,0.8024323825031605,0.4929617424242425,100,0.4,3,B,0.4,122,378
0.6,0.95,0.7912087912087912,0.882640586797066,0.7749999999999999,0.5499999999999998,0.7549834435270749,0.6824644549763034,0.6304728546409807,0.6087833423338894,0.5995696868276357,0.8912719298245614,0.7805766955476015,0.462329761904762,100,0.4,4,B,0.4,120,380
0.6470588235294118,0.94750656167979,0.7938144329896907,0.8957816377171216,0.7972826926046008,0.5945653852092017,0.7830022229131428,0.7129629629629629,0.6719022687609075,0.6403201960102054,0.6349247473914784,0.9030635876397803,0.8037404753075648,0.45391666666666675,100,0.4,5,B,0.4,119,381
0.6611570247933884,0.9498680738786279,0.8080808080808081,0.8977556109725686,0.8055125493360082,0.6110250986720165,0.7924720497732524,0.7272727272727273,0.6861063464837049,0.6567219865349356,0.6513330698960973,0.9234719466189842,0.8325037310700616,0.474450595238095,100,0.4,6,B,0.4,121,379
0.5163934426229508,0.9497354497354498,0.7682926829268293,0.8588516746411483,0.7330644461792003,0.4661288923584006,0.7003121864354107,0.6176470588235294,0.5526315789473685,0.5406756002835547,0.5243438384232608,0.8963158122994189,0.776583675370417,0.6086095238095236,100,0.4,7,B,0.4,122,378
0.525,0.95,0.7682926829268293,0.8636363636363636,0.7375,0.4750000000000001,0.7062223445912768,0.6237623762376238,0.5604982206405694,0.5478743442775147,0.5327102803738317,0.9045942982456141,0.7916741148412675,0.5841067460317461,100,0.4,8,B,0.4,120,380
0.6637168141592921,0.9483204134366925,0.7894736842105263,0.9061728395061729,0.8060186137979923,0.6120372275959847,0.7933575509241871,0.7211538461538461,0.6855575868372943,0.6525040764335138,0.6486126257118623,0.9126706455374907,0.8186454994532886,0.4504190476190476,100,0.4,9,B,0.4,113,387
0.5041322314049587,0.9498680738786279,0.7625,0.8571428571428571,0.7270001526417933,0.4540003052835866,0.6919964679279532,0.6069651741293532,0.5407801418439716,0.5303942366859307,0.5131870840522554,0.8776794086220807,0.7485554817621953,0.5223166666666654,100,0.4,10,B,0.4,121,379
0.5867768595041323,0.9498680738786279,0.7888888888888889,0.8780487804878049,0.7683224666913802,0.5366449333827603,0.7465658747449821,0.6729857819905214,0.6184668989547039,0.5982547293194673,0.5879120879120879,0.8949824461937678,0.7771291851729212,0.5949773809523804,100,0.4,11,B,0.4,121,379
0.6747967479674797,0.9496021220159151,0.8137254901960784,0.8994974874371859,0.8121994349916974,0.6243988699833949,0.8004926132072409,0.7377777777777778,0.6986531986531986,0.6673347145776265,0.6625022881200806,0.912660930322831,0.8181883183880408,0.5171333333333331,100,0.4,12,B,0.4,123,377
0.4388888888888889,0.95,0.8315789473684211,0.7506172839506173,0.6944444444444444,0.38888888888888884,0.6457123542603506,0.5745454545454545,0.48466257668711654,0.4758252258056096,0.43368828654404656,0.8377777777777777,0.7839817264887692,0.7046428571428571,100,0.6,1,B,0.4,180,320
0.5722222222222222,0.95,0.865546218487395,0.7979002624671916,0.7611111111111111,0.5222222222222221,0.7372998786864887,0.6889632107023411,0.6138259833134684,0.588614046391706,0.5640352522032627,0.8816232638888888,0.8398863644623968,0.6727779761904765,100,0.6,2,B,0.4,180,320
0.4888888888888889,0.95,0.8461538461538461,0.7676767676767676,0.7194444444444444,0.4388888888888889,0.6815016100086957,0.6197183098591549,0.5339805825242718,0.5190408809237503,0.4835501147666412,0.8736111111111111,0.8204627854465572,0.6845136904761905,100,0.6,3,B,0.4,180,320
0.5777777777777777,0.95,0.8666666666666667,0.8,0.7638888888888888,0.5277777777777777,0.7408703590297622,0.6933333333333332,0.6190476190476191,0.5931710140017395,0.5692883895131087,0.8639236111111113,0.8206507894649895,0.5875776785714286,100,0.6,4,B,0.4,180,320
0.6666666666666666,0.95,0.8823529411764706,0.8351648351648352,0.8083333333333333,0.6166666666666667,0.7958224257542215,0.7594936708860759,0.7009345794392523,0.6651836553993731,0.6515040352164343,0.9000086805555556,0.8719420099720283,0.5929997023809525,100,0.6,5,B,0.4,180,320
0.4777777777777778,0.95,0.8431372549019608,0.7638190954773869,0.7138888888888889,0.4277777777777778,0.6737127643802578,0.6099290780141844,0.5231143552311436,0.5095512131016741,0.47257383966244726,0.8752256944444445,0.8107359320878796,0.6911261904761908,100,0.6,6,B,0.4,180,320
0.5611111111111111,0.95,0.8632478632478633,0.793733681462141,0.7555555555555555,0.5111111111111111,0.7301065371269836,0.6801346801346801,0.6033452807646356,0.5794743888181982,0.5534874976499342,0.9024045138888889,0.8491901631229075,0.6964333333333335,100,0.6,7,B,0.4,180,320
0.5166666666666667,0.95,0.8532110091743119,0.7774936061381074,0.7333333333333334,0.4666666666666668,0.7005949852327901,0.6435986159169551,0.5609167671893848,0.5425208018860926,0.5107353220596618,0.8601215277777778,0.8136068918703386,0.6282997023809523,100,0.6,8,B,0.4,180,320
0.5222222222222223,0.95,0.8545454545454545,0.7794871794871795,0.7361111111111112,0.4722222222222223,0.7043515536371813,0.6482758620689656,0.5662650602409639,0.5471784895299698,0.5161290322580645,0.8711545138888889,0.8257538267265905,0.6720366071428573,100,0.6,9,B,0.4,180,320
0.55,0.95,0.8608695652173913,0.7896103896103897,0.75,0.5,0.722841614740048,0.6711864406779661,0.592814371257485,0.570298147826109,0.5428840716305372,0.87359375,0.8105426738074479,0.6482000000000001,100,0.6,10,B,0.4,180,320
0.5833333333333334,0.95,0.8677685950413223,0.8021108179419525,0.7666666666666666,0.5333333333333332,0.7444237144709098,0.6976744186046512,0.6242568370986921,0.5977198509818347,0.5745277725827567,0.8621006944444446,0.819386151341297,0.6294751984126984,100,0.6,11,B,0.4,180,320
0.5111111111111111,0.95,0.8518518518518519,0.7755102040816326,0.7305555555555555,0.461111111111111,0.6968181653455624,0.6388888888888888,0.5555555555555556,0.5378509223571529,0.5053272450532724,0.8801388888888888,0.8207095206009917,0.7022875000000003,100,0.6,12,B,0.4,180,320
0.8,0.948936170212766,0.5,0.9867256637168141,0.8744680851063831,0.7489361702127662,0.8712915333975264,0.6153846153846154,0.7142857142857143,0.6037602624621278,0.5847176079734219,0.9146453900709222,0.7250555784348762,0.14811249999999979,150,0.1,1,B,0.4,30,470
0.9032258064516129,0.9488272921108742,0.5384615384615384,0.9933035714285714,0.9260265492812436,0.8520530985624872,0.9257458053375908,0.6746987951807228,0.7954545454545454,0.673121170064714,0.6472985682934476,0.9606919320448449,0.827620980458982,0.12001190476190456,150,0.1,2,B,0.4,31,469
0.8275862068965517,0.9490445859872612,0.5,0.9889380530973452,0.8883153964419064,0.7766307928838128,0.8862371065876816,0.6233766233766235,0.7317073170731707,0.6162177763161811,0.5940194870646209,0.9534372940918077,0.7736967795677049,0.15052976190476192,150,0.1,3,B,0.4,29,471
0.6333333333333333,0.948936170212766,0.4418604651162791,0.975929978118162,0.7911347517730496,0.5822695035460992,0.7752373235348118,0.5205479452054794,0.5828220858895705,0.49322067471713177,0.4840801886792453,0.930177304964539,0.6773259978470689,0.19865535714285637,150,0.1,4,B,0.4,30,470
0.6896551724137931,0.9490445859872612,0.45454545454545453,0.9802631578947368,0.8193498792005272,0.6386997584010543,0.8090200909603058,0.547945205479452,0.625,0.5269840184637936,0.5139625309296572,0.938062815725895,0.5903647765655089,0.15068452380952382,150,0.1,5,B,0.4,29,471
0.8,0.948936170212766,0.5,0.9867256637168141,0.8744680851063831,0.7489361702127662,0.8712915333975264,0.6153846153846154,0.7142857142857143,0.6037602624621278,0.5847176079734219,0.9251418439716312,0.7223148914367775,0.1745565476190476,150,0.1,6,B,0.4,30,470
0.8518518518518519,0.9492600422832981,0.48936170212765956,0.9911699779249448,0.900555947067575,0.80111189413515,0.8992379690093133,0.6216216216216216,0.7419354838709677,0.6204511619772243,0.5937554407753468,0.9733771826795082,0.7704089155062732,0.13336428571428566,150,0.1,7,B,0.4,27,473
0.8709677419354839,0.9488272921108742,0.5294117647058824,0.9910913140311804,0.9098975170231791,0.8197950340463582,0.9090643344101493,0.6585365853658537,0.7714285714285715,0.6532272492436951,0.6300015857074899,0.9739665726666208,0.8131537605206295,0.13345476190476188,150,0.1,8,B,0.4,31,469
0.7931034482758621,0.9490445859872612,0.48936170212765956,0.9867549668874173,0.8710740171315616,0.7421480342631233,0.8675773935010264,0.6052631578947368,0.7055214723926381,0.5944317033852126,0.5747576118387481,0.9516802108499891,0.735860750178212,0.16580844155844157,150,0.1,9,B,0.4,29,471
0.7,0.948936170212766,0.4666666666666667,0.9802197802197802,0.824468085106383,0.6489361702127661,0.8150186004926122,0.56,0.6363636363636364,0.538517204332862,0.5258620689655171,0.9409219858156028,0.7432843524689963,0.17228749999999995,150,0.1,10,B,0.4,30,470
0.8709677419354839,0.9488272921108742,0.5294117647058824,0.9910913140311804,0.9098975170231791,0.8197950340463582,0.9090643344101493,0.6585365853658537,0.7714285714285715,0.6532272492436951,0.6300015857074899,0.9774399889951164,0.8306508780801168,0.09465476190476184,150,0.1,11,B,0.4,31,469
0.8666666666666667,0.948936170212766,0.52,0.9911111111111112,0.9078014184397163,0.8156028368794326,0.9068689803481705,0.65,0.7647058823529411,0.6456498061509979,0.6216216216216216,0.9587234042553191,0.8562820620631837,0.12010714285714263,150,0.1,12,B,0.4,30,470
0.8135593220338984,0.9478458049886621,0.676056338028169,0.9743589743589743,0.8807025635112802,0.7614051270225604,0.878139391269547,0.7384615384615385,0.7817589576547231,0.7037254816656501,0.6997633428702624,0.9471540028440755,0.8382363358176452,0.27027976190476183,150,0.2,1,B,0.4,59,441
0.796875,0.9495412844036697,0.6986301369863014,0.9695550351288056,0.8732081422018348,0.7464162844036697,0.8698653407333656,0.7445255474452555,0.7750759878419453,0.706218304395875,0.7041720197444046,0.9504013761467889,0.804164539006079,0.28733035714285715,150,0.2,2,B,0.4,64,436
0.8360655737704918,0.9498861047835991,0.6986301369863014,0.9765807962529274,0.8929758392770455,0.785951678554091,0.8911605193300012,0.7611940298507464,0.804416403785489,0.7284800384069875,0.7245842944193892,0.9325964375070016,0.844704283527556,0.2365523809523807,150,0.2,3,B,0.4,61,439
0.7619047619047619,0.9496567505720824,0.6857142857142857,0.9651162790697675,0.8557807562384221,0.7115615124768442,0.8506162474558503,0.7218045112781954,0.7453416149068323,0.6805189057211414,0.6792649098474342,0.9605172351167774,0.841205888183328,0.30147380952380937,150,0.2,4,B,0.4,63,437
0.8095238095238095,0.9496567505720824,0.6986301369863014,0.9718969555035128,0.879590280047946,0.7591805600958921,0.8767951587817501,0.7500000000000001,0.7846153846153846,0.7134781942259253,0.7108941872725417,0.9516726599106462,0.818361104677769,0.303667857142857,150,0.2,5,B,0.4,63,437
0.7741935483870968,0.9497716894977168,0.6857142857142857,0.9674418604651163,0.8619826189424068,0.7239652378848136,0.8575005040522398,0.7272727272727272,0.7547169811320755,0.6876498707516049,0.685973482205164,0.9657534246575342,0.7907348009267832,0.354035714285713,150,0.2,6,B,0.4,62,438
0.8852459016393442,0.9498861047835991,0.7105263157894737,0.9834905660377359,0.9175660032114716,0.8351320064229433,0.9169966091997516,0.7883211678832117,0.84375,0.7613118355915349,0.7551833592219895,0.9777810971283468,0.86827175753351,0.22993030303030296,150,0.2,7,B,0.4,61,439
0.7868852459016393,0.9498861047835991,0.6857142857142857,0.9697674418604652,0.8683856753426192,0.7367713506852385,0.8645526942536196,0.732824427480916,0.7643312101910829,0.6949389597473599,0.6927668539325842,0.9643563986706001,0.8444097822518164,0.3018023809523809,150,0.2,8,B,0.4,61,439
0.819672131147541,0.9498861047835991,0.6944444444444444,0.9742990654205608,0.8847791179655701,0.7695582359311401,0.8823803986124177,0.7518796992481204,0.7911392405063291,0.7173820988442019,0.7141174024533925,0.958979050748721,0.8367399499688767,0.29789404761904653,150,0.2,9,B,0.4,61,439
0.8947368421052632,0.9480812641083521,0.6891891891891891,0.9859154929577465,0.9214090531068077,0.8428181062136153,0.9210229293060368,0.7786259541984732,0.8443708609271523,0.754314556205185,0.7458993410907051,0.9760207516533999,0.8903733099187607,0.24426785714285645,150,0.2,10,B,0.4,57,443
0.6935483870967742,0.9497716894977168,0.6615384615384615,0.9563218390804598,0.8216600382972455,0.6433200765944911,0.8116111281650343,0.6771653543307087,0.6869009584664537,0.6304616847349724,0.6302308802308803,0.9471755781411106,0.7551168324323168,0.41947083333333296,150,0.2,11,B,0.4,62,438
0.8,0.95,0.6857142857142857,0.9720930232558139,0.875,0.75,0.8717797887081347,0.7384615384615385,0.7741935483870968,0.7023926834240052,0.6996466431095407,0.9214015151515151,0.7434809064061422,0.2547901785714282,150,0.2,12,B,0.4,60,440
0.71900826446281,0.9498680738786279,0.8207547169811321,0.9137055837563451,0.834438169170719,0.668876338341438,0.8264157520692018,0.7665198237885462,0.7372881355932204,0.7009016454642085,0.6983425917493853,0.9216293421138707,0.8408185885676941,0.5172023809523808,150,0.4,1,B,0.4,121,379
0.7933884297520661,0.9498680738786279,0.8347826086956521,0.935064935064935,0.8716282518153471,0.7432565036306942,0.8681096357063341,0.8135593220338982,0.8013355592654424,0.7564351880393797,0.7560164134412776,0.9424758498876993,0.8864344166834687,0.4840297619047618,150,0.4,2,B,0.4,121,379
0.7394957983193278,0.94750656167979,0.8148148148148148,0.9209183673469388,0.8435011799995589,0.6870023599991177,0.837064586063822,0.7753303964757708,0.7534246575342466,0.7109503727228684,0.7095539660121191,0.9312071285206995,0.8394060077211332,0.5033257575757575,150,0.4,3,B,0.4,119,381
0.7288135593220338,0.9476439790575916,0.8113207547169812,0.9187817258883249,0.8382287691898127,0.6764575383796254,0.8310570265313074,0.7678571428571428,0.7439446366782007,0.7027683308140198,0.7010944541524877,0.9481209512822789,0.8539227733650602,0.5627196428571426,150,0.4,4,B,0.4,118,382
0.6890756302521008,0.94750656167979,0.803921568627451,0.907035175879397,0.8182910959659454,0.6365821919318908,0.8080245547986165,0.7420814479638008,0.7093425605536332,0.6727424490746295,0.669465578029319,0.9443746002337943,0.8588122489128932,0.5849166666666666,150,0.4,5,B,0.4,119,381
0.7226890756302521,0.94750656167979,0.8113207547169812,0.916243654822335,0.8350978186550211,0.6701956373100422,0.8274978194617589,0.7644444444444445,0.738831615120275,0.6982911234831117,0.6963516362636355,0.9272039524471206,0.841282651540962,0.5441785714285715,150,0.4,6,B,0.4,119,381
0.6942148760330579,0.9498680738786279,0.8155339805825242,0.906801007556675,0.8220414749558429,0.6440829499116858,0.8120422077425601,0.75,0.7155025553662692,0.6820877142898251,0.6784344350782093,0.9334045661702174,0.8452429735627154,0.5352583333333332,150,0.4,7,B,0.4,121,379
0.7642276422764228,0.9496021220159151,0.831858407079646,0.9250645994832042,0.856914882146169,0.7138297642923379,0.8518874284838994,0.7966101694915255,0.7768595041322314,0.7350606582876049,0.7339305115185917,0.9432403873110349,0.8934025980184657,0.5226738095238096,150,0.4,8,B,0.4,123,377
0.5462184873949579,0.94750656167979,0.7647058823529411,0.8698795180722891,0.7468625245373739,0.4937250490747478,0.7194064226273854,0.6372549019607843,0.5793226381461676,0.5597416439457273,0.5475113122171946,0.9249321775954475,0.7901439063321736,0.6383333333333333,150,0.4,9,B,0.4,119,381
0.6386554621848739,0.94750656167979,0.7916666666666666,0.8935643564356436,0.7930810119323319,0.5861620238646639,0.7779011769323961,0.7069767441860466,0.6643356643356644,0.6337636809698899,0.6278882956102632,0.9044420917973489,0.7991531060896525,0.519,150,0.4,10,B,0.4,119,381
0.7213114754098361,0.9497354497354498,0.822429906542056,0.9134860050890585,0.8355234625726429,0.6710469251452857,0.8276805413308335,0.7685589519650654,0.7394957983193278,0.7027333133312732,0.7001991130419043,0.9431108508977362,0.8655122610770902,0.5231592261904761,150,0.4,11,B,0.4,122,378
0.6470588235294118,0.94750656167979,0.7938144329896907,0.8957816377171216,0.7972826926046008,0.5945653852092017,0.7830022229131428,0.7129629629629629,0.6719022687609075,0.6403201960102054,0.6349247473914784,0.9303248858598557,0.8292755069120348,0.5548571428571427,150,0.4,12,B,0.4,119,381
0.6555555555555556,0.95,0.8805970149253731,0.8306010928961749,0.8027777777777778,0.6055555555555556,0.7891627067834477,0.751592356687898,0.6908665105386417,0.6562544973498752,0.6414122839279146,0.9432118055555555,0.8954763535682088,0.7234464285714287,150,0.6,1,B,0.4,180,320
0.6388888888888888,0.95,0.8778625954198473,0.8238482384823849,0.7944444444444444,0.5888888888888888,0.7790663928346828,0.7395498392282958,0.6756756756756757,0.6428294589531357,0.6261768506553442,0.9189930555555555,0.8745723556219439,0.6542815476190479,150,0.6,2,B,0.4,180,320
0.5666666666666667,0.95,0.864406779661017,0.7958115183246073,0.7583333333333333,0.5166666666666666,0.7337120234351713,0.6845637583892616,0.6085918854415274,0.5840486172336791,0.5587683064213294,0.9113454861111111,0.8576151381144688,0.6932988095238101,150,0.6,3,B,0.4,180,320
0.6055555555555555,0.95,0.872,0.8106666666666666,0.7777777777777777,0.5555555555555554,0.7584706835321835,0.7147540983606557,0.6449704142011834,0.6158402871356008,0.5953488372093023,0.9293055555555556,0.8846840977985101,0.7651000000000002,150,0.6,4,B,0.4,180,320
0.5666666666666667,0.95,0.864406779661017,0.7958115183246073,0.7583333333333333,0.5166666666666666,0.7337120234351713,0.6845637583892616,0.6085918854415274,0.5840486172336791,0.5587683064213294,0.8934635416666666,0.8515993501064537,0.6581208333333335,150,0.6,5,B,0.4,180,320
0.5666666666666667,0.95,0.864406779661017,0.7958115183246073,0.7583333333333333,0.5166666666666666,0.7337120234351713,0.6845637583892616,0.6085918854415274,0.5840486172336791,0.5587683064213294,0.9263281250000001,0.8784981540240163,0.6801648809523815,150,0.6,6,B,0.4,180,320
0.5833333333333334,0.95,0.8677685950413223,0.8021108179419525,0.7666666666666666,0.5333333333333332,0.7444237144709098,0.6976744186046512,0.6242568370986921,0.5977198509818347,0.5745277725827567,0.9223177083333334,0.8811690418626272,0.68735,150,0.6,7,B,0.4,180,320
0.4666666666666667,0.95,0.84,0.76,0.7083333333333333,0.4166666666666665,0.6658328118479393,0.6000000000000001,0.5121951219512195,0.5,0.46153846153846156,0.8549392361111113,0.8025203085239629,0.6733422619047619,150,0.6,8,B,0.4,180,320
0.6111111111111112,0.95,0.873015873015873,0.8128342245989305,0.7805555555555556,0.5611111111111111,0.7619419633774974,0.7189542483660131,0.6501182033096927,0.6203532141677888,0.6005202526941658,0.9217361111111111,0.8818163842560135,0.6739488095238096,150,0.6,9,B,0.4,180,320
0.6444444444444445,0.95,0.8787878787878788,0.8260869565217391,0.7972222222222223,0.5944444444444446,0.7824463062870335,0.7435897435897436,0.6807511737089202,0.6473089910378931,0.6312684365781711,0.9377777777777778,0.89691964729564,0.7038130952380952,150,0.6,10,B,0.4,180,320
0.5388888888888889,0.95,0.8584070796460177,0.7855297157622739,0.7444444444444445,0.48888888888888893,0.7155029311221893,0.6621160409556314,0.5822328931572629,0.561082475596798,0.5322245322245323,0.8972829861111111,0.8366289709038585,0.6910119047619052,150,0.6,11,B,0.4,180,320
0.6333333333333333,0.95,0.8769230769230769,0.8216216216216217,0.7916666666666666,0.5833333333333333,0.7756717518813396,0.7354838709677419,0.6705882352941176,0.6383450536225745,0.6210720887245841,0.9141666666666666,0.8728315737289694,0.6796395833333334,150,0.6,12,B,0.4,180,320
0.9,0.948936170212766,0.5294117647058824,0.9933184855233853,0.924468085106383,0.848936170212766,0.9241442274837242,0.6666666666666667,0.7894736842105263,0.6661566007208781,0.6394230769230769,0.9746099290780142,0.8223343699706764,0.11856369047619025,200,0.1,1,B,0.4,30,470
0.8666666666666667,0.948936170212766,0.52,0.9911111111111112,0.9078014184397163,0.8156028368794326,0.9068689803481705,0.65,0.7647058823529411,0.6456498061509979,0.6216216216216216,0.9687234042553191,0.836855066920007,0.1494392857142857,200,0.1,2,B,0.4,30,470
0.9354838709677419,0.9488272921108742,0.5471698113207547,0.9955257270693513,0.9421555815393081,0.8843111630786162,0.9421319589652614,0.6904761904761905,0.8192090395480226,0.6927566114815003,0.664204163868368,0.973622670059839,0.9109837334955384,0.1336904761904761,200,0.1,3,B,0.4,31,469
0.8387096774193549,0.9488272921108742,0.52,0.9888888888888889,0.8937684847651146,0.7875369695302292,0.8920709792908809,0.6419753086419753,0.7471264367816092,0.6330630406074588,0.6122994652406417,0.9522319279180136,0.808840800434433,0.1391214285714283,200,0.1,4,B,0.4,31,469
0.9655172413793104,0.9490445859872612,0.5384615384615384,0.9977678571428571,0.9572809136832858,0.9145618273665717,0.9572454808503356,0.691358024691358,0.8333333333333334,0.7002963200900232,0.6665243837370611,0.9726919979500697,0.9020851108544424,0.06216666666666666,200,0.1,5,B,0.4,29,471
0.78125,0.9487179487179487,0.5102040816326531,0.9844789356984479,0.8649839743589743,0.7299679487179487,0.8609215396514931,0.617283950617284,0.7062146892655368,0.6009182535310349,0.585162188202548,0.9769631410256411,0.7990308866052231,0.19891666666666663,200,0.1,6,B,0.4,32,468
0.9310344827586207,0.9490445859872612,0.5294117647058824,0.9955456570155902,0.9400395343729409,0.8800790687458817,0.9399964017109421,0.6749999999999999,0.8083832335329342,0.679708789732686,0.6490470276982885,0.9675671718280988,0.8472809130496524,0.11719642857142856,200,0.1,7,B,0.4,29,471
0.8571428571428571,0.9491525423728814,0.5,0.9911504424778761,0.9031476997578692,0.8062953995157385,0.9019752336033946,0.631578947368421,0.75,0.6292951153791286,0.6035342093339374,0.9763922518159805,0.7532280324402649,0.14671726190476184,200,0.1,8,B,0.4,28,472
0.8333333333333334,0.948936170212766,0.5102040816326531,0.9889135254988913,0.8911347517730497,0.7822695035460994,0.8892581975129449,0.6329113924050633,0.7396449704142012,0.624855569505394,0.6033916849015317,0.9460283687943263,0.7711336122808606,0.15662916666666665,200,0.1,9,B,0.4,30,470
0.8666666666666667,0.948936170212766,0.52,0.9911111111111112,0.9078014184397163,0.8156028368794326,0.9068689803481705,0.65,0.7647058823529411,0.6456498061509979,0.6216216216216216,0.9678723404255318,0.717562611457223,0.1651702380952379,200,0.1,10,B,0.4,30,470
0.9310344827586207,0.9490445859872612,0.5294117647058824,0.9955456570155902,0.9400395343729409,0.8800790687458817,0.9399964017109421,0.6749999999999999,0.8083832335329342,0.679708789732686,0.6490470276982885,0.9603192034555972,0.78398726054317,0.10710714285714285,200,0.1,11,B,0.4,29,471
0.9,0.948936170212766,0.5294117647058824,0.9933184855233853,0.924468085106383,0.848936170212766,0.9241442274837242,0.6666666666666667,0.7894736842105263,0.6661566007208781,0.6394230769230769,0.9677659574468085,0.8269669424437481,0.10912499999999964,200,0.1,12,B,0.4,30,470
0.8983050847457628,0.9478458049886621,0.6973684210526315,0.9858490566037735,0.9230754448672125,0.846150889734425,0.9227430336644411,0.7851851851851851,0.8493589743589743,0.7603322146279722,0.7522722613271373,0.9717129789769015,0.892696779216937,0.19354563492063492,200,0.2,1,B,0.4,59,441
0.9508196721311475,0.9498861047835991,0.725,0.9928571428571429,0.9503528884573733,0.9007057769147466,0.9503527738225814,0.822695035460993,0.8950617283950617,0.8041007869483421,0.7942048073756997,0.9793868329661302,0.8801353444367317,0.16792619047619048,200,0.2,2,B,0.4,61,439
0.8275862068965517,0.9479638009049773,0.676056338028169,0.9766899766899767,0.8877750039007646,0.7755500078015292,0.8857323333074095,0.7441860465116279,0.7920792079207921,0.7115036257617225,0.7067396559078629,0.9555312841316898,0.877469941672881,0.20058005952380945,200,0.2,3,B,0.4,58,442
0.8,0.95,0.6857142857142857,0.9720930232558139,0.875,0.75,0.8717797887081347,0.7384615384615385,0.7741935483870968,0.7023926834240052,0.6996466431095407,0.9757575757575758,0.8577993106924653,0.2654904761904761,200,0.2,4,B,0.4,60,440
0.9193548387096774,0.9497716894977168,0.7215189873417721,0.9881235154394299,0.9345632641036972,0.8691265282073943,0.9344395102997257,0.8085106382978723,0.8715596330275229,0.7853464997761386,0.7776093832366895,0.9577073206657829,0.8377649579831793,0.2014023809523807,200,0.2,5,B,0.4,62,438
0.9491525423728814,0.9478458049886621,0.7088607594936709,0.9928741092636579,0.9484991736807717,0.8969983473615435,0.9484989486459429,0.8115942028985508,0.8888888888888888,0.7933820123756862,0.7821642816448272,0.9707329259387371,0.8840833081628747,0.1738928571428571,200,0.2,6,B,0.4,59,441
0.9193548387096774,0.9497716894977168,0.7215189873417721,0.9881235154394299,0.9345632641036972,0.8691265282073943,0.9344395102997257,0.8085106382978723,0.8715596330275229,0.7853464997761386,0.7776093832366895,0.9817351598173516,0.8972443137585849,0.1852285714285714,200,0.2,7,B,0.4,62,438
0.8833333333333333,0.95,0.7066666666666667,0.9835294117647059,0.9166666666666666,0.8333333333333333,0.9160604055774196,0.7851851851851853,0.8412698412698413,0.7583952786593614,0.7521367521367521,0.9381249999999999,0.817013395246059,0.17715892857142798,200,0.2,8,B,0.4,60,440
0.8253968253968254,0.9496567505720824,0.7027027027027027,0.9741784037558685,0.887526787984454,0.7750535759689079,0.8853494604611569,0.7591240875912408,0.7975460122699386,0.7243059588782261,0.7211707448965797,0.9674185463659147,0.8623900856694757,0.23823888888888858,200,0.2,9,B,0.4,63,437
0.8666666666666667,0.95,0.7027027027027027,0.9812206572769953,0.9083333333333333,0.8166666666666667,0.9073771725877466,0.7761194029850748,0.8280254777070064,0.7473536048284551,0.7419132828630419,0.9755113636363637,0.8913856232228072,0.27185297619047577,200,0.2,10,B,0.4,60,440
0.9523809523809523,0.9496567505720824,0.7317073170731707,0.992822966507177,0.9510188514765174,0.9020377029530349,0.9510178760385318,0.8275862068965517,0.8982035928143712,0.8084266402839084,0.7989319263929997,0.9901202281064981,0.9437999016674468,0.17713809523809523,200,0.2,11,B,0.4,63,437
0.8793103448275862,0.9479638009049773,0.6891891891891891,0.9835680751173709,0.9136370728662817,0.8272741457325634,0.9129919915628093,0.7727272727272727,0.8333333333333334,0.7460259319317165,0.7387487808276438,0.9719339990638165,0.8109524339460475,0.2573999999999991,200,0.2,12,B,0.4,58,442
0.71900826446281,0.9498680738786279,0.8207547169811321,0.9137055837563451,0.834438169170719,0.668876338341438,0.8264157520692018,0.7665198237885462,0.7372881355932204,0.7009016454642085,0.6983425917493853,0.9562136112867703,0.8651808889669047,0.580948809523809,200,0.4,1,B,0.4,121,379
0.7355371900826446,0.9498680738786279,0.8240740740740741,0.9183673469387755,0.8427026319806363,0.6854052639612727,0.8358608101890529,0.7772925764192141,0.7516891891891891,0.7133535295665779,0.7114209406545653,0.9496064022329314,0.8806202761860147,0.5660869047619045,200,0.4,2,B,0.4,121,379
0.71900826446281,0.9498680738786279,0.8207547169811321,0.9137055837563451,0.834438169170719,0.668876338341438,0.8264157520692018,0.7665198237885462,0.7372881355932204,0.7009016454642085,0.6983425917493853,0.9510346932990253,0.862672407317917,0.6171555555555552,200,0.4,3,B,0.4,121,379
0.6896551724137931,0.9479166666666666,0.8,0.91,0.8187859195402298,0.6375718390804597,0.8085391964425152,0.7407407407407408,0.7092198581560284,0.6728120136762767,0.6698113207547169,0.9545617816091955,0.8658175029112702,0.5984363095238086,200,0.4,4,B,0.4,116,384
0.8666666666666667,0.95,0.8455284552845529,0.9575596816976127,0.9083333333333333,0.8166666666666667,0.9073771725877466,0.8559670781893004,0.8623548922056384,0.809848943858525,0.8097412480974124,0.9697807017543859,0.9150317396457158,0.4528138888888891,200,0.4,5,B,0.4,120,380
0.7983193277310925,0.94750656167979,0.8260869565217391,0.9376623376623376,0.8729129447054412,0.7458258894108825,0.8697199556989645,0.8119658119658121,0.8037225042301185,0.7547343881272225,0.7545464688162445,0.9541233816361191,0.8961931514234854,0.47489285714285706,200,0.4,6,B,0.4,119,381
0.8907563025210085,0.94750656167979,0.8412698412698413,0.9652406417112299,0.9191314321003992,0.8382628642007983,0.9186933337606644,0.8653061224489796,0.8803986710963455,0.822233414227178,0.8216447595987548,0.9717130946866936,0.9212855142792475,0.37925,200,0.4,7,B,0.4,119,381
0.7777777777777778,0.9477806788511749,0.8198198198198198,0.9331619537275064,0.8627792283144764,0.7255584566289528,0.8585818249983984,0.7982456140350876,0.7858376511226253,0.7391429452309815,0.7387135619021652,0.9436968601459463,0.8679281352893307,0.45793571428571433,200,0.4,8,B,0.4,117,383
0.8032786885245902,0.9497354497354498,0.8376068376068376,0.9373368146214099,0.87650706913002,0.7530141382600399,0.873442755141288,0.8200836820083682,0.8099173553719008,0.763900207149299,0.7636115753364412,0.958506808916645,0.8879363530677845,0.5311812499999997,200,0.4,9,B,0.4,122,378
0.7894736842105263,0.9481865284974094,0.8181818181818182,0.9384615384615385,0.8688301063539678,0.7376602127079357,0.865198423468073,0.8035714285714286,0.7950530035335689,0.7470914933296892,0.7468936953520479,0.9566062176165804,0.8970068504666897,0.5034791666666665,200,0.4,10,B,0.4,114,386
0.7416666666666667,0.95,0.8240740740740741,0.9209183673469388,0.8458333333333333,0.6916666666666667,0.8393946231262941,0.780701754385965,0.7568027210884354,0.7178345482418172,0.7161671207992734,0.9403618421052632,0.8702554649455535,0.44081666666666725,200,0.4,11,B,0.4,120,380
0.8278688524590164,0.9497354497354498,0.8416666666666667,0.9447368421052632,0.888802151097233,0.7776043021944661,0.8867109996566721,0.8347107438016529,0.8305921052631579,0.7819915291624815,0.7819450501526385,0.9634833897128978,0.895571484864341,0.5528958333333334,200,0.4,12,B,0.4,122,378
0.6833333333333333,0.95,0.8848920863309353,0.8421052631578947,0.8166666666666667,0.6333333333333333,0.805708797684788,0.7711598746081504,0.7159487776484285,0.6785511437439767,0.6665448565686096,0.928611111111111,0.8863564129433303,0.6538761904761907,200,0.6,1,B,0.4,180,320
0.6888888888888889,0.95,0.8857142857142857,0.8444444444444444,0.8194444444444444,0.6388888888888888,0.8089774066341064,0.775,0.7209302325581395,0.6830009515539734,0.6715328467153284,0.92984375,0.8796049782744094,0.6864880952380952,200,0.6,2,B,0.4,180,320
0.65,0.95,0.8796992481203008,0.8283378746594006,0.8,0.6000000000000001,0.7858116822750855,0.7476038338658147,0.6858147713950762,0.6517839163924044,0.6363468974406187,0.9215277777777778,0.8834374917640061,0.692195238095238,200,0.6,3,B,0.4,180,320
0.6444444444444445,0.95,0.8787878787878788,0.8260869565217391,0.7972222222222223,0.5944444444444446,0.7824463062870335,0.7435897435897436,0.6807511737089202,0.6473089910378931,0.6312684365781711,0.9278472222222223,0.8850930994022541,0.6354214285714286,200,0.6,4,B,0.4,180,320
0.65,0.95,0.8796992481203008,0.8283378746594006,0.8,0.6000000000000001,0.7858116822750855,0.7476038338658147,0.6858147713950762,0.6517839163924044,0.6363468974406187,0.9261979166666666,0.8862153591956985,0.7221666666666671,200,0.6,5,B,0.4,180,320
0.6555555555555556,0.95,0.8805970149253731,0.8306010928961749,0.8027777777777778,0.6055555555555556,0.7891627067834477,0.751592356687898,0.6908665105386417,0.6562544973498752,0.6414122839279146,0.9415885416666666,0.8919543499773305,0.7020521825396827,200,0.6,6,B,0.4,180,320
0.5944444444444444,0.95,0.8699186991869918,0.8063660477453581,0.7722222222222221,0.5444444444444443,0.751480021173033,0.7062706270627063,0.6346381969157769,0.6067944242738516,0.5849654915127774,0.9323871527777777,0.8948146275138461,0.6526214285714288,200,0.6,7,B,0.4,180,320
0.6944444444444444,0.95,0.8865248226950354,0.8467966573816156,0.8222222222222222,0.6444444444444444,0.8122328620674136,0.778816199376947,0.7259001161440186,0.6874481462824489,0.6765081100783671,0.9540364583333333,0.9178118883952504,0.710374404761905,200,0.6,8,B,0.4,180,320
0.5388888888888889,0.95,0.8584070796460177,0.7855297157622739,0.7444444444444445,0.48888888888888893,0.7155029311221893,0.6621160409556314,0.5822328931572629,0.561082475596798,0.5322245322245323,0.928046875,0.8718566231770344,0.7299126984126986,200,0.6,9,B,0.4,180,320
0.7222222222222222,0.95,0.8904109589041096,0.8587570621468926,0.836111111111111,0.672222222222222,0.8283182426526118,0.7975460122699386,0.7505773672055427,0.7096530081164522,0.701195219123506,0.9328038194444445,0.9002430106442043,0.6603577380952385,200,0.6,10,B,0.4,180,320
0.5722222222222222,0.95,0.865546218487395,0.7979002624671916,0.7611111111111111,0.5222222222222221,0.7372998786864887,0.6889632107023411,0.6138259833134684,0.588614046391706,0.5640352522032627,0.9224652777777779,0.8732445521057511,0.7064431547619048,200,0.6,11,B,0.4,180,320
0.6222222222222222,0.95,0.875,0.8172043010752689,0.7861111111111111,0.5722222222222222,0.7688375063113864,0.7272727272727274,0.660377358490566,0.6293605352999745,0.6108228317272053,0.923828125,0.892294210110337,0.6923380952380956,200,0.6,12,B,0.4,180,320
1.0,0.9490445859872612,0.5471698113207547,1.0,0.9745222929936306,0.9490445859872612,0.9741891941441668,0.7073170731707317,0.8579881656804734,0.7206167823813385,0.68359436797975,0.992019913610074,0.8716223927655479,0.042761904761904765,250,0.1,1,B,0.4,29,471
0.8928571428571429,0.9491525423728814,0.5102040816326531,0.9933481152993349,0.9210048426150121,0.8420096852300243,0.9205746178983234,0.6493506493506493,0.7763975155279503,0.6511496193929551,0.6224409889249356,0.9810835351089588,0.8228347453953241,0.09480238095238079,250,0.1,2,B,0.4,28,472
0.8620689655172413,0.9490445859872612,0.5102040816326531,0.991130820399113,0.9055567757522512,0.8111135515045025,0.9045119592751535,0.641025641025641,0.7575757575757576,0.6376829407159547,0.6128104430554788,0.9576835785928692,0.7182908322102519,0.08522916666666666,250,0.1,3,B,0.4,29,471
1.0,0.9491525423728814,0.5384615384615384,1.0,0.9745762711864407,0.9491525423728815,0.9742446008949094,0.7000000000000001,0.8536585365853658,0.7149000896634314,0.6764452113891286,0.9942493946731235,0.9085606412607444,0.06610595238095238,250,0.1,4,B,0.4,28,472
1.0,0.948936170212766,0.5555555555555556,1.0,0.9744680851063829,0.9489361702127659,0.9741335484484486,0.7142857142857143,0.8620689655172413,0.7260762778312719,0.6904024767801857,0.9931914893617022,0.9082229504025014,0.05736666666666634,250,0.1,5,B,0.4,30,470
0.9090909090909091,0.9486081370449678,0.5555555555555556,0.9932735426008968,0.9288495230679384,0.8576990461358769,0.9286393453204767,0.6896551724137931,0.8064516129032258,0.6860978020518669,0.6619591346153846,0.9772240607358381,0.8584829242953407,0.11529999999999993,250,0.1,6,B,0.4,33,467
0.96875,0.9487179487179487,0.5636363636363636,0.9977528089887641,0.9587339743589743,0.9174679487179487,0.9586816535328674,0.7126436781609196,0.8469945355191257,0.7176744196645456,0.6873436718359179,0.9931891025641025,0.9253153031151309,0.09590416666666646,250,0.1,7,B,0.4,32,468
0.9333333333333333,0.948936170212766,0.5384615384615384,0.9955357142857143,0.9411347517730497,0.8822695035460995,0.9411024167779234,0.6829268292682926,0.813953488372093,0.6863887317521316,0.6568109820485745,0.98822695035461,0.8658603542396557,0.11890595238095183,250,0.1,8,B,0.4,30,470
0.9310344827586207,0.9490445859872612,0.5294117647058824,0.9955456570155902,0.9400395343729409,0.8800790687458817,0.9399964017109421,0.6749999999999999,0.8083832335329342,0.679708789732686,0.6490470276982885,0.985870122263709,0.8689607232885145,0.07558333333333334,250,0.1,9,B,0.4,29,471
0.8275862068965517,0.9490445859872612,0.5,0.9889380530973452,0.8883153964419064,0.7766307928838128,0.8862371065876816,0.6233766233766235,0.7317073170731707,0.6162177763161811,0.5940194870646209,0.9448349073870709,0.7557847061709853,0.10849999999999999,250,0.1,10,B,0.4,29,471
0.8387096774193549,0.9488272921108742,0.52,0.9888888888888889,0.8937684847651146,0.7875369695302292,0.8920709792908809,0.6419753086419753,0.7471264367816092,0.6330630406074588,0.6122994652406417,0.9445285095261021,0.7543974555932176,0.12816428571428556,250,0.1,11,B,0.4,31,469
0.96875,0.9487179487179487,0.5636363636363636,0.9977528089887641,0.9587339743589743,0.9174679487179487,0.9586816535328674,0.7126436781609196,0.8469945355191257,0.7176744196645456,0.6873436718359179,0.9896501068376069,0.8857922922903236,0.10858214285714284,250,0.1,12,B,0.4,32,468
0.847457627118644,0.9478458049886621,0.684931506849315,0.9789227166276346,0.897651716053653,0.795303432107306,0.8962472631869246,0.7575757575757576,0.8090614886731392,0.7266123742065977,0.7211863520719339,0.9734424843383681,0.8590261838145082,0.21279761904761904,250,0.2,1,B,0.4,59,441
0.7627118644067796,0.9478458049886621,0.6617647058823529,0.9675925925925926,0.8552788346977209,0.7105576693954418,0.8502548095089185,0.7086614173228345,0.7401315789473685,0.6687261436652292,0.6665224601629534,0.9646220069948883,0.8160207869951026,0.36298809523809517,250,0.2,2,B,0.4,59,441
0.9354838709677419,0.9497716894977168,0.725,0.9904761904761905,0.9426277802327294,0.8852555604654588,0.9426007090103934,0.8169014084507041,0.8841463414634146,0.7958512901288101,0.7871643745907007,0.9700618647812638,0.9254925415985996,0.1651535714285713,250,0.2,3,B,0.4,62,438
0.7377049180327869,0.9498861047835991,0.6716417910447762,0.9630484988452656,0.843795511408193,0.687591022816386,0.8370995466907555,0.703125,0.7234726688102894,0.6606113423164353,0.6596567907426647,0.9411852571044474,0.8019946202864955,0.3404672619047618,250,0.2,4,B,0.4,61,439
0.9642857142857143,0.9481981981981982,0.7012987012987013,0.9952718676122931,0.9562419562419562,0.9124839124839124,0.9562081242250438,0.81203007518797,0.8970099667774086,0.7972511762556698,0.7840210104361047,0.9879745817245817,0.9123331866100234,0.17341130952380926,250,0.2,5,B,0.4,56,444
0.85,0.95,0.6986301369863014,0.9789227166276346,0.8999999999999999,0.7999999999999998,0.8986100377805715,0.7669172932330827,0.8146964856230032,0.7362352089455847,0.7315552476619328,0.9645833333333333,0.8813309105442639,0.2207672619047615,250,0.2,6,B,0.4,60,440
0.9333333333333333,0.95,0.717948717948718,0.990521327014218,0.9416666666666667,0.8833333333333333,0.9416297927883689,0.8115942028985509,0.8805031446540881,0.7910848288166868,0.7820254862508383,0.9865530303030303,0.9362652497707169,0.20123035714285706,250,0.2,7,B,0.4,60,440
0.8688524590163934,0.9498861047835991,0.7066666666666667,0.9811764705882353,0.9093692818999963,0.8187385637999927,0.9084662227770132,0.7794117647058822,0.8307210031347962,0.7504423377687053,0.7451146983857264,0.9729265469210948,0.9082379679018912,0.20066825396825377,250,0.2,8,B,0.4,61,439
0.95,0.95,0.7215189873417721,0.9928741092636579,0.95,0.8999999999999999,0.95,0.8201438848920861,0.8934169278996865,0.8018439916498017,0.7917360879706764,0.9810984848484847,0.9007904861987405,0.16860416666666625,250,0.2,9,B,0.4,60,440
0.9122807017543859,0.9480812641083521,0.6933333333333334,0.9882352941176471,0.930180982931369,0.8603619658627379,0.9300087316476942,0.7878787878787878,0.858085808580858,0.7657647969083548,0.7563098346388164,0.9736644093303235,0.9069648522133611,0.12939880952380944,250,0.2,10,B,0.4,57,443
0.9473684210526315,0.9480812641083521,0.7012987012987013,0.9929078014184397,0.9477248425804918,0.8954496851609837,0.9477247755587656,0.8059701492537314,0.8852459016393442,0.7884332529103345,0.7767167050255916,0.9876440537008435,0.9320674863368995,0.15083511904761882,250,0.2,11,B,0.4,57,443
0.9666666666666667,0.95,0.725,0.9952380952380953,0.9583333333333333,0.9166666666666665,0.9582971007643367,0.8285714285714285,0.90625,0.8125381553922585,0.8013245033112583,0.9893939393939395,0.9251156181739614,0.16865416666666622,250,0.2,12,B,0.4,60,440
0.7416666666666667,0.95,0.8240740740740741,0.9209183673469388,0.8458333333333333,0.6916666666666667,0.8393946231262941,0.780701754385965,0.7568027210884354,0.7178345482418172,0.7161671207992734,0.9549561403508773,0.8752649899045579,0.5456997023809524,250,0.4,1,B,0.4,120,380
0.8790322580645161,0.949468085106383,0.8515625,0.9596774193548387,0.9142501715854496,0.8285003431708993,0.9135716035490902,0.8650793650793651,0.8733974358974359,0.8198247078366304,0.8196401290103548,0.966658802333562,0.9205406441618317,0.44731547619047607,250,0.4,2,B,0.4,124,376
0.8,0.95,0.8347826086956521,0.9376623376623376,0.875,0.75,0.8717797887081347,0.8170212765957447,0.8067226890756303,0.7611397439159857,0.7608453837597331,0.9635526315789473,0.9025674856469852,0.44821458333333364,250,0.4,3,B,0.4,120,380
0.7083333333333334,0.95,0.8173076923076923,0.9116161616161617,0.8291666666666666,0.6583333333333332,0.8203149801549809,0.7589285714285715,0.7277397260273972,0.6927300127032684,0.6897977941176471,0.9578179824561404,0.8873893933365864,0.6166601190476191,250,0.4,4,B,0.4,120,380
0.825,0.95,0.8389830508474576,0.9450261780104712,0.8875,0.7749999999999999,0.8852965604812887,0.8319327731092436,0.8277591973244147,0.7794915986493343,0.7794441993824438,0.9590460526315789,0.9021684429526583,0.4851196428571431,250,0.4,5,B,0.4,120,380
0.7457627118644068,0.9476439790575916,0.8148148148148148,0.923469387755102,0.8467033454609991,0.6934066909219982,0.840664941402915,0.7787610619469028,0.7586206896551724,0.7154936798211375,0.7143248925861596,0.9658354778596149,0.901531567378176,0.5539107142857141,250,0.4,6,B,0.4,118,382
0.8389830508474576,0.9476439790575916,0.8319327731092437,0.9501312335958005,0.8933135149525246,0.7866270299050493,0.8916598211576893,0.8354430379746834,0.8375634517766497,0.7843422000568575,0.7843302070430013,0.9605887833880558,0.9083780406776972,0.46202499999999963,250,0.4,7,B,0.4,118,382
0.646551724137931,0.9479166666666666,0.7894736842105263,0.8987654320987655,0.7972341954022988,0.5944683908045976,0.7828647106444471,0.7109004739336492,0.6708407871198568,0.6396377099273955,0.6345554756769709,0.9441563397988505,0.847565570286412,0.6228440476190457,250,0.4,8,B,0.4,116,384
0.8487394957983193,0.94750656167979,0.8347107438016529,0.9525065963060686,0.8981230287390547,0.7962460574781094,0.8967643176586053,0.8416666666666667,0.8458961474036851,0.7917188285238498,0.791671235279928,0.9599020710646463,0.9101733083193824,0.38916666666666666,250,0.4,9,B,0.4,119,381
0.8925619834710744,0.9498680738786279,0.8503937007874016,0.9651474530831099,0.9212150286748512,0.8424300573497023,0.9207693153319985,0.870967741935484,0.88379705400982,0.8288765776797999,0.828447665816053,0.9677925816088445,0.9250157511471583,0.3879944444444439,250,0.4,10,B,0.4,121,379
0.7950819672131147,0.9497354497354498,0.8362068965517241,0.9348958333333334,0.8724087084742822,0.7448174169485644,0.8689749879643796,0.8151260504201681,0.8029801324503312,0.757846121237666,0.7574314192467143,0.9630822274264897,0.8897997218127525,0.5347940476190467,250,0.4,11,B,0.4,122,378
0.8983050847457628,0.9476439790575916,0.8412698412698413,0.9679144385026738,0.9229745319016771,0.8459490638033542,0.9226447880501693,0.8688524590163935,0.8862876254180602,0.8273624864096455,0.8265845833694615,0.9613430650457003,0.8980905710583329,0.40348482142857134,250,0.4,12,B,0.4,118,382
0.7666666666666667,0.95,0.8961038961038961,0.8786127167630058,0.8583333333333334,0.7166666666666668,0.8534244742994739,0.8263473053892216,0.7894736842105263,0.7451265480135659,0.7400501972032987,0.9568315972222222,0.931879368790658,0.6671105158730158,250,0.6,1,B,0.4,180,320
0.7166666666666667,0.95,0.8896551724137931,0.856338028169014,0.8333333333333333,0.6666666666666665,0.8251262529657709,0.793846153846154,0.7456647398843931,0.7052154283540158,0.6962828649138713,0.9402430555555555,0.9091511891771529,0.6327674603174608,250,0.6,2,B,0.4,180,320
0.6722222222222223,0.95,0.8832116788321168,0.837465564738292,0.8111111111111111,0.6222222222222222,0.7991314729824568,0.7634069400630915,0.705950991831972,0.6696427375842774,0.6565305000915919,0.9471267361111112,0.8998883423378414,0.7037752976190479,250,0.6,3,B,0.4,180,320
0.7555555555555555,0.95,0.8947368421052632,0.8735632183908046,0.8527777777777777,0.7055555555555555,0.8472176684759223,0.8192771084337349,0.7798165137614679,0.7362597204904463,0.7304097771387491,0.9548437500000001,0.9305719276928072,0.6616083333333335,250,0.6,4,B,0.4,180,320
0.6944444444444444,0.95,0.8865248226950354,0.8467966573816156,0.8222222222222222,0.6444444444444444,0.8122328620674136,0.778816199376947,0.7259001161440186,0.6874481462824489,0.6765081100783671,0.9372569444444445,0.904356421791484,0.6631660714285718,250,0.6,5,B,0.4,180,320
0.6277777777777778,0.95,0.875968992248062,0.8194070080862533,0.7888888888888889,0.5777777777777777,0.7722621892135396,0.7313915857605178,0.6654888103651354,0.6338555041909473,0.6159540995743106,0.9367447916666666,0.8951588422678897,0.7267255952380954,250,0.6,6,B,0.4,180,320
0.8111111111111111,0.95,0.9012345679012346,0.8994082840236687,0.8805555555555555,0.7611111111111111,0.8778129388175795,0.8538011695906432,0.8276643990929705,0.7806267806267806,0.7781327653532126,0.9536631944444445,0.9161513515559307,0.6132616071428576,250,0.6,7,B,0.4,180,320
0.7888888888888889,0.95,0.8987341772151899,0.8888888888888888,0.8694444444444445,0.7388888888888889,0.8657045942147035,0.8402366863905325,0.8086560364464692,0.7628669164257306,0.7591865858009276,0.9529513888888889,0.9178837680244744,0.5912428571428573,250,0.6,8,B,0.4,180,320
0.7166666666666667,0.95,0.8896551724137931,0.856338028169014,0.8333333333333333,0.6666666666666665,0.8251262529657709,0.793846153846154,0.7456647398843931,0.7052154283540158,0.6962828649138713,0.9528645833333332,0.923828726613192,0.6942375000000002,250,0.6,9,B,0.4,180,320
0.7722222222222223,0.95,0.896774193548387,0.881159420289855,0.8611111111111112,0.7222222222222223,0.8565110105019731,0.8298507462686566,0.7942857142857143,0.749560500111645,0.7448522829006267,0.9540885416666667,0.9259571151928239,0.6468922619047619,250,0.6,10,B,0.4,180,320
0.7611111111111111,0.95,0.8954248366013072,0.8760806916426513,0.8555555555555555,0.711111111111111,0.8503267345882731,0.8228228228228229,0.7846506300114547,0.7406930223904679,0.7352360437982408,0.9559114583333334,0.9138997518474653,0.6390678571428571,250,0.6,11,B,0.4,180,320
0.7722222222222223,0.95,0.896774193548387,0.881159420289855,0.8611111111111112,0.7222222222222223,0.8565110105019731,0.8298507462686566,0.7942857142857143,0.749560500111645,0.7448522829006267,0.9531944444444445,0.9083698429874281,0.6273500000000001,250,0.6,12,B,0.4,180,320
0.9642857142857143,0.9470338983050848,0.5192307692307693,0.9977678571428571,0.9556598062953996,0.9113196125907992,0.9556208762264997,0.6749999999999999,0.823170731707317,0.6864043909364134,0.6494823123382226,0.9710199757869251,0.880294469215901,0.0956547619047619,300,0.1,1,B,0.4,28,472
0.896551724137931,0.9490445859872612,0.52,0.9933333333333333,0.9227981550625961,0.8455963101251922,0.92242482612441,0.6582278481012658,0.7831325301204819,0.6588419936000831,0.6311475409836066,0.9681894721429096,0.8831383623174502,0.07229166666666666,300,0.1,2,B,0.4,29,471
0.9696969696969697,0.9486081370449678,0.5714285714285714,0.9977477477477478,0.9591525533709688,0.9183051067419377,0.9590945917491105,0.7191011235955056,0.851063829787234,0.7229643978344943,0.6936574845603372,0.9916293556550515,0.9261991378588271,0.060883333333333275,300,0.1,3,B,0.4,33,467
1.0,0.9490445859872612,0.5471698113207547,1.0,0.9745222929936306,0.9490445859872612,0.9741891941441668,0.7073170731707317,0.8579881656804734,0.7206167823813385,0.68359436797975,0.9926056080240135,0.8948268747155896,0.06404166666666666,300,0.1,4,B,0.4,29,471
0.9354838709677419,0.9488272921108742,0.5471698113207547,0.9955257270693513,0.9421555815393081,0.8843111630786162,0.9421319589652614,0.6904761904761905,0.8192090395480226,0.6927566114815003,0.664204163868368,0.9717312057225395,0.8915845979259591,0.09743809523809513,300,0.1,5,B,0.4,31,469
0.8928571428571429,0.9491525423728814,0.5102040816326531,0.9933481152993349,0.9210048426150121,0.8420096852300243,0.9205746178983234,0.6493506493506493,0.7763975155279503,0.6511496193929551,0.6224409889249356,0.965042372881356,0.8042781953076145,0.09044583333333328,300,0.1,6,B,0.4,28,472
1.0,0.9491525423728814,0.5384615384615384,1.0,0.9745762711864407,0.9491525423728815,0.9742446008949094,0.7000000000000001,0.8536585365853658,0.7149000896634314,0.6764452113891286,0.9945520581113801,0.8662803369041339,0.03521666666666664,300,0.1,7,B,0.4,28,472
0.9642857142857143,0.9491525423728814,0.5294117647058824,0.9977728285077951,0.9567191283292978,0.9134382566585957,0.9566892062149209,0.6835443037974683,0.8282208588957055,0.6939384524310297,0.6588800349306845,0.9923577481840195,0.8520336607660691,0.06658333333333302,300,0.1,8,B,0.4,28,472
0.9333333333333333,0.948936170212766,0.5384615384615384,0.9955357142857143,0.9411347517730497,0.8822695035460995,0.9411024167779234,0.6829268292682926,0.813953488372093,0.6863887317521316,0.6568109820485745,0.9898581560283688,0.9239035690390263,0.053374999999999964,300,0.1,9,B,0.4,30,470
0.9333333333333333,0.948936170212766,0.5384615384615384,0.9955357142857143,0.9411347517730497,0.8822695035460995,0.9411024167779234,0.6829268292682926,0.813953488372093,0.6863887317521316,0.6568109820485745,0.9859574468085106,0.8843322673453847,0.1003285714285714,300,0.1,10,B,0.4,30,470
0.8387096774193549,0.9488272921108742,0.52,0.9888888888888889,0.8937684847651146,0.7875369695302292,0.8920709792908809,0.6419753086419753,0.7471264367816092,0.6330630406074588,0.6122994652406417,0.9492743654996904,0.7485631110694091,0.1742523809523809,300,0.1,11,B,0.4,31,469
0.90625,0.9487179487179487,0.5471698113207547,0.9932885906040269,0.9274839743589743,0.8549679487179487,0.9272408754070546,0.6823529411764705,0.8011049723756906,0.6797607014685472,0.6548020865296102,0.9832064636752137,0.8827114425411674,0.1157125,300,0.1,12,B,0.4,32,468
0.9180327868852459,0.9498861047835991,0.717948717948718,0.9881516587677726,0.9339594458344225,0.867918891668845,0.9338236385946,0.8057553956834532,0.8695652173913043,0.7828396108825424,0.7749399839957322,0.9740468277381531,0.9138327619028985,0.19921904761904735,300,0.2,1,B,0.4,61,439
0.9666666666666667,0.95,0.725,0.9952380952380953,0.9583333333333333,0.9166666666666665,0.9582971007643367,0.8285714285714285,0.90625,0.8125381553922585,0.8013245033112583,0.9898484848484849,0.9213182152959971,0.13122380952380824,300,0.2,2,B,0.4,60,440
0.8666666666666667,0.95,0.7027027027027027,0.9812206572769953,0.9083333333333333,0.8166666666666667,0.9073771725877466,0.7761194029850748,0.8280254777070064,0.7473536048284551,0.7419132828630419,0.9838068181818183,0.9215648339024638,0.2223874999999999,300,0.2,3,B,0.4,60,440
0.8620689655172413,0.9479638009049773,0.684931506849315,0.9812646370023419,0.9050163832111093,0.8100327664222187,0.9039967772032962,0.7633587786259542,0.819672131147541,0.7346024131351409,0.72822275213915,0.9614799500702138,0.875987784336657,0.18243095238095225,300,0.2,4,B,0.4,58,442
0.8983050847457628,0.9478458049886621,0.6973684210526315,0.9858490566037735,0.9230754448672125,0.846150889734425,0.9227430336644411,0.7851851851851851,0.8493589743589743,0.7603322146279722,0.7522722613271373,0.9739613359468081,0.8291159061451965,0.17383333333333334,300,0.2,5,B,0.4,59,441
0.9152542372881356,0.9478458049886621,0.7012987012987013,0.9881796690307328,0.9315500211383989,0.8631000422767978,0.9314074775905854,0.7941176470588235,0.8626198083067093,0.7714199962279122,0.762365481888855,0.9833006648987279,0.8958267731048283,0.24665476190476188,300,0.2,6,B,0.4,59,441
0.9152542372881356,0.9478458049886621,0.7012987012987013,0.9881796690307328,0.9315500211383989,0.8631000422767978,0.9314074775905854,0.7941176470588235,0.8626198083067093,0.7714199962279122,0.762365481888855,0.9845113186517545,0.91928116245081,0.18711904761904766,300,0.2,7,B,0.4,59,441
0.8793103448275862,0.9479638009049773,0.6891891891891891,0.9835680751173709,0.9136370728662817,0.8272741457325634,0.9129919915628093,0.7727272727272727,0.8333333333333334,0.7460259319317165,0.7387487808276438,0.974840068653456,0.8464571022816979,0.25267410714285704,300,0.2,8,B,0.4,58,442
0.9830508474576272,0.9478458049886621,0.7160493827160493,0.9976133651551312,0.9654483262231446,0.9308966524462892,0.9652878440409685,0.8285714285714285,0.9148264984227129,0.8150743910643385,0.8014625591476126,0.9944271493908299,0.9698261087023606,0.12624999999999997,300,0.2,9,B,0.4,59,441
0.9516129032258065,0.9497716894977168,0.7283950617283951,0.9928400954653938,0.9506922963617617,0.9013845927235233,0.9506918506249024,0.8251748251748251,0.8966565349544073,0.8062941513027424,0.7966024472793544,0.988363529238474,0.9554057445144479,0.10582559523809516,300,0.2,10,B,0.4,62,438
0.9206349206349206,0.9496567505720824,0.725,0.9880952380952381,0.9351458356035015,0.870291671207003,0.9350332438974273,0.8111888111888111,0.8734939759036144,0.787782232911901,0.7802018886356236,0.9865787657549672,0.912675443338089,0.18181428571428562,300,0.2,11,B,0.4,63,437
0.9166666666666666,0.95,0.7142857142857143,0.9881796690307328,0.9333333333333333,0.8666666666666667,0.9331845119446278,0.8029197080291971,0.8675078864353313,0.7802585034509957,0.7721903476206547,0.9760227272727273,0.9010297469907633,0.22052857142857077,300,0.2,12,B,0.4,60,440
0.905982905982906,0.9477806788511749,0.8412698412698413,0.9705882352941176,0.9268817924170405,0.853763584834081,0.9266461534264515,0.8724279835390947,0.8922558922558923,0.8325472129697794,0.8315510346026778,0.9610586686304701,0.9256926796916646,0.3838571428571429,300,0.4,1,B,0.4,117,383
0.8823529411764706,0.94750656167979,0.84,0.9626666666666667,0.9149297514281303,0.8298595028562605,0.9143496057210106,0.860655737704918,0.8735440931780366,0.8161498397716512,0.8157181571815718,0.9745031871016123,0.9181324332737455,0.43178571428571433,300,0.4,2,B,0.4,119,381
0.8333333333333334,0.95,0.8403361344537815,0.94750656167979,0.8916666666666666,0.7833333333333332,0.8897565210026093,0.8368200836820084,0.8347245409015025,0.7855847791961291,0.7855729052122278,0.9702850877192982,0.9083592880521658,0.46478928571428596,300,0.4,3,B,0.4,120,380
0.8991596638655462,0.94750656167979,0.84251968503937,0.967828418230563,0.923333112772668,0.8466662255453361,0.92301662038687,0.8699186991869918,0.8872305140961857,0.8283081370923362,0.8275378877702805,0.9677099186131145,0.9207805402722598,0.39466666666666667,300,0.4,4,B,0.4,119,381
0.7627118644067796,0.9476439790575916,0.8181818181818182,0.9282051282051282,0.8551779217321855,0.7103558434643711,0.8501642818072722,0.7894736842105264,0.7731958762886598,0.7281485623493984,0.7273966378918674,0.9574940101162481,0.8894896733489777,0.5708026785714285,300,0.4,5,B,0.4,118,382
0.7916666666666666,0.95,0.8333333333333334,0.9352331606217616,0.8708333333333333,0.7416666666666667,0.8672273827165129,0.811965811965812,0.7996632996632996,0.7549967878629432,0.7545738509593931,0.9668640350877192,0.9085787608146622,0.47952321428571426,300,0.4,6,B,0.4,120,380
0.8211382113821138,0.9496021220159151,0.8416666666666667,0.9421052631578948,0.8853701666990145,0.7707403333980289,0.8830371385150277,0.8312757201646092,0.8251633986928104,0.7772288199114845,0.777125462056969,0.9748118436091523,0.9253843979555723,0.5047595238095239,300,0.4,7,B,0.4,123,377
0.8416666666666667,0.95,0.8416666666666667,0.95,0.8958333333333333,0.7916666666666665,0.8941942369157461,0.8416666666666667,0.8416666666666667,0.7916666666666666,0.7916666666666667,0.9769298245614034,0.9247753915013781,0.4436827380952381,300,0.4,8,B,0.4,120,380
0.7288135593220338,0.9476439790575916,0.8113207547169812,0.9187817258883249,0.8382287691898127,0.6764575383796254,0.8310570265313074,0.7678571428571428,0.7439446366782007,0.7027683308140198,0.7010944541524877,0.9633618777176324,0.8863443333285139,0.5916458333333332,300,0.4,9,B,0.4,118,382
0.7833333333333333,0.95,0.831858407079646,0.9328165374677002,0.8666666666666667,0.7333333333333334,0.8626509529738355,0.8068669527896997,0.7925801011804384,0.7488401872238077,0.748265831282166,0.9654714912280702,0.9062040387084412,0.5715446428571429,300,0.4,10,B,0.4,120,380
0.8403361344537815,0.94750656167979,0.8333333333333334,0.95,0.8939213480667858,0.7878426961335716,0.8923138469235968,0.8368200836820084,0.8389261744966443,0.7855847791961291,0.7855729052122278,0.9729372063786145,0.9210543831403448,0.4617638888888888,300,0.4,11,B,0.4,119,381
0.8583333333333333,0.95,0.8442622950819673,0.955026455026455,0.9041666666666666,0.8083333333333331,0.9030042450989179,0.8512396694214877,0.8554817275747508,0.8037983202713069,0.8037505451373747,0.9675767543859648,0.922778505857899,0.413958928571429,300,0.4,12,B,0.4,120,380
0.85,0.95,0.9053254437869822,0.918429003021148,0.8999999999999999,0.7999999999999998,0.8986100377805715,0.8767908309455587,0.8605174353205849,0.8117903408186773,0.8108393454161534,0.9594791666666668,0.9446589213272194,0.6079779761904767,300,0.6,1,B,0.4,180,320
0.7222222222222222,0.95,0.8904109589041096,0.8587570621468926,0.836111111111111,0.672222222222222,0.8283182426526118,0.7975460122699386,0.7505773672055427,0.7096530081164522,0.701195219123506,0.941953125,0.907999770873386,0.7225517857142858,300,0.6,2,B,0.4,180,320
0.7,0.95,0.8873239436619719,0.8491620111731844,0.825,0.6499999999999999,0.8154753215150045,0.782608695652174,0.7308584686774942,0.6918929618393668,0.681470695303968,0.9297829861111111,0.87678288925895,0.6939166666666671,300,0.6,3,B,0.4,180,320
0.6888888888888889,0.95,0.8857142857142857,0.8444444444444444,0.8194444444444444,0.6388888888888888,0.8089774066341064,0.775,0.7209302325581395,0.6830009515539734,0.6715328467153284,0.9503038194444444,0.9150982707234155,0.6662815476190479,300,0.6,4,B,0.4,180,320
0.7722222222222223,0.95,0.896774193548387,0.881159420289855,0.8611111111111112,0.7222222222222223,0.8565110105019731,0.8298507462686566,0.7942857142857143,0.749560500111645,0.7448522829006267,0.9540538194444445,0.9276799995145236,0.592327380952381,300,0.6,5,B,0.4,180,320
0.7166666666666667,0.95,0.8896551724137931,0.856338028169014,0.8333333333333333,0.6666666666666665,0.8251262529657709,0.793846153846154,0.7456647398843931,0.7052154283540158,0.6962828649138713,0.9440972222222221,0.9127731237686104,0.6479526785714287,300,0.6,6,B,0.4,180,320
0.6944444444444444,0.95,0.8865248226950354,0.8467966573816156,0.8222222222222222,0.6444444444444444,0.8122328620674136,0.778816199376947,0.7259001161440186,0.6874481462824489,0.6765081100783671,0.9493402777777777,0.9080530668416672,0.7149880952380955,300,0.6,7,B,0.4,180,320
0.7388888888888889,0.95,0.8926174496644296,0.8660968660968661,0.8444444444444444,0.6888888888888889,0.837821248503787,0.8085106382978723,0.7652474108170311,0.7229591011730142,0.715857838715497,0.9253559027777778,0.8834434782318852,0.6447779761904765,300,0.6,8,B,0.4,180,320
0.7,0.95,0.8873239436619719,0.8491620111731844,0.825,0.6499999999999999,0.8154753215150045,0.782608695652174,0.7308584686774942,0.6918929618393668,0.681470695303968,0.9192881944444445,0.8999388252936968,0.6488708333333334,300,0.6,9,B,0.4,180,320
0.75,0.95,0.8940397350993378,0.8710601719197708,0.85,0.7,0.8440971508067066,0.8157099697885197,0.7749712973593571,0.7318264376977481,0.7255713514486233,0.9257552083333334,0.9040790110568571,0.6043041666666668,300,0.6,10,B,0.4,180,320
0.8444444444444444,0.95,0.9047619047619048,0.9156626506024096,0.8972222222222221,0.7944444444444443,0.8956685895029601,0.8735632183908046,0.8558558558558559,0.8073300007400834,0.8062015503875969,0.9619010416666667,0.9425660732082779,0.6117592261904765,300,0.6,11,B,0.4,180,320
0.7055555555555556,0.95,0.8881118881118881,0.8515406162464986,0.8277777777777777,0.6555555555555554,0.8187049393876757,0.7863777089783283,0.7358053302433372,0.6963356291420971,0.6864206507907653,0.946875,0.9134468953616313,0.686779166666667,300,0.6,12,B,0.4,180,320
