"nFactors","total_items","rep_id","z_threshold","mcc","sensitivity","specificity","tp","tn","fp","fn"
2,16,1,0.1,0.0100321544238141,0.55,0.4625,33,111,129,27
2,16,1,0.3,0.0576804990488869,0.65,0.420833333333333,39,101,139,21
2,16,1,0.5,0.0698856557814612,0.716666666666667,0.366666666666667,43,88,152,17
2,16,1,0.7,0.0727392967453308,0.766666666666667,0.316666666666667,46,76,164,14
2,16,1,0.9,0.0804745383074018,0.816666666666667,0.270833333333333,49,65,175,11
2,16,1,1.1,0.135032869438565,0.9,0.2375,54,57,183,6
2,16,1,1.3,0.11536088808075,0.916666666666667,0.191666666666667,55,46,194,5
2,16,1,1.5,0.163366009803268,0.966666666666667,0.179166666666667,58,43,197,2
2,16,1,1.7,0.147087101353638,0.966666666666667,0.158333333333333,58,38,202,2
2,16,1,1.9,0.126183035060261,0.966666666666667,0.133333333333333,58,32,208,2
2,16,1,2.1,0.135362261543268,0.983333333333333,0.116666666666667,59,28,212,1
2,16,1,2.3,0.11672488195596,0.983333333333333,0.0958333333333333,59,23,217,1
2,16,1,2.5,0.108688898473607,0.983333333333333,0.0875,59,21,219,1
2,16,1,2.7,0.104514906889283,0.983333333333333,0.0833333333333333,59,20,220,1
2,16,1,2.9,0.133630620956212,1,0.0833333333333333,60,20,220,0
2,16,2,0.1,-0.00732134265821778,0.7,0.291666666666667,42,70,170,18
2,16,2,0.3,0.0158416152173919,0.783333333333333,0.233333333333333,47,56,184,13
2,16,2,0.5,-0.03849670748414,0.783333333333333,0.179166666666667,47,43,197,13
2,16,2,0.7,-0.0366818137789587,0.816666666666667,0.15,49,36,204,11
2,16,2,0.9,-0.0259587065825582,0.866666666666667,0.1125,52,27,213,8
2,16,2,1.1,-0.0219014570702767,0.883333333333333,0.1,53,24,216,7
2,16,2,1.3,0,0.916666666666667,0.0833333333333333,55,20,220,5
2,16,2,1.5,0.0127869292321891,0.933333333333333,0.075,56,18,222,4
2,16,2,1.7,0.0504603624764161,0.966666666666667,0.0625,58,15,225,2
2,16,2,1.9,0.0654858345926581,0.983333333333333,0.05,59,12,228,1
2,16,2,2.1,0.05953620902598,0.983333333333333,0.0458333333333333,59,11,229,1
2,16,2,2.3,0.05953620902598,0.983333333333333,0.0458333333333333,59,11,229,1
2,16,2,2.5,0.046423834544263,0.983333333333333,0.0375,59,9,231,1
2,16,2,2.7,0.0310352208225888,0.983333333333333,0.0291666666666667,59,7,233,1
2,16,2,2.9,0.0310352208225888,0.983333333333333,0.0291666666666667,59,7,233,1
2,16,3,0.1,0.102062072615966,0.7,0.425,42,102,138,18
2,16,3,0.3,0.0850678820118227,0.75,0.35,45,84,156,15
2,16,3,0.5,0.0412950620133019,0.766666666666667,0.279166666666667,46,67,173,14
2,16,3,0.7,0.0327352410760158,0.816666666666667,0.216666666666667,49,52,188,11
2,16,3,0.9,0.0405767830562873,0.866666666666667,0.170833333333333,52,41,199,8
2,16,3,1.1,0.0150331093008434,0.883333333333333,0.129166666666667,53,31,209,7
2,16,3,1.3,0.060229006943261,0.933333333333333,0.1125,56,27,213,4
2,16,3,1.5,0.0407666325391857,0.933333333333333,0.0958333333333333,56,23,217,4
2,16,3,1.7,0.0552907335580864,0.95,0.0875,57,21,219,3
2,16,3,1.9,0.027371590578208,0.95,0.0666666666666667,57,16,224,3
2,16,3,2.1,0.021053798026663,0.95,0.0625,57,15,225,3
2,16,3,2.3,0.021053798026663,0.95,0.0625,57,15,225,3
2,16,3,2.5,0.0382359556450936,0.966666666666667,0.0541666666666667,58,13,227,2
2,16,3,2.7,0.05953620902598,0.983333333333333,0.0458333333333333,59,11,229,1
2,16,3,2.9,0.046423834544263,0.983333333333333,0.0375,59,9,231,1
2,16,4,0.1,0.0576804990488869,0.65,0.420833333333333,39,101,139,21
2,16,4,0.3,0.0765459366802418,0.716666666666667,0.375,43,90,150,17
2,16,4,0.5,0.0292853706328711,0.733333333333333,0.3,44,72,168,16
2,16,4,0.7,0.0310731751241902,0.783333333333333,0.25,47,60,180,13
2,16,4,0.9,0.0208333333333333,0.816666666666667,0.204166666666667,49,49,191,11
2,16,4,1.1,0.0405767830562873,0.866666666666667,0.170833333333333,52,41,199,8
2,16,4,1.3,0.0693817872358395,0.916666666666667,0.141666666666667,55,34,206,5
2,16,4,1.5,0.087605828281107,0.95,0.116666666666667,57,28,212,3
2,16,4,1.7,0.0603022689155527,0.95,0.0916666666666667,57,22,218,3
2,16,4,1.9,0.0552907335580864,0.95,0.0875,57,21,219,3
2,16,4,2.1,0.0668153104781061,0.966666666666667,0.075,58,18,222,2
2,16,4,2.3,0.0445043121822695,0.966666666666667,0.0583333333333333,58,14,226,2
2,16,4,2.5,0.0711156983896141,0.983333333333333,0.0541666666666667,59,13,227,1
2,16,4,2.7,0.0654858345926581,0.983333333333333,0.05,59,12,228,1
2,16,4,2.9,0.0390806921173699,0.983333333333333,0.0333333333333333,59,8,232,1
2,16,5,0.1,-0.0112190500649082,0.716666666666667,0.270833333333333,43,65,175,17
2,16,5,0.3,-0.0123482932819682,0.783333333333333,0.204166666666667,47,49,191,13
2,16,5,0.5,0,0.866666666666667,0.133333333333333,52,32,208,8
2,16,5,0.7,0.0277777777777778,0.916666666666667,0.104166666666667,55,25,215,5
2,16,5,0.9,0.0187926253832749,0.933333333333333,0.0791666666666667,56,19,221,4
2,16,5,1.1,0.0088679807228754,0.966666666666667,0.0375,58,9,231,2
2,16,5,1.3,-0.00977017302934249,0.966666666666667,0.0291666666666667,58,7,233,2
2,16,5,1.5,-0.0335012605086404,0.983333333333333,0.00833333333333333,59,2,238,1
2,16,5,1.7,0.028915746598312,1,0.00416666666666667,60,1,239,0
2,16,5,1.9,0,1,0,60,0,240,0
2,16,5,2.1,0,1,0,60,0,240,0
2,16,5,2.3,0,1,0,60,0,240,0
2,16,5,2.5,0,1,0,60,0,240,0
2,16,5,2.7,0,1,0,60,0,240,0
2,16,5,2.9,0,1,0,60,0,240,0
2,16,6,0.1,0.0170103454359943,0.616666666666667,0.404166666666667,37,97,143,23
2,16,6,0.3,0.0707106781186548,0.733333333333333,0.35,44,84,156,16
2,16,6,0.5,0.0457881878913089,0.783333333333333,0.266666666666667,47,64,176,13
2,16,6,0.7,0.0625,0.85,0.2125,51,51,189,9
2,16,6,0.9,0.0618318964800104,0.9,0.154166666666667,54,37,203,6
2,16,6,1.1,0.0736067704518188,0.933333333333333,0.125,56,30,210,4
2,16,6,1.3,0.0507608480787256,0.933333333333333,0.104166666666667,56,25,215,4
2,16,6,1.5,0.0552907335580864,0.95,0.0875,57,21,219,3
2,16,6,1.7,0.0445043121822695,0.966666666666667,0.0583333333333333,58,14,226,2
2,16,6,1.9,0.046423834544263,0.983333333333333,0.0375,59,9,231,1
2,16,6,2.1,0.022080920281276,0.983333333333333,0.025,59,6,234,1
2,16,6,2.3,0.0119047619047619,0.983333333333333,0.0208333333333333,59,5,235,1
2,16,6,2.5,-0.0145309548429774,0.983333333333333,0.0125,59,3,237,1
2,16,6,2.7,0.028915746598312,1,0.00416666666666667,60,1,239,0
2,16,6,2.9,0.028915746598312,1,0.00416666666666667,60,1,239,0
2,16,7,0.1,0.140528758321116,0.683333333333333,0.491666666666667,41,118,122,19
2,16,7,0.3,0.142504762356074,0.733333333333333,0.441666666666667,44,106,134,16
2,16,7,0.5,0.136580879828378,0.783333333333333,0.379166666666667,47,91,149,13
2,16,7,0.7,0.169880011265083,0.85,0.345833333333333,51,83,157,9
2,16,7,0.9,0.160258657619581,0.883333333333333,0.291666666666667,53,70,170,7
2,16,7,1.1,0.171174871736467,0.916666666666667,0.2625,55,63,177,5
2,16,7,1.3,0.157192262096496,0.933333333333333,0.220833333333333,56,53,187,4
2,16,7,1.5,0.144210715892613,0.933333333333333,0.204166666666667,56,49,191,4
2,16,7,1.7,0.153290069323752,0.95,0.191666666666667,57,46,194,3
2,16,7,1.9,0.129687843983453,0.95,0.1625,57,39,201,3
2,16,7,2.1,0.13334911522761,0.966666666666667,0.141666666666667,58,34,206,2
2,16,7,2.3,0.114982649618953,0.966666666666667,0.120833333333333,58,29,211,2
2,16,7,2.5,0.128123702266012,0.983333333333333,0.108333333333333,59,26,214,1
2,16,7,2.7,0.14065622155408,1,0.0916666666666667,60,22,218,0
2,16,7,2.9,0.126322788159978,1,0.075,60,18,222,0
2,16,8,0.1,0.0537664034868331,0.616666666666667,0.45,37,108,132,23
2,16,8,0.3,0.0485141143387321,0.683333333333333,0.375,41,90,150,19
2,16,8,0.5,0.0292853706328711,0.733333333333333,0.3,44,72,168,16
2,16,8,0.7,0.0421533295895914,0.783333333333333,0.2625,47,63,177,13
2,16,8,0.9,0.0531947667485256,0.833333333333333,0.220833333333333,50,53,187,10
2,16,8,1.1,0.0748499325781119,0.883333333333333,0.1875,53,45,195,7
2,16,8,1.3,0.133176392418484,0.95,0.166666666666667,57,40,200,3
2,16,8,1.5,0.175780762327663,1,0.1375,60,33,207,0
2,16,8,1.7,0.169736292294645,1,0.129166666666667,60,31,209,0
2,16,8,1.9,0.166666666666667,1,0.125,60,30,210,0
2,16,8,2.1,0.157242725508288,1,0.1125,60,27,213,0
2,16,8,2.3,0.137175815292184,1,0.0875,60,21,219,0
2,16,8,2.5,0.122546594585582,1,0.0708333333333333,60,17,223,0
2,16,8,2.7,0.110624419717177,1,0.0583333333333333,60,14,226,0
2,16,8,2.9,0.106414481213069,1,0.0541666666666667,60,13,227,0
2,16,9,0.1,0.058089876074085,0.666666666666667,0.404166666666667,40,97,143,20
2,16,9,0.3,0.067345406592693,0.733333333333333,0.345833333333333,44,83,157,16
2,16,9,0.5,0.0421533295895914,0.783333333333333,0.2625,47,63,177,13
2,16,9,0.7,0.0833333333333333,0.866666666666667,0.216666666666667,52,52,188,8
2,16,9,0.9,0.0818317088384971,0.9,0.175,54,42,198,6
2,16,9,1.1,0.0651434736369881,0.916666666666667,0.1375,55,33,207,5
2,16,9,1.3,0.0917860202180195,0.95,0.120833333333333,57,29,211,3
2,16,9,1.5,0.0990046790237367,0.966666666666667,0.104166666666667,58,25,215,2
2,16,9,1.7,0.0860078077570233,0.966666666666667,0.0916666666666667,58,22,218,2
2,16,9,1.9,0.0561434614044346,0.966666666666667,0.0666666666666667,58,16,224,2
2,16,9,2.1,0.0170103454359943,0.966666666666667,0.0416666666666667,58,10,230,2
2,16,9,2.3,-0.00977017302934249,0.966666666666667,0.0291666666666667,58,7,233,2
2,16,9,2.5,-0.033121380421914,0.966666666666667,0.0208333333333333,58,5,235,2
2,16,9,2.7,-0.0145309548429774,0.983333333333333,0.0125,59,3,237,1
2,16,9,2.9,-0.061442394038928,0.983333333333333,0.00416666666666667,59,1,239,1
2,16,10,0.1,0.0676123403782813,0.65,0.433333333333333,39,104,136,21
2,16,10,0.3,0.0379725968111845,0.666666666666667,0.379166666666667,40,91,149,20
2,16,10,0.5,0.0605738307322561,0.733333333333333,0.3375,44,81,159,16
2,16,10,0.7,0.0670615514250094,0.783333333333333,0.291666666666667,47,70,170,13
2,16,10,0.9,0.0823459764134105,0.833333333333333,0.254166666666667,50,61,179,10
2,16,10,1.1,0.0509812741934582,0.85,0.2,51,48,192,9
2,16,10,1.3,0.0659556066263858,0.9,0.158333333333333,54,38,202,6
2,16,10,1.5,0.0608236549995296,0.916666666666667,0.133333333333333,55,32,208,5
2,16,10,1.7,0.0736067704518188,0.933333333333333,0.125,56,30,210,4
2,16,10,1.9,0.060229006943261,0.933333333333333,0.1125,56,27,213,4
2,16,10,2.1,0.0507608480787256,0.933333333333333,0.104166666666667,56,25,215,4
2,16,10,2.3,0.033407655239053,0.95,0.0708333333333333,57,17,223,3
2,16,10,2.5,0.0504603624764161,0.966666666666667,0.0625,58,15,225,2
2,16,10,2.7,0.0382359556450936,0.966666666666667,0.0541666666666667,58,13,227,2
2,16,10,2.9,0.0316069770620507,0.966666666666667,0.05,58,12,228,2
3,19,1,0.1,0.116666666666667,0.616666666666667,0.529166666666667,37,127,113,23
3,19,1,0.3,0.141019018704442,0.7,0.475,42,114,126,18
3,19,1,0.5,0.144720934685242,0.766666666666667,0.408333333333333,46,98,142,14
3,19,1,0.7,0.14013192061251,0.816666666666667,0.345833333333333,49,83,157,11
3,19,1,0.9,0.150755672288882,0.866666666666667,0.3,52,72,168,8
3,19,1,1.1,0.124724508642861,0.883333333333333,0.245833333333333,53,59,181,7
3,19,1,1.3,0.15398682993656,0.933333333333333,0.216666666666667,56,52,188,4
3,19,1,1.5,0.153290069323752,0.95,0.191666666666667,57,46,194,3
3,19,1,1.7,0.146727255115835,0.95,0.183333333333333,57,44,196,3
3,19,1,1.9,0.129687843983453,0.95,0.1625,57,39,201,3
3,19,1,2.1,0.13334911522761,0.966666666666667,0.141666666666667,58,34,206,2
3,19,1,2.3,0.107161790388421,0.966666666666667,0.1125,58,27,213,2
3,19,1,2.5,0.0860078077570233,0.966666666666667,0.0916666666666667,58,22,218,2
3,19,1,2.7,0.100222965717159,0.983333333333333,0.0791666666666667,59,19,221,1
3,19,1,2.9,0.100222965717159,0.983333333333333,0.0791666666666667,59,19,221,1
3,19,2,0.1,0.0518785847899556,0.683333333333333,0.379166666666667,41,91,149,19
3,19,2,0.3,0.0145946526961399,0.716666666666667,0.3,43,72,168,17
3,19,2,0.5,0.0229927252306862,0.766666666666667,0.258333333333333,46,62,178,14
3,19,2,0.7,0.0606835045547051,0.833333333333333,0.229166666666667,50,55,185,10
3,19,2,0.9,0.0670820393249937,0.883333333333333,0.179166666666667,53,43,197,7
3,19,2,1.1,0.0576390417704235,0.9,0.15,54,36,204,6
3,19,2,1.3,0.060229006943261,0.933333333333333,0.1125,56,27,213,4
3,19,2,1.5,0.050113667688733,0.95,0.0833333333333333,57,20,220,3
3,19,2,1.7,0.0504603624764161,0.966666666666667,0.0625,58,15,225,2
3,19,2,1.9,0.0170103454359943,0.966666666666667,0.0416666666666667,58,10,230,2
3,19,2,2.1,0.022080920281276,0.983333333333333,0.025,59,6,234,1
3,19,2,2.3,0.0581238193719096,1,0.0166666666666667,60,4,236,0
3,19,2,2.5,0.0502518907629606,1,0.0125,60,3,237,0
3,19,2,2.7,0.040961596025952,1,0.00833333333333333,60,2,238,0
3,19,2,2.9,0.028915746598312,1,0.00416666666666667,60,1,239,0
3,19,3,0.1,0.0257109791587402,0.733333333333333,0.295833333333333,44,71,169,16
3,19,3,0.3,0.0158416152173919,0.783333333333333,0.233333333333333,47,56,184,13
3,19,3,0.5,0.0349601735497243,0.85,0.183333333333333,51,44,196,9
3,19,3,0.7,0.0659556066263858,0.9,0.158333333333333,54,38,202,6
3,19,3,0.9,0.0861668445826669,0.933333333333333,0.1375,56,33,207,4
3,19,3,1.1,0.0814347099941912,0.966666666666667,0.0875,58,21,219,2
3,19,3,1.3,0.0718539984863819,0.966666666666667,0.0791666666666667,58,19,221,2
3,19,3,1.5,0.0815912390008274,0.983333333333333,0.0625,59,15,225,1
3,19,3,1.7,0.0532078843372524,0.983333333333333,0.0416666666666667,59,10,230,1
3,19,3,1.9,0.0532078843372524,0.983333333333333,0.0416666666666667,59,10,230,1
3,19,3,2.1,0.0390806921173699,0.983333333333333,0.0333333333333333,59,8,232,1
3,19,3,2.3,0.0714285714285714,1,0.025,60,6,234,0
3,19,3,2.5,0.0650944554904119,1,0.0208333333333333,60,5,235,0
3,19,3,2.7,0.0581238193719096,1,0.0166666666666667,60,4,236,0
3,19,3,2.9,0.0502518907629606,1,0.0125,60,3,237,0
3,19,4,0.1,0.0280807217343689,0.683333333333333,0.35,41,84,156,19
3,19,4,0.3,0.033407655239053,0.75,0.2875,45,69,171,15
3,19,4,0.5,0.016273613872603,0.8,0.216666666666667,48,52,188,12
3,19,4,0.7,-0.0270511887041916,0.816666666666667,0.158333333333333,49,38,202,11
3,19,4,0.9,-0.0297350516725026,0.85,0.125,51,30,210,9
3,19,4,1.1,0.022560376923878,0.916666666666667,0.1,55,24,216,5
3,19,4,1.3,0.021053798026663,0.95,0.0625,57,15,225,3
3,19,4,1.5,0.0144172464218332,0.95,0.0583333333333333,57,14,226,3
3,19,4,1.7,-0.00977017302934249,0.966666666666667,0.0291666666666667,58,7,233,2
3,19,4,1.9,0,0.983333333333333,0.0166666666666667,59,4,236,1
3,19,4,2.1,-0.061442394038928,0.983333333333333,0.00416666666666667,59,1,239,1
3,19,4,2.3,-0.115662986393248,0.983333333333333,0,59,0,240,1
3,19,4,2.5,-0.115662986393248,0.983333333333333,0,59,0,240,1
3,19,4,2.7,0,1,0,60,0,240,0
3,19,4,2.9,0,1,0,60,0,240,0
3,19,5,0.1,-0.0457383691830811,0.616666666666667,0.329166666666667,37,79,161,23
3,19,5,0.3,-0.0401352949143847,0.666666666666667,0.2875,40,69,171,20
3,19,5,0.5,-0.0120053796153716,0.766666666666667,0.220833333333333,46,53,187,14
3,19,5,0.7,-0.0399326151048752,0.8,0.1625,48,39,201,12
3,19,5,0.9,-0.0436687442461126,0.833333333333333,0.129166666666667,50,31,209,10
3,19,5,1.1,-0.0620410365406646,0.866666666666667,0.0875,52,21,219,8
3,19,5,1.3,-0.0533151405429766,0.883333333333333,0.0791666666666667,53,19,221,7
3,19,5,1.5,0.033407655239053,0.95,0.0708333333333333,57,17,223,3
3,19,5,1.7,0.021053798026663,0.95,0.0625,57,15,225,3
3,19,5,1.9,0.0532078843372524,0.983333333333333,0.0416666666666667,59,10,230,1
3,19,5,2.1,0.022080920281276,0.983333333333333,0.025,59,6,234,1
3,19,5,2.3,0.0581238193719096,1,0.0166666666666667,60,4,236,0
3,19,5,2.5,0.040961596025952,1,0.00833333333333333,60,2,238,0
3,19,5,2.7,0.028915746598312,1,0.00416666666666667,60,1,239,0
3,19,5,2.9,0,1,0,60,0,240,0
3,19,6,0.1,0.0209202782768839,0.666666666666667,0.358333333333333,40,86,154,20
3,19,6,0.3,-0.00732134265821778,0.7,0.291666666666667,42,70,170,18
3,19,6,0.5,-0.0606835045547051,0.733333333333333,0.204166666666667,44,49,191,16
3,19,6,0.7,0.00443695723387502,0.833333333333333,0.170833333333333,50,41,199,10
3,19,6,0.9,0,0.866666666666667,0.133333333333333,52,32,208,8
3,19,6,1.1,-0.0401055592449842,0.883333333333333,0.0875,53,21,219,7
3,19,6,1.3,-0.0140358653511086,0.933333333333333,0.0583333333333333,56,14,226,4
3,19,6,1.5,0.0245571879722468,0.966666666666667,0.0458333333333333,58,11,229,2
3,19,6,1.7,0.0879315572640824,1,0.0375,60,9,231,0
3,19,6,1.9,0.0650944554904119,1,0.0208333333333333,60,5,235,0
3,19,6,2.1,0.0581238193719096,1,0.0166666666666667,60,4,236,0
3,19,6,2.3,0.0502518907629606,1,0.0125,60,3,237,0
3,19,6,2.5,0.040961596025952,1,0.00833333333333333,60,2,238,0
3,19,6,2.7,0.040961596025952,1,0.00833333333333333,60,2,238,0
3,19,6,2.9,0,1,0,60,0,240,0
3,19,7,0.1,0.0543589158365044,0.65,0.416666666666667,39,100,140,21
3,19,7,0.3,0.0363696483726654,0.733333333333333,0.308333333333333,44,74,166,16
3,19,7,0.5,0.103023422755445,0.833333333333333,0.279166666666667,50,67,173,10
3,19,7,0.7,0.0736542924210355,0.85,0.225,51,54,186,9
3,19,7,0.9,0.0861460984507896,0.883333333333333,0.2,53,48,192,7
3,19,7,1.1,0.0933520056018673,0.916666666666667,0.166666666666667,55,40,200,5
3,19,7,1.3,0.0426135181400395,0.916666666666667,0.116666666666667,55,28,212,5
3,19,7,1.5,0.065162949552527,0.95,0.0958333333333333,57,23,217,3
3,19,7,1.7,0.039193090083481,0.95,0.075,57,18,222,3
3,19,7,1.9,0.061586078800968,0.966666666666667,0.0708333333333333,58,17,223,2
3,19,7,2.1,0.0912331247822062,0.983333333333333,0.0708333333333333,59,17,223,1
3,19,7,2.3,0.086503478530999,0.983333333333333,0.0666666666666667,59,16,224,1
3,19,7,2.5,0.0815912390008274,0.983333333333333,0.0625,59,15,225,1
3,19,7,2.7,0.0711156983896141,0.983333333333333,0.0541666666666667,59,13,227,1
3,19,7,2.9,0.0711156983896141,0.983333333333333,0.0541666666666667,59,13,227,1
3,19,8,0.1,-0.0406641839681122,0.55,0.4,33,96,144,27
3,19,8,0.3,-0.0584734745372375,0.566666666666667,0.3625,34,87,153,26
3,19,8,0.5,-0.083132771470147,0.616666666666667,0.2875,37,69,171,23
3,19,8,0.7,-0.0660304971389042,0.7,0.229166666666667,42,55,185,18
3,19,8,0.9,-0.0833333333333333,0.733333333333333,0.183333333333333,44,44,196,16
3,19,8,1.1,-0.0596079473908079,0.8,0.145833333333333,48,35,205,12
3,19,8,1.3,-0.0679291577161752,0.816666666666667,0.125,49,30,210,11
3,19,8,1.5,-0.0555555555555556,0.866666666666667,0.0916666666666667,52,22,218,8
3,19,8,1.7,-0.0236956180191007,0.9,0.0833333333333333,54,20,220,6
3,19,8,1.9,-0.0191803938482837,0.916666666666667,0.0708333333333333,55,17,223,5
3,19,8,2.1,-0.0216258696327497,0.933333333333333,0.0541666666666667,56,13,227,4
3,19,8,2.3,-0.0680413817439772,0.933333333333333,0.0333333333333333,56,8,232,4
3,19,8,2.5,-0.0586210381760549,0.95,0.025,57,6,234,3
3,19,8,2.7,-0.0724155152527072,0.95,0.0208333333333333,57,5,235,3
3,19,8,2.9,-0.0883236811251039,0.95,0.0166666666666667,57,4,236,3
3,19,9,0.1,0.136913332865564,0.666666666666667,0.504166666666667,40,121,119,20
3,19,9,0.3,0.139294721831043,0.733333333333333,0.4375,44,105,135,16
3,19,9,0.5,0.146133151844098,0.783333333333333,0.391666666666667,47,94,146,13
3,19,9,0.7,0.182217246713916,0.85,0.3625,51,87,153,9
3,19,9,0.9,0.172630860065827,0.866666666666667,0.329166666666667,52,79,161,8
3,19,9,1.1,0.176277560101928,0.9,0.291666666666667,54,70,170,6
3,19,9,1.3,0.168075314615202,0.916666666666667,0.258333333333333,55,62,178,5
3,19,9,1.5,0.205462021745904,0.966666666666667,0.2375,58,57,183,2
3,19,9,1.7,0.178885438199983,0.966666666666667,0.2,58,48,192,2
3,19,9,1.9,0.163366009803268,0.966666666666667,0.179166666666667,58,43,197,2
3,19,9,2.1,0.168498626144182,0.983333333333333,0.158333333333333,59,38,202,1
3,19,9,2.3,0.181710946077908,1,0.145833333333333,60,35,205,0
3,19,9,2.5,0.166666666666667,1,0.125,60,30,210,0
3,19,9,2.7,0.154021517124155,1,0.108333333333333,60,26,214,0
3,19,9,2.9,0.154021517124155,1,0.108333333333333,60,26,214,0
3,19,10,0.1,0.236750859720439,0.75,0.545833333333333,45,131,109,15
3,19,10,0.3,0.257636056922047,0.8,0.520833333333333,48,125,115,12
3,19,10,0.5,0.23814483610392,0.833333333333333,0.458333333333333,50,110,130,10
3,19,10,0.7,0.200545157187356,0.85,0.3875,51,93,147,9
3,19,10,0.9,0.224097036136918,0.9,0.358333333333333,54,86,154,6
3,19,10,1.1,0.252919977537548,0.966666666666667,0.308333333333333,58,74,166,2
3,19,10,1.3,0.22810221269206,0.966666666666667,0.270833333333333,58,65,175,2
3,19,10,1.5,0.218148009076793,0.983333333333333,0.229166666666667,59,55,185,1
3,19,10,1.7,0.183733475602075,0.983333333333333,0.179166666666667,59,43,197,1
3,19,10,1.9,0.165364202309278,0.983333333333333,0.154166666666667,59,37,203,1
3,19,10,2.1,0.169736292294645,1,0.129166666666667,60,31,209,0
3,19,10,2.3,0.166666666666667,1,0.125,60,30,210,0
3,19,10,2.5,0.147441956154897,1,0.1,60,24,216,0
3,19,10,2.7,0.14065622155408,1,0.0916666666666667,60,22,218,0
3,19,10,2.9,0.133630620956212,1,0.0833333333333333,60,20,220,0
4,29,1,0.1,0.00333451915099209,0.516666666666667,0.4875,31,117,123,29
4,29,1,0.3,0.0203845934386892,0.616666666666667,0.408333333333333,37,98,142,23
4,29,1,0.5,0.0280807217343689,0.683333333333333,0.35,41,84,156,19
4,29,1,0.7,0.0323381355259638,0.716666666666667,0.320833333333333,43,77,163,17
4,29,1,0.9,0.0261777834847858,0.75,0.279166666666667,45,67,173,15
4,29,1,1.1,0.0468292905790847,0.8,0.25,48,60,180,12
4,29,1,1.3,0.0493931731278727,0.833333333333333,0.216666666666667,50,52,188,10
4,29,1,1.5,0.0509812741934582,0.85,0.2,51,48,192,9
4,29,1,1.7,0.0709913157420003,0.883333333333333,0.183333333333333,53,44,196,7
4,29,1,1.9,0.0740106490482528,0.9,0.166666666666667,54,40,200,6
4,29,1,2.1,0.0659556066263858,0.9,0.158333333333333,54,38,202,6
4,29,1,2.3,0.0519174131651165,0.916666666666667,0.125,55,30,210,5
4,29,1,2.5,0.0744817528835422,0.95,0.104166666666667,57,25,215,3
4,29,1,2.7,0.065162949552527,0.95,0.0958333333333333,57,23,217,3
4,29,1,2.9,0.100222965717159,0.983333333333333,0.0791666666666667,59,19,221,1
4,29,2,0.1,0.203100491278741,0.866666666666667,0.370833333333333,52,89,151,8
4,29,2,0.3,0.176277560101928,0.9,0.291666666666667,54,70,170,6
4,29,2,0.5,0.157192262096496,0.933333333333333,0.220833333333333,56,53,187,4
4,29,2,0.7,0.118940206690011,0.95,0.15,57,36,204,3
4,29,2,0.9,0.112755752299649,0.983333333333333,0.0916666666666667,59,22,218,1
4,29,2,1.1,0.0912331247822062,0.983333333333333,0.0708333333333333,59,17,223,1
4,29,2,1.3,0.114707866935281,1,0.0625,60,15,225,0
4,29,2,1.5,0.0928476690885259,1,0.0416666666666667,60,10,230,0
4,29,2,1.7,0.0879315572640824,1,0.0375,60,9,231,0
4,29,2,1.9,0.0772832209844659,1,0.0291666666666667,60,7,233,0
4,29,2,2.1,0.0581238193719096,1,0.0166666666666667,60,4,236,0
4,29,2,2.3,0.0502518907629606,1,0.0125,60,3,237,0
4,29,2,2.5,0.040961596025952,1,0.00833333333333333,60,2,238,0
4,29,2,2.7,0.028915746598312,1,0.00416666666666667,60,1,239,0
4,29,2,2.9,0,1,0,60,0,240,0
4,29,3,0.1,0.0300240288384538,0.55,0.4875,33,117,123,27
4,29,3,0.3,0.0639632754237032,0.633333333333333,0.445833333333333,38,107,133,22
4,29,3,0.5,0.058089876074085,0.666666666666667,0.404166666666667,40,97,143,20
4,29,3,0.7,0.0765459366802418,0.716666666666667,0.375,43,90,150,17
4,29,3,0.9,0.130520481086167,0.816666666666667,0.333333333333333,49,80,160,11
4,29,3,1.1,0.150755672288882,0.866666666666667,0.3,52,72,168,8
4,29,3,1.3,0.134715062810913,0.866666666666667,0.279166666666667,52,67,173,8
4,29,3,1.5,0.124724508642861,0.883333333333333,0.245833333333333,53,59,181,7
4,29,3,1.7,0.150755672288882,0.933333333333333,0.2125,56,51,189,4
4,29,3,1.9,0.156524758424985,0.95,0.195833333333333,57,47,193,3
4,29,3,2.1,0.153704111387796,0.966666666666667,0.166666666666667,58,40,200,2
4,29,3,2.3,0.162196413332079,0.983333333333333,0.15,59,36,204,1
4,29,3,2.5,0.172773685116272,1,0.133333333333333,60,32,208,0
4,29,3,2.7,0.166666666666667,1,0.125,60,30,210,0
4,29,3,2.9,0.147441956154897,1,0.1,60,24,216,0
4,29,4,0.1,0.178598030618195,0.75,0.470833333333333,45,113,127,15
4,29,4,0.3,0.214948221532596,0.816666666666667,0.445833333333333,49,107,133,11
4,29,4,0.5,0.192185553399018,0.833333333333333,0.395833333333333,50,95,145,10
4,29,4,0.7,0.181848241863327,0.866666666666667,0.341666666666667,52,82,158,8
4,29,4,0.9,0.226133508433323,0.933333333333333,0.316666666666667,56,76,164,4
4,29,4,1.1,0.194059786413051,0.933333333333333,0.270833333333333,56,65,175,4
4,29,4,1.3,0.199351769939387,0.95,0.254166666666667,57,61,179,3
4,29,4,1.5,0.184496509322852,0.95,0.233333333333333,57,56,184,3
4,29,4,1.7,0.156524758424985,0.95,0.195833333333333,57,47,193,3
4,29,4,1.9,0.147087101353638,0.966666666666667,0.158333333333333,58,38,202,2
4,29,4,2.1,0.122513864652614,0.966666666666667,0.129166666666667,58,31,209,2
4,29,4,2.3,0.114982649618953,0.966666666666667,0.120833333333333,58,29,211,2
4,29,4,2.5,0.103128580915674,0.966666666666667,0.108333333333333,58,26,214,2
4,29,4,2.7,0.120604537831105,0.983333333333333,0.1,59,24,216,1
4,29,4,2.9,0.095800567023728,0.983333333333333,0.075,59,18,222,1
4,29,5,0.1,0.156716624144368,0.55,0.641666666666667,33,154,86,27
4,29,5,0.3,0.214268633602232,0.666666666666667,0.6,40,144,96,20
4,29,5,0.5,0.203496195460632,0.683333333333333,0.570833333333333,41,137,103,19
4,29,5,0.7,0.206708012404135,0.716666666666667,0.541666666666667,43,130,110,17
4,29,5,0.9,0.171380411114281,0.733333333333333,0.479166666666667,44,115,125,16
4,29,5,1.1,0.214948221532596,0.816666666666667,0.445833333333333,49,107,133,11
4,29,5,1.3,0.210575309589296,0.833333333333333,0.420833333333333,50,101,139,10
4,29,5,1.5,0.197501685478766,0.85,0.383333333333333,51,92,148,9
4,29,5,1.7,0.187952352889028,0.866666666666667,0.35,52,84,156,8
4,29,5,1.9,0.216087221258364,0.916666666666667,0.325,55,78,162,5
4,29,5,2.1,0.225280519650379,0.95,0.291666666666667,57,70,170,3
4,29,5,2.3,0.202278348515684,0.95,0.258333333333333,57,62,178,3
4,29,5,2.5,0.205462021745904,0.966666666666667,0.2375,58,57,183,2
4,29,5,2.7,0.201246117974981,0.983333333333333,0.204166666666667,59,49,191,1
4,29,5,2.9,0.186704011203735,0.983333333333333,0.183333333333333,59,44,196,1
4,29,6,0.1,0.154005580401604,0.7,0.491666666666667,42,118,122,18
4,29,6,0.3,0.11674546615263,0.733333333333333,0.408333333333333,44,98,142,16
4,29,6,0.5,0.0750306309998476,0.75,0.3375,45,81,159,15
4,29,6,0.7,0.0942222951805511,0.816666666666667,0.2875,49,69,171,11
4,29,6,0.9,0.0809113394062735,0.85,0.233333333333333,51,56,184,9
4,29,6,1.1,0.118169760658124,0.9,0.216666666666667,54,52,188,6
4,29,6,1.3,0.162908676787655,0.95,0.204166666666667,57,49,191,3
4,29,6,1.5,0.140028008402801,0.95,0.175,57,42,198,3
4,29,6,1.7,0.126154150044325,0.95,0.158333333333333,57,38,202,3
4,29,6,1.9,0.107705054606916,0.95,0.1375,57,33,207,3
4,29,6,2.1,0.0917860202180195,0.95,0.120833333333333,57,29,211,3
4,29,6,2.3,0.135362261543268,0.983333333333333,0.116666666666667,59,28,212,1
4,29,6,2.5,0.128123702266012,0.983333333333333,0.108333333333333,59,26,214,1
4,29,6,2.7,0.108688898473607,0.983333333333333,0.0875,59,21,219,1
4,29,6,2.9,0.100222965717159,0.983333333333333,0.0791666666666667,59,19,221,1
4,29,7,0.1,0.175407611926586,0.75,0.466666666666667,45,112,128,15
4,29,7,0.3,0.187113799795937,0.783333333333333,0.445833333333333,47,107,133,13
4,29,7,0.5,0.147770115822262,0.8,0.375,48,90,150,12
4,29,7,0.7,0.157408867151682,0.85,0.329166666666667,51,79,161,9
4,29,7,0.9,0.134715062810913,0.866666666666667,0.279166666666667,52,67,173,8
4,29,7,1.1,0.131366762030312,0.883333333333333,0.254166666666667,53,61,179,7
4,29,7,1.3,0.111134639537714,0.883333333333333,0.229166666666667,53,55,185,7
4,29,7,1.5,0.114707866935281,0.9,0.2125,54,51,189,6
4,29,7,1.7,0.146727255115835,0.95,0.183333333333333,57,44,196,3
4,29,7,1.9,0.115253837973133,0.95,0.145833333333333,57,35,205,3
4,29,7,2.1,0.118781908517437,0.966666666666667,0.125,58,30,210,2
4,29,7,2.3,0.138888888888889,0.983333333333333,0.120833333333333,59,29,211,1
4,29,7,2.5,0.131775408947805,0.983333333333333,0.1125,59,27,213,1
4,29,7,2.7,0.144076794605107,1,0.0958333333333333,60,23,217,0
4,29,7,2.9,0.14065622155408,1,0.0916666666666667,60,22,218,0
4,29,8,0.1,0.256689484523907,0.75,0.570833333333333,45,137,103,15
4,29,8,0.3,0.244911291446602,0.8,0.504166666666667,48,121,119,12
4,29,8,0.5,0.23692462248622,0.85,0.4375,51,105,135,9
4,29,8,0.7,0.241643095080977,0.883333333333333,0.404166666666667,53,97,143,7
4,29,8,0.9,0.217946118618605,0.883333333333333,0.370833333333333,53,89,151,7
4,29,8,1.1,0.215271127268064,0.9,0.345833333333333,54,83,157,6
4,29,8,1.3,0.242181126978354,0.95,0.316666666666667,57,76,164,3
4,29,8,1.5,0.241951334658604,0.966666666666667,0.291666666666667,58,70,170,2
4,29,8,1.7,0.222506183367252,0.966666666666667,0.2625,58,63,177,2
4,29,8,1.9,0.214037083554115,0.966666666666667,0.25,58,60,180,2
4,29,8,2.1,0.193828721514277,0.966666666666667,0.220833333333333,58,53,187,2
4,29,8,2.3,0.172755829770161,0.966666666666667,0.191666666666667,58,46,194,2
4,29,8,2.5,0.150414563514388,0.966666666666667,0.1625,58,39,201,2
4,29,8,2.7,0.114982649618953,0.966666666666667,0.120833333333333,58,29,211,2
4,29,8,2.9,0.120604537831105,0.983333333333333,0.1,59,24,216,1
4,29,9,0.1,0.0800284596238103,0.566666666666667,0.533333333333333,34,128,112,26
4,29,9,0.3,0.0969276456809505,0.633333333333333,0.4875,38,117,123,22
4,29,9,0.5,0.0981523779446412,0.683333333333333,0.4375,41,105,135,19
4,29,9,0.7,0.110263569283994,0.733333333333333,0.4,44,96,144,16
4,29,9,0.9,0.0883883476483184,0.75,0.354166666666667,45,85,155,15
4,29,9,1.1,0.0693246003066645,0.766666666666667,0.3125,46,75,165,14
4,29,9,1.3,0.0718975220716987,0.8,0.279166666666667,48,67,173,12
4,29,9,1.5,0.114573343766055,0.883333333333333,0.233333333333333,53,56,184,7
4,29,9,1.7,0.0861460984507896,0.883333333333333,0.2,53,48,192,7
4,29,9,1.9,0.0779488542802872,0.9,0.170833333333333,54,41,199,6
4,29,9,2.1,0.0776333231042002,0.916666666666667,0.15,55,36,204,5
4,29,9,2.3,0.13334911522761,0.966666666666667,0.141666666666667,58,34,206,2
4,29,9,2.5,0.138888888888889,0.983333333333333,0.120833333333333,59,29,211,1
4,29,9,2.7,0.144076794605107,1,0.0958333333333333,60,23,217,0
4,29,9,2.9,0.118678165819385,1,0.0666666666666667,60,16,224,0
4,29,10,0.1,0.164270523500738,0.716666666666667,0.4875,43,117,123,17
4,29,10,0.3,0.169799400185562,0.8,0.404166666666667,48,97,143,12
4,29,10,0.5,0.220916323847052,0.883333333333333,0.375,53,90,150,7
4,29,10,0.7,0.206396305454956,0.9,0.333333333333333,54,80,160,6
4,29,10,0.9,0.225280519650379,0.95,0.291666666666667,57,70,170,3
4,29,10,1.1,0.237330497801114,0.983333333333333,0.258333333333333,59,62,178,1
4,29,10,1.3,0.215365246126974,0.983333333333333,0.225,59,54,186,1
4,29,10,1.5,0.215505655951382,1,0.195833333333333,60,47,193,0
4,29,10,1.7,0.196116135138184,1,0.166666666666667,60,40,200,0
4,29,10,1.9,0.181710946077908,1,0.145833333333333,60,35,205,0
4,29,10,2.1,0.157242725508288,1,0.1125,60,27,213,0
4,29,10,2.3,0.150755672288882,1,0.104166666666667,60,25,215,0
4,29,10,2.5,0.14065622155408,1,0.0916666666666667,60,22,218,0
4,29,10,2.7,0.126322788159978,1,0.075,60,18,222,0
4,29,10,2.9,0.122546594585582,1,0.0708333333333333,60,17,223,0
5,35,1,0.1,0.168250818867026,0.783333333333333,0.420833333333333,47,101,139,13
5,35,1,0.3,0.179143590975005,0.85,0.358333333333333,51,86,154,9
5,35,1,0.5,0.157066700908715,0.866666666666667,0.308333333333333,52,74,166,8
5,35,1,0.7,0.128176847387285,0.866666666666667,0.270833333333333,52,65,175,8
5,35,1,0.9,0.12136700910941,0.883333333333333,0.241666666666667,53,58,182,7
5,35,1,1.1,0.114573343766055,0.883333333333333,0.233333333333333,53,56,184,7
5,35,1,1.3,0.132599770223149,0.916666666666667,0.2125,55,51,189,5
5,35,1,1.5,0.111803398874989,0.916666666666667,0.1875,55,45,195,5
5,35,1,1.7,0.133176392418484,0.95,0.166666666666667,57,40,200,3
5,35,1,1.9,0.126154150044325,0.95,0.158333333333333,57,38,202,3
5,35,1,2.1,0.142359470956799,0.983333333333333,0.125,59,30,210,1
5,35,1,2.3,0.138888888888889,0.983333333333333,0.120833333333333,59,29,211,1
5,35,1,2.5,0.128123702266012,0.983333333333333,0.108333333333333,59,26,214,1
5,35,1,2.7,0.120604537831105,0.983333333333333,0.1,59,24,216,1
5,35,1,2.9,0.104514906889283,0.983333333333333,0.0833333333333333,59,20,220,1
5,35,2,0.1,0.143362008602868,0.633333333333333,0.545833333333333,38,131,109,22
5,35,2,0.3,0.154005580401604,0.7,0.491666666666667,42,118,122,18
5,35,2,0.5,0.159469615017511,0.75,0.445833333333333,45,107,133,15
5,35,2,0.7,0.138342892773215,0.766666666666667,0.4,46,96,144,14
5,35,2,0.9,0.138235308269212,0.8,0.3625,48,87,153,12
5,35,2,1.1,0.148648325681468,0.833333333333333,0.3375,50,81,159,10
5,35,2,1.3,0.144766506035897,0.85,0.3125,51,75,165,9
5,35,2,1.5,0.173205080756888,0.9,0.2875,54,69,171,6
5,35,2,1.7,0.14484136487558,0.9,0.25,54,60,180,6
5,35,2,1.9,0.145833333333333,0.916666666666667,0.229166666666667,55,55,185,5
5,35,2,2.1,0.147497441783684,0.933333333333333,0.208333333333333,56,50,190,4
5,35,2,2.3,0.130747412070259,0.933333333333333,0.1875,56,45,195,4
5,35,2,2.5,0.140028008402801,0.95,0.175,57,42,198,3
5,35,2,2.7,0.143719416417096,0.966666666666667,0.154166666666667,58,37,203,2
5,35,2,2.9,0.158993175848305,0.983333333333333,0.145833333333333,59,35,205,1
5,35,3,0.1,0.100222965717159,0.633333333333333,0.491666666666667,38,118,122,22
5,35,3,0.3,0.0850517271799715,0.683333333333333,0.420833333333333,41,101,139,19
5,35,3,0.5,0.0930348865833702,0.716666666666667,0.395833333333333,43,95,145,17
5,35,3,0.7,0.0850678820118227,0.75,0.35,45,84,156,15
5,35,3,0.9,0.0822730338093269,0.8,0.291666666666667,48,70,170,12
5,35,3,1.1,0.099635142666307,0.833333333333333,0.275,50,66,174,10
5,35,3,1.3,0.138325717917125,0.9,0.241666666666667,54,58,182,6
5,35,3,1.5,0.129219147676184,0.916666666666667,0.208333333333333,55,50,190,5
5,35,3,1.7,0.0776333231042002,0.916666666666667,0.15,55,36,204,5
5,35,3,1.9,0.0426135181400395,0.916666666666667,0.116666666666667,55,28,212,5
5,35,3,2.1,0.0744817528835422,0.95,0.104166666666667,57,25,215,3
5,35,3,2.3,0.0860078077570233,0.966666666666667,0.0916666666666667,58,22,218,2
5,35,3,2.5,0.0561434614044346,0.966666666666667,0.0666666666666667,58,16,224,2
5,35,3,2.7,0.0827605888602368,1,0.0333333333333333,60,8,232,0
5,35,3,2.9,0.0772832209844659,1,0.0291666666666667,60,7,233,0
5,35,4,0.1,0.180064034153573,0.666666666666667,0.558333333333333,40,134,106,20
5,35,4,0.3,0.173580379007728,0.7,0.516666666666667,42,124,116,18
5,35,4,0.5,0.215455243532474,0.783333333333333,0.483333333333333,47,116,124,13
5,35,4,0.7,0.23692462248622,0.85,0.4375,51,105,135,9
5,35,4,0.9,0.26229263620312,0.916666666666667,0.391666666666667,55,94,146,5
5,35,4,1.1,0.233514443138238,0.916666666666667,0.35,55,84,156,5
5,35,4,1.3,0.236572304105096,0.95,0.308333333333333,57,74,166,3
5,35,4,1.5,0.208093246666441,0.95,0.266666666666667,57,64,176,3
5,35,4,1.7,0.202576732556784,0.966666666666667,0.233333333333333,58,56,184,2
5,35,4,1.9,0.204100032758251,0.983333333333333,0.208333333333333,59,50,190,1
5,35,4,2.1,0.1807393897108,0.983333333333333,0.175,59,42,198,1
5,35,4,2.3,0.162196413332079,0.983333333333333,0.15,59,36,204,1
5,35,4,2.5,0.142359470956799,0.983333333333333,0.125,59,30,210,1
5,35,4,2.7,0.154021517124155,1,0.108333333333333,60,26,214,0
5,35,4,2.9,0.137175815292184,1,0.0875,60,21,219,0
5,35,5,0.1,0.143489662791913,0.666666666666667,0.5125,40,123,117,20
5,35,5,0.3,0.130745926867935,0.683333333333333,0.479166666666667,41,115,125,19
5,35,5,0.5,0.163770073548645,0.766666666666667,0.433333333333333,46,104,136,14
5,35,5,0.7,0.189111987454677,0.833333333333333,0.391666666666667,50,94,146,10
5,35,5,0.9,0.164352810761571,0.833333333333333,0.358333333333333,50,86,154,10
5,35,5,1.1,0.172630860065827,0.866666666666667,0.329166666666667,52,79,161,8
5,35,5,1.3,0.201382665726169,0.916666666666667,0.304166666666667,55,73,167,5
5,35,5,1.5,0.2308870362957,0.966666666666667,0.275,58,66,174,2
5,35,5,1.7,0.240035804620894,0.983333333333333,0.2625,59,63,177,1
5,35,5,1.9,0.242161052418926,1,0.2375,60,57,183,0
5,35,5,2.1,0.220918041084231,1,0.204166666666667,60,49,191,0
5,35,5,2.3,0.207289049397212,1,0.183333333333333,60,44,196,0
5,35,5,2.5,0.184637236468999,1,0.15,60,36,204,0
5,35,5,2.7,0.169736292294645,1,0.129166666666667,60,31,209,0
5,35,5,2.9,0.144076794605107,1,0.0958333333333333,60,23,217,0
5,35,6,0.1,0.0700015556074093,0.566666666666667,0.520833333333333,34,125,115,26
5,35,6,0.3,0.127488069520149,0.683333333333333,0.475,41,114,126,19
5,35,6,0.5,0.143516164418328,0.75,0.425,45,102,138,15
5,35,6,0.7,0.174714139453653,0.816666666666667,0.391666666666667,49,94,146,11
5,35,6,0.9,0.20008168266626,0.866666666666667,0.366666666666667,52,88,152,8
5,35,6,1.1,0.206396305454956,0.9,0.333333333333333,54,80,160,6
5,35,6,1.3,0.185419925342802,0.9,0.304166666666667,54,73,167,6
5,35,6,1.5,0.197027601559775,0.933333333333333,0.275,56,66,174,4
5,35,6,1.7,0.199351769939387,0.95,0.254166666666667,57,61,179,3
5,35,6,1.9,0.1875,0.95,0.2375,57,57,183,3
5,35,6,2.1,0.16918824204599,0.95,0.2125,57,51,189,3
5,35,6,2.3,0.146727255115835,0.95,0.183333333333333,57,44,196,3
5,35,6,2.5,0.153704111387796,0.966666666666667,0.166666666666667,58,40,200,2
5,35,6,2.7,0.118781908517437,0.966666666666667,0.125,58,30,210,2
5,35,6,2.9,0.14065622155408,1,0.0916666666666667,60,22,218,0
5,35,7,0.1,0.136082763487954,0.533333333333333,0.633333333333333,32,152,88,28
5,35,7,0.3,0.17733390930998,0.633333333333333,0.5875,38,141,99,22
5,35,7,0.5,0.180004000133338,0.683333333333333,0.541666666666667,41,130,110,19
5,35,7,0.7,0.201007563051842,0.75,0.5,45,120,120,15
5,35,7,0.9,0.239956909566871,0.85,0.441666666666667,51,106,134,9
5,35,7,1.1,0.221135683658155,0.866666666666667,0.395833333333333,52,95,145,8
5,35,7,1.3,0.241651889050997,0.9,0.383333333333333,54,92,148,6
5,35,7,1.5,0.233514443138238,0.916666666666667,0.35,55,84,156,5
5,35,7,1.7,0.226133508433323,0.933333333333333,0.316666666666667,56,76,164,4
5,35,7,1.9,0.213861805434791,0.95,0.275,57,66,174,3
5,35,7,2.1,0.196411446456095,0.95,0.25,57,60,180,3
5,35,7,2.3,0.187910932829768,0.966666666666667,0.2125,58,51,189,2
5,35,7,2.5,0.1807393897108,0.983333333333333,0.175,59,42,198,1
5,35,7,2.7,0.19041938447735,1,0.158333333333333,60,38,202,0
5,35,7,2.9,0.178759299668703,1,0.141666666666667,60,34,206,0
5,35,8,0.1,0,0.566666666666667,0.433333333333333,34,104,136,26
5,35,8,0.3,0.0685591170191061,0.683333333333333,0.4,41,96,144,19
5,35,8,0.5,0.049029033784546,0.7,0.358333333333333,42,86,154,18
5,35,8,0.7,0.043373619897468,0.733333333333333,0.316666666666667,44,76,164,16
5,35,8,0.9,0.0648665995126877,0.8,0.270833333333333,48,65,175,12
5,35,8,1.1,0.0643739399447023,0.833333333333333,0.233333333333333,50,56,184,10
5,35,8,1.3,0.0405767830562873,0.866666666666667,0.170833333333333,52,41,199,8
5,35,8,1.5,0.073543550676819,0.916666666666667,0.145833333333333,55,35,205,5
5,35,8,1.7,0.0861668445826669,0.933333333333333,0.1375,56,33,207,4
5,35,8,1.9,0.111111111111111,0.966666666666667,0.116666666666667,58,28,212,2
5,35,8,2.1,0.108688898473607,0.983333333333333,0.0875,59,21,219,1
5,35,8,2.3,0.095800567023728,0.983333333333333,0.075,59,18,222,1
5,35,8,2.5,0.0815912390008274,0.983333333333333,0.0625,59,15,225,1
5,35,8,2.7,0.110624419717177,1,0.0583333333333333,60,14,226,0
5,35,8,2.9,0.106414481213069,1,0.0541666666666667,60,13,227,0
5,35,9,0.1,0.293170352146848,0.716666666666667,0.645833333333333,43,155,85,17
5,35,9,0.3,0.323685983507338,0.8,0.604166666666667,48,145,95,12
5,35,9,0.5,0.287184064059475,0.816666666666667,0.541666666666667,49,130,110,11
5,35,9,0.7,0.278460783425589,0.833333333333333,0.5125,50,123,117,10
5,35,9,0.9,0.264317195792729,0.85,0.475,51,114,126,9
5,35,9,1.1,0.251091978895196,0.866666666666667,0.4375,52,105,135,8
5,35,9,1.3,0.282842712474619,0.933333333333333,0.4,56,96,144,4
5,35,9,1.5,0.288244390748763,0.966666666666667,0.3625,58,87,153,2
5,35,9,1.7,0.298537513247347,0.983333333333333,0.354166666666667,59,85,155,1
5,35,9,1.9,0.28531133754645,0.983333333333333,0.333333333333333,59,80,160,1
5,35,9,2.1,0.237330497801114,0.983333333333333,0.258333333333333,59,62,178,1
5,35,9,2.3,0.234617572357396,0.983333333333333,0.254166666666667,59,61,179,1
5,35,9,2.5,0.223678475531449,0.983333333333333,0.2375,59,57,183,1
5,35,9,2.7,0.204100032758251,0.983333333333333,0.208333333333333,59,50,190,1
5,35,9,2.9,0.183733475602075,0.983333333333333,0.179166666666667,59,43,197,1
5,35,10,0.1,0.194587053478122,0.75,0.491666666666667,45,118,122,15
5,35,10,0.3,0.211857195093722,0.816666666666667,0.441666666666667,49,106,134,11
5,35,10,0.5,0.19525593058425,0.833333333333333,0.4,50,96,144,10
5,35,10,0.7,0.178784495527714,0.866666666666667,0.3375,52,81,159,8
5,35,10,0.9,0.169600131324992,0.883333333333333,0.304166666666667,53,73,167,7
5,35,10,1.1,0.186439050745141,0.916666666666667,0.283333333333333,55,68,172,5
5,35,10,1.3,0.172876105947555,0.933333333333333,0.241666666666667,56,58,182,4
5,35,10,1.5,0.16606082436119,0.95,0.208333333333333,57,50,190,3
5,35,10,1.7,0.14339563253099,0.95,0.179166666666667,57,43,197,3
5,35,10,1.9,0.153704111387796,0.966666666666667,0.166666666666667,58,40,200,2
5,35,10,2.1,0.136853223748942,0.966666666666667,0.145833333333333,58,35,205,2
5,35,10,2.3,0.163562732698116,1,0.120833333333333,60,29,211,0
5,35,10,2.5,0.154021517124155,1,0.108333333333333,60,26,214,0
5,35,10,2.7,0.147441956154897,1,0.1,60,24,216,0
5,35,10,2.9,0.133630620956212,1,0.0833333333333333,60,20,220,0
6,38,1,0.1,0.166666666666667,0.666666666666667,0.541666666666667,40,130,110,20
6,38,1,0.3,0.117254411780241,0.666666666666667,0.479166666666667,40,115,125,20
6,38,1,0.5,0.161949617385867,0.783333333333333,0.4125,47,99,141,13
6,38,1,0.7,0.182953476732325,0.833333333333333,0.383333333333333,50,92,148,10
6,38,1,0.9,0.190993781278448,0.866666666666667,0.354166666666667,52,85,155,8
6,38,1,1.1,0.169539822337999,0.866666666666667,0.325,52,78,162,8
6,38,1,1.3,0.185419925342802,0.9,0.304166666666667,54,73,167,6
6,38,1,1.5,0.194059786413051,0.933333333333333,0.270833333333333,56,65,175,4
6,38,1,1.7,0.202278348515684,0.95,0.258333333333333,57,62,178,3
6,38,1,1.9,0.190486397317323,0.95,0.241666666666667,57,58,182,3
6,38,1,2.1,0.190486397317323,0.95,0.241666666666667,57,58,182,3
6,38,1,2.3,0.234260642832909,1,0.225,60,54,186,0
6,38,1,2.5,0.215505655951382,1,0.195833333333333,60,47,193,0
6,38,1,2.7,0.212780616013727,1,0.191666666666667,60,46,194,0
6,38,1,2.9,0.201736646196482,1,0.175,60,42,198,0
6,38,2,0.1,0.140028008402801,0.65,0.525,39,126,114,21
6,38,2,0.3,0.130745926867935,0.683333333333333,0.479166666666667,41,115,125,19
6,38,2,0.5,0.117717738949355,0.683333333333333,0.4625,41,111,129,19
6,38,2,0.7,0.139294721831043,0.733333333333333,0.4375,44,105,135,16
6,38,2,0.9,0.131944444444444,0.766666666666667,0.391666666666667,46,94,146,14
6,38,2,1.1,0.149652993573809,0.816666666666667,0.358333333333333,49,86,154,11
6,38,2,1.3,0.150755672288882,0.866666666666667,0.3,52,72,168,8
6,38,2,1.5,0.141164530994418,0.883333333333333,0.266666666666667,53,64,176,7
6,38,2,1.7,0.161822678812547,0.916666666666667,0.25,55,60,180,5
6,38,2,1.9,0.150755672288882,0.933333333333333,0.2125,56,51,189,4
6,38,2,2.1,0.134164078649987,0.933333333333333,0.191666666666667,56,46,194,4
6,38,2,2.3,0.123801121503986,0.933333333333333,0.179166666666667,56,43,197,4
6,38,2,2.5,0.0861668445826669,0.933333333333333,0.1375,56,33,207,4
6,38,2,2.7,0.095880415815089,0.95,0.125,57,30,210,3
6,38,2,2.9,0.111111111111111,0.966666666666667,0.116666666666667,58,28,212,2
6,38,3,0.1,0.190610934052468,0.65,0.5875,39,141,99,21
6,38,3,0.3,0.193372011603868,0.683333333333333,0.558333333333333,41,134,106,19
6,38,3,0.5,0.196824189052086,0.716666666666667,0.529166666666667,43,127,113,17
6,38,3,0.7,0.182766496862435,0.766666666666667,0.458333333333333,46,110,130,14
6,38,3,0.9,0.205677351057318,0.816666666666667,0.433333333333333,49,104,136,11
6,38,3,1.1,0.200545157187356,0.85,0.3875,51,93,147,9
6,38,3,1.3,0.234715429987533,0.933333333333333,0.329166666666667,56,79,161,4
6,38,3,1.5,0.23094010767585,0.95,0.3,57,72,168,3
6,38,3,1.7,0.225280519650379,0.95,0.291666666666667,57,70,170,3
6,38,3,1.9,0.225308789806458,0.966666666666667,0.266666666666667,58,64,176,2
6,38,3,2.1,0.229166666666667,0.983333333333333,0.245833333333333,59,59,181,1
6,38,3,2.3,0.212569842570603,0.983333333333333,0.220833333333333,59,53,187,1
6,38,3,2.5,0.206938048892427,0.983333333333333,0.2125,59,51,189,1
6,38,3,2.7,0.218217890235992,1,0.2,60,48,192,0
6,38,3,2.9,0.210042012604201,1,0.1875,60,45,195,0
6,38,4,0.1,0.12413312032225,0.566666666666667,0.5875,34,141,99,26
6,38,4,0.3,0.186733072455557,0.7,0.533333333333333,42,128,112,18
6,38,4,0.5,0.184256932797522,0.733333333333333,0.495833333333333,44,119,121,16
6,38,4,0.7,0.166937273545088,0.766666666666667,0.4375,46,105,135,14
6,38,4,0.9,0.139771311562922,0.783333333333333,0.383333333333333,47,92,148,13
6,38,4,1.1,0.157408867151682,0.85,0.329166666666667,51,79,161,9
6,38,4,1.3,0.137956351384117,0.866666666666667,0.283333333333333,52,68,172,8
6,38,4,1.5,0.148066348589583,0.9,0.254166666666667,54,61,179,6
6,38,4,1.7,0.160373246607454,0.933333333333333,0.225,56,54,186,4
6,38,4,1.9,0.153290069323752,0.95,0.191666666666667,57,46,194,3
6,38,4,2.1,0.153704111387796,0.966666666666667,0.166666666666667,58,40,200,2
6,38,4,2.3,0.140309020141205,0.966666666666667,0.15,58,36,204,2
6,38,4,2.5,0.142359470956799,0.983333333333333,0.125,59,30,210,1
6,38,4,2.7,0.112755752299649,0.983333333333333,0.0916666666666667,59,22,218,1
6,38,4,2.9,0.086503478530999,0.983333333333333,0.0666666666666667,59,16,224,1
6,38,5,0.1,0.159268053875106,0.566666666666667,0.629166666666667,34,151,89,26
6,38,5,0.3,0.187170626142525,0.65,0.583333333333333,39,140,100,21
6,38,5,0.5,0.220078263965478,0.733333333333333,0.541666666666667,44,130,110,16
6,38,5,0.7,0.214557418449944,0.766666666666667,0.5,46,120,120,14
6,38,5,0.9,0.224230527825581,0.816666666666667,0.458333333333333,49,110,130,11
6,38,5,1.1,0.221778808405632,0.85,0.416666666666667,51,100,140,9
6,38,5,1.3,0.200545157187356,0.85,0.3875,51,93,147,9
6,38,5,1.5,0.218217890235992,0.9,0.35,54,84,156,6
6,38,5,1.7,0.25612535683274,0.95,0.3375,57,81,159,3
6,38,5,1.9,0.228113998196438,0.95,0.295833333333333,57,71,169,3
6,38,5,2.1,0.240035804620894,0.983333333333333,0.2625,59,63,177,1
6,38,5,2.3,0.229166666666667,0.983333333333333,0.245833333333333,59,59,181,1
6,38,5,2.5,0.223678475531449,0.983333333333333,0.2375,59,57,183,1
6,38,5,2.7,0.206938048892427,0.983333333333333,0.2125,59,51,189,1
6,38,5,2.9,0.207289049397212,1,0.183333333333333,60,44,196,0
6,38,6,0.1,0.13023463370139,0.6,0.5625,36,135,105,24
6,38,6,0.3,0.156889957949292,0.683333333333333,0.5125,41,123,117,19
6,38,6,0.5,0.171380411114281,0.733333333333333,0.479166666666667,44,115,125,16
6,38,6,0.7,0.230430375819303,0.816666666666667,0.466666666666667,49,112,128,11
6,38,6,0.9,0.21875,0.85,0.4125,51,99,141,9
6,38,6,1.1,0.215135764539371,0.866666666666667,0.3875,52,93,147,8
6,38,6,1.3,0.236402714422325,0.916666666666667,0.354166666666667,55,85,155,5
6,38,6,1.5,0.221918016436593,0.916666666666667,0.333333333333333,55,80,160,5
6,38,6,1.7,0.211695098702863,0.933333333333333,0.295833333333333,56,71,169,4
6,38,6,1.9,0.202278348515684,0.95,0.258333333333333,57,62,178,3
6,38,6,2.1,0.208333333333333,0.966666666666667,0.241666666666667,58,58,182,2
6,38,6,2.3,0.199676657257711,0.966666666666667,0.229166666666667,58,55,185,2
6,38,6,2.5,0.206938048892427,0.983333333333333,0.2125,59,51,189,1
6,38,6,2.7,0.186704011203735,0.983333333333333,0.183333333333333,59,44,196,1
6,38,6,2.9,0.168498626144182,0.983333333333333,0.158333333333333,59,38,202,1
6,38,7,0.1,0.160604295224133,0.616666666666667,0.583333333333333,37,140,100,23
6,38,7,0.3,0.126677927427383,0.633333333333333,0.525,38,126,114,22
6,38,7,0.5,0.188182412203916,0.75,0.483333333333333,45,116,124,15
6,38,7,0.7,0.208767039811231,0.816666666666667,0.4375,49,105,135,11
6,38,7,0.9,0.203585232574175,0.85,0.391666666666667,51,94,146,9
6,38,7,1.1,0.194028813155783,0.866666666666667,0.358333333333333,52,86,154,8
6,38,7,1.3,0.194015580442771,0.883333333333333,0.3375,53,81,159,7
6,38,7,1.5,0.182384301035021,0.9,0.3,54,72,168,6
6,38,7,1.7,0.188084280640821,0.933333333333333,0.2625,56,63,177,4
6,38,7,1.9,0.178434459677104,0.95,0.225,57,54,186,3
6,38,7,2.1,0.175832726577245,0.966666666666667,0.195833333333333,58,47,193,2
6,38,7,2.3,0.177720378792139,0.983333333333333,0.170833333333333,59,41,199,1
6,38,7,2.5,0.152471167364482,0.983333333333333,0.1375,59,33,207,1
6,38,7,2.7,0.142359470956799,0.983333333333333,0.125,59,30,210,1
6,38,7,2.9,0.135362261543268,0.983333333333333,0.116666666666667,59,28,212,1
6,38,8,0.1,0.130745926867935,0.683333333333333,0.479166666666667,41,115,125,19
6,38,8,0.3,0.153093108923949,0.75,0.4375,45,105,135,15
6,38,8,0.5,0.125521669661303,0.766666666666667,0.383333333333333,46,92,148,14
6,38,8,0.7,0.15495721877308,0.833333333333333,0.345833333333333,50,83,157,10
6,38,8,0.9,0.122101834376824,0.85,0.283333333333333,51,68,172,9
6,38,8,1.1,0.131366762030312,0.883333333333333,0.254166666666667,53,61,179,7
6,38,8,1.3,0.111212710509738,0.9,0.208333333333333,54,50,190,6
6,38,8,1.5,0.163366009803268,0.966666666666667,0.179166666666667,58,43,197,2
6,38,8,1.7,0.136853223748942,0.966666666666667,0.145833333333333,58,35,205,2
6,38,8,1.9,0.131775408947805,0.983333333333333,0.1125,59,27,213,1
6,38,8,2.1,0.112755752299649,0.983333333333333,0.0916666666666667,59,22,218,1
6,38,8,2.3,0.118678165819385,1,0.0666666666666667,60,16,224,0
6,38,8,2.5,0.114707866935281,1,0.0625,60,15,225,0
6,38,8,2.7,0.110624419717177,1,0.0583333333333333,60,14,226,0
6,38,8,2.9,0.0975477879516294,1,0.0458333333333333,60,11,229,0
6,38,9,0.1,0.115512696152572,0.516666666666667,0.625,31,150,90,29
6,38,9,0.3,0.134005042034562,0.583333333333333,0.583333333333333,35,140,100,25
6,38,9,0.5,0.146669926034572,0.65,0.533333333333333,39,128,112,21
6,38,9,0.7,0.150334448575739,0.683333333333333,0.504166666666667,41,121,119,19
6,38,9,0.9,0.196543555845876,0.783333333333333,0.458333333333333,47,110,130,13
6,38,9,1.1,0.185419269771824,0.8,0.425,48,102,138,12
6,38,9,1.3,0.212132034355964,0.866666666666667,0.383333333333333,52,92,148,8
6,38,9,1.5,0.24609080051937,0.933333333333333,0.345833333333333,56,83,157,4
6,38,9,1.7,0.274729127347854,0.983333333333333,0.316666666666667,59,76,164,1
6,38,9,1.9,0.250791091148777,0.983333333333333,0.279166666666667,59,67,173,1
6,38,9,2.1,0.234617572357396,0.983333333333333,0.254166666666667,59,61,179,1
6,38,9,2.3,0.229166666666667,0.983333333333333,0.245833333333333,59,59,181,1
6,38,9,2.5,0.206938048892427,0.983333333333333,0.2125,59,51,189,1
6,38,9,2.7,0.192579522339533,0.983333333333333,0.191666666666667,59,46,194,1
6,38,9,2.9,0.174674976984451,0.983333333333333,0.166666666666667,59,40,200,1
6,38,10,0.1,0.265471617216238,0.7,0.629166666666667,42,151,89,18
6,38,10,0.3,0.273631449975275,0.75,0.591666666666667,45,142,98,15
6,38,10,0.5,0.243354965847341,0.75,0.554166666666667,45,133,107,15
6,38,10,0.7,0.231319716766346,0.783333333333333,0.504166666666667,47,121,119,13
6,38,10,0.9,0.255155181539914,0.85,0.4625,51,111,129,9
6,38,10,1.1,0.282550396290235,0.9,0.441666666666667,54,106,134,6
6,38,10,1.3,0.259153464289743,0.9,0.408333333333333,54,98,142,6
6,38,10,1.5,0.250801027365007,0.916666666666667,0.375,55,90,150,5
6,38,10,1.7,0.254587538608658,0.933333333333333,0.358333333333333,56,86,154,4
6,38,10,1.9,0.261101527523537,0.966666666666667,0.320833333333333,58,77,163,2
6,38,10,2.1,0.261463539066556,0.983333333333333,0.295833333333333,59,71,169,1
6,38,10,2.3,0.240035804620894,0.983333333333333,0.2625,59,63,177,1
6,38,10,2.5,0.229166666666667,0.983333333333333,0.245833333333333,59,59,181,1
6,38,10,2.7,0.218148009076793,0.983333333333333,0.229166666666667,59,55,185,1
6,38,10,2.9,0.192579522339533,0.983333333333333,0.191666666666667,59,46,194,1
7,48,1,0.1,0.324493100022849,0.683333333333333,0.708333333333333,41,170,70,19
7,48,1,0.3,0.315546259502734,0.716666666666667,0.670833333333333,43,161,79,17
7,48,1,0.5,0.324372993036656,0.783333333333333,0.620833333333333,47,149,91,13
7,48,1,0.7,0.300166805684282,0.783333333333333,0.591666666666667,47,142,98,13
7,48,1,0.9,0.303441242740281,0.816666666666667,0.5625,49,135,105,11
7,48,1,1.1,0.295235529415082,0.85,0.516666666666667,51,124,116,9
7,48,1,1.3,0.282785007136372,0.85,0.5,51,120,120,9
7,48,1,1.5,0.269143767552285,0.866666666666667,0.4625,52,111,129,8
7,48,1,1.7,0.236111111111111,0.866666666666667,0.416666666666667,52,100,140,8
7,48,1,1.9,0.247487373415292,0.9,0.391666666666667,54,94,146,6
7,48,1,2.1,0.245048625036499,0.916666666666667,0.366666666666667,55,88,152,5
7,48,1,2.3,0.240411184472975,0.933333333333333,0.3375,56,81,159,4
7,48,1,2.5,0.233759373178643,0.95,0.304166666666667,57,73,167,3
7,48,1,2.7,0.213861805434791,0.95,0.275,57,66,174,3
7,48,1,2.9,0.22810221269206,0.966666666666667,0.270833333333333,58,65,175,2
7,48,2,0.1,0.338818638382162,0.716666666666667,0.695833333333333,43,167,73,17
7,48,2,0.3,0.341841040427888,0.75,0.670833333333333,45,161,79,15
7,48,2,0.5,0.358979564175156,0.8,0.645833333333333,48,155,85,12
7,48,2,0.7,0.320256307610174,0.8,0.6,48,144,96,12
7,48,2,0.9,0.330264317222992,0.85,0.5625,51,135,105,9
7,48,2,1.1,0.341284127351283,0.883333333333333,0.541666666666667,53,130,110,7
7,48,2,1.3,0.312153288970447,0.9,0.483333333333333,54,116,124,6
7,48,2,1.5,0.291376247331201,0.9,0.454166666666667,54,109,131,6
7,48,2,1.7,0.265165042944955,0.916666666666667,0.395833333333333,55,95,145,5
7,48,2,1.9,0.254587538608658,0.933333333333333,0.358333333333333,56,86,154,4
7,48,2,2.1,0.231860368008103,0.933333333333333,0.325,56,78,162,4
7,48,2,2.3,0.214598768819738,0.933333333333333,0.3,56,72,168,4
7,48,2,2.5,0.199983085575425,0.933333333333333,0.279166666666667,56,67,173,4
7,48,2,2.7,0.185075077341019,0.933333333333333,0.258333333333333,56,62,178,4
7,48,2,2.9,0.166666666666667,0.933333333333333,0.233333333333333,56,56,184,4
7,48,3,0.1,0.279977534421282,0.7,0.645833333333333,42,155,85,18
7,48,3,0.3,0.326732019606536,0.816666666666667,0.591666666666667,49,142,98,11
7,48,3,0.5,0.307103747475211,0.833333333333333,0.55,50,132,108,10
7,48,3,0.7,0.319519577148248,0.883333333333333,0.5125,53,123,117,7
7,48,3,0.9,0.31514742575287,0.9,0.4875,54,117,123,6
7,48,3,1.1,0.308516026585977,0.916666666666667,0.458333333333333,55,110,130,5
7,48,3,1.3,0.29701403707121,0.933333333333333,0.420833333333333,56,101,139,4
7,48,3,1.5,0.277188931558497,0.933333333333333,0.391666666666667,56,94,146,4
7,48,3,1.7,0.293671082443875,0.966666666666667,0.370833333333333,58,89,151,2
7,48,3,1.9,0.280109271688868,0.966666666666667,0.35,58,84,156,2
7,48,3,2.1,0.282666885541653,0.983333333333333,0.329166666666667,59,79,161,1
7,48,3,2.3,0.264121988555617,0.983333333333333,0.3,59,72,168,1
7,48,3,2.5,0.250791091148777,0.983333333333333,0.279166666666667,59,67,173,1
7,48,3,2.7,0.229166666666667,0.983333333333333,0.245833333333333,59,59,181,1
7,48,3,2.9,0.215365246126974,0.983333333333333,0.225,59,54,186,1
7,48,4,0.1,0.241888702483699,0.633333333333333,0.6625,38,159,81,22
7,48,4,0.3,0.261892463308249,0.7,0.625,42,150,90,18
7,48,4,0.5,0.250557414292898,0.716666666666667,0.595833333333333,43,143,97,17
7,48,4,0.7,0.260023114193049,0.766666666666667,0.558333333333333,46,134,106,14
7,48,4,0.9,0.291095285093741,0.833333333333333,0.529166666666667,50,127,113,10
7,48,4,1.1,0.327202660709209,0.9,0.504166666666667,54,121,119,6
7,48,4,1.3,0.291376247331201,0.9,0.454166666666667,54,109,131,6
7,48,4,1.5,0.270833333333333,0.9,0.425,54,102,138,6
7,48,4,1.7,0.285672080781787,0.933333333333333,0.404166666666667,56,97,143,4
7,48,4,1.9,0.263066906289183,0.933333333333333,0.370833333333333,56,89,151,4
7,48,4,2.1,0.267229007024949,0.95,0.354166666666667,57,85,155,3
7,48,4,2.3,0.25055878478295,0.95,0.329166666666667,57,79,161,3
7,48,4,2.5,0.233759373178643,0.95,0.304166666666667,57,73,167,3
7,48,4,2.7,0.233759373178643,0.95,0.304166666666667,57,73,167,3
7,48,4,2.9,0.233663824456531,0.966666666666667,0.279166666666667,58,67,173,2
7,48,5,0.1,0.440972222222222,0.783333333333333,0.745833333333333,47,179,61,13
7,48,5,0.3,0.429267274830226,0.816666666666667,0.708333333333333,49,170,70,11
7,48,5,0.5,0.403603676397787,0.833333333333333,0.666666666666667,50,160,80,10
7,48,5,0.7,0.386976371695627,0.866666666666667,0.616666666666667,52,148,92,8
7,48,5,0.9,0.370131625760122,0.883333333333333,0.579166666666667,53,139,101,7
7,48,5,1.1,0.377877816630331,0.916666666666667,0.554166666666667,55,133,107,5
7,48,5,1.3,0.356202423100269,0.916666666666667,0.525,55,126,114,5
7,48,5,1.5,0.302686221133935,0.916666666666667,0.45,55,108,132,5
7,48,5,1.7,0.291337487994078,0.933333333333333,0.4125,56,99,141,4
7,48,5,1.9,0.281085187541867,0.95,0.375,57,90,150,3
7,48,5,2.1,0.298537513247347,0.983333333333333,0.354166666666667,59,85,155,1
7,48,5,2.3,0.277376124490762,0.983333333333333,0.320833333333333,59,77,163,1
7,48,5,2.5,0.258801640156433,0.983333333333333,0.291666666666667,59,70,170,1
7,48,5,2.7,0.245425646039178,0.983333333333333,0.270833333333333,59,65,175,1
7,48,5,2.9,0.237330497801114,0.983333333333333,0.258333333333333,59,62,178,1
7,48,6,0.1,0.299246604984686,0.666666666666667,0.695833333333333,40,167,73,20
7,48,6,0.3,0.298581406841297,0.7,0.666666666666667,42,160,80,18
7,48,6,0.5,0.307652735663632,0.766666666666667,0.616666666666667,46,148,92,14
7,48,6,0.7,0.283490872035155,0.8,0.554166666666667,48,133,107,12
7,48,6,0.9,0.331893506664757,0.883333333333333,0.529166666666667,53,127,113,7
7,48,6,1.1,0.335071910914465,0.916666666666667,0.495833333333333,55,119,121,5
7,48,6,1.3,0.314368741106813,0.916666666666667,0.466666666666667,55,112,128,5
7,48,6,1.5,0.288194444444444,0.916666666666667,0.429166666666667,55,103,137,5
7,48,6,1.7,0.282842712474619,0.933333333333333,0.4,56,96,144,4
7,48,6,1.9,0.272772362794991,0.95,0.3625,57,87,153,3
7,48,6,2.1,0.271971847445871,0.966666666666667,0.3375,58,81,159,2
7,48,6,2.3,0.252919977537548,0.966666666666667,0.308333333333333,58,74,166,2
7,48,6,2.5,0.23643312187173,0.966666666666667,0.283333333333333,58,68,172,2
7,48,6,2.7,0.214037083554115,0.966666666666667,0.25,58,60,180,2
7,48,6,2.9,0.205462021745904,0.966666666666667,0.2375,58,57,183,2
7,48,7,0.1,0.268715386462507,0.566666666666667,0.745833333333333,34,179,61,26
7,48,7,0.3,0.25272649560932,0.583333333333333,0.716666666666667,35,172,68,25
7,48,7,0.5,0.270370428607988,0.65,0.679166666666667,39,163,77,21
7,48,7,0.7,0.314707055603278,0.766666666666667,0.625,46,150,90,14
7,48,7,0.9,0.333518672982535,0.816666666666667,0.6,49,144,96,11
7,48,7,1.1,0.313340296528404,0.816666666666667,0.575,49,138,102,11
7,48,7,1.3,0.327022952409476,0.85,0.558333333333333,51,134,106,9
7,48,7,1.5,0.308898802876396,0.866666666666667,0.516666666666667,52,124,116,8
7,48,7,1.7,0.304255531702266,0.883333333333333,0.491666666666667,53,118,122,7
7,48,7,1.9,0.280198225769116,0.883333333333333,0.458333333333333,53,110,130,7
7,48,7,2.1,0.273758216625702,0.9,0.429166666666667,54,103,137,6
7,48,7,2.3,0.294957452812247,0.95,0.395833333333333,57,95,145,3
7,48,7,2.5,0.296386402632698,0.966666666666667,0.375,58,90,150,2
7,48,7,2.7,0.301185755859528,0.983333333333333,0.358333333333333,59,86,154,1
7,48,7,2.9,0.282666885541653,0.983333333333333,0.329166666666667,59,79,161,1
7,48,8,0.1,0.249885943695875,0.666666666666667,0.641666666666667,40,154,86,20
7,48,8,0.3,0.224051448798515,0.683333333333333,0.595833333333333,41,143,97,19
7,48,8,0.5,0.25,0.75,0.5625,45,135,105,15
7,48,8,0.7,0.264044276165348,0.8,0.529166666666667,48,127,113,12
7,48,8,0.9,0.296540126309456,0.866666666666667,0.5,52,120,120,8
7,48,8,1.1,0.284303439563788,0.866666666666667,0.483333333333333,52,116,124,8
7,48,8,1.3,0.291084686032392,0.916666666666667,0.433333333333333,55,104,136,5
7,48,8,1.5,0.274363821551983,0.933333333333333,0.3875,56,93,147,4
7,48,8,1.7,0.272772362794991,0.95,0.3625,57,87,153,3
7,48,8,1.9,0.280021928068721,0.983333333333333,0.325,59,78,162,1
7,48,8,2.1,0.264121988555617,0.983333333333333,0.3,59,72,168,1
7,48,8,2.3,0.253465843478271,0.983333333333333,0.283333333333333,59,68,172,1
7,48,8,2.5,0.220918854838319,0.983333333333333,0.233333333333333,59,56,184,1
7,48,8,2.7,0.206938048892427,0.983333333333333,0.2125,59,51,189,1
7,48,8,2.9,0.192579522339533,0.983333333333333,0.191666666666667,59,46,194,1
7,48,9,0.1,0.266530019634037,0.65,0.675,39,162,78,21
7,48,9,0.3,0.265471617216238,0.7,0.629166666666667,42,151,89,18
7,48,9,0.5,0.293751410628462,0.766666666666667,0.6,46,144,96,14
7,48,9,0.7,0.286673037249391,0.783333333333333,0.575,47,138,102,13
7,48,9,0.9,0.300668897151477,0.833333333333333,0.541666666666667,50,130,110,10
7,48,9,1.1,0.2921108244592,0.85,0.5125,51,123,117,9
7,48,9,1.3,0.284303439563788,0.866666666666667,0.483333333333333,52,116,124,8
7,48,9,1.5,0.268290059641443,0.883333333333333,0.441666666666667,53,106,134,7
7,48,9,1.7,0.259153464289743,0.9,0.408333333333333,54,98,142,6
7,48,9,1.9,0.268715386462507,0.933333333333333,0.379166666666667,56,91,149,4
7,48,9,2.1,0.270001074878588,0.95,0.358333333333333,57,86,154,3
7,48,9,2.3,0.258377759799613,0.966666666666667,0.316666666666667,58,76,164,2
7,48,9,2.5,0.23643312187173,0.966666666666667,0.283333333333333,58,68,172,2
7,48,9,2.7,0.22810221269206,0.966666666666667,0.270833333333333,58,65,175,2
7,48,9,2.9,0.223678475531449,0.983333333333333,0.2375,59,57,183,1
7,48,10,0.1,0.193154873848533,0.6,0.6375,36,153,87,24
7,48,10,0.3,0.210793137481675,0.666666666666667,0.595833333333333,40,143,97,20
7,48,10,0.5,0.233333333333333,0.733333333333333,0.558333333333333,44,134,106,16
7,48,10,0.7,0.234508823560483,0.783333333333333,0.508333333333333,47,122,118,13
7,48,10,0.9,0.230430375819303,0.816666666666667,0.466666666666667,49,112,128,11
7,48,10,1.1,0.216695817402704,0.833333333333333,0.429166666666667,50,103,137,10
7,48,10,1.3,0.227128381289749,0.866666666666667,0.404166666666667,52,97,143,8
7,48,10,1.5,0.23581055457095,0.9,0.375,54,90,150,6
7,48,10,1.7,0.243252788571912,0.933333333333333,0.341666666666667,56,82,158,4
7,48,10,1.9,0.261101527523537,0.966666666666667,0.320833333333333,58,77,163,2
7,48,10,2.1,0.233663824456531,0.966666666666667,0.279166666666667,58,67,173,2
7,48,10,2.3,0.222506183367252,0.966666666666667,0.2625,58,63,177,2
7,48,10,2.5,0.208333333333333,0.966666666666667,0.241666666666667,58,58,182,2
7,48,10,2.7,0.193828721514277,0.966666666666667,0.220833333333333,58,53,187,2
7,48,10,2.9,0.201246117974981,0.983333333333333,0.204166666666667,59,49,191,1
8,54,1,0.1,0.258923118151565,0.65,0.666666666666667,39,160,80,21
8,54,1,0.3,0.282273618305874,0.716666666666667,0.633333333333333,43,152,88,17
8,54,1,0.5,0.340370828018026,0.816666666666667,0.608333333333333,49,146,94,11
8,54,1,0.7,0.350194606631662,0.866666666666667,0.570833333333333,52,137,103,8
8,54,1,0.9,0.315131208348355,0.866666666666667,0.525,52,126,114,8
8,54,1,1.1,0.310336544177806,0.883333333333333,0.5,53,120,120,7
8,54,1,1.3,0.320247014555883,0.916666666666667,0.475,55,114,126,5
8,54,1,1.5,0.314485451016576,0.95,0.425,57,102,138,3
8,54,1,1.7,0.292179654120294,0.95,0.391666666666667,57,94,146,3
8,54,1,1.9,0.309142011167656,0.983333333333333,0.370833333333333,59,89,151,1
8,54,1,2.1,0.280021928068721,0.983333333333333,0.325,59,78,162,1
8,54,1,2.3,0.250791091148777,0.983333333333333,0.279166666666667,59,67,173,1
8,54,1,2.5,0.237330497801114,0.983333333333333,0.258333333333333,59,62,178,1
8,54,1,2.7,0.220918854838319,0.983333333333333,0.233333333333333,59,56,184,1
8,54,1,2.9,0.201246117974981,0.983333333333333,0.204166666666667,59,49,191,1
8,54,2,0.1,0.164018473620946,0.55,0.65,33,156,84,27
8,54,2,0.3,0.175228256455587,0.6,0.616666666666667,36,148,92,24
8,54,2,0.5,0.184256932797522,0.633333333333333,0.595833333333333,38,143,97,22
8,54,2,0.7,0.150083402842141,0.633333333333333,0.554166666666667,38,133,107,22
8,54,2,0.9,0.190270800066163,0.716666666666667,0.520833333333333,43,125,115,17
8,54,2,1.1,0.204984413293551,0.766666666666667,0.4875,46,117,123,14
8,54,2,1.3,0.179600145859162,0.766666666666667,0.454166666666667,46,109,131,14
8,54,2,1.5,0.191654987367688,0.8,0.433333333333333,48,104,136,12
8,54,2,1.7,0.190221477563171,0.816666666666667,0.4125,49,99,141,11
8,54,2,1.9,0.206114846543498,0.866666666666667,0.375,52,90,150,8
8,54,2,2.1,0.233514443138238,0.916666666666667,0.35,55,84,156,5
8,54,2,2.3,0.234715429987533,0.933333333333333,0.329166666666667,56,79,161,4
8,54,2,2.5,0.239379395108465,0.95,0.3125,57,75,165,3
8,54,2,2.7,0.219589270435761,0.95,0.283333333333333,57,68,172,3
8,54,2,2.9,0.22810221269206,0.966666666666667,0.270833333333333,58,65,175,2
8,54,3,0.1,0.284722222222222,0.633333333333333,0.708333333333333,38,170,70,22
8,54,3,0.3,0.351191056005013,0.766666666666667,0.666666666666667,46,160,80,14
8,54,3,0.5,0.336936323631538,0.816666666666667,0.604166666666667,49,145,95,11
8,54,3,0.7,0.296904285180266,0.816666666666667,0.554166666666667,49,133,107,11
8,54,3,0.9,0.294276529765214,0.833333333333333,0.533333333333333,50,128,112,10
8,54,3,1.1,0.305796419831363,0.866666666666667,0.5125,52,123,117,8
8,54,3,1.3,0.287352446607696,0.866666666666667,0.4875,52,117,123,8
8,54,3,1.5,0.282550396290235,0.9,0.441666666666667,54,106,134,6
8,54,3,1.7,0.273787036910097,0.916666666666667,0.408333333333333,55,98,142,5
8,54,3,1.9,0.268715386462507,0.933333333333333,0.379166666666667,56,91,149,4
8,54,3,2.1,0.24609080051937,0.933333333333333,0.345833333333333,56,83,157,4
8,54,3,2.3,0.23094010767585,0.95,0.3,57,72,168,3
8,54,3,2.5,0.216730361715753,0.95,0.279166666666667,57,67,173,3
8,54,3,2.7,0.1875,0.95,0.2375,57,57,183,3
8,54,3,2.9,0.175832726577245,0.966666666666667,0.195833333333333,58,47,193,2
8,54,4,0.1,0.232638888888889,0.583333333333333,0.695833333333333,35,167,73,25
8,54,4,0.3,0.21375714353411,0.616666666666667,0.645833333333333,37,155,85,23
8,54,4,0.5,0.244252365653369,0.7,0.604166666666667,42,145,95,18
8,54,4,0.7,0.236671926101241,0.733333333333333,0.5625,44,135,105,16
8,54,4,0.9,0.243598729856038,0.766666666666667,0.5375,46,129,111,14
8,54,4,1.1,0.269069117598525,0.833333333333333,0.5,50,120,120,10
8,54,4,1.3,0.314136937256162,0.933333333333333,0.445833333333333,56,107,133,4
8,54,4,1.5,0.312725974065997,0.966666666666667,0.4,58,96,144,2
8,54,4,1.7,0.290957186981323,0.966666666666667,0.366666666666667,58,88,152,2
8,54,4,1.9,0.282820770746142,0.966666666666667,0.354166666666667,58,85,155,2
8,54,4,2.1,0.255650715726475,0.966666666666667,0.3125,58,75,165,2
8,54,4,2.3,0.241951334658604,0.966666666666667,0.291666666666667,58,70,170,2
8,54,4,2.5,0.222506183367252,0.966666666666667,0.2625,58,63,177,2
8,54,4,2.7,0.242161052418926,1,0.2375,60,57,183,0
8,54,4,2.9,0.223606797749979,1,0.208333333333333,60,50,190,0
8,54,5,0.1,0.126239431693747,0.516666666666667,0.6375,31,153,87,29
8,54,5,0.3,0.164659610678426,0.6,0.604166666666667,36,145,95,24
8,54,5,0.5,0.190207227421838,0.666666666666667,0.570833333333333,40,137,103,20
8,54,5,0.7,0.287184064059475,0.816666666666667,0.541666666666667,49,130,110,11
8,54,5,0.9,0.269069117598525,0.833333333333333,0.5,50,120,120,10
8,54,5,1.1,0.286178183220151,0.883333333333333,0.466666666666667,53,112,128,7
8,54,5,1.3,0.277215249585405,0.883333333333333,0.454166666666667,53,109,131,7
8,54,5,1.5,0.273758216625702,0.9,0.429166666666667,54,103,137,6
8,54,5,1.7,0.274363821551983,0.933333333333333,0.3875,56,93,147,4
8,54,5,1.9,0.257415393253273,0.933333333333333,0.3625,56,87,153,4
8,54,5,2.1,0.237565548366599,0.933333333333333,0.333333333333333,56,80,160,4
8,54,5,2.3,0.22326072643317,0.933333333333333,0.3125,56,75,165,4
8,54,5,2.5,0.216730361715753,0.95,0.279166666666667,57,67,173,3
8,54,5,2.7,0.193456594750835,0.95,0.245833333333333,57,59,181,3
8,54,5,2.9,0.159730460419501,0.95,0.2,57,48,192,3
8,54,6,0.1,0.227128381289749,0.566666666666667,0.704166666666667,34,169,71,26
8,54,6,0.3,0.243792002848139,0.616666666666667,0.679166666666667,37,163,77,23
8,54,6,0.5,0.230721996195548,0.633333333333333,0.65,38,156,84,22
8,54,6,0.7,0.234508823560483,0.683333333333333,0.608333333333333,41,146,94,19
8,54,6,0.9,0.263808616984867,0.733333333333333,0.595833333333333,44,143,97,16
8,54,6,1.1,0.306693929561032,0.8,0.583333333333333,48,140,100,12
8,54,6,1.3,0.28676864698532,0.8,0.558333333333333,48,134,106,12
8,54,6,1.5,0.310996787138237,0.85,0.5375,51,129,111,9
8,54,6,1.7,0.325686781293591,0.883333333333333,0.520833333333333,53,125,115,7
8,54,6,1.9,0.312153288970447,0.9,0.483333333333333,54,116,124,6
8,54,6,2.1,0.325655805840754,0.933333333333333,0.4625,56,111,129,4
8,54,6,2.3,0.325737624845773,0.95,0.441666666666667,57,106,134,3
8,54,6,2.5,0.306095239917543,0.95,0.4125,57,99,141,3
8,54,6,2.7,0.281085187541867,0.95,0.375,57,90,150,3
8,54,6,2.9,0.26168103013039,0.95,0.345833333333333,57,83,157,3
8,54,7,0.1,0.258016765414901,0.6,0.708333333333333,36,170,70,24
8,54,7,0.3,0.298581406841297,0.7,0.666666666666667,42,160,80,18
8,54,7,0.5,0.297967318603104,0.75,0.620833333333333,45,149,91,15
8,54,7,0.7,0.293751410628462,0.766666666666667,0.6,46,144,96,14
8,54,7,0.9,0.310062018606202,0.8,0.5875,48,141,99,12
8,54,7,1.1,0.280224269158902,0.8,0.55,48,132,108,12
8,54,7,1.3,0.288994418741728,0.85,0.508333333333333,51,122,118,9
8,54,7,1.5,0.255155181539914,0.85,0.4625,51,111,129,9
8,54,7,1.7,0.27668578554643,0.9,0.433333333333333,54,104,136,6
8,54,7,1.9,0.29701403707121,0.933333333333333,0.420833333333333,56,101,139,4
8,54,7,2.1,0.282842712474619,0.933333333333333,0.4,56,96,144,4
8,54,7,2.3,0.275543237848574,0.95,0.366666666666667,57,88,152,3
8,54,7,2.5,0.282820770746142,0.966666666666667,0.354166666666667,58,85,155,2
8,54,7,2.7,0.271971847445871,0.966666666666667,0.3375,58,81,159,2
8,54,7,2.9,0.258377759799613,0.966666666666667,0.316666666666667,58,76,164,2
8,54,8,0.1,0.238098184800247,0.55,0.729166666666667,33,175,65,27
8,54,8,0.3,0.248647242764483,0.583333333333333,0.7125,35,171,69,25
8,54,8,0.5,0.258923118151565,0.65,0.666666666666667,39,160,80,21
8,54,8,0.7,0.276321481333811,0.7,0.641666666666667,42,154,86,18
8,54,8,0.9,0.297202112805736,0.766666666666667,0.604166666666667,46,145,95,14
8,54,8,1.1,0.310027559230174,0.816666666666667,0.570833333333333,49,137,103,11
8,54,8,1.3,0.354882424403697,0.9,0.541666666666667,54,130,110,6
8,54,8,1.5,0.344068777240611,0.916666666666667,0.508333333333333,55,122,118,5
8,54,8,1.7,0.331453998775662,0.933333333333333,0.470833333333333,56,113,127,4
8,54,8,1.9,0.317007761691483,0.933333333333333,0.45,56,108,132,4
8,54,8,2.1,0.311684571916042,0.95,0.420833333333333,57,101,139,3
8,54,8,2.3,0.304544104657508,0.966666666666667,0.3875,58,93,147,2
8,54,8,2.5,0.303835720316038,0.983333333333333,0.3625,59,87,153,1
8,54,8,2.7,0.277376124490762,0.983333333333333,0.320833333333333,59,77,163,1
8,54,8,2.9,0.266777387721257,0.983333333333333,0.304166666666667,59,73,167,1
8,54,9,0.1,0.362905743124705,0.65,0.770833333333333,39,185,55,21
8,54,9,0.3,0.345857231933037,0.7,0.716666666666667,42,172,68,18
8,54,9,0.5,0.370320114136186,0.766666666666667,0.6875,46,165,75,14
8,54,9,0.7,0.35536072430772,0.8,0.641666666666667,48,154,86,12
8,54,9,0.9,0.354287256626923,0.816666666666667,0.625,49,150,90,11
8,54,9,1.1,0.343822673803768,0.816666666666667,0.6125,49,147,93,11
8,54,9,1.3,0.340068020406802,0.85,0.575,51,138,102,9
8,54,9,1.5,0.33407655239053,0.866666666666667,0.55,52,132,108,8
8,54,9,1.7,0.302702757298341,0.866666666666667,0.508333333333333,52,122,118,8
8,54,9,1.9,0.292179172621211,0.883333333333333,0.475,53,114,126,7
8,54,9,2.1,0.314136937256162,0.933333333333333,0.445833333333333,56,107,133,4
8,54,9,2.3,0.291337487994078,0.933333333333333,0.4125,56,99,141,4
8,54,9,2.5,0.274363821551983,0.933333333333333,0.3875,56,93,147,4
8,54,9,2.7,0.257415393253273,0.933333333333333,0.3625,56,87,153,4
8,54,9,2.9,0.217493892483717,0.933333333333333,0.304166666666667,56,73,167,4
8,54,10,0.1,0.263362334981688,0.616666666666667,0.7,37,168,72,23
8,54,10,0.3,0.321706585938619,0.7,0.691666666666667,42,166,74,18
8,54,10,0.5,0.296843650952684,0.716666666666667,0.65,43,156,84,17
8,54,10,0.7,0.264487844602755,0.716666666666667,0.6125,43,147,93,17
8,54,10,0.9,0.256689484523907,0.75,0.570833333333333,45,137,103,15
8,54,10,1.1,0.237093820328171,0.766666666666667,0.529166666666667,46,127,113,14
8,54,10,1.3,0.222871247080105,0.8,0.475,48,114,126,12
8,54,10,1.5,0.246027710431419,0.85,0.45,51,108,132,9
8,54,10,1.7,0.247487373415292,0.9,0.391666666666667,54,94,146,6
8,54,10,1.9,0.242169377760863,0.916666666666667,0.3625,55,87,153,5
8,54,10,2.1,0.240411184472975,0.933333333333333,0.3375,56,81,159,4
8,54,10,2.3,0.244977967469433,0.95,0.320833333333333,57,77,163,3
8,54,10,2.5,0.236572304105096,0.95,0.308333333333333,57,74,166,3
8,54,10,2.7,0.239195455296097,0.966666666666667,0.2875,58,69,171,2
8,54,10,2.9,0.248111178717679,0.983333333333333,0.275,59,66,174,1
9,57,1,0.1,0.281928529333542,0.566666666666667,0.758333333333333,34,182,58,26
9,57,1,0.3,0.275450330645638,0.616666666666667,0.7125,37,171,69,23
9,57,1,0.5,0.312465806467333,0.683333333333333,0.695833333333333,41,167,73,19
9,57,1,0.7,0.310019222959885,0.733333333333333,0.65,44,156,84,16
9,57,1,0.9,0.277060989570027,0.75,0.595833333333333,45,143,97,15
9,57,1,1.1,0.29667325947902,0.8,0.570833333333333,48,137,103,12
9,57,1,1.3,0.307824899179588,0.85,0.533333333333333,51,128,112,9
9,57,1,1.5,0.324176359389243,0.9,0.5,54,120,120,6
9,57,1,1.7,0.300245134839182,0.9,0.466666666666667,54,112,128,6
9,57,1,1.9,0.285488140387689,0.9,0.445833333333333,54,107,133,6
9,57,1,2.1,0.27666383349851,0.916666666666667,0.4125,55,99,141,5
9,57,1,2.3,0.309995486688605,0.966666666666667,0.395833333333333,58,95,145,2
9,57,1,2.5,0.309142011167656,0.983333333333333,0.370833333333333,59,89,151,1
9,57,1,2.7,0.287955618332644,0.983333333333333,0.3375,59,81,159,1
9,57,1,2.9,0.261463539066556,0.983333333333333,0.295833333333333,59,71,169,1
9,57,2,0.1,0.305377848861262,0.633333333333333,0.729166666666667,38,175,65,22
9,57,2,0.3,0.293978647143082,0.65,0.704166666666667,39,169,71,21
9,57,2,0.5,0.285384308141648,0.683333333333333,0.666666666666667,41,160,80,19
9,57,2,0.7,0.305073829358514,0.75,0.629166666666667,45,151,89,15
9,57,2,0.9,0.286896275567448,0.766666666666667,0.591666666666667,46,142,98,14
9,57,2,1.1,0.266666666666667,0.766666666666667,0.566666666666667,46,136,104,14
9,57,2,1.3,0.264044276165348,0.8,0.529166666666667,48,127,113,12
9,57,2,1.5,0.307292174004387,0.883333333333333,0.495833333333333,53,119,121,7
9,57,2,1.7,0.317304517500499,0.916666666666667,0.470833333333333,55,113,127,5
9,57,2,1.9,0.317007761691483,0.933333333333333,0.45,56,108,132,4
9,57,2,2.1,0.29701403707121,0.933333333333333,0.420833333333333,56,101,139,4
9,57,2,2.3,0.286629745560007,0.95,0.383333333333333,57,92,148,3
9,57,2,2.5,0.267229007024949,0.95,0.354166666666667,57,85,155,3
9,57,2,2.7,0.266540854813131,0.966666666666667,0.329166666666667,58,79,161,2
9,57,2,2.9,0.244701254102998,0.966666666666667,0.295833333333333,58,71,169,2
9,57,3,0.1,0.38442292352117,0.7,0.754166666666667,42,181,59,18
9,57,3,0.3,0.377075143605084,0.75,0.708333333333333,45,170,70,15
9,57,3,0.5,0.36807524138987,0.783333333333333,0.670833333333333,47,161,79,13
9,57,3,0.7,0.374533765155726,0.833333333333333,0.633333333333333,50,152,88,10
9,57,3,0.9,0.356738021407136,0.866666666666667,0.579166666666667,52,139,101,8
9,57,3,1.1,0.312010275404575,0.866666666666667,0.520833333333333,52,125,115,8
9,57,3,1.3,0.296540126309456,0.866666666666667,0.5,52,120,120,8
9,57,3,1.5,0.298204015766156,0.883333333333333,0.483333333333333,53,116,124,7
9,57,3,1.7,0.303212598888017,0.9,0.470833333333333,54,113,127,6
9,57,3,1.9,0.291376247331201,0.9,0.454166666666667,54,109,131,6
9,57,3,2.1,0.277188931558497,0.933333333333333,0.391666666666667,56,94,146,4
9,57,3,2.3,0.270001074878588,0.95,0.358333333333333,57,86,154,3
9,57,3,2.5,0.242181126978354,0.95,0.316666666666667,57,76,164,3
9,57,3,2.7,0.219589270435761,0.95,0.283333333333333,57,68,172,3
9,57,3,2.9,0.21969378728014,0.966666666666667,0.258333333333333,58,62,178,2
9,57,4,0.1,0.242295322929024,0.55,0.733333333333333,33,176,64,27
9,57,4,0.3,0.246035865574998,0.6,0.695833333333333,36,167,73,24
9,57,4,0.5,0.240304097726535,0.65,0.645833333333333,39,155,85,21
9,57,4,0.7,0.267261241912424,0.733333333333333,0.6,44,144,96,16
9,57,4,0.9,0.27009605123036,0.783333333333333,0.554166666666667,47,133,107,13
9,57,4,1.1,0.294276529765214,0.833333333333333,0.533333333333333,50,128,112,10
9,57,4,1.3,0.295235529415082,0.85,0.516666666666667,51,124,116,9
9,57,4,1.5,0.272165526975909,0.866666666666667,0.466666666666667,52,112,128,8
9,57,4,1.7,0.259153464289743,0.9,0.408333333333333,54,98,142,6
9,57,4,1.9,0.253674990523294,0.916666666666667,0.379166666666667,55,91,149,5
9,57,4,2.1,0.244977967469433,0.95,0.320833333333333,57,77,163,3
9,57,4,2.3,0.222439130250652,0.95,0.2875,57,69,171,3
9,57,4,2.5,0.216870972128604,0.966666666666667,0.254166666666667,58,61,179,2
9,57,4,2.7,0.239535068790204,1,0.233333333333333,60,56,184,0
9,57,4,2.9,0.231611149766924,1,0.220833333333333,60,53,187,0
9,57,5,0.1,0.326940791068996,0.633333333333333,0.75,38,180,60,22
9,57,5,0.3,0.320453498231608,0.683333333333333,0.704166666666667,41,169,71,19
9,57,5,0.5,0.295468420142639,0.733333333333333,0.633333333333333,44,152,88,16
9,57,5,0.7,0.323362077906741,0.816666666666667,0.5875,49,141,99,11
9,57,5,0.9,0.324554513265435,0.866666666666667,0.5375,52,129,111,8
9,57,5,1.1,0.339400422010634,0.9,0.520833333333333,54,125,115,6
9,57,5,1.3,0.360127817416842,0.95,0.491666666666667,57,118,122,3
9,57,5,1.5,0.351465127092732,0.966666666666667,0.458333333333333,58,110,130,2
9,57,5,1.7,0.326438390162039,0.966666666666667,0.420833333333333,58,101,139,2
9,57,5,1.9,0.293671082443875,0.966666666666667,0.370833333333333,58,89,151,2
9,57,5,2.1,0.288675134594813,1,0.3125,60,75,165,0
9,57,5,2.3,0.262961853070389,1,0.270833333333333,60,65,175,0
9,57,5,2.5,0.25,1,0.25,60,60,180,0
9,57,5,2.7,0.220918041084231,1,0.204166666666667,60,49,191,0
9,57,5,2.9,0.210042012604201,1,0.1875,60,45,195,0
9,57,6,0.1,0.4216277813128,0.7,0.7875,42,189,51,18
9,57,6,0.3,0.379980297828674,0.7,0.75,42,180,60,18
9,57,6,0.5,0.401974090235209,0.75,0.733333333333333,45,176,64,15
9,57,6,0.7,0.411354702114637,0.783333333333333,0.716666666666667,47,172,68,13
9,57,6,0.9,0.411112447838109,0.833333333333333,0.675,50,162,78,10
9,57,6,1.1,0.431885214604499,0.883333333333333,0.654166666666667,53,157,83,7
9,57,6,1.3,0.416898341228169,0.9,0.620833333333333,54,149,91,6
9,57,6,1.5,0.416666666666667,0.916666666666667,0.604166666666667,55,145,95,5
9,57,6,1.7,0.406748024408136,0.916666666666667,0.591666666666667,55,142,98,5
9,57,6,1.9,0.398942699930364,0.95,0.545833333333333,57,131,109,3
9,57,6,2.1,0.392838694962373,0.95,0.5375,57,129,111,3
9,57,6,2.3,0.380784480374642,0.95,0.520833333333333,57,125,115,3
9,57,6,2.5,0.391237945027869,0.983333333333333,0.495833333333333,59,119,121,1
9,57,6,2.7,0.37147854411892,0.983333333333333,0.466666666666667,59,112,128,1
9,57,6,2.9,0.37229160112663,1,0.445833333333333,60,107,133,0
9,57,7,0.1,0.275450330645638,0.616666666666667,0.7125,37,171,69,23
9,57,7,0.3,0.264651701518422,0.666666666666667,0.658333333333333,40,158,82,20
9,57,7,0.5,0.227522751567522,0.683333333333333,0.6,41,144,96,19
9,57,7,0.7,0.256718015405135,0.766666666666667,0.554166666666667,46,133,107,14
9,57,7,0.9,0.240906442836199,0.783333333333333,0.516666666666667,47,124,116,13
9,57,7,1.1,0.23814483610392,0.833333333333333,0.458333333333333,50,110,130,10
9,57,7,1.3,0.242991144698318,0.85,0.445833333333333,51,107,133,9
9,57,7,1.5,0.230123061045723,0.866666666666667,0.408333333333333,52,98,142,8
9,57,7,1.7,0.220916323847052,0.883333333333333,0.375,53,90,150,7
9,57,7,1.9,0.215271127268064,0.9,0.345833333333333,54,83,157,6
9,57,7,2.1,0.20342484840021,0.9,0.329166666666667,54,79,161,6
9,57,7,2.3,0.204340325887986,0.916666666666667,0.308333333333333,55,74,166,5
9,57,7,2.5,0.2029269258427,0.933333333333333,0.283333333333333,56,68,172,4
9,57,7,2.7,0.194059786413051,0.933333333333333,0.270833333333333,56,65,175,4
9,57,7,2.9,0.179009752598633,0.933333333333333,0.25,56,60,180,4
9,57,8,0.1,0.189535626375859,0.6,0.633333333333333,36,152,88,24
9,57,8,0.3,0.208006850269717,0.65,0.608333333333333,39,146,94,21
9,57,8,0.5,0.180004000133338,0.683333333333333,0.541666666666667,41,130,110,19
9,57,8,0.7,0.187485054401953,0.733333333333333,0.5,44,120,120,16
9,57,8,0.9,0.181790361730525,0.75,0.475,45,114,126,15
9,57,8,1.1,0.185419269771824,0.8,0.425,48,102,138,12
9,57,8,1.3,0.168484330406214,0.816666666666667,0.383333333333333,49,92,148,11
9,57,8,1.5,0.16746882614212,0.833333333333333,0.3625,50,87,153,10
9,57,8,1.7,0.187968063896477,0.883333333333333,0.329166666666667,53,79,161,7
9,57,8,1.9,0.166499524797618,0.883333333333333,0.3,53,72,168,7
9,57,8,2.1,0.1539600717839,0.883333333333333,0.283333333333333,53,68,172,7
9,57,8,2.3,0.138325717917125,0.9,0.241666666666667,54,58,182,6
9,57,8,2.5,0.142565484476749,0.916666666666667,0.225,55,54,186,5
9,57,8,2.7,0.140893990735269,0.933333333333333,0.2,56,48,192,4
9,57,8,2.9,0.150024799537245,0.95,0.1875,57,45,195,3
9,57,9,0.1,0.271390139139039,0.616666666666667,0.708333333333333,37,170,70,23
9,57,9,0.3,0.289175872411903,0.683333333333333,0.670833333333333,41,161,79,19
9,57,9,0.5,0.341093250409679,0.8,0.625,48,150,90,12
9,57,9,0.7,0.323362077906741,0.816666666666667,0.5875,49,141,99,11
9,57,9,0.9,0.330890928359107,0.866666666666667,0.545833333333333,52,131,109,8
9,57,9,1.1,0.315131208348355,0.866666666666667,0.525,52,126,114,8
9,57,9,1.3,0.360934893772014,0.933333333333333,0.5125,56,123,117,4
9,57,9,1.5,0.351423282823134,0.95,0.479166666666667,57,115,125,3
9,57,9,1.7,0.322916666666667,0.95,0.4375,57,105,135,3
9,57,9,1.9,0.327811319256915,0.983333333333333,0.4,59,96,144,1
9,57,9,2.1,0.311798927039176,0.983333333333333,0.375,59,90,150,1
9,57,9,2.3,0.293244973765021,0.983333333333333,0.345833333333333,59,83,157,1
9,57,9,2.5,0.298942328613905,1,0.329166666666667,60,79,161,0
9,57,9,2.7,0.293807538969232,1,0.320833333333333,60,77,163,0
9,57,9,2.9,0.275838642183685,1,0.291666666666667,60,70,170,0
9,57,10,0.1,0.149612512602291,0.5,0.679166666666667,30,163,77,30
9,57,10,0.3,0.211536345000333,0.6,0.658333333333333,36,158,82,24
9,57,10,0.5,0.231008370602406,0.683333333333333,0.604166666666667,41,145,95,19
9,57,10,0.7,0.266666666666667,0.766666666666667,0.566666666666667,46,136,104,14
9,57,10,0.9,0.264844313399149,0.816666666666667,0.5125,49,123,117,11
9,57,10,1.1,0.235074936216552,0.833333333333333,0.454166666666667,50,109,131,10
9,57,10,1.3,0.27961639470054,0.9,0.4375,54,105,135,6
9,57,10,1.5,0.28530758217181,0.916666666666667,0.425,55,102,138,5
9,57,10,1.7,0.274363821551983,0.933333333333333,0.3875,56,93,147,4
9,57,10,1.9,0.275543237848574,0.95,0.366666666666667,57,88,152,3
9,57,10,2.1,0.269257201557797,0.966666666666667,0.333333333333333,58,80,160,2
9,57,10,2.3,0.241951334658604,0.966666666666667,0.291666666666667,58,70,170,2
9,57,10,2.5,0.21969378728014,0.966666666666667,0.258333333333333,58,62,178,2
9,57,10,2.7,0.223678475531449,0.983333333333333,0.2375,59,57,183,1
9,57,10,2.9,0.218217890235992,1,0.2,60,48,192,0
10,67,1,0.1,0.207289049397212,0.45,0.779166666666667,27,187,53,33
10,67,1,0.3,0.220329663546498,0.533333333333333,0.725,32,174,66,28
10,67,1,0.5,0.203671201078171,0.566666666666667,0.679166666666667,34,163,77,26
10,67,1,0.7,0.21375714353411,0.616666666666667,0.645833333333333,37,155,85,23
10,67,1,0.9,0.22478159625921,0.666666666666667,0.6125,40,147,93,20
10,67,1,1.1,0.253536243524721,0.733333333333333,0.583333333333333,44,140,100,16
10,67,1,1.3,0.243598729856038,0.766666666666667,0.5375,46,129,111,14
10,67,1,1.5,0.258534867624809,0.816666666666667,0.504166666666667,49,121,119,11
10,67,1,1.7,0.264317195792729,0.85,0.475,51,114,126,9
10,67,1,1.9,0.227835580867107,0.85,0.425,51,102,138,9
10,67,1,2.1,0.212689495814986,0.85,0.404166666666667,51,97,143,9
10,67,1,2.3,0.238732156415362,0.9,0.379166666666667,54,91,149,6
10,67,1,2.5,0.224097036136918,0.9,0.358333333333333,54,86,154,6
10,67,1,2.7,0.237565548366599,0.933333333333333,0.333333333333333,56,80,160,4
10,67,1,2.9,0.22326072643317,0.933333333333333,0.3125,56,75,165,4
10,67,2,0.1,0.448495318487911,0.633333333333333,0.85,38,204,36,22
10,67,2,0.3,0.465507971786313,0.683333333333333,0.833333333333333,41,200,40,19
10,67,2,0.5,0.483208615442374,0.733333333333333,0.816666666666667,44,196,44,16
10,67,2,0.7,0.501602054730013,0.783333333333333,0.8,47,192,48,13
10,67,2,0.9,0.502086678645214,0.833333333333333,0.766666666666667,50,184,56,10
10,67,2,1.1,0.492827110374054,0.866666666666667,0.733333333333333,52,176,64,8
10,67,2,1.3,0.477223630696359,0.883333333333333,0.704166666666667,53,169,71,7
10,67,2,1.5,0.442853294122623,0.883333333333333,0.666666666666667,53,160,80,7
10,67,2,1.7,0.41058435803751,0.883333333333333,0.629166666666667,53,151,89,7
10,67,2,1.9,0.393412023607869,0.883333333333333,0.608333333333333,53,146,94,7
10,67,2,2.1,0.380304365287082,0.9,0.575,54,138,102,6
10,67,2,2.3,0.385264495849365,0.933333333333333,0.545833333333333,56,131,109,4
10,67,2,2.5,0.377801010303416,0.95,0.516666666666667,57,124,116,3
10,67,2,2.7,0.360127817416842,0.95,0.491666666666667,57,118,122,3
10,67,2,2.9,0.34853925644451,0.95,0.475,57,114,126,3
10,67,3,0.1,0.514495755427526,0.8,0.8,48,192,48,12
10,67,3,0.3,0.507861476945399,0.816666666666667,0.783333333333333,49,188,52,11
10,67,3,0.5,0.497548588421571,0.833333333333333,0.7625,50,183,57,10
10,67,3,0.7,0.475715057930511,0.85,0.729166666666667,51,175,65,9
10,67,3,0.9,0.49018946774254,0.9,0.704166666666667,54,169,71,6
10,67,3,1.1,0.455934514206131,0.9,0.666666666666667,54,160,80,6
10,67,3,1.3,0.427274779095945,0.9,0.633333333333333,54,152,88,6
10,67,3,1.5,0.42341802540847,0.933333333333333,0.595833333333333,56,143,97,4
10,67,3,1.7,0.411318331376378,0.95,0.5625,57,135,105,3
10,67,3,1.9,0.392838694962373,0.95,0.5375,57,129,111,3
10,67,3,2.1,0.368917558481582,0.95,0.504166666666667,57,121,119,3
10,67,3,2.3,0.34279558509553,0.95,0.466666666666667,57,112,128,3
10,67,3,2.5,0.343064094252463,0.966666666666667,0.445833333333333,58,107,133,2
10,67,3,2.7,0.326438390162039,0.966666666666667,0.420833333333333,58,101,139,2
10,67,3,2.9,0.301822598242329,0.966666666666667,0.383333333333333,58,92,148,2
10,67,4,0.1,0.37490813101604,0.616666666666667,0.804166666666667,37,193,47,23
10,67,4,0.3,0.397571978283705,0.716666666666667,0.754166666666667,43,181,59,17
10,67,4,0.5,0.398308060991326,0.766666666666667,0.716666666666667,46,172,68,14
10,67,4,0.7,0.434300228132795,0.833333333333333,0.7,50,168,72,10
10,67,4,0.9,0.420420496247695,0.85,0.670833333333333,51,161,79,9
10,67,4,1.1,0.402015126103685,0.85,0.65,51,156,84,9
10,67,4,1.3,0.380135183213099,0.866666666666667,0.608333333333333,52,146,94,8
10,67,4,1.5,0.370131625760122,0.883333333333333,0.579166666666667,53,139,101,7
10,67,4,1.7,0.376050716545177,0.933333333333333,0.533333333333333,56,128,112,4
10,67,4,1.9,0.351994734698024,0.933333333333333,0.5,56,120,120,4
10,67,4,2.1,0.34279558509553,0.95,0.466666666666667,57,112,128,3
10,67,4,2.3,0.345857231933037,0.966666666666667,0.45,58,108,132,2
10,67,4,2.5,0.329194941124809,0.966666666666667,0.425,58,102,138,2
10,67,4,2.7,0.301822598242329,0.966666666666667,0.383333333333333,58,92,148,2
10,67,4,2.9,0.309142011167656,0.983333333333333,0.370833333333333,59,89,151,1
10,67,5,0.1,0.415603717286044,0.6,0.845833333333333,36,203,37,24
10,67,5,0.3,0.45452829299173,0.683333333333333,0.825,41,198,42,19
10,67,5,0.5,0.477974875798582,0.733333333333333,0.8125,44,195,45,16
10,67,5,0.7,0.519516413827514,0.8,0.804166666666667,48,193,47,12
10,67,5,0.9,0.517496282238588,0.816666666666667,0.791666666666667,49,190,50,11
10,67,5,1.1,0.503122061013893,0.816666666666667,0.779166666666667,49,187,53,11
10,67,5,1.3,0.510416666666667,0.85,0.7625,51,183,57,9
10,67,5,1.5,0.514356084078771,0.866666666666667,0.754166666666667,52,181,59,8
10,67,5,1.7,0.505723626997917,0.883333333333333,0.733333333333333,53,176,64,7
10,67,5,1.9,0.465504816266709,0.883333333333333,0.691666666666667,53,166,74,7
10,67,5,2.1,0.439172215889729,0.883333333333333,0.6625,53,159,81,7
10,67,5,2.3,0.430776096089213,0.9,0.6375,54,153,87,6
10,67,5,2.5,0.440088026408803,0.95,0.6,57,144,96,3
10,67,5,2.7,0.437454795253387,0.966666666666667,0.579166666666667,58,139,101,2
10,67,5,2.9,0.438581109404569,0.983333333333333,0.5625,59,135,105,1
10,67,6,0.1,0.331956864961941,0.666666666666667,0.729166666666667,40,175,65,20
10,67,6,0.3,0.328564370336385,0.683333333333333,0.7125,41,171,69,19
10,67,6,0.5,0.347442000546892,0.766666666666667,0.6625,46,159,81,14
10,67,6,0.7,0.354287256626923,0.816666666666667,0.625,49,150,90,11
10,67,6,0.9,0.336786434250201,0.85,0.570833333333333,51,137,103,9
10,67,6,1.1,0.312010275404575,0.866666666666667,0.520833333333333,52,125,115,8
10,67,6,1.3,0.275192011422304,0.866666666666667,0.470833333333333,52,113,127,8
10,67,6,1.5,0.267910778380846,0.9,0.420833333333333,54,101,139,6
10,67,6,1.7,0.263066906289183,0.933333333333333,0.370833333333333,56,89,151,4
10,67,6,1.9,0.26168103013039,0.95,0.345833333333333,57,83,157,3
10,67,6,2.1,0.23094010767585,0.95,0.3,57,72,168,3
10,67,6,2.3,0.213861805434791,0.95,0.275,57,66,174,3
10,67,6,2.5,0.216870972128604,0.966666666666667,0.254166666666667,58,61,179,2
10,67,6,2.7,0.190879042308296,0.966666666666667,0.216666666666667,58,52,188,2
10,67,6,2.9,0.169653388727684,0.966666666666667,0.1875,58,45,195,2
10,67,7,0.1,0.34279558509553,0.716666666666667,0.7,43,168,72,17
10,67,7,0.3,0.424177510704558,0.85,0.675,51,162,78,9
10,67,7,0.5,0.402015126103685,0.85,0.65,51,156,84,9
10,67,7,0.7,0.38667525954569,0.883333333333333,0.6,53,144,96,7
10,67,7,0.9,0.370667803611648,0.9,0.5625,54,135,105,6
10,67,7,1.1,0.360934893772014,0.933333333333333,0.5125,56,123,117,4
10,67,7,1.3,0.334363900161816,0.933333333333333,0.475,56,114,126,4
10,67,7,1.5,0.311271508739734,0.933333333333333,0.441666666666667,56,106,134,4
10,67,7,1.7,0.271539426475639,0.933333333333333,0.383333333333333,56,92,148,4
10,67,7,1.9,0.260241719384808,0.933333333333333,0.366666666666667,56,88,152,4
10,67,7,2.1,0.240411184472975,0.933333333333333,0.3375,56,81,159,4
10,67,7,2.3,0.236572304105096,0.95,0.308333333333333,57,74,166,3
10,67,7,2.5,0.233759373178643,0.95,0.304166666666667,57,73,167,3
10,67,7,2.7,0.219589270435761,0.95,0.283333333333333,57,68,172,3
10,67,7,2.9,0.193456594750835,0.95,0.245833333333333,57,59,181,3
10,67,8,0.1,0.359953708222362,0.616666666666667,0.791666666666667,37,190,50,23
10,67,8,0.3,0.37620154104751,0.666666666666667,0.770833333333333,40,185,55,20
10,67,8,0.5,0.366899692852671,0.7,0.7375,42,177,63,18
10,67,8,0.7,0.41223285916236,0.8,0.704166666666667,48,169,71,12
10,67,8,0.9,0.398040350141099,0.816666666666667,0.675,49,162,78,11
10,67,8,1.1,0.404422245772242,0.866666666666667,0.6375,52,153,87,8
10,67,8,1.3,0.396807778968059,0.883333333333333,0.6125,53,147,93,7
10,67,8,1.5,0.370131625760122,0.883333333333333,0.579166666666667,53,139,101,7
10,67,8,1.7,0.370667803611648,0.9,0.5625,54,135,105,6
10,67,8,1.9,0.376050716545177,0.933333333333333,0.533333333333333,56,128,112,4
10,67,8,2.1,0.369970036697972,0.933333333333333,0.525,56,126,114,4
10,67,8,2.3,0.363047846954759,0.95,0.495833333333333,57,119,121,3
10,67,8,2.5,0.354315845891615,0.95,0.483333333333333,57,116,124,3
10,67,8,2.7,0.354280463372674,0.966666666666667,0.4625,58,111,129,2
10,67,8,2.9,0.337497993544702,0.966666666666667,0.4375,58,105,135,2
10,67,9,0.1,0.47280542884465,0.733333333333333,0.808333333333333,44,194,46,16
10,67,9,0.3,0.472593318824191,0.783333333333333,0.775,47,186,54,13
10,67,9,0.5,0.46698186461052,0.833333333333333,0.733333333333333,50,176,64,10
10,67,9,0.7,0.49018946774254,0.9,0.704166666666667,54,169,71,6
10,67,9,0.9,0.448624951604673,0.9,0.658333333333333,54,158,82,6
10,67,9,1.1,0.43015297047798,0.916666666666667,0.620833333333333,55,149,91,5
10,67,9,1.3,0.413664397329808,0.933333333333333,0.583333333333333,56,140,100,4
10,67,9,1.5,0.414449243601306,0.95,0.566666666666667,57,136,104,3
10,67,9,1.7,0.38678685654788,0.95,0.529166666666667,57,127,113,3
10,67,9,1.9,0.368917558481582,0.95,0.504166666666667,57,121,119,3
10,67,9,2.1,0.34279558509553,0.95,0.466666666666667,57,112,128,3
10,67,9,2.3,0.328564370336385,0.95,0.445833333333333,57,107,133,3
10,67,9,2.5,0.308887939078058,0.95,0.416666666666667,57,100,140,3
10,67,9,2.7,0.292179654120294,0.95,0.391666666666667,57,94,146,3
10,67,9,2.9,0.288244390748763,0.966666666666667,0.3625,58,87,153,2
10,67,10,0.1,0.318198051533946,0.633333333333333,0.741666666666667,38,178,62,22
10,67,10,0.3,0.332668212608449,0.683333333333333,0.716666666666667,41,172,68,19
10,67,10,0.5,0.328702153742241,0.733333333333333,0.670833333333333,44,161,79,16
10,67,10,0.7,0.311170821996758,0.766666666666667,0.620833333333333,46,149,91,14
10,67,10,0.9,0.300166805684282,0.783333333333333,0.591666666666667,47,142,98,13
10,67,10,1.1,0.290058017405802,0.8,0.5625,48,135,105,12
10,67,10,1.3,0.27755627239219,0.816666666666667,0.529166666666667,49,127,113,11
10,67,10,1.5,0.276604311115001,0.85,0.491666666666667,51,118,122,9
10,67,10,1.7,0.289175872411903,0.883333333333333,0.470833333333333,53,113,127,7
10,67,10,1.9,0.273758216625702,0.9,0.429166666666667,54,103,137,6
10,67,10,2.1,0.27666383349851,0.916666666666667,0.4125,55,99,141,5
10,67,10,2.3,0.26229263620312,0.916666666666667,0.391666666666667,55,94,146,5
10,67,10,2.5,0.227725815405984,0.916666666666667,0.341666666666667,55,82,158,5
10,67,10,2.7,0.213161951233256,0.916666666666667,0.320833333333333,55,77,163,5
10,67,10,2.9,0.192450089729875,0.916666666666667,0.291666666666667,55,70,170,5
11,73,1,0.1,0.450250514264538,0.65,0.841666666666667,39,202,38,21
11,73,1,0.3,0.483208615442374,0.733333333333333,0.816666666666667,44,196,44,16
11,73,1,0.5,0.483687695632513,0.766666666666667,0.795833333333333,46,191,49,14
11,73,1,0.7,0.463331908617087,0.783333333333333,0.766666666666667,47,184,56,13
11,73,1,0.9,0.462754980839643,0.8,0.754166666666667,48,181,59,12
11,73,1,1.1,0.47155311166022,0.85,0.725,51,174,66,9
11,73,1,1.3,0.46822993345567,0.866666666666667,0.708333333333333,52,170,70,8
11,73,1,1.5,0.470870955797419,0.9,0.683333333333333,54,164,76,6
11,73,1,1.7,0.471268897966001,0.933333333333333,0.654166666666667,56,157,83,4
11,73,1,1.9,0.463498161987901,0.95,0.629166666666667,57,151,89,3
11,73,1,2.1,0.456707264672407,0.95,0.620833333333333,57,149,91,3
11,73,1,2.3,0.431160906649745,0.966666666666667,0.570833333333333,58,137,103,2
11,73,1,2.5,0.400612093443194,0.966666666666667,0.529166666666667,58,127,113,2
11,73,1,2.7,0.388384677227348,0.983333333333333,0.491666666666667,59,118,122,1
11,73,1,2.9,0.37229160112663,1,0.445833333333333,60,107,133,0
11,73,2,0.1,0.463560098464012,0.666666666666667,0.841666666666667,40,202,38,20
11,73,2,0.3,0.454620604658317,0.716666666666667,0.804166666666667,43,193,47,17
11,73,2,0.5,0.465773336535012,0.75,0.791666666666667,45,190,50,15
11,73,2,0.7,0.480882359701068,0.8,0.770833333333333,48,185,55,12
11,73,2,0.9,0.492740325237849,0.85,0.745833333333333,51,179,61,9
11,73,2,1.1,0.47155311166022,0.85,0.725,51,174,66,9
11,73,2,1.3,0.454054135947511,0.883333333333333,0.679166666666667,53,163,77,7
11,73,2,1.5,0.445007734683535,0.9,0.654166666666667,54,157,83,6
11,73,2,1.7,0.43015297047798,0.916666666666667,0.620833333333333,55,149,91,5
11,73,2,1.9,0.406748024408136,0.916666666666667,0.591666666666667,55,142,98,5
11,73,2,2.1,0.391472969608824,0.933333333333333,0.554166666666667,56,133,107,4
11,73,2,2.3,0.377801010303416,0.95,0.516666666666667,57,124,116,3
11,73,2,2.5,0.35721725415588,0.95,0.4875,57,117,123,3
11,73,2,2.7,0.34279558509553,0.95,0.466666666666667,57,112,128,3
11,73,2,2.9,0.331956864961941,0.966666666666667,0.429166666666667,58,103,137,2
11,73,3,0.1,0.525923706140778,0.65,0.891666666666667,39,214,26,21
11,73,3,0.3,0.49951243284357,0.666666666666667,0.866666666666667,40,208,32,20
11,73,3,0.5,0.481125224324688,0.666666666666667,0.854166666666667,40,205,35,20
11,73,3,0.7,0.497377886210931,0.716666666666667,0.8375,43,201,39,17
11,73,3,0.9,0.503954079749366,0.766666666666667,0.8125,46,195,45,14
11,73,3,1.1,0.491716978885373,0.783333333333333,0.791666666666667,47,190,50,13
11,73,3,1.3,0.505932906675349,0.85,0.758333333333333,51,182,58,9
11,73,3,1.5,0.488425493193395,0.85,0.741666666666667,51,178,62,9
11,73,3,1.7,0.463336106165958,0.85,0.716666666666667,51,172,68,9
11,73,3,1.9,0.455255920130725,0.85,0.708333333333333,51,170,70,9
11,73,3,2.1,0.452496168314152,0.866666666666667,0.691666666666667,52,166,74,8
11,73,3,2.3,0.433491628112592,0.866666666666667,0.670833333333333,52,161,79,8
11,73,3,2.5,0.447472843999647,0.916666666666667,0.641666666666667,55,154,86,5
11,73,3,2.7,0.446825566232941,0.933333333333333,0.625,56,150,90,4
11,73,3,2.9,0.446676592923469,0.95,0.608333333333333,57,146,94,3
11,73,4,0.1,0.538614917391325,0.683333333333333,0.883333333333333,41,212,28,19
11,73,4,0.3,0.538536841659474,0.7,0.875,42,210,30,18
11,73,4,0.5,0.558551921919753,0.75,0.8625,45,207,33,15
11,73,4,0.7,0.560506215677446,0.783333333333333,0.845833333333333,47,203,37,13
11,73,4,0.9,0.587434771019631,0.833333333333333,0.8375,50,201,39,10
11,73,4,1.1,0.583363094478902,0.883333333333333,0.804166666666667,53,193,47,7
11,73,4,1.3,0.55337157109286,0.9,0.766666666666667,54,184,56,6
11,73,4,1.5,0.535664615565359,0.916666666666667,0.7375,55,177,63,5
11,73,4,1.7,0.50833971520943,0.933333333333333,0.695833333333333,56,167,73,4
11,73,4,1.9,0.493177532091103,0.933333333333333,0.679166666666667,56,163,77,4
11,73,4,2.1,0.457164739592838,0.933333333333333,0.6375,56,153,87,4
11,73,4,2.3,0.433333333333333,0.933333333333333,0.608333333333333,56,146,94,4
11,73,4,2.5,0.410447174962913,0.933333333333333,0.579166666666667,56,139,101,4
11,73,4,2.7,0.392838694962373,0.95,0.5375,57,129,111,3
11,73,4,2.9,0.377114978615749,0.966666666666667,0.495833333333333,58,119,121,2
11,73,5,0.1,0.322675633796357,0.6,0.770833333333333,36,185,55,24
11,73,5,0.3,0.326940791068996,0.633333333333333,0.75,38,180,60,22
11,73,5,0.5,0.316444685730932,0.683333333333333,0.7,41,168,72,19
11,73,5,0.7,0.325655805840754,0.7,0.695833333333333,42,167,73,18
11,73,5,0.9,0.323196563283892,0.716666666666667,0.679166666666667,43,163,77,17
11,73,5,1.1,0.27510583422769,0.716666666666667,0.625,43,150,90,17
11,73,5,1.3,0.330595608626605,0.8,0.6125,48,147,93,12
11,73,5,1.5,0.34667437062717,0.85,0.583333333333333,51,140,100,9
11,73,5,1.7,0.388361898404046,0.933333333333333,0.55,56,132,108,4
11,73,5,1.9,0.382180401613963,0.933333333333333,0.541666666666667,56,130,110,4
11,73,5,2.1,0.388770957175118,0.966666666666667,0.5125,58,123,117,2
11,73,5,2.3,0.374227599591874,0.966666666666667,0.491666666666667,58,118,122,2
11,73,5,2.5,0.374272229724608,0.983333333333333,0.470833333333333,59,113,127,1
11,73,5,2.7,0.365917751089596,0.983333333333333,0.458333333333333,59,110,130,1
11,73,5,2.9,0.346705310333575,0.983333333333333,0.429166666666667,59,103,137,1
11,73,6,0.1,0.486399888214792,0.583333333333333,0.9,35,216,24,25
11,73,6,0.3,0.492569003899438,0.65,0.870833333333333,39,209,31,21
11,73,6,0.5,0.475182988100849,0.666666666666667,0.85,40,204,36,20
11,73,6,0.7,0.488508604016063,0.733333333333333,0.820833333333333,44,197,43,16
11,73,6,0.9,0.514495755427526,0.8,0.8,48,192,48,12
11,73,6,1.1,0.506671004415594,0.833333333333333,0.770833333333333,50,185,55,10
11,73,6,1.3,0.471227412447149,0.833333333333333,0.7375,50,177,63,10
11,73,6,1.5,0.46742708492009,0.85,0.720833333333333,51,173,67,9
11,73,6,1.7,0.442853294122623,0.883333333333333,0.666666666666667,53,160,80,7
11,73,6,1.9,0.437845571869121,0.9,0.645833333333333,54,155,85,6
11,73,6,2.1,0.410036449304424,0.916666666666667,0.595833333333333,55,143,97,5
11,73,6,2.3,0.414449243601306,0.95,0.566666666666667,57,136,104,3
11,73,6,2.5,0.395884005352042,0.95,0.541666666666667,57,130,110,3
11,73,6,2.7,0.380012699616196,0.966666666666667,0.5,58,120,120,2
11,73,6,2.9,0.354280463372674,0.966666666666667,0.4625,58,111,129,2
11,73,7,0.1,0.483208615442374,0.733333333333333,0.816666666666667,44,196,44,16
11,73,7,0.3,0.47069952821125,0.75,0.795833333333333,45,191,49,15
11,73,7,0.5,0.453953498455279,0.8,0.745833333333333,48,179,61,12
11,73,7,0.7,0.442268981335852,0.833333333333333,0.708333333333333,50,170,70,10
11,73,7,0.9,0.431772583203904,0.85,0.683333333333333,51,164,76,9
11,73,7,1.1,0.428278120597688,0.883333333333333,0.65,53,156,84,7
11,73,7,1.3,0.414079348178778,0.883333333333333,0.633333333333333,53,152,88,7
11,73,7,1.5,0.433333333333333,0.933333333333333,0.608333333333333,56,146,94,4
11,73,7,1.7,0.411318331376378,0.95,0.5625,57,135,105,3
11,73,7,1.9,0.392838694962373,0.95,0.5375,57,129,111,3
11,73,7,2.1,0.374828915543812,0.95,0.5125,57,123,117,3
11,73,7,2.3,0.374227599591874,0.966666666666667,0.491666666666667,58,118,122,2
11,73,7,2.5,0.348657479811785,0.966666666666667,0.454166666666667,58,109,131,2
11,73,7,2.7,0.33587572106361,0.983333333333333,0.4125,59,99,141,1
11,73,7,2.9,0.317121750047234,0.983333333333333,0.383333333333333,59,92,148,1
11,73,8,0.1,0.385591218807433,0.666666666666667,0.779166666666667,40,187,53,20
11,73,8,0.3,0.40625,0.75,0.7375,45,177,63,15
11,73,8,0.5,0.42437890059988,0.8,0.716666666666667,48,172,68,12
11,73,8,0.7,0.396475793689094,0.8,0.6875,48,165,75,12
11,73,8,0.9,0.433491628112592,0.866666666666667,0.670833333333333,52,161,79,8
11,73,8,1.1,0.404422245772242,0.866666666666667,0.6375,52,153,87,8
11,73,8,1.3,0.410082024608203,0.9,0.6125,54,147,93,6
11,73,8,1.5,0.383546473929915,0.9,0.579166666666667,54,139,101,6
11,73,8,1.7,0.35801374143713,0.9,0.545833333333333,54,131,109,6
11,73,8,1.9,0.360934893772014,0.933333333333333,0.5125,56,123,117,4
11,73,8,2.1,0.337281430223749,0.933333333333333,0.479166666666667,56,115,125,4
11,73,8,2.3,0.322766877010212,0.933333333333333,0.458333333333333,56,110,130,4
11,73,8,2.5,0.317290887199406,0.95,0.429166666666667,57,103,137,3
11,73,8,2.7,0.307268298380328,0.966666666666667,0.391666666666667,58,94,146,2
11,73,8,2.9,0.285532363670494,0.966666666666667,0.358333333333333,58,86,154,2
11,73,9,0.1,0.344709312322746,0.65,0.754166666666667,39,181,59,21
11,73,9,0.3,0.340478751029223,0.666666666666667,0.7375,40,177,63,20
11,73,9,0.5,0.355930690825706,0.733333333333333,0.7,44,168,72,16
11,73,9,0.7,0.360565835398997,0.783333333333333,0.6625,47,159,81,13
11,73,9,0.9,0.381666003603976,0.833333333333333,0.641666666666667,50,154,86,10
11,73,9,1.1,0.416898341228169,0.9,0.620833333333333,54,149,91,6
11,73,9,1.3,0.400222407579042,0.916666666666667,0.583333333333333,55,140,100,5
11,73,9,1.5,0.409626673379568,0.966666666666667,0.541666666666667,58,130,110,2
11,73,9,1.7,0.385840382265141,0.966666666666667,0.508333333333333,58,122,118,2
11,73,9,1.9,0.374272229724608,0.983333333333333,0.470833333333333,59,113,127,1
11,73,9,2.1,0.375,1,0.45,60,108,132,0
11,73,9,2.3,0.356208397024204,1,0.420833333333333,60,101,139,0
11,73,9,2.5,0.342997170285018,1,0.4,60,96,144,0
11,73,9,2.7,0.324731022489113,1,0.370833333333333,60,89,151,0
11,73,9,2.9,0.30922826490421,1,0.345833333333333,60,83,157,0
11,73,10,0.1,0.427967006319674,0.65,0.825,39,198,42,21
11,73,10,0.3,0.403609500060117,0.683333333333333,0.783333333333333,41,188,52,19
11,73,10,0.5,0.450347019648799,0.766666666666667,0.766666666666667,46,184,56,14
11,73,10,0.7,0.441490953043424,0.816666666666667,0.720833333333333,49,173,67,11
11,73,10,0.9,0.418727797544439,0.833333333333333,0.683333333333333,50,164,76,10
11,73,10,1.1,0.409303802143636,0.85,0.658333333333333,51,158,82,9
11,73,10,1.3,0.400222407579042,0.883333333333333,0.616666666666667,53,148,92,7
11,73,10,1.5,0.377077485941538,0.9,0.570833333333333,54,137,103,6
11,73,10,1.7,0.38980642527954,0.95,0.533333333333333,57,128,112,3
11,73,10,1.9,0.354315845891615,0.95,0.483333333333333,57,116,124,3
11,73,10,2.1,0.328564370336385,0.95,0.445833333333333,57,107,133,3
11,73,10,2.3,0.317290887199406,0.95,0.429166666666667,57,103,137,3
11,73,10,2.5,0.312725974065997,0.966666666666667,0.4,58,96,144,2
11,73,10,2.7,0.303835720316038,0.983333333333333,0.3625,59,87,153,1
11,73,10,2.9,0.282666885541653,0.983333333333333,0.329166666666667,59,79,161,1
12,76,1,0.1,0.398643666804222,0.633333333333333,0.8125,38,195,45,22
12,76,1,0.3,0.428883905142939,0.733333333333333,0.770833333333333,44,185,55,16
12,76,1,0.5,0.410794456411904,0.766666666666667,0.729166666666667,46,175,65,14
12,76,1,0.7,0.41223285916236,0.8,0.704166666666667,48,169,71,12
12,76,1,0.9,0.407345069803583,0.833333333333333,0.670833333333333,50,161,79,10
12,76,1,1.1,0.39125402252875,0.85,0.6375,51,153,87,9
12,76,1,1.3,0.433574274877296,0.916666666666667,0.625,55,150,90,5
12,76,1,1.5,0.453343407743222,0.95,0.616666666666667,57,148,92,3
12,76,1,1.7,0.423936694884258,0.95,0.579166666666667,57,139,101,3
12,76,1,1.9,0.415704998246766,0.966666666666667,0.55,58,132,108,2
12,76,1,2.1,0.391713100928669,0.966666666666667,0.516666666666667,58,124,116,2
12,76,1,2.3,0.377114978615749,0.966666666666667,0.495833333333333,58,119,121,2
12,76,1,2.5,0.360390563659153,0.983333333333333,0.45,59,108,132,1
12,76,1,2.7,0.333182537879639,0.983333333333333,0.408333333333333,59,98,142,1
12,76,1,2.9,0.319788229090086,0.983333333333333,0.3875,59,93,147,1
12,76,2,0.1,0.396914798046691,0.533333333333333,0.870833333333333,32,209,31,28
12,76,2,0.3,0.413757963275528,0.583333333333333,0.854166666666667,35,205,35,25
12,76,2,0.5,0.421463615211762,0.6,0.85,36,204,36,24
12,76,2,0.7,0.430587556414462,0.666666666666667,0.816666666666667,40,196,44,20
12,76,2,0.9,0.449570545963463,0.716666666666667,0.8,43,192,48,17
12,76,2,1.1,0.456085313748752,0.75,0.783333333333333,45,188,52,15
12,76,2,1.3,0.46793870010383,0.783333333333333,0.770833333333333,47,185,55,13
12,76,2,1.5,0.475694444444444,0.816666666666667,0.754166666666667,49,181,59,11
12,76,2,1.7,0.46698186461052,0.833333333333333,0.733333333333333,50,176,64,10
12,76,2,1.9,0.456383297553399,0.866666666666667,0.695833333333333,52,167,73,8
12,76,2,2.1,0.437237316097603,0.866666666666667,0.675,52,162,78,8
12,76,2,2.3,0.422409917573327,0.866666666666667,0.658333333333333,52,158,82,8
12,76,2,2.5,0.41348037472302,0.9,0.616666666666667,54,148,92,6
12,76,2,2.7,0.406748024408136,0.916666666666667,0.591666666666667,55,142,98,5
12,76,2,2.9,0.421841372404394,0.966666666666667,0.558333333333333,58,134,106,2
12,76,3,0.1,0.381881307912987,0.65,0.7875,39,189,51,21
12,76,3,0.3,0.388730196434615,0.716666666666667,0.745833333333333,43,179,61,17
12,76,3,0.5,0.391237945027869,0.783333333333333,0.695833333333333,47,167,73,13
12,76,3,0.7,0.392529056154143,0.833333333333333,0.654166666666667,50,157,83,10
12,76,3,0.9,0.39125402252875,0.85,0.6375,51,153,87,9
12,76,3,1.1,0.396675481775319,0.9,0.595833333333333,54,143,97,6
12,76,3,1.3,0.411318331376378,0.95,0.5625,57,135,105,3
12,76,3,1.5,0.417444534344168,0.983333333333333,0.533333333333333,59,128,112,1
12,76,3,1.7,0.396977552277633,0.983333333333333,0.504166666666667,59,121,119,1
12,76,3,1.9,0.363150093529689,0.983333333333333,0.454166666666667,59,109,131,1
12,76,3,2.1,0.349428278907306,0.983333333333333,0.433333333333333,59,104,136,1
12,76,3,2.3,0.319788229090086,0.983333333333333,0.3875,59,93,147,1
12,76,3,2.5,0.295890688582124,0.983333333333333,0.35,59,84,156,1
12,76,3,2.7,0.282666885541653,0.983333333333333,0.329166666666667,59,79,161,1
12,76,3,2.9,0.264121988555617,0.983333333333333,0.3,59,72,168,1
12,76,4,0.1,0.272996884912767,0.516666666666667,0.7875,31,189,51,29
12,76,4,0.3,0.240811769486308,0.516666666666667,0.758333333333333,31,182,58,29
12,76,4,0.5,0.248647242764483,0.583333333333333,0.7125,35,171,69,25
12,76,4,0.7,0.260960453752938,0.633333333333333,0.683333333333333,38,164,76,22
12,76,4,0.9,0.283654314465588,0.7,0.65,42,156,84,18
12,76,4,1.1,0.284760714323443,0.733333333333333,0.620833333333333,44,149,91,16
12,76,4,1.3,0.243598729856038,0.766666666666667,0.5375,46,129,111,14
12,76,4,1.5,0.244911291446602,0.8,0.504166666666667,48,121,119,12
12,76,4,1.7,0.246027710431419,0.85,0.45,51,108,132,9
12,76,4,1.9,0.264990191507196,0.9,0.416666666666667,54,100,140,6
12,76,4,2.1,0.238732156415362,0.9,0.379166666666667,54,91,149,6
12,76,4,2.3,0.213161951233256,0.916666666666667,0.320833333333333,55,77,163,5
12,76,4,2.5,0.195438164460833,0.916666666666667,0.295833333333333,55,71,169,5
12,76,4,2.7,0.186439050745141,0.916666666666667,0.283333333333333,55,68,172,5
12,76,4,2.9,0.194059786413051,0.933333333333333,0.270833333333333,56,65,175,4
12,76,5,0.1,0.344351289922346,0.566666666666667,0.8125,34,195,45,26
12,76,5,0.3,0.400066132099319,0.666666666666667,0.791666666666667,40,190,50,20
12,76,5,0.5,0.41116142972381,0.716666666666667,0.766666666666667,43,184,56,17
12,76,5,0.7,0.384371106798037,0.716666666666667,0.741666666666667,43,178,62,17
12,76,5,0.9,0.385237008715917,0.75,0.716666666666667,45,172,68,15
12,76,5,1.1,0.349475964825609,0.75,0.679166666666667,45,163,77,15
12,76,5,1.3,0.305073829358514,0.75,0.629166666666667,45,151,89,15
12,76,5,1.5,0.34729235653704,0.816666666666667,0.616666666666667,49,148,92,11
12,76,5,1.7,0.390078023407803,0.9,0.5875,54,141,99,6
12,76,5,1.9,0.371622161403871,0.916666666666667,0.545833333333333,55,131,109,5
12,76,5,2.1,0.374828915543812,0.95,0.5125,57,123,117,3
12,76,5,2.3,0.368482665484451,0.966666666666667,0.483333333333333,58,116,124,2
12,76,5,2.5,0.348657479811785,0.966666666666667,0.454166666666667,58,109,131,2
12,76,5,2.7,0.346705310333575,0.983333333333333,0.429166666666667,59,103,137,1
12,76,5,2.9,0.325132734332673,0.983333333333333,0.395833333333333,59,95,145,1
12,76,6,0.1,0.310393718462461,0.55,0.795833333333333,33,191,49,27
12,76,6,0.3,0.331536375049381,0.616666666666667,0.766666666666667,37,184,56,23
12,76,6,0.5,0.340478751029223,0.666666666666667,0.7375,40,177,63,20
12,76,6,0.7,0.377075143605084,0.75,0.708333333333333,45,170,70,15
12,76,6,0.9,0.381174233609697,0.8,0.670833333333333,48,161,79,12
12,76,6,1.1,0.368513865595044,0.816666666666667,0.641666666666667,49,154,86,11
12,76,6,1.3,0.373740517039401,0.85,0.616666666666667,51,148,92,9
12,76,6,1.5,0.363341407676553,0.866666666666667,0.5875,52,141,99,8
12,76,6,1.7,0.388361898404046,0.933333333333333,0.55,56,132,108,4
12,76,6,1.9,0.363047846954759,0.95,0.495833333333333,57,119,121,3
12,76,6,2.1,0.351465127092732,0.966666666666667,0.458333333333333,58,110,130,2
12,76,6,2.3,0.334724452430142,0.966666666666667,0.433333333333333,58,104,136,2
12,76,6,2.5,0.315460062460509,0.966666666666667,0.404166666666667,58,97,143,2
12,76,6,2.7,0.288244390748763,0.966666666666667,0.3625,58,87,153,2
12,76,6,2.9,0.28531133754645,0.983333333333333,0.333333333333333,59,80,160,1
12,76,7,0.1,0.329383905653642,0.516666666666667,0.833333333333333,31,200,40,29
12,76,7,0.3,0.369863360727655,0.616666666666667,0.8,37,192,48,23
12,76,7,0.5,0.344709312322746,0.65,0.754166666666667,39,181,59,21
12,76,7,0.7,0.34175337130066,0.7,0.7125,42,171,69,18
12,76,7,0.9,0.361129612158762,0.75,0.691666666666667,45,166,74,15
12,76,7,1.1,0.379408312228617,0.816666666666667,0.654166666666667,49,157,83,11
12,76,7,1.3,0.38418803524911,0.85,0.629166666666667,51,151,89,9
12,76,7,1.5,0.360032004267299,0.866666666666667,0.583333333333333,52,140,100,8
12,76,7,1.7,0.354882424403697,0.9,0.541666666666667,54,130,110,6
12,76,7,1.9,0.363935609561605,0.933333333333333,0.516666666666667,56,124,116,4
12,76,7,2.1,0.354315845891615,0.95,0.483333333333333,57,116,124,3
12,76,7,2.3,0.352158017660879,0.983333333333333,0.4375,59,105,135,1
12,76,7,2.5,0.343988841246019,0.983333333333333,0.425,59,102,138,1
12,76,7,2.7,0.325132734332673,0.983333333333333,0.395833333333333,59,95,145,1
12,76,7,2.9,0.301185755859528,0.983333333333333,0.358333333333333,59,86,154,1
12,76,8,0.1,0.486266981812883,0.716666666666667,0.829166666666667,43,199,41,17
12,76,8,0.3,0.478766883522837,0.766666666666667,0.791666666666667,46,190,50,14
12,76,8,0.5,0.454256762579498,0.783333333333333,0.758333333333333,47,182,58,13
12,76,8,0.7,0.458282959836601,0.816666666666667,0.7375,49,177,63,11
12,76,8,0.9,0.46742708492009,0.85,0.720833333333333,51,173,67,9
12,76,8,1.1,0.441009951605532,0.866666666666667,0.679166666666667,52,163,77,8
12,76,8,1.3,0.424694537274797,0.883333333333333,0.645833333333333,53,155,85,7
12,76,8,1.5,0.396807778968059,0.883333333333333,0.6125,53,147,93,7
12,76,8,1.7,0.383546473929915,0.9,0.579166666666667,54,139,101,6
12,76,8,1.9,0.374743355522977,0.916666666666667,0.55,55,132,108,5
12,76,8,2.1,0.338061701891407,0.916666666666667,0.5,55,120,120,5
12,76,8,2.3,0.337281430223749,0.933333333333333,0.479166666666667,56,115,125,4
12,76,8,2.5,0.314136937256162,0.933333333333333,0.445833333333333,56,107,133,4
12,76,8,2.7,0.291337487994078,0.933333333333333,0.4125,56,99,141,4
12,76,8,2.9,0.274363821551983,0.933333333333333,0.3875,56,93,147,4
12,76,9,0.1,0.382192091012714,0.6,0.820833333333333,36,197,43,24
12,76,9,0.3,0.391691832214651,0.65,0.795833333333333,39,191,49,21
12,76,9,0.5,0.416802635667977,0.7,0.783333333333333,42,188,52,18
12,76,9,0.7,0.432755339193768,0.75,0.7625,45,183,57,15
12,76,9,0.9,0.449614401512949,0.8,0.741666666666667,48,178,62,12
12,76,9,1.1,0.437382596322522,0.816666666666667,0.716666666666667,49,172,68,11
12,76,9,1.3,0.443377983129241,0.85,0.695833333333333,51,167,73,9
12,76,9,1.5,0.450293629202227,0.883333333333333,0.675,53,162,78,7
12,76,9,1.7,0.421133908820682,0.883333333333333,0.641666666666667,53,154,86,7
12,76,9,1.9,0.440479895082151,0.916666666666667,0.633333333333333,55,152,88,5
12,76,9,2.1,0.426752025608536,0.916666666666667,0.616666666666667,55,148,92,5
12,76,9,2.3,0.420149413025004,0.933333333333333,0.591666666666667,56,142,98,4
12,76,9,2.5,0.376050716545177,0.933333333333333,0.533333333333333,56,128,112,4
12,76,9,2.7,0.368917558481582,0.95,0.504166666666667,57,121,119,3
12,76,9,2.9,0.371350261559481,0.966666666666667,0.4875,58,117,123,2
12,76,10,0.1,0.409831928963091,0.6,0.841666666666667,36,202,38,24
12,76,10,0.3,0.504826790279024,0.733333333333333,0.833333333333333,44,200,40,16
12,76,10,0.5,0.540209768939968,0.8,0.820833333333333,48,197,43,12
12,76,10,0.7,0.529737468828903,0.8,0.8125,48,195,45,12
12,76,10,0.9,0.529737468828903,0.8,0.8125,48,195,45,12
12,76,10,1.1,0.517496282238588,0.816666666666667,0.791666666666667,49,190,50,11
12,76,10,1.3,0.51952024387595,0.85,0.770833333333333,51,185,55,9
12,76,10,1.5,0.480370521833825,0.866666666666667,0.720833333333333,52,173,67,8
12,76,10,1.7,0.481192843622661,0.883333333333333,0.708333333333333,53,170,70,7
12,76,10,1.9,0.457842392506507,0.883333333333333,0.683333333333333,53,164,76,7
12,76,10,2.1,0.424694537274797,0.883333333333333,0.645833333333333,53,155,85,7
12,76,10,2.3,0.43015297047798,0.916666666666667,0.620833333333333,55,149,91,5
12,76,10,2.5,0.408202583694671,0.95,0.558333333333333,57,134,106,3
12,76,10,2.7,0.383779652542219,0.95,0.525,57,126,114,3
12,76,10,2.9,0.360127817416842,0.95,0.491666666666667,57,118,122,3
13,86,1,0.1,0.472074984655974,0.583333333333333,0.891666666666667,35,214,26,25
13,86,1,0.3,0.498898034571443,0.633333333333333,0.883333333333333,38,212,28,22
13,86,1,0.5,0.495714494283817,0.7,0.845833333333333,42,203,37,18
13,86,1,0.7,0.493876873767215,0.733333333333333,0.825,44,198,42,16
13,86,1,0.9,0.450347019648799,0.766666666666667,0.766666666666667,46,184,56,14
13,86,1,1.1,0.432644962800923,0.8,0.725,48,174,66,12
13,86,1,1.3,0.421281597732909,0.816666666666667,0.7,49,168,72,11
13,86,1,1.5,0.403603676397787,0.833333333333333,0.666666666666667,50,160,80,10
13,86,1,1.7,0.412984269063007,0.85,0.6625,51,159,81,9
13,86,1,1.9,0.41058435803751,0.883333333333333,0.629166666666667,53,151,89,7
13,86,1,2.1,0.41348037472302,0.9,0.616666666666667,54,148,92,6
13,86,1,2.3,0.403342296595073,0.9,0.604166666666667,54,145,95,6
13,86,1,2.5,0.407246273825823,0.933333333333333,0.575,56,138,102,4
13,86,1,2.7,0.388361898404046,0.933333333333333,0.55,56,132,108,4
13,86,1,2.9,0.38980642527954,0.95,0.533333333333333,57,128,112,3
13,86,2,0.1,0.501315862902339,0.583333333333333,0.908333333333333,35,218,22,25
13,86,2,0.3,0.472211598204615,0.616666666666667,0.875,37,210,30,23
13,86,2,0.5,0.463560098464012,0.666666666666667,0.841666666666667,40,202,38,20
13,86,2,0.7,0.538118685379007,0.783333333333333,0.829166666666667,47,199,41,13
13,86,2,0.9,0.532360191379871,0.816666666666667,0.804166666666667,49,193,47,11
13,86,2,1.1,0.524142418360959,0.85,0.775,51,186,54,9
13,86,2,1.3,0.497404937501691,0.883333333333333,0.725,53,174,66,7
13,86,2,1.5,0.470870955797419,0.9,0.683333333333333,54,164,76,6
13,86,2,1.7,0.454557234917561,0.916666666666667,0.65,55,156,84,5
13,86,2,1.9,0.446825566232941,0.933333333333333,0.625,56,150,90,4
13,86,2,2.1,0.436822008779964,0.95,0.595833333333333,57,143,97,3
13,86,2,2.3,0.421841372404394,0.966666666666667,0.558333333333333,58,134,106,2
13,86,2,2.5,0.400612093443194,0.966666666666667,0.529166666666667,58,127,113,2
13,86,2,2.7,0.41680788567315,1,0.5125,60,123,117,0
13,86,2,2.9,0.377717033065843,1,0.454166666666667,60,109,131,0
13,86,3,0.1,0.394889193814877,0.466666666666667,0.904166666666667,28,217,23,32
13,86,3,0.3,0.380689662898717,0.483333333333333,0.8875,29,213,27,31
13,86,3,0.5,0.435024451738663,0.616666666666667,0.85,37,204,36,23
13,86,3,0.7,0.475448632208737,0.716666666666667,0.820833333333333,43,197,43,17
13,86,3,0.9,0.456085313748752,0.75,0.783333333333333,45,188,52,15
13,86,3,1.1,0.46721954818374,0.8,0.758333333333333,48,182,58,12
13,86,3,1.3,0.475694444444444,0.816666666666667,0.754166666666667,49,181,59,11
13,86,3,1.5,0.44563426062419,0.816666666666667,0.725,49,174,66,11
13,86,3,1.7,0.47628967220784,0.866666666666667,0.716666666666667,52,172,68,8
13,86,3,1.9,0.444810189464183,0.866666666666667,0.683333333333333,52,164,76,8
13,86,3,2.1,0.404422245772242,0.866666666666667,0.6375,52,153,87,8
13,86,3,2.3,0.407110206060776,0.883333333333333,0.625,53,150,90,7
13,86,3,2.5,0.393412023607869,0.883333333333333,0.608333333333333,53,146,94,7
13,86,3,2.7,0.373408022407469,0.883333333333333,0.583333333333333,53,140,100,7
13,86,3,2.9,0.368513865595044,0.916666666666667,0.541666666666667,55,130,110,5
13,86,4,0.1,0.535984271556491,0.616666666666667,0.9125,37,219,21,23
13,86,4,0.3,0.553302871668501,0.666666666666667,0.9,40,216,24,20
13,86,4,0.5,0.55167728436737,0.7,0.883333333333333,42,212,28,18
13,86,4,0.7,0.519615242270663,0.7,0.8625,42,207,33,18
13,86,4,0.9,0.503048937252951,0.716666666666667,0.841666666666667,43,202,38,17
13,86,4,1.1,0.483208615442374,0.733333333333333,0.816666666666667,44,196,44,16
13,86,4,1.3,0.499773806819458,0.8,0.7875,48,189,51,12
13,86,4,1.5,0.51952024387595,0.85,0.770833333333333,51,185,55,9
13,86,4,1.7,0.488425493193395,0.85,0.741666666666667,51,178,62,9
13,86,4,1.9,0.480370521833825,0.866666666666667,0.720833333333333,52,173,67,8
13,86,4,2.1,0.478507931090258,0.9,0.691666666666667,54,166,74,6
13,86,4,2.3,0.454557234917561,0.916666666666667,0.65,55,156,84,5
13,86,4,2.5,0.416666666666667,0.916666666666667,0.604166666666667,55,145,95,5
13,86,4,2.7,0.407246273825823,0.933333333333333,0.575,56,138,102,4
13,86,4,2.9,0.379109259362548,0.933333333333333,0.5375,56,129,111,4
13,86,5,0.1,0.491934955049954,0.533333333333333,0.925,32,222,18,28
13,86,5,0.3,0.513485071029305,0.616666666666667,0.9,37,216,24,23
13,86,5,0.5,0.485658938415093,0.633333333333333,0.875,38,210,30,22
13,86,5,0.7,0.512707389549139,0.683333333333333,0.866666666666667,41,208,32,19
13,86,5,0.9,0.503048937252951,0.716666666666667,0.841666666666667,43,202,38,17
13,86,5,1.1,0.519815328733463,0.766666666666667,0.825,46,198,42,14
13,86,5,1.3,0.47729707730092,0.783333333333333,0.779166666666667,47,187,53,13
13,86,5,1.5,0.471728176524863,0.8,0.7625,48,183,57,12
13,86,5,1.7,0.458282959836601,0.816666666666667,0.7375,49,177,63,11
13,86,5,1.9,0.437382596322522,0.816666666666667,0.716666666666667,49,172,68,11
13,86,5,2.1,0.418727797544439,0.833333333333333,0.683333333333333,50,164,76,10
13,86,5,2.3,0.405647619256925,0.85,0.654166666666667,51,157,83,9
13,86,5,2.5,0.423795050571463,0.9,0.629166666666667,54,151,89,6
13,86,5,2.7,0.410036449304424,0.916666666666667,0.595833333333333,55,143,97,5
13,86,5,2.9,0.374743355522977,0.916666666666667,0.55,55,132,108,5
13,86,6,0.1,0.480073665321731,0.566666666666667,0.904166666666667,34,217,23,26
13,86,6,0.3,0.525923706140778,0.65,0.891666666666667,39,214,26,21
13,86,6,0.5,0.532128124001758,0.7,0.870833333333333,42,209,31,18
13,86,6,0.7,0.603553962825084,0.816666666666667,0.858333333333333,49,206,34,11
13,86,6,0.9,0.600099198148979,0.85,0.8375,51,201,39,9
13,86,6,1.1,0.56808906328456,0.85,0.8125,51,195,45,9
13,86,6,1.3,0.543129635066608,0.85,0.791666666666667,51,190,50,9
13,86,6,1.5,0.518487217324915,0.883333333333333,0.745833333333333,53,179,61,7
13,86,6,1.7,0.497404937501691,0.883333333333333,0.725,53,174,66,7
13,86,6,1.9,0.491507274308456,0.916666666666667,0.691666666666667,55,166,74,5
13,86,6,2.1,0.480866339820517,0.95,0.65,57,156,84,3
13,86,6,2.3,0.460092027609203,0.95,0.625,57,150,90,3
13,86,6,2.5,0.443816863984288,0.966666666666667,0.5875,58,141,99,2
13,86,6,2.7,0.44922959487957,1,0.558333333333333,60,134,106,0
13,86,6,2.9,0.425481471698382,1,0.525,60,126,114,0
13,86,7,0.1,0.445742212758985,0.516666666666667,0.908333333333333,31,218,22,29
13,86,7,0.3,0.505695871289209,0.633333333333333,0.8875,38,213,27,22
13,86,7,0.5,0.525822097537551,0.7,0.866666666666667,42,208,32,18
13,86,7,0.7,0.547669336637577,0.766666666666667,0.845833333333333,46,203,37,14
13,86,7,0.9,0.538118685379007,0.783333333333333,0.829166666666667,47,199,41,13
13,86,7,1.1,0.519516413827514,0.8,0.804166666666667,48,193,47,12
13,86,7,1.3,0.535218757657718,0.833333333333333,0.795833333333333,50,191,49,10
13,86,7,1.5,0.510416666666667,0.85,0.7625,51,183,57,9
13,86,7,1.7,0.518487217324915,0.883333333333333,0.745833333333333,53,179,61,7
13,86,7,1.9,0.498136253609375,0.9,0.7125,54,171,69,6
13,86,7,2.1,0.476402786101609,0.916666666666667,0.675,55,162,78,5
13,86,7,2.3,0.447472843999647,0.916666666666667,0.641666666666667,55,154,86,5
13,86,7,2.5,0.456707264672407,0.95,0.620833333333333,57,149,91,3
13,86,7,2.7,0.453494604534925,0.966666666666667,0.6,58,144,96,2
13,86,7,2.9,0.415704998246766,0.966666666666667,0.55,58,132,108,2
13,86,8,0.1,0.4375,0.55,0.8875,33,213,27,27
13,86,8,0.3,0.466627199675993,0.633333333333333,0.8625,38,207,33,22
13,86,8,0.5,0.450250514264538,0.65,0.841666666666667,39,202,38,21
13,86,8,0.7,0.473156501720899,0.7,0.829166666666667,42,199,41,18
13,86,8,0.9,0.467698390558764,0.733333333333333,0.804166666666667,44,193,47,16
13,86,8,1.1,0.46793870010383,0.783333333333333,0.770833333333333,47,185,55,13
13,86,8,1.3,0.453953498455279,0.8,0.745833333333333,48,179,61,12
13,86,8,1.5,0.446301690498092,0.833333333333333,0.7125,50,171,69,10
13,86,8,1.7,0.452496168314152,0.866666666666667,0.691666666666667,52,166,74,8
13,86,8,1.9,0.397382600268344,0.866666666666667,0.629166666666667,52,151,89,8
13,86,8,2.1,0.403342296595073,0.9,0.604166666666667,54,145,95,6
13,86,8,2.3,0.370667803611648,0.9,0.5625,54,135,105,6
13,86,8,2.5,0.348655804981159,0.9,0.533333333333333,54,128,112,6
13,86,8,2.7,0.363047846954759,0.95,0.495833333333333,57,119,121,3
13,86,8,2.9,0.345857231933037,0.966666666666667,0.45,58,108,132,2
13,86,9,0.1,0.37620154104751,0.666666666666667,0.770833333333333,40,185,55,20
13,86,9,0.3,0.349994682015139,0.7,0.720833333333333,42,173,67,18
13,86,9,0.5,0.370320114136186,0.766666666666667,0.6875,46,165,75,14
13,86,9,0.7,0.351763235340724,0.8,0.6375,48,153,87,12
13,86,9,0.9,0.34729235653704,0.816666666666667,0.616666666666667,49,148,92,11
13,86,9,1.1,0.35,0.85,0.5875,51,141,99,9
13,86,9,1.3,0.330890928359107,0.866666666666667,0.545833333333333,52,131,109,8
13,86,9,1.5,0.318149087130906,0.9,0.491666666666667,54,118,122,6
13,86,9,1.7,0.303212598888017,0.9,0.470833333333333,54,113,127,6
13,86,9,1.9,0.273758216625702,0.9,0.429166666666667,54,103,137,6
13,86,9,2.1,0.250403922660579,0.9,0.395833333333333,54,95,145,6
13,86,9,2.3,0.253674990523294,0.916666666666667,0.379166666666667,55,91,149,5
13,86,9,2.5,0.233514443138238,0.916666666666667,0.35,55,84,156,5
13,86,9,2.7,0.28531133754645,0.983333333333333,0.333333333333333,59,80,160,1
13,86,9,2.9,0.266777387721257,0.983333333333333,0.304166666666667,59,73,167,1
13,86,10,0.1,0.480073665321731,0.566666666666667,0.904166666666667,34,217,23,26
13,86,10,0.3,0.458664322106004,0.6,0.875,36,210,30,24
13,86,10,0.5,0.473865920643901,0.65,0.858333333333333,39,206,34,21
13,86,10,0.7,0.464905258796829,0.716666666666667,0.8125,43,195,45,17
13,86,10,0.9,0.447858977437512,0.733333333333333,0.7875,44,189,51,16
13,86,10,1.1,0.441261304060914,0.766666666666667,0.758333333333333,46,182,58,14
13,86,10,1.3,0.471279967861969,0.816666666666667,0.75,49,180,60,11
13,86,10,1.5,0.459279326771846,0.85,0.7125,51,171,69,9
13,86,10,1.7,0.4603008069128,0.866666666666667,0.7,52,168,72,8
13,86,10,1.9,0.433491628112592,0.866666666666667,0.670833333333333,52,161,79,8
13,86,10,2.1,0.414079348178778,0.883333333333333,0.633333333333333,53,152,88,7
13,86,10,2.3,0.390034671289574,0.883333333333333,0.604166666666667,53,145,95,7
13,86,10,2.5,0.38418803524911,0.916666666666667,0.5625,55,135,105,5
13,86,10,2.7,0.356202423100269,0.916666666666667,0.525,55,126,114,5
13,86,10,2.9,0.351423282823134,0.95,0.479166666666667,57,115,125,3
14,92,1,0.1,0.317846328476968,0.483333333333333,0.845833333333333,29,203,37,31
14,92,1,0.3,0.384900179459751,0.583333333333333,0.833333333333333,35,200,40,25
14,92,1,0.5,0.369863360727655,0.616666666666667,0.8,37,192,48,23
14,92,1,0.7,0.371580267808769,0.666666666666667,0.766666666666667,40,184,56,20
14,92,1,0.9,0.380051722030057,0.716666666666667,0.7375,43,177,63,17
14,92,1,1.1,0.393534185134093,0.75,0.725,45,174,66,15
14,92,1,1.3,0.374227599591874,0.766666666666667,0.691666666666667,46,166,74,14
14,92,1,1.5,0.394263577025072,0.816666666666667,0.670833333333333,49,161,79,11
14,92,1,1.7,0.38418803524911,0.85,0.629166666666667,51,151,89,9
14,92,1,1.9,0.340068020406802,0.85,0.575,51,138,102,9
14,92,1,2.1,0.322598420920999,0.883333333333333,0.516666666666667,53,124,116,7
14,92,1,2.3,0.34853925644451,0.95,0.475,57,114,126,3
14,92,1,2.5,0.320101189753738,0.95,0.433333333333333,57,104,136,3
14,92,1,2.7,0.292179654120294,0.95,0.391666666666667,57,94,146,3
14,92,1,2.9,0.270001074878588,0.95,0.358333333333333,57,86,154,3
14,92,2,0.1,0.655062167921653,0.683333333333333,0.945833333333333,41,227,13,19
14,92,2,0.3,0.662888631789319,0.75,0.925,45,222,18,15
14,92,2,0.5,0.610785564835303,0.75,0.895833333333333,45,215,25,15
14,92,2,0.7,0.570986009895374,0.75,0.870833333333333,45,209,31,15
14,92,2,0.9,0.565333771083307,0.766666666666667,0.858333333333333,46,206,34,14
14,92,2,1.1,0.574725398670096,0.816666666666667,0.8375,49,201,39,11
14,92,2,1.3,0.56808906328456,0.85,0.8125,51,195,45,9
14,92,2,1.5,0.554387374337423,0.883333333333333,0.779166666666667,53,187,53,7
14,92,2,1.7,0.540019735432134,0.9,0.754166666666667,54,181,59,6
14,92,2,1.9,0.536089344101419,0.933333333333333,0.725,56,174,66,4
14,92,2,2.1,0.521321415347142,0.95,0.695833333333333,57,167,73,3
14,92,2,2.3,0.508295824139914,0.966666666666667,0.666666666666667,58,160,80,2
14,92,2,2.5,0.476762028609537,0.966666666666667,0.629166666666667,58,151,89,2
14,92,2,2.7,0.466926142175549,0.983333333333333,0.6,59,144,96,1
14,92,2,2.9,0.454151543163821,0.983333333333333,0.583333333333333,59,140,100,1
14,92,3,0.1,0.485468036437641,0.616666666666667,0.883333333333333,37,212,28,23
14,92,3,0.3,0.476794093738634,0.683333333333333,0.841666666666667,41,202,38,19
14,92,3,0.5,0.477974875798582,0.733333333333333,0.8125,44,195,45,16
14,92,3,0.7,0.456085313748752,0.75,0.783333333333333,45,188,52,15
14,92,3,0.9,0.46793870010383,0.783333333333333,0.770833333333333,47,185,55,13
14,92,3,1.1,0.453953498455279,0.8,0.745833333333333,48,179,61,12
14,92,3,1.3,0.46742708492009,0.85,0.720833333333333,51,173,67,9
14,92,3,1.5,0.456383297553399,0.866666666666667,0.695833333333333,52,167,73,8
14,92,3,1.7,0.446560225897398,0.883333333333333,0.670833333333333,53,161,79,7
14,92,3,1.9,0.417595690488163,0.883333333333333,0.6375,53,153,87,7
14,92,3,2.1,0.433333333333333,0.933333333333333,0.608333333333333,56,146,94,4
14,92,3,2.3,0.417595690488163,0.95,0.570833333333333,57,137,103,3
14,92,3,2.5,0.412658751341535,0.966666666666667,0.545833333333333,58,131,109,2
14,92,3,2.7,0.385840382265141,0.966666666666667,0.508333333333333,58,122,118,2
14,92,3,2.9,0.39421492285986,1,0.479166666666667,60,115,125,0
14,92,4,0.1,0.341636114134453,0.483333333333333,0.8625,29,207,33,31
14,92,4,0.3,0.382439206395858,0.566666666666667,0.841666666666667,34,202,38,26
14,92,4,0.5,0.393015279400402,0.6,0.829166666666667,36,199,41,24
14,92,4,0.7,0.388356528764037,0.633333333333333,0.804166666666667,38,193,47,22
14,92,4,0.9,0.423244928188057,0.683333333333333,0.8,41,192,48,19
14,92,4,1.1,0.42045364861213,0.716666666666667,0.775,43,186,54,17
14,92,4,1.3,0.423750934852148,0.75,0.754166666666667,45,181,59,15
14,92,4,1.5,0.432644962800923,0.8,0.725,48,174,66,12
14,92,4,1.7,0.405674042269688,0.816666666666667,0.683333333333333,49,164,76,11
14,92,4,1.9,0.374533765155726,0.833333333333333,0.633333333333333,50,152,88,10
14,92,4,2.1,0.363462587458138,0.85,0.604166666666667,51,145,95,9
14,92,4,2.3,0.330264317222992,0.85,0.5625,51,135,105,9
14,92,4,2.5,0.304663213403174,0.85,0.529166666666667,51,127,113,9
14,92,4,2.7,0.36597765571301,0.95,0.5,57,120,120,3
14,92,4,2.9,0.34279558509553,0.95,0.466666666666667,57,112,128,3
14,92,5,0.1,0.541561276888692,0.583333333333333,0.929166666666667,35,223,17,25
14,92,5,0.3,0.568021490970537,0.666666666666667,0.908333333333333,40,218,22,20
14,92,5,0.5,0.63048832499128,0.766666666666667,0.9,46,216,24,14
14,92,5,0.7,0.660113042099704,0.833333333333333,0.8875,50,213,27,10
14,92,5,0.9,0.634745449542008,0.85,0.8625,51,207,33,9
14,92,5,1.1,0.611332111961185,0.85,0.845833333333333,51,203,37,9
14,92,5,1.3,0.591173850217515,0.866666666666667,0.820833333333333,52,197,43,8
14,92,5,1.5,0.541613832306325,0.866666666666667,0.779166666666667,52,187,53,8
14,92,5,1.7,0.544163267704685,0.916666666666667,0.745833333333333,55,179,61,5
14,92,5,1.9,0.523204564926355,0.916666666666667,0.725,55,174,66,5
14,92,5,2.1,0.512205672716332,0.933333333333333,0.7,56,168,72,4
14,92,5,2.3,0.474855309393867,0.933333333333333,0.658333333333333,56,158,82,4
14,92,5,2.5,0.480866339820517,0.95,0.65,57,156,84,3
14,92,5,2.7,0.470376451802443,0.95,0.6375,57,153,87,3
14,92,5,2.9,0.44337274599584,0.95,0.604166666666667,57,145,95,3
14,92,6,0.1,0.445742212758985,0.516666666666667,0.908333333333333,31,218,22,29
14,92,6,0.3,0.472074984655974,0.583333333333333,0.891666666666667,35,214,26,25
14,92,6,0.5,0.481125224324688,0.666666666666667,0.854166666666667,40,205,35,20
14,92,6,0.7,0.473156501720899,0.7,0.829166666666667,42,199,41,18
14,92,6,0.9,0.490990253030983,0.75,0.8125,45,195,45,15
14,92,6,1.1,0.517496282238588,0.816666666666667,0.791666666666667,49,190,50,11
14,92,6,1.3,0.5323421960035,0.866666666666667,0.770833333333333,52,185,55,8
14,92,6,1.5,0.501318766420117,0.866666666666667,0.741666666666667,52,178,62,8
14,92,6,1.7,0.494146454479918,0.9,0.708333333333333,54,170,70,6
14,92,6,1.9,0.496924161148985,0.933333333333333,0.683333333333333,56,164,76,4
14,92,6,2.1,0.464169591910082,0.933333333333333,0.645833333333333,56,155,85,4
14,92,6,2.3,0.446825566232941,0.933333333333333,0.625,56,150,90,4
14,92,6,2.5,0.44337274599584,0.95,0.604166666666667,57,145,95,3
14,92,6,2.7,0.431160906649745,0.966666666666667,0.570833333333333,58,137,103,2
14,92,6,2.9,0.406608426369175,0.966666666666667,0.5375,58,129,111,2
14,92,7,0.1,0.367170327759171,0.483333333333333,0.879166666666667,29,211,29,31
14,92,7,0.3,0.386138664149705,0.55,0.854166666666667,33,205,35,27
14,92,7,0.5,0.417271875533392,0.65,0.816666666666667,39,196,44,21
14,92,7,0.7,0.408434920701157,0.683333333333333,0.7875,41,189,51,19
14,92,7,0.9,0.415783397337745,0.716666666666667,0.770833333333333,43,185,55,17
14,92,7,1.1,0.393534185134093,0.75,0.725,45,174,66,15
14,92,7,1.3,0.41223285916236,0.8,0.704166666666667,48,169,71,12
14,92,7,1.5,0.399887625933321,0.833333333333333,0.6625,50,159,81,10
14,92,7,1.7,0.374533765155726,0.833333333333333,0.633333333333333,50,152,88,10
14,92,7,1.9,0.370008222496306,0.866666666666667,0.595833333333333,52,143,97,8
14,92,7,2.1,0.350194606631662,0.866666666666667,0.570833333333333,52,137,103,8
14,92,7,2.3,0.335012605086404,0.883333333333333,0.533333333333333,53,128,112,7
14,92,7,2.5,0.310336544177806,0.883333333333333,0.5,53,120,120,7
14,92,7,2.7,0.320247014555883,0.916666666666667,0.475,55,114,126,5
14,92,7,2.9,0.299779078990859,0.916666666666667,0.445833333333333,55,107,133,5
14,92,8,0.1,0.409373813708501,0.516666666666667,0.8875,31,213,27,29
14,92,8,0.3,0.418430609640565,0.566666666666667,0.866666666666667,34,208,32,26
14,92,8,0.5,0.453163483587483,0.616666666666667,0.8625,37,207,33,23
14,92,8,0.7,0.501556827846309,0.7,0.85,42,204,36,18
14,92,8,0.9,0.483208615442374,0.733333333333333,0.816666666666667,44,196,44,16
14,92,8,1.1,0.462651945572992,0.733333333333333,0.8,44,192,48,16
14,92,8,1.3,0.47729707730092,0.783333333333333,0.779166666666667,47,187,53,13
14,92,8,1.5,0.436627029048589,0.783333333333333,0.741666666666667,47,178,62,13
14,92,8,1.7,0.469380353699008,0.883333333333333,0.695833333333333,53,167,73,7
14,92,8,1.9,0.448624951604673,0.9,0.658333333333333,54,158,82,6
14,92,8,2.1,0.437016419759717,0.916666666666667,0.629166666666667,55,151,89,5
14,92,8,2.3,0.42341802540847,0.933333333333333,0.595833333333333,56,143,97,4
14,92,8,2.5,0.412658751341535,0.966666666666667,0.545833333333333,58,131,109,2
14,92,8,2.7,0.403603676397787,0.966666666666667,0.533333333333333,58,128,112,2
14,92,8,2.9,0.382921065699724,0.966666666666667,0.504166666666667,58,121,119,2
14,92,9,0.1,0.573173200319417,0.633333333333333,0.925,38,222,18,22
14,92,9,0.3,0.588601979773817,0.683333333333333,0.9125,41,219,21,19
14,92,9,0.5,0.558049046067426,0.716666666666667,0.879166666666667,43,211,29,17
14,92,9,0.7,0.553473136535472,0.766666666666667,0.85,46,204,36,14
14,92,9,0.9,0.57646545813057,0.833333333333333,0.829166666666667,50,199,41,10
14,92,9,1.1,0.55108416403699,0.866666666666667,0.7875,52,189,51,8
14,92,9,1.3,0.540585845488729,0.883333333333333,0.766666666666667,53,184,56,7
14,92,9,1.5,0.522808884666765,0.9,0.7375,54,177,63,6
14,92,9,1.7,0.486264539083865,0.9,0.7,54,168,72,6
14,92,9,1.9,0.457164739592838,0.933333333333333,0.6375,56,153,87,4
14,92,9,2.1,0.443816863984288,0.966666666666667,0.5875,58,141,99,2
14,92,9,2.3,0.44922959487957,1,0.558333333333333,60,134,106,0
14,92,9,2.5,0.431331092813754,1,0.533333333333333,60,128,112,0
14,92,9,2.7,0.413942404939071,1,0.508333333333333,60,122,118,0
14,92,9,2.9,0.383178022367407,1,0.4625,60,111,129,0
14,92,10,0.1,0.522989648281037,0.55,0.933333333333333,33,224,16,27
14,92,10,0.3,0.501315862902339,0.583333333333333,0.908333333333333,35,218,22,25
14,92,10,0.5,0.51967195208175,0.633333333333333,0.895833333333333,38,215,25,22
14,92,10,0.7,0.531974524211393,0.683333333333333,0.879166666666667,41,211,29,19
14,92,10,0.9,0.533555295374185,0.733333333333333,0.854166666666667,44,205,35,16
14,92,10,1.1,0.525238574242835,0.766666666666667,0.829166666666667,46,199,41,14
14,92,10,1.3,0.514495755427526,0.8,0.8,48,192,48,12
14,92,10,1.5,0.499773806819458,0.8,0.7875,48,189,51,12
14,92,10,1.7,0.493792411687213,0.816666666666667,0.770833333333333,49,185,55,11
14,92,10,1.9,0.501318766420117,0.866666666666667,0.741666666666667,52,178,62,8
14,92,10,2.1,0.498136253609375,0.9,0.7125,54,171,69,6
14,92,10,2.3,0.493177532091103,0.933333333333333,0.679166666666667,56,163,77,4
14,92,10,2.5,0.467707173346743,0.933333333333333,0.65,56,156,84,4
14,92,10,2.7,0.436676370693839,0.933333333333333,0.6125,56,147,93,4
14,92,10,2.9,0.427132019473601,0.95,0.583333333333333,57,140,100,3
15,95,1,0.1,0.467592321227563,0.533333333333333,0.9125,32,219,21,28
15,95,1,0.3,0.430475556683166,0.533333333333333,0.891666666666667,32,214,26,28
15,95,1,0.5,0.417374323719201,0.55,0.875,33,210,30,27
15,95,1,0.7,0.447021014815657,0.616666666666667,0.858333333333333,37,206,34,23
15,95,1,0.9,0.45787369319345,0.666666666666667,0.8375,40,201,39,20
15,95,1,1.1,0.462329200909568,0.7,0.820833333333333,42,197,43,18
15,95,1,1.3,0.493700906323535,0.766666666666667,0.804166666666667,46,193,47,14
15,95,1,1.5,0.504626003606494,0.8,0.791666666666667,48,190,50,12
15,95,1,1.7,0.493792411687213,0.816666666666667,0.770833333333333,49,185,55,11
15,95,1,1.9,0.475511642537225,0.833333333333333,0.741666666666667,50,178,62,10
15,95,1,2.1,0.46822993345567,0.866666666666667,0.708333333333333,52,170,70,8
15,95,1,2.3,0.477223630696359,0.883333333333333,0.704166666666667,53,169,71,7
15,95,1,2.5,0.465364688604848,0.916666666666667,0.6625,55,159,81,5
15,95,1,2.7,0.460655621212816,0.933333333333333,0.641666666666667,56,154,86,4
15,95,1,2.9,0.446676592923469,0.95,0.608333333333333,57,146,94,3
15,95,2,0.1,0.509175077217316,0.533333333333333,0.933333333333333,32,224,16,28
15,95,2,0.3,0.511292538164718,0.566666666666667,0.920833333333333,34,221,19,26
15,95,2,0.5,0.526860513363976,0.633333333333333,0.9,38,216,24,22
15,95,2,0.7,0.480000228435618,0.65,0.8625,39,207,33,21
15,95,2,0.9,0.478679469436084,0.7,0.833333333333333,42,200,40,18
15,95,2,1.1,0.506630789906766,0.783333333333333,0.804166666666667,47,193,47,13
15,95,2,1.3,0.463331908617087,0.783333333333333,0.766666666666667,47,184,56,13
15,95,2,1.5,0.479913819133743,0.85,0.733333333333333,51,176,64,9
15,95,2,1.7,0.455255920130725,0.85,0.708333333333333,51,170,70,9
15,95,2,1.9,0.431772583203904,0.85,0.683333333333333,51,164,76,9
15,95,2,2.1,0.446560225897398,0.883333333333333,0.670833333333333,53,161,79,7
15,95,2,2.3,0.43429951810769,0.9,0.641666666666667,54,154,86,6
15,95,2,2.5,0.45,0.95,0.6125,57,147,93,3
15,95,2,2.7,0.411318331376378,0.95,0.5625,57,135,105,3
15,95,2,2.9,0.38678685654788,0.95,0.529166666666667,57,127,113,3
15,95,3,0.1,0.509175077217316,0.533333333333333,0.933333333333333,32,224,16,28
15,95,3,0.3,0.511292538164718,0.566666666666667,0.920833333333333,34,221,19,26
15,95,3,0.5,0.554895157402636,0.65,0.908333333333333,39,218,22,21
15,95,3,0.7,0.586607210695483,0.7,0.904166666666667,42,217,23,18
15,95,3,0.9,0.577561250475378,0.733333333333333,0.883333333333333,44,212,28,16
15,95,3,1.1,0.534774719760625,0.75,0.845833333333333,45,203,37,15
15,95,3,1.3,0.54916159844265,0.783333333333333,0.8375,47,201,39,13
15,95,3,1.5,0.532360191379871,0.816666666666667,0.804166666666667,49,193,47,11
15,95,3,1.7,0.503122061013893,0.816666666666667,0.779166666666667,49,187,53,11
15,95,3,1.9,0.493055555555556,0.833333333333333,0.758333333333333,50,182,58,10
15,95,3,2.1,0.455255920130725,0.85,0.708333333333333,51,170,70,9
15,95,3,2.3,0.442853294122623,0.883333333333333,0.666666666666667,53,160,80,7
15,95,3,2.5,0.437845571869121,0.9,0.645833333333333,54,155,85,6
15,95,3,2.7,0.44342202660887,0.933333333333333,0.620833333333333,56,149,91,4
15,95,3,2.9,0.45,0.95,0.6125,57,147,93,3
15,95,4,0.1,0.416666666666667,0.533333333333333,0.883333333333333,32,212,28,28
15,95,4,0.3,0.445012366734504,0.583333333333333,0.875,35,210,30,25
15,95,4,0.5,0.440975819619714,0.616666666666667,0.854166666666667,37,205,35,23
15,95,4,0.7,0.501556827846309,0.7,0.85,42,204,36,18
15,95,4,0.9,0.509175077217316,0.766666666666667,0.816666666666667,46,196,44,14
15,95,4,1.1,0.557931567367744,0.85,0.804166666666667,51,193,47,9
15,95,4,1.3,0.545138888888889,0.883333333333333,0.770833333333333,53,185,55,7
15,95,4,1.5,0.514439353169557,0.9,0.729166666666667,54,175,65,6
15,95,4,1.7,0.499237049329514,0.916666666666667,0.7,55,168,72,5
15,95,4,1.9,0.482104425605022,0.933333333333333,0.666666666666667,56,160,80,4
15,95,4,2.1,0.467707173346743,0.933333333333333,0.65,56,156,84,4
15,95,4,2.3,0.433333333333333,0.933333333333333,0.608333333333333,56,146,94,4
15,95,4,2.5,0.430344413351172,0.95,0.5875,57,141,99,3
15,95,4,2.7,0.40510163540422,0.95,0.554166666666667,57,133,107,3
15,95,4,2.9,0.392838694962373,0.95,0.5375,57,129,111,3
15,95,5,0.1,0.357770876399966,0.433333333333333,0.9,26,216,24,34
15,95,5,0.3,0.409193967641251,0.5,0.895833333333333,30,215,25,30
15,95,5,0.5,0.480000228435618,0.65,0.8625,39,207,33,21
15,95,5,0.7,0.467827013250321,0.65,0.854166666666667,39,205,35,21
15,95,5,0.9,0.478679469436084,0.7,0.833333333333333,42,200,40,18
15,95,5,1.1,0.470143618902677,0.716666666666667,0.816666666666667,43,196,44,17
15,95,5,1.3,0.504626003606494,0.8,0.791666666666667,48,190,50,12
15,95,5,1.5,0.479835541523149,0.833333333333333,0.745833333333333,50,179,61,10
15,95,5,1.7,0.492827110374054,0.866666666666667,0.733333333333333,52,176,64,8
15,95,5,1.9,0.450293629202227,0.883333333333333,0.675,53,162,78,7
15,95,5,2.1,0.427274779095945,0.9,0.633333333333333,54,152,88,6
15,95,5,2.3,0.396984381308445,0.916666666666667,0.579166666666667,55,139,101,5
15,95,5,2.5,0.382180401613963,0.933333333333333,0.541666666666667,56,130,110,4
15,95,5,2.7,0.363935609561605,0.933333333333333,0.516666666666667,56,124,116,4
15,95,5,2.9,0.396977552277633,0.983333333333333,0.504166666666667,59,121,119,1
15,95,6,0.1,0.387657443028553,0.483333333333333,0.891666666666667,29,214,26,31
15,95,6,0.3,0.437833849391711,0.566666666666667,0.879166666666667,34,211,29,26
15,95,6,0.5,0.460488024027666,0.633333333333333,0.858333333333333,38,206,34,22
15,95,6,0.7,0.475182988100849,0.666666666666667,0.85,40,204,36,20
15,95,6,0.9,0.496218191668757,0.75,0.816666666666667,45,196,44,15
15,95,6,1.1,0.472593318824191,0.783333333333333,0.775,47,186,54,13
15,95,6,1.3,0.449614401512949,0.8,0.741666666666667,48,178,62,12
15,95,6,1.5,0.458603005486967,0.833333333333333,0.725,50,174,66,10
15,95,6,1.7,0.459279326771846,0.85,0.7125,51,171,69,9
15,95,6,1.9,0.447306023649235,0.85,0.7,51,168,72,9
15,95,6,2.1,0.415145477604325,0.866666666666667,0.65,52,156,84,8
15,95,6,2.3,0.400222407579042,0.883333333333333,0.616666666666667,53,148,92,7
15,95,6,2.5,0.393368300958715,0.9,0.591666666666667,54,142,98,6
15,95,6,2.7,0.387364551522083,0.916666666666667,0.566666666666667,55,136,104,5
15,95,6,2.9,0.38980642527954,0.95,0.533333333333333,57,128,112,3
15,95,7,0.1,0.583333333333333,0.666666666666667,0.916666666666667,40,220,20,20
15,95,7,0.3,0.592265394358331,0.716666666666667,0.9,43,216,24,17
15,95,7,0.5,0.590390327359614,0.75,0.883333333333333,45,212,28,15
15,95,7,0.7,0.596901350919546,0.8,0.8625,48,207,33,12
15,95,7,0.9,0.617063499809764,0.85,0.85,51,204,36,9
15,95,7,1.1,0.607230678564552,0.866666666666667,0.833333333333333,52,200,40,8
15,95,7,1.3,0.580796141726926,0.866666666666667,0.8125,52,195,45,8
15,95,7,1.5,0.581344257731046,0.9,0.791666666666667,54,190,50,6
15,95,7,1.7,0.600657440467827,0.95,0.775,57,186,54,3
15,95,7,1.9,0.565542600173155,0.95,0.741666666666667,57,178,62,3
15,95,7,2.1,0.532969282392319,0.95,0.708333333333333,57,170,70,3
15,95,7,2.3,0.519269537883926,0.966666666666667,0.679166666666667,58,163,77,2
15,95,7,2.5,0.497563087730951,0.966666666666667,0.654166666666667,58,157,83,2
15,95,7,2.7,0.490043561363823,0.983333333333333,0.629166666666667,59,151,89,1
15,95,7,2.9,0.457317537001129,0.983333333333333,0.5875,59,141,99,1
15,95,8,0.1,0.394889193814877,0.466666666666667,0.904166666666667,28,217,23,32
15,95,8,0.3,0.409373813708501,0.516666666666667,0.8875,31,213,27,29
15,95,8,0.5,0.34633055444355,0.516666666666667,0.845833333333333,31,203,37,29
15,95,8,0.7,0.346410161513775,0.55,0.825,33,198,42,27
15,95,8,0.9,0.34645094129939,0.6,0.791666666666667,36,190,50,24
15,95,8,1.1,0.39343895430468,0.7,0.7625,42,183,57,18
15,95,8,1.3,0.458333333333333,0.8,0.75,48,180,60,12
15,95,8,1.5,0.429267274830226,0.816666666666667,0.708333333333333,49,170,70,11
15,95,8,1.7,0.416689627022957,0.85,0.666666666666667,51,160,80,9
15,95,8,1.9,0.424694537274797,0.883333333333333,0.645833333333333,53,155,85,7
15,95,8,2.1,0.393412023607869,0.883333333333333,0.608333333333333,53,146,94,7
15,95,8,2.3,0.383333333333333,0.883333333333333,0.595833333333333,53,143,97,7
15,95,8,2.5,0.404061299432517,0.933333333333333,0.570833333333333,56,137,103,4
15,95,8,2.7,0.402015126103685,0.95,0.55,57,132,108,3
15,95,8,2.9,0.388770957175118,0.966666666666667,0.5125,58,123,117,2
15,95,9,0.1,0.376762248380806,0.566666666666667,0.8375,34,201,39,26
15,95,9,0.3,0.354858456157644,0.566666666666667,0.820833333333333,34,197,43,26
15,95,9,0.5,0.37490813101604,0.616666666666667,0.804166666666667,37,193,47,23
15,95,9,0.7,0.408434920701157,0.683333333333333,0.7875,41,189,51,19
15,95,9,0.9,0.433551918591495,0.733333333333333,0.775,44,186,54,16
15,95,9,1.1,0.40625,0.75,0.7375,45,177,63,15
15,95,9,1.3,0.402435089462164,0.766666666666667,0.720833333333333,46,173,67,14
15,95,9,1.5,0.439480212458829,0.85,0.691666666666667,51,166,74,9
15,95,9,1.7,0.426078548133129,0.866666666666667,0.6625,52,159,81,8
15,95,9,1.9,0.414079348178778,0.883333333333333,0.633333333333333,53,152,88,7
15,95,9,2.1,0.4,0.9,0.6,54,144,96,6
15,95,9,2.3,0.390555852767387,0.916666666666667,0.570833333333333,55,137,103,5
15,95,9,2.5,0.353153216848064,0.916666666666667,0.520833333333333,55,125,115,5
15,95,9,2.7,0.354964786985977,0.933333333333333,0.504166666666667,56,121,119,4
15,95,9,2.9,0.359935364350307,0.966666666666667,0.470833333333333,58,113,127,2
15,95,10,0.1,0.465119046954135,0.583333333333333,0.8875,35,213,27,25
15,95,10,0.3,0.479208860326105,0.633333333333333,0.870833333333333,38,209,31,22
15,95,10,0.5,0.461880215351701,0.65,0.85,39,204,36,21
15,95,10,0.7,0.435900084262561,0.666666666666667,0.820833333333333,40,197,43,20
15,95,10,0.9,0.444579603949047,0.716666666666667,0.795833333333333,43,191,49,17
15,95,10,1.1,0.451320439845245,0.75,0.779166666666667,45,187,53,15
15,95,10,1.3,0.432321539916297,0.783333333333333,0.7375,47,177,63,13
15,95,10,1.5,0.41223285916236,0.8,0.704166666666667,48,169,71,12
15,95,10,1.7,0.412984269063007,0.85,0.6625,51,159,81,9
15,95,10,1.9,0.428278120597688,0.883333333333333,0.65,53,156,84,7
15,95,10,2.1,0.41348037472302,0.9,0.616666666666667,54,148,92,6
15,95,10,2.3,0.400222407579042,0.916666666666667,0.583333333333333,55,140,100,5
15,95,10,2.5,0.376050716545177,0.933333333333333,0.533333333333333,56,128,112,4
15,95,10,2.7,0.385840382265141,0.966666666666667,0.508333333333333,58,122,118,2
15,95,10,2.9,0.379887564246667,0.983333333333333,0.479166666666667,59,115,125,1
16,105,1,0.1,0.477904333774051,0.516666666666667,0.925,31,222,18,29
16,105,1,0.3,0.516876590704738,0.583333333333333,0.916666666666667,35,220,20,25
16,105,1,0.5,0.5625,0.65,0.9125,39,219,21,21
16,105,1,0.7,0.531974524211393,0.683333333333333,0.879166666666667,41,211,29,19
16,105,1,0.9,0.538860251243651,0.716666666666667,0.866666666666667,43,208,32,17
16,105,1,1.1,0.567589840001128,0.8,0.841666666666667,48,202,38,12
16,105,1,1.3,0.532360191379871,0.816666666666667,0.804166666666667,49,193,47,11
16,105,1,1.5,0.503122061013893,0.816666666666667,0.779166666666667,49,187,53,11
16,105,1,1.7,0.497548588421571,0.833333333333333,0.7625,50,183,57,10
16,105,1,1.9,0.462774039878966,0.833333333333333,0.729166666666667,50,175,65,10
16,105,1,2.1,0.451265080794233,0.85,0.704166666666667,51,169,71,9
16,105,1,2.3,0.428278120597688,0.883333333333333,0.65,53,156,84,7
16,105,1,2.5,0.40365638771699,0.883333333333333,0.620833333333333,53,149,91,7
16,105,1,2.7,0.4,0.9,0.6,54,144,96,6
16,105,1,2.9,0.387364551522083,0.916666666666667,0.566666666666667,55,136,104,5
16,105,2,0.1,0.303394018206069,0.366666666666667,0.904166666666667,22,217,23,38
16,105,2,0.3,0.277385044260062,0.383333333333333,0.879166666666667,23,211,29,37
16,105,2,0.5,0.277612616011529,0.45,0.8375,27,201,39,33
16,105,2,0.7,0.302737548870702,0.516666666666667,0.8125,31,195,45,29
16,105,2,0.9,0.309594458182433,0.566666666666667,0.783333333333333,34,188,52,26
16,105,2,1.1,0.27748153129133,0.566666666666667,0.754166666666667,34,181,59,26
16,105,2,1.3,0.327205256463581,0.65,0.7375,39,177,63,21
16,105,2,1.5,0.323580550511931,0.666666666666667,0.720833333333333,40,173,67,20
16,105,2,1.7,0.313892640968236,0.7,0.683333333333333,42,164,76,18
16,105,2,1.9,0.361359664254299,0.816666666666667,0.633333333333333,49,152,88,11
16,105,2,2.1,0.350194606631662,0.833333333333333,0.604166666666667,50,145,95,10
16,105,2,2.3,0.343363855921591,0.85,0.579166666666667,51,139,101,9
16,105,2,2.5,0.344437301884284,0.883333333333333,0.545833333333333,53,131,109,7
16,105,2,2.7,0.347086738748567,0.916666666666667,0.5125,55,123,117,5
16,105,2,2.9,0.317304517500499,0.916666666666667,0.470833333333333,55,113,127,5
16,105,3,0.1,0.434812563158485,0.466666666666667,0.925,28,222,18,32
16,105,3,0.3,0.461443552323002,0.516666666666667,0.916666666666667,31,220,20,29
16,105,3,0.5,0.513485071029305,0.616666666666667,0.9,37,216,24,23
16,105,3,0.7,0.49951243284357,0.666666666666667,0.866666666666667,40,208,32,20
16,105,3,0.9,0.499315536982334,0.733333333333333,0.829166666666667,44,199,41,16
16,105,3,1.1,0.480724287196937,0.75,0.804166666666667,45,193,47,15
16,105,3,1.3,0.436785348634133,0.766666666666667,0.754166666666667,46,181,59,14
16,105,3,1.5,0.445314998967527,0.8,0.7375,48,177,63,12
16,105,3,1.7,0.41223285916236,0.8,0.704166666666667,48,169,71,12
16,105,3,1.9,0.416689627022957,0.85,0.666666666666667,51,160,80,9
16,105,3,2.1,0.43429951810769,0.9,0.641666666666667,54,154,86,6
16,105,3,2.3,0.426752025608536,0.916666666666667,0.616666666666667,55,148,92,5
16,105,3,2.5,0.396984381308445,0.916666666666667,0.579166666666667,55,139,101,5
16,105,3,2.7,0.374743355522977,0.916666666666667,0.55,55,132,108,5
16,105,3,2.9,0.354964786985977,0.933333333333333,0.504166666666667,56,121,119,4
16,105,4,0.1,0.574877665668384,0.516666666666667,0.966666666666667,31,232,8,29
16,105,4,0.3,0.56398288685149,0.566666666666667,0.945833333333333,34,227,13,26
16,105,4,0.5,0.578187757505821,0.65,0.920833333333333,39,221,19,21
16,105,4,0.7,0.586607210695483,0.7,0.904166666666667,42,217,23,18
16,105,4,0.9,0.571380044523348,0.716666666666667,0.8875,43,213,27,17
16,105,4,1.1,0.566297545366746,0.783333333333333,0.85,47,204,36,13
16,105,4,1.3,0.553013653692717,0.816666666666667,0.820833333333333,49,197,43,11
16,105,4,1.5,0.557931567367744,0.85,0.804166666666667,51,193,47,9
16,105,4,1.7,0.545138888888889,0.883333333333333,0.770833333333333,53,185,55,7
16,105,4,1.9,0.522821654685888,0.883333333333333,0.75,53,180,60,7
16,105,4,2.1,0.506217403727447,0.9,0.720833333333333,54,173,67,6
16,105,4,2.3,0.499237049329514,0.916666666666667,0.7,55,168,72,5
16,105,4,2.5,0.474855309393867,0.933333333333333,0.658333333333333,56,158,82,4
16,105,4,2.7,0.453343407743222,0.95,0.616666666666667,57,148,92,3
16,105,4,2.9,0.430344413351172,0.95,0.5875,57,141,99,3
16,105,5,0.1,0.514295634824952,0.55,0.929166666666667,33,223,17,27
16,105,5,0.3,0.583333333333333,0.666666666666667,0.916666666666667,40,220,20,20
16,105,5,0.5,0.559248603269602,0.683333333333333,0.895833333333333,41,215,25,19
16,105,5,0.7,0.584264308838008,0.733333333333333,0.8875,44,213,27,16
16,105,5,0.9,0.590390327359614,0.75,0.883333333333333,45,212,28,15
16,105,5,1.1,0.584178230119417,0.783333333333333,0.8625,47,207,33,13
16,105,5,1.3,0.597625832609727,0.816666666666667,0.854166666666667,49,205,35,11
16,105,5,1.5,0.598698514696378,0.833333333333333,0.845833333333333,50,203,37,10
16,105,5,1.7,0.571085995316662,0.833333333333333,0.825,50,198,42,10
16,105,5,1.9,0.578397793187816,0.883333333333333,0.8,53,192,48,7
16,105,5,2.1,0.579861111111111,0.916666666666667,0.779166666666667,55,187,53,5
16,105,5,2.3,0.539894142335614,0.916666666666667,0.741666666666667,55,178,62,5
16,105,5,2.5,0.50709255283711,0.916666666666667,0.708333333333333,55,170,70,5
16,105,5,2.7,0.504504595497234,0.933333333333333,0.691666666666667,56,166,74,4
16,105,5,2.9,0.493177532091103,0.933333333333333,0.679166666666667,56,163,77,4
16,105,6,0.1,0.508924071027778,0.5,0.945833333333333,30,227,13,30
16,105,6,0.3,0.516876590704738,0.583333333333333,0.916666666666667,35,220,20,25
16,105,6,0.5,0.565275157827403,0.7,0.891666666666667,42,214,26,18
16,105,6,0.7,0.564658123977672,0.716666666666667,0.883333333333333,43,212,28,17
16,105,6,0.9,0.532664801177564,0.716666666666667,0.8625,43,207,33,17
16,105,6,1.1,0.491784710450069,0.716666666666667,0.833333333333333,43,200,40,17
16,105,6,1.3,0.519516413827514,0.8,0.804166666666667,48,193,47,12
16,105,6,1.5,0.545138888888889,0.883333333333333,0.770833333333333,53,185,55,7
16,105,6,1.7,0.506217403727447,0.9,0.720833333333333,54,173,67,6
16,105,6,1.9,0.474674833407481,0.9,0.6875,54,165,75,6
16,105,6,2.1,0.448624951604673,0.9,0.658333333333333,54,158,82,6
16,105,6,2.3,0.43429951810769,0.9,0.641666666666667,54,154,86,6
16,105,6,2.5,0.403476817270043,0.916666666666667,0.5875,55,141,99,5
16,105,6,2.7,0.379109259362548,0.933333333333333,0.5375,56,129,111,4
16,105,6,2.9,0.371867872080547,0.95,0.508333333333333,57,122,118,3
16,105,7,0.1,0.494735108529468,0.483333333333333,0.945833333333333,29,227,13,31
16,105,7,0.3,0.527997910831127,0.566666666666667,0.929166666666667,34,223,17,26
16,105,7,0.5,0.51967195208175,0.633333333333333,0.895833333333333,38,215,25,22
16,105,7,0.7,0.518812898369585,0.666666666666667,0.879166666666667,40,211,29,20
16,105,7,0.9,0.495714494283817,0.7,0.845833333333333,42,203,37,18
16,105,7,1.1,0.510412919179238,0.733333333333333,0.8375,44,201,39,16
16,105,7,1.3,0.547755750081587,0.816666666666667,0.816666666666667,49,196,44,11
16,105,7,1.5,0.528813150104746,0.85,0.779166666666667,51,187,53,9
16,105,7,1.7,0.518785847899556,0.866666666666667,0.758333333333333,52,182,58,8
16,105,7,1.9,0.48923024252854,0.883333333333333,0.716666666666667,53,172,68,7
16,105,7,2.1,0.486264539083865,0.9,0.7,54,168,72,6
16,105,7,2.3,0.472696812522533,0.916666666666667,0.670833333333333,55,161,79,5
16,105,7,2.5,0.45369643578108,0.933333333333333,0.633333333333333,56,152,88,4
16,105,7,2.7,0.453494604534925,0.966666666666667,0.6,58,144,96,2
16,105,7,2.9,0.428038588749402,0.966666666666667,0.566666666666667,58,136,104,2
16,105,8,0.1,0.418250956285652,0.466666666666667,0.916666666666667,28,220,20,32
16,105,8,0.3,0.42346378232554,0.516666666666667,0.895833333333333,31,215,25,29
16,105,8,0.5,0.458664322106004,0.6,0.875,36,210,30,24
16,105,8,0.7,0.448495318487911,0.633333333333333,0.85,38,204,36,22
16,105,8,0.9,0.444561733772864,0.65,0.8375,39,201,39,21
16,105,8,1.1,0.430587556414462,0.666666666666667,0.816666666666667,40,196,44,20
16,105,8,1.3,0.464905258796829,0.716666666666667,0.8125,43,195,45,17
16,105,8,1.5,0.465773336535012,0.75,0.791666666666667,45,190,50,15
16,105,8,1.7,0.451320439845245,0.75,0.779166666666667,45,187,53,15
16,105,8,1.9,0.436627029048589,0.783333333333333,0.741666666666667,47,178,62,13
16,105,8,2.1,0.41223285916236,0.8,0.704166666666667,48,169,71,12
16,105,8,2.3,0.403603676397787,0.833333333333333,0.666666666666667,50,160,80,10
16,105,8,2.5,0.387710582723802,0.85,0.633333333333333,51,152,88,9
16,105,8,2.7,0.396675481775319,0.9,0.595833333333333,54,143,97,6
16,105,8,2.9,0.373865431708952,0.9,0.566666666666667,54,136,104,6
16,105,9,0.1,0.509175077217316,0.533333333333333,0.933333333333333,32,224,16,28
16,105,9,0.3,0.533142646633296,0.583333333333333,0.925,35,222,18,25
16,105,9,0.5,0.532960854327748,0.65,0.895833333333333,39,215,25,21
16,105,9,0.7,0.499010879347845,0.65,0.875,39,210,30,21
16,105,9,0.9,0.500370233297676,0.683333333333333,0.858333333333333,41,206,34,19
16,105,9,1.1,0.504826790279024,0.733333333333333,0.833333333333333,44,200,40,16
16,105,9,1.3,0.532360191379871,0.816666666666667,0.804166666666667,49,193,47,11
16,105,9,1.5,0.51130278089598,0.833333333333333,0.775,50,186,54,10
16,105,9,1.7,0.49709581280096,0.85,0.75,51,180,60,9
16,105,9,1.9,0.505723626997917,0.883333333333333,0.733333333333333,53,176,64,7
16,105,9,2.1,0.48923024252854,0.883333333333333,0.716666666666667,53,172,68,7
16,105,9,2.3,0.454054135947511,0.883333333333333,0.679166666666667,53,163,77,7
16,105,9,2.5,0.43429951810769,0.9,0.641666666666667,54,154,86,6
16,105,9,2.7,0.43015297047798,0.916666666666667,0.620833333333333,55,149,91,5
16,105,9,2.9,0.420758047342952,0.95,0.575,57,138,102,3
16,105,10,0.1,0.314641561947519,0.416666666666667,0.883333333333333,25,212,28,35
16,105,10,0.3,0.259314158921332,0.416666666666667,0.845833333333333,25,203,37,35
16,105,10,0.5,0.31850004502295,0.516666666666667,0.825,31,198,42,29
16,105,10,0.7,0.29257481624368,0.516666666666667,0.804166666666667,31,193,47,29
16,105,10,0.9,0.291166216623955,0.55,0.779166666666667,33,187,53,27
16,105,10,1.1,0.344709312322746,0.65,0.754166666666667,39,181,59,21
16,105,10,1.3,0.34175337130066,0.7,0.7125,42,171,69,18
16,105,10,1.5,0.381174233609697,0.8,0.670833333333333,48,161,79,12
16,105,10,1.7,0.357813507782703,0.816666666666667,0.629166666666667,49,151,89,11
16,105,10,1.9,0.350194606631662,0.866666666666667,0.570833333333333,52,137,103,8
16,105,10,2.1,0.341284127351283,0.883333333333333,0.541666666666667,53,130,110,7
16,105,10,2.3,0.366947211641244,0.933333333333333,0.520833333333333,56,125,115,4
16,105,10,2.5,0.36597765571301,0.95,0.5,57,120,120,3
16,105,10,2.7,0.339935327915011,0.95,0.4625,57,111,129,3
16,105,10,2.9,0.317290887199406,0.95,0.429166666666667,57,103,137,3
17,111,1,0.1,0.531906107450231,0.55,0.9375,33,225,15,27
17,111,1,0.3,0.511292538164718,0.566666666666667,0.920833333333333,34,221,19,26
17,111,1,0.5,0.526860513363976,0.633333333333333,0.9,38,216,24,22
17,111,1,0.7,0.512271764055415,0.666666666666667,0.875,40,210,30,20
17,111,1,0.9,0.497377886210931,0.716666666666667,0.8375,43,201,39,17
17,111,1,1.1,0.477974875798582,0.733333333333333,0.8125,44,195,45,16
17,111,1,1.3,0.501602054730013,0.783333333333333,0.8,47,192,48,13
17,111,1,1.5,0.503122061013893,0.816666666666667,0.779166666666667,49,187,53,11
17,111,1,1.7,0.484150315515318,0.85,0.7375,51,177,63,9
17,111,1,1.9,0.4603008069128,0.866666666666667,0.7,52,168,72,8
17,111,1,2.1,0.428278120597688,0.883333333333333,0.65,53,156,84,7
17,111,1,2.3,0.393412023607869,0.883333333333333,0.608333333333333,53,146,94,7
17,111,1,2.5,0.360392641430851,0.883333333333333,0.566666666666667,53,136,104,7
17,111,1,2.7,0.345559767383562,0.9,0.529166666666667,54,127,113,6
17,111,1,2.9,0.325655805840754,0.933333333333333,0.4625,56,111,129,4
17,111,2,0.1,0.495204486015942,0.516666666666667,0.933333333333333,31,224,16,29
17,111,2,0.3,0.49534006609204,0.566666666666667,0.9125,34,219,21,26
17,111,2,0.5,0.478781178338724,0.616666666666667,0.879166666666667,37,211,29,23
17,111,2,0.7,0.487158708012731,0.666666666666667,0.858333333333333,40,206,34,20
17,111,2,0.9,0.497377886210931,0.716666666666667,0.8375,43,201,39,17
17,111,2,1.1,0.525238574242835,0.766666666666667,0.829166666666667,46,199,41,14
17,111,2,1.3,0.519516413827514,0.8,0.804166666666667,48,193,47,12
17,111,2,1.5,0.475694444444444,0.816666666666667,0.754166666666667,49,181,59,11
17,111,2,1.7,0.501545850242725,0.883333333333333,0.729166666666667,53,175,65,7
17,111,2,1.9,0.481192843622661,0.883333333333333,0.708333333333333,53,170,70,7
17,111,2,2.1,0.467095630291863,0.9,0.679166666666667,54,163,77,6
17,111,2,2.3,0.450250208526422,0.933333333333333,0.629166666666667,56,151,89,4
17,111,2,2.5,0.430344413351172,0.95,0.5875,57,141,99,3
17,111,2,2.7,0.417595690488163,0.95,0.570833333333333,57,137,103,3
17,111,2,2.9,0.400612093443194,0.966666666666667,0.529166666666667,58,127,113,2
17,111,3,0.1,0.365427579675748,0.416666666666667,0.9125,25,219,21,35
17,111,3,0.3,0.409193967641251,0.5,0.895833333333333,30,215,25,30
17,111,3,0.5,0.417374323719201,0.55,0.875,33,210,30,27
17,111,3,0.7,0.382439206395858,0.566666666666667,0.841666666666667,34,202,38,26
17,111,3,0.9,0.393015279400402,0.6,0.829166666666667,36,199,41,24
17,111,3,1.1,0.376889180722205,0.6,0.816666666666667,36,196,44,24
17,111,3,1.3,0.409995188860196,0.666666666666667,0.8,40,192,48,20
17,111,3,1.5,0.40263781604382,0.7,0.770833333333333,42,185,55,18
17,111,3,1.7,0.388730196434615,0.716666666666667,0.745833333333333,43,179,61,17
17,111,3,1.9,0.377075143605084,0.75,0.708333333333333,45,170,70,15
17,111,3,2.1,0.36807524138987,0.783333333333333,0.670833333333333,47,161,79,13
17,111,3,2.3,0.351763235340724,0.8,0.6375,48,153,87,12
17,111,3,2.5,0.373740517039401,0.85,0.616666666666667,51,148,92,9
17,111,3,2.7,0.363624349265719,0.883333333333333,0.570833333333333,53,137,103,7
17,111,3,2.9,0.354882424403697,0.9,0.541666666666667,54,130,110,6
17,111,4,0.1,0.467256718486049,0.416666666666667,0.958333333333333,25,230,10,35
17,111,4,0.3,0.546489312047197,0.533333333333333,0.95,32,228,12,28
17,111,4,0.5,0.531906107450231,0.55,0.9375,33,225,15,27
17,111,4,0.7,0.549296425483947,0.633333333333333,0.9125,38,219,21,22
17,111,4,0.9,0.553302871668501,0.666666666666667,0.9,40,216,24,20
17,111,4,1.1,0.558416936413065,0.7,0.8875,42,213,27,18
17,111,4,1.3,0.545153792299961,0.716666666666667,0.870833333333333,43,209,31,17
17,111,4,1.5,0.554795041091482,0.783333333333333,0.841666666666667,47,202,38,13
17,111,4,1.7,0.565774031334271,0.833333333333333,0.820833333333333,50,197,43,10
17,111,4,1.9,0.552941233076848,0.85,0.8,51,192,48,9
17,111,4,2.1,0.518487217324915,0.883333333333333,0.745833333333333,53,179,61,7
17,111,4,2.3,0.536089344101419,0.933333333333333,0.725,56,174,66,4
17,111,4,2.5,0.489459110838935,0.933333333333333,0.675,56,162,78,4
17,111,4,2.7,0.487980561014441,0.95,0.658333333333333,57,158,82,3
17,111,4,2.9,0.460092027609203,0.95,0.625,57,150,90,3
17,111,5,0.1,0.486399888214792,0.583333333333333,0.9,35,216,24,25
17,111,5,0.3,0.51967195208175,0.633333333333333,0.895833333333333,38,215,25,22
17,111,5,0.5,0.571380044523348,0.716666666666667,0.8875,43,213,27,17
17,111,5,0.7,0.558551921919753,0.75,0.8625,45,207,33,15
17,111,5,0.9,0.54916159844265,0.783333333333333,0.8375,47,201,39,13
17,111,5,1.1,0.506630789906766,0.783333333333333,0.804166666666667,47,193,47,13
17,111,5,1.3,0.498432810785048,0.816666666666667,0.775,49,186,54,11
17,111,5,1.5,0.514356084078771,0.866666666666667,0.754166666666667,52,181,59,8
17,111,5,1.7,0.480370521833825,0.866666666666667,0.720833333333333,52,173,67,8
17,111,5,1.9,0.457842392506507,0.883333333333333,0.683333333333333,53,164,76,7
17,111,5,2.1,0.428278120597688,0.883333333333333,0.65,53,156,84,7
17,111,5,2.3,0.433574274877296,0.916666666666667,0.625,55,150,90,5
17,111,5,2.5,0.396984381308445,0.916666666666667,0.579166666666667,55,139,101,5
17,111,5,2.7,0.381025917504426,0.916666666666667,0.558333333333333,55,134,106,5
17,111,5,2.9,0.377801010303416,0.95,0.516666666666667,57,124,116,3
17,111,6,0.1,0.522933738252059,0.516666666666667,0.945833333333333,31,227,13,29
17,111,6,0.3,0.500446991027544,0.533333333333333,0.929166666666667,32,223,17,28
17,111,6,0.5,0.49534006609204,0.566666666666667,0.9125,34,219,21,26
17,111,6,0.7,0.568021490970537,0.666666666666667,0.908333333333333,40,218,22,20
17,111,6,0.9,0.55167728436737,0.7,0.883333333333333,42,212,28,18
17,111,6,1.1,0.59014661425428,0.766666666666667,0.875,46,210,30,14
17,111,6,1.3,0.603022689155527,0.8,0.866666666666667,48,208,32,12
17,111,6,1.5,0.597625832609727,0.816666666666667,0.854166666666667,49,205,35,11
17,111,6,1.7,0.57646545813057,0.833333333333333,0.829166666666667,50,199,41,10
17,111,6,1.9,0.555345132022514,0.833333333333333,0.8125,50,195,45,10
17,111,6,2.1,0.543129635066608,0.85,0.791666666666667,51,190,50,9
17,111,6,2.3,0.514356084078771,0.866666666666667,0.754166666666667,52,181,59,8
17,111,6,2.5,0.505723626997917,0.883333333333333,0.733333333333333,53,176,64,7
17,111,6,2.7,0.504504595497234,0.933333333333333,0.691666666666667,56,166,74,4
17,111,6,2.9,0.495196576941077,0.95,0.666666666666667,57,160,80,3
17,111,7,0.1,0.569955805123029,0.466666666666667,0.979166666666667,28,235,5,32
17,111,7,0.3,0.586291262732893,0.516666666666667,0.970833333333333,31,233,7,29
17,111,7,0.5,0.580268566966252,0.55,0.958333333333333,33,230,10,27
17,111,7,0.7,0.600099198148979,0.6,0.95,36,228,12,24
17,111,7,0.9,0.603738353924943,0.616666666666667,0.945833333333333,37,227,13,23
17,111,7,1.1,0.599289500480486,0.666666666666667,0.925,40,222,18,20
17,111,7,1.3,0.596305243775967,0.683333333333333,0.916666666666667,41,220,20,19
17,111,7,1.5,0.565275157827403,0.7,0.891666666666667,42,214,26,18
17,111,7,1.7,0.566297545366746,0.783333333333333,0.85,47,204,36,13
17,111,7,1.9,0.522081924344667,0.783333333333333,0.816666666666667,47,196,44,13
17,111,7,2.1,0.540163046113994,0.833333333333333,0.8,50,192,48,10
17,111,7,2.3,0.536953809106687,0.866666666666667,0.775,52,186,54,8
17,111,7,2.5,0.505723626997917,0.883333333333333,0.733333333333333,53,176,64,7
17,111,7,2.7,0.516103165860917,0.933333333333333,0.704166666666667,56,169,71,4
17,111,7,2.9,0.460655621212816,0.933333333333333,0.641666666666667,56,154,86,4
17,111,8,0.1,0.428711443071508,0.45,0.929166666666667,27,223,17,33
17,111,8,0.3,0.440981986518568,0.483333333333333,0.920833333333333,29,221,19,31
17,111,8,0.5,0.466237901752362,0.55,0.904166666666667,33,217,23,27
17,111,8,0.7,0.458293375064221,0.583333333333333,0.883333333333333,35,212,28,25
17,111,8,0.9,0.473865920643901,0.65,0.858333333333333,39,206,34,21
17,111,8,1.1,0.435900084262561,0.666666666666667,0.820833333333333,40,197,43,20
17,111,8,1.3,0.459731559928407,0.716666666666667,0.808333333333333,43,194,46,17
17,111,8,1.5,0.456085313748752,0.75,0.783333333333333,45,188,52,15
17,111,8,1.7,0.45877167326968,0.783333333333333,0.7625,47,183,57,13
17,111,8,1.9,0.458282959836601,0.816666666666667,0.7375,49,177,63,11
17,111,8,2.1,0.446301690498092,0.833333333333333,0.7125,50,171,69,10
17,111,8,2.3,0.422409917573327,0.866666666666667,0.658333333333333,52,158,82,8
17,111,8,2.5,0.41058435803751,0.883333333333333,0.629166666666667,53,151,89,7
17,111,8,2.7,0.426752025608536,0.916666666666667,0.616666666666667,55,148,92,5
17,111,8,2.9,0.413664397329808,0.933333333333333,0.583333333333333,56,140,100,4
17,111,9,0.1,0.490098029409803,0.5,0.9375,30,225,15,30
17,111,9,0.3,0.522989648281037,0.55,0.933333333333333,33,224,16,27
17,111,9,0.5,0.541561276888692,0.583333333333333,0.929166666666667,35,223,17,25
17,111,9,0.7,0.570261937906998,0.65,0.916666666666667,39,220,20,21
17,111,9,0.9,0.606835045547051,0.716666666666667,0.908333333333333,43,218,22,17
17,111,9,1.1,0.59707345488333,0.75,0.8875,45,213,27,15
17,111,9,1.3,0.590869970085166,0.8,0.858333333333333,48,206,34,12
17,111,9,1.5,0.594593302725871,0.85,0.833333333333333,51,200,40,9
17,111,9,1.7,0.562980309158615,0.85,0.808333333333333,51,194,46,9
17,111,9,1.9,0.55108416403699,0.866666666666667,0.7875,52,189,51,8
17,111,9,2.1,0.531333156898072,0.9,0.745833333333333,54,179,61,6
17,111,9,2.3,0.527992102047035,0.933333333333333,0.716666666666667,56,172,68,4
17,111,9,2.5,0.496924161148985,0.933333333333333,0.683333333333333,56,164,76,4
17,111,9,2.7,0.491575566766891,0.95,0.6625,57,159,81,3
17,111,9,2.9,0.49343202960987,0.983333333333333,0.633333333333333,59,152,88,1
17,111,10,0.1,0.593600459637472,0.566666666666667,0.958333333333333,34,230,10,26
17,111,10,0.3,0.541561276888692,0.583333333333333,0.929166666666667,35,223,17,25
17,111,10,0.5,0.559949639930132,0.616666666666667,0.925,37,222,18,23
17,111,10,0.7,0.568021490970537,0.666666666666667,0.908333333333333,40,218,22,20
17,111,10,0.9,0.559248603269602,0.683333333333333,0.895833333333333,41,215,25,19
17,111,10,1.1,0.564485487062371,0.733333333333333,0.875,44,210,30,16
17,111,10,1.3,0.543603559356221,0.783333333333333,0.833333333333333,47,200,40,13
17,111,10,1.5,0.57646545813057,0.833333333333333,0.829166666666667,50,199,41,10
17,111,10,1.7,0.583792312586954,0.85,0.825,51,198,42,9
17,111,10,1.9,0.575700088621494,0.866666666666667,0.808333333333333,52,194,46,8
17,111,10,2.1,0.5625,0.9,0.775,54,186,54,6
17,111,10,2.3,0.527051215261141,0.9,0.741666666666667,54,178,62,6
17,111,10,2.5,0.52399563793168,0.933333333333333,0.7125,56,171,69,4
17,111,10,2.7,0.509952278080596,0.95,0.683333333333333,57,164,76,3
17,111,10,2.9,0.491575566766891,0.95,0.6625,57,159,81,3
18,114,1,0.1,0.3766439878517,0.383333333333333,0.933333333333333,23,224,16,37
18,114,1,0.3,0.373408022407469,0.416666666666667,0.916666666666667,25,220,20,35
18,114,1,0.5,0.409193967641251,0.5,0.895833333333333,30,215,25,30
18,114,1,0.7,0.49921242640924,0.616666666666667,0.891666666666667,37,214,26,23
18,114,1,0.9,0.498898034571443,0.633333333333333,0.883333333333333,38,212,28,22
18,114,1,1.1,0.501556827846309,0.7,0.85,42,204,36,18
18,114,1,1.3,0.512305115325693,0.75,0.829166666666667,45,199,41,15
18,114,1,1.5,0.524596420754523,0.8,0.808333333333333,48,194,46,12
18,114,1,1.7,0.507861476945399,0.816666666666667,0.783333333333333,49,188,52,11
18,114,1,1.9,0.479913819133743,0.85,0.733333333333333,51,176,64,9
18,114,1,2.1,0.418765756358005,0.866666666666667,0.654166666666667,52,157,83,8
18,114,1,2.3,0.427274779095945,0.9,0.633333333333333,54,152,88,6
18,114,1,2.5,0.406702819635282,0.9,0.608333333333333,54,146,94,6
18,114,1,2.7,0.427132019473601,0.95,0.583333333333333,57,140,100,3
18,114,1,2.9,0.403603676397787,0.966666666666667,0.533333333333333,58,128,112,2
18,114,2,0.1,0.528877013647364,0.5,0.954166666666667,30,229,11,30
18,114,2,0.3,0.550454202296381,0.55,0.945833333333333,33,227,13,27
18,114,2,0.5,0.527997910831127,0.566666666666667,0.929166666666667,34,223,17,26
18,114,2,0.7,0.546608166610121,0.6,0.925,36,222,18,24
18,114,2,0.9,0.534190114215971,0.633333333333333,0.904166666666667,38,217,23,22
18,114,2,1.1,0.558416936413065,0.7,0.8875,42,213,27,18
18,114,2,1.3,0.533555295374185,0.733333333333333,0.854166666666667,44,205,35,16
18,114,2,1.5,0.523386598745164,0.75,0.8375,45,201,39,15
18,114,2,1.7,0.545544725589981,0.8,0.825,48,198,42,12
18,114,2,1.9,0.517496282238588,0.816666666666667,0.791666666666667,49,190,50,11
18,114,2,2.1,0.510416666666667,0.85,0.7625,51,183,57,9
18,114,2,2.3,0.47155311166022,0.85,0.725,51,174,66,9
18,114,2,2.5,0.437237316097603,0.866666666666667,0.675,52,162,78,8
18,114,2,2.7,0.427274779095945,0.9,0.633333333333333,54,152,88,6
18,114,2,2.9,0.386804221515083,0.9,0.583333333333333,54,140,100,6
18,114,3,0.1,0.478444007936822,0.416666666666667,0.9625,25,231,9,35
18,114,3,0.3,0.470718841125125,0.466666666666667,0.941666666666667,28,226,14,32
18,114,3,0.5,0.504197546641223,0.516666666666667,0.9375,31,225,15,29
18,114,3,0.7,0.576842863570451,0.616666666666667,0.933333333333333,37,224,16,23
18,114,3,0.9,0.588601979773817,0.683333333333333,0.9125,41,219,21,19
18,114,3,1.1,0.591082804679326,0.733333333333333,0.891666666666667,44,214,26,16
18,114,3,1.3,0.551825405536469,0.733333333333333,0.866666666666667,44,208,32,16
18,114,3,1.5,0.509175077217316,0.766666666666667,0.816666666666667,46,196,44,14
18,114,3,1.7,0.504626003606494,0.8,0.791666666666667,48,190,50,12
18,114,3,1.9,0.524142418360959,0.85,0.775,51,186,54,9
18,114,3,2.1,0.501318766420117,0.866666666666667,0.741666666666667,52,178,62,8
18,114,3,2.3,0.497404937501691,0.883333333333333,0.725,53,174,66,7
18,114,3,2.5,0.536917095238434,0.95,0.7125,57,171,69,3
18,114,3,2.7,0.509952278080596,0.95,0.683333333333333,57,164,76,3
18,114,3,2.9,0.498844162605197,0.95,0.670833333333333,57,161,79,3
18,114,4,0.1,0.407574946297051,0.416666666666667,0.933333333333333,25,224,16,35
18,114,4,0.3,0.447213595499958,0.5,0.916666666666667,30,220,20,30
18,114,4,0.5,0.49534006609204,0.566666666666667,0.9125,34,219,21,26
18,114,4,0.7,0.444538558150855,0.566666666666667,0.883333333333333,34,212,28,26
18,114,4,0.9,0.47286624374346,0.633333333333333,0.866666666666667,38,208,32,22
18,114,4,1.1,0.478679469436084,0.7,0.833333333333333,42,200,40,18
18,114,4,1.3,0.501602054730013,0.783333333333333,0.8,47,192,48,13
18,114,4,1.5,0.480882359701068,0.8,0.770833333333333,48,185,55,12
18,114,4,1.7,0.49709581280096,0.85,0.75,51,180,60,9
18,114,4,1.9,0.494146454479918,0.9,0.708333333333333,54,170,70,6
18,114,4,2.1,0.476402786101609,0.916666666666667,0.675,55,162,78,5
18,114,4,2.3,0.471268897966001,0.933333333333333,0.654166666666667,56,157,83,4
18,114,4,2.5,0.460655621212816,0.933333333333333,0.641666666666667,56,154,86,4
18,114,4,2.7,0.446676592923469,0.95,0.608333333333333,57,146,94,3
18,114,4,2.9,0.420758047342952,0.95,0.575,57,138,102,3
18,114,5,0.1,0.421135857470913,0.366666666666667,0.958333333333333,22,230,10,38
18,114,5,0.3,0.467256718486049,0.416666666666667,0.958333333333333,25,230,10,35
18,114,5,0.5,0.466760028009337,0.483333333333333,0.933333333333333,29,224,16,31
18,114,5,0.7,0.483628338492377,0.533333333333333,0.920833333333333,32,221,19,28
18,114,5,0.9,0.451577299657831,0.55,0.895833333333333,33,215,25,27
18,114,5,1.1,0.419802803260886,0.583333333333333,0.858333333333333,35,206,34,25
18,114,5,1.3,0.45787369319345,0.666666666666667,0.8375,40,201,39,20
18,114,5,1.5,0.483208615442374,0.733333333333333,0.816666666666667,44,196,44,16
18,114,5,1.7,0.475682625070852,0.75,0.8,45,192,48,15
18,114,5,1.9,0.423750934852148,0.75,0.754166666666667,45,181,59,15
18,114,5,2.1,0.403212080984825,0.783333333333333,0.708333333333333,47,170,70,13
18,114,5,2.3,0.392609511778565,0.8,0.683333333333333,48,164,76,12
18,114,5,2.5,0.399887625933321,0.833333333333333,0.6625,50,159,81,10
18,114,5,2.7,0.380685852357909,0.85,0.625,51,150,90,9
18,114,5,2.9,0.390034671289574,0.883333333333333,0.604166666666667,53,145,95,7
18,114,6,0.1,0.606788036412138,0.583333333333333,0.958333333333333,35,230,10,25
18,114,6,0.3,0.622830228381895,0.616666666666667,0.954166666666667,37,229,11,23
18,114,6,0.5,0.589989767134734,0.633333333333333,0.933333333333333,38,224,16,22
18,114,6,0.7,0.599289500480486,0.666666666666667,0.925,40,222,18,20
18,114,6,0.9,0.583333333333333,0.666666666666667,0.916666666666667,40,220,20,20
18,114,6,1.1,0.571380044523348,0.716666666666667,0.8875,43,213,27,17
18,114,6,1.3,0.571396096464553,0.766666666666667,0.8625,46,207,33,14
18,114,6,1.5,0.550948139279281,0.8,0.829166666666667,48,199,41,12
18,114,6,1.7,0.545544725589981,0.8,0.825,48,198,42,12
18,114,6,1.9,0.565685424949238,0.866666666666667,0.8,52,192,48,8
18,114,6,2.1,0.5625,0.9,0.775,54,186,54,6
18,114,6,2.3,0.556979400004462,0.933333333333333,0.745833333333333,56,179,61,4
18,114,6,2.5,0.540191726125263,0.933333333333333,0.729166666666667,56,175,65,4
18,114,6,2.7,0.525172156110405,0.95,0.7,57,168,72,3
18,114,6,2.9,0.497563087730951,0.966666666666667,0.654166666666667,58,157,83,2
18,114,7,0.1,0.635972703393219,0.533333333333333,0.983333333333333,32,236,4,28
18,114,7,0.3,0.650179080997677,0.583333333333333,0.975,35,234,6,25
18,114,7,0.5,0.653464039213071,0.616666666666667,0.966666666666667,37,232,8,23
18,114,7,0.7,0.678613554910736,0.65,0.966666666666667,39,232,8,21
18,114,7,0.9,0.689168787606317,0.716666666666667,0.95,43,228,12,17
18,114,7,1.1,0.692495641127807,0.733333333333333,0.945833333333333,44,227,13,16
18,114,7,1.3,0.717020524868358,0.766666666666667,0.945833333333333,46,227,13,14
18,114,7,1.5,0.72053550289596,0.783333333333333,0.941666666666667,47,226,14,13
18,114,7,1.7,0.707974219804893,0.8,0.929166666666667,48,223,17,12
18,114,7,1.9,0.69463447692309,0.833333333333333,0.908333333333333,50,218,22,10
18,114,7,2.1,0.692820323027551,0.85,0.9,51,216,24,9
18,114,7,2.3,0.671983281852822,0.866666666666667,0.879166666666667,52,211,29,8
18,114,7,2.5,0.678159289351997,0.9,0.866666666666667,54,208,32,6
18,114,7,2.7,0.678651350370505,0.916666666666667,0.858333333333333,55,206,34,5
18,114,7,2.9,0.648934109430232,0.95,0.816666666666667,57,196,44,3
18,114,8,0.1,0.504616600177301,0.483333333333333,0.95,29,228,12,31
18,114,8,0.3,0.504197546641223,0.516666666666667,0.9375,31,225,15,29
18,114,8,0.5,0.49753190478392,0.55,0.920833333333333,33,221,19,27
18,114,8,0.7,0.530399080892595,0.6,0.916666666666667,36,220,20,24
18,114,8,0.9,0.601510054771789,0.7,0.9125,42,219,21,18
18,114,8,1.1,0.578218955434805,0.716666666666667,0.891666666666667,43,214,26,17
18,114,8,1.3,0.590316497009737,0.783333333333333,0.866666666666667,47,208,32,13
18,114,8,1.5,0.573288209127865,0.8,0.845833333333333,48,203,37,12
18,114,8,1.7,0.558337613535269,0.816666666666667,0.825,49,198,42,11
18,114,8,1.9,0.550224627332216,0.833333333333333,0.808333333333333,50,194,46,10
18,114,8,2.1,0.573488782834017,0.883333333333333,0.795833333333333,53,191,49,7
18,114,8,2.3,0.544426373339722,0.9,0.758333333333333,54,182,58,6
18,114,8,2.5,0.535664615565359,0.916666666666667,0.7375,55,177,63,5
18,114,8,2.7,0.540191726125263,0.933333333333333,0.729166666666667,56,175,65,4
18,114,8,2.9,0.520032909853578,0.933333333333333,0.708333333333333,56,170,70,4
18,114,9,0.1,0.435960169724459,0.416666666666667,0.945833333333333,25,227,13,35
18,114,9,0.3,0.457940890986064,0.483333333333333,0.929166666666667,29,223,17,31
18,114,9,0.5,0.49753190478392,0.55,0.920833333333333,33,221,19,27
18,114,9,0.7,0.506280024560696,0.616666666666667,0.895833333333333,37,215,25,23
18,114,9,0.9,0.472211598204615,0.616666666666667,0.875,37,210,30,23
18,114,9,1.1,0.473865920643901,0.65,0.858333333333333,39,206,34,21
18,114,9,1.3,0.476794093738634,0.683333333333333,0.841666666666667,41,202,38,19
18,114,9,1.5,0.473156501720899,0.7,0.829166666666667,42,199,41,18
18,114,9,1.7,0.519516413827514,0.8,0.804166666666667,48,193,47,12
18,114,9,1.9,0.55108416403699,0.866666666666667,0.7875,52,189,51,8
18,114,9,2.1,0.536078709496208,0.883333333333333,0.7625,53,183,57,7
18,114,9,2.3,0.501545850242725,0.883333333333333,0.729166666666667,53,175,65,7
18,114,9,2.5,0.506217403727447,0.9,0.720833333333333,54,173,67,6
18,114,9,2.7,0.483897631381498,0.916666666666667,0.683333333333333,55,164,76,5
18,114,9,2.9,0.42337096798099,0.916666666666667,0.6125,55,147,93,5
18,114,10,0.1,0.516688907447979,0.433333333333333,0.970833333333333,26,233,7,34
18,114,10,0.3,0.533396460910442,0.466666666666667,0.966666666666667,28,232,8,32
18,114,10,0.5,0.539319371630006,0.5,0.958333333333333,30,230,10,30
18,114,10,0.7,0.550454202296381,0.55,0.945833333333333,33,227,13,27
18,114,10,0.9,0.598692972039029,0.633333333333333,0.9375,38,225,15,22
18,114,10,1.1,0.5625,0.65,0.9125,39,219,21,21
18,114,10,1.3,0.558416936413065,0.7,0.8875,42,213,27,18
18,114,10,1.5,0.545051939117336,0.7,0.879166666666667,42,211,29,18
18,114,10,1.7,0.545153792299961,0.716666666666667,0.870833333333333,43,209,31,17
18,114,10,1.9,0.508800393974976,0.716666666666667,0.845833333333333,43,203,37,17
18,114,10,2.1,0.534941312068772,0.8,0.816666666666667,48,196,44,12
18,114,10,2.3,0.489199590470229,0.816666666666667,0.766666666666667,49,184,56,11
18,114,10,2.5,0.509969007938473,0.866666666666667,0.75,52,180,60,8
18,114,10,2.7,0.511069278263476,0.916666666666667,0.7125,55,171,69,5
18,114,10,2.9,0.489459110838935,0.933333333333333,0.675,56,162,78,4
19,124,1,0.1,0.509175077217316,0.533333333333333,0.933333333333333,32,224,16,28
19,124,1,0.3,0.533142646633296,0.583333333333333,0.925,35,222,18,25
19,124,1,0.5,0.541666666666667,0.633333333333333,0.908333333333333,38,218,22,22
19,124,1,0.7,0.56059100342677,0.666666666666667,0.904166666666667,40,217,23,20
19,124,1,0.9,0.579365459502321,0.7,0.9,42,216,24,18
19,124,1,1.1,0.578218955434805,0.716666666666667,0.891666666666667,43,214,26,17
19,124,1,1.3,0.552475695919369,0.75,0.858333333333333,45,206,34,15
19,124,1,1.5,0.569191455149456,0.816666666666667,0.833333333333333,49,200,40,11
19,124,1,1.7,0.517496282238588,0.816666666666667,0.791666666666667,49,190,50,11
19,124,1,1.9,0.524142418360959,0.85,0.775,51,186,54,9
19,124,1,2.1,0.514193377643296,0.883333333333333,0.741666666666667,53,178,62,7
19,124,1,2.3,0.503148724468721,0.916666666666667,0.704166666666667,55,169,71,5
19,124,1,2.5,0.485768277375286,0.933333333333333,0.670833333333333,56,161,79,4
19,124,1,2.7,0.50469222406288,0.966666666666667,0.6625,58,159,81,2
19,124,1,2.9,0.483602075824676,0.966666666666667,0.6375,58,153,87,2
19,124,2,0.1,0.636172801762148,0.516666666666667,0.9875,31,237,3,29
19,124,2,0.3,0.636401627069038,0.55,0.979166666666667,33,235,5,27
19,124,2,0.5,0.666095841434276,0.633333333333333,0.966666666666667,38,232,8,22
19,124,2,0.7,0.661106627847378,0.666666666666667,0.954166666666667,40,229,11,20
19,124,2,0.9,0.628769048385984,0.683333333333333,0.933333333333333,41,224,16,19
19,124,2,1.1,0.645833333333333,0.716666666666667,0.929166666666667,43,223,17,17
19,124,2,1.3,0.647290715250188,0.75,0.916666666666667,45,220,20,15
19,124,2,1.5,0.669893845303236,0.8,0.908333333333333,48,218,22,12
19,124,2,1.7,0.672542110066641,0.85,0.8875,51,213,27,9
19,124,2,1.9,0.665998099190472,0.85,0.883333333333333,51,212,28,9
19,124,2,2.1,0.647938825252274,0.883333333333333,0.854166666666667,53,205,35,7
19,124,2,2.3,0.616427806863547,0.9,0.820833333333333,54,197,43,6
19,124,2,2.5,0.621285968372913,0.933333333333333,0.804166666666667,56,193,47,4
19,124,2,2.7,0.606688070029633,0.933333333333333,0.791666666666667,56,190,50,4
19,124,2,2.9,0.583397169190016,0.933333333333333,0.770833333333333,56,185,55,4
19,124,3,0.1,0.583596537153706,0.483333333333333,0.979166666666667,29,235,5,31
19,124,3,0.3,0.636401627069038,0.55,0.979166666666667,33,235,5,27
19,124,3,0.5,0.638832712955527,0.583333333333333,0.970833333333333,35,233,7,25
19,124,3,0.7,0.655687421298887,0.633333333333333,0.9625,38,231,9,22
19,124,3,0.9,0.642393188976184,0.666666666666667,0.945833333333333,40,227,13,20
19,124,3,1.1,0.666666666666667,0.733333333333333,0.933333333333333,44,224,16,16
19,124,3,1.3,0.687746384953325,0.783333333333333,0.925,47,222,18,13
19,124,3,1.5,0.698269865342461,0.866666666666667,0.895833333333333,52,215,25,8
19,124,3,1.7,0.659438589012592,0.866666666666667,0.870833333333333,52,209,31,8
19,124,3,1.9,0.659731047793519,0.883333333333333,0.8625,53,207,33,7
19,124,3,2.1,0.627002568412516,0.9,0.829166666666667,54,199,41,6
19,124,3,2.3,0.59603187224842,0.9,0.804166666666667,54,193,47,6
19,124,3,2.5,0.598854626939812,0.916666666666667,0.795833333333333,55,191,49,5
19,124,3,2.7,0.592565253708799,0.933333333333333,0.779166666666667,56,187,53,4
19,124,3,2.9,0.553054196762857,0.95,0.729166666666667,57,175,65,3
19,124,4,0.1,0.559040521531136,0.483333333333333,0.970833333333333,29,233,7,31
19,124,4,0.3,0.561236080564821,0.5,0.966666666666667,30,232,8,30
19,124,4,0.5,0.583450035011671,0.566666666666667,0.954166666666667,34,229,11,26
19,124,4,0.7,0.603738353924943,0.616666666666667,0.945833333333333,37,227,13,23
19,124,4,0.9,0.603022689155527,0.65,0.933333333333333,39,224,16,21
19,124,4,1.1,0.593986906350009,0.7,0.908333333333333,42,218,22,18
19,124,4,1.3,0.610785564835303,0.75,0.895833333333333,45,215,25,15
19,124,4,1.5,0.602877807235567,0.783333333333333,0.875,47,210,30,13
19,124,4,1.7,0.604446323118084,0.833333333333333,0.85,50,204,36,10
19,124,4,1.9,0.601810593839638,0.866666666666667,0.829166666666667,52,199,41,8
19,124,4,2.1,0.591080463289049,0.9,0.8,54,192,48,6
19,124,4,2.3,0.570664432689512,0.916666666666667,0.770833333333333,55,185,55,5
19,124,4,2.5,0.561275320148228,0.933333333333333,0.75,56,180,60,4
19,124,4,2.7,0.532969282392319,0.95,0.708333333333333,57,170,70,3
19,124,4,2.9,0.506221409155336,0.95,0.679166666666667,57,163,77,3
19,124,5,0.1,0.435960169724459,0.416666666666667,0.945833333333333,25,227,13,35
19,124,5,0.3,0.550454202296381,0.55,0.945833333333333,33,227,13,27
19,124,5,0.5,0.603738353924943,0.616666666666667,0.945833333333333,37,227,13,23
19,124,5,0.7,0.624559213768225,0.666666666666667,0.9375,40,225,15,20
19,124,5,0.9,0.637715330149298,0.716666666666667,0.925,43,222,18,17
19,124,5,1.1,0.647290715250188,0.75,0.916666666666667,45,220,20,15
19,124,5,1.3,0.650191085147258,0.783333333333333,0.904166666666667,47,217,23,13
19,124,5,1.5,0.647628427330995,0.816666666666667,0.8875,49,213,27,11
19,124,5,1.7,0.640810380283423,0.85,0.866666666666667,51,208,32,9
19,124,5,1.9,0.63542848492315,0.866666666666667,0.854166666666667,52,205,35,8
19,124,5,2.1,0.643375361812442,0.9,0.841666666666667,54,202,38,6
19,124,5,2.3,0.629005652382743,0.916666666666667,0.820833333333333,55,197,43,5
19,124,5,2.5,0.606688070029633,0.933333333333333,0.791666666666667,56,190,50,4
19,124,5,2.7,0.578351744823806,0.966666666666667,0.741666666666667,58,178,62,2
19,124,5,2.9,0.566701515455124,0.983333333333333,0.716666666666667,59,172,68,1
19,124,6,0.1,0.559040521531136,0.483333333333333,0.970833333333333,29,233,7,31
19,124,6,0.3,0.563833888522279,0.516666666666667,0.9625,31,231,9,29
19,124,6,0.5,0.556487068320094,0.533333333333333,0.954166666666667,32,229,11,28
19,124,6,0.7,0.554992755101873,0.6,0.929166666666667,36,223,17,24
19,124,6,0.9,0.557086014531156,0.633333333333333,0.916666666666667,38,220,20,22
19,124,6,1.1,0.573644889009255,0.683333333333333,0.904166666666667,41,217,23,19
19,124,6,1.3,0.598020974456545,0.733333333333333,0.895833333333333,44,215,25,16
19,124,6,1.5,0.565333771083307,0.766666666666667,0.858333333333333,46,206,34,14
19,124,6,1.7,0.57646545813057,0.833333333333333,0.829166666666667,50,199,41,10
19,124,6,1.9,0.56808906328456,0.85,0.8125,51,195,45,9
19,124,6,2.1,0.555897102378986,0.866666666666667,0.791666666666667,52,190,50,8
19,124,6,2.3,0.561655056040346,0.916666666666667,0.7625,55,183,57,5
19,124,6,2.5,0.527320708515823,0.916666666666667,0.729166666666667,55,175,65,5
19,124,6,2.7,0.527992102047035,0.933333333333333,0.716666666666667,56,172,68,4
19,124,6,2.9,0.504504595497234,0.933333333333333,0.691666666666667,56,166,74,4
19,124,7,0.1,0.556115298968001,0.45,0.979166666666667,27,235,5,33
19,124,7,0.3,0.624436085122555,0.55,0.975,33,234,6,27
19,124,7,0.5,0.653464039213071,0.616666666666667,0.966666666666667,37,232,8,23
19,124,7,0.7,0.664243297444762,0.683333333333333,0.95,41,228,12,19
19,124,7,0.9,0.617010286962633,0.7,0.920833333333333,42,221,19,18
19,124,7,1.1,0.614328923690763,0.716666666666667,0.9125,43,219,21,17
19,124,7,1.3,0.63971602820048,0.75,0.9125,45,219,21,15
19,124,7,1.5,0.63048832499128,0.766666666666667,0.9,46,216,24,14
19,124,7,1.7,0.616585659291282,0.766666666666667,0.891666666666667,46,214,26,14
19,124,7,1.9,0.596548651302049,0.783333333333333,0.870833333333333,47,209,31,13
19,124,7,2.1,0.580333529582992,0.816666666666667,0.841666666666667,49,202,38,11
19,124,7,2.3,0.550224627332216,0.833333333333333,0.808333333333333,50,194,46,10
19,124,7,2.5,0.545138888888889,0.883333333333333,0.770833333333333,53,185,55,7
19,124,7,2.7,0.540019735432134,0.9,0.754166666666667,54,181,59,6
19,124,7,2.9,0.527320708515823,0.916666666666667,0.729166666666667,55,175,65,5
19,124,8,0.1,0.586291262732893,0.516666666666667,0.970833333333333,31,233,7,29
19,124,8,0.3,0.604050065612409,0.566666666666667,0.9625,34,231,9,26
19,124,8,0.5,0.635702934548502,0.633333333333333,0.954166666666667,38,229,11,22
19,124,8,0.7,0.642393188976184,0.666666666666667,0.945833333333333,40,227,13,20
19,124,8,0.9,0.654123987599204,0.716666666666667,0.933333333333333,43,224,16,17
19,124,8,1.1,0.642429106116809,0.733333333333333,0.920833333333333,44,221,19,16
19,124,8,1.3,0.643082863419015,0.783333333333333,0.9,47,216,24,13
19,124,8,1.5,0.615840287135601,0.783333333333333,0.883333333333333,47,212,28,13
19,124,8,1.7,0.597625832609727,0.816666666666667,0.854166666666667,49,205,35,11
19,124,8,1.9,0.600099198148979,0.85,0.8375,51,201,39,9
19,124,8,2.1,0.596458944145554,0.866666666666667,0.825,52,198,42,8
19,124,8,2.3,0.578397793187816,0.883333333333333,0.8,53,192,48,7
19,124,8,2.5,0.55337157109286,0.9,0.766666666666667,54,184,56,6
19,124,8,2.7,0.515079663596088,0.916666666666667,0.716666666666667,55,172,68,5
19,124,8,2.9,0.495356801903295,0.916666666666667,0.695833333333333,55,167,73,5
19,124,9,0.1,0.456095773237176,0.45,0.941666666666667,27,226,14,33
19,124,9,0.3,0.481069218813643,0.5,0.933333333333333,30,224,16,30
19,124,9,0.5,0.533142646633296,0.583333333333333,0.925,35,222,18,25
19,124,9,0.7,0.509012021179184,0.583333333333333,0.9125,35,219,21,25
19,124,9,0.9,0.547441002167256,0.65,0.904166666666667,39,217,23,21
19,124,9,1.1,0.525445754257,0.683333333333333,0.875,41,210,30,19
19,124,9,1.3,0.506490402775141,0.683333333333333,0.8625,41,207,33,19
19,124,9,1.5,0.489955934938866,0.7,0.841666666666667,42,202,38,18
19,124,9,1.7,0.488508604016063,0.733333333333333,0.820833333333333,44,197,43,16
19,124,9,1.9,0.506630789906766,0.783333333333333,0.804166666666667,47,193,47,13
19,124,9,2.1,0.515983261869029,0.833333333333333,0.779166666666667,50,187,53,10
19,124,9,2.3,0.522821654685888,0.883333333333333,0.75,53,180,60,7
19,124,9,2.5,0.493300017643834,0.883333333333333,0.720833333333333,53,173,67,7
19,124,9,2.7,0.478507931090258,0.9,0.691666666666667,54,166,74,6
19,124,9,2.9,0.455934514206131,0.9,0.666666666666667,54,160,80,6
19,124,10,0.1,0.504732140241043,0.433333333333333,0.966666666666667,26,232,8,34
19,124,10,0.3,0.504616600177301,0.483333333333333,0.95,29,228,12,31
19,124,10,0.5,0.508924071027778,0.5,0.945833333333333,30,227,13,30
19,124,10,0.7,0.56398288685149,0.566666666666667,0.945833333333333,34,227,13,26
19,124,10,0.9,0.570261937906998,0.65,0.916666666666667,39,220,20,21
19,124,10,1.1,0.58517921268048,0.716666666666667,0.895833333333333,43,215,25,17
19,124,10,1.3,0.564485487062371,0.733333333333333,0.875,44,210,30,16
19,124,10,1.5,0.558105260216638,0.733333333333333,0.870833333333333,44,209,31,16
19,124,10,1.7,0.534774719760625,0.75,0.845833333333333,45,203,37,15
19,124,10,1.9,0.532704823409106,0.783333333333333,0.825,47,198,42,13
19,124,10,2.1,0.514495755427526,0.8,0.8,48,192,48,12
19,124,10,2.3,0.520713741468924,0.833333333333333,0.783333333333333,50,188,52,10
19,124,10,2.5,0.492740325237849,0.85,0.745833333333333,51,179,61,9
19,124,10,2.7,0.501318766420117,0.866666666666667,0.741666666666667,52,178,62,8
19,124,10,2.9,0.502159638778545,0.9,0.716666666666667,54,172,68,6
20,130,1,0.1,0.512494809064049,0.383333333333333,0.983333333333333,23,236,4,37
20,130,1,0.3,0.527777777777778,0.416666666666667,0.979166666666667,25,235,5,35
20,130,1,0.5,0.516688907447979,0.433333333333333,0.970833333333333,26,233,7,34
20,130,1,0.7,0.518751375933811,0.5,0.95,30,228,12,30
20,130,1,0.9,0.477904333774051,0.516666666666667,0.925,31,222,18,29
20,130,1,1.1,0.48944242969614,0.55,0.916666666666667,33,220,20,27
20,130,1,1.3,0.466237901752362,0.55,0.904166666666667,33,217,23,27
20,130,1,1.5,0.478781178338724,0.616666666666667,0.879166666666667,37,211,29,23
20,130,1,1.7,0.469328925885917,0.666666666666667,0.845833333333333,40,203,37,20
20,130,1,1.9,0.467707173346743,0.7,0.825,42,198,42,18
20,130,1,2.1,0.467698390558764,0.733333333333333,0.804166666666667,44,193,47,16
20,130,1,2.3,0.473901146317062,0.766666666666667,0.7875,46,189,51,14
20,130,1,2.5,0.462754980839643,0.8,0.754166666666667,48,181,59,12
20,130,1,2.7,0.446301690498092,0.833333333333333,0.7125,50,171,69,10
20,130,1,2.9,0.482370932798112,0.9,0.695833333333333,54,167,73,6
20,130,2,0.1,0.478444007936822,0.416666666666667,0.9625,25,231,9,35
20,130,2,0.3,0.49029033784546,0.466666666666667,0.95,28,228,12,32
20,130,2,0.5,0.470718841125125,0.466666666666667,0.941666666666667,28,226,14,32
20,130,2,0.7,0.504197546641223,0.516666666666667,0.9375,31,225,15,29
20,130,2,0.9,0.481535765823202,0.55,0.9125,33,219,21,27
20,130,2,1.1,0.526860513363976,0.633333333333333,0.9,38,216,24,22
20,130,2,1.3,0.538614917391325,0.683333333333333,0.883333333333333,41,212,28,19
20,130,2,1.5,0.538860251243651,0.716666666666667,0.866666666666667,43,208,32,17
20,130,2,1.7,0.539553557228605,0.733333333333333,0.858333333333333,44,206,34,16
20,130,2,1.9,0.54916159844265,0.783333333333333,0.8375,47,201,39,13
20,130,2,2.1,0.524596420754523,0.8,0.808333333333333,48,194,46,12
20,130,2,2.3,0.515983261869029,0.833333333333333,0.779166666666667,50,187,53,10
20,130,2,2.5,0.527777777777778,0.866666666666667,0.766666666666667,52,184,56,8
20,130,2,2.7,0.484486467581407,0.866666666666667,0.725,52,174,66,8
20,130,2,2.9,0.494146454479918,0.9,0.708333333333333,54,170,70,6
20,130,3,0.1,0.5,0.4,0.975,24,234,6,36
20,130,3,0.3,0.504616600177301,0.483333333333333,0.95,29,228,12,31
20,130,3,0.5,0.522933738252059,0.516666666666667,0.945833333333333,31,227,13,29
20,130,3,0.7,0.505813124661752,0.55,0.925,33,222,18,27
20,130,3,0.9,0.535984271556491,0.616666666666667,0.9125,37,219,21,23
20,130,3,1.1,0.534190114215971,0.633333333333333,0.904166666666667,38,217,23,22
20,130,3,1.3,0.505839569396664,0.666666666666667,0.870833333333333,40,209,31,20
20,130,3,1.5,0.484278454519632,0.7,0.8375,42,201,39,18
20,130,3,1.7,0.488508604016063,0.733333333333333,0.820833333333333,44,197,43,16
20,130,3,1.9,0.438269481180441,0.733333333333333,0.779166666666667,44,187,53,16
20,130,3,2.1,0.432352417722267,0.766666666666667,0.75,46,180,60,14
20,130,3,2.3,0.408248290463863,0.8,0.7,48,168,72,12
20,130,3,2.5,0.448638699735307,0.866666666666667,0.6875,52,165,75,8
20,130,3,2.7,0.426078548133129,0.866666666666667,0.6625,52,159,81,8
20,130,3,2.9,0.417595690488163,0.883333333333333,0.6375,53,153,87,7
20,130,4,0.1,0.366899692852671,0.3,0.9625,18,231,9,42
20,130,4,0.3,0.377800134462274,0.333333333333333,0.954166666666667,20,229,11,40
20,130,4,0.5,0.49029033784546,0.466666666666667,0.95,28,228,12,32
20,130,4,0.7,0.495204486015942,0.516666666666667,0.933333333333333,31,224,16,29
20,130,4,0.9,0.49753190478392,0.55,0.920833333333333,33,221,19,27
20,130,4,1.1,0.5625,0.65,0.9125,39,219,21,21
20,130,4,1.3,0.551548858454376,0.716666666666667,0.875,43,210,30,17
20,130,4,1.5,0.559360385452908,0.766666666666667,0.854166666666667,46,205,35,14
20,130,4,1.7,0.550948139279281,0.8,0.829166666666667,48,199,41,12
20,130,4,1.9,0.532360191379871,0.816666666666667,0.804166666666667,49,193,47,11
20,130,4,2.1,0.536953809106687,0.866666666666667,0.775,52,186,54,8
20,130,4,2.3,0.539894142335614,0.916666666666667,0.741666666666667,55,178,62,5
20,130,4,2.5,0.523204564926355,0.916666666666667,0.725,55,174,66,5
20,130,4,2.7,0.512205672716332,0.933333333333333,0.7,56,168,72,4
20,130,4,2.9,0.482104425605022,0.933333333333333,0.666666666666667,56,160,80,4
20,130,5,0.1,0.519174131651165,0.45,0.966666666666667,27,232,8,33
20,130,5,0.3,0.528877013647364,0.5,0.954166666666667,30,229,11,30
20,130,5,0.5,0.583450035011671,0.566666666666667,0.954166666666667,34,229,11,26
20,130,5,0.7,0.596710857951539,0.583333333333333,0.954166666666667,35,229,11,25
20,130,5,0.9,0.585590648993463,0.616666666666667,0.9375,37,225,15,23
20,130,5,1.1,0.573173200319417,0.633333333333333,0.925,38,222,18,22
20,130,5,1.3,0.596305243775967,0.683333333333333,0.916666666666667,41,220,20,19
20,130,5,1.5,0.614328923690763,0.716666666666667,0.9125,43,219,21,17
20,130,5,1.7,0.624987322386635,0.75,0.904166666666667,45,217,23,15
20,130,5,1.9,0.622480571349601,0.783333333333333,0.8875,47,213,27,13
20,130,5,2.1,0.584925754095915,0.8,0.854166666666667,48,205,35,12
20,130,5,2.3,0.562980309158615,0.85,0.808333333333333,51,194,46,9
20,130,5,2.5,0.55337157109286,0.9,0.766666666666667,54,184,56,6
20,130,5,2.7,0.522808884666765,0.9,0.7375,54,177,63,6
20,130,5,2.9,0.519124491439982,0.916666666666667,0.720833333333333,55,173,67,5
20,130,6,0.1,0.383521663260356,0.35,0.95,21,228,12,39
20,130,6,0.3,0.426202407305871,0.416666666666667,0.941666666666667,25,226,14,35
20,130,6,0.5,0.440981986518568,0.483333333333333,0.920833333333333,29,221,19,31
20,130,6,0.7,0.444850842038951,0.533333333333333,0.9,32,216,24,28
20,130,6,0.9,0.416666666666667,0.533333333333333,0.883333333333333,32,212,28,28
20,130,6,1.1,0.42594677385586,0.583333333333333,0.8625,35,207,33,25
20,130,6,1.3,0.45787369319345,0.666666666666667,0.8375,40,201,39,20
20,130,6,1.5,0.467707173346743,0.7,0.825,42,198,42,18
20,130,6,1.7,0.464905258796829,0.716666666666667,0.8125,43,195,45,17
20,130,6,1.9,0.441941738241592,0.75,0.770833333333333,45,185,55,15
20,130,6,2.1,0.436627029048589,0.783333333333333,0.741666666666667,47,178,62,13
20,130,6,2.3,0.430362613662521,0.833333333333333,0.695833333333333,50,167,73,10
20,130,6,2.5,0.422409917573327,0.866666666666667,0.658333333333333,52,158,82,8
20,130,6,2.7,0.390425361550088,0.866666666666667,0.620833333333333,52,149,91,8
20,130,6,2.9,0.370667803611648,0.9,0.5625,54,135,105,6
20,130,7,0.1,0.436788560935405,0.383333333333333,0.958333333333333,23,230,10,37
20,130,7,0.3,0.426202407305871,0.416666666666667,0.941666666666667,25,226,14,35
20,130,7,0.5,0.44342202660887,0.466666666666667,0.929166666666667,28,223,17,32
20,130,7,0.7,0.48944242969614,0.55,0.916666666666667,33,220,20,27
20,130,7,0.9,0.472679042632496,0.566666666666667,0.9,34,216,24,26
20,130,7,1.1,0.545371102974325,0.683333333333333,0.8875,41,213,27,19
20,130,7,1.3,0.551548858454376,0.716666666666667,0.875,43,210,30,17
20,130,7,1.5,0.558551921919753,0.75,0.8625,45,207,33,15
20,130,7,1.7,0.530733356884172,0.766666666666667,0.833333333333333,46,200,40,14
20,130,7,1.9,0.534941312068772,0.8,0.816666666666667,48,196,44,12
20,130,7,2.1,0.55908524625169,0.883333333333333,0.783333333333333,53,188,52,7
20,130,7,2.3,0.535655668229714,0.9,0.75,54,180,60,6
20,130,7,2.5,0.502159638778545,0.9,0.716666666666667,54,172,68,6
20,130,7,2.7,0.493177532091103,0.933333333333333,0.679166666666667,56,163,77,4
20,130,7,2.9,0.483602075824676,0.966666666666667,0.6375,58,153,87,2
20,130,8,0.1,0.512569285782198,0.366666666666667,0.9875,22,237,3,38
20,130,8,0.3,0.555748463823353,0.416666666666667,0.9875,25,237,3,35
20,130,8,0.5,0.569437883827195,0.45,0.983333333333333,27,236,4,33
20,130,8,0.7,0.542767643338155,0.516666666666667,0.954166666666667,31,229,11,29
20,130,8,0.9,0.57358253012396,0.566666666666667,0.95,34,228,12,26
20,130,8,1.1,0.590617620041516,0.6,0.945833333333333,36,227,13,24
20,130,8,1.3,0.615947319746239,0.666666666666667,0.933333333333333,40,224,16,20
20,130,8,1.5,0.614328923690763,0.716666666666667,0.9125,43,219,21,17
20,130,8,1.7,0.657427031521765,0.783333333333333,0.908333333333333,47,218,22,13
20,130,8,1.9,0.672542110066641,0.85,0.8875,51,213,27,9
20,130,8,2.1,0.623921402759981,0.866666666666667,0.845833333333333,52,203,37,8
20,130,8,2.3,0.625303020188497,0.883333333333333,0.8375,53,201,39,7
20,130,8,2.5,0.601040764008565,0.9,0.808333333333333,54,194,46,6
20,130,8,2.7,0.592565253708799,0.933333333333333,0.779166666666667,56,187,53,4
20,130,8,2.9,0.569992570039311,0.933333333333333,0.758333333333333,56,182,58,4
20,130,9,0.1,0.569437883827195,0.45,0.983333333333333,27,236,4,33
20,130,9,0.3,0.583596537153706,0.483333333333333,0.979166666666667,29,235,5,31
20,130,9,0.5,0.601658254057552,0.55,0.966666666666667,33,232,8,27
20,130,9,0.7,0.570044885842334,0.55,0.954166666666667,33,229,11,27
20,130,9,0.9,0.590617620041516,0.6,0.945833333333333,36,227,13,24
20,130,9,1.1,0.551786140606006,0.616666666666667,0.920833333333333,37,221,19,23
20,130,9,1.3,0.553302871668501,0.666666666666667,0.9,40,216,24,20
20,130,9,1.5,0.578218955434805,0.716666666666667,0.891666666666667,43,214,26,17
20,130,9,1.7,0.609811061812233,0.766666666666667,0.8875,46,213,27,14
20,130,9,1.9,0.609236897554921,0.8,0.870833333333333,48,209,31,12
20,130,9,2.1,0.61027454520063,0.833333333333333,0.854166666666667,50,205,35,10
20,130,9,2.3,0.605678086889806,0.85,0.841666666666667,51,202,38,9
20,130,9,2.5,0.562980309158615,0.85,0.808333333333333,51,194,46,9
20,130,9,2.7,0.546323519313513,0.866666666666667,0.783333333333333,52,188,52,8
20,130,9,2.9,0.57888373874097,0.933333333333333,0.766666666666667,56,184,56,4
20,130,10,0.1,0.557308404849485,0.466666666666667,0.975,28,234,6,32
20,130,10,0.3,0.612862922306825,0.55,0.970833333333333,33,233,7,27
20,130,10,0.5,0.596710857951539,0.583333333333333,0.954166666666667,35,229,11,25
20,130,10,0.7,0.648459713474939,0.65,0.954166666666667,39,229,11,21
20,130,10,0.9,0.667632262993619,0.7,0.945833333333333,42,227,13,18
20,130,10,1.1,0.683696472379145,0.733333333333333,0.941666666666667,44,226,14,16
20,130,10,1.3,0.700066596898638,0.8,0.925,48,222,18,12
20,130,10,1.5,0.6667890316899,0.833333333333333,0.891666666666667,50,214,26,10
20,130,10,1.7,0.646965220409707,0.85,0.870833333333333,51,209,31,9
20,130,10,1.9,0.618284022335312,0.866666666666667,0.841666666666667,52,202,38,8
20,130,10,2.1,0.591173850217515,0.866666666666667,0.820833333333333,52,197,43,8
20,130,10,2.3,0.578397793187816,0.883333333333333,0.8,53,192,48,7
20,130,10,2.5,0.57182093956816,0.9,0.783333333333333,54,188,52,6
20,130,10,2.7,0.569992570039311,0.933333333333333,0.758333333333333,56,182,58,4
20,130,10,2.9,0.553054196762857,0.95,0.729166666666667,57,175,65,3
21,133,1,0.1,0.395353757496942,0.383333333333333,0.941666666666667,23,226,14,37
21,133,1,0.3,0.481069218813643,0.5,0.933333333333333,30,224,16,30
21,133,1,0.5,0.461443552323002,0.516666666666667,0.916666666666667,31,220,20,29
21,133,1,0.7,0.458831467741124,0.55,0.9,33,216,24,27
21,133,1,0.9,0.485699535757415,0.6,0.891666666666667,36,214,26,24
21,133,1,1.1,0.505839569396664,0.666666666666667,0.870833333333333,40,209,31,20
21,133,1,1.3,0.500370233297676,0.683333333333333,0.858333333333333,41,206,34,19
21,133,1,1.5,0.530733356884172,0.766666666666667,0.833333333333333,46,200,40,14
21,133,1,1.7,0.511719187576219,0.783333333333333,0.808333333333333,47,194,46,13
21,133,1,1.9,0.502086678645214,0.833333333333333,0.766666666666667,50,184,56,10
21,133,1,2.1,0.514356084078771,0.866666666666667,0.754166666666667,52,181,59,8
21,133,1,2.3,0.480370521833825,0.866666666666667,0.720833333333333,52,173,67,8
21,133,1,2.5,0.437237316097603,0.866666666666667,0.675,52,162,78,8
21,133,1,2.7,0.430776096089213,0.9,0.6375,54,153,87,6
21,133,1,2.9,0.420009333644456,0.916666666666667,0.608333333333333,55,146,94,5
21,133,2,0.1,0.472222222222222,0.383333333333333,0.970833333333333,23,233,7,37
21,133,2,0.3,0.502123522369166,0.416666666666667,0.970833333333333,25,233,7,35
21,133,2,0.5,0.522069705412629,0.466666666666667,0.9625,28,231,9,32
21,133,2,0.7,0.518130619627792,0.533333333333333,0.9375,32,225,15,28
21,133,2,0.9,0.559016994374947,0.583333333333333,0.9375,35,225,15,25
21,133,2,1.1,0.543800258063554,0.616666666666667,0.916666666666667,37,220,20,23
21,133,2,1.3,0.5625,0.65,0.9125,39,219,21,21
21,133,2,1.5,0.572256428332712,0.7,0.895833333333333,42,215,25,18
21,133,2,1.7,0.526564160750053,0.716666666666667,0.858333333333333,43,206,34,17
21,133,2,1.9,0.509175077217316,0.766666666666667,0.816666666666667,46,196,44,14
21,133,2,2.1,0.517496282238588,0.816666666666667,0.791666666666667,49,190,50,11
21,133,2,2.3,0.489199590470229,0.816666666666667,0.766666666666667,49,184,56,11
21,133,2,2.5,0.492827110374054,0.866666666666667,0.733333333333333,52,176,64,8
21,133,2,2.7,0.50709255283711,0.916666666666667,0.708333333333333,55,170,70,5
21,133,2,2.9,0.489459110838935,0.933333333333333,0.675,56,162,78,4
21,133,3,0.1,0.309970798069413,0.2,0.979166666666667,12,235,5,48
21,133,3,0.3,0.33407655239053,0.233333333333333,0.975,14,234,6,46
21,133,3,0.5,0.422115882408869,0.316666666666667,0.975,19,234,6,41
21,133,3,0.7,0.502123522369166,0.416666666666667,0.970833333333333,25,233,7,35
21,133,3,0.9,0.550098455941299,0.5,0.9625,30,231,9,30
21,133,3,1.1,0.590617620041516,0.6,0.945833333333333,36,227,13,24
21,133,3,1.3,0.650011245966592,0.7,0.9375,42,225,15,18
21,133,3,1.5,0.683348157461829,0.766666666666667,0.929166666666667,46,223,17,14
21,133,3,1.7,0.684699486945868,0.8,0.916666666666667,48,220,20,12
21,133,3,1.9,0.661143960874421,0.816666666666667,0.895833333333333,49,215,25,11
21,133,3,2.1,0.647628427330995,0.816666666666667,0.8875,49,213,27,11
21,133,3,2.3,0.647938825252274,0.883333333333333,0.854166666666667,53,205,35,7
21,133,3,2.5,0.650355836688827,0.916666666666667,0.8375,55,201,39,5
21,133,3,2.7,0.638836419456893,0.95,0.808333333333333,57,194,46,3
21,133,3,2.9,0.617917711745638,0.966666666666667,0.779166666666667,58,187,53,2
21,133,4,0.1,0.396018716094947,0.316666666666667,0.966666666666667,19,232,8,41
21,133,4,0.3,0.432553777137966,0.366666666666667,0.9625,22,231,9,38
21,133,4,0.5,0.44129801190349,0.4,0.954166666666667,24,229,11,36
21,133,4,0.7,0.494735108529468,0.483333333333333,0.945833333333333,29,227,13,31
21,133,4,0.9,0.481069218813643,0.5,0.933333333333333,30,224,16,30
21,133,4,1.1,0.511292538164718,0.566666666666667,0.920833333333333,34,221,19,26
21,133,4,1.3,0.583333333333333,0.666666666666667,0.916666666666667,40,220,20,20
21,133,4,1.5,0.572256428332712,0.7,0.895833333333333,42,215,25,18
21,133,4,1.7,0.570969592906995,0.733333333333333,0.879166666666667,44,211,29,16
21,133,4,1.9,0.62826680363486,0.833333333333333,0.866666666666667,50,208,32,10
21,133,4,2.1,0.642164718630156,0.883333333333333,0.85,53,204,36,7
21,133,4,2.3,0.632390205841069,0.9,0.833333333333333,54,200,40,6
21,133,4,2.5,0.603735517288932,0.916666666666667,0.8,55,192,48,5
21,133,4,2.7,0.591149915342159,0.966666666666667,0.754166666666667,58,181,59,2
21,133,4,2.9,0.561837749614153,0.966666666666667,0.725,58,174,66,2
21,133,5,0.1,0.400446690398835,0.333333333333333,0.9625,20,231,9,40
21,133,5,0.3,0.448131745770331,0.383333333333333,0.9625,23,231,9,37
21,133,5,0.5,0.475760826760042,0.45,0.95,27,228,12,33
21,133,5,0.7,0.44342202660887,0.466666666666667,0.929166666666667,28,223,17,32
21,133,5,0.9,0.514882528581826,0.6,0.908333333333333,36,218,22,24
21,133,5,1.1,0.506280024560696,0.616666666666667,0.895833333333333,37,215,25,23
21,133,5,1.3,0.486233384536328,0.65,0.866666666666667,39,208,32,21
21,133,5,1.5,0.520555192537457,0.716666666666667,0.854166666666667,43,205,35,17
21,133,5,1.7,0.503048937252951,0.716666666666667,0.841666666666667,43,202,38,17
21,133,5,1.9,0.509175077217316,0.766666666666667,0.816666666666667,46,196,44,14
21,133,5,2.1,0.491716978885373,0.783333333333333,0.791666666666667,47,190,50,13
21,133,5,2.3,0.458333333333333,0.8,0.75,48,180,60,12
21,133,5,2.5,0.454467853991371,0.833333333333333,0.720833333333333,50,173,67,10
21,133,5,2.7,0.424177510704558,0.85,0.675,51,162,78,9
21,133,5,2.9,0.407974279901773,0.866666666666667,0.641666666666667,52,154,86,8
21,133,6,0.1,0.543322356285504,0.45,0.975,27,234,6,33
21,133,6,0.3,0.533396460910442,0.466666666666667,0.966666666666667,28,232,8,32
21,133,6,0.5,0.546489312047197,0.533333333333333,0.95,32,228,12,28
21,133,6,0.7,0.590617620041516,0.6,0.945833333333333,36,227,13,24
21,133,6,0.9,0.572367483169877,0.6,0.9375,36,225,15,24
21,133,6,1.1,0.624559213768225,0.666666666666667,0.9375,40,225,15,20
21,133,6,1.3,0.633158475176152,0.7,0.929166666666667,42,223,17,18
21,133,6,1.5,0.593986906350009,0.7,0.908333333333333,42,218,22,18
21,133,6,1.7,0.577561250475378,0.733333333333333,0.883333333333333,44,212,28,16
21,133,6,1.9,0.596901350919546,0.8,0.8625,48,207,33,12
21,133,6,2.1,0.625303020188497,0.883333333333333,0.8375,53,201,39,7
21,133,6,2.3,0.616427806863547,0.9,0.820833333333333,54,197,43,6
21,133,6,2.5,0.60867214374408,0.916666666666667,0.804166666666667,55,193,47,5
21,133,6,2.7,0.592565253708799,0.933333333333333,0.779166666666667,56,187,53,4
21,133,6,2.9,0.565612715407625,0.933333333333333,0.754166666666667,56,181,59,4
21,133,7,0.1,0.483375785821773,0.366666666666667,0.979166666666667,22,235,5,38
21,133,7,0.3,0.5,0.4,0.975,24,234,6,36
21,133,7,0.5,0.490055458610455,0.416666666666667,0.966666666666667,25,232,8,35
21,133,7,0.7,0.539319371630006,0.5,0.958333333333333,30,230,10,30
21,133,7,0.9,0.581377674149945,0.6,0.941666666666667,36,226,14,24
21,133,7,1.1,0.586284653224769,0.65,0.925,39,222,18,21
21,133,7,1.3,0.586607210695483,0.7,0.904166666666667,42,217,23,18
21,133,7,1.5,0.572256428332712,0.7,0.895833333333333,42,215,25,18
21,133,7,1.7,0.584264308838008,0.733333333333333,0.8875,44,213,27,16
21,133,7,1.9,0.571396096464553,0.766666666666667,0.8625,46,207,33,14
21,133,7,2.1,0.54916159844265,0.783333333333333,0.8375,47,201,39,13
21,133,7,2.3,0.558337613535269,0.816666666666667,0.825,49,198,42,11
21,133,7,2.5,0.538305421923955,0.85,0.7875,51,189,51,9
21,133,7,2.7,0.544426373339722,0.9,0.758333333333333,54,182,58,6
21,133,7,2.9,0.50709255283711,0.916666666666667,0.708333333333333,55,170,70,5
21,133,8,0.1,0.487307419813658,0.4,0.970833333333333,24,233,7,36
21,133,8,0.3,0.478444007936822,0.416666666666667,0.9625,25,231,9,35
21,133,8,0.5,0.51343603081027,0.516666666666667,0.941666666666667,31,226,14,29
21,133,8,0.7,0.554637137683147,0.566666666666667,0.941666666666667,34,226,14,26
21,133,8,0.9,0.589989767134734,0.633333333333333,0.933333333333333,38,224,16,22
21,133,8,1.1,0.617010286962633,0.7,0.920833333333333,42,221,19,18
21,133,8,1.3,0.61227436038395,0.733333333333333,0.904166666666667,44,217,23,16
21,133,8,1.5,0.59707345488333,0.75,0.8875,45,213,27,15
21,133,8,1.7,0.628157298100105,0.816666666666667,0.875,49,210,30,11
21,133,8,1.9,0.611332111961185,0.85,0.845833333333333,51,203,37,9
21,133,8,2.1,0.593468609875244,0.883333333333333,0.8125,53,195,45,7
21,133,8,2.3,0.568634615120971,0.883333333333333,0.791666666666667,53,190,50,7
21,133,8,2.5,0.522821654685888,0.883333333333333,0.75,53,180,60,7
21,133,8,2.7,0.523204564926355,0.916666666666667,0.725,55,174,66,5
21,133,8,2.9,0.504504595497234,0.933333333333333,0.691666666666667,56,166,74,4
21,133,9,0.1,0.513248575018225,0.4,0.979166666666667,24,235,5,36
21,133,9,0.3,0.519174131651165,0.45,0.966666666666667,27,232,8,33
21,133,9,0.5,0.563833888522279,0.516666666666667,0.9625,31,231,9,29
21,133,9,0.7,0.606788036412138,0.583333333333333,0.958333333333333,35,230,10,25
21,133,9,0.9,0.600099198148979,0.6,0.95,36,228,12,24
21,133,9,1.1,0.650011245966592,0.7,0.9375,42,225,15,18
21,133,9,1.3,0.659832884433199,0.766666666666667,0.916666666666667,46,220,20,14
21,133,9,1.5,0.652292292435189,0.766666666666667,0.9125,46,219,21,14
21,133,9,1.7,0.622480571349601,0.783333333333333,0.8875,47,213,27,13
21,133,9,1.9,0.596901350919546,0.8,0.8625,48,207,33,12
21,133,9,2.1,0.586018081559606,0.816666666666667,0.845833333333333,49,203,37,11
21,133,9,2.3,0.555345132022514,0.833333333333333,0.8125,50,195,45,10
21,133,9,2.5,0.560763714127212,0.866666666666667,0.795833333333333,52,191,49,8
21,133,9,2.7,0.540585845488729,0.883333333333333,0.766666666666667,53,184,56,7
21,133,9,2.9,0.544163267704685,0.916666666666667,0.745833333333333,55,179,61,5
21,133,10,0.1,0.466899527823841,0.333333333333333,0.983333333333333,20,236,4,40
21,133,10,0.3,0.485048103863378,0.383333333333333,0.975,23,234,6,37
21,133,10,0.5,0.598099274162041,0.516666666666667,0.975,31,234,6,29
21,133,10,0.7,0.601658254057552,0.55,0.966666666666667,33,232,8,27
21,133,10,0.9,0.601658254057552,0.55,0.966666666666667,33,232,8,27
21,133,10,1.1,0.633371367659347,0.666666666666667,0.941666666666667,40,226,14,20
21,133,10,1.3,0.625,0.7,0.925,42,222,18,18
21,133,10,1.5,0.63228332640957,0.75,0.908333333333333,45,218,22,15
21,133,10,1.7,0.635085296108588,0.8,0.8875,48,213,27,12
21,133,10,1.9,0.634545380684345,0.816666666666667,0.879166666666667,49,211,29,11
21,133,10,2.1,0.628767713237013,0.85,0.858333333333333,51,206,34,9
21,133,10,2.3,0.593468609875244,0.883333333333333,0.8125,53,195,45,7
21,133,10,2.5,0.57182093956816,0.9,0.783333333333333,54,188,52,6
21,133,10,2.7,0.544163267704685,0.916666666666667,0.745833333333333,55,179,61,5
21,133,10,2.9,0.516103165860917,0.933333333333333,0.704166666666667,56,169,71,4
22,143,1,0.1,0.466899527823841,0.333333333333333,0.983333333333333,20,236,4,40
22,143,1,0.3,0.5,0.4,0.975,24,234,6,36
22,143,1,0.5,0.430820218427665,0.4,0.95,24,228,12,36
22,143,1,0.7,0.465775820953187,0.45,0.945833333333333,27,227,13,33
22,143,1,0.9,0.481069218813643,0.5,0.933333333333333,30,224,16,30
22,143,1,1.1,0.503226566085508,0.566666666666667,0.916666666666667,34,220,20,26
22,143,1,1.3,0.528330913060895,0.616666666666667,0.908333333333333,37,218,22,23
22,143,1,1.5,0.498898034571443,0.633333333333333,0.883333333333333,38,212,28,22
22,143,1,1.7,0.525822097537551,0.7,0.866666666666667,42,208,32,18
22,143,1,1.9,0.504826790279024,0.733333333333333,0.833333333333333,44,200,40,16
22,143,1,2.1,0.496218191668757,0.75,0.816666666666667,45,196,44,15
22,143,1,2.3,0.504626003606494,0.8,0.791666666666667,48,190,50,12
22,143,1,2.5,0.4669072631096,0.816666666666667,0.745833333333333,49,179,61,11
22,143,1,2.7,0.449813413705721,0.816666666666667,0.729166666666667,49,175,65,11
22,143,1,2.9,0.441009951605532,0.866666666666667,0.679166666666667,52,163,77,8
22,143,2,0.1,0.482418151324422,0.35,0.983333333333333,21,236,4,39
22,143,2,0.3,0.497607978401115,0.366666666666667,0.983333333333333,22,236,4,38
22,143,2,0.5,0.542061062489349,0.433333333333333,0.979166666666667,26,235,5,34
22,143,2,0.7,0.583596537153706,0.483333333333333,0.979166666666667,29,235,5,31
22,143,2,0.9,0.611346444900966,0.533333333333333,0.975,32,234,6,28
22,143,2,1.1,0.664267181022886,0.616666666666667,0.970833333333333,37,233,7,23
22,143,2,1.3,0.666095841434276,0.633333333333333,0.966666666666667,38,232,8,22
22,143,2,1.5,0.655687421298887,0.633333333333333,0.9625,38,231,9,22
22,143,2,1.7,0.670820393249937,0.666666666666667,0.958333333333333,40,230,10,20
22,143,2,1.9,0.698443768446266,0.716666666666667,0.954166666666667,43,229,11,17
22,143,2,2.1,0.679125416522629,0.75,0.933333333333333,45,224,16,15
22,143,2,2.3,0.684699486945868,0.8,0.916666666666667,48,220,20,12
22,143,2,2.5,0.692820323027551,0.85,0.9,51,216,24,9
22,143,2,2.7,0.684918499735656,0.866666666666667,0.8875,52,213,27,8
22,143,2,2.9,0.684247217346161,0.9,0.870833333333333,54,209,31,6
22,143,3,0.1,0.482418151324422,0.35,0.983333333333333,21,236,4,39
22,143,3,0.3,0.472222222222222,0.383333333333333,0.970833333333333,23,233,7,37
22,143,3,0.5,0.486070534060604,0.45,0.954166666666667,27,229,11,33
22,143,3,0.7,0.456095773237176,0.45,0.941666666666667,27,226,14,33
22,143,3,0.9,0.48514257238162,0.483333333333333,0.941666666666667,29,226,14,31
22,143,3,1.1,0.481069218813643,0.5,0.933333333333333,30,224,16,30
22,143,3,1.3,0.483628338492377,0.533333333333333,0.920833333333333,32,221,19,28
22,143,3,1.5,0.458333333333333,0.566666666666667,0.891666666666667,34,214,26,26
22,143,3,1.7,0.432193666153377,0.583333333333333,0.866666666666667,35,208,32,25
22,143,3,1.9,0.507485749128674,0.7,0.854166666666667,42,205,35,18
22,143,3,2.1,0.504826790279024,0.733333333333333,0.833333333333333,44,200,40,16
22,143,3,2.3,0.498796628820882,0.766666666666667,0.808333333333333,46,194,46,14
22,143,3,2.5,0.489199590470229,0.816666666666667,0.766666666666667,49,184,56,11
22,143,3,2.7,0.458282959836601,0.816666666666667,0.7375,49,177,63,11
22,143,3,2.9,0.510310363079829,0.9,0.725,54,174,66,6
22,143,4,0.1,0.557308404849485,0.466666666666667,0.975,28,234,6,32
22,143,4,0.3,0.539319371630006,0.5,0.958333333333333,30,230,10,30
22,143,4,0.5,0.603738353924943,0.616666666666667,0.945833333333333,37,227,13,23
22,143,4,0.7,0.628769048385984,0.683333333333333,0.933333333333333,41,224,16,19
22,143,4,0.9,0.645833333333333,0.716666666666667,0.929166666666667,43,223,17,17
22,143,4,1.1,0.664795432092791,0.783333333333333,0.9125,47,219,21,13
22,143,4,1.3,0.655610068107186,0.8,0.9,48,216,24,12
22,143,4,1.5,0.685949636048806,0.85,0.895833333333333,51,215,25,9
22,143,4,1.7,0.671865066474289,0.883333333333333,0.870833333333333,53,209,31,7
22,143,4,1.9,0.644916927510017,0.916666666666667,0.833333333333333,55,200,40,5
22,143,4,2.1,0.603735517288932,0.916666666666667,0.8,55,192,48,5
22,143,4,2.3,0.566136897912205,0.916666666666667,0.766666666666667,55,184,56,5
22,143,4,2.5,0.578387372591772,0.95,0.754166666666667,57,181,59,3
22,143,4,2.7,0.544914925830594,0.95,0.720833333333333,57,173,67,3
22,143,4,2.9,0.484411000966269,0.95,0.654166666666667,57,157,83,3
22,143,5,0.1,0.450720535960032,0.3,0.9875,18,237,3,42
22,143,5,0.3,0.482344051504055,0.333333333333333,0.9875,20,237,3,40
22,143,5,0.5,0.512494809064049,0.383333333333333,0.983333333333333,23,236,4,37
22,143,5,0.7,0.557308404849485,0.466666666666667,0.975,28,234,6,32
22,143,5,0.9,0.563833888522279,0.516666666666667,0.9625,31,231,9,29
22,143,5,1.1,0.61715603343261,0.583333333333333,0.9625,35,231,9,25
22,143,5,1.3,0.661106627847378,0.666666666666667,0.954166666666667,40,229,11,20
22,143,5,1.5,0.671253443547199,0.716666666666667,0.941666666666667,43,226,14,17
22,143,5,1.7,0.664795432092791,0.783333333333333,0.9125,47,219,21,13
22,143,5,1.9,0.648652530717471,0.8,0.895833333333333,48,215,25,12
22,143,5,2.1,0.665663637184554,0.866666666666667,0.875,52,210,30,8
22,143,5,2.3,0.702848895188907,0.933333333333333,0.866666666666667,56,208,32,4
22,143,5,2.5,0.675275678998629,0.95,0.8375,57,201,39,3
22,143,5,2.7,0.661447185109174,0.966666666666667,0.816666666666667,58,196,44,2
22,143,5,2.9,0.636723018749284,0.966666666666667,0.795833333333333,58,191,49,2
22,143,6,0.1,0.597849988482768,0.45,0.991666666666667,27,238,2,33
22,143,6,0.3,0.569437883827195,0.45,0.983333333333333,27,236,4,33
22,143,6,0.5,0.598099274162041,0.516666666666667,0.975,31,234,6,29
22,143,6,0.7,0.637377439199098,0.566666666666667,0.975,34,234,6,26
22,143,6,0.9,0.638832712955527,0.583333333333333,0.970833333333333,35,233,7,25
22,143,6,1.1,0.653464039213071,0.616666666666667,0.966666666666667,37,232,8,23
22,143,6,1.3,0.626099033699941,0.633333333333333,0.95,38,228,12,22
22,143,6,1.5,0.655062167921653,0.683333333333333,0.945833333333333,41,227,13,19
22,143,6,1.7,0.695696993053778,0.783333333333333,0.929166666666667,47,223,17,13
22,143,6,1.9,0.677229050543504,0.8,0.9125,48,219,21,12
22,143,6,2.1,0.692820323027551,0.85,0.9,51,216,24,9
22,143,6,2.3,0.684918499735656,0.866666666666667,0.8875,52,213,27,8
22,143,6,2.5,0.665663637184554,0.866666666666667,0.875,52,210,30,8
22,143,6,2.7,0.655865437597689,0.916666666666667,0.841666666666667,55,202,38,5
22,143,6,2.9,0.621285968372913,0.933333333333333,0.804166666666667,56,193,47,4
22,143,7,0.1,0.555748463823353,0.416666666666667,0.9875,25,237,3,35
22,143,7,0.3,0.609884669457927,0.5,0.983333333333333,30,236,4,30
22,143,7,0.5,0.588348405414552,0.533333333333333,0.966666666666667,32,232,8,28
22,143,7,0.7,0.593600459637472,0.566666666666667,0.958333333333333,34,230,10,26
22,143,7,0.9,0.554637137683147,0.566666666666667,0.941666666666667,34,226,14,26
22,143,7,1.1,0.559949639930132,0.616666666666667,0.925,37,222,18,23
22,143,7,1.3,0.525923706140778,0.65,0.891666666666667,39,214,26,21
22,143,7,1.5,0.512271764055415,0.666666666666667,0.875,40,210,30,20
22,143,7,1.7,0.495714494283817,0.7,0.845833333333333,42,203,37,18
22,143,7,1.9,0.543603559356221,0.783333333333333,0.833333333333333,47,200,40,13
22,143,7,2.1,0.522081924344667,0.783333333333333,0.816666666666667,47,196,44,13
22,143,7,2.3,0.515983261869029,0.833333333333333,0.779166666666667,50,187,53,10
22,143,7,2.5,0.535655668229714,0.9,0.75,54,180,60,6
22,143,7,2.7,0.502159638778545,0.9,0.716666666666667,54,172,68,6
22,143,7,2.9,0.478507931090258,0.9,0.691666666666667,54,166,74,6
22,143,8,0.1,0.556115298968001,0.45,0.979166666666667,27,235,5,33
22,143,8,0.3,0.571091544816282,0.483333333333333,0.975,29,234,6,31
22,143,8,0.5,0.604050065612409,0.566666666666667,0.9625,34,231,9,26
22,143,8,0.7,0.583450035011671,0.566666666666667,0.954166666666667,34,229,11,26
22,143,8,0.9,0.603738353924943,0.616666666666667,0.945833333333333,37,227,13,23
22,143,8,1.1,0.633371367659347,0.666666666666667,0.941666666666667,40,226,14,20
22,143,8,1.3,0.625,0.7,0.925,42,222,18,18
22,143,8,1.5,0.664795432092791,0.783333333333333,0.9125,47,219,21,13
22,143,8,1.7,0.661143960874421,0.816666666666667,0.895833333333333,49,215,25,11
22,143,8,1.9,0.640711607227748,0.833333333333333,0.875,50,210,30,10
22,143,8,2.1,0.647260881273396,0.866666666666667,0.8625,52,207,33,8
22,143,8,2.3,0.619828875092322,0.883333333333333,0.833333333333333,53,200,40,7
22,143,8,2.5,0.578397793187816,0.883333333333333,0.8,53,192,48,7
22,143,8,2.7,0.575238784302109,0.916666666666667,0.775,55,186,54,5
22,143,8,2.9,0.561275320148228,0.933333333333333,0.75,56,180,60,4
22,143,9,0.1,0.294417797671306,0.233333333333333,0.9625,14,231,9,46
22,143,9,0.3,0.30866164636812,0.266666666666667,0.954166666666667,16,229,11,44
22,143,9,0.5,0.415339305320932,0.383333333333333,0.95,23,228,12,37
22,143,9,0.7,0.426202407305871,0.416666666666667,0.941666666666667,25,226,14,35
22,143,9,0.9,0.475822590661783,0.483333333333333,0.9375,29,225,15,31
22,143,9,1.1,0.455361676520558,0.5,0.920833333333333,30,221,19,30
22,143,9,1.3,0.459844965560896,0.533333333333333,0.908333333333333,32,218,22,28
22,143,9,1.5,0.458333333333333,0.566666666666667,0.891666666666667,34,214,26,26
22,143,9,1.7,0.512229530255854,0.65,0.883333333333333,39,212,28,21
22,143,9,1.9,0.527644853011086,0.733333333333333,0.85,44,204,36,16
22,143,9,2.1,0.529041127908407,0.75,0.841666666666667,45,202,38,15
22,143,9,2.3,0.571085995316662,0.833333333333333,0.825,50,198,42,10
22,143,9,2.5,0.591080463289049,0.9,0.8,54,192,48,6
22,143,9,2.7,0.59402807414242,0.916666666666667,0.791666666666667,55,190,50,5
22,143,9,2.9,0.58684276354931,0.966666666666667,0.75,58,180,60,2
22,143,10,0.1,0.485845732763192,0.3,0.995833333333333,18,239,1,42
22,143,10,0.3,0.483375785821773,0.366666666666667,0.979166666666667,22,235,5,38
22,143,10,0.5,0.507752400289747,0.45,0.9625,27,231,9,33
22,143,10,0.7,0.480356186707239,0.466666666666667,0.945833333333333,28,227,13,32
22,143,10,0.9,0.4864440469844,0.516666666666667,0.929166666666667,31,223,17,29
22,143,10,1.1,0.516876590704738,0.583333333333333,0.916666666666667,35,220,20,25
22,143,10,1.3,0.54013147775426,0.65,0.9,39,216,24,21
22,143,10,1.5,0.519024637251522,0.683333333333333,0.870833333333333,41,209,31,19
22,143,10,1.7,0.538860251243651,0.716666666666667,0.866666666666667,43,208,32,17
22,143,10,1.9,0.516076302985778,0.733333333333333,0.841666666666667,44,202,38,16
22,143,10,2.1,0.499315536982334,0.733333333333333,0.829166666666667,44,199,41,16
22,143,10,2.3,0.511719187576219,0.783333333333333,0.808333333333333,47,194,46,13
22,143,10,2.5,0.480882359701068,0.8,0.770833333333333,48,185,55,12
22,143,10,2.7,0.454029331700903,0.816666666666667,0.733333333333333,49,176,64,11
22,143,10,2.9,0.456383297553399,0.866666666666667,0.695833333333333,52,167,73,8
23,149,1,0.1,0.467707173346743,0.3,0.991666666666667,18,238,2,42
23,149,1,0.3,0.497616602022778,0.35,0.9875,21,237,3,39
23,149,1,0.5,0.555555555555556,0.433333333333333,0.983333333333333,26,236,4,34
23,149,1,0.7,0.596589253960554,0.483333333333333,0.983333333333333,29,236,4,31
23,149,1,0.9,0.661891956091371,0.583333333333333,0.979166666666667,35,235,5,25
23,149,1,1.1,0.640711607227748,0.6,0.966666666666667,36,232,8,24
23,149,1,1.3,0.635702934548502,0.633333333333333,0.954166666666667,38,229,11,22
23,149,1,1.5,0.655062167921653,0.683333333333333,0.945833333333333,41,227,13,19
23,149,1,1.7,0.66259472940448,0.716666666666667,0.9375,43,225,15,17
23,149,1,1.9,0.63971602820048,0.75,0.9125,45,219,21,15
23,149,1,2.1,0.609307218613185,0.783333333333333,0.879166666666667,47,211,29,13
23,149,1,2.3,0.609568386860013,0.816666666666667,0.8625,49,207,33,11
23,149,1,2.5,0.589158336940607,0.85,0.829166666666667,51,199,41,9
23,149,1,2.7,0.555897102378986,0.866666666666667,0.791666666666667,52,190,50,8
23,149,1,2.9,0.575238784302109,0.916666666666667,0.775,55,186,54,5
23,149,2,0.1,0.497607978401115,0.366666666666667,0.983333333333333,22,236,4,38
23,149,2,0.3,0.469807979726958,0.366666666666667,0.975,22,234,6,38
23,149,2,0.5,0.511125716228676,0.466666666666667,0.958333333333333,28,230,10,32
23,149,2,0.7,0.514804854737733,0.483333333333333,0.954166666666667,29,229,11,31
23,149,2,0.9,0.518130619627792,0.533333333333333,0.9375,32,225,15,28
23,149,2,1.1,0.527997910831127,0.566666666666667,0.929166666666667,34,223,17,26
23,149,2,1.3,0.543800258063554,0.616666666666667,0.916666666666667,37,220,20,23
23,149,2,1.5,0.485658938415093,0.633333333333333,0.875,38,210,30,22
23,149,2,1.7,0.481125224324688,0.666666666666667,0.854166666666667,40,205,35,20
23,149,2,1.9,0.478679469436084,0.7,0.833333333333333,42,200,40,18
23,149,2,2.1,0.47069952821125,0.75,0.795833333333333,45,191,49,15
23,149,2,2.3,0.458333333333333,0.8,0.75,48,180,60,12
23,149,2,2.5,0.450367702258773,0.833333333333333,0.716666666666667,50,172,68,10
23,149,2,2.7,0.441009951605532,0.866666666666667,0.679166666666667,52,163,77,8
23,149,2,2.9,0.437845571869121,0.9,0.645833333333333,54,155,85,6
23,149,3,0.1,0.512494809064049,0.383333333333333,0.983333333333333,23,236,4,37
23,149,3,0.3,0.527777777777778,0.416666666666667,0.979166666666667,25,235,5,35
23,149,3,0.5,0.583596537153706,0.483333333333333,0.979166666666667,29,235,5,31
23,149,3,0.7,0.630126037812604,0.6,0.9625,36,231,9,24
23,149,3,0.9,0.594552269339252,0.616666666666667,0.941666666666667,37,226,14,23
23,149,3,1.1,0.628769048385984,0.683333333333333,0.933333333333333,41,224,16,19
23,149,3,1.3,0.604166666666667,0.683333333333333,0.920833333333333,41,221,19,19
23,149,3,1.5,0.652292292435189,0.766666666666667,0.9125,46,219,21,14
23,149,3,1.7,0.647628427330995,0.816666666666667,0.8875,49,213,27,11
23,149,3,1.9,0.653212799119503,0.85,0.875,51,210,30,9
23,149,3,2.1,0.617063499809764,0.85,0.85,51,204,36,9
23,149,3,2.3,0.589158336940607,0.85,0.829166666666667,51,199,41,9
23,149,3,2.5,0.598611974295237,0.883333333333333,0.816666666666667,53,196,44,7
23,149,3,2.7,0.573488782834017,0.883333333333333,0.795833333333333,53,191,49,7
23,149,3,2.9,0.536078709496208,0.883333333333333,0.7625,53,183,57,7
23,149,4,0.1,0.352737810751329,0.25,0.975,15,234,6,45
23,149,4,0.3,0.37474830522703,0.283333333333333,0.970833333333333,17,233,7,43
23,149,4,0.5,0.478444007936822,0.416666666666667,0.9625,25,231,9,35
23,149,4,0.7,0.496726515829491,0.45,0.958333333333333,27,230,10,33
23,149,4,0.9,0.536774032210737,0.533333333333333,0.945833333333333,32,227,13,28
23,149,4,1.1,0.554992755101873,0.6,0.929166666666667,36,223,17,24
23,149,4,1.3,0.586607210695483,0.7,0.904166666666667,42,217,23,18
23,149,4,1.5,0.63048832499128,0.766666666666667,0.9,46,216,24,14
23,149,4,1.7,0.621956218856946,0.8,0.879166666666667,48,211,29,12
23,149,4,1.9,0.634745449542008,0.85,0.8625,51,207,33,9
23,149,4,2.1,0.591173850217515,0.866666666666667,0.820833333333333,52,197,43,8
23,149,4,2.3,0.560763714127212,0.866666666666667,0.795833333333333,52,191,49,8
23,149,4,2.5,0.5625,0.9,0.775,54,186,54,6
23,149,4,2.7,0.552824119134512,0.916666666666667,0.754166666666667,55,181,59,5
23,149,4,2.9,0.50709255283711,0.916666666666667,0.708333333333333,55,170,70,5
23,149,5,0.1,0.569437883827195,0.45,0.983333333333333,27,236,4,33
23,149,5,0.3,0.623008957981398,0.516666666666667,0.983333333333333,31,236,4,29
23,149,5,0.5,0.674439494467739,0.6,0.979166666666667,36,235,5,24
23,149,5,0.7,0.687822754818023,0.633333333333333,0.975,38,234,6,22
23,149,5,0.9,0.724465822134434,0.683333333333333,0.975,41,234,6,19
23,149,5,1.1,0.717678765307778,0.716666666666667,0.9625,43,231,9,17
23,149,5,1.3,0.732241836831712,0.75,0.958333333333333,45,230,10,15
23,149,5,1.5,0.696055012445306,0.75,0.941666666666667,45,226,14,15
23,149,5,1.7,0.679949740665919,0.783333333333333,0.920833333333333,47,221,19,13
23,149,5,1.9,0.643082863419015,0.783333333333333,0.9,47,216,24,13
23,149,5,2.1,0.647628427330995,0.816666666666667,0.8875,49,213,27,11
23,149,5,2.3,0.616185641075867,0.833333333333333,0.858333333333333,50,206,34,10
23,149,5,2.5,0.589158336940607,0.85,0.829166666666667,51,199,41,9
23,149,5,2.7,0.593468609875244,0.883333333333333,0.8125,53,195,45,7
23,149,5,2.9,0.5625,0.9,0.775,54,186,54,6
23,149,6,0.1,0.43475559389443,0.3,0.983333333333333,18,236,4,42
23,149,6,0.3,0.49845480775909,0.383333333333333,0.979166666666667,23,235,5,37
23,149,6,0.5,0.513248575018225,0.4,0.979166666666667,24,235,5,36
23,149,6,0.7,0.516688907447979,0.433333333333333,0.970833333333333,26,233,7,34
23,149,6,0.9,0.563833888522279,0.516666666666667,0.9625,31,231,9,29
23,149,6,1.1,0.56398288685149,0.566666666666667,0.945833333333333,34,227,13,26
23,149,6,1.3,0.563575962941077,0.6,0.933333333333333,36,224,16,24
23,149,6,1.5,0.5625,0.65,0.9125,39,219,21,21
23,149,6,1.7,0.566379375843914,0.683333333333333,0.9,41,216,24,19
23,149,6,1.9,0.565275157827403,0.7,0.891666666666667,42,214,26,18
23,149,6,2.1,0.565333771083307,0.766666666666667,0.858333333333333,46,206,34,14
23,149,6,2.3,0.567589840001128,0.8,0.841666666666667,48,202,38,12
23,149,6,2.5,0.537430772925014,0.816666666666667,0.808333333333333,49,194,46,11
23,149,6,2.7,0.497548588421571,0.833333333333333,0.7625,50,183,57,10
23,149,6,2.9,0.506217403727447,0.9,0.720833333333333,54,173,67,6
23,149,7,0.1,0.467988455877239,0.35,0.979166666666667,21,235,5,39
23,149,7,0.3,0.5,0.4,0.975,24,234,6,36
23,149,7,0.5,0.467256718486049,0.416666666666667,0.958333333333333,25,230,10,35
23,149,7,0.7,0.539319371630006,0.5,0.958333333333333,30,230,10,30
23,149,7,0.9,0.528877013647364,0.5,0.954166666666667,30,229,11,30
23,149,7,1.1,0.495204486015942,0.516666666666667,0.933333333333333,31,224,16,29
23,149,7,1.3,0.519546590836306,0.566666666666667,0.925,34,222,18,26
23,149,7,1.5,0.5625,0.65,0.9125,39,219,21,21
23,149,7,1.7,0.532238496281473,0.666666666666667,0.8875,40,213,27,20
23,149,7,1.9,0.559360385452908,0.766666666666667,0.854166666666667,46,205,35,14
23,149,7,2.1,0.578493313297796,0.85,0.820833333333333,51,197,43,9
23,149,7,2.3,0.552941233076848,0.85,0.8,51,192,48,9
23,149,7,2.5,0.518785847899556,0.866666666666667,0.758333333333333,52,182,58,8
23,149,7,2.7,0.527051215261141,0.9,0.741666666666667,54,178,62,6
23,149,7,2.9,0.486264539083865,0.9,0.7,54,168,72,6
23,149,8,0.1,0.483381444362933,0.316666666666667,0.991666666666667,19,238,2,41
23,149,8,0.3,0.512569285782198,0.366666666666667,0.9875,22,237,3,38
23,149,8,0.5,0.5,0.4,0.975,24,234,6,36
23,149,8,0.7,0.545132838233723,0.466666666666667,0.970833333333333,28,233,7,32
23,149,8,0.9,0.563833888522279,0.516666666666667,0.9625,31,231,9,29
23,149,8,1.1,0.586909020463339,0.583333333333333,0.95,35,228,12,25
23,149,8,1.3,0.568298966872428,0.616666666666667,0.929166666666667,37,223,17,23
23,149,8,1.5,0.633158475176152,0.7,0.929166666666667,42,223,17,18
23,149,8,1.7,0.598020974456545,0.733333333333333,0.895833333333333,44,215,25,16
23,149,8,1.9,0.647077698645288,0.833333333333333,0.879166666666667,50,211,29,10
23,149,8,2.1,0.622874564676562,0.85,0.854166666666667,51,205,35,9
23,149,8,2.3,0.607230678564552,0.866666666666667,0.833333333333333,52,200,40,8
23,149,8,2.5,0.591080463289049,0.9,0.8,54,192,48,6
23,149,8,2.7,0.557912314895419,0.9,0.770833333333333,54,185,55,6
23,149,8,2.9,0.548472936152849,0.916666666666667,0.75,55,180,60,5
23,149,9,0.1,0.559050750420652,0.383333333333333,0.995833333333333,23,239,1,37
23,149,9,0.3,0.5707328555486,0.416666666666667,0.991666666666667,25,238,2,35
23,149,9,0.5,0.596814705165041,0.466666666666667,0.9875,28,237,3,32
23,149,9,0.7,0.610328642772525,0.516666666666667,0.979166666666667,31,235,5,29
23,149,9,0.9,0.638832712955527,0.583333333333333,0.970833333333333,35,233,7,25
23,149,9,1.1,0.653464039213071,0.616666666666667,0.966666666666667,37,232,8,23
23,149,9,1.3,0.655687421298887,0.633333333333333,0.9625,38,231,9,22
23,149,9,1.5,0.641492986429815,0.7,0.933333333333333,42,224,16,18
23,149,9,1.7,0.687746384953325,0.783333333333333,0.925,47,222,18,13
23,149,9,1.9,0.699807350399241,0.85,0.904166666666667,51,217,23,9
23,149,9,2.1,0.653212799119503,0.85,0.875,51,210,30,9
23,149,9,2.3,0.636468846521644,0.883333333333333,0.845833333333333,53,203,37,7
23,149,9,2.5,0.60381793518925,0.883333333333333,0.820833333333333,53,197,43,7
23,149,9,2.7,0.591080463289049,0.9,0.8,54,192,48,6
23,149,9,2.9,0.574415896924627,0.933333333333333,0.7625,56,183,57,4
23,149,10,0.1,0.450720535960032,0.3,0.9875,18,237,3,42
23,149,10,0.3,0.438368933353363,0.333333333333333,0.975,20,234,6,40
23,149,10,0.5,0.454256762579498,0.35,0.975,21,234,6,39
23,149,10,0.7,0.485048103863378,0.383333333333333,0.975,23,234,6,37
23,149,10,0.9,0.502123522369166,0.416666666666667,0.970833333333333,25,233,7,35
23,149,10,1.1,0.496726515829491,0.45,0.958333333333333,27,230,10,33
23,149,10,1.3,0.546489312047197,0.533333333333333,0.95,32,228,12,28
23,149,10,1.5,0.541561276888692,0.583333333333333,0.929166666666667,35,223,17,25
23,149,10,1.7,0.573173200319417,0.633333333333333,0.925,38,222,18,22
23,149,10,1.9,0.565275157827403,0.7,0.891666666666667,42,214,26,18
23,149,10,2.1,0.59014661425428,0.766666666666667,0.875,46,210,30,14
23,149,10,2.3,0.556422042024552,0.8,0.833333333333333,48,200,40,12
23,149,10,2.5,0.547755750081587,0.816666666666667,0.816666666666667,49,196,44,11
23,149,10,2.7,0.543129635066608,0.85,0.791666666666667,51,190,50,9
23,149,10,2.9,0.518785847899556,0.866666666666667,0.758333333333333,52,182,58,8
24,152,1,0.1,0.365722426873877,0.183333333333333,0.995833333333333,11,239,1,49
24,152,1,0.3,0.382359556450936,0.216666666666667,0.991666666666667,13,238,2,47
24,152,1,0.5,0.418100146233162,0.25,0.991666666666667,15,238,2,45
24,152,1,0.7,0.418059627557131,0.283333333333333,0.983333333333333,17,236,4,43
24,152,1,0.9,0.452267016866645,0.333333333333333,0.979166666666667,20,235,5,40
24,152,1,1.1,0.502123522369166,0.416666666666667,0.970833333333333,25,233,7,35
24,152,1,1.3,0.475760826760042,0.45,0.95,27,228,12,33
24,152,1,1.5,0.418250956285652,0.466666666666667,0.916666666666667,28,220,20,32
24,152,1,1.7,0.501315862902339,0.583333333333333,0.908333333333333,35,218,22,25
24,152,1,1.9,0.512618836986994,0.633333333333333,0.891666666666667,38,214,26,22
24,152,1,2.1,0.500370233297676,0.683333333333333,0.858333333333333,41,206,34,19
24,152,1,2.3,0.478679469436084,0.7,0.833333333333333,42,200,40,18
24,152,1,2.5,0.488665159059008,0.766666666666667,0.8,46,192,48,14
24,152,1,2.7,0.484653113414477,0.816666666666667,0.7625,49,183,57,11
24,152,1,2.9,0.462774039878966,0.833333333333333,0.729166666666667,50,175,65,10
24,152,2,0.1,0.419701966893139,0.3,0.979166666666667,18,235,5,42
24,152,2,0.3,0.422115882408869,0.316666666666667,0.975,19,234,6,41
24,152,2,0.5,0.45684763270853,0.366666666666667,0.970833333333333,22,233,7,38
24,152,2,0.7,0.448131745770331,0.383333333333333,0.9625,23,231,9,37
24,152,2,0.9,0.482108339669053,0.433333333333333,0.958333333333333,26,230,10,34
24,152,2,1.1,0.550182697000502,0.583333333333333,0.933333333333333,35,224,16,25
24,152,2,1.3,0.535984271556491,0.616666666666667,0.9125,37,219,21,23
24,152,2,1.5,0.547441002167256,0.65,0.904166666666667,39,217,23,21
24,152,2,1.7,0.525467048121248,0.666666666666667,0.883333333333333,40,212,28,20
24,152,2,1.9,0.513504196818659,0.7,0.858333333333333,42,206,34,18
24,152,2,2.1,0.491784710450069,0.716666666666667,0.833333333333333,43,200,40,17
24,152,2,2.3,0.483208615442374,0.733333333333333,0.816666666666667,44,196,44,16
24,152,2,2.5,0.47729707730092,0.783333333333333,0.779166666666667,47,187,53,13
24,152,2,2.7,0.471279967861969,0.816666666666667,0.75,49,180,60,11
24,152,2,2.9,0.442268981335852,0.833333333333333,0.708333333333333,50,170,70,10
24,152,3,0.1,0.541613832306324,0.4,0.9875,24,237,3,36
24,152,3,0.3,0.557308404849485,0.466666666666667,0.975,28,234,6,32
24,152,3,0.5,0.59965687539547,0.533333333333333,0.970833333333333,32,233,7,28
24,152,3,0.7,0.614816445551184,0.566666666666667,0.966666666666667,34,232,8,26
24,152,3,0.9,0.642967513606697,0.616666666666667,0.9625,37,231,9,23
24,152,3,1.1,0.658245591801995,0.65,0.958333333333333,39,230,10,21
24,152,3,1.3,0.686093405913339,0.7,0.954166666666667,42,229,11,18
24,152,3,1.5,0.667632262993619,0.7,0.945833333333333,42,227,13,18
24,152,3,1.7,0.666666666666667,0.733333333333333,0.933333333333333,44,224,16,16
24,152,3,1.9,0.634670941031516,0.733333333333333,0.916666666666667,44,220,20,16
24,152,3,2.1,0.644891377239713,0.766666666666667,0.908333333333333,46,218,22,14
24,152,3,2.3,0.62846782297209,0.8,0.883333333333333,48,212,28,12
24,152,3,2.5,0.597625832609727,0.816666666666667,0.854166666666667,49,205,35,11
24,152,3,2.7,0.598698514696378,0.833333333333333,0.845833333333333,50,203,37,10
24,152,3,2.9,0.594593302725871,0.85,0.833333333333333,51,200,40,9
24,152,4,0.1,0.32636495600331,0.2,0.983333333333333,12,236,4,48
24,152,4,0.3,0.367484207629584,0.25,0.979166666666667,15,235,5,45
24,152,4,0.5,0.438368933353363,0.333333333333333,0.975,20,234,6,40
24,152,4,0.7,0.472222222222222,0.383333333333333,0.970833333333333,23,233,7,37
24,152,4,0.9,0.493215425068607,0.433333333333333,0.9625,26,231,9,34
24,152,4,1.1,0.494735108529468,0.483333333333333,0.945833333333333,29,227,13,31
24,152,4,1.3,0.514295634824952,0.55,0.929166666666667,33,223,17,27
24,152,4,1.5,0.511292538164718,0.566666666666667,0.920833333333333,34,221,19,26
24,152,4,1.7,0.522558060482946,0.6,0.9125,36,219,21,24
24,152,4,1.9,0.512618836986994,0.633333333333333,0.891666666666667,38,214,26,22
24,152,4,2.1,0.532128124001758,0.7,0.870833333333333,42,209,31,18
24,152,4,2.3,0.543603559356221,0.783333333333333,0.833333333333333,47,200,40,13
24,152,4,2.5,0.573259491120015,0.85,0.816666666666667,51,196,44,9
24,152,4,2.7,0.586185066204951,0.9,0.795833333333333,54,191,49,6
24,152,4,2.9,0.57888373874097,0.933333333333333,0.766666666666667,56,184,56,4
24,152,5,0.1,0.542720420239974,0.383333333333333,0.991666666666667,23,238,2,37
24,152,5,0.3,0.583333333333333,0.45,0.9875,27,237,3,33
24,152,5,0.5,0.543322356285504,0.45,0.975,27,234,6,33
24,152,5,0.7,0.545132838233723,0.466666666666667,0.970833333333333,28,233,7,32
24,152,5,0.9,0.586291262732893,0.516666666666667,0.970833333333333,31,233,7,29
24,152,5,1.1,0.61715603343261,0.583333333333333,0.9625,35,231,9,25
24,152,5,1.3,0.609835154075188,0.6,0.954166666666667,36,229,11,24
24,152,5,1.5,0.591227450330049,0.666666666666667,0.920833333333333,40,221,19,20
24,152,5,1.7,0.61959917196776,0.733333333333333,0.908333333333333,44,218,22,16
24,152,5,1.9,0.648652530717471,0.8,0.895833333333333,48,215,25,12
24,152,5,2.1,0.665998099190472,0.85,0.883333333333333,51,212,28,9
24,152,5,2.3,0.665663637184554,0.866666666666667,0.875,52,210,30,8
24,152,5,2.5,0.666242181897818,0.9,0.858333333333333,54,206,34,6
24,152,5,2.7,0.650355836688827,0.916666666666667,0.8375,55,201,39,5
24,152,5,2.9,0.598854626939812,0.916666666666667,0.795833333333333,55,191,49,5
24,152,6,0.1,0.512569285782198,0.366666666666667,0.9875,22,237,3,38
24,152,6,0.3,0.555555555555556,0.433333333333333,0.983333333333333,26,236,4,34
24,152,6,0.5,0.623442463745178,0.533333333333333,0.979166666666667,32,235,5,28
24,152,6,0.7,0.640711607227748,0.6,0.966666666666667,36,232,8,24
24,152,6,0.9,0.642967513606697,0.616666666666667,0.9625,37,231,9,23
24,152,6,1.1,0.616737055508627,0.633333333333333,0.945833333333333,38,227,13,22
24,152,6,1.3,0.646095738380922,0.683333333333333,0.941666666666667,41,226,14,19
24,152,6,1.5,0.703807683134339,0.783333333333333,0.933333333333333,47,224,16,13
24,152,6,1.7,0.695696993053778,0.783333333333333,0.929166666666667,47,223,17,13
24,152,6,1.9,0.677229050543504,0.8,0.9125,48,219,21,12
24,152,6,2.1,0.679191453721082,0.85,0.891666666666667,51,214,26,9
24,152,6,2.3,0.666242181897818,0.9,0.858333333333333,54,206,34,6
24,152,6,2.5,0.652059472000168,0.933333333333333,0.829166666666667,56,199,41,4
24,152,6,2.7,0.609891723115489,0.95,0.783333333333333,57,188,52,3
24,152,6,2.9,0.591149915342159,0.966666666666667,0.754166666666667,58,181,59,2
24,152,7,0.1,0.32397151488602,0.183333333333333,0.9875,11,237,3,49
24,152,7,0.3,0.363451882821868,0.216666666666667,0.9875,13,237,3,47
24,152,7,0.5,0.383202268094912,0.25,0.983333333333333,15,236,4,45
24,152,7,0.7,0.422115882408869,0.316666666666667,0.975,19,234,6,41
24,152,7,0.9,0.5,0.4,0.975,24,234,6,36
24,152,7,1.1,0.518751375933811,0.5,0.95,30,228,12,30
24,152,7,1.3,0.603022689155527,0.65,0.933333333333333,39,224,16,21
24,152,7,1.5,0.641492986429815,0.7,0.933333333333333,42,224,16,18
24,152,7,1.7,0.650343446183658,0.733333333333333,0.925,44,222,18,16
24,152,7,1.9,0.629231796264852,0.783333333333333,0.891666666666667,47,214,26,13
24,152,7,2.1,0.604446323118084,0.833333333333333,0.85,50,204,36,10
24,152,7,2.3,0.571085995316662,0.833333333333333,0.825,50,198,42,10
24,152,7,2.5,0.570663708495977,0.866666666666667,0.804166666666667,52,193,47,8
24,152,7,2.7,0.561655056040346,0.916666666666667,0.7625,55,183,57,5
24,152,7,2.9,0.536089344101419,0.933333333333333,0.725,56,174,66,4
24,152,8,0.1,0.497607978401115,0.366666666666667,0.983333333333333,22,236,4,38
24,152,8,0.3,0.555555555555556,0.433333333333333,0.983333333333333,26,236,4,34
24,152,8,0.5,0.543322356285504,0.45,0.975,27,234,6,33
24,152,8,0.7,0.507752400289747,0.45,0.9625,27,231,9,33
24,152,8,0.9,0.496726515829491,0.45,0.958333333333333,27,230,10,33
24,152,8,1.1,0.536774032210737,0.533333333333333,0.945833333333333,32,227,13,28
24,152,8,1.3,0.541056753239641,0.55,0.941666666666667,33,226,14,27
24,152,8,1.5,0.559016994374947,0.583333333333333,0.9375,35,225,15,25
24,152,8,1.7,0.594560260032828,0.65,0.929166666666667,39,223,17,21
24,152,8,1.9,0.578187757505821,0.65,0.920833333333333,39,221,19,21
24,152,8,2.1,0.575600200589302,0.666666666666667,0.9125,40,219,21,20
24,152,8,2.3,0.565275157827403,0.7,0.891666666666667,42,214,26,18
24,152,8,2.5,0.545051939117336,0.7,0.879166666666667,42,211,29,18
24,152,8,2.7,0.514634894829001,0.716666666666667,0.85,43,204,36,17
24,152,8,2.9,0.519815328733463,0.766666666666667,0.825,46,198,42,14
24,152,9,0.1,0.344123600805843,0.2,0.9875,12,237,3,48
24,152,9,0.3,0.417416756317672,0.266666666666667,0.9875,16,237,3,44
24,152,9,0.5,0.43475559389443,0.3,0.983333333333333,18,236,4,42
24,152,9,0.7,0.408749410829487,0.316666666666667,0.970833333333333,19,233,7,41
24,152,9,0.9,0.46342200977293,0.4,0.9625,24,231,9,36
24,152,9,1.1,0.514804854737733,0.483333333333333,0.954166666666667,29,229,11,31
24,152,9,1.3,0.56398288685149,0.566666666666667,0.945833333333333,34,227,13,26
24,152,9,1.5,0.586284653224769,0.65,0.925,39,222,18,21
24,152,9,1.7,0.614328923690763,0.716666666666667,0.9125,43,219,21,17
24,152,9,1.9,0.59707345488333,0.75,0.8875,45,213,27,15
24,152,9,2.1,0.584178230119417,0.783333333333333,0.8625,47,207,33,13
24,152,9,2.3,0.573288209127865,0.8,0.845833333333333,48,203,37,12
24,152,9,2.5,0.553013653692717,0.816666666666667,0.820833333333333,49,197,43,11
24,152,9,2.7,0.528813150104746,0.85,0.779166666666667,51,187,53,9
24,152,9,2.9,0.548876626634393,0.9,0.7625,54,183,57,6
24,152,10,0.1,0.42059551209603,0.233333333333333,0.995833333333333,14,239,1,46
24,152,10,0.3,0.437625736458983,0.25,0.995833333333333,15,239,1,45
24,152,10,0.5,0.501114828585796,0.316666666666667,0.995833333333333,19,239,1,41
24,152,10,0.7,0.469807979726958,0.366666666666667,0.975,22,234,6,38
24,152,10,0.9,0.46342200977293,0.4,0.9625,24,231,9,36
24,152,10,1.1,0.518751375933811,0.5,0.95,30,228,12,30
24,152,10,1.3,0.541561276888692,0.583333333333333,0.929166666666667,35,223,17,25
24,152,10,1.5,0.54013147775426,0.65,0.9,39,216,24,21
24,152,10,1.7,0.519014890804163,0.65,0.8875,39,213,27,21
24,152,10,1.9,0.538536841659474,0.7,0.875,42,210,30,18
24,152,10,2.1,0.52181941998627,0.733333333333333,0.845833333333333,44,203,37,16
24,152,10,2.3,0.532704823409106,0.783333333333333,0.825,47,198,42,13
24,152,10,2.5,0.573259491120015,0.85,0.816666666666667,51,196,44,9
24,152,10,2.7,0.546323519313513,0.866666666666667,0.783333333333333,52,188,52,8
24,152,10,2.9,0.552824119134512,0.916666666666667,0.754166666666667,55,181,59,5
25,162,1,0.1,0.371390676354104,0.166666666666667,1,10,240,0,50
25,162,1,0.3,0.44249767886871,0.233333333333333,1,14,240,0,46
25,162,1,0.5,0.474712663277541,0.266666666666667,1,16,240,0,44
25,162,1,0.7,0.562624886216321,0.366666666666667,1,22,240,0,38
25,162,1,0.9,0.584395291855485,0.433333333333333,0.991666666666667,26,238,2,34
25,162,1,1.1,0.596814705165041,0.466666666666667,0.9875,28,237,3,32
25,162,1,1.3,0.648967664563956,0.533333333333333,0.9875,32,237,3,28
25,162,1,1.5,0.722957558843199,0.65,0.983333333333333,39,236,4,21
25,162,1,1.7,0.737902432574931,0.716666666666667,0.970833333333333,43,233,7,17
25,162,1,1.9,0.753778361444409,0.766666666666667,0.9625,46,231,9,14
25,162,1,2.1,0.695696993053778,0.783333333333333,0.929166666666667,47,223,17,13
25,162,1,2.3,0.709299365615191,0.833333333333333,0.916666666666667,50,220,20,10
25,162,1,2.5,0.712065332000538,0.866666666666667,0.904166666666667,52,217,23,8
25,162,1,2.7,0.684362053959401,0.883333333333333,0.879166666666667,53,211,29,7
25,162,1,2.9,0.684247217346161,0.9,0.870833333333333,54,209,31,6
25,162,2,0.1,0.363480236213583,0.2,0.991666666666667,12,238,2,48
25,162,2,0.3,0.43475559389443,0.3,0.983333333333333,18,236,4,42
25,162,2,0.5,0.405465379425967,0.3,0.975,18,234,6,42
25,162,2,0.7,0.444444444444444,0.366666666666667,0.966666666666667,22,232,8,38
25,162,2,0.9,0.493215425068607,0.433333333333333,0.9625,26,231,9,34
25,162,2,1.1,0.496726515829491,0.45,0.958333333333333,27,230,10,33
25,162,2,1.3,0.518751375933811,0.5,0.95,30,228,12,30
25,162,2,1.5,0.522989648281037,0.55,0.933333333333333,33,224,16,27
25,162,2,1.7,0.511292538164718,0.566666666666667,0.920833333333333,34,221,19,26
25,162,2,1.9,0.534190114215971,0.633333333333333,0.904166666666667,38,217,23,22
25,162,2,2.1,0.538614917391325,0.683333333333333,0.883333333333333,41,212,28,19
25,162,2,2.3,0.570986009895374,0.75,0.870833333333333,45,209,31,15
25,162,2,2.5,0.514461507538931,0.766666666666667,0.820833333333333,46,197,43,14
25,162,2,2.7,0.445781457533107,0.766666666666667,0.7625,46,183,57,14
25,162,2,2.9,0.423825594435353,0.783333333333333,0.729166666666667,47,175,65,13
25,162,3,0.1,0.483381444362933,0.316666666666667,0.991666666666667,19,238,2,41
25,162,3,0.3,0.513665093809513,0.35,0.991666666666667,21,238,2,39
25,162,3,0.5,0.555555555555556,0.433333333333333,0.983333333333333,26,236,4,34
25,162,3,0.7,0.556115298968001,0.45,0.979166666666667,27,235,5,33
25,162,3,0.9,0.557308404849485,0.466666666666667,0.975,28,234,6,32
25,162,3,1.1,0.563833888522279,0.516666666666667,0.9625,31,231,9,29
25,162,3,1.3,0.596710857951539,0.583333333333333,0.954166666666667,35,229,11,25
25,162,3,1.5,0.651634707150621,0.666666666666667,0.95,40,228,12,20
25,162,3,1.7,0.658721439173062,0.7,0.941666666666667,42,226,14,18
25,162,3,1.9,0.66259472940448,0.716666666666667,0.9375,43,225,15,17
25,162,3,2.1,0.667518550101756,0.766666666666667,0.920833333333333,46,221,19,14
25,162,3,2.3,0.675122272515138,0.816666666666667,0.904166666666667,49,217,23,11
25,162,3,2.5,0.672542110066641,0.85,0.8875,51,213,27,9
25,162,3,2.7,0.671983281852822,0.866666666666667,0.879166666666667,52,211,29,8
25,162,3,2.9,0.655865437597689,0.916666666666667,0.841666666666667,55,202,38,5
25,162,4,0.1,0.408248290463863,0.2,1,12,240,0,48
25,162,4,0.3,0.474712663277541,0.266666666666667,1,16,240,0,44
25,162,4,0.5,0.505291152639911,0.3,1,18,240,0,42
25,162,4,0.7,0.501114828585796,0.316666666666667,0.995833333333333,19,239,1,41
25,162,4,0.9,0.5707328555486,0.416666666666667,0.991666666666667,25,238,2,35
25,162,4,1.1,0.59705025139884,0.5,0.979166666666667,30,235,5,30
25,162,4,1.3,0.580268566966252,0.55,0.958333333333333,33,230,10,27
25,162,4,1.5,0.586909020463339,0.583333333333333,0.95,35,228,12,25
25,162,4,1.7,0.603738353924943,0.616666666666667,0.945833333333333,37,227,13,23
25,162,4,1.9,0.599482315735041,0.716666666666667,0.904166666666667,43,217,23,17
25,162,4,2.1,0.605083267533558,0.733333333333333,0.9,44,216,24,16
25,162,4,2.3,0.59707345488333,0.75,0.8875,45,213,27,15
25,162,4,2.5,0.552475695919369,0.75,0.858333333333333,45,206,34,15
25,162,4,2.7,0.541946407211305,0.766666666666667,0.841666666666667,46,202,38,14
25,162,4,2.9,0.529737468828903,0.8,0.8125,48,195,45,12
25,162,5,0.1,0.467988455877239,0.35,0.979166666666667,21,235,5,39
25,162,5,0.3,0.483375785821773,0.366666666666667,0.979166666666667,22,235,5,38
25,162,5,0.5,0.542061062489349,0.433333333333333,0.979166666666667,26,235,5,34
25,162,5,0.7,0.556115298968001,0.45,0.979166666666667,27,235,5,33
25,162,5,0.9,0.559040521531136,0.483333333333333,0.970833333333333,29,233,7,31
25,162,5,1.1,0.556487068320094,0.533333333333333,0.954166666666667,32,229,11,28
25,162,5,1.3,0.550454202296381,0.55,0.945833333333333,33,227,13,27
25,162,5,1.5,0.53665631459995,0.566666666666667,0.933333333333333,34,224,16,26
25,162,5,1.7,0.546608166610121,0.6,0.925,36,222,18,24
25,162,5,1.9,0.549296425483947,0.633333333333333,0.9125,38,219,21,22
25,162,5,2.1,0.552247462307093,0.683333333333333,0.891666666666667,41,214,26,19
25,162,5,2.3,0.59707345488333,0.75,0.8875,45,213,27,15
25,162,5,2.5,0.596595278162613,0.766666666666667,0.879166666666667,46,211,29,14
25,162,5,2.7,0.559360385452908,0.766666666666667,0.854166666666667,46,205,35,14
25,162,5,2.9,0.561968544469606,0.8,0.8375,48,201,39,12
25,162,6,0.1,0.425657924852277,0.216666666666667,1,13,240,0,47
25,162,6,0.3,0.437625736458983,0.25,0.995833333333333,15,239,1,45
25,162,6,0.5,0.467707173346743,0.3,0.991666666666667,18,238,2,42
25,162,6,0.7,0.498690240055375,0.333333333333333,0.991666666666667,20,238,2,40
25,162,6,0.9,0.541449046173073,0.416666666666667,0.983333333333333,25,236,4,35
25,162,6,1.1,0.531020272545264,0.45,0.970833333333333,27,233,7,33
25,162,6,1.3,0.566783910742498,0.533333333333333,0.958333333333333,32,230,10,28
25,162,6,1.5,0.585590648993463,0.616666666666667,0.9375,37,225,15,23
25,162,6,1.7,0.5625,0.65,0.9125,39,219,21,21
25,162,6,1.9,0.571380044523348,0.716666666666667,0.8875,43,213,27,17
25,162,6,2.1,0.56472098399281,0.75,0.866666666666667,45,208,32,15
25,162,6,2.3,0.54916159844265,0.783333333333333,0.8375,47,201,39,13
25,162,6,2.5,0.558337613535269,0.816666666666667,0.825,49,198,42,11
25,162,6,2.7,0.563833888522279,0.883333333333333,0.7875,53,189,51,7
25,162,6,2.9,0.540191726125263,0.933333333333333,0.729166666666667,56,175,65,4
25,162,7,0.1,0.451631244540432,0.283333333333333,0.991666666666667,17,238,2,43
25,162,7,0.3,0.467707173346743,0.3,0.991666666666667,18,238,2,42
25,162,7,0.5,0.513665093809513,0.35,0.991666666666667,21,238,2,39
25,162,7,0.7,0.542720420239974,0.383333333333333,0.991666666666667,23,238,2,37
25,162,7,0.9,0.556847023448867,0.4,0.991666666666667,24,238,2,36
25,162,7,1.1,0.569437883827195,0.45,0.983333333333333,27,236,4,33
25,162,7,1.3,0.598099274162041,0.516666666666667,0.975,31,234,6,29
25,162,7,1.5,0.638832712955527,0.583333333333333,0.970833333333333,35,233,7,25
25,162,7,1.7,0.664267181022886,0.616666666666667,0.970833333333333,37,233,7,23
25,162,7,1.9,0.689224169261855,0.65,0.970833333333333,39,233,7,21
25,162,7,2.1,0.680788249055488,0.666666666666667,0.9625,40,231,9,20
25,162,7,2.3,0.683696472379145,0.733333333333333,0.941666666666667,44,226,14,16
25,162,7,2.5,0.677229050543504,0.8,0.9125,48,219,21,12
25,162,7,2.7,0.653543745375493,0.833333333333333,0.883333333333333,50,212,28,10
25,162,7,2.9,0.63542848492315,0.866666666666667,0.854166666666667,52,205,35,8
25,162,8,0.1,0.501114828585796,0.316666666666667,0.995833333333333,19,239,1,41
25,162,8,0.3,0.516042352765834,0.333333333333333,0.995833333333333,20,239,1,40
25,162,8,0.5,0.512569285782198,0.366666666666667,0.9875,22,237,3,38
25,162,8,0.7,0.527227500924991,0.383333333333333,0.9875,23,237,3,37
25,162,8,0.9,0.555555555555556,0.433333333333333,0.983333333333333,26,236,4,34
25,162,8,1.1,0.569955805123029,0.466666666666667,0.979166666666667,28,235,5,32
25,162,8,1.3,0.522933738252059,0.516666666666667,0.945833333333333,31,227,13,29
25,162,8,1.5,0.54553230553453,0.566666666666667,0.9375,34,225,15,26
25,162,8,1.7,0.522558060482946,0.6,0.9125,36,219,21,24
25,162,8,1.9,0.541666666666667,0.633333333333333,0.908333333333333,38,218,22,22
25,162,8,2.1,0.525923706140778,0.65,0.891666666666667,39,214,26,21
25,162,8,2.3,0.525445754257,0.683333333333333,0.875,41,210,30,19
25,162,8,2.5,0.514634894829001,0.716666666666667,0.85,43,204,36,17
25,162,8,2.7,0.550948139279281,0.8,0.829166666666667,48,199,41,12
25,162,8,2.9,0.525495556006004,0.833333333333333,0.7875,50,189,51,10
25,162,9,0.1,0.501114828585796,0.316666666666667,0.995833333333333,19,239,1,41
25,162,9,0.3,0.556847023448867,0.4,0.991666666666667,24,238,2,36
25,162,9,0.5,0.584395291855485,0.433333333333333,0.991666666666667,26,238,2,34
25,162,9,0.7,0.583333333333333,0.45,0.9875,27,237,3,33
25,162,9,0.9,0.545132838233723,0.466666666666667,0.970833333333333,28,233,7,32
25,162,9,1.1,0.539319371630006,0.5,0.958333333333333,30,230,10,30
25,162,9,1.3,0.57358253012396,0.566666666666667,0.95,34,228,12,26
25,162,9,1.5,0.594552269339252,0.616666666666667,0.941666666666667,37,226,14,23
25,162,9,1.7,0.633158475176152,0.7,0.929166666666667,42,223,17,18
25,162,9,1.9,0.586607210695483,0.7,0.904166666666667,42,217,23,18
25,162,9,2.1,0.603870493698343,0.75,0.891666666666667,45,214,26,15
25,162,9,2.3,0.596548651302049,0.783333333333333,0.870833333333333,47,209,31,13
25,162,9,2.5,0.591781377164247,0.816666666666667,0.85,49,204,36,11
25,162,9,2.7,0.619828875092322,0.883333333333333,0.833333333333333,53,200,40,7
25,162,9,2.9,0.618718433538229,0.916666666666667,0.8125,55,195,45,5
25,162,10,0.1,0.32636495600331,0.2,0.983333333333333,12,236,4,48
25,162,10,0.3,0.364932499128825,0.233333333333333,0.983333333333333,14,236,4,46
25,162,10,0.5,0.451023009198597,0.316666666666667,0.983333333333333,19,236,4,41
25,162,10,0.7,0.485048103863378,0.383333333333333,0.975,23,234,6,37
25,162,10,0.9,0.502123522369166,0.416666666666667,0.970833333333333,25,233,7,35
25,162,10,1.1,0.533396460910442,0.466666666666667,0.966666666666667,28,232,8,32
25,162,10,1.3,0.577397840587489,0.533333333333333,0.9625,32,231,9,28
25,162,10,1.5,0.560112033611204,0.55,0.95,33,228,12,27
25,162,10,1.7,0.563575962941077,0.6,0.933333333333333,36,224,16,24
25,162,10,1.9,0.573173200319417,0.633333333333333,0.925,38,222,18,22
25,162,10,2.1,0.578218955434805,0.716666666666667,0.891666666666667,43,214,26,17
25,162,10,2.3,0.545642572371431,0.733333333333333,0.8625,44,207,33,16
25,162,10,2.5,0.541946407211305,0.766666666666667,0.841666666666667,46,202,38,14
25,162,10,2.7,0.522081924344667,0.783333333333333,0.816666666666667,47,196,44,13
25,162,10,2.9,0.519516413827514,0.8,0.804166666666667,48,193,47,12
26,168,1,0.1,0.418100146233162,0.25,0.991666666666667,15,238,2,45
26,168,1,0.3,0.451631244540432,0.283333333333333,0.991666666666667,17,238,2,43
26,168,1,0.5,0.513665093809513,0.35,0.991666666666667,21,238,2,39
26,168,1,0.7,0.512494809064049,0.383333333333333,0.983333333333333,23,236,4,37
26,168,1,0.9,0.542061062489349,0.433333333333333,0.979166666666667,26,235,5,34
26,168,1,1.1,0.58468458215183,0.5,0.975,30,234,6,30
26,168,1,1.3,0.611346444900966,0.533333333333333,0.975,32,234,6,28
26,168,1,1.5,0.619839185779118,0.6,0.958333333333333,36,230,10,24
26,168,1,1.7,0.658245591801995,0.65,0.958333333333333,39,230,10,21
26,168,1,1.9,0.641492986429815,0.7,0.933333333333333,42,224,16,18
26,168,1,2.1,0.684699486945868,0.8,0.916666666666667,48,220,20,12
26,168,1,2.3,0.692820323027551,0.85,0.9,51,216,24,9
26,168,1,2.5,0.678400525299968,0.866666666666667,0.883333333333333,52,212,28,8
26,168,1,2.7,0.696587530910475,0.916666666666667,0.870833333333333,55,209,31,5
26,168,1,2.9,0.661447703436387,0.916666666666667,0.845833333333333,55,203,37,5
26,168,2,0.1,0.348987779872152,0.233333333333333,0.979166666666667,14,235,5,46
26,168,2,0.3,0.367484207629584,0.25,0.979166666666667,15,235,5,45
26,168,2,0.5,0.38539871915423,0.266666666666667,0.979166666666667,16,235,5,44
26,168,2,0.7,0.408749410829487,0.316666666666667,0.970833333333333,19,233,7,41
26,168,2,0.9,0.459930598475812,0.383333333333333,0.966666666666667,23,232,8,37
26,168,2,1.1,0.482108339669053,0.433333333333333,0.958333333333333,26,230,10,34
26,168,2,1.3,0.480356186707239,0.466666666666667,0.945833333333333,28,227,13,32
26,168,2,1.5,0.475822590661783,0.483333333333333,0.9375,29,225,15,31
26,168,2,1.7,0.519546590836306,0.566666666666667,0.925,34,222,18,26
26,168,2,1.9,0.547441002167256,0.65,0.904166666666667,39,217,23,21
26,168,2,2.1,0.565275157827403,0.7,0.891666666666667,42,214,26,18
26,168,2,2.3,0.525822097537551,0.7,0.866666666666667,42,208,32,18
26,168,2,2.5,0.514634894829001,0.716666666666667,0.85,43,204,36,17
26,168,2,2.7,0.509175077217316,0.766666666666667,0.816666666666667,46,196,44,14
26,168,2,2.9,0.494974746830583,0.8,0.783333333333333,48,188,52,12
26,168,3,0.1,0.382057030178579,0.233333333333333,0.9875,14,237,3,46
26,168,3,0.3,0.43429951810769,0.283333333333333,0.9875,17,237,3,43
26,168,3,0.5,0.482418151324422,0.35,0.983333333333333,21,236,4,39
26,168,3,0.7,0.49845480775909,0.383333333333333,0.979166666666667,23,235,5,37
26,168,3,0.9,0.556115298968001,0.45,0.979166666666667,27,235,5,33
26,168,3,1.1,0.536180898396749,0.483333333333333,0.9625,29,231,9,31
26,168,3,1.3,0.532705569673936,0.516666666666667,0.95,31,228,12,29
26,168,3,1.5,0.514295634824952,0.55,0.929166666666667,33,223,17,27
26,168,3,1.7,0.538413115317435,0.6,0.920833333333333,36,221,19,24
26,168,3,1.9,0.568021490970537,0.666666666666667,0.908333333333333,40,218,22,20
26,168,3,2.1,0.59707345488333,0.75,0.8875,45,213,27,15
26,168,3,2.3,0.596595278162613,0.766666666666667,0.879166666666667,46,211,29,14
26,168,3,2.5,0.591781377164247,0.816666666666667,0.85,49,204,36,11
26,168,3,2.7,0.601810593839638,0.866666666666667,0.829166666666667,52,199,41,8
26,168,3,2.9,0.598854626939812,0.916666666666667,0.795833333333333,55,191,49,5
26,168,4,0.1,0.301511344577764,0.15,0.991666666666667,9,238,2,51
26,168,4,0.3,0.343800631611455,0.183333333333333,0.991666666666667,11,238,2,49
26,168,4,0.5,0.367484207629584,0.25,0.979166666666667,15,235,5,45
26,168,4,0.7,0.388380924587681,0.283333333333333,0.975,17,234,6,43
26,168,4,0.9,0.45684763270853,0.366666666666667,0.970833333333333,22,233,7,38
26,168,4,1.1,0.493215425068607,0.433333333333333,0.9625,26,231,9,34
26,168,4,1.3,0.494735108529468,0.483333333333333,0.945833333333333,29,227,13,31
26,168,4,1.5,0.554637137683147,0.566666666666667,0.941666666666667,34,226,14,26
26,168,4,1.7,0.578187757505821,0.65,0.920833333333333,39,221,19,21
26,168,4,1.9,0.58105052909928,0.683333333333333,0.908333333333333,41,218,22,19
26,168,4,2.1,0.538536841659474,0.7,0.875,42,210,30,18
26,168,4,2.3,0.559360385452908,0.766666666666667,0.854166666666667,46,205,35,14
26,168,4,2.5,0.612721147321172,0.866666666666667,0.8375,52,201,39,8
26,168,4,2.7,0.588386183915107,0.883333333333333,0.808333333333333,53,194,46,7
26,168,4,2.9,0.570664432689512,0.916666666666667,0.770833333333333,55,185,55,5
26,168,5,0.1,0.302871984991044,0.166666666666667,0.9875,10,237,3,50
26,168,5,0.3,0.32397151488602,0.183333333333333,0.9875,11,237,3,49
26,168,5,0.5,0.344123600805843,0.2,0.9875,12,237,3,48
26,168,5,0.7,0.451023009198597,0.316666666666667,0.983333333333333,19,236,4,41
26,168,5,0.9,0.512494809064049,0.383333333333333,0.983333333333333,23,236,4,37
26,168,5,1.1,0.487307419813658,0.4,0.970833333333333,24,233,7,36
26,168,5,1.3,0.528877013647364,0.5,0.954166666666667,30,229,11,30
26,168,5,1.5,0.536774032210737,0.533333333333333,0.945833333333333,32,227,13,28
26,168,5,1.7,0.53665631459995,0.566666666666667,0.933333333333333,34,224,16,26
26,168,5,1.9,0.557086014531156,0.633333333333333,0.916666666666667,38,220,20,22
26,168,5,2.1,0.592265394358331,0.716666666666667,0.9,43,216,24,17
26,168,5,2.3,0.596595278162613,0.766666666666667,0.879166666666667,46,211,29,14
26,168,5,2.5,0.569191455149456,0.816666666666667,0.833333333333333,49,200,40,11
26,168,5,2.7,0.56808906328456,0.85,0.8125,51,195,45,9
26,168,5,2.9,0.5323421960035,0.866666666666667,0.770833333333333,52,185,55,8
26,168,6,0.1,0.305887645160749,0.183333333333333,0.983333333333333,11,236,4,49
26,168,6,0.3,0.400891862868637,0.266666666666667,0.983333333333333,16,236,4,44
26,168,6,0.5,0.422115882408869,0.316666666666667,0.975,19,234,6,41
26,168,6,0.7,0.472222222222222,0.383333333333333,0.970833333333333,23,233,7,37
26,168,6,0.9,0.522069705412629,0.466666666666667,0.9625,28,231,9,32
26,168,6,1.1,0.525319246214213,0.483333333333333,0.958333333333333,29,230,10,31
26,168,6,1.3,0.514295634824952,0.55,0.929166666666667,33,223,17,27
26,168,6,1.5,0.520833333333333,0.616666666666667,0.904166666666667,37,217,23,23
26,168,6,1.7,0.506280024560696,0.616666666666667,0.895833333333333,37,215,25,23
26,168,6,1.9,0.512229530255854,0.65,0.883333333333333,39,212,28,21
26,168,6,2.1,0.525445754257,0.683333333333333,0.875,41,210,30,19
26,168,6,2.3,0.551548858454376,0.716666666666667,0.875,43,210,30,17
26,168,6,2.5,0.516076302985778,0.733333333333333,0.841666666666667,44,202,38,16
26,168,6,2.7,0.499315536982334,0.733333333333333,0.829166666666667,44,199,41,16
26,168,6,2.9,0.529737468828903,0.8,0.8125,48,195,45,12
26,168,7,0.1,0.42059551209603,0.233333333333333,0.995833333333333,14,239,1,46
26,168,7,0.3,0.454143262287745,0.266666666666667,0.995833333333333,16,239,1,44
26,168,7,0.5,0.485845732763192,0.3,0.995833333333333,18,239,1,42
26,168,7,0.7,0.541613832306324,0.4,0.9875,24,237,3,36
26,168,7,0.9,0.555748463823353,0.416666666666667,0.9875,25,237,3,35
26,168,7,1.1,0.569437883827195,0.45,0.983333333333333,27,236,4,33
26,168,7,1.3,0.623008957981398,0.516666666666667,0.983333333333333,31,236,4,29
26,168,7,1.5,0.632761287687038,0.616666666666667,0.958333333333333,37,230,10,23
26,168,7,1.7,0.594552269339252,0.616666666666667,0.941666666666667,37,226,14,23
26,168,7,1.9,0.573173200319417,0.633333333333333,0.925,38,222,18,22
26,168,7,2.1,0.575600200589302,0.666666666666667,0.9125,40,219,21,20
26,168,7,2.3,0.566379375843914,0.683333333333333,0.9,41,216,24,19
26,168,7,2.5,0.590390327359614,0.75,0.883333333333333,45,212,28,15
26,168,7,2.7,0.590316497009737,0.783333333333333,0.866666666666667,47,208,32,13
26,168,7,2.9,0.617063499809764,0.85,0.85,51,204,36,9
26,168,8,0.1,0.562624886216321,0.366666666666667,1,22,240,0,38
26,168,8,0.3,0.589767824619589,0.4,1,24,240,0,36
26,168,8,0.5,0.628970902033151,0.45,1,27,240,0,33
26,168,8,0.7,0.628970902033151,0.45,1,27,240,0,33
26,168,8,0.9,0.664098852165671,0.516666666666667,0.995833333333333,31,239,1,29
26,168,8,1.1,0.673994504576726,0.583333333333333,0.983333333333333,35,236,4,25
26,168,8,1.3,0.723478043414472,0.666666666666667,0.979166666666667,40,235,5,20
26,168,8,1.5,0.712352497089434,0.666666666666667,0.975,40,234,6,20
26,168,8,1.7,0.713754349313558,0.683333333333333,0.970833333333333,41,233,7,19
26,168,8,1.9,0.717678765307778,0.716666666666667,0.9625,43,231,9,17
26,168,8,2.1,0.696055012445306,0.75,0.941666666666667,45,226,14,15
26,168,8,2.3,0.662888631789319,0.75,0.925,45,222,18,15
26,168,8,2.5,0.664795432092791,0.783333333333333,0.9125,47,219,21,13
26,168,8,2.7,0.662689048279351,0.8,0.904166666666667,48,217,23,12
26,168,8,2.9,0.660113042099704,0.833333333333333,0.8875,50,213,27,10
26,168,9,0.1,0.344123600805843,0.2,0.9875,12,237,3,48
26,168,9,0.3,0.417416756317672,0.266666666666667,0.9875,16,237,3,44
26,168,9,0.5,0.436182453624904,0.316666666666667,0.979166666666667,19,235,5,41
26,168,9,0.7,0.467988455877239,0.35,0.979166666666667,21,235,5,39
26,168,9,0.9,0.514684241151503,0.416666666666667,0.975,25,234,6,35
26,168,9,1.1,0.493215425068607,0.433333333333333,0.9625,26,231,9,34
26,168,9,1.3,0.518751375933811,0.5,0.95,30,228,12,30
26,168,9,1.5,0.554637137683147,0.566666666666667,0.941666666666667,34,226,14,26
26,168,9,1.7,0.58148616454283,0.633333333333333,0.929166666666667,38,223,17,22
26,168,9,1.9,0.591227450330049,0.666666666666667,0.920833333333333,40,221,19,20
26,168,9,2.1,0.565275157827403,0.7,0.891666666666667,42,214,26,18
26,168,9,2.3,0.558049046067426,0.716666666666667,0.879166666666667,43,211,29,17
26,168,9,2.5,0.565333771083307,0.766666666666667,0.858333333333333,46,206,34,14
26,168,9,2.7,0.532704823409106,0.783333333333333,0.825,47,198,42,13
26,168,9,2.9,0.537430772925014,0.816666666666667,0.808333333333333,49,194,46,11
26,168,10,0.1,0.302871984991044,0.166666666666667,0.9875,10,237,3,50
26,168,10,0.3,0.383202268094912,0.25,0.983333333333333,15,236,4,45
26,168,10,0.5,0.467988455877239,0.35,0.979166666666667,21,235,5,39
26,168,10,0.7,0.459930598475812,0.383333333333333,0.966666666666667,23,232,8,37
26,168,10,0.9,0.522069705412629,0.466666666666667,0.9625,28,231,9,32
26,168,10,1.1,0.536180898396749,0.483333333333333,0.9625,29,231,9,31
26,168,10,1.3,0.560112033611204,0.55,0.95,33,228,12,27
26,168,10,1.5,0.568074962788023,0.583333333333333,0.941666666666667,35,226,14,25
26,168,10,1.7,0.598692972039029,0.633333333333333,0.9375,38,225,15,22
26,168,10,1.9,0.570261937906998,0.65,0.916666666666667,39,220,20,21
26,168,10,2.1,0.538614917391325,0.683333333333333,0.883333333333333,41,212,28,19
26,168,10,2.3,0.513504196818659,0.7,0.858333333333333,42,206,34,18
26,168,10,2.5,0.47280542884465,0.733333333333333,0.808333333333333,44,194,46,16
26,168,10,2.7,0.437325160702983,0.75,0.766666666666667,45,184,56,15
26,168,10,2.9,0.441054277135977,0.8,0.733333333333333,48,176,64,12
27,171,1,0.1,0.43429951810769,0.283333333333333,0.9875,17,237,3,43
27,171,1,0.3,0.512569285782198,0.366666666666667,0.9875,22,237,3,38
27,171,1,0.5,0.541613832306324,0.4,0.9875,24,237,3,36
27,171,1,0.7,0.596589253960554,0.483333333333333,0.983333333333333,29,236,4,31
27,171,1,0.9,0.623008957981398,0.516666666666667,0.983333333333333,31,236,4,29
27,171,1,1.1,0.673994504576726,0.583333333333333,0.983333333333333,35,236,4,25
27,171,1,1.3,0.734933902408299,0.666666666666667,0.983333333333333,40,236,4,20
27,171,1,1.5,0.749845772524878,0.733333333333333,0.970833333333333,44,233,7,16
27,171,1,1.7,0.701495558599884,0.733333333333333,0.95,44,228,12,16
27,171,1,1.9,0.679949740665919,0.783333333333333,0.920833333333333,47,221,19,13
27,171,1,2.1,0.704603541798946,0.816666666666667,0.920833333333333,49,221,19,11
27,171,1,2.3,0.682295233139687,0.816666666666667,0.908333333333333,49,218,22,11
27,171,1,2.5,0.673575314054563,0.833333333333333,0.895833333333333,50,215,25,10
27,171,1,2.7,0.672542110066641,0.85,0.8875,51,213,27,9
27,171,1,2.9,0.665663637184554,0.866666666666667,0.875,52,210,30,8
27,171,2,0.1,0.425657924852277,0.216666666666667,1,13,240,0,47
27,171,2,0.3,0.474712663277541,0.266666666666667,1,16,240,0,44
27,171,2,0.5,0.527227500924991,0.383333333333333,0.9875,23,237,3,37
27,171,2,0.7,0.541449046173073,0.416666666666667,0.983333333333333,25,236,4,35
27,171,2,0.9,0.610328642772525,0.516666666666667,0.979166666666667,31,235,5,29
27,171,2,1.1,0.611346444900966,0.533333333333333,0.975,32,234,6,28
27,171,2,1.3,0.604050065612409,0.566666666666667,0.9625,34,231,9,26
27,171,2,1.5,0.609835154075188,0.6,0.954166666666667,36,229,11,24
27,171,2,1.7,0.585590648993463,0.616666666666667,0.9375,37,225,15,23
27,171,2,1.9,0.586284653224769,0.65,0.925,39,222,18,21
27,171,2,2.1,0.573644889009255,0.683333333333333,0.904166666666667,41,217,23,19
27,171,2,2.3,0.558105260216638,0.733333333333333,0.870833333333333,44,209,31,16
27,171,2,2.5,0.586018081559606,0.816666666666667,0.845833333333333,49,203,37,11
27,171,2,2.7,0.57646545813057,0.833333333333333,0.829166666666667,50,199,41,10
27,171,2,2.9,0.575700088621494,0.866666666666667,0.808333333333333,52,194,46,8
27,171,3,0.1,0.365722426873877,0.183333333333333,0.995833333333333,11,239,1,49
27,171,3,0.3,0.32397151488602,0.183333333333333,0.9875,11,237,3,49
27,171,3,0.5,0.363451882821868,0.216666666666667,0.9875,13,237,3,47
27,171,3,0.7,0.43475559389443,0.3,0.983333333333333,18,236,4,42
27,171,3,0.9,0.466899527823841,0.333333333333333,0.983333333333333,20,236,4,40
27,171,3,1.1,0.502123522369166,0.416666666666667,0.970833333333333,25,233,7,35
27,171,3,1.3,0.547412894995766,0.483333333333333,0.966666666666667,29,232,8,31
27,171,3,1.5,0.609835154075188,0.6,0.954166666666667,36,229,11,24
27,171,3,1.7,0.607605335045849,0.633333333333333,0.941666666666667,38,226,14,22
27,171,3,1.9,0.633158475176152,0.7,0.929166666666667,42,223,17,18
27,171,3,2.1,0.606835045547051,0.716666666666667,0.908333333333333,43,218,22,17
27,171,3,2.3,0.590390327359614,0.75,0.883333333333333,45,212,28,15
27,171,3,2.5,0.577550286610901,0.766666666666667,0.866666666666667,46,208,32,14
27,171,3,2.7,0.566297545366746,0.783333333333333,0.85,47,204,36,13
27,171,3,2.9,0.542562051602281,0.816666666666667,0.8125,49,195,45,11
27,171,4,0.1,0.501114828585796,0.316666666666667,0.995833333333333,19,239,1,41
27,171,4,0.3,0.599851878790875,0.433333333333333,0.995833333333333,26,239,1,34
27,171,4,0.5,0.611111111111111,0.466666666666667,0.991666666666667,28,238,2,32
27,171,4,0.7,0.649856151635603,0.516666666666667,0.991666666666667,31,238,2,29
27,171,4,0.9,0.687260824634608,0.566666666666667,0.991666666666667,34,238,2,26
27,171,4,1.1,0.686511991405183,0.583333333333333,0.9875,35,237,3,25
27,171,4,1.3,0.686406472983644,0.6,0.983333333333333,36,236,4,24
27,171,4,1.5,0.668292288847727,0.65,0.9625,39,231,9,21
27,171,4,1.7,0.710705312219014,0.733333333333333,0.954166666666667,44,229,11,16
27,171,4,1.9,0.70479821535381,0.75,0.945833333333333,45,227,13,15
27,171,4,2.1,0.712084912593499,0.783333333333333,0.9375,47,225,15,13
27,171,4,2.3,0.677229050543504,0.8,0.9125,48,219,21,12
27,171,4,2.5,0.687493999622709,0.833333333333333,0.904166666666667,50,217,23,10
27,171,4,2.7,0.672542110066641,0.85,0.8875,51,213,27,9
27,171,4,2.9,0.666242181897818,0.9,0.858333333333333,54,206,34,6
27,171,5,0.1,0.418100146233162,0.25,0.991666666666667,15,238,2,45
27,171,5,0.3,0.400891862868637,0.266666666666667,0.983333333333333,16,236,4,44
27,171,5,0.5,0.37474830522703,0.283333333333333,0.970833333333333,17,233,7,43
27,171,5,0.7,0.400446690398835,0.333333333333333,0.9625,20,231,9,40
27,171,5,0.9,0.436788560935405,0.383333333333333,0.958333333333333,23,230,10,37
27,171,5,1.1,0.410904987556387,0.4,0.941666666666667,24,226,14,36
27,171,5,1.3,0.495204486015942,0.516666666666667,0.933333333333333,31,224,16,29
27,171,5,1.5,0.533142646633296,0.583333333333333,0.925,35,222,18,25
27,171,5,1.7,0.604166666666667,0.683333333333333,0.920833333333333,41,221,19,19
27,171,5,1.9,0.601510054771789,0.7,0.9125,42,219,21,18
27,171,5,2.1,0.614328923690763,0.716666666666667,0.9125,43,219,21,17
27,171,5,2.3,0.63228332640957,0.75,0.908333333333333,45,218,22,15
27,171,5,2.5,0.654330305081576,0.816666666666667,0.891666666666667,49,214,26,11
27,171,5,2.7,0.665998099190472,0.85,0.883333333333333,51,212,28,9
27,171,5,2.9,0.653305258008149,0.866666666666667,0.866666666666667,52,208,32,8
27,171,6,0.1,0.437625736458983,0.25,0.995833333333333,15,239,1,45
27,171,6,0.3,0.467707173346743,0.3,0.991666666666667,18,238,2,42
27,171,6,0.5,0.482344051504055,0.333333333333333,0.9875,20,237,3,40
27,171,6,0.7,0.512569285782198,0.366666666666667,0.9875,22,237,3,38
27,171,6,0.9,0.543322356285504,0.45,0.975,27,234,6,33
27,171,6,1.1,0.572756084578903,0.5,0.970833333333333,30,233,7,30
27,171,6,1.3,0.588348405414552,0.533333333333333,0.966666666666667,32,232,8,28
27,171,6,1.5,0.590800178146841,0.55,0.9625,33,231,9,27
27,171,6,1.7,0.586909020463339,0.583333333333333,0.95,35,228,12,25
27,171,6,1.9,0.576842863570451,0.616666666666667,0.933333333333333,37,224,16,23
27,171,6,2.1,0.525467048121248,0.666666666666667,0.883333333333333,40,212,28,20
27,171,6,2.3,0.551548858454376,0.716666666666667,0.875,43,210,30,17
27,171,6,2.5,0.571396096464553,0.766666666666667,0.8625,46,207,33,14
27,171,6,2.7,0.527359901403648,0.783333333333333,0.820833333333333,47,197,43,13
27,171,6,2.9,0.516868970444827,0.783333333333333,0.8125,47,195,45,13
27,171,7,0.1,0.371390676354104,0.166666666666667,1,10,240,0,50
27,171,7,0.3,0.365722426873877,0.183333333333333,0.995833333333333,11,239,1,49
27,171,7,0.5,0.382057030178579,0.233333333333333,0.9875,14,237,3,46
27,171,7,0.7,0.43429951810769,0.283333333333333,0.9875,17,237,3,43
27,171,7,0.9,0.467988455877239,0.35,0.979166666666667,21,235,5,39
27,171,7,1.1,0.493215425068607,0.433333333333333,0.9625,26,231,9,34
27,171,7,1.3,0.471383326246354,0.433333333333333,0.954166666666667,26,229,11,34
27,171,7,1.5,0.51343603081027,0.516666666666667,0.941666666666667,31,226,14,29
27,171,7,1.7,0.546608166610121,0.6,0.925,36,222,18,24
27,171,7,1.9,0.599482315735041,0.716666666666667,0.904166666666667,43,217,23,17
27,171,7,2.1,0.590390327359614,0.75,0.883333333333333,45,212,28,15
27,171,7,2.3,0.578130868186227,0.783333333333333,0.858333333333333,47,206,34,13
27,171,7,2.5,0.598698514696378,0.833333333333333,0.845833333333333,50,203,37,10
27,171,7,2.7,0.578493313297796,0.85,0.820833333333333,51,197,43,9
27,171,7,2.9,0.527777777777778,0.866666666666667,0.766666666666667,52,184,56,8
27,171,8,0.1,0.417416756317672,0.266666666666667,0.9875,16,237,3,44
27,171,8,0.3,0.450720535960032,0.3,0.9875,18,237,3,42
27,171,8,0.5,0.497607978401115,0.366666666666667,0.983333333333333,22,236,4,38
27,171,8,0.7,0.531020272545264,0.45,0.970833333333333,27,233,7,33
27,171,8,0.9,0.533396460910442,0.466666666666667,0.966666666666667,28,232,8,32
27,171,8,1.1,0.550098455941299,0.5,0.9625,30,231,9,30
27,171,8,1.3,0.580268566966252,0.55,0.958333333333333,33,230,10,27
27,171,8,1.5,0.632761287687038,0.616666666666667,0.958333333333333,37,230,10,23
27,171,8,1.7,0.607605335045849,0.633333333333333,0.941666666666667,38,226,14,22
27,171,8,1.9,0.637715330149298,0.716666666666667,0.925,43,222,18,17
27,171,8,2.1,0.610785564835303,0.75,0.895833333333333,45,215,25,15
27,171,8,2.3,0.62846782297209,0.8,0.883333333333333,48,212,28,12
27,171,8,2.5,0.586018081559606,0.816666666666667,0.845833333333333,49,203,37,11
27,171,8,2.7,0.589158336940607,0.85,0.829166666666667,51,199,41,9
27,171,8,2.9,0.56808906328456,0.85,0.8125,51,195,45,9
27,171,9,0.1,0.365722426873877,0.183333333333333,0.995833333333333,11,239,1,49
27,171,9,0.3,0.437625736458983,0.25,0.995833333333333,15,239,1,45
27,171,9,0.5,0.501114828585796,0.316666666666667,0.995833333333333,19,239,1,41
27,171,9,0.7,0.527227500924991,0.383333333333333,0.9875,23,237,3,37
27,171,9,0.9,0.545132838233723,0.466666666666667,0.970833333333333,28,233,7,32
27,171,9,1.1,0.561236080564821,0.5,0.966666666666667,30,232,8,30
27,171,9,1.3,0.522933738252059,0.516666666666667,0.945833333333333,31,227,13,29
27,171,9,1.5,0.568074962788023,0.583333333333333,0.941666666666667,35,226,14,25
27,171,9,1.7,0.543800258063554,0.616666666666667,0.916666666666667,37,220,20,23
27,171,9,1.9,0.532238496281473,0.666666666666667,0.8875,40,213,27,20
27,171,9,2.1,0.525445754257,0.683333333333333,0.875,41,210,30,19
27,171,9,2.3,0.508800393974976,0.716666666666667,0.845833333333333,43,203,37,17
27,171,9,2.5,0.536301873055099,0.766666666666667,0.8375,46,201,39,14
27,171,9,2.7,0.532704823409106,0.783333333333333,0.825,47,198,42,13
27,171,9,2.9,0.530330085889911,0.833333333333333,0.791666666666667,50,190,50,10
27,171,10,0.1,0.400022162506597,0.25,0.9875,15,237,3,45
27,171,10,0.3,0.451023009198597,0.316666666666667,0.983333333333333,19,236,4,41
27,171,10,0.5,0.513248575018225,0.4,0.979166666666667,24,235,5,36
27,171,10,0.7,0.569955805123029,0.466666666666667,0.979166666666667,28,235,5,32
27,171,10,0.9,0.623442463745178,0.533333333333333,0.979166666666667,32,235,5,28
27,171,10,1.1,0.640711607227748,0.6,0.966666666666667,36,232,8,24
27,171,10,1.3,0.655687421298887,0.633333333333333,0.9625,38,231,9,22
27,171,10,1.5,0.686093405913339,0.7,0.954166666666667,42,229,11,18
27,171,10,1.7,0.692495641127807,0.733333333333333,0.945833333333333,44,227,13,16
27,171,10,1.9,0.699830459709295,0.766666666666667,0.9375,46,225,15,14
27,171,10,2.1,0.716833088586984,0.833333333333333,0.920833333333333,50,221,19,10
27,171,10,2.3,0.684918499735656,0.866666666666667,0.8875,52,213,27,8
27,171,10,2.5,0.665754049309778,0.883333333333333,0.866666666666667,53,208,32,7
27,171,10,2.7,0.655865437597689,0.916666666666667,0.841666666666667,55,202,38,5
27,171,10,2.9,0.59402807414242,0.916666666666667,0.791666666666667,55,190,50,5
28,181,1,0.1,0.143525981828294,0.0666666666666667,0.9875,4,237,3,56
28,181,1,0.3,0.257171440963387,0.133333333333333,0.9875,8,237,3,52
28,181,1,0.5,0.267651689515655,0.166666666666667,0.979166666666667,10,235,5,50
28,181,1,0.7,0.348987779872152,0.233333333333333,0.979166666666667,14,235,5,46
28,181,1,0.9,0.37474830522703,0.283333333333333,0.970833333333333,17,233,7,43
28,181,1,1.1,0.475127634069748,0.4,0.966666666666667,24,232,8,36
28,181,1,1.3,0.482108339669053,0.433333333333333,0.958333333333333,26,230,10,34
28,181,1,1.5,0.504616600177301,0.483333333333333,0.95,29,228,12,31
28,181,1,1.7,0.514295634824952,0.55,0.929166666666667,33,223,17,27
28,181,1,1.9,0.49534006609204,0.566666666666667,0.9125,34,219,21,26
28,181,1,2.1,0.485699535757415,0.6,0.891666666666667,36,214,26,24
28,181,1,2.3,0.525445754257,0.683333333333333,0.875,41,210,30,19
28,181,1,2.5,0.516076302985778,0.733333333333333,0.841666666666667,44,202,38,16
28,181,1,2.7,0.563729549776314,0.816666666666667,0.829166666666667,49,199,41,11
28,181,1,2.9,0.53353371295301,0.85,0.783333333333333,51,188,52,9
28,181,2,0.1,0.363480236213583,0.2,0.991666666666667,12,238,2,48
28,181,2,0.3,0.417416756317672,0.266666666666667,0.9875,16,237,3,44
28,181,2,0.5,0.482344051504055,0.333333333333333,0.9875,20,237,3,40
28,181,2,0.7,0.454256762579498,0.35,0.975,21,234,6,39
28,181,2,0.9,0.5,0.4,0.975,24,234,6,36
28,181,2,1.1,0.493215425068607,0.433333333333333,0.9625,26,231,9,34
28,181,2,1.3,0.500540036487128,0.466666666666667,0.954166666666667,28,229,11,32
28,181,2,1.5,0.536774032210737,0.533333333333333,0.945833333333333,32,227,13,28
28,181,2,1.7,0.559016994374947,0.583333333333333,0.9375,35,225,15,25
28,181,2,1.9,0.58148616454283,0.633333333333333,0.929166666666667,38,223,17,22
28,181,2,2.1,0.583333333333333,0.666666666666667,0.916666666666667,40,220,20,20
28,181,2,2.3,0.593986906350009,0.7,0.908333333333333,42,218,22,18
28,181,2,2.5,0.570969592906995,0.733333333333333,0.879166666666667,44,211,29,16
28,181,2,2.7,0.604446323118084,0.833333333333333,0.85,50,204,36,10
28,181,2,2.9,0.639546807093939,0.916666666666667,0.829166666666667,55,199,41,5
28,181,3,0.1,0.530657563135848,0.35,0.995833333333333,21,239,1,39
28,181,3,0.3,0.572871554697751,0.4,0.995833333333333,24,239,1,36
28,181,3,0.5,0.599851878790875,0.433333333333333,0.995833333333333,26,239,1,34
28,181,3,0.7,0.610107075566836,0.483333333333333,0.9875,29,237,3,31
28,181,3,0.9,0.623008957981398,0.516666666666667,0.983333333333333,31,236,4,29
28,181,3,1.1,0.710881515168556,0.633333333333333,0.983333333333333,38,236,4,22
28,181,3,1.3,0.710881515168556,0.633333333333333,0.983333333333333,38,236,4,22
28,181,3,1.5,0.724465822134434,0.683333333333333,0.975,41,234,6,19
28,181,3,1.7,0.765656737740117,0.783333333333333,0.9625,47,231,9,13
28,181,3,1.9,0.791666666666667,0.833333333333333,0.958333333333333,50,230,10,10
28,181,3,2.1,0.780534021829516,0.866666666666667,0.941666666666667,52,226,14,8
28,181,3,2.3,0.748704885927146,0.866666666666667,0.925,52,222,18,8
28,181,3,2.5,0.745756202980565,0.883333333333333,0.916666666666667,53,220,20,7
28,181,3,2.7,0.7153232152001,0.916666666666667,0.883333333333333,55,212,28,5
28,181,3,2.9,0.657411243046284,0.933333333333333,0.833333333333333,56,200,40,4
28,181,4,0.1,0.408248290463863,0.2,1,12,240,0,48
28,181,4,0.3,0.458831467741124,0.25,1,15,240,0,45
28,181,4,0.5,0.47020148926214,0.283333333333333,0.995833333333333,17,239,1,43
28,181,4,0.7,0.530657563135848,0.35,0.995833333333333,21,239,1,39
28,181,4,0.9,0.584395291855485,0.433333333333333,0.991666666666667,26,238,2,34
28,181,4,1.1,0.610107075566836,0.483333333333333,0.9875,29,237,3,31
28,181,4,1.3,0.610328642772525,0.516666666666667,0.979166666666667,31,235,5,29
28,181,4,1.5,0.611346444900966,0.533333333333333,0.975,32,234,6,28
28,181,4,1.7,0.638832712955527,0.583333333333333,0.970833333333333,35,233,7,25
28,181,4,1.9,0.640711607227748,0.6,0.966666666666667,36,232,8,24
28,181,4,2.1,0.673649393203007,0.683333333333333,0.954166666666667,41,229,11,19
28,181,4,2.3,0.686093405913339,0.7,0.954166666666667,42,229,11,18
28,181,4,2.5,0.70479821535381,0.75,0.945833333333333,45,227,13,15
28,181,4,2.7,0.724267208806849,0.8,0.9375,48,225,15,12
28,181,4,2.9,0.712319190512047,0.816666666666667,0.925,49,222,18,11
28,181,5,0.1,0.384729278231866,0.2,0.995833333333333,12,239,1,48
28,181,5,0.3,0.435111825884368,0.266666666666667,0.991666666666667,16,238,2,44
28,181,5,0.5,0.43475559389443,0.3,0.983333333333333,18,236,4,42
28,181,5,0.7,0.483375785821773,0.366666666666667,0.979166666666667,22,235,5,38
28,181,5,0.9,0.527777777777778,0.416666666666667,0.979166666666667,25,235,5,35
28,181,5,1.1,0.610328642772525,0.516666666666667,0.979166666666667,31,235,5,29
28,181,5,1.3,0.649215294849641,0.566666666666667,0.979166666666667,34,235,5,26
28,181,5,1.5,0.675394561550883,0.616666666666667,0.975,37,234,6,23
28,181,5,1.7,0.717678765307778,0.716666666666667,0.9625,43,231,9,17
28,181,5,1.9,0.725899958328475,0.766666666666667,0.95,46,228,12,14
28,181,5,2.1,0.700066596898638,0.8,0.925,48,222,18,12
28,181,5,2.3,0.689596605459213,0.816666666666667,0.9125,49,219,21,11
28,181,5,2.5,0.665998099190472,0.85,0.883333333333333,51,212,28,9
28,181,5,2.7,0.629635468606729,0.866666666666667,0.85,52,204,36,8
28,181,5,2.9,0.585953499236905,0.866666666666667,0.816666666666667,52,196,44,8
28,181,6,0.1,0.345851248192141,0.166666666666667,0.995833333333333,10,239,1,50
28,181,6,0.3,0.402988957541146,0.216666666666667,0.995833333333333,13,239,1,47
28,181,6,0.5,0.454143262287745,0.266666666666667,0.995833333333333,16,239,1,44
28,181,6,0.7,0.501114828585796,0.316666666666667,0.995833333333333,19,239,1,41
28,181,6,0.9,0.497616602022778,0.35,0.9875,21,237,3,39
28,181,6,1.1,0.483375785821773,0.366666666666667,0.979166666666667,22,235,5,38
28,181,6,1.3,0.58468458215183,0.5,0.975,30,234,6,30
28,181,6,1.5,0.638832712955527,0.583333333333333,0.970833333333333,35,233,7,25
28,181,6,1.7,0.653464039213071,0.616666666666667,0.966666666666667,37,232,8,23
28,181,6,1.9,0.695664079255393,0.7,0.958333333333333,42,230,10,18
28,181,6,2.1,0.680108498886473,0.716666666666667,0.945833333333333,43,227,13,17
28,181,6,2.3,0.712084912593499,0.783333333333333,0.9375,47,225,15,13
28,181,6,2.5,0.66807326517009,0.816666666666667,0.9,49,216,24,11
28,181,6,2.7,0.640810380283423,0.85,0.866666666666667,51,208,32,9
28,181,6,2.9,0.648976836511773,0.9,0.845833333333333,54,203,37,6
28,181,7,0.1,0.425657924852277,0.216666666666667,1,13,240,0,47
28,181,7,0.3,0.44249767886871,0.233333333333333,1,14,240,0,46
28,181,7,0.5,0.483381444362933,0.316666666666667,0.991666666666667,19,238,2,41
28,181,7,0.7,0.512569285782198,0.366666666666667,0.9875,22,237,3,38
28,181,7,0.9,0.527227500924991,0.383333333333333,0.9875,23,237,3,37
28,181,7,1.1,0.541613832306324,0.4,0.9875,24,237,3,36
28,181,7,1.3,0.623222702798078,0.5,0.9875,30,237,3,30
28,181,7,1.5,0.611346444900966,0.533333333333333,0.975,32,234,6,28
28,181,7,1.7,0.580268566966252,0.55,0.958333333333333,33,230,10,27
28,181,7,1.9,0.594552269339252,0.616666666666667,0.941666666666667,37,226,14,23
28,181,7,2.1,0.625,0.7,0.925,42,222,18,18
28,181,7,2.3,0.614328923690763,0.716666666666667,0.9125,43,219,21,17
28,181,7,2.5,0.59707345488333,0.75,0.8875,45,213,27,15
28,181,7,2.7,0.584178230119417,0.783333333333333,0.8625,47,207,33,13
28,181,7,2.9,0.604446323118084,0.833333333333333,0.85,50,204,36,10
28,181,8,0.1,0.343800631611455,0.183333333333333,0.991666666666667,11,238,2,49
28,181,8,0.3,0.32397151488602,0.183333333333333,0.9875,11,237,3,49
28,181,8,0.5,0.314773291649392,0.216666666666667,0.975,13,234,6,47
28,181,8,0.7,0.352737810751329,0.25,0.975,15,234,6,45
28,181,8,0.9,0.405465379425967,0.3,0.975,18,234,6,42
28,181,8,1.1,0.441161151694827,0.35,0.970833333333333,21,233,7,39
28,181,8,1.3,0.475127634069748,0.4,0.966666666666667,24,232,8,36
28,181,8,1.5,0.475127634069748,0.4,0.966666666666667,24,232,8,36
28,181,8,1.7,0.500540036487128,0.466666666666667,0.954166666666667,28,229,11,32
28,181,8,1.9,0.554637137683147,0.566666666666667,0.941666666666667,34,226,14,26
28,181,8,2.1,0.551786140606006,0.616666666666667,0.920833333333333,37,221,19,23
28,181,8,2.3,0.599482315735041,0.716666666666667,0.904166666666667,43,217,23,17
28,181,8,2.5,0.59707345488333,0.75,0.8875,45,213,27,15
28,181,8,2.7,0.590869970085166,0.8,0.858333333333333,48,206,34,12
28,181,8,2.9,0.612721147321172,0.866666666666667,0.8375,52,201,39,8
28,181,9,0.1,0.44249767886871,0.233333333333333,1,14,240,0,46
28,181,9,0.3,0.458831467741124,0.25,1,15,240,0,45
28,181,9,0.5,0.454143262287745,0.266666666666667,0.995833333333333,16,239,1,44
28,181,9,0.7,0.530657563135848,0.35,0.995833333333333,21,239,1,39
28,181,9,0.9,0.544986136114971,0.366666666666667,0.995833333333333,22,239,1,38
28,181,9,1.1,0.572871554697751,0.4,0.995833333333333,24,239,1,36
28,181,9,1.3,0.555748463823353,0.416666666666667,0.9875,25,237,3,35
28,181,9,1.5,0.545132838233723,0.466666666666667,0.970833333333333,28,233,7,32
28,181,9,1.7,0.546489312047197,0.533333333333333,0.95,32,228,12,28
28,181,9,1.9,0.590617620041516,0.6,0.945833333333333,36,227,13,24
28,181,9,2.1,0.591227450330049,0.666666666666667,0.920833333333333,40,221,19,20
28,181,9,2.3,0.568021490970537,0.666666666666667,0.908333333333333,40,218,22,20
28,181,9,2.5,0.55167728436737,0.7,0.883333333333333,42,212,28,18
28,181,9,2.7,0.520555192537457,0.716666666666667,0.854166666666667,43,205,35,17
28,181,9,2.9,0.483208615442374,0.733333333333333,0.816666666666667,44,196,44,16
28,181,10,0.1,0.451631244540432,0.283333333333333,0.991666666666667,17,238,2,43
28,181,10,0.3,0.556847023448867,0.4,0.991666666666667,24,238,2,36
28,181,10,0.5,0.555555555555556,0.433333333333333,0.983333333333333,26,236,4,34
28,181,10,0.7,0.623008957981398,0.516666666666667,0.983333333333333,31,236,4,29
28,181,10,0.9,0.636401627069038,0.55,0.979166666666667,33,235,5,27
28,181,10,1.1,0.627831564258567,0.583333333333333,0.966666666666667,35,232,8,25
28,181,10,1.3,0.642393188976184,0.666666666666667,0.945833333333333,40,227,13,20
28,181,10,1.5,0.646095738380922,0.683333333333333,0.941666666666667,41,226,14,19
28,181,10,1.7,0.641492986429815,0.7,0.933333333333333,42,224,16,18
28,181,10,1.9,0.599482315735041,0.716666666666667,0.904166666666667,43,217,23,17
28,181,10,2.1,0.603870493698343,0.75,0.891666666666667,45,214,26,15
28,181,10,2.3,0.596548651302049,0.783333333333333,0.870833333333333,47,209,31,13
28,181,10,2.5,0.61027454520063,0.833333333333333,0.854166666666667,50,205,35,10
28,181,10,2.7,0.607230678564552,0.866666666666667,0.833333333333333,52,200,40,8
28,181,10,2.9,0.598611974295237,0.883333333333333,0.816666666666667,53,196,44,7
29,187,1,0.1,0.425657924852277,0.216666666666667,1,13,240,0,47
29,187,1,0.3,0.44249767886871,0.233333333333333,1,14,240,0,46
29,187,1,0.5,0.505291152639911,0.3,1,18,240,0,42
29,187,1,0.7,0.516042352765834,0.333333333333333,0.995833333333333,20,239,1,40
29,187,1,0.9,0.498690240055375,0.333333333333333,0.991666666666667,20,238,2,40
29,187,1,1.1,0.482418151324422,0.35,0.983333333333333,21,236,4,39
29,187,1,1.3,0.541449046173073,0.416666666666667,0.983333333333333,25,236,4,35
29,187,1,1.5,0.611346444900966,0.533333333333333,0.975,32,234,6,28
29,187,1,1.7,0.612862922306825,0.55,0.970833333333333,33,233,7,27
29,187,1,1.9,0.619839185779118,0.6,0.958333333333333,36,230,10,24
29,187,1,2.1,0.635702934548502,0.633333333333333,0.954166666666667,38,229,11,22
29,187,1,2.3,0.667632262993619,0.7,0.945833333333333,42,227,13,18
29,187,1,2.5,0.637715330149298,0.716666666666667,0.925,43,222,18,17
29,187,1,2.7,0.647290715250188,0.75,0.916666666666667,45,220,20,15
29,187,1,2.9,0.6667890316899,0.833333333333333,0.891666666666667,50,214,26,10
29,187,2,0.1,0.345851248192141,0.166666666666667,0.995833333333333,10,239,1,50
29,187,2,0.3,0.363480236213583,0.2,0.991666666666667,12,238,2,48
29,187,2,0.5,0.435111825884368,0.266666666666667,0.991666666666667,16,238,2,44
29,187,2,0.7,0.512569285782198,0.366666666666667,0.9875,22,237,3,38
29,187,2,0.9,0.527777777777778,0.416666666666667,0.979166666666667,25,235,5,35
29,187,2,1.1,0.58468458215183,0.5,0.975,30,234,6,30
29,187,2,1.3,0.612862922306825,0.55,0.970833333333333,33,233,7,27
29,187,2,1.5,0.630126037812604,0.6,0.9625,36,231,9,24
29,187,2,1.7,0.658245591801995,0.65,0.958333333333333,39,230,10,21
29,187,2,1.9,0.637334379459651,0.683333333333333,0.9375,41,225,15,19
29,187,2,2.1,0.641492986429815,0.7,0.933333333333333,42,224,16,18
29,187,2,2.3,0.636097863699234,0.783333333333333,0.895833333333333,47,215,25,13
29,187,2,2.5,0.647628427330995,0.816666666666667,0.8875,49,213,27,11
29,187,2,2.7,0.653212799119503,0.85,0.875,51,210,30,9
29,187,2,2.9,0.650355836688827,0.916666666666667,0.8375,55,201,39,5
29,187,3,0.1,0.279316987403299,0.116666666666667,0.995833333333333,7,239,1,53
29,187,3,0.3,0.301511344577764,0.15,0.991666666666667,9,238,2,51
29,187,3,0.5,0.305887645160749,0.183333333333333,0.983333333333333,11,236,4,49
29,187,3,0.7,0.346013914123996,0.216666666666667,0.983333333333333,13,236,4,47
29,187,3,0.9,0.402788270813957,0.283333333333333,0.979166666666667,17,235,5,43
29,187,3,1.1,0.467988455877239,0.35,0.979166666666667,21,235,5,39
29,187,3,1.3,0.502123522369166,0.416666666666667,0.970833333333333,25,233,7,35
29,187,3,1.5,0.59965687539547,0.533333333333333,0.970833333333333,32,233,7,28
29,187,3,1.7,0.583450035011671,0.566666666666667,0.954166666666667,34,229,11,26
29,187,3,1.9,0.589989767134734,0.633333333333333,0.933333333333333,38,224,16,22
29,187,3,2.1,0.596305243775967,0.683333333333333,0.916666666666667,41,220,20,19
29,187,3,2.3,0.599482315735041,0.716666666666667,0.904166666666667,43,217,23,17
29,187,3,2.5,0.615840287135601,0.783333333333333,0.883333333333333,47,212,28,13
29,187,3,2.7,0.62826680363486,0.833333333333333,0.866666666666667,50,208,32,10
29,187,3,2.9,0.642164718630156,0.883333333333333,0.85,53,204,36,7
29,187,4,0.1,0.371390676354104,0.166666666666667,1,10,240,0,50
29,187,4,0.3,0.425657924852277,0.216666666666667,1,13,240,0,47
29,187,4,0.5,0.47020148926214,0.283333333333333,0.995833333333333,17,239,1,43
29,187,4,0.7,0.467707173346743,0.3,0.991666666666667,18,238,2,42
29,187,4,0.9,0.483381444362933,0.316666666666667,0.991666666666667,19,238,2,41
29,187,4,1.1,0.542061062489349,0.433333333333333,0.979166666666667,26,235,5,34
29,187,4,1.3,0.507752400289747,0.45,0.9625,27,231,9,33
29,187,4,1.5,0.600099198148979,0.6,0.95,36,228,12,24
29,187,4,1.7,0.607605335045849,0.633333333333333,0.941666666666667,38,226,14,22
29,187,4,1.9,0.612192962753101,0.683333333333333,0.925,41,222,18,19
29,187,4,2.1,0.573644889009255,0.683333333333333,0.904166666666667,41,217,23,19
29,187,4,2.3,0.564485487062371,0.733333333333333,0.875,44,210,30,16
29,187,4,2.5,0.540589902719589,0.75,0.85,45,204,36,15
29,187,4,2.7,0.525238574242835,0.766666666666667,0.829166666666667,46,199,41,14
29,187,4,2.9,0.524596420754523,0.8,0.808333333333333,48,194,46,12
29,187,5,0.1,0.285714285714286,0.1,1,6,240,0,54
29,187,5,0.3,0.390191151806518,0.183333333333333,1,11,240,0,49
29,187,5,0.5,0.458831467741124,0.25,1,15,240,0,45
29,187,5,0.7,0.534522483824849,0.333333333333333,1,20,240,0,40
29,187,5,0.9,0.603022689155527,0.416666666666667,1,25,240,0,35
29,187,5,1.1,0.613042119887616,0.45,0.995833333333333,27,239,1,33
29,187,5,1.3,0.610107075566836,0.483333333333333,0.9875,29,237,3,31
29,187,5,1.5,0.650179080997677,0.583333333333333,0.975,35,234,6,25
29,187,5,1.7,0.653464039213071,0.616666666666667,0.966666666666667,37,232,8,23
29,187,5,1.9,0.645561258614811,0.633333333333333,0.958333333333333,38,230,10,22
29,187,5,2.1,0.686093405913339,0.7,0.954166666666667,42,229,11,18
29,187,5,2.3,0.671253443547199,0.716666666666667,0.941666666666667,43,226,14,17
29,187,5,2.5,0.679125416522629,0.75,0.933333333333333,45,224,16,15
29,187,5,2.7,0.603148876587191,0.766666666666667,0.883333333333333,46,212,28,14
29,187,5,2.9,0.615671833652865,0.816666666666667,0.866666666666667,49,208,32,11
29,187,6,0.1,0.351726229056329,0.15,1,9,240,0,51
29,187,6,0.3,0.371390676354104,0.166666666666667,1,10,240,0,50
29,187,6,0.5,0.44249767886871,0.233333333333333,1,14,240,0,46
29,187,6,0.7,0.516042352765834,0.333333333333333,0.995833333333333,20,239,1,40
29,187,6,0.9,0.572871554697751,0.4,0.995833333333333,24,239,1,36
29,187,6,1.1,0.555748463823353,0.416666666666667,0.9875,25,237,3,35
29,187,6,1.3,0.542061062489349,0.433333333333333,0.979166666666667,26,235,5,34
29,187,6,1.5,0.545132838233723,0.466666666666667,0.970833333333333,28,233,7,32
29,187,6,1.7,0.539319371630006,0.5,0.958333333333333,30,230,10,30
29,187,6,1.9,0.541056753239641,0.55,0.941666666666667,33,226,14,27
29,187,6,2.1,0.594560260032828,0.65,0.929166666666667,39,223,17,21
29,187,6,2.3,0.621969580444299,0.716666666666667,0.916666666666667,43,220,20,17
29,187,6,2.5,0.662689048279351,0.8,0.904166666666667,48,217,23,12
29,187,6,2.7,0.678400525299968,0.866666666666667,0.883333333333333,52,212,28,8
29,187,6,2.9,0.648976836511773,0.9,0.845833333333333,54,203,37,6
29,187,7,0.1,0.331042355440947,0.133333333333333,1,8,240,0,52
29,187,7,0.3,0.390191151806518,0.183333333333333,1,11,240,0,49
29,187,7,0.5,0.474712663277541,0.266666666666667,1,16,240,0,44
29,187,7,0.7,0.451631244540432,0.283333333333333,0.991666666666667,17,238,2,43
29,187,7,0.9,0.498690240055375,0.333333333333333,0.991666666666667,20,238,2,40
29,187,7,1.1,0.472222222222222,0.383333333333333,0.970833333333333,23,233,7,37
29,187,7,1.3,0.493215425068607,0.433333333333333,0.9625,26,231,9,34
29,187,7,1.5,0.539319371630006,0.5,0.958333333333333,30,230,10,30
29,187,7,1.7,0.531906107450231,0.55,0.9375,33,225,15,27
29,187,7,1.9,0.527997910831127,0.566666666666667,0.929166666666667,34,223,17,26
29,187,7,2.1,0.528330913060895,0.616666666666667,0.908333333333333,37,218,22,23
29,187,7,2.3,0.512229530255854,0.65,0.883333333333333,39,212,28,21
29,187,7,2.5,0.494343592459754,0.683333333333333,0.854166666666667,41,205,35,19
29,187,7,2.7,0.523386598745164,0.75,0.8375,45,201,39,15
29,187,7,2.9,0.542562051602281,0.816666666666667,0.8125,49,195,45,11
29,187,8,0.1,0.454143262287745,0.266666666666667,0.995833333333333,16,239,1,44
29,187,8,0.3,0.435111825884368,0.266666666666667,0.991666666666667,16,238,2,44
29,187,8,0.5,0.467707173346743,0.3,0.991666666666667,18,238,2,42
29,187,8,0.7,0.498690240055375,0.333333333333333,0.991666666666667,20,238,2,40
29,187,8,0.9,0.512569285782198,0.366666666666667,0.9875,22,237,3,38
29,187,8,1.1,0.5,0.4,0.975,24,234,6,36
29,187,8,1.3,0.514684241151503,0.416666666666667,0.975,25,234,6,35
29,187,8,1.5,0.522069705412629,0.466666666666667,0.9625,28,231,9,32
29,187,8,1.7,0.51343603081027,0.516666666666667,0.941666666666667,31,226,14,29
29,187,8,1.9,0.469574275274956,0.516666666666667,0.920833333333333,31,221,19,29
29,187,8,2.1,0.535984271556491,0.616666666666667,0.9125,37,219,21,23
29,187,8,2.3,0.56059100342677,0.666666666666667,0.904166666666667,40,217,23,20
29,187,8,2.5,0.59707345488333,0.75,0.8875,45,213,27,15
29,187,8,2.7,0.579066024143586,0.8,0.85,48,204,36,12
29,187,8,2.9,0.532360191379871,0.816666666666667,0.804166666666667,49,193,47,11
29,187,9,0.1,0.408248290463863,0.2,1,12,240,0,48
29,187,9,0.3,0.458831467741124,0.25,1,15,240,0,45
29,187,9,0.5,0.505291152639911,0.3,1,18,240,0,42
29,187,9,0.7,0.562624886216321,0.366666666666667,1,22,240,0,38
29,187,9,0.9,0.603022689155527,0.416666666666667,1,25,240,0,35
29,187,9,1.1,0.666666666666667,0.5,1,30,240,0,30
29,187,9,1.3,0.711567173573255,0.6,0.991666666666667,36,238,2,24
29,187,9,1.5,0.722957558843199,0.65,0.983333333333333,39,236,4,21
29,187,9,1.7,0.736485379546474,0.7,0.975,42,234,6,18
29,187,9,1.9,0.707943514381917,0.716666666666667,0.958333333333333,43,230,10,17
29,187,9,2.1,0.696055012445306,0.75,0.941666666666667,45,226,14,15
29,187,9,2.3,0.687746384953325,0.783333333333333,0.925,47,222,18,13
29,187,9,2.5,0.741113787720694,0.866666666666667,0.920833333333333,52,221,19,8
29,187,9,2.7,0.731310340973526,0.883333333333333,0.908333333333333,53,218,22,7
29,187,9,2.9,0.697244984336078,0.883333333333333,0.8875,53,213,27,7
29,187,10,0.1,0.365722426873877,0.183333333333333,0.995833333333333,11,239,1,49
29,187,10,0.3,0.437625736458983,0.25,0.995833333333333,15,239,1,45
29,187,10,0.5,0.530657563135848,0.35,0.995833333333333,21,239,1,39
29,187,10,0.7,0.542720420239974,0.383333333333333,0.991666666666667,23,238,2,37
29,187,10,0.9,0.569649517327921,0.433333333333333,0.9875,26,237,3,34
29,187,10,1.1,0.583111187267418,0.466666666666667,0.983333333333333,28,236,4,32
29,187,10,1.3,0.596589253960554,0.483333333333333,0.983333333333333,29,236,4,31
29,187,10,1.5,0.571091544816282,0.483333333333333,0.975,29,234,6,31
29,187,10,1.7,0.625918667527614,0.566666666666667,0.970833333333333,34,233,7,26
29,187,10,1.9,0.689224169261855,0.65,0.970833333333333,39,233,7,21
29,187,10,2.1,0.693181073024935,0.683333333333333,0.9625,41,231,9,19
29,187,10,2.3,0.722882618313295,0.75,0.954166666666667,45,229,11,15
29,187,10,2.5,0.679125416522629,0.75,0.933333333333333,45,224,16,15
29,187,10,2.7,0.664795432092791,0.783333333333333,0.9125,47,219,21,13
29,187,10,2.9,0.634545380684345,0.816666666666667,0.879166666666667,49,211,29,11
30,190,1,0.1,0.365722426873877,0.183333333333333,0.995833333333333,11,239,1,49
30,190,1,0.3,0.402988957541146,0.216666666666667,0.995833333333333,13,239,1,47
30,190,1,0.5,0.435111825884368,0.266666666666667,0.991666666666667,16,238,2,44
30,190,1,0.7,0.451631244540432,0.283333333333333,0.991666666666667,17,238,2,43
30,190,1,0.9,0.513665093809513,0.35,0.991666666666667,21,238,2,39
30,190,1,1.1,0.541613832306324,0.4,0.9875,24,237,3,36
30,190,1,1.3,0.596814705165041,0.466666666666667,0.9875,28,237,3,32
30,190,1,1.5,0.623442463745178,0.533333333333333,0.979166666666667,32,235,5,28
30,190,1,1.7,0.66284898035987,0.6,0.975,36,234,6,24
30,190,1,1.9,0.651634707150621,0.666666666666667,0.95,40,228,12,20
30,190,1,2.1,0.667632262993619,0.7,0.945833333333333,42,227,13,18
30,190,1,2.3,0.66259472940448,0.716666666666667,0.9375,43,225,15,17
30,190,1,2.5,0.642429106116809,0.733333333333333,0.920833333333333,44,221,19,16
30,190,1,2.7,0.675122272515138,0.816666666666667,0.904166666666667,49,217,23,11
30,190,1,2.9,0.672542110066641,0.85,0.8875,51,213,27,9
30,190,2,0.1,0.384729278231866,0.2,0.995833333333333,12,239,1,48
30,190,2,0.3,0.418100146233162,0.25,0.991666666666667,15,238,2,45
30,190,2,0.5,0.400022162506597,0.25,0.9875,15,237,3,45
30,190,2,0.7,0.450720535960032,0.3,0.9875,18,237,3,42
30,190,2,0.9,0.436182453624904,0.316666666666667,0.979166666666667,19,235,5,41
30,190,2,1.1,0.542061062489349,0.433333333333333,0.979166666666667,26,235,5,34
30,190,2,1.3,0.583596537153706,0.483333333333333,0.979166666666667,29,235,5,31
30,190,2,1.5,0.625918667527614,0.566666666666667,0.970833333333333,34,233,7,26
30,190,2,1.7,0.664267181022886,0.616666666666667,0.970833333333333,37,233,7,23
30,190,2,1.9,0.642393188976184,0.666666666666667,0.945833333333333,40,227,13,20
30,190,2,2.1,0.671253443547199,0.716666666666667,0.941666666666667,43,226,14,17
30,190,2,2.3,0.650343446183658,0.733333333333333,0.925,44,222,18,16
30,190,2,2.5,0.652292292435189,0.766666666666667,0.9125,46,219,21,14
30,190,2,2.7,0.692820323027551,0.85,0.9,51,216,24,9
30,190,2,2.9,0.659438589012592,0.866666666666667,0.870833333333333,52,209,31,8
30,190,3,0.1,0.232495277487639,0.0666666666666667,1,4,240,0,56
30,190,3,0.3,0.309132883937864,0.116666666666667,1,7,240,0,53
30,190,3,0.5,0.425657924852277,0.216666666666667,1,13,240,0,47
30,190,3,0.7,0.425657924852277,0.216666666666667,1,13,240,0,47
30,190,3,0.9,0.437625736458983,0.25,0.995833333333333,15,239,1,45
30,190,3,1.1,0.483381444362933,0.316666666666667,0.991666666666667,19,238,2,41
30,190,3,1.3,0.452267016866645,0.333333333333333,0.979166666666667,20,235,5,40
30,190,3,1.5,0.482108339669053,0.433333333333333,0.958333333333333,26,230,10,34
30,190,3,1.7,0.532705569673936,0.516666666666667,0.95,31,228,12,29
30,190,3,1.9,0.541561276888692,0.583333333333333,0.929166666666667,35,223,17,25
30,190,3,2.1,0.549296425483947,0.633333333333333,0.9125,38,219,21,22
30,190,3,2.3,0.591082804679326,0.733333333333333,0.891666666666667,44,214,26,16
30,190,3,2.5,0.621956218856946,0.8,0.879166666666667,48,211,29,12
30,190,3,2.7,0.615671833652865,0.816666666666667,0.866666666666667,49,208,32,11
30,190,3,2.9,0.589158336940607,0.85,0.829166666666667,51,199,41,9
30,190,4,0.1,0.402988957541146,0.216666666666667,0.995833333333333,13,239,1,47
30,190,4,0.3,0.402988957541146,0.216666666666667,0.995833333333333,13,239,1,47
30,190,4,0.5,0.454143262287745,0.266666666666667,0.995833333333333,16,239,1,44
30,190,4,0.7,0.544986136114971,0.366666666666667,0.995833333333333,22,239,1,38
30,190,4,0.9,0.559050750420652,0.383333333333333,0.995833333333333,23,239,1,37
30,190,4,1.1,0.572871554697751,0.4,0.995833333333333,24,239,1,36
30,190,4,1.3,0.597849988482768,0.45,0.991666666666667,27,238,2,33
30,190,4,1.5,0.635972703393219,0.533333333333333,0.983333333333333,32,236,4,28
30,190,4,1.7,0.601658254057552,0.55,0.966666666666667,33,232,8,27
30,190,4,1.9,0.668292288847727,0.65,0.9625,39,231,9,21
30,190,4,2.1,0.729793622850495,0.733333333333333,0.9625,44,231,9,16
30,190,4,2.3,0.725899958328475,0.766666666666667,0.95,46,228,12,14
30,190,4,2.5,0.740300309364077,0.833333333333333,0.933333333333333,50,224,16,10
30,190,4,2.7,0.709299365615191,0.833333333333333,0.916666666666667,50,220,20,10
30,190,4,2.9,0.685949636048806,0.85,0.895833333333333,51,215,25,9
30,190,5,0.1,0.365722426873877,0.183333333333333,0.995833333333333,11,239,1,49
30,190,5,0.3,0.42059551209603,0.233333333333333,0.995833333333333,14,239,1,46
30,190,5,0.5,0.467707173346743,0.3,0.991666666666667,18,238,2,42
30,190,5,0.7,0.483381444362933,0.316666666666667,0.991666666666667,19,238,2,41
30,190,5,0.9,0.45684763270853,0.366666666666667,0.970833333333333,22,233,7,38
30,190,5,1.1,0.559040521531136,0.483333333333333,0.970833333333333,29,233,7,31
30,190,5,1.3,0.577397840587489,0.533333333333333,0.9625,32,231,9,28
30,190,5,1.5,0.560112033611204,0.55,0.95,33,228,12,27
30,190,5,1.7,0.590617620041516,0.6,0.945833333333333,36,227,13,24
30,190,5,1.9,0.575600200589302,0.666666666666667,0.9125,40,219,21,20
30,190,5,2.1,0.610785564835303,0.75,0.895833333333333,45,215,25,15
30,190,5,2.3,0.647628427330995,0.816666666666667,0.8875,49,213,27,11
30,190,5,2.5,0.628767713237013,0.85,0.858333333333333,51,206,34,9
30,190,5,2.7,0.623921402759981,0.866666666666667,0.845833333333333,52,203,37,8
30,190,5,2.9,0.598611974295237,0.883333333333333,0.816666666666667,53,196,44,7
30,190,6,0.1,0.279316987403299,0.116666666666667,0.995833333333333,7,239,1,53
30,190,6,0.3,0.302875363909617,0.133333333333333,0.995833333333333,8,239,1,52
30,190,6,0.5,0.365722426873877,0.183333333333333,0.995833333333333,11,239,1,49
30,190,6,0.7,0.454143262287745,0.266666666666667,0.995833333333333,16,239,1,44
30,190,6,0.9,0.451631244540432,0.283333333333333,0.991666666666667,17,238,2,43
30,190,6,1.1,0.528333676221715,0.366666666666667,0.991666666666667,22,238,2,38
30,190,6,1.3,0.5707328555486,0.416666666666667,0.991666666666667,25,238,2,35
30,190,6,1.5,0.59705025139884,0.5,0.979166666666667,30,235,5,30
30,190,6,1.7,0.572756084578903,0.5,0.970833333333333,30,233,7,30
30,190,6,1.9,0.566783910742498,0.533333333333333,0.958333333333333,32,230,10,28
30,190,6,2.1,0.577368167916063,0.583333333333333,0.945833333333333,35,227,13,25
30,190,6,2.3,0.58148616454283,0.633333333333333,0.929166666666667,38,223,17,22
30,190,6,2.5,0.583333333333333,0.666666666666667,0.916666666666667,40,220,20,20
30,190,6,2.7,0.591082804679326,0.733333333333333,0.891666666666667,44,214,26,16
30,190,6,2.9,0.596548651302049,0.783333333333333,0.870833333333333,47,209,31,13
30,190,7,0.1,0.408248290463863,0.2,1,12,240,0,48
30,190,7,0.3,0.44249767886871,0.233333333333333,1,14,240,0,46
30,190,7,0.5,0.458831467741124,0.25,1,15,240,0,45
30,190,7,0.7,0.451631244540432,0.283333333333333,0.991666666666667,17,238,2,43
30,190,7,0.9,0.513665093809513,0.35,0.991666666666667,21,238,2,39
30,190,7,1.1,0.513665093809513,0.35,0.991666666666667,21,238,2,39
30,190,7,1.3,0.584395291855485,0.433333333333333,0.991666666666667,26,238,2,34
30,190,7,1.5,0.623222702798078,0.5,0.9875,30,237,3,30
30,190,7,1.7,0.648967664563956,0.533333333333333,0.9875,32,237,3,28
30,190,7,1.9,0.686511991405183,0.583333333333333,0.9875,35,237,3,25
30,190,7,2.1,0.664267181022886,0.616666666666667,0.970833333333333,37,233,7,23
30,190,7,2.3,0.670820393249937,0.666666666666667,0.958333333333333,40,230,10,20
30,190,7,2.5,0.646095738380922,0.683333333333333,0.941666666666667,41,226,14,19
30,190,7,2.7,0.650343446183658,0.733333333333333,0.925,44,222,18,16
30,190,7,2.9,0.650191085147258,0.783333333333333,0.904166666666667,47,217,23,13
30,190,8,0.1,0.474712663277541,0.266666666666667,1,16,240,0,44
30,190,8,0.3,0.548703261168734,0.35,1,21,240,0,39
30,190,8,0.5,0.542720420239974,0.383333333333333,0.991666666666667,23,238,2,37
30,190,8,0.7,0.541613832306324,0.4,0.9875,24,237,3,36
30,190,8,0.9,0.556115298968001,0.45,0.979166666666667,27,235,5,33
30,190,8,1.1,0.58468458215183,0.5,0.975,30,234,6,30
30,190,8,1.3,0.624436085122555,0.55,0.975,33,234,6,27
30,190,8,1.5,0.650179080997677,0.583333333333333,0.975,35,234,6,25
30,190,8,1.7,0.700140042014005,0.65,0.975,39,234,6,21
30,190,8,1.9,0.680788249055488,0.666666666666667,0.9625,40,231,9,20
30,190,8,2.1,0.655062167921653,0.683333333333333,0.945833333333333,41,227,13,19
30,190,8,2.3,0.683348157461829,0.766666666666667,0.929166666666667,46,223,17,14
30,190,8,2.5,0.669893845303236,0.8,0.908333333333333,48,218,22,12
30,190,8,2.7,0.634545380684345,0.816666666666667,0.879166666666667,49,211,29,11
30,190,8,2.9,0.653212799119503,0.85,0.875,51,210,30,9
30,190,9,0.1,0.278543007265578,0.133333333333333,0.991666666666667,8,238,2,52
30,190,9,0.3,0.323196563283892,0.166666666666667,0.991666666666667,10,238,2,50
30,190,9,0.5,0.382359556450936,0.216666666666667,0.991666666666667,13,238,2,47
30,190,9,0.7,0.482344051504055,0.333333333333333,0.9875,20,237,3,40
30,190,9,0.9,0.527227500924991,0.383333333333333,0.9875,23,237,3,37
30,190,9,1.1,0.543322356285504,0.45,0.975,27,234,6,33
30,190,9,1.3,0.571091544816282,0.483333333333333,0.975,29,234,6,31
30,190,9,1.5,0.637377439199098,0.566666666666667,0.975,34,234,6,26
30,190,9,1.7,0.678613554910736,0.65,0.966666666666667,39,232,8,21
30,190,9,1.9,0.715541752799933,0.7,0.966666666666667,42,232,8,18
30,190,9,2.1,0.698443768446266,0.716666666666667,0.954166666666667,43,229,11,17
30,190,9,2.3,0.712084912593499,0.783333333333333,0.9375,47,225,15,13
30,190,9,2.5,0.772346088588905,0.866666666666667,0.9375,52,225,15,8
30,190,9,2.7,0.792195498962849,0.916666666666667,0.929166666666667,55,223,17,5
30,190,9,2.9,0.774583511827976,0.933333333333333,0.9125,56,219,21,4
30,190,10,0.1,0.363480236213583,0.2,0.991666666666667,12,238,2,48
30,190,10,0.3,0.382057030178579,0.233333333333333,0.9875,14,237,3,46
30,190,10,0.5,0.38539871915423,0.266666666666667,0.979166666666667,16,235,5,44
30,190,10,0.7,0.370820947733484,0.266666666666667,0.975,16,234,6,44
30,190,10,0.9,0.438368933353363,0.333333333333333,0.975,20,234,6,40
30,190,10,1.1,0.412514323662695,0.333333333333333,0.966666666666667,20,232,8,40
30,190,10,1.3,0.436788560935405,0.383333333333333,0.958333333333333,23,230,10,37
30,190,10,1.5,0.461015351892531,0.433333333333333,0.95,26,228,12,34
30,190,10,1.7,0.481069218813643,0.5,0.933333333333333,30,224,16,30
30,190,10,1.9,0.568298966872428,0.616666666666667,0.929166666666667,37,223,17,23
30,190,10,2.1,0.568021490970537,0.666666666666667,0.908333333333333,40,218,22,20
30,190,10,2.3,0.565275157827403,0.7,0.891666666666667,42,214,26,18
30,190,10,2.5,0.603148876587191,0.766666666666667,0.883333333333333,46,212,28,14
30,190,10,2.7,0.609568386860013,0.816666666666667,0.8625,49,207,33,11
30,190,10,2.9,0.587434771019631,0.833333333333333,0.8375,50,201,39,10
31,200,1,0.1,0.425657924852277,0.216666666666667,1,13,240,0,47
31,200,1,0.3,0.458831467741124,0.25,1,15,240,0,45
31,200,1,0.5,0.505291152639911,0.3,1,18,240,0,42
31,200,1,0.7,0.562624886216321,0.366666666666667,1,22,240,0,38
31,200,1,0.9,0.603022689155527,0.416666666666667,1,25,240,0,35
31,200,1,1.1,0.641688947919748,0.466666666666667,1,28,240,0,32
31,200,1,1.3,0.664098852165671,0.516666666666667,0.995833333333333,31,239,1,29
31,200,1,1.5,0.700885077729073,0.566666666666667,0.995833333333333,34,239,1,26
31,200,1,1.7,0.710881515168556,0.633333333333333,0.983333333333333,38,236,4,22
31,200,1,1.9,0.711378328613161,0.65,0.979166666666667,39,235,5,21
31,200,1,2.1,0.705476200186128,0.7,0.9625,42,231,9,18
31,200,1,2.3,0.753778361444409,0.766666666666667,0.9625,46,231,9,14
31,200,1,2.5,0.758951549714461,0.8,0.954166666666667,48,229,11,12
31,200,1,2.7,0.758951549714461,0.8,0.954166666666667,48,229,11,12
31,200,1,2.9,0.707974219804893,0.8,0.929166666666667,48,223,17,12
31,200,2,0.1,0.324966841809841,0.15,0.995833333333333,9,239,1,51
31,200,2,0.3,0.363480236213583,0.2,0.991666666666667,12,238,2,48
31,200,2,0.5,0.382359556450936,0.216666666666667,0.991666666666667,13,238,2,47
31,200,2,0.7,0.43429951810769,0.283333333333333,0.9875,17,237,3,43
31,200,2,0.9,0.452267016866645,0.333333333333333,0.979166666666667,20,235,5,40
31,200,2,1.1,0.514684241151503,0.416666666666667,0.975,25,234,6,35
31,200,2,1.3,0.519174131651165,0.45,0.966666666666667,27,232,8,33
31,200,2,1.5,0.525319246214213,0.483333333333333,0.958333333333333,29,230,10,31
31,200,2,1.7,0.536774032210737,0.533333333333333,0.945833333333333,32,227,13,28
31,200,2,1.9,0.54553230553453,0.566666666666667,0.9375,34,225,15,26
31,200,2,2.1,0.578187757505821,0.65,0.920833333333333,39,221,19,21
31,200,2,2.3,0.586607210695483,0.7,0.904166666666667,42,217,23,18
31,200,2,2.5,0.609236897554921,0.8,0.870833333333333,48,209,31,12
31,200,2,2.7,0.640810380283423,0.85,0.866666666666667,51,208,32,9
31,200,2,2.9,0.600099198148979,0.85,0.8375,51,201,39,9
31,200,3,0.1,0.408248290463863,0.2,1,12,240,0,48
31,200,3,0.3,0.425657924852277,0.216666666666667,1,13,240,0,47
31,200,3,0.5,0.458831467741124,0.25,1,15,240,0,45
31,200,3,0.7,0.474712663277541,0.266666666666667,1,16,240,0,44
31,200,3,0.9,0.520060220985952,0.316666666666667,1,19,240,0,41
31,200,3,1.1,0.562624886216321,0.366666666666667,1,22,240,0,38
31,200,3,1.3,0.603022689155527,0.416666666666667,1,25,240,0,35
31,200,3,1.5,0.691094740465088,0.533333333333333,1,32,240,0,28
31,200,3,1.7,0.698773714303812,0.6,0.9875,36,237,3,24
31,200,3,1.9,0.724465822134434,0.683333333333333,0.975,41,234,6,19
31,200,3,2.1,0.707943514381917,0.716666666666667,0.958333333333333,43,230,10,17
31,200,3,2.3,0.732665401396779,0.8,0.941666666666667,48,226,14,12
31,200,3,2.5,0.669893845303236,0.8,0.908333333333333,48,218,22,12
31,200,3,2.7,0.6667890316899,0.833333333333333,0.891666666666667,50,214,26,10
31,200,3,2.9,0.659556066263858,0.85,0.879166666666667,51,211,29,9
31,200,4,0.1,0.44249767886871,0.233333333333333,1,14,240,0,46
31,200,4,0.3,0.458831467741124,0.25,1,15,240,0,45
31,200,4,0.5,0.490186378342327,0.283333333333333,1,17,240,0,43
31,200,4,0.7,0.501114828585796,0.316666666666667,0.995833333333333,19,239,1,41
31,200,4,0.9,0.498690240055375,0.333333333333333,0.991666666666667,20,238,2,40
31,200,4,1.1,0.527227500924991,0.383333333333333,0.9875,23,237,3,37
31,200,4,1.3,0.569649517327921,0.433333333333333,0.9875,26,237,3,34
31,200,4,1.5,0.596589253960554,0.483333333333333,0.983333333333333,29,236,4,31
31,200,4,1.7,0.623442463745178,0.533333333333333,0.979166666666667,32,235,5,28
31,200,4,1.9,0.650179080997677,0.583333333333333,0.975,35,234,6,25
31,200,4,2.1,0.678613554910736,0.65,0.966666666666667,39,232,8,21
31,200,4,2.3,0.646095738380922,0.683333333333333,0.941666666666667,41,226,14,19
31,200,4,2.5,0.642429106116809,0.733333333333333,0.920833333333333,44,221,19,16
31,200,4,2.7,0.616585659291282,0.766666666666667,0.891666666666667,46,214,26,14
31,200,4,2.9,0.646965220409707,0.85,0.870833333333333,51,209,31,9
31,200,5,0.1,0.309132883937864,0.116666666666667,1,7,240,0,53
31,200,5,0.3,0.351726229056329,0.15,1,9,240,0,51
31,200,5,0.5,0.408248290463863,0.2,1,12,240,0,48
31,200,5,0.7,0.42059551209603,0.233333333333333,0.995833333333333,14,239,1,46
31,200,5,0.9,0.435111825884368,0.266666666666667,0.991666666666667,16,238,2,44
31,200,5,1.1,0.466722916974903,0.316666666666667,0.9875,19,237,3,41
31,200,5,1.3,0.467988455877239,0.35,0.979166666666667,21,235,5,39
31,200,5,1.5,0.527777777777778,0.416666666666667,0.979166666666667,25,235,5,35
31,200,5,1.7,0.571091544816282,0.483333333333333,0.975,29,234,6,31
31,200,5,1.9,0.593600459637472,0.566666666666667,0.958333333333333,34,230,10,26
31,200,5,2.1,0.600099198148979,0.6,0.95,36,228,12,24
31,200,5,2.3,0.61168056739704,0.65,0.9375,39,225,15,21
31,200,5,2.5,0.607526850805376,0.666666666666667,0.929166666666667,40,223,17,20
31,200,5,2.7,0.565275157827403,0.7,0.891666666666667,42,214,26,18
31,200,5,2.9,0.564485487062371,0.733333333333333,0.875,44,210,30,16
31,200,6,0.1,0.351726229056329,0.15,1,9,240,0,51
31,200,6,0.3,0.390191151806518,0.183333333333333,1,11,240,0,49
31,200,6,0.5,0.390191151806518,0.183333333333333,1,11,240,0,49
31,200,6,0.7,0.44249767886871,0.233333333333333,1,14,240,0,46
31,200,6,0.9,0.454143262287745,0.266666666666667,0.995833333333333,16,239,1,44
31,200,6,1.1,0.47020148926214,0.283333333333333,0.995833333333333,17,239,1,43
31,200,6,1.3,0.498690240055375,0.333333333333333,0.991666666666667,20,238,2,40
31,200,6,1.5,0.527227500924991,0.383333333333333,0.9875,23,237,3,37
31,200,6,1.7,0.542061062489349,0.433333333333333,0.979166666666667,26,235,5,34
31,200,6,1.9,0.559040521531136,0.483333333333333,0.970833333333333,29,233,7,31
31,200,6,2.1,0.563833888522279,0.516666666666667,0.9625,31,231,9,29
31,200,6,2.3,0.560112033611204,0.55,0.95,33,228,12,27
31,200,6,2.5,0.603022689155527,0.65,0.933333333333333,39,224,16,21
31,200,6,2.7,0.609182468577097,0.7,0.916666666666667,42,220,20,18
31,200,6,2.9,0.599482315735041,0.716666666666667,0.904166666666667,43,217,23,17
31,200,7,0.1,0.331042355440947,0.133333333333333,1,8,240,0,52
31,200,7,0.3,0.351726229056329,0.15,1,9,240,0,51
31,200,7,0.5,0.408248290463863,0.2,1,12,240,0,48
31,200,7,0.7,0.437625736458983,0.25,0.995833333333333,15,239,1,45
31,200,7,0.9,0.450720535960032,0.3,0.9875,18,237,3,42
31,200,7,1.1,0.482418151324422,0.35,0.983333333333333,21,236,4,39
31,200,7,1.3,0.513248575018225,0.4,0.979166666666667,24,235,5,36
31,200,7,1.5,0.598099274162041,0.516666666666667,0.975,31,234,6,29
31,200,7,1.7,0.604050065612409,0.566666666666667,0.9625,34,231,9,26
31,200,7,1.9,0.603738353924943,0.616666666666667,0.945833333333333,37,227,13,23
31,200,7,2.1,0.573173200319417,0.633333333333333,0.925,38,222,18,22
31,200,7,2.3,0.601510054771789,0.7,0.9125,42,219,21,18
31,200,7,2.5,0.59707345488333,0.75,0.8875,45,213,27,15
31,200,7,2.7,0.596548651302049,0.783333333333333,0.870833333333333,47,209,31,13
31,200,7,2.9,0.560506215677446,0.783333333333333,0.845833333333333,47,203,37,13
31,200,8,0.1,0.309132883937864,0.116666666666667,1,7,240,0,53
31,200,8,0.3,0.351726229056329,0.15,1,9,240,0,51
31,200,8,0.5,0.390191151806518,0.183333333333333,1,11,240,0,49
31,200,8,0.7,0.458831467741124,0.25,1,15,240,0,45
31,200,8,0.9,0.505291152639911,0.3,1,18,240,0,42
31,200,8,1.1,0.562624886216321,0.366666666666667,1,22,240,0,38
31,200,8,1.3,0.562624886216321,0.366666666666667,1,22,240,0,38
31,200,8,1.5,0.628970902033151,0.45,1,27,240,0,33
31,200,8,1.7,0.662460934066369,0.533333333333333,0.991666666666667,32,238,2,28
31,200,8,1.9,0.674128842911453,0.566666666666667,0.9875,34,237,3,26
31,200,8,2.1,0.722957558843199,0.65,0.983333333333333,39,236,4,21
31,200,8,2.3,0.736485379546474,0.7,0.975,42,234,6,18
31,200,8,2.5,0.744269678026706,0.766666666666667,0.958333333333333,46,230,10,14
31,200,8,2.7,0.72053550289596,0.783333333333333,0.941666666666667,47,226,14,13
31,200,8,2.9,0.700066596898638,0.8,0.925,48,222,18,12
31,200,9,0.1,0.351726229056329,0.15,1,9,240,0,51
31,200,9,0.3,0.390191151806518,0.183333333333333,1,11,240,0,49
31,200,9,0.5,0.42059551209603,0.233333333333333,0.995833333333333,14,239,1,46
31,200,9,0.7,0.485845732763192,0.3,0.995833333333333,18,239,1,42
31,200,9,0.9,0.483381444362933,0.316666666666667,0.991666666666667,19,238,2,41
31,200,9,1.1,0.584395291855485,0.433333333333333,0.991666666666667,26,238,2,34
31,200,9,1.3,0.611111111111111,0.466666666666667,0.991666666666667,28,238,2,32
31,200,9,1.5,0.662460934066369,0.533333333333333,0.991666666666667,32,238,2,28
31,200,9,1.7,0.66145680923711,0.566666666666667,0.983333333333333,34,236,4,26
31,200,9,1.9,0.711378328613161,0.65,0.979166666666667,39,235,5,21
31,200,9,2.1,0.736485379546474,0.7,0.975,42,234,6,18
31,200,9,2.3,0.727660986355503,0.716666666666667,0.966666666666667,43,232,8,17
31,200,9,2.5,0.720134568708572,0.733333333333333,0.958333333333333,44,230,10,16
31,200,9,2.7,0.737986037291409,0.783333333333333,0.95,47,228,12,13
31,200,9,2.9,0.728202054656461,0.816666666666667,0.933333333333333,49,224,16,11
31,200,10,0.1,0.365722426873877,0.183333333333333,0.995833333333333,11,239,1,49
31,200,10,0.3,0.382359556450936,0.216666666666667,0.991666666666667,13,238,2,47
31,200,10,0.5,0.418100146233162,0.25,0.991666666666667,15,238,2,45
31,200,10,0.7,0.450720535960032,0.3,0.9875,18,237,3,42
31,200,10,0.9,0.49845480775909,0.383333333333333,0.979166666666667,23,235,5,37
31,200,10,1.1,0.527777777777778,0.416666666666667,0.979166666666667,25,235,5,35
31,200,10,1.3,0.569955805123029,0.466666666666667,0.979166666666667,28,235,5,32
31,200,10,1.5,0.59705025139884,0.5,0.979166666666667,30,235,5,30
31,200,10,1.7,0.661891956091371,0.583333333333333,0.979166666666667,35,235,5,25
31,200,10,1.9,0.675394561550883,0.616666666666667,0.975,37,234,6,23
31,200,10,2.1,0.670820393249937,0.666666666666667,0.958333333333333,40,230,10,20
31,200,10,2.3,0.70479821535381,0.75,0.945833333333333,45,227,13,15
31,200,10,2.5,0.692310224486428,0.8,0.920833333333333,48,221,19,12
31,200,10,2.7,0.69463447692309,0.833333333333333,0.908333333333333,50,218,22,10
31,200,10,2.9,0.70383890028084,0.883333333333333,0.891666666666667,53,214,26,7
32,206,1,0.1,0.285714285714286,0.1,1,6,240,0,54
32,206,1,0.3,0.408248290463863,0.2,1,12,240,0,48
32,206,1,0.5,0.458831467741124,0.25,1,15,240,0,45
32,206,1,0.7,0.516042352765834,0.333333333333333,0.995833333333333,20,239,1,40
32,206,1,0.9,0.572871554697751,0.4,0.995833333333333,24,239,1,36
32,206,1,1.1,0.5707328555486,0.416666666666667,0.991666666666667,25,238,2,35
32,206,1,1.3,0.583111187267418,0.466666666666667,0.983333333333333,28,236,4,32
32,206,1,1.5,0.609884669457927,0.5,0.983333333333333,30,236,4,30
32,206,1,1.7,0.609884669457927,0.5,0.983333333333333,30,236,4,30
32,206,1,1.9,0.624436085122555,0.55,0.975,33,234,6,27
32,206,1,2.1,0.676802040613538,0.633333333333333,0.970833333333333,38,233,7,22
32,206,1,2.3,0.680108498886473,0.716666666666667,0.945833333333333,43,227,13,17
32,206,1,2.5,0.65501295837227,0.75,0.920833333333333,45,221,19,15
32,206,1,2.7,0.662689048279351,0.8,0.904166666666667,48,217,23,12
32,206,1,2.9,0.665663637184554,0.866666666666667,0.875,52,210,30,8
32,206,2,0.1,0.309132883937864,0.116666666666667,1,7,240,0,53
32,206,2,0.3,0.365722426873877,0.183333333333333,0.995833333333333,11,239,1,49
32,206,2,0.5,0.402988957541146,0.216666666666667,0.995833333333333,13,239,1,47
32,206,2,0.7,0.451631244540432,0.283333333333333,0.991666666666667,17,238,2,43
32,206,2,0.9,0.498690240055375,0.333333333333333,0.991666666666667,20,238,2,40
32,206,2,1.1,0.497616602022778,0.35,0.9875,21,237,3,39
32,206,2,1.3,0.469807979726958,0.366666666666667,0.975,22,234,6,38
32,206,2,1.5,0.487307419813658,0.4,0.970833333333333,24,233,7,36
32,206,2,1.7,0.493215425068607,0.433333333333333,0.9625,26,231,9,34
32,206,2,1.9,0.566783910742498,0.533333333333333,0.958333333333333,32,230,10,28
32,206,2,2.1,0.609835154075188,0.6,0.954166666666667,36,229,11,24
32,206,2,2.3,0.603738353924943,0.616666666666667,0.945833333333333,37,227,13,23
32,206,2,2.5,0.598692972039029,0.633333333333333,0.9375,38,225,15,22
32,206,2,2.7,0.614328923690763,0.716666666666667,0.9125,43,219,21,17
32,206,2,2.9,0.657427031521765,0.783333333333333,0.908333333333333,47,218,22,13
32,206,3,0.1,0.390191151806518,0.183333333333333,1,11,240,0,49
32,206,3,0.3,0.458831467741124,0.25,1,15,240,0,45
32,206,3,0.5,0.490186378342327,0.283333333333333,1,17,240,0,43
32,206,3,0.7,0.548703261168734,0.35,1,21,240,0,39
32,206,3,0.9,0.548703261168734,0.35,1,21,240,0,39
32,206,3,1.1,0.544986136114971,0.366666666666667,0.995833333333333,22,239,1,38
32,206,3,1.3,0.572871554697751,0.4,0.995833333333333,24,239,1,36
32,206,3,1.5,0.596814705165041,0.466666666666667,0.9875,28,237,3,32
32,206,3,1.7,0.623442463745178,0.533333333333333,0.979166666666667,32,235,5,28
32,206,3,1.9,0.632761287687038,0.616666666666667,0.958333333333333,37,230,10,23
32,206,3,2.1,0.616737055508627,0.633333333333333,0.945833333333333,38,227,13,22
32,206,3,2.3,0.607526850805376,0.666666666666667,0.929166666666667,40,223,17,20
32,206,3,2.5,0.634670941031516,0.733333333333333,0.916666666666667,44,220,20,16
32,206,3,2.7,0.650191085147258,0.783333333333333,0.904166666666667,47,217,23,13
32,206,3,2.9,0.705110240407711,0.866666666666667,0.9,52,216,24,8
32,206,4,0.1,0.371390676354104,0.166666666666667,1,10,240,0,50
32,206,4,0.3,0.390191151806518,0.183333333333333,1,11,240,0,49
32,206,4,0.5,0.425657924852277,0.216666666666667,1,13,240,0,47
32,206,4,0.7,0.490186378342327,0.283333333333333,1,17,240,0,43
32,206,4,0.9,0.534522483824849,0.333333333333333,1,20,240,0,40
32,206,4,1.1,0.586466545972743,0.416666666666667,0.995833333333333,25,239,1,35
32,206,4,1.3,0.662460934066369,0.533333333333333,0.991666666666667,32,238,2,28
32,206,4,1.5,0.711567173573255,0.6,0.991666666666667,36,238,2,24
32,206,4,1.7,0.710920989875917,0.616666666666667,0.9875,37,237,3,23
32,206,4,1.9,0.7348977825729,0.65,0.9875,39,237,3,21
32,206,4,2.1,0.700140042014005,0.65,0.975,39,234,6,21
32,206,4,2.3,0.725873563562474,0.7,0.970833333333333,42,233,7,18
32,206,4,2.5,0.775314886057106,0.783333333333333,0.966666666666667,47,232,8,13
32,206,4,2.7,0.770833333333333,0.816666666666667,0.954166666666667,49,229,11,11
32,206,4,2.9,0.777065062416792,0.85,0.945833333333333,51,227,13,9
32,206,5,0.1,0.390191151806518,0.183333333333333,1,11,240,0,49
32,206,5,0.3,0.402988957541146,0.216666666666667,0.995833333333333,13,239,1,47
32,206,5,0.5,0.451631244540432,0.283333333333333,0.991666666666667,17,238,2,43
32,206,5,0.7,0.498690240055375,0.333333333333333,0.991666666666667,20,238,2,40
32,206,5,0.9,0.497616602022778,0.35,0.9875,21,237,3,39
32,206,5,1.1,0.497607978401115,0.366666666666667,0.983333333333333,22,236,4,38
32,206,5,1.3,0.527777777777778,0.416666666666667,0.979166666666667,25,235,5,35
32,206,5,1.5,0.569955805123029,0.466666666666667,0.979166666666667,28,235,5,32
32,206,5,1.7,0.559040521531136,0.483333333333333,0.970833333333333,29,233,7,31
32,206,5,1.9,0.653464039213071,0.616666666666667,0.966666666666667,37,232,8,23
32,206,5,2.1,0.691023319080643,0.666666666666667,0.966666666666667,40,232,8,20
32,206,5,2.3,0.680108498886473,0.716666666666667,0.945833333333333,43,227,13,17
32,206,5,2.5,0.658420373335964,0.733333333333333,0.929166666666667,44,223,17,16
32,206,5,2.7,0.677229050543504,0.8,0.9125,48,219,21,12
32,206,5,2.9,0.69463447692309,0.833333333333333,0.908333333333333,50,218,22,10
32,206,6,0.1,0.345851248192141,0.166666666666667,0.995833333333333,10,239,1,50
32,206,6,0.3,0.365722426873877,0.183333333333333,0.995833333333333,11,239,1,49
32,206,6,0.5,0.42059551209603,0.233333333333333,0.995833333333333,14,239,1,46
32,206,6,0.7,0.437625736458983,0.25,0.995833333333333,15,239,1,45
32,206,6,0.9,0.485845732763192,0.3,0.995833333333333,18,239,1,42
32,206,6,1.1,0.501114828585796,0.316666666666667,0.995833333333333,19,239,1,41
32,206,6,1.3,0.542720420239974,0.383333333333333,0.991666666666667,23,238,2,37
32,206,6,1.5,0.597849988482768,0.45,0.991666666666667,27,238,2,33
32,206,6,1.7,0.598099274162041,0.516666666666667,0.975,31,234,6,29
32,206,6,1.9,0.590800178146841,0.55,0.9625,33,231,9,27
32,206,6,2.1,0.609835154075188,0.6,0.954166666666667,36,229,11,24
32,206,6,2.3,0.646095738380922,0.683333333333333,0.941666666666667,41,226,14,19
32,206,6,2.5,0.61959917196776,0.733333333333333,0.908333333333333,44,218,22,16
32,206,6,2.7,0.643082863419015,0.783333333333333,0.9,47,216,24,13
32,206,6,2.9,0.641034630478325,0.816666666666667,0.883333333333333,49,212,28,11
32,206,7,0.1,0.324966841809841,0.15,0.995833333333333,9,239,1,51
32,206,7,0.3,0.345851248192141,0.166666666666667,0.995833333333333,10,239,1,50
32,206,7,0.5,0.345851248192141,0.166666666666667,0.995833333333333,10,239,1,50
32,206,7,0.7,0.42059551209603,0.233333333333333,0.995833333333333,14,239,1,46
32,206,7,0.9,0.467707173346743,0.3,0.991666666666667,18,238,2,42
32,206,7,1.1,0.541613832306324,0.4,0.9875,24,237,3,36
32,206,7,1.3,0.542061062489349,0.433333333333333,0.979166666666667,26,235,5,34
32,206,7,1.5,0.610328642772525,0.516666666666667,0.979166666666667,31,235,5,29
32,206,7,1.7,0.624436085122555,0.55,0.975,33,234,6,27
32,206,7,1.9,0.638832712955527,0.583333333333333,0.970833333333333,35,233,7,25
32,206,7,2.1,0.609835154075188,0.6,0.954166666666667,36,229,11,24
32,206,7,2.3,0.635702934548502,0.633333333333333,0.954166666666667,38,229,11,22
32,206,7,2.5,0.637334379459651,0.683333333333333,0.9375,41,225,15,19
32,206,7,2.7,0.654123987599204,0.716666666666667,0.933333333333333,43,224,16,17
32,206,7,2.9,0.621969580444299,0.716666666666667,0.916666666666667,43,220,20,17
32,206,8,0.1,0.309132883937864,0.116666666666667,1,7,240,0,53
32,206,8,0.3,0.408248290463863,0.2,1,12,240,0,48
32,206,8,0.5,0.425657924852277,0.216666666666667,1,13,240,0,47
32,206,8,0.7,0.44249767886871,0.233333333333333,1,14,240,0,46
32,206,8,0.9,0.548703261168734,0.35,1,21,240,0,39
32,206,8,1.1,0.559050750420652,0.383333333333333,0.995833333333333,23,239,1,37
32,206,8,1.3,0.596814705165041,0.466666666666667,0.9875,28,237,3,32
32,206,8,1.5,0.623008957981398,0.516666666666667,0.983333333333333,31,236,4,29
32,206,8,1.7,0.686865247764213,0.616666666666667,0.979166666666667,37,235,5,23
32,206,8,1.9,0.686865247764213,0.616666666666667,0.979166666666667,37,235,5,23
32,206,8,2.1,0.666095841434276,0.633333333333333,0.966666666666667,38,232,8,22
32,206,8,2.3,0.717678765307778,0.716666666666667,0.9625,43,231,9,17
32,206,8,2.5,0.710705312219014,0.733333333333333,0.954166666666667,44,229,11,16
32,206,8,2.7,0.696055012445306,0.75,0.941666666666667,45,226,14,15
32,206,8,2.9,0.679949740665919,0.783333333333333,0.920833333333333,47,221,19,13
32,206,9,0.1,0.198728282531484,0.0833333333333333,0.991666666666667,5,238,2,55
32,206,9,0.3,0.254024498762905,0.116666666666667,0.991666666666667,7,238,2,53
32,206,9,0.5,0.301511344577764,0.15,0.991666666666667,9,238,2,51
32,206,9,0.7,0.323196563283892,0.166666666666667,0.991666666666667,10,238,2,50
32,206,9,0.9,0.343800631611455,0.183333333333333,0.991666666666667,11,238,2,49
32,206,9,1.1,0.363480236213583,0.2,0.991666666666667,12,238,2,48
32,206,9,1.3,0.382359556450936,0.216666666666667,0.991666666666667,13,238,2,47
32,206,9,1.5,0.451023009198597,0.316666666666667,0.983333333333333,19,236,4,41
32,206,9,1.7,0.513248575018225,0.4,0.979166666666667,24,235,5,36
32,206,9,1.9,0.571091544816282,0.483333333333333,0.975,29,234,6,31
32,206,9,2.1,0.601658254057552,0.55,0.966666666666667,33,232,8,27
32,206,9,2.3,0.56398288685149,0.566666666666667,0.945833333333333,34,227,13,26
32,206,9,2.5,0.589989767134734,0.633333333333333,0.933333333333333,38,224,16,22
32,206,9,2.7,0.596305243775967,0.683333333333333,0.916666666666667,41,220,20,19
32,206,9,2.9,0.58517921268048,0.716666666666667,0.895833333333333,43,215,25,17
32,206,10,0.1,0.260377821961648,0.0833333333333333,1,5,240,0,55
32,206,10,0.3,0.309132883937864,0.116666666666667,1,7,240,0,53
32,206,10,0.5,0.425657924852277,0.216666666666667,1,13,240,0,47
32,206,10,0.7,0.490186378342327,0.283333333333333,1,17,240,0,43
32,206,10,0.9,0.501114828585796,0.316666666666667,0.995833333333333,19,239,1,41
32,206,10,1.1,0.528333676221715,0.366666666666667,0.991666666666667,22,238,2,38
32,206,10,1.3,0.597849988482768,0.45,0.991666666666667,27,238,2,33
32,206,10,1.5,0.596814705165041,0.466666666666667,0.9875,28,237,3,32
32,206,10,1.7,0.623222702798078,0.5,0.9875,30,237,3,30
32,206,10,1.9,0.611346444900966,0.533333333333333,0.975,32,234,6,28
32,206,10,2.1,0.642967513606697,0.616666666666667,0.9625,37,231,9,23
32,206,10,2.3,0.638921841678002,0.65,0.95,39,228,12,21
32,206,10,2.5,0.683696472379145,0.733333333333333,0.941666666666667,44,226,14,16
32,206,10,2.7,0.691504423790218,0.766666666666667,0.933333333333333,46,224,16,14
32,206,10,2.9,0.683348157461829,0.766666666666667,0.929166666666667,46,223,17,14
33,209,1,0.1,0.365722426873877,0.183333333333333,0.995833333333333,11,239,1,49
33,209,1,0.3,0.42059551209603,0.233333333333333,0.995833333333333,14,239,1,46
33,209,1,0.5,0.454143262287745,0.266666666666667,0.995833333333333,16,239,1,44
33,209,1,0.7,0.467707173346743,0.3,0.991666666666667,18,238,2,42
33,209,1,0.9,0.498690240055375,0.333333333333333,0.991666666666667,20,238,2,40
33,209,1,1.1,0.584395291855485,0.433333333333333,0.991666666666667,26,238,2,34
33,209,1,1.3,0.649856151635603,0.516666666666667,0.991666666666667,31,238,2,29
33,209,1,1.5,0.687260824634608,0.566666666666667,0.991666666666667,34,238,2,26
33,209,1,1.7,0.722960321407865,0.633333333333333,0.9875,38,237,3,22
33,209,1,1.9,0.689224169261855,0.65,0.970833333333333,39,233,7,21
33,209,1,2.1,0.651634707150621,0.666666666666667,0.95,40,228,12,20
33,209,1,2.3,0.642393188976184,0.666666666666667,0.945833333333333,40,227,13,20
33,209,1,2.5,0.691504423790218,0.766666666666667,0.933333333333333,46,224,16,14
33,209,1,2.7,0.703807683134339,0.783333333333333,0.933333333333333,47,224,16,13
33,209,1,2.9,0.679949740665919,0.783333333333333,0.920833333333333,47,221,19,13
33,209,2,0.1,0.351726229056329,0.15,1,9,240,0,51
33,209,2,0.3,0.390191151806518,0.183333333333333,1,11,240,0,49
33,209,2,0.5,0.44249767886871,0.233333333333333,1,14,240,0,46
33,209,2,0.7,0.474712663277541,0.266666666666667,1,16,240,0,44
33,209,2,0.9,0.490186378342327,0.283333333333333,1,17,240,0,43
33,209,2,1.1,0.516042352765834,0.333333333333333,0.995833333333333,20,239,1,40
33,209,2,1.3,0.555748463823353,0.416666666666667,0.9875,25,237,3,35
33,209,2,1.5,0.557308404849485,0.466666666666667,0.975,28,234,6,32
33,209,2,1.7,0.586291262732893,0.516666666666667,0.970833333333333,31,233,7,29
33,209,2,1.9,0.638832712955527,0.583333333333333,0.970833333333333,35,233,7,25
33,209,2,2.1,0.655687421298887,0.633333333333333,0.9625,38,231,9,22
33,209,2,2.3,0.732241836831712,0.75,0.958333333333333,45,230,10,15
33,209,2,2.5,0.725899958328475,0.766666666666667,0.95,46,228,12,14
33,209,2,2.7,0.736635107608724,0.85,0.925,51,222,18,9
33,209,2,2.9,0.748704885927146,0.866666666666667,0.925,52,222,18,8
33,209,3,0.1,0.309132883937864,0.116666666666667,1,7,240,0,53
33,209,3,0.3,0.301511344577764,0.15,0.991666666666667,9,238,2,51
33,209,3,0.5,0.343800631611455,0.183333333333333,0.991666666666667,11,238,2,49
33,209,3,0.7,0.400538809640425,0.233333333333333,0.991666666666667,14,238,2,46
33,209,3,0.9,0.483381444362933,0.316666666666667,0.991666666666667,19,238,2,41
33,209,3,1.1,0.497616602022778,0.35,0.9875,21,237,3,39
33,209,3,1.3,0.527227500924991,0.383333333333333,0.9875,23,237,3,37
33,209,3,1.5,0.527777777777778,0.416666666666667,0.979166666666667,25,235,5,35
33,209,3,1.7,0.531020272545264,0.45,0.970833333333333,27,233,7,33
33,209,3,1.9,0.572756084578903,0.5,0.970833333333333,30,233,7,30
33,209,3,2.1,0.518130619627792,0.533333333333333,0.9375,32,225,15,28
33,209,3,2.3,0.480073665321731,0.566666666666667,0.904166666666667,34,217,23,26
33,209,3,2.5,0.465119046954135,0.583333333333333,0.8875,35,213,27,25
33,209,3,2.7,0.525467048121248,0.666666666666667,0.883333333333333,40,212,28,20
33,209,3,2.9,0.495714494283817,0.7,0.845833333333333,42,203,37,18
33,209,4,0.1,0.390191151806518,0.183333333333333,1,11,240,0,49
33,209,4,0.3,0.425657924852277,0.216666666666667,1,13,240,0,47
33,209,4,0.5,0.425657924852277,0.216666666666667,1,13,240,0,47
33,209,4,0.7,0.458831467741124,0.25,1,15,240,0,45
33,209,4,0.9,0.490186378342327,0.283333333333333,1,17,240,0,43
33,209,4,1.1,0.485845732763192,0.3,0.995833333333333,18,239,1,42
33,209,4,1.3,0.572871554697751,0.4,0.995833333333333,24,239,1,36
33,209,4,1.5,0.569649517327921,0.433333333333333,0.9875,26,237,3,34
33,209,4,1.7,0.583333333333333,0.45,0.9875,27,237,3,33
33,209,4,1.9,0.611346444900966,0.533333333333333,0.975,32,234,6,28
33,209,4,2.1,0.627831564258567,0.583333333333333,0.966666666666667,35,232,8,25
33,209,4,2.3,0.673649393203007,0.683333333333333,0.954166666666667,41,229,11,19
33,209,4,2.5,0.625,0.7,0.925,42,222,18,18
33,209,4,2.7,0.659832884433199,0.766666666666667,0.916666666666667,46,220,20,14
33,209,4,2.9,0.662689048279351,0.8,0.904166666666667,48,217,23,12
33,209,5,0.1,0.331042355440947,0.133333333333333,1,8,240,0,52
33,209,5,0.3,0.371390676354104,0.166666666666667,1,10,240,0,50
33,209,5,0.5,0.44249767886871,0.233333333333333,1,14,240,0,46
33,209,5,0.7,0.474712663277541,0.266666666666667,1,16,240,0,44
33,209,5,0.9,0.485845732763192,0.3,0.995833333333333,18,239,1,42
33,209,5,1.1,0.498690240055375,0.333333333333333,0.991666666666667,20,238,2,40
33,209,5,1.3,0.527227500924991,0.383333333333333,0.9875,23,237,3,37
33,209,5,1.5,0.475127634069748,0.4,0.966666666666667,24,232,8,36
33,209,5,1.7,0.504616600177301,0.483333333333333,0.95,29,228,12,31
33,209,5,1.9,0.531906107450231,0.55,0.9375,33,225,15,27
33,209,5,2.1,0.570261937906998,0.65,0.916666666666667,39,220,20,21
33,209,5,2.3,0.588601979773817,0.683333333333333,0.9125,41,219,21,19
33,209,5,2.5,0.63048832499128,0.766666666666667,0.9,46,216,24,14
33,209,5,2.7,0.583799395614189,0.766666666666667,0.870833333333333,46,209,31,14
33,209,5,2.9,0.600099198148979,0.85,0.8375,51,201,39,9
33,209,6,0.1,0.390191151806518,0.183333333333333,1,11,240,0,49
33,209,6,0.3,0.44249767886871,0.233333333333333,1,14,240,0,46
33,209,6,0.5,0.458831467741124,0.25,1,15,240,0,45
33,209,6,0.7,0.474712663277541,0.266666666666667,1,16,240,0,44
33,209,6,0.9,0.485845732763192,0.3,0.995833333333333,18,239,1,42
33,209,6,1.1,0.544986136114971,0.366666666666667,0.995833333333333,22,239,1,38
33,209,6,1.3,0.599851878790875,0.433333333333333,0.995833333333333,26,239,1,34
33,209,6,1.5,0.584395291855485,0.433333333333333,0.991666666666667,26,238,2,34
33,209,6,1.7,0.596814705165041,0.466666666666667,0.9875,28,237,3,32
33,209,6,1.9,0.598099274162041,0.516666666666667,0.975,31,234,6,29
33,209,6,2.1,0.653464039213071,0.616666666666667,0.966666666666667,37,232,8,23
33,209,6,2.3,0.666095841434276,0.633333333333333,0.966666666666667,38,232,8,22
33,209,6,2.5,0.638921841678002,0.65,0.95,39,228,12,21
33,209,6,2.7,0.671253443547199,0.716666666666667,0.941666666666667,43,226,14,17
33,209,6,2.9,0.634670941031516,0.733333333333333,0.916666666666667,44,220,20,16
33,209,7,0.1,0.201007563051842,0.05,1,3,240,0,57
33,209,7,0.3,0.226190476190476,0.0833333333333333,0.995833333333333,5,239,1,55
33,209,7,0.5,0.226190476190476,0.0833333333333333,0.995833333333333,5,239,1,55
33,209,7,0.7,0.205173633616192,0.1,0.9875,6,237,3,54
33,209,7,0.9,0.280670699693906,0.15,0.9875,9,237,3,51
33,209,7,1.1,0.289278029184752,0.183333333333333,0.979166666666667,11,235,5,49
33,209,7,1.3,0.33407655239053,0.233333333333333,0.975,14,234,6,46
33,209,7,1.5,0.405465379425967,0.3,0.975,18,234,6,42
33,209,7,1.7,0.412514323662695,0.333333333333333,0.966666666666667,20,232,8,40
33,209,7,1.9,0.42586774332838,0.383333333333333,0.954166666666667,23,229,11,37
33,209,7,2.1,0.495204486015942,0.516666666666667,0.933333333333333,31,224,16,29
33,209,7,2.3,0.507365400637844,0.6,0.904166666666667,36,217,23,24
33,209,7,2.5,0.512618836986994,0.633333333333333,0.891666666666667,38,214,26,22
33,209,7,2.7,0.525445754257,0.683333333333333,0.875,41,210,30,19
33,209,7,2.9,0.506490402775141,0.683333333333333,0.8625,41,207,33,19
33,209,8,0.1,0.302875363909617,0.133333333333333,0.995833333333333,8,239,1,52
33,209,8,0.3,0.363480236213583,0.2,0.991666666666667,12,238,2,48
33,209,8,0.5,0.400538809640425,0.233333333333333,0.991666666666667,14,238,2,46
33,209,8,0.7,0.467707173346743,0.3,0.991666666666667,18,238,2,42
33,209,8,0.9,0.512569285782198,0.366666666666667,0.9875,22,237,3,38
33,209,8,1.1,0.527101635791221,0.4,0.983333333333333,24,236,4,36
33,209,8,1.3,0.556115298968001,0.45,0.979166666666667,27,235,5,33
33,209,8,1.5,0.59705025139884,0.5,0.979166666666667,30,235,5,30
33,209,8,1.7,0.636401627069038,0.55,0.979166666666667,33,235,5,27
33,209,8,1.9,0.666095841434276,0.633333333333333,0.966666666666667,38,232,8,22
33,209,8,2.1,0.642393188976184,0.666666666666667,0.945833333333333,40,227,13,20
33,209,8,2.3,0.650011245966592,0.7,0.9375,42,225,15,18
33,209,8,2.5,0.645833333333333,0.716666666666667,0.929166666666667,43,223,17,17
33,209,8,2.7,0.65501295837227,0.75,0.920833333333333,45,221,19,15
33,209,8,2.9,0.69463447692309,0.833333333333333,0.908333333333333,50,218,22,10
33,209,9,0.1,0.371390676354104,0.166666666666667,1,10,240,0,50
33,209,9,0.3,0.390191151806518,0.183333333333333,1,11,240,0,49
33,209,9,0.5,0.44249767886871,0.233333333333333,1,14,240,0,46
33,209,9,0.7,0.474712663277541,0.266666666666667,1,16,240,0,44
33,209,9,0.9,0.548703261168734,0.35,1,21,240,0,39
33,209,9,1.1,0.562624886216321,0.366666666666667,1,22,240,0,38
33,209,9,1.3,0.583333333333333,0.45,0.9875,27,237,3,33
33,209,9,1.5,0.623008957981398,0.516666666666667,0.983333333333333,31,236,4,29
33,209,9,1.7,0.636401627069038,0.55,0.979166666666667,33,235,5,27
33,209,9,1.9,0.625918667527614,0.566666666666667,0.970833333333333,34,233,7,26
33,209,9,2.1,0.630126037812604,0.6,0.9625,36,231,9,24
33,209,9,2.3,0.642393188976184,0.666666666666667,0.945833333333333,40,227,13,20
33,209,9,2.5,0.588601979773817,0.683333333333333,0.9125,41,219,21,19
33,209,9,2.7,0.61227436038395,0.733333333333333,0.904166666666667,44,217,23,16
33,209,9,2.9,0.622480571349601,0.783333333333333,0.8875,47,213,27,13
33,209,10,0.1,0.351726229056329,0.15,1,9,240,0,51
33,209,10,0.3,0.371390676354104,0.166666666666667,1,10,240,0,50
33,209,10,0.5,0.384729278231866,0.2,0.995833333333333,12,239,1,48
33,209,10,0.7,0.402988957541146,0.216666666666667,0.995833333333333,13,239,1,47
33,209,10,0.9,0.400022162506597,0.25,0.9875,15,237,3,45
33,209,10,1.1,0.450720535960032,0.3,0.9875,18,237,3,42
33,209,10,1.3,0.497607978401115,0.366666666666667,0.983333333333333,22,236,4,38
33,209,10,1.5,0.472222222222222,0.383333333333333,0.970833333333333,23,233,7,37
33,209,10,1.7,0.545132838233723,0.466666666666667,0.970833333333333,28,233,7,32
33,209,10,1.9,0.577397840587489,0.533333333333333,0.9625,32,231,9,28
33,209,10,2.1,0.596710857951539,0.583333333333333,0.954166666666667,35,229,11,25
33,209,10,2.3,0.635702934548502,0.633333333333333,0.954166666666667,38,229,11,22
33,209,10,2.5,0.667632262993619,0.7,0.945833333333333,42,227,13,18
33,209,10,2.7,0.6875,0.75,0.9375,45,225,15,15
33,209,10,2.9,0.762592053484426,0.916666666666667,0.9125,55,219,21,5
34,219,1,0.1,0.285714285714286,0.1,1,6,240,0,54
34,219,1,0.3,0.309132883937864,0.116666666666667,1,7,240,0,53
34,219,1,0.5,0.309132883937864,0.116666666666667,1,7,240,0,53
34,219,1,0.7,0.279316987403299,0.116666666666667,0.995833333333333,7,239,1,53
34,219,1,0.9,0.257171440963387,0.133333333333333,0.9875,8,237,3,52
34,219,1,1.1,0.302871984991044,0.166666666666667,0.9875,10,237,3,50
34,219,1,1.3,0.400022162506597,0.25,0.9875,15,237,3,45
34,219,1,1.5,0.450720535960032,0.3,0.9875,18,237,3,42
34,219,1,1.7,0.497616602022778,0.35,0.9875,21,237,3,39
34,219,1,1.9,0.497607978401115,0.366666666666667,0.983333333333333,22,236,4,38
34,219,1,2.1,0.472222222222222,0.383333333333333,0.970833333333333,23,233,7,37
34,219,1,2.3,0.504732140241043,0.433333333333333,0.966666666666667,26,232,8,34
34,219,1,2.5,0.556487068320094,0.533333333333333,0.954166666666667,32,229,11,28
34,219,1,2.7,0.550182697000502,0.583333333333333,0.933333333333333,35,224,16,25
34,219,1,2.9,0.543800258063554,0.616666666666667,0.916666666666667,37,220,20,23
34,219,2,0.1,0.226190476190476,0.0833333333333333,0.995833333333333,5,239,1,55
34,219,2,0.3,0.253930583234674,0.1,0.995833333333333,6,239,1,54
34,219,2,0.5,0.278543007265578,0.133333333333333,0.991666666666667,8,238,2,52
34,219,2,0.7,0.301511344577764,0.15,0.991666666666667,9,238,2,51
34,219,2,0.9,0.323196563283892,0.166666666666667,0.991666666666667,10,238,2,50
34,219,2,1.1,0.400022162506597,0.25,0.9875,15,237,3,45
34,219,2,1.3,0.450720535960032,0.3,0.9875,18,237,3,42
34,219,2,1.5,0.482418151324422,0.35,0.983333333333333,21,236,4,39
34,219,2,1.7,0.512494809064049,0.383333333333333,0.983333333333333,23,236,4,37
34,219,2,1.9,0.502123522369166,0.416666666666667,0.970833333333333,25,233,7,35
34,219,2,2.1,0.59965687539547,0.533333333333333,0.970833333333333,32,233,7,28
34,219,2,2.3,0.638832712955527,0.583333333333333,0.970833333333333,35,233,7,25
34,219,2,2.5,0.655062167921653,0.683333333333333,0.945833333333333,41,227,13,19
34,219,2,2.7,0.617010286962633,0.7,0.920833333333333,42,221,19,18
34,219,2,2.9,0.675122272515138,0.816666666666667,0.904166666666667,49,217,23,11
34,219,3,0.1,0.201007563051842,0.05,1,3,240,0,57
34,219,3,0.3,0.309132883937864,0.116666666666667,1,7,240,0,53
34,219,3,0.5,0.279316987403299,0.116666666666667,0.995833333333333,7,239,1,53
34,219,3,0.7,0.324966841809841,0.15,0.995833333333333,9,239,1,51
34,219,3,0.9,0.42059551209603,0.233333333333333,0.995833333333333,14,239,1,46
34,219,3,1.1,0.498690240055375,0.333333333333333,0.991666666666667,20,238,2,40
34,219,3,1.3,0.49845480775909,0.383333333333333,0.979166666666667,23,235,5,37
34,219,3,1.5,0.542061062489349,0.433333333333333,0.979166666666667,26,235,5,34
34,219,3,1.7,0.545132838233723,0.466666666666667,0.970833333333333,28,233,7,32
34,219,3,1.9,0.553137427117427,0.516666666666667,0.958333333333333,31,230,10,29
34,219,3,2.1,0.541056753239641,0.55,0.941666666666667,33,226,14,27
34,219,3,2.3,0.594560260032828,0.65,0.929166666666667,39,223,17,21
34,219,3,2.5,0.554895157402636,0.65,0.908333333333333,39,218,22,21
34,219,3,2.7,0.553302871668501,0.666666666666667,0.9,40,216,24,20
34,219,3,2.9,0.558105260216638,0.733333333333333,0.870833333333333,44,209,31,16
34,219,4,0.1,0.309132883937864,0.116666666666667,1,7,240,0,53
34,219,4,0.3,0.309132883937864,0.116666666666667,1,7,240,0,53
34,219,4,0.5,0.351726229056329,0.15,1,9,240,0,51
34,219,4,0.7,0.390191151806518,0.183333333333333,1,11,240,0,49
34,219,4,0.9,0.458831467741124,0.25,1,15,240,0,45
34,219,4,1.1,0.516042352765834,0.333333333333333,0.995833333333333,20,239,1,40
34,219,4,1.3,0.5707328555486,0.416666666666667,0.991666666666667,25,238,2,35
34,219,4,1.5,0.611111111111111,0.466666666666667,0.991666666666667,28,238,2,32
34,219,4,1.7,0.624191526502887,0.483333333333333,0.991666666666667,29,238,2,31
34,219,4,1.9,0.636172801762148,0.516666666666667,0.9875,31,237,3,29
34,219,4,2.1,0.648785653328315,0.55,0.983333333333333,33,236,4,27
34,219,4,2.3,0.699176060197041,0.633333333333333,0.979166666666667,38,235,5,22
34,219,4,2.5,0.701539688522585,0.666666666666667,0.970833333333333,40,233,7,20
34,219,4,2.7,0.705476200186128,0.7,0.9625,42,231,9,18
34,219,4,2.9,0.666666666666667,0.733333333333333,0.933333333333333,44,224,16,16
34,219,5,0.1,0.351726229056329,0.15,1,9,240,0,51
34,219,5,0.3,0.351726229056329,0.15,1,9,240,0,51
34,219,5,0.5,0.351726229056329,0.15,1,9,240,0,51
34,219,5,0.7,0.402988957541146,0.216666666666667,0.995833333333333,13,239,1,47
34,219,5,0.9,0.47020148926214,0.283333333333333,0.995833333333333,17,239,1,43
34,219,5,1.1,0.47020148926214,0.283333333333333,0.995833333333333,17,239,1,43
34,219,5,1.3,0.572871554697751,0.4,0.995833333333333,24,239,1,36
34,219,5,1.5,0.623222702798078,0.5,0.9875,30,237,3,30
34,219,5,1.7,0.674128842911453,0.566666666666667,0.9875,34,237,3,26
34,219,5,1.9,0.700140042014005,0.65,0.975,39,234,6,21
34,219,5,2.1,0.703330906308981,0.683333333333333,0.966666666666667,41,232,8,19
34,219,5,2.3,0.710705312219014,0.733333333333333,0.954166666666667,44,229,11,16
34,219,5,2.5,0.717020524868358,0.766666666666667,0.945833333333333,46,227,13,14
34,219,5,2.7,0.707974219804893,0.8,0.929166666666667,48,223,17,12
34,219,5,2.9,0.714146681331042,0.85,0.9125,51,219,21,9
34,219,6,0.1,0.309132883937864,0.116666666666667,1,7,240,0,53
34,219,6,0.3,0.331042355440947,0.133333333333333,1,8,240,0,52
34,219,6,0.5,0.371390676354104,0.166666666666667,1,10,240,0,50
34,219,6,0.7,0.408248290463863,0.2,1,12,240,0,48
34,219,6,0.9,0.435111825884368,0.266666666666667,0.991666666666667,16,238,2,44
34,219,6,1.1,0.435111825884368,0.266666666666667,0.991666666666667,16,238,2,44
34,219,6,1.3,0.450720535960032,0.3,0.9875,18,237,3,42
34,219,6,1.5,0.512569285782198,0.366666666666667,0.9875,22,237,3,38
34,219,6,1.7,0.623442463745178,0.533333333333333,0.979166666666667,32,235,5,28
34,219,6,1.9,0.674439494467739,0.6,0.979166666666667,36,235,5,24
34,219,6,2.1,0.689224169261855,0.65,0.970833333333333,39,233,7,21
34,219,6,2.3,0.703330906308981,0.683333333333333,0.966666666666667,41,232,8,19
34,219,6,2.5,0.701495558599884,0.733333333333333,0.95,44,228,12,16
34,219,6,2.7,0.6875,0.75,0.9375,45,225,15,15
34,219,6,2.9,0.659832884433199,0.766666666666667,0.916666666666667,46,220,20,14
34,219,7,0.1,0.285714285714286,0.1,1,6,240,0,54
34,219,7,0.3,0.309132883937864,0.116666666666667,1,7,240,0,53
34,219,7,0.5,0.371390676354104,0.166666666666667,1,10,240,0,50
34,219,7,0.7,0.44249767886871,0.233333333333333,1,14,240,0,46
34,219,7,0.9,0.520060220985952,0.316666666666667,1,19,240,0,41
34,219,7,1.1,0.548703261168734,0.35,1,21,240,0,39
34,219,7,1.3,0.528333676221715,0.366666666666667,0.991666666666667,22,238,2,38
34,219,7,1.5,0.555555555555556,0.433333333333333,0.983333333333333,26,236,4,34
34,219,7,1.7,0.542061062489349,0.433333333333333,0.979166666666667,26,235,5,34
34,219,7,1.9,0.588348405414552,0.533333333333333,0.966666666666667,32,232,8,28
34,219,7,2.1,0.622830228381895,0.616666666666667,0.954166666666667,37,229,11,23
34,219,7,2.3,0.620543080507606,0.65,0.941666666666667,39,226,14,21
34,219,7,2.5,0.633158475176152,0.7,0.929166666666667,42,223,17,18
34,219,7,2.7,0.598020974456545,0.733333333333333,0.895833333333333,44,215,25,16
34,219,7,2.9,0.621956218856946,0.8,0.879166666666667,48,211,29,12
34,219,8,0.1,0.351726229056329,0.15,1,9,240,0,51
34,219,8,0.3,0.371390676354104,0.166666666666667,1,10,240,0,50
34,219,8,0.5,0.408248290463863,0.2,1,12,240,0,48
34,219,8,0.7,0.44249767886871,0.233333333333333,1,14,240,0,46
34,219,8,0.9,0.454143262287745,0.266666666666667,0.995833333333333,16,239,1,44
34,219,8,1.1,0.516042352765834,0.333333333333333,0.995833333333333,20,239,1,40
34,219,8,1.3,0.527227500924991,0.383333333333333,0.9875,23,237,3,37
34,219,8,1.5,0.555555555555556,0.433333333333333,0.983333333333333,26,236,4,34
34,219,8,1.7,0.583111187267418,0.466666666666667,0.983333333333333,28,236,4,32
34,219,8,1.9,0.66145680923711,0.566666666666667,0.983333333333333,34,236,4,26
34,219,8,2.1,0.691023319080643,0.666666666666667,0.966666666666667,40,232,8,20
34,219,8,2.3,0.720134568708572,0.733333333333333,0.958333333333333,44,230,10,16
34,219,8,2.5,0.710705312219014,0.733333333333333,0.954166666666667,44,229,11,16
34,219,8,2.7,0.679125416522629,0.75,0.933333333333333,45,224,16,15
34,219,8,2.9,0.692310224486428,0.8,0.920833333333333,48,221,19,12
34,219,9,0.1,0.279316987403299,0.116666666666667,0.995833333333333,7,239,1,53
34,219,9,0.3,0.279316987403299,0.116666666666667,0.995833333333333,7,239,1,53
34,219,9,0.5,0.302875363909617,0.133333333333333,0.995833333333333,8,239,1,52
34,219,9,0.7,0.323196563283892,0.166666666666667,0.991666666666667,10,238,2,50
34,219,9,0.9,0.323196563283892,0.166666666666667,0.991666666666667,10,238,2,50
34,219,9,1.1,0.305887645160749,0.183333333333333,0.983333333333333,11,236,4,49
34,219,9,1.3,0.346013914123996,0.216666666666667,0.983333333333333,13,236,4,47
34,219,9,1.5,0.405465379425967,0.3,0.975,18,234,6,42
34,219,9,1.7,0.425137739337222,0.333333333333333,0.970833333333333,20,233,7,40
34,219,9,1.9,0.459930598475812,0.383333333333333,0.966666666666667,23,232,8,37
34,219,9,2.1,0.507752400289747,0.45,0.9625,27,231,9,33
34,219,9,2.3,0.536774032210737,0.533333333333333,0.945833333333333,32,227,13,28
34,219,9,2.5,0.509012021179184,0.583333333333333,0.9125,35,219,21,25
34,219,9,2.7,0.535984271556491,0.616666666666667,0.9125,37,219,21,23
34,219,9,2.9,0.553302871668501,0.666666666666667,0.9,40,216,24,20
34,219,10,0.1,0.351726229056329,0.15,1,9,240,0,51
34,219,10,0.3,0.390191151806518,0.183333333333333,1,11,240,0,49
34,219,10,0.5,0.425657924852277,0.216666666666667,1,13,240,0,47
34,219,10,0.7,0.44249767886871,0.233333333333333,1,14,240,0,46
34,219,10,0.9,0.490186378342327,0.283333333333333,1,17,240,0,43
34,219,10,1.1,0.530657563135848,0.35,0.995833333333333,21,239,1,39
34,219,10,1.3,0.559050750420652,0.383333333333333,0.995833333333333,23,239,1,37
34,219,10,1.5,0.555748463823353,0.416666666666667,0.9875,25,237,3,35
34,219,10,1.7,0.583333333333333,0.45,0.9875,27,237,3,33
34,219,10,1.9,0.609884669457927,0.5,0.983333333333333,30,236,4,30
34,219,10,2.1,0.604050065612409,0.566666666666667,0.9625,34,231,9,26
34,219,10,2.3,0.616737055508627,0.633333333333333,0.945833333333333,38,227,13,22
34,219,10,2.5,0.594560260032828,0.65,0.929166666666667,39,223,17,21
34,219,10,2.7,0.539131747036882,0.666666666666667,0.891666666666667,40,214,26,20
34,219,10,2.9,0.538860251243651,0.716666666666667,0.866666666666667,43,208,32,17
35,225,1,0.1,0.285714285714286,0.1,1,6,240,0,54
35,225,1,0.3,0.309132883937864,0.116666666666667,1,7,240,0,53
35,225,1,0.5,0.371390676354104,0.166666666666667,1,10,240,0,50
35,225,1,0.7,0.371390676354104,0.166666666666667,1,10,240,0,50
35,225,1,0.9,0.390191151806518,0.183333333333333,1,11,240,0,49
35,225,1,1.1,0.44249767886871,0.233333333333333,1,14,240,0,46
35,225,1,1.3,0.485845732763192,0.3,0.995833333333333,18,239,1,42
35,225,1,1.5,0.541613832306324,0.4,0.9875,24,237,3,36
35,225,1,1.7,0.555748463823353,0.416666666666667,0.9875,25,237,3,35
35,225,1,1.9,0.555748463823353,0.416666666666667,0.9875,25,237,3,35
35,225,1,2.1,0.635972703393219,0.533333333333333,0.983333333333333,32,236,4,28
35,225,1,2.3,0.638832712955527,0.583333333333333,0.970833333333333,35,233,7,25
35,225,1,2.5,0.630126037812604,0.6,0.9625,36,231,9,24
35,225,1,2.7,0.642393188976184,0.666666666666667,0.945833333333333,40,227,13,20
35,225,1,2.9,0.691504423790218,0.766666666666667,0.933333333333333,46,224,16,14
35,225,2,0.1,0.279316987403299,0.116666666666667,0.995833333333333,7,239,1,53
35,225,2,0.3,0.302875363909617,0.133333333333333,0.995833333333333,8,239,1,52
35,225,2,0.5,0.365722426873877,0.183333333333333,0.995833333333333,11,239,1,49
35,225,2,0.7,0.382359556450936,0.216666666666667,0.991666666666667,13,238,2,47
35,225,2,0.9,0.483381444362933,0.316666666666667,0.991666666666667,19,238,2,41
35,225,2,1.1,0.483381444362933,0.316666666666667,0.991666666666667,19,238,2,41
35,225,2,1.3,0.482344051504055,0.333333333333333,0.9875,20,237,3,40
35,225,2,1.5,0.482344051504055,0.333333333333333,0.9875,20,237,3,40
35,225,2,1.7,0.527227500924991,0.383333333333333,0.9875,23,237,3,37
35,225,2,1.9,0.541449046173073,0.416666666666667,0.983333333333333,25,236,4,35
35,225,2,2.1,0.583111187267418,0.466666666666667,0.983333333333333,28,236,4,32
35,225,2,2.3,0.611346444900966,0.533333333333333,0.975,32,234,6,28
35,225,2,2.5,0.627831564258567,0.583333333333333,0.966666666666667,35,232,8,25
35,225,2,2.7,0.638921841678002,0.65,0.95,39,228,12,21
35,225,2,2.9,0.637334379459651,0.683333333333333,0.9375,41,225,15,19
35,225,3,0.1,0.285714285714286,0.1,1,6,240,0,54
35,225,3,0.3,0.331042355440947,0.133333333333333,1,8,240,0,52
35,225,3,0.5,0.351726229056329,0.15,1,9,240,0,51
35,225,3,0.7,0.345851248192141,0.166666666666667,0.995833333333333,10,239,1,50
35,225,3,0.9,0.402988957541146,0.216666666666667,0.995833333333333,13,239,1,47
35,225,3,1.1,0.400538809640425,0.233333333333333,0.991666666666667,14,238,2,46
35,225,3,1.3,0.435111825884368,0.266666666666667,0.991666666666667,16,238,2,44
35,225,3,1.5,0.513665093809513,0.35,0.991666666666667,21,238,2,39
35,225,3,1.7,0.569649517327921,0.433333333333333,0.9875,26,237,3,34
35,225,3,1.9,0.609884669457927,0.5,0.983333333333333,30,236,4,30
35,225,3,2.1,0.635972703393219,0.533333333333333,0.983333333333333,32,236,4,28
35,225,3,2.3,0.66284898035987,0.6,0.975,36,234,6,24
35,225,3,2.5,0.664267181022886,0.616666666666667,0.970833333333333,37,233,7,23
35,225,3,2.7,0.655687421298887,0.633333333333333,0.9625,38,231,9,22
35,225,3,2.9,0.624559213768225,0.666666666666667,0.9375,40,225,15,20
35,225,4,0.1,0.260377821961648,0.0833333333333333,1,5,240,0,55
35,225,4,0.3,0.285714285714286,0.1,1,6,240,0,54
35,225,4,0.5,0.351726229056329,0.15,1,9,240,0,51
35,225,4,0.7,0.390191151806518,0.183333333333333,1,11,240,0,49
35,225,4,0.9,0.474712663277541,0.266666666666667,1,16,240,0,44
35,225,4,1.1,0.490186378342327,0.283333333333333,1,17,240,0,43
35,225,4,1.3,0.528333676221715,0.366666666666667,0.991666666666667,22,238,2,38
35,225,4,1.5,0.5707328555486,0.416666666666667,0.991666666666667,25,238,2,35
35,225,4,1.7,0.569437883827195,0.45,0.983333333333333,27,236,4,33
35,225,4,1.9,0.610328642772525,0.516666666666667,0.979166666666667,31,235,5,29
35,225,4,2.1,0.638832712955527,0.583333333333333,0.970833333333333,35,233,7,25
35,225,4,2.3,0.645561258614811,0.633333333333333,0.958333333333333,38,230,10,22
35,225,4,2.5,0.646095738380922,0.683333333333333,0.941666666666667,41,226,14,19
35,225,4,2.7,0.645833333333333,0.716666666666667,0.929166666666667,43,223,17,17
35,225,4,2.9,0.642429106116809,0.733333333333333,0.920833333333333,44,221,19,16
35,225,5,0.1,0.331042355440947,0.133333333333333,1,8,240,0,52
35,225,5,0.3,0.351726229056329,0.15,1,9,240,0,51
35,225,5,0.5,0.425657924852277,0.216666666666667,1,13,240,0,47
35,225,5,0.7,0.44249767886871,0.233333333333333,1,14,240,0,46
35,225,5,0.9,0.458831467741124,0.25,1,15,240,0,45
35,225,5,1.1,0.490186378342327,0.283333333333333,1,17,240,0,43
35,225,5,1.3,0.534522483824849,0.333333333333333,1,20,240,0,40
35,225,5,1.5,0.544986136114971,0.366666666666667,0.995833333333333,22,239,1,38
35,225,5,1.7,0.556847023448867,0.4,0.991666666666667,24,238,2,36
35,225,5,1.9,0.597849988482768,0.45,0.991666666666667,27,238,2,33
35,225,5,2.1,0.611111111111111,0.466666666666667,0.991666666666667,28,238,2,32
35,225,5,2.3,0.661616764013913,0.55,0.9875,33,237,3,27
35,225,5,2.5,0.722960321407865,0.633333333333333,0.9875,38,237,3,22
35,225,5,2.7,0.712352497089434,0.666666666666667,0.975,40,234,6,20
35,225,5,2.9,0.710705312219014,0.733333333333333,0.954166666666667,44,229,11,16
35,225,6,0.1,0.260377821961648,0.0833333333333333,1,5,240,0,55
35,225,6,0.3,0.309132883937864,0.116666666666667,1,7,240,0,53
35,225,6,0.5,0.351726229056329,0.15,1,9,240,0,51
35,225,6,0.7,0.408248290463863,0.2,1,12,240,0,48
35,225,6,0.9,0.44249767886871,0.233333333333333,1,14,240,0,46
35,225,6,1.1,0.458831467741124,0.25,1,15,240,0,45
35,225,6,1.3,0.513665093809513,0.35,0.991666666666667,21,238,2,39
35,225,6,1.5,0.5707328555486,0.416666666666667,0.991666666666667,25,238,2,35
35,225,6,1.7,0.583333333333333,0.45,0.9875,27,237,3,33
35,225,6,1.9,0.59705025139884,0.5,0.979166666666667,30,235,5,30
35,225,6,2.1,0.645561258614811,0.633333333333333,0.958333333333333,38,230,10,22
35,225,6,2.3,0.658245591801995,0.65,0.958333333333333,39,230,10,21
35,225,6,2.5,0.664243297444762,0.683333333333333,0.95,41,228,12,19
35,225,6,2.7,0.667632262993619,0.7,0.945833333333333,42,227,13,18
35,225,6,2.9,0.65501295837227,0.75,0.920833333333333,45,221,19,15
35,225,7,0.1,0.226190476190476,0.0833333333333333,0.995833333333333,5,239,1,55
35,225,7,0.3,0.324966841809841,0.15,0.995833333333333,9,239,1,51
35,225,7,0.5,0.345851248192141,0.166666666666667,0.995833333333333,10,239,1,50
35,225,7,0.7,0.42059551209603,0.233333333333333,0.995833333333333,14,239,1,46
35,225,7,0.9,0.501114828585796,0.316666666666667,0.995833333333333,19,239,1,41
35,225,7,1.1,0.530657563135848,0.35,0.995833333333333,21,239,1,39
35,225,7,1.3,0.544986136114971,0.366666666666667,0.995833333333333,22,239,1,38
35,225,7,1.5,0.584395291855485,0.433333333333333,0.991666666666667,26,238,2,34
35,225,7,1.7,0.637102963866253,0.5,0.991666666666667,30,238,2,30
35,225,7,1.9,0.673994504576726,0.583333333333333,0.983333333333333,35,236,4,25
35,225,7,2.1,0.666095841434276,0.633333333333333,0.966666666666667,38,232,8,22
35,225,7,2.3,0.717678765307778,0.716666666666667,0.9625,43,231,9,17
35,225,7,2.5,0.70479821535381,0.75,0.945833333333333,45,227,13,15
35,225,7,2.7,0.699830459709295,0.766666666666667,0.9375,46,225,15,14
35,225,7,2.9,0.74842988950803,0.833333333333333,0.9375,50,225,15,10
35,225,8,0.1,0.279316987403299,0.116666666666667,0.995833333333333,7,239,1,53
35,225,8,0.3,0.302875363909617,0.133333333333333,0.995833333333333,8,239,1,52
35,225,8,0.5,0.365722426873877,0.183333333333333,0.995833333333333,11,239,1,49
35,225,8,0.7,0.365722426873877,0.183333333333333,0.995833333333333,11,239,1,49
35,225,8,0.9,0.32397151488602,0.183333333333333,0.9875,11,237,3,49
35,225,8,1.1,0.382057030178579,0.233333333333333,0.9875,14,237,3,46
35,225,8,1.3,0.43429951810769,0.283333333333333,0.9875,17,237,3,43
35,225,8,1.5,0.43475559389443,0.3,0.983333333333333,18,236,4,42
35,225,8,1.7,0.482418151324422,0.35,0.983333333333333,21,236,4,39
35,225,8,1.9,0.543322356285504,0.45,0.975,27,234,6,33
35,225,8,2.1,0.550098455941299,0.5,0.9625,30,231,9,30
35,225,8,2.3,0.596710857951539,0.583333333333333,0.954166666666667,35,229,11,25
35,225,8,2.5,0.620543080507606,0.65,0.941666666666667,39,226,14,21
35,225,8,2.7,0.599289500480486,0.666666666666667,0.925,40,222,18,20
35,225,8,2.9,0.624987322386635,0.75,0.904166666666667,45,217,23,15
35,225,9,0.1,0.309132883937864,0.116666666666667,1,7,240,0,53
35,225,9,0.3,0.331042355440947,0.133333333333333,1,8,240,0,52
35,225,9,0.5,0.351726229056329,0.15,1,9,240,0,51
35,225,9,0.7,0.402988957541146,0.216666666666667,0.995833333333333,13,239,1,47
35,225,9,0.9,0.42059551209603,0.233333333333333,0.995833333333333,14,239,1,46
35,225,9,1.1,0.437625736458983,0.25,0.995833333333333,15,239,1,45
35,225,9,1.3,0.483381444362933,0.316666666666667,0.991666666666667,19,238,2,41
35,225,9,1.5,0.497616602022778,0.35,0.9875,21,237,3,39
35,225,9,1.7,0.527777777777778,0.416666666666667,0.979166666666667,25,235,5,35
35,225,9,1.9,0.542061062489349,0.433333333333333,0.979166666666667,26,235,5,34
35,225,9,2.1,0.531020272545264,0.45,0.970833333333333,27,233,7,33
35,225,9,2.3,0.566783910742498,0.533333333333333,0.958333333333333,32,230,10,28
35,225,9,2.5,0.590617620041516,0.6,0.945833333333333,36,227,13,24
35,225,9,2.7,0.616737055508627,0.633333333333333,0.945833333333333,38,227,13,22
35,225,9,2.9,0.599289500480486,0.666666666666667,0.925,40,222,18,20
35,225,10,0.1,0.285714285714286,0.1,1,6,240,0,54
35,225,10,0.3,0.285714285714286,0.1,1,6,240,0,54
35,225,10,0.5,0.309132883937864,0.116666666666667,1,7,240,0,53
35,225,10,0.7,0.371390676354104,0.166666666666667,1,10,240,0,50
35,225,10,0.9,0.371390676354104,0.166666666666667,1,10,240,0,50
35,225,10,1.1,0.408248290463863,0.2,1,12,240,0,48
35,225,10,1.3,0.458831467741124,0.25,1,15,240,0,45
35,225,10,1.5,0.520060220985952,0.316666666666667,1,19,240,0,41
35,225,10,1.7,0.57630717842043,0.383333333333333,1,23,240,0,37
35,225,10,1.9,0.555555555555556,0.433333333333333,0.983333333333333,26,236,4,34
35,225,10,2.1,0.569955805123029,0.466666666666667,0.979166666666667,28,235,5,32
35,225,10,2.3,0.598099274162041,0.516666666666667,0.975,31,234,6,29
35,225,10,2.5,0.593600459637472,0.566666666666667,0.958333333333333,34,230,10,26
35,225,10,2.7,0.54553230553453,0.566666666666667,0.9375,34,225,15,26
35,225,10,2.9,0.589989767134734,0.633333333333333,0.933333333333333,38,224,16,22
36,228,1,0.1,0.309132883937864,0.116666666666667,1,7,240,0,53
36,228,1,0.3,0.309132883937864,0.116666666666667,1,7,240,0,53
36,228,1,0.5,0.351726229056329,0.15,1,9,240,0,51
36,228,1,0.7,0.408248290463863,0.2,1,12,240,0,48
36,228,1,0.9,0.44249767886871,0.233333333333333,1,14,240,0,46
36,228,1,1.1,0.454143262287745,0.266666666666667,0.995833333333333,16,239,1,44
36,228,1,1.3,0.501114828585796,0.316666666666667,0.995833333333333,19,239,1,41
36,228,1,1.5,0.527101635791221,0.4,0.983333333333333,24,236,4,36
36,228,1,1.7,0.569955805123029,0.466666666666667,0.979166666666667,28,235,5,32
36,228,1,1.9,0.598099274162041,0.516666666666667,0.975,31,234,6,29
36,228,1,2.1,0.638832712955527,0.583333333333333,0.970833333333333,35,233,7,25
36,228,1,2.3,0.651634707150621,0.666666666666667,0.95,40,228,12,20
36,228,1,2.5,0.650011245966592,0.7,0.9375,42,225,15,18
36,228,1,2.7,0.664795432092791,0.783333333333333,0.9125,47,219,21,13
36,228,1,2.9,0.647628427330995,0.816666666666667,0.8875,49,213,27,11
36,228,2,0.1,0.285714285714286,0.1,1,6,240,0,54
36,228,2,0.3,0.309132883937864,0.116666666666667,1,7,240,0,53
36,228,2,0.5,0.331042355440947,0.133333333333333,1,8,240,0,52
36,228,2,0.7,0.365722426873877,0.183333333333333,0.995833333333333,11,239,1,49
36,228,2,0.9,0.402988957541146,0.216666666666667,0.995833333333333,13,239,1,47
36,228,2,1.1,0.435111825884368,0.266666666666667,0.991666666666667,16,238,2,44
36,228,2,1.3,0.451631244540432,0.283333333333333,0.991666666666667,17,238,2,43
36,228,2,1.5,0.498690240055375,0.333333333333333,0.991666666666667,20,238,2,40
36,228,2,1.7,0.497607978401115,0.366666666666667,0.983333333333333,22,236,4,38
36,228,2,1.9,0.514684241151503,0.416666666666667,0.975,25,234,6,35
36,228,2,2.1,0.571091544816282,0.483333333333333,0.975,29,234,6,31
36,228,2,2.3,0.574877665668384,0.516666666666667,0.966666666666667,31,232,8,29
36,228,2,2.5,0.619839185779118,0.6,0.958333333333333,36,230,10,24
36,228,2,2.7,0.655062167921653,0.683333333333333,0.945833333333333,41,227,13,19
36,228,2,2.9,0.658420373335964,0.733333333333333,0.929166666666667,44,223,17,16
36,228,3,0.1,0.331042355440947,0.133333333333333,1,8,240,0,52
36,228,3,0.3,0.390191151806518,0.183333333333333,1,11,240,0,49
36,228,3,0.5,0.390191151806518,0.183333333333333,1,11,240,0,49
36,228,3,0.7,0.408248290463863,0.2,1,12,240,0,48
36,228,3,0.9,0.402988957541146,0.216666666666667,0.995833333333333,13,239,1,47
36,228,3,1.1,0.437625736458983,0.25,0.995833333333333,15,239,1,45
36,228,3,1.3,0.485845732763192,0.3,0.995833333333333,18,239,1,42
36,228,3,1.5,0.5707328555486,0.416666666666667,0.991666666666667,25,238,2,35
36,228,3,1.7,0.611111111111111,0.466666666666667,0.991666666666667,28,238,2,32
36,228,3,1.9,0.623222702798078,0.5,0.9875,30,237,3,30
36,228,3,2.1,0.623442463745178,0.533333333333333,0.979166666666667,32,235,5,28
36,228,3,2.3,0.650179080997677,0.583333333333333,0.975,35,234,6,25
36,228,3,2.5,0.609835154075188,0.6,0.954166666666667,36,229,11,24
36,228,3,2.7,0.586284653224769,0.65,0.925,39,222,18,21
36,228,3,2.9,0.566379375843914,0.683333333333333,0.9,41,216,24,19
36,228,4,0.1,0.232495277487639,0.0666666666666667,1,4,240,0,56
36,228,4,0.3,0.285714285714286,0.1,1,6,240,0,54
36,228,4,0.5,0.285714285714286,0.1,1,6,240,0,54
36,228,4,0.7,0.302875363909617,0.133333333333333,0.995833333333333,8,239,1,52
36,228,4,0.9,0.365722426873877,0.183333333333333,0.995833333333333,11,239,1,49
36,228,4,1.1,0.382057030178579,0.233333333333333,0.9875,14,237,3,46
36,228,4,1.3,0.482344051504055,0.333333333333333,0.9875,20,237,3,40
36,228,4,1.5,0.527227500924991,0.383333333333333,0.9875,23,237,3,37
36,228,4,1.7,0.569649517327921,0.433333333333333,0.9875,26,237,3,34
36,228,4,1.9,0.596589253960554,0.483333333333333,0.983333333333333,29,236,4,31
36,228,4,2.1,0.636401627069038,0.55,0.979166666666667,33,235,5,27
36,228,4,2.3,0.649215294849641,0.566666666666667,0.979166666666667,34,235,5,26
36,228,4,2.5,0.61715603343261,0.583333333333333,0.9625,35,231,9,25
36,228,4,2.7,0.626099033699941,0.633333333333333,0.95,38,228,12,22
36,228,4,2.9,0.641492986429815,0.7,0.933333333333333,42,224,16,18
36,228,5,0.1,0.331042355440947,0.133333333333333,1,8,240,0,52
36,228,5,0.3,0.351726229056329,0.15,1,9,240,0,51
36,228,5,0.5,0.365722426873877,0.183333333333333,0.995833333333333,11,239,1,49
36,228,5,0.7,0.365722426873877,0.183333333333333,0.995833333333333,11,239,1,49
36,228,5,0.9,0.365722426873877,0.183333333333333,0.995833333333333,11,239,1,49
36,228,5,1.1,0.400538809640425,0.233333333333333,0.991666666666667,14,238,2,46
36,228,5,1.3,0.528333676221715,0.366666666666667,0.991666666666667,22,238,2,38
36,228,5,1.5,0.527227500924991,0.383333333333333,0.9875,23,237,3,37
36,228,5,1.7,0.555748463823353,0.416666666666667,0.9875,25,237,3,35
36,228,5,1.9,0.609884669457927,0.5,0.983333333333333,30,236,4,30
36,228,5,2.1,0.586291262732893,0.516666666666667,0.970833333333333,31,233,7,29
36,228,5,2.3,0.588348405414552,0.533333333333333,0.966666666666667,32,232,8,28
36,228,5,2.5,0.604050065612409,0.566666666666667,0.9625,34,231,9,26
36,228,5,2.7,0.622830228381895,0.616666666666667,0.954166666666667,37,229,11,23
36,228,5,2.9,0.642393188976184,0.666666666666667,0.945833333333333,40,227,13,20
36,228,6,0.1,0.260377821961648,0.0833333333333333,1,5,240,0,55
36,228,6,0.3,0.309132883937864,0.116666666666667,1,7,240,0,53
36,228,6,0.5,0.390191151806518,0.183333333333333,1,11,240,0,49
36,228,6,0.7,0.44249767886871,0.233333333333333,1,14,240,0,46
36,228,6,0.9,0.490186378342327,0.283333333333333,1,17,240,0,43
36,228,6,1.1,0.520060220985952,0.316666666666667,1,19,240,0,41
36,228,6,1.3,0.562624886216321,0.366666666666667,1,22,240,0,38
36,228,6,1.5,0.603022689155527,0.416666666666667,1,25,240,0,35
36,228,6,1.7,0.611111111111111,0.466666666666667,0.991666666666667,28,238,2,32
36,228,6,1.9,0.636172801762148,0.516666666666667,0.9875,31,237,3,29
36,228,6,2.1,0.636172801762148,0.516666666666667,0.9875,31,237,3,29
36,228,6,2.3,0.661891956091371,0.583333333333333,0.979166666666667,35,235,5,25
36,228,6,2.5,0.675394561550883,0.616666666666667,0.975,37,234,6,23
36,228,6,2.7,0.701495558599884,0.733333333333333,0.95,44,228,12,16
36,228,6,2.9,0.679125416522629,0.75,0.933333333333333,45,224,16,15
36,228,7,0.1,0.351726229056329,0.15,1,9,240,0,51
36,228,7,0.3,0.408248290463863,0.2,1,12,240,0,48
36,228,7,0.5,0.425657924852277,0.216666666666667,1,13,240,0,47
36,228,7,0.7,0.458831467741124,0.25,1,15,240,0,45
36,228,7,0.9,0.474712663277541,0.266666666666667,1,16,240,0,44
36,228,7,1.1,0.534522483824849,0.333333333333333,1,20,240,0,40
36,228,7,1.3,0.603022689155527,0.416666666666667,1,25,240,0,35
36,228,7,1.5,0.613042119887616,0.45,0.995833333333333,27,239,1,33
36,228,7,1.7,0.636172801762148,0.516666666666667,0.9875,31,237,3,29
36,228,7,1.9,0.648967664563956,0.533333333333333,0.9875,32,237,3,28
36,228,7,2.1,0.661891956091371,0.583333333333333,0.979166666666667,35,235,5,25
36,228,7,2.3,0.666095841434276,0.633333333333333,0.966666666666667,38,232,8,22
36,228,7,2.5,0.683291414016753,0.683333333333333,0.958333333333333,41,230,10,19
36,228,7,2.7,0.667632262993619,0.7,0.945833333333333,42,227,13,18
36,228,7,2.9,0.712084912593499,0.783333333333333,0.9375,47,225,15,13
36,228,8,0.1,0.285714285714286,0.1,1,6,240,0,54
36,228,8,0.3,0.253930583234674,0.1,0.995833333333333,6,239,1,54
36,228,8,0.5,0.279316987403299,0.116666666666667,0.995833333333333,7,239,1,53
36,228,8,0.7,0.301511344577764,0.15,0.991666666666667,9,238,2,51
36,228,8,0.9,0.382359556450936,0.216666666666667,0.991666666666667,13,238,2,47
36,228,8,1.1,0.400538809640425,0.233333333333333,0.991666666666667,14,238,2,46
36,228,8,1.3,0.43475559389443,0.3,0.983333333333333,18,236,4,42
36,228,8,1.5,0.452267016866645,0.333333333333333,0.979166666666667,20,235,5,40
36,228,8,1.7,0.485048103863378,0.383333333333333,0.975,23,234,6,37
36,228,8,1.9,0.545132838233723,0.466666666666667,0.970833333333333,28,233,7,32
36,228,8,2.1,0.553137427117427,0.516666666666667,0.958333333333333,31,230,10,29
36,228,8,2.3,0.536774032210737,0.533333333333333,0.945833333333333,32,227,13,28
36,228,8,2.5,0.524917366347815,0.583333333333333,0.920833333333333,35,221,19,25
36,228,8,2.7,0.520833333333333,0.616666666666667,0.904166666666667,37,217,23,23
36,228,8,2.9,0.505695871289209,0.633333333333333,0.8875,38,213,27,22
36,228,9,0.1,0.285714285714286,0.1,1,6,240,0,54
36,228,9,0.3,0.285714285714286,0.1,1,6,240,0,54
36,228,9,0.5,0.331042355440947,0.133333333333333,1,8,240,0,52
36,228,9,0.7,0.351726229056329,0.15,1,9,240,0,51
36,228,9,0.9,0.371390676354104,0.166666666666667,1,10,240,0,50
36,228,9,1.1,0.402988957541146,0.216666666666667,0.995833333333333,13,239,1,47
36,228,9,1.3,0.47020148926214,0.283333333333333,0.995833333333333,17,239,1,43
36,228,9,1.5,0.485845732763192,0.3,0.995833333333333,18,239,1,42
36,228,9,1.7,0.559050750420652,0.383333333333333,0.995833333333333,23,239,1,37
36,228,9,1.9,0.613042119887616,0.45,0.995833333333333,27,239,1,33
36,228,9,2.1,0.596589253960554,0.483333333333333,0.983333333333333,29,236,4,31
36,228,9,2.3,0.610328642772525,0.516666666666667,0.979166666666667,31,235,5,29
36,228,9,2.5,0.61715603343261,0.583333333333333,0.9625,35,231,9,25
36,228,9,2.7,0.632761287687038,0.616666666666667,0.958333333333333,37,230,10,23
36,228,9,2.9,0.680108498886473,0.716666666666667,0.945833333333333,43,227,13,17
36,228,10,0.1,0.285714285714286,0.1,1,6,240,0,54
36,228,10,0.3,0.351726229056329,0.15,1,9,240,0,51
36,228,10,0.5,0.351726229056329,0.15,1,9,240,0,51
36,228,10,0.7,0.425657924852277,0.216666666666667,1,13,240,0,47
36,228,10,0.9,0.44249767886871,0.233333333333333,1,14,240,0,46
36,228,10,1.1,0.490186378342327,0.283333333333333,1,17,240,0,43
36,228,10,1.3,0.520060220985952,0.316666666666667,1,19,240,0,41
36,228,10,1.5,0.603022689155527,0.416666666666667,1,25,240,0,35
36,228,10,1.7,0.599851878790875,0.433333333333333,0.995833333333333,26,239,1,34
36,228,10,1.9,0.596814705165041,0.466666666666667,0.9875,28,237,3,32
36,228,10,2.1,0.610328642772525,0.516666666666667,0.979166666666667,31,235,5,29
36,228,10,2.3,0.570044885842334,0.55,0.954166666666667,33,229,11,27
36,228,10,2.5,0.554992755101873,0.6,0.929166666666667,36,223,17,24
36,228,10,2.7,0.586284653224769,0.65,0.925,39,222,18,21
36,228,10,2.9,0.591227450330049,0.666666666666667,0.920833333333333,40,221,19,20
37,238,1,0.1,0.232495277487639,0.0666666666666667,1,4,240,0,56
37,238,1,0.3,0.260377821961648,0.0833333333333333,1,5,240,0,55
37,238,1,0.5,0.309132883937864,0.116666666666667,1,7,240,0,53
37,238,1,0.7,0.351726229056329,0.15,1,9,240,0,51
37,238,1,0.9,0.371390676354104,0.166666666666667,1,10,240,0,50
37,238,1,1.1,0.390191151806518,0.183333333333333,1,11,240,0,49
37,238,1,1.3,0.458831467741124,0.25,1,15,240,0,45
37,238,1,1.5,0.490186378342327,0.283333333333333,1,17,240,0,43
37,238,1,1.7,0.516042352765834,0.333333333333333,0.995833333333333,20,239,1,40
37,238,1,1.9,0.544986136114971,0.366666666666667,0.995833333333333,22,239,1,38
37,238,1,2.1,0.599851878790875,0.433333333333333,0.995833333333333,26,239,1,34
37,238,1,2.3,0.638888888888889,0.483333333333333,0.995833333333333,29,239,1,31
37,238,1,2.5,0.664098852165671,0.516666666666667,0.995833333333333,31,239,1,29
37,238,1,2.7,0.710920989875917,0.616666666666667,0.9875,37,237,3,23
37,238,1,2.9,0.687822754818023,0.633333333333333,0.975,38,234,6,22
37,238,2,0.1,0.159840503272752,0.05,0.995833333333333,3,239,1,57
37,238,2,0.3,0.279316987403299,0.116666666666667,0.995833333333333,7,239,1,53
37,238,2,0.5,0.302875363909617,0.133333333333333,0.995833333333333,8,239,1,52
37,238,2,0.7,0.345851248192141,0.166666666666667,0.995833333333333,10,239,1,50
37,238,2,0.9,0.402988957541146,0.216666666666667,0.995833333333333,13,239,1,47
37,238,2,1.1,0.42059551209603,0.233333333333333,0.995833333333333,14,239,1,46
37,238,2,1.3,0.454143262287745,0.266666666666667,0.995833333333333,16,239,1,44
37,238,2,1.5,0.498690240055375,0.333333333333333,0.991666666666667,20,238,2,40
37,238,2,1.7,0.513665093809513,0.35,0.991666666666667,21,238,2,39
37,238,2,1.9,0.541613832306324,0.4,0.9875,24,237,3,36
37,238,2,2.1,0.542061062489349,0.433333333333333,0.979166666666667,26,235,5,34
37,238,2,2.3,0.58468458215183,0.5,0.975,30,234,6,30
37,238,2,2.5,0.563833888522279,0.516666666666667,0.9625,31,231,9,29
37,238,2,2.7,0.600099198148979,0.6,0.95,36,228,12,24
37,238,2,2.9,0.585590648993463,0.616666666666667,0.9375,37,225,15,23
37,238,3,0.1,0.232495277487639,0.0666666666666667,1,4,240,0,56
37,238,3,0.3,0.260377821961648,0.0833333333333333,1,5,240,0,55
37,238,3,0.5,0.331042355440947,0.133333333333333,1,8,240,0,52
37,238,3,0.7,0.302875363909617,0.133333333333333,0.995833333333333,8,239,1,52
37,238,3,0.9,0.302875363909617,0.133333333333333,0.995833333333333,8,239,1,52
37,238,3,1.1,0.343800631611455,0.183333333333333,0.991666666666667,11,238,2,49
37,238,3,1.3,0.400538809640425,0.233333333333333,0.991666666666667,14,238,2,46
37,238,3,1.5,0.400022162506597,0.25,0.9875,15,237,3,45
37,238,3,1.7,0.466899527823841,0.333333333333333,0.983333333333333,20,236,4,40
37,238,3,1.9,0.527101635791221,0.4,0.983333333333333,24,236,4,36
37,238,3,2.1,0.527777777777778,0.416666666666667,0.979166666666667,25,235,5,35
37,238,3,2.3,0.569955805123029,0.466666666666667,0.979166666666667,28,235,5,32
37,238,3,2.5,0.58468458215183,0.5,0.975,30,234,6,30
37,238,3,2.7,0.593600459637472,0.566666666666667,0.958333333333333,34,230,10,26
37,238,3,2.9,0.620543080507606,0.65,0.941666666666667,39,226,14,21
37,238,4,0.1,0.260377821961648,0.0833333333333333,1,5,240,0,55
37,238,4,0.3,0.285714285714286,0.1,1,6,240,0,54
37,238,4,0.5,0.309132883937864,0.116666666666667,1,7,240,0,53
37,238,4,0.7,0.309132883937864,0.116666666666667,1,7,240,0,53
37,238,4,0.9,0.254024498762905,0.116666666666667,0.991666666666667,7,238,2,53
37,238,4,1.1,0.280670699693906,0.15,0.9875,9,237,3,51
37,238,4,1.3,0.32397151488602,0.183333333333333,0.9875,11,237,3,49
37,238,4,1.5,0.383202268094912,0.25,0.983333333333333,15,236,4,45
37,238,4,1.7,0.396018716094947,0.316666666666667,0.966666666666667,19,232,8,41
37,238,4,1.9,0.40517695580012,0.35,0.958333333333333,21,230,10,39
37,238,4,2.1,0.450981617032957,0.433333333333333,0.945833333333333,26,227,13,34
37,238,4,2.3,0.51343603081027,0.516666666666667,0.941666666666667,31,226,14,29
37,238,4,2.5,0.53665631459995,0.566666666666667,0.933333333333333,34,224,16,26
37,238,4,2.7,0.578187757505821,0.65,0.920833333333333,39,221,19,21
37,238,4,2.9,0.621969580444299,0.716666666666667,0.916666666666667,43,220,20,17
37,238,5,0.1,0.201007563051842,0.05,1,3,240,0,57
37,238,5,0.3,0.201007563051842,0.05,1,3,240,0,57
37,238,5,0.5,0.226190476190476,0.0833333333333333,0.995833333333333,5,239,1,55
37,238,5,0.7,0.253930583234674,0.1,0.995833333333333,6,239,1,54
37,238,5,0.9,0.279316987403299,0.116666666666667,0.995833333333333,7,239,1,53
37,238,5,1.1,0.302871984991044,0.166666666666667,0.9875,10,237,3,50
37,238,5,1.3,0.382057030178579,0.233333333333333,0.9875,14,237,3,46
37,238,5,1.5,0.466899527823841,0.333333333333333,0.983333333333333,20,236,4,40
37,238,5,1.7,0.527777777777778,0.416666666666667,0.979166666666667,25,235,5,35
37,238,5,1.9,0.543322356285504,0.45,0.975,27,234,6,33
37,238,5,2.1,0.559040521531136,0.483333333333333,0.970833333333333,29,233,7,31
37,238,5,2.3,0.606788036412138,0.583333333333333,0.958333333333333,35,230,10,25
37,238,5,2.5,0.620543080507606,0.65,0.941666666666667,39,226,14,21
37,238,5,2.7,0.615947319746239,0.666666666666667,0.933333333333333,40,224,16,20
37,238,5,2.9,0.642429106116809,0.733333333333333,0.920833333333333,44,221,19,16
37,238,6,0.1,0.201007563051842,0.05,1,3,240,0,57
37,238,6,0.3,0.232495277487639,0.0666666666666667,1,4,240,0,56
37,238,6,0.5,0.285714285714286,0.1,1,6,240,0,54
37,238,6,0.7,0.331042355440947,0.133333333333333,1,8,240,0,52
37,238,6,0.9,0.331042355440947,0.133333333333333,1,8,240,0,52
37,238,6,1.1,0.390191151806518,0.183333333333333,1,11,240,0,49
37,238,6,1.3,0.42059551209603,0.233333333333333,0.995833333333333,14,239,1,46
37,238,6,1.5,0.485845732763192,0.3,0.995833333333333,18,239,1,42
37,238,6,1.7,0.530657563135848,0.35,0.995833333333333,21,239,1,39
37,238,6,1.9,0.555748463823353,0.416666666666667,0.9875,25,237,3,35
37,238,6,2.1,0.596814705165041,0.466666666666667,0.9875,28,237,3,32
37,238,6,2.3,0.624436085122555,0.55,0.975,33,234,6,27
37,238,6,2.5,0.630126037812604,0.6,0.9625,36,231,9,24
37,238,6,2.7,0.613160277295009,0.616666666666667,0.95,37,228,12,23
37,238,6,2.9,0.603022689155527,0.65,0.933333333333333,39,224,16,21
37,238,7,0.1,0.232495277487639,0.0666666666666667,1,4,240,0,56
37,238,7,0.3,0.285714285714286,0.1,1,6,240,0,54
37,238,7,0.5,0.309132883937864,0.116666666666667,1,7,240,0,53
37,238,7,0.7,0.371390676354104,0.166666666666667,1,10,240,0,50
37,238,7,0.9,0.458831467741124,0.25,1,15,240,0,45
37,238,7,1.1,0.490186378342327,0.283333333333333,1,17,240,0,43
37,238,7,1.3,0.485845732763192,0.3,0.995833333333333,18,239,1,42
37,238,7,1.5,0.466899527823841,0.333333333333333,0.983333333333333,20,236,4,40
37,238,7,1.7,0.497607978401115,0.366666666666667,0.983333333333333,22,236,4,38
37,238,7,1.9,0.527101635791221,0.4,0.983333333333333,24,236,4,36
37,238,7,2.1,0.557308404849485,0.466666666666667,0.975,28,234,6,32
37,238,7,2.3,0.586291262732893,0.516666666666667,0.970833333333333,31,233,7,29
37,238,7,2.5,0.625918667527614,0.566666666666667,0.970833333333333,34,233,7,26
37,238,7,2.7,0.606788036412138,0.583333333333333,0.958333333333333,35,230,10,25
37,238,7,2.9,0.596710857951539,0.583333333333333,0.954166666666667,35,229,11,25
37,238,8,0.1,0.309132883937864,0.116666666666667,1,7,240,0,53
37,238,8,0.3,0.371390676354104,0.166666666666667,1,10,240,0,50
37,238,8,0.5,0.371390676354104,0.166666666666667,1,10,240,0,50
37,238,8,0.7,0.425657924852277,0.216666666666667,1,13,240,0,47
37,238,8,0.9,0.42059551209603,0.233333333333333,0.995833333333333,14,239,1,46
37,238,8,1.1,0.47020148926214,0.283333333333333,0.995833333333333,17,239,1,43
37,238,8,1.3,0.501114828585796,0.316666666666667,0.995833333333333,19,239,1,41
37,238,8,1.5,0.530657563135848,0.35,0.995833333333333,21,239,1,39
37,238,8,1.7,0.572871554697751,0.4,0.995833333333333,24,239,1,36
37,238,8,1.9,0.626050459637616,0.466666666666667,0.995833333333333,28,239,1,32
37,238,8,2.1,0.676489600473128,0.533333333333333,0.995833333333333,32,239,1,28
37,238,8,2.3,0.710920989875917,0.616666666666667,0.9875,37,237,3,23
37,238,8,2.5,0.770154046215405,0.7,0.9875,42,237,3,18
37,238,8,2.7,0.783722823464936,0.766666666666667,0.975,46,234,6,14
37,238,8,2.9,0.737986037291409,0.783333333333333,0.95,47,228,12,13
37,238,9,0.1,0.260377821961648,0.0833333333333333,1,5,240,0,55
37,238,9,0.3,0.309132883937864,0.116666666666667,1,7,240,0,53
37,238,9,0.5,0.351726229056329,0.15,1,9,240,0,51
37,238,9,0.7,0.408248290463863,0.2,1,12,240,0,48
37,238,9,0.9,0.437625736458983,0.25,0.995833333333333,15,239,1,45
37,238,9,1.1,0.47020148926214,0.283333333333333,0.995833333333333,17,239,1,43
37,238,9,1.3,0.501114828585796,0.316666666666667,0.995833333333333,19,239,1,41
37,238,9,1.5,0.544986136114971,0.366666666666667,0.995833333333333,22,239,1,38
37,238,9,1.7,0.541613832306324,0.4,0.9875,24,237,3,36
37,238,9,1.9,0.569437883827195,0.45,0.983333333333333,27,236,4,33
37,238,9,2.1,0.569955805123029,0.466666666666667,0.979166666666667,28,235,5,32
37,238,9,2.3,0.533396460910442,0.466666666666667,0.966666666666667,28,232,8,32
37,238,9,2.5,0.619839185779118,0.6,0.958333333333333,36,230,10,24
37,238,9,2.7,0.632761287687038,0.616666666666667,0.958333333333333,37,230,10,23
37,238,9,2.9,0.632761287687038,0.616666666666667,0.958333333333333,37,230,10,23
37,238,10,0.1,0.309132883937864,0.116666666666667,1,7,240,0,53
37,238,10,0.3,0.309132883937864,0.116666666666667,1,7,240,0,53
37,238,10,0.5,0.331042355440947,0.133333333333333,1,8,240,0,52
37,238,10,0.7,0.425657924852277,0.216666666666667,1,13,240,0,47
37,238,10,0.9,0.458831467741124,0.25,1,15,240,0,45
37,238,10,1.1,0.437625736458983,0.25,0.995833333333333,15,239,1,45
37,238,10,1.3,0.47020148926214,0.283333333333333,0.995833333333333,17,239,1,43
37,238,10,1.5,0.516042352765834,0.333333333333333,0.995833333333333,20,239,1,40
37,238,10,1.7,0.572871554697751,0.4,0.995833333333333,24,239,1,36
37,238,10,1.9,0.569437883827195,0.45,0.983333333333333,27,236,4,33
37,238,10,2.1,0.557308404849485,0.466666666666667,0.975,28,234,6,32
37,238,10,2.3,0.557308404849485,0.466666666666667,0.975,28,234,6,32
37,238,10,2.5,0.59965687539547,0.533333333333333,0.970833333333333,32,233,7,28
37,238,10,2.7,0.604050065612409,0.566666666666667,0.9625,34,231,9,26
37,238,10,2.9,0.581377674149945,0.6,0.941666666666667,36,226,14,24
38,244,1,0.1,0.260377821961648,0.0833333333333333,1,5,240,0,55
38,244,1,0.3,0.285714285714286,0.1,1,6,240,0,54
38,244,1,0.5,0.331042355440947,0.133333333333333,1,8,240,0,52
38,244,1,0.7,0.351726229056329,0.15,1,9,240,0,51
38,244,1,0.9,0.425657924852277,0.216666666666667,1,13,240,0,47
38,244,1,1.1,0.474712663277541,0.266666666666667,1,16,240,0,44
38,244,1,1.3,0.530657563135848,0.35,0.995833333333333,21,239,1,39
38,244,1,1.5,0.572871554697751,0.4,0.995833333333333,24,239,1,36
38,244,1,1.7,0.584395291855485,0.433333333333333,0.991666666666667,26,238,2,34
38,244,1,1.9,0.596814705165041,0.466666666666667,0.9875,28,237,3,32
38,244,1,2.1,0.611346444900966,0.533333333333333,0.975,32,234,6,28
38,244,1,2.3,0.601658254057552,0.55,0.966666666666667,33,232,8,27
38,244,1,2.5,0.642967513606697,0.616666666666667,0.9625,37,231,9,23
38,244,1,2.7,0.67675296818396,0.7,0.95,42,228,12,18
38,244,1,2.9,0.696055012445306,0.75,0.941666666666667,45,226,14,15
38,244,2,0.1,0.232495277487639,0.0666666666666667,1,4,240,0,56
38,244,2,0.3,0.285714285714286,0.1,1,6,240,0,54
38,244,2,0.5,0.309132883937864,0.116666666666667,1,7,240,0,53
38,244,2,0.7,0.302875363909617,0.133333333333333,0.995833333333333,8,239,1,52
38,244,2,0.9,0.302875363909617,0.133333333333333,0.995833333333333,8,239,1,52
38,244,2,1.1,0.402988957541146,0.216666666666667,0.995833333333333,13,239,1,47
38,244,2,1.3,0.454143262287745,0.266666666666667,0.995833333333333,16,239,1,44
38,244,2,1.5,0.417416756317672,0.266666666666667,0.9875,16,237,3,44
38,244,2,1.7,0.466722916974903,0.316666666666667,0.9875,19,237,3,41
38,244,2,1.9,0.485048103863378,0.383333333333333,0.975,23,234,6,37
38,244,2,2.1,0.519174131651165,0.45,0.966666666666667,27,232,8,33
38,244,2,2.3,0.539319371630006,0.5,0.958333333333333,30,230,10,30
38,244,2,2.5,0.570044885842334,0.55,0.954166666666667,33,229,11,27
38,244,2,2.7,0.590617620041516,0.6,0.945833333333333,36,227,13,24
38,244,2,2.9,0.598692972039029,0.633333333333333,0.9375,38,225,15,22
38,244,3,0.1,0.201007563051842,0.05,1,3,240,0,57
38,244,3,0.3,0.232495277487639,0.0666666666666667,1,4,240,0,56
38,244,3,0.5,0.260377821961648,0.0833333333333333,1,5,240,0,55
38,244,3,0.7,0.285714285714286,0.1,1,6,240,0,54
38,244,3,0.9,0.331042355440947,0.133333333333333,1,8,240,0,52
38,244,3,1.1,0.390191151806518,0.183333333333333,1,11,240,0,49
38,244,3,1.3,0.425657924852277,0.216666666666667,1,13,240,0,47
38,244,3,1.5,0.474712663277541,0.266666666666667,1,16,240,0,44
38,244,3,1.7,0.485845732763192,0.3,0.995833333333333,18,239,1,42
38,244,3,1.9,0.559050750420652,0.383333333333333,0.995833333333333,23,239,1,37
38,244,3,2.1,0.626050459637616,0.466666666666667,0.995833333333333,28,239,1,32
38,244,3,2.3,0.651568347840733,0.5,0.995833333333333,30,239,1,30
38,244,3,2.5,0.648967664563956,0.533333333333333,0.9875,32,237,3,28
38,244,3,2.7,0.673994504576726,0.583333333333333,0.983333333333333,35,236,4,25
38,244,3,2.9,0.712352497089434,0.666666666666667,0.975,40,234,6,20
38,244,4,0.1,0.390191151806518,0.183333333333333,1,11,240,0,49
38,244,4,0.3,0.425657924852277,0.216666666666667,1,13,240,0,47
38,244,4,0.5,0.490186378342327,0.283333333333333,1,17,240,0,43
38,244,4,0.7,0.534522483824849,0.333333333333333,1,20,240,0,40
38,244,4,0.9,0.534522483824849,0.333333333333333,1,20,240,0,40
38,244,4,1.1,0.548703261168734,0.35,1,21,240,0,39
38,244,4,1.3,0.616086068496619,0.433333333333333,1,26,240,0,34
38,244,4,1.5,0.613042119887616,0.45,0.995833333333333,27,239,1,33
38,244,4,1.7,0.651568347840733,0.5,0.995833333333333,30,239,1,30
38,244,4,1.9,0.700885077729073,0.566666666666667,0.995833333333333,34,239,1,26
38,244,4,2.1,0.711567173573255,0.6,0.991666666666667,36,238,2,24
38,244,4,2.3,0.7348977825729,0.65,0.9875,39,237,3,21
38,244,4,2.5,0.748416220815967,0.716666666666667,0.975,43,234,6,17
38,244,4,2.7,0.760263112349928,0.733333333333333,0.975,44,234,6,16
38,244,4,2.9,0.763516169233185,0.766666666666667,0.966666666666667,46,232,8,14
38,244,5,0.1,0.260377821961648,0.0833333333333333,1,5,240,0,55
38,244,5,0.3,0.285714285714286,0.1,1,6,240,0,54
38,244,5,0.5,0.285714285714286,0.1,1,6,240,0,54
38,244,5,0.7,0.345851248192141,0.166666666666667,0.995833333333333,10,239,1,50
38,244,5,0.9,0.345851248192141,0.166666666666667,0.995833333333333,10,239,1,50
38,244,5,1.1,0.402988957541146,0.216666666666667,0.995833333333333,13,239,1,47
38,244,5,1.3,0.47020148926214,0.283333333333333,0.995833333333333,17,239,1,43
38,244,5,1.5,0.451631244540432,0.283333333333333,0.991666666666667,17,238,2,43
38,244,5,1.7,0.467707173346743,0.3,0.991666666666667,18,238,2,42
38,244,5,1.9,0.498690240055375,0.333333333333333,0.991666666666667,20,238,2,40
38,244,5,2.1,0.482418151324422,0.35,0.983333333333333,21,236,4,39
38,244,5,2.3,0.531020272545264,0.45,0.970833333333333,27,233,7,33
38,244,5,2.5,0.627831564258567,0.583333333333333,0.966666666666667,35,232,8,25
38,244,5,2.7,0.658245591801995,0.65,0.958333333333333,39,230,10,21
38,244,5,2.9,0.671253443547199,0.716666666666667,0.941666666666667,43,226,14,17
38,244,6,0.1,0.285714285714286,0.1,1,6,240,0,54
38,244,6,0.3,0.285714285714286,0.1,1,6,240,0,54
38,244,6,0.5,0.285714285714286,0.1,1,6,240,0,54
38,244,6,0.7,0.331042355440947,0.133333333333333,1,8,240,0,52
38,244,6,0.9,0.351726229056329,0.15,1,9,240,0,51
38,244,6,1.1,0.408248290463863,0.2,1,12,240,0,48
38,244,6,1.3,0.425657924852277,0.216666666666667,1,13,240,0,47
38,244,6,1.5,0.458831467741124,0.25,1,15,240,0,45
38,244,6,1.7,0.530657563135848,0.35,0.995833333333333,21,239,1,39
38,244,6,1.9,0.497616602022778,0.35,0.9875,21,237,3,39
38,244,6,2.1,0.569649517327921,0.433333333333333,0.9875,26,237,3,34
38,244,6,2.3,0.583333333333333,0.45,0.9875,27,237,3,33
38,244,6,2.5,0.596814705165041,0.466666666666667,0.9875,28,237,3,32
38,244,6,2.7,0.698699907937802,0.616666666666667,0.983333333333333,37,236,4,23
38,244,6,2.9,0.747391955746283,0.7,0.979166666666667,42,235,5,18
38,244,7,0.1,0.260377821961648,0.0833333333333333,1,5,240,0,55
38,244,7,0.3,0.309132883937864,0.116666666666667,1,7,240,0,53
38,244,7,0.5,0.390191151806518,0.183333333333333,1,11,240,0,49
38,244,7,0.7,0.458831467741124,0.25,1,15,240,0,45
38,244,7,0.9,0.474712663277541,0.266666666666667,1,16,240,0,44
38,244,7,1.1,0.485845732763192,0.3,0.995833333333333,18,239,1,42
38,244,7,1.3,0.530657563135848,0.35,0.995833333333333,21,239,1,39
38,244,7,1.5,0.569649517327921,0.433333333333333,0.9875,26,237,3,34
38,244,7,1.7,0.596589253960554,0.483333333333333,0.983333333333333,29,236,4,31
38,244,7,1.9,0.596589253960554,0.483333333333333,0.983333333333333,29,236,4,31
38,244,7,2.1,0.649215294849641,0.566666666666667,0.979166666666667,34,235,5,26
38,244,7,2.3,0.700140042014005,0.65,0.975,39,234,6,21
38,244,7,2.5,0.701539688522585,0.666666666666667,0.970833333333333,40,233,7,20
38,244,7,2.7,0.67675296818396,0.7,0.95,42,228,12,18
38,244,7,2.9,0.6875,0.75,0.9375,45,225,15,15
38,244,8,0.1,0.260377821961648,0.0833333333333333,1,5,240,0,55
38,244,8,0.3,0.285714285714286,0.1,1,6,240,0,54
38,244,8,0.5,0.309132883937864,0.116666666666667,1,7,240,0,53
38,244,8,0.7,0.351726229056329,0.15,1,9,240,0,51
38,244,8,0.9,0.390191151806518,0.183333333333333,1,11,240,0,49
38,244,8,1.1,0.458831467741124,0.25,1,15,240,0,45
38,244,8,1.3,0.474712663277541,0.266666666666667,1,16,240,0,44
38,244,8,1.5,0.47020148926214,0.283333333333333,0.995833333333333,17,239,1,43
38,244,8,1.7,0.556847023448867,0.4,0.991666666666667,24,238,2,36
38,244,8,1.9,0.569649517327921,0.433333333333333,0.9875,26,237,3,34
38,244,8,2.1,0.610107075566836,0.483333333333333,0.9875,29,237,3,31
38,244,8,2.3,0.636401627069038,0.55,0.979166666666667,33,235,5,27
38,244,8,2.5,0.689224169261855,0.65,0.970833333333333,39,233,7,21
38,244,8,2.7,0.655062167921653,0.683333333333333,0.945833333333333,41,227,13,19
38,244,8,2.9,0.667518550101756,0.766666666666667,0.920833333333333,46,221,19,14
38,244,9,0.1,0.232495277487639,0.0666666666666667,1,4,240,0,56
38,244,9,0.3,0.260377821961648,0.0833333333333333,1,5,240,0,55
38,244,9,0.5,0.331042355440947,0.133333333333333,1,8,240,0,52
38,244,9,0.7,0.371390676354104,0.166666666666667,1,10,240,0,50
38,244,9,0.9,0.390191151806518,0.183333333333333,1,11,240,0,49
38,244,9,1.1,0.458831467741124,0.25,1,15,240,0,45
38,244,9,1.3,0.454143262287745,0.266666666666667,0.995833333333333,16,239,1,44
38,244,9,1.5,0.47020148926214,0.283333333333333,0.995833333333333,17,239,1,43
38,244,9,1.7,0.483381444362933,0.316666666666667,0.991666666666667,19,238,2,41
38,244,9,1.9,0.482418151324422,0.35,0.983333333333333,21,236,4,39
38,244,9,2.1,0.529119410668583,0.433333333333333,0.975,26,234,6,34
38,244,9,2.3,0.542767643338155,0.516666666666667,0.954166666666667,31,229,11,29
38,244,9,2.5,0.586909020463339,0.583333333333333,0.95,35,228,12,25
38,244,9,2.7,0.626099033699941,0.633333333333333,0.95,38,228,12,22
38,244,9,2.9,0.620391243455151,0.683333333333333,0.929166666666667,41,223,17,19
38,244,10,0.1,0.232495277487639,0.0666666666666667,1,4,240,0,56
38,244,10,0.3,0.232495277487639,0.0666666666666667,1,4,240,0,56
38,244,10,0.5,0.260377821961648,0.0833333333333333,1,5,240,0,55
38,244,10,0.7,0.331042355440947,0.133333333333333,1,8,240,0,52
38,244,10,0.9,0.408248290463863,0.2,1,12,240,0,48
38,244,10,1.1,0.44249767886871,0.233333333333333,1,14,240,0,46
38,244,10,1.3,0.458831467741124,0.25,1,15,240,0,45
38,244,10,1.5,0.505291152639911,0.3,1,18,240,0,42
38,244,10,1.7,0.483381444362933,0.316666666666667,0.991666666666667,19,238,2,41
38,244,10,1.9,0.583333333333333,0.45,0.9875,27,237,3,33
38,244,10,2.1,0.648967664563956,0.533333333333333,0.9875,32,237,3,28
38,244,10,2.3,0.673994504576726,0.583333333333333,0.983333333333333,35,236,4,25
38,244,10,2.5,0.710881515168556,0.633333333333333,0.983333333333333,38,236,4,22
38,244,10,2.7,0.712352497089434,0.666666666666667,0.975,40,234,6,20
38,244,10,2.9,0.736485379546474,0.7,0.975,42,234,6,18
39,247,1,0.1,0.309132883937864,0.116666666666667,1,7,240,0,53
39,247,1,0.3,0.345851248192141,0.166666666666667,0.995833333333333,10,239,1,50
39,247,1,0.5,0.363480236213583,0.2,0.991666666666667,12,238,2,48
39,247,1,0.7,0.451631244540432,0.283333333333333,0.991666666666667,17,238,2,43
39,247,1,0.9,0.483381444362933,0.316666666666667,0.991666666666667,19,238,2,41
39,247,1,1.1,0.498690240055375,0.333333333333333,0.991666666666667,20,238,2,40
39,247,1,1.3,0.542720420239974,0.383333333333333,0.991666666666667,23,238,2,37
39,247,1,1.5,0.556847023448867,0.4,0.991666666666667,24,238,2,36
39,247,1,1.7,0.584395291855485,0.433333333333333,0.991666666666667,26,238,2,34
39,247,1,1.9,0.636401627069038,0.55,0.979166666666667,33,235,5,27
39,247,1,2.1,0.675394561550883,0.616666666666667,0.975,37,234,6,23
39,247,1,2.3,0.655687421298887,0.633333333333333,0.9625,38,231,9,22
39,247,1,2.5,0.629620021098235,0.65,0.945833333333333,39,227,13,21
39,247,1,2.7,0.66259472940448,0.716666666666667,0.9375,43,225,15,17
39,247,1,2.9,0.700066596898638,0.8,0.925,48,222,18,12
39,247,2,0.1,0.163846384103808,0.0333333333333333,1,2,240,0,58
39,247,2,0.3,0.232495277487639,0.0666666666666667,1,4,240,0,56
39,247,2,0.5,0.232495277487639,0.0666666666666667,1,4,240,0,56
39,247,2,0.7,0.309132883937864,0.116666666666667,1,7,240,0,53
39,247,2,0.9,0.351726229056329,0.15,1,9,240,0,51
39,247,2,1.1,0.371390676354104,0.166666666666667,1,10,240,0,50
39,247,2,1.3,0.44249767886871,0.233333333333333,1,14,240,0,46
39,247,2,1.5,0.520060220985952,0.316666666666667,1,19,240,0,41
39,247,2,1.7,0.559050750420652,0.383333333333333,0.995833333333333,23,239,1,37
39,247,2,1.9,0.613042119887616,0.45,0.995833333333333,27,239,1,33
39,247,2,2.1,0.583111187267418,0.466666666666667,0.983333333333333,28,236,4,32
39,247,2,2.3,0.623008957981398,0.516666666666667,0.983333333333333,31,236,4,29
39,247,2,2.5,0.650179080997677,0.583333333333333,0.975,35,234,6,25
39,247,2,2.7,0.705476200186128,0.7,0.9625,42,231,9,18
39,247,2,2.9,0.725899958328475,0.766666666666667,0.95,46,228,12,14
39,247,3,0.1,0.232495277487639,0.0666666666666667,1,4,240,0,56
39,247,3,0.3,0.285714285714286,0.1,1,6,240,0,54
39,247,3,0.5,0.309132883937864,0.116666666666667,1,7,240,0,53
39,247,3,0.7,0.390191151806518,0.183333333333333,1,11,240,0,49
39,247,3,0.9,0.44249767886871,0.233333333333333,1,14,240,0,46
39,247,3,1.1,0.458831467741124,0.25,1,15,240,0,45
39,247,3,1.3,0.454143262287745,0.266666666666667,0.995833333333333,16,239,1,44
39,247,3,1.5,0.528333676221715,0.366666666666667,0.991666666666667,22,238,2,38
39,247,3,1.7,0.583333333333333,0.45,0.9875,27,237,3,33
39,247,3,1.9,0.583111187267418,0.466666666666667,0.983333333333333,28,236,4,32
39,247,3,2.1,0.648785653328315,0.55,0.983333333333333,33,236,4,27
39,247,3,2.3,0.653464039213071,0.616666666666667,0.966666666666667,37,232,8,23
39,247,3,2.5,0.703330906308981,0.683333333333333,0.966666666666667,41,232,8,19
39,247,3,2.7,0.707943514381917,0.716666666666667,0.958333333333333,43,230,10,17
39,247,3,2.9,0.692495641127807,0.733333333333333,0.945833333333333,44,227,13,16
39,247,4,0.1,0.232495277487639,0.0666666666666667,1,4,240,0,56
39,247,4,0.3,0.232495277487639,0.0666666666666667,1,4,240,0,56
39,247,4,0.5,0.260377821961648,0.0833333333333333,1,5,240,0,55
39,247,4,0.7,0.331042355440947,0.133333333333333,1,8,240,0,52
39,247,4,0.9,0.351726229056329,0.15,1,9,240,0,51
39,247,4,1.1,0.408248290463863,0.2,1,12,240,0,48
39,247,4,1.3,0.425657924852277,0.216666666666667,1,13,240,0,47
39,247,4,1.5,0.548703261168734,0.35,1,21,240,0,39
39,247,4,1.7,0.562624886216321,0.366666666666667,1,22,240,0,38
39,247,4,1.9,0.651568347840733,0.5,0.995833333333333,30,239,1,30
39,247,4,2.1,0.711567173573255,0.6,0.991666666666667,36,238,2,24
39,247,4,2.3,0.758489476203437,0.683333333333333,0.9875,41,237,3,19
39,247,4,2.5,0.727660986355503,0.716666666666667,0.966666666666667,43,232,8,17
39,247,4,2.7,0.732241836831712,0.75,0.958333333333333,45,230,10,15
39,247,4,2.9,0.732665401396779,0.8,0.941666666666667,48,226,14,12
39,247,5,0.1,0.260377821961648,0.0833333333333333,1,5,240,0,55
39,247,5,0.3,0.285714285714286,0.1,1,6,240,0,54
39,247,5,0.5,0.253930583234674,0.1,0.995833333333333,6,239,1,54
39,247,5,0.7,0.279316987403299,0.116666666666667,0.995833333333333,7,239,1,53
39,247,5,0.9,0.302875363909617,0.133333333333333,0.995833333333333,8,239,1,52
39,247,5,1.1,0.305887645160749,0.183333333333333,0.983333333333333,11,236,4,49
39,247,5,1.3,0.364932499128825,0.233333333333333,0.983333333333333,14,236,4,46
39,247,5,1.5,0.400891862868637,0.266666666666667,0.983333333333333,16,236,4,44
39,247,5,1.7,0.451023009198597,0.316666666666667,0.983333333333333,19,236,4,41
39,247,5,1.9,0.555555555555556,0.433333333333333,0.983333333333333,26,236,4,34
39,247,5,2.1,0.556115298968001,0.45,0.979166666666667,27,235,5,33
39,247,5,2.3,0.559040521531136,0.483333333333333,0.970833333333333,29,233,7,31
39,247,5,2.5,0.588348405414552,0.533333333333333,0.966666666666667,32,232,8,28
39,247,5,2.7,0.616737055508627,0.633333333333333,0.945833333333333,38,227,13,22
39,247,5,2.9,0.637334379459651,0.683333333333333,0.9375,41,225,15,19
39,247,6,0.1,0.201007563051842,0.05,1,3,240,0,57
39,247,6,0.3,0.195283366471236,0.0666666666666667,0.995833333333333,4,239,1,56
39,247,6,0.5,0.279316987403299,0.116666666666667,0.995833333333333,7,239,1,53
39,247,6,0.7,0.302875363909617,0.133333333333333,0.995833333333333,8,239,1,52
39,247,6,0.9,0.345851248192141,0.166666666666667,0.995833333333333,10,239,1,50
39,247,6,1.1,0.402988957541146,0.216666666666667,0.995833333333333,13,239,1,47
39,247,6,1.3,0.437625736458983,0.25,0.995833333333333,15,239,1,45
39,247,6,1.5,0.542720420239974,0.383333333333333,0.991666666666667,23,238,2,37
39,247,6,1.7,0.527227500924991,0.383333333333333,0.9875,23,237,3,37
39,247,6,1.9,0.569649517327921,0.433333333333333,0.9875,26,237,3,34
39,247,6,2.1,0.596814705165041,0.466666666666667,0.9875,28,237,3,32
39,247,6,2.3,0.569955805123029,0.466666666666667,0.979166666666667,28,235,5,32
39,247,6,2.5,0.59965687539547,0.533333333333333,0.970833333333333,32,233,7,28
39,247,6,2.7,0.630126037812604,0.6,0.9625,36,231,9,24
39,247,6,2.9,0.585590648993463,0.616666666666667,0.9375,37,225,15,23
39,247,7,0.1,0.285714285714286,0.1,1,6,240,0,54
39,247,7,0.3,0.309132883937864,0.116666666666667,1,7,240,0,53
39,247,7,0.5,0.371390676354104,0.166666666666667,1,10,240,0,50
39,247,7,0.7,0.371390676354104,0.166666666666667,1,10,240,0,50
39,247,7,0.9,0.44249767886871,0.233333333333333,1,14,240,0,46
39,247,7,1.1,0.47020148926214,0.283333333333333,0.995833333333333,17,239,1,43
39,247,7,1.3,0.467707173346743,0.3,0.991666666666667,18,238,2,42
39,247,7,1.5,0.466899527823841,0.333333333333333,0.983333333333333,20,236,4,40
39,247,7,1.7,0.49845480775909,0.383333333333333,0.979166666666667,23,235,5,37
39,247,7,1.9,0.529119410668583,0.433333333333333,0.975,26,234,6,34
39,247,7,2.1,0.561236080564821,0.5,0.966666666666667,30,232,8,30
39,247,7,2.3,0.580268566966252,0.55,0.958333333333333,33,230,10,27
39,247,7,2.5,0.593600459637472,0.566666666666667,0.958333333333333,34,230,10,26
39,247,7,2.7,0.594552269339252,0.616666666666667,0.941666666666667,37,226,14,23
39,247,7,2.9,0.598692972039029,0.633333333333333,0.9375,38,225,15,22
39,247,8,0.1,0.309132883937864,0.116666666666667,1,7,240,0,53
39,247,8,0.3,0.351726229056329,0.15,1,9,240,0,51
39,247,8,0.5,0.425657924852277,0.216666666666667,1,13,240,0,47
39,247,8,0.7,0.382359556450936,0.216666666666667,0.991666666666667,13,238,2,47
39,247,8,0.9,0.346013914123996,0.216666666666667,0.983333333333333,13,236,4,47
39,247,8,1.1,0.43475559389443,0.3,0.983333333333333,18,236,4,42
39,247,8,1.3,0.419701966893139,0.3,0.979166666666667,18,235,5,42
39,247,8,1.5,0.467988455877239,0.35,0.979166666666667,21,235,5,39
39,247,8,1.7,0.527777777777778,0.416666666666667,0.979166666666667,25,235,5,35
39,247,8,1.9,0.533396460910442,0.466666666666667,0.966666666666667,28,232,8,32
39,247,8,2.1,0.525319246214213,0.483333333333333,0.958333333333333,29,230,10,31
39,247,8,2.3,0.546489312047197,0.533333333333333,0.95,32,228,12,28
39,247,8,2.5,0.563575962941077,0.6,0.933333333333333,36,224,16,24
39,247,8,2.7,0.594560260032828,0.65,0.929166666666667,39,223,17,21
39,247,8,2.9,0.606835045547051,0.716666666666667,0.908333333333333,43,218,22,17
39,247,9,0.1,0.232495277487639,0.0666666666666667,1,4,240,0,56
39,247,9,0.3,0.285714285714286,0.1,1,6,240,0,54
39,247,9,0.5,0.309132883937864,0.116666666666667,1,7,240,0,53
39,247,9,0.7,0.351726229056329,0.15,1,9,240,0,51
39,247,9,0.9,0.425657924852277,0.216666666666667,1,13,240,0,47
39,247,9,1.1,0.42059551209603,0.233333333333333,0.995833333333333,14,239,1,46
39,247,9,1.3,0.47020148926214,0.283333333333333,0.995833333333333,17,239,1,43
39,247,9,1.5,0.516042352765834,0.333333333333333,0.995833333333333,20,239,1,40
39,247,9,1.7,0.544986136114971,0.366666666666667,0.995833333333333,22,239,1,38
39,247,9,1.9,0.5707328555486,0.416666666666667,0.991666666666667,25,238,2,35
39,247,9,2.1,0.637102963866253,0.5,0.991666666666667,30,238,2,30
39,247,9,2.3,0.687260824634608,0.566666666666667,0.991666666666667,34,238,2,26
39,247,9,2.5,0.698699907937802,0.616666666666667,0.983333333333333,37,236,4,23
39,247,9,2.7,0.724465822134434,0.683333333333333,0.975,41,234,6,19
39,247,9,2.9,0.695664079255393,0.7,0.958333333333333,42,230,10,18
39,247,10,0.1,0.260377821961648,0.0833333333333333,1,5,240,0,55
39,247,10,0.3,0.285714285714286,0.1,1,6,240,0,54
39,247,10,0.5,0.309132883937864,0.116666666666667,1,7,240,0,53
39,247,10,0.7,0.331042355440947,0.133333333333333,1,8,240,0,52
39,247,10,0.9,0.351726229056329,0.15,1,9,240,0,51
39,247,10,1.1,0.390191151806518,0.183333333333333,1,11,240,0,49
39,247,10,1.3,0.474712663277541,0.266666666666667,1,16,240,0,44
39,247,10,1.5,0.534522483824849,0.333333333333333,1,20,240,0,40
39,247,10,1.7,0.628970902033151,0.45,1,27,240,0,33
39,247,10,1.9,0.651568347840733,0.5,0.995833333333333,30,239,1,30
39,247,10,2.1,0.648967664563956,0.533333333333333,0.9875,32,237,3,28
39,247,10,2.3,0.674128842911453,0.566666666666667,0.9875,34,237,3,26
39,247,10,2.5,0.650179080997677,0.583333333333333,0.975,35,234,6,25
39,247,10,2.7,0.676802040613538,0.633333333333333,0.970833333333333,38,233,7,22
39,247,10,2.9,0.661106627847378,0.666666666666667,0.954166666666667,40,229,11,20
40,257,1,0.1,0,0,1,0,240,0,60
40,257,1,0.3,0.115662986393248,0.0166666666666667,1,1,240,0,59
40,257,1,0.5,0.163846384103808,0.0333333333333333,1,2,240,0,58
40,257,1,0.7,0.201007563051842,0.05,1,3,240,0,57
40,257,1,0.9,0.226190476190476,0.0833333333333333,0.995833333333333,5,239,1,55
40,257,1,1.1,0.345851248192141,0.166666666666667,0.995833333333333,10,239,1,50
40,257,1,1.3,0.365722426873877,0.183333333333333,0.995833333333333,11,239,1,49
40,257,1,1.5,0.384729278231866,0.2,0.995833333333333,12,239,1,48
40,257,1,1.7,0.42059551209603,0.233333333333333,0.995833333333333,14,239,1,46
40,257,1,1.9,0.501114828585796,0.316666666666667,0.995833333333333,19,239,1,41
40,257,1,2.1,0.527101635791221,0.4,0.983333333333333,24,236,4,36
40,257,1,2.3,0.583596537153706,0.483333333333333,0.979166666666667,29,235,5,31
40,257,1,2.5,0.59965687539547,0.533333333333333,0.970833333333333,32,233,7,28
40,257,1,2.7,0.61715603343261,0.583333333333333,0.9625,35,231,9,25
40,257,1,2.9,0.648459713474939,0.65,0.954166666666667,39,229,11,21
40,257,2,0.1,0.232495277487639,0.0666666666666667,1,4,240,0,56
40,257,2,0.3,0.232495277487639,0.0666666666666667,1,4,240,0,56
40,257,2,0.5,0.285714285714286,0.1,1,6,240,0,54
40,257,2,0.7,0.331042355440947,0.133333333333333,1,8,240,0,52
40,257,2,0.9,0.345851248192141,0.166666666666667,0.995833333333333,10,239,1,50
40,257,2,1.1,0.402988957541146,0.216666666666667,0.995833333333333,13,239,1,47
40,257,2,1.3,0.437625736458983,0.25,0.995833333333333,15,239,1,45
40,257,2,1.5,0.485845732763192,0.3,0.995833333333333,18,239,1,42
40,257,2,1.7,0.516042352765834,0.333333333333333,0.995833333333333,20,239,1,40
40,257,2,1.9,0.572871554697751,0.4,0.995833333333333,24,239,1,36
40,257,2,2.1,0.626050459637616,0.466666666666667,0.995833333333333,28,239,1,32
40,257,2,2.3,0.583111187267418,0.466666666666667,0.983333333333333,28,236,4,32
40,257,2,2.5,0.609884669457927,0.5,0.983333333333333,30,236,4,30
40,257,2,2.7,0.574877665668384,0.516666666666667,0.966666666666667,31,232,8,29
40,257,2,2.9,0.586909020463339,0.583333333333333,0.95,35,228,12,25
40,257,3,0.1,0.163846384103808,0.0333333333333333,1,2,240,0,58
40,257,3,0.3,0.163846384103808,0.0333333333333333,1,2,240,0,58
40,257,3,0.5,0.163846384103808,0.0333333333333333,1,2,240,0,58
40,257,3,0.7,0.232495277487639,0.0666666666666667,1,4,240,0,56
40,257,3,0.9,0.260377821961648,0.0833333333333333,1,5,240,0,55
40,257,3,1.1,0.371390676354104,0.166666666666667,1,10,240,0,50
40,257,3,1.3,0.390191151806518,0.183333333333333,1,11,240,0,49
40,257,3,1.5,0.454143262287745,0.266666666666667,0.995833333333333,16,239,1,44
40,257,3,1.7,0.47020148926214,0.283333333333333,0.995833333333333,17,239,1,43
40,257,3,1.9,0.572871554697751,0.4,0.995833333333333,24,239,1,36
40,257,3,2.1,0.586466545972743,0.416666666666667,0.995833333333333,25,239,1,35
40,257,3,2.3,0.637102963866253,0.5,0.991666666666667,30,238,2,30
40,257,3,2.5,0.662460934066369,0.533333333333333,0.991666666666667,32,238,2,28
40,257,3,2.7,0.661891956091371,0.583333333333333,0.979166666666667,35,235,5,25
40,257,3,2.9,0.630126037812604,0.6,0.9625,36,231,9,24
40,257,4,0.1,0.163846384103808,0.0333333333333333,1,2,240,0,58
40,257,4,0.3,0.309132883937864,0.116666666666667,1,7,240,0,53
40,257,4,0.5,0.331042355440947,0.133333333333333,1,8,240,0,52
40,257,4,0.7,0.371390676354104,0.166666666666667,1,10,240,0,50
40,257,4,0.9,0.390191151806518,0.183333333333333,1,11,240,0,49
40,257,4,1.1,0.425657924852277,0.216666666666667,1,13,240,0,47
40,257,4,1.3,0.458831467741124,0.25,1,15,240,0,45
40,257,4,1.5,0.530657563135848,0.35,0.995833333333333,21,239,1,39
40,257,4,1.7,0.586466545972743,0.416666666666667,0.995833333333333,25,239,1,35
40,257,4,1.9,0.638888888888889,0.483333333333333,0.995833333333333,29,239,1,31
40,257,4,2.1,0.651568347840733,0.5,0.995833333333333,30,239,1,30
40,257,4,2.3,0.66145680923711,0.566666666666667,0.983333333333333,34,236,4,26
40,257,4,2.5,0.723478043414472,0.666666666666667,0.979166666666667,40,235,5,20
40,257,4,2.7,0.783722823464936,0.766666666666667,0.975,46,234,6,14
40,257,4,2.9,0.77349383978765,0.766666666666667,0.970833333333333,46,233,7,14
40,257,5,0.1,0.285714285714286,0.1,1,6,240,0,54
40,257,5,0.3,0.309132883937864,0.116666666666667,1,7,240,0,53
40,257,5,0.5,0.371390676354104,0.166666666666667,1,10,240,0,50
40,257,5,0.7,0.425657924852277,0.216666666666667,1,13,240,0,47
40,257,5,0.9,0.44249767886871,0.233333333333333,1,14,240,0,46
40,257,5,1.1,0.490186378342327,0.283333333333333,1,17,240,0,43
40,257,5,1.3,0.505291152639911,0.3,1,18,240,0,42
40,257,5,1.5,0.505291152639911,0.3,1,18,240,0,42
40,257,5,1.7,0.544986136114971,0.366666666666667,0.995833333333333,22,239,1,38
40,257,5,1.9,0.597849988482768,0.45,0.991666666666667,27,238,2,33
40,257,5,2.1,0.624191526502887,0.483333333333333,0.991666666666667,29,238,2,31
40,257,5,2.3,0.661616764013913,0.55,0.9875,33,237,3,27
40,257,5,2.5,0.649215294849641,0.566666666666667,0.979166666666667,34,235,5,26
40,257,5,2.7,0.676802040613538,0.633333333333333,0.970833333333333,38,233,7,22
40,257,5,2.9,0.655062167921653,0.683333333333333,0.945833333333333,41,227,13,19
40,257,6,0.1,0.260377821961648,0.0833333333333333,1,5,240,0,55
40,257,6,0.3,0.309132883937864,0.116666666666667,1,7,240,0,53
40,257,6,0.5,0.309132883937864,0.116666666666667,1,7,240,0,53
40,257,6,0.7,0.371390676354104,0.166666666666667,1,10,240,0,50
40,257,6,0.9,0.425657924852277,0.216666666666667,1,13,240,0,47
40,257,6,1.1,0.425657924852277,0.216666666666667,1,13,240,0,47
40,257,6,1.3,0.402988957541146,0.216666666666667,0.995833333333333,13,239,1,47
40,257,6,1.5,0.437625736458983,0.25,0.995833333333333,15,239,1,45
40,257,6,1.7,0.454143262287745,0.266666666666667,0.995833333333333,16,239,1,44
40,257,6,1.9,0.516042352765834,0.333333333333333,0.995833333333333,20,239,1,40
40,257,6,2.1,0.542720420239974,0.383333333333333,0.991666666666667,23,238,2,37
40,257,6,2.3,0.557308404849485,0.466666666666667,0.975,28,234,6,32
40,257,6,2.5,0.577397840587489,0.533333333333333,0.9625,32,231,9,28
40,257,6,2.7,0.600099198148979,0.6,0.95,36,228,12,24
40,257,6,2.9,0.607605335045849,0.633333333333333,0.941666666666667,38,226,14,22
40,257,7,0.1,0.226190476190476,0.0833333333333333,0.995833333333333,5,239,1,55
40,257,7,0.3,0.253930583234674,0.1,0.995833333333333,6,239,1,54
40,257,7,0.5,0.254024498762905,0.116666666666667,0.991666666666667,7,238,2,53
40,257,7,0.7,0.280670699693906,0.15,0.9875,9,237,3,51
40,257,7,0.9,0.32397151488602,0.183333333333333,0.9875,11,237,3,49
40,257,7,1.1,0.363451882821868,0.216666666666667,0.9875,13,237,3,47
40,257,7,1.3,0.382057030178579,0.233333333333333,0.9875,14,237,3,46
40,257,7,1.5,0.43429951810769,0.283333333333333,0.9875,17,237,3,43
40,257,7,1.7,0.497616602022778,0.35,0.9875,21,237,3,39
40,257,7,1.9,0.555555555555556,0.433333333333333,0.983333333333333,26,236,4,34
40,257,7,2.1,0.58468458215183,0.5,0.975,30,234,6,30
40,257,7,2.3,0.59965687539547,0.533333333333333,0.970833333333333,32,233,7,28
40,257,7,2.5,0.606788036412138,0.583333333333333,0.958333333333333,35,230,10,25
40,257,7,2.7,0.670820393249937,0.666666666666667,0.958333333333333,40,230,10,20
40,257,7,2.9,0.66259472940448,0.716666666666667,0.9375,43,225,15,17
40,257,8,0.1,0.232495277487639,0.0666666666666667,1,4,240,0,56
40,257,8,0.3,0.232495277487639,0.0666666666666667,1,4,240,0,56
40,257,8,0.5,0.260377821961648,0.0833333333333333,1,5,240,0,55
40,257,8,0.7,0.285714285714286,0.1,1,6,240,0,54
40,257,8,0.9,0.309132883937864,0.116666666666667,1,7,240,0,53
40,257,8,1.1,0.390191151806518,0.183333333333333,1,11,240,0,49
40,257,8,1.3,0.425657924852277,0.216666666666667,1,13,240,0,47
40,257,8,1.5,0.474712663277541,0.266666666666667,1,16,240,0,44
40,257,8,1.7,0.562624886216321,0.366666666666667,1,22,240,0,38
40,257,8,1.9,0.641688947919748,0.466666666666667,1,28,240,0,32
40,257,8,2.1,0.666666666666667,0.5,1,30,240,0,30
40,257,8,2.3,0.649856151635603,0.516666666666667,0.991666666666667,31,238,2,29
40,257,8,2.5,0.686406472983644,0.6,0.983333333333333,36,236,4,24
40,257,8,2.7,0.689224169261855,0.65,0.970833333333333,39,233,7,21
40,257,8,2.9,0.729793622850495,0.733333333333333,0.9625,44,231,9,16
40,257,9,0.1,0.163846384103808,0.0333333333333333,1,2,240,0,58
40,257,9,0.3,0.195283366471236,0.0666666666666667,0.995833333333333,4,239,1,56
40,257,9,0.5,0.226190476190476,0.0833333333333333,0.995833333333333,5,239,1,55
40,257,9,0.7,0.253930583234674,0.1,0.995833333333333,6,239,1,54
40,257,9,0.9,0.402988957541146,0.216666666666667,0.995833333333333,13,239,1,47
40,257,9,1.1,0.402988957541146,0.216666666666667,0.995833333333333,13,239,1,47
40,257,9,1.3,0.400538809640425,0.233333333333333,0.991666666666667,14,238,2,46
40,257,9,1.5,0.43429951810769,0.283333333333333,0.9875,17,237,3,43
40,257,9,1.7,0.418059627557131,0.283333333333333,0.983333333333333,17,236,4,43
40,257,9,1.9,0.438368933353363,0.333333333333333,0.975,20,234,6,40
40,257,9,2.1,0.45684763270853,0.366666666666667,0.970833333333333,22,233,7,38
40,257,9,2.3,0.487307419813658,0.4,0.970833333333333,24,233,7,36
40,257,9,2.5,0.475760826760042,0.45,0.95,27,228,12,33
40,257,9,2.7,0.546489312047197,0.533333333333333,0.95,32,228,12,28
40,257,9,2.9,0.554992755101873,0.6,0.929166666666667,36,223,17,24
40,257,10,0.1,0,0,1,0,240,0,60
40,257,10,0.3,0.115662986393248,0.0166666666666667,1,1,240,0,59
40,257,10,0.5,0.201007563051842,0.05,1,3,240,0,57
40,257,10,0.7,0.260377821961648,0.0833333333333333,1,5,240,0,55
40,257,10,0.9,0.302875363909617,0.133333333333333,0.995833333333333,8,239,1,52
40,257,10,1.1,0.278543007265578,0.133333333333333,0.991666666666667,8,238,2,52
40,257,10,1.3,0.301511344577764,0.15,0.991666666666667,9,238,2,51
40,257,10,1.5,0.32636495600331,0.2,0.983333333333333,12,236,4,48
40,257,10,1.7,0.367484207629584,0.25,0.979166666666667,15,235,5,45
40,257,10,1.9,0.405465379425967,0.3,0.975,18,234,6,42
40,257,10,2.1,0.388888888888889,0.333333333333333,0.958333333333333,20,230,10,40
40,257,10,2.3,0.420696947080079,0.4,0.945833333333333,24,227,13,36
40,257,10,2.5,0.499378164456921,0.5,0.941666666666667,30,226,14,30
40,257,10,2.7,0.572367483169877,0.6,0.9375,36,225,15,24
40,257,10,2.9,0.607526850805376,0.666666666666667,0.929166666666667,40,223,17,20
