"nFactors","items_per_factor","total_items","n_respondents","pct_careless","corProp","z_threshold","is_auto_z","auto_z_value","rep_id","mcc","sensitivity","specificity","tp","tn","fp","fn","mean_z_good","mean_z_careless"
4,3,12,100,0.05,0.03,0.7,FALSE,1.02102727220309,1,0.102966230775169,1,0.294736842105263,5,56,134,0,0.105000885122608,-0.0836426009737463
4,3,12,100,0.05,0.03,1.1,FALSE,1.02102727220309,2,0.0631881355308837,1,0.115789473684211,6,22,168,0,-0.224482764818327,-0.228957629265434
4,3,12,100,0.05,0.03,2.3,FALSE,1.02102727220309,3,0,1,0,7,0,190,0,-0.267262357361126,0.66066909590243
4,3,12,100,0.05,0.03,0.9,FALSE,1.02102727220309,4,0.0842927230423525,1,0.189473684210526,6,36,154,0,-0.075323100046683,0.0305654044136091
4,3,12,100,0.05,0.03,0.3,FALSE,1.02102727220309,5,0.106787212586198,1,0.273684210526316,6,52,138,0,-0.139718999869729,-0.65270675652299
4,3,12,100,0.05,0.03,0.3,FALSE,1.02102727220309,6,0.139357972986273,1,0.357894736842105,7,68,122,0,0.0797301881098592,-0.23794754078846
4,3,12,100,0.05,0.03,0.5,FALSE,1.02102727220309,7,0.0899842541331695,1,0.210526315789474,6,40,150,0,-0.15021093010886,-0.41901780446377
4,3,12,100,0.05,0.03,0.7,FALSE,1.02102727220309,8,0.121395395733377,1,0.368421052631579,5,70,120,0,0.394182449512544,-0.340009079707768
4,3,12,100,0.05,0.03,0.7,FALSE,1.02102727220309,9,0.109585106096275,1,0.284210526315789,6,54,136,0,0.139043158927041,-0.207907738654377
4,3,12,100,0.05,0.03,0.3,FALSE,1.02102727220309,10,0.150713905929225,1,0.431578947368421,6,82,108,0,0.2472273065626,-0.483808130871733
4,3,12,100,0.05,0.05,0.7,FALSE,1.02102727220309,1,0.0978231976089037,1,0.273684210526316,5,52,138,0,0.111327803714039,-0.128248754678163
4,3,12,100,0.05,0.05,1.3,FALSE,1.02102727220309,2,0.0529812942826018,1,0.0842105263157895,6,16,174,0,-0.195233700171944,-0.24137020746442
4,3,12,100,0.05,0.05,1.9,FALSE,1.02102727220309,3,0.0194388205992236,1,0.0105263157894737,7,2,188,0,-0.253778142088061,0.678929911256726
4,3,12,100,0.05,0.05,0.7,FALSE,1.02102727220309,4,0.0899842541331695,1,0.210526315789474,6,40,150,0,-0.0774768250003023,-0.000380986904228131
4,3,12,100,0.05,0.05,0.3,FALSE,1.02102727220309,5,0.112390297389803,1,0.294736842105263,6,56,134,0,-0.125448320018903,-0.645597676511174
4,3,12,100,0.05,0.05,0.1,FALSE,1.02102727220309,6,0.111850718283973,0.857142857142857,0.442105263157895,6,84,106,1,0.0561751962437277,-0.231877561709085
4,3,12,100,0.05,0.05,0.7,FALSE,1.02102727220309,7,0.0814105663405607,1,0.178947368421053,6,34,156,0,-0.175090489364255,-0.358942307953245
4,3,12,100,0.05,0.05,0.9,FALSE,1.02102727220309,8,0.118702754686493,1,0.357894736842105,5,68,122,0,0.403242226674697,-0.275755438489117
4,3,12,100,0.05,0.05,0.5,FALSE,1.02102727220309,9,0.132453235706504,1,0.368421052631579,6,70,120,0,0.13982849975066,-0.262946154139857
4,3,12,100,0.05,0.05,0.7,FALSE,1.02102727220309,10,0.123737644977949,1,0.336842105263158,6,64,126,0,0.240825786449019,-0.377994827074237
4,3,12,100,0.05,0.1,0.7,FALSE,1.02102727220309,1,0.102966230775169,1,0.294736842105263,5,56,134,0,0.101886830581943,-0.0684180044026127
4,3,12,100,0.05,0.1,1.9,FALSE,1.02102727220309,2,0.0315789473684211,1,0.0315789473684211,6,6,184,0,-0.185135666081292,-0.1309951353868
4,3,12,100,0.05,0.1,2.3,FALSE,1.02102727220309,3,0,1,0,7,0,190,0,-0.268471330174679,0.757611966178861
4,3,12,100,0.05,0.1,0.9,FALSE,1.02102727220309,4,0.087148934066119,1,0.2,6,38,152,0,-0.05449880411215,0.029871852399432
4,3,12,100,0.05,0.1,0.3,FALSE,1.02102727220309,5,0.112390297389803,1,0.294736842105263,6,56,134,0,-0.162386448089757,-0.59564106677012
4,3,12,100,0.05,0.1,0.3,FALSE,1.02102727220309,6,0.139357972986273,1,0.357894736842105,7,68,122,0,0.0377013911480761,-0.289514838627685
4,3,12,100,0.05,0.1,0.5,FALSE,1.02102727220309,7,0.0928032337334619,1,0.221052631578947,6,42,148,0,-0.186375408000228,-0.363098090830932
4,3,12,100,0.05,0.1,0.9,FALSE,1.02102727220309,8,0.108147614087175,1,0.315789473684211,5,60,130,0,0.391829625044495,-0.217434825888235
4,3,12,100,0.05,0.1,0.5,FALSE,1.02102727220309,9,0.135411088866885,1,0.378947368421053,6,72,118,0,0.171630819822114,-0.192136478994423
4,3,12,100,0.05,0.1,0.3,FALSE,1.02102727220309,10,0.153896752812773,1,0.442105263157895,6,84,106,0,0.220506798455936,-0.447889924315869
4,3,12,100,0.1,0.03,2.1,FALSE,1.02102727220309,1,0.039096197252722,1,0.0222222222222222,13,4,176,0,-0.06492597338044,0.0817576610878972
4,3,12,100,0.1,0.03,0.5,FALSE,1.02102727220309,2,0.0553918796122581,0.818181818181818,0.288888888888889,9,52,128,2,-0.0318210269622424,-0.0955607508253781
4,3,12,100,0.1,0.03,0.7,FALSE,1.02102727220309,3,0.0890542868032858,0.909090909090909,0.255555555555556,10,46,134,1,0.182901153744933,0.019693468276576
4,3,12,100,0.1,0.03,2.1,FALSE,1.02102727220309,4,0.0691969192088249,1,0.0666666666666667,13,12,168,0,0.0108587989871262,0.0946931425477453
4,3,12,100,0.1,0.03,0.9,FALSE,1.02102727220309,5,0.125561800583481,1,0.233333333333333,10,42,138,0,0.0949004376380721,-0.487428458144135
4,3,12,100,0.1,0.03,0.1,FALSE,1.02102727220309,6,0.0455591789071652,0.727272727272727,0.366666666666667,8,66,114,3,-0.102114772023989,-0.0306005800370325
4,3,12,100,0.1,0.03,2.5,FALSE,1.02102727220309,7,0.0264906471413009,1,0.0111111111111111,12,2,178,0,-0.0920279198652427,0.388144041589634
4,3,12,100,0.1,0.03,2.3,FALSE,1.02102727220309,8,0.0494166211107401,1,0.0444444444444444,10,8,172,0,-0.0862692698475108,-0.0876451272558351
4,3,12,100,0.1,0.03,0.1,FALSE,1.02102727220309,9,0.0225013583096699,0.636363636363636,0.411111111111111,7,74,106,4,0.162125073136608,0.235168570264248
4,3,12,100,0.1,0.03,0.5,FALSE,1.02102727220309,10,0.159216187112627,1,0.311111111111111,11,56,124,0,0.0922419920708074,-0.606264731853553
4,3,12,100,0.1,0.05,2.3,FALSE,1.02102727220309,1,0.0275000661060076,1,0.0111111111111111,13,2,178,0,-0.0756048484405825,0.133119135120925
4,3,12,100,0.1,0.05,1.7,FALSE,1.02102727220309,2,0.0581059762957035,1,0.0555555555555556,11,10,170,0,-0.0283632822826364,-0.1466277345381
4,3,12,100,0.1,0.05,0.5,FALSE,1.02102727220309,3,0.0995431850663792,0.818181818181818,0.388888888888889,9,70,110,2,0.197176440095351,0.102189222557233
4,3,12,100,0.1,0.05,1.9,FALSE,1.02102727220309,4,0.0807995201765818,1,0.0888888888888889,13,16,164,0,-0.00565933878371469,-0.00201745500897573
4,3,12,100,0.1,0.05,0.5,FALSE,1.02102727220309,5,0.115942934665861,0.9,0.344444444444444,9,62,118,1,0.123159776215513,-0.459694723852818
4,3,12,100,0.1,0.05,0.1,FALSE,1.02102727220309,6,0.0404355178105394,0.727272727272727,0.355555555555556,8,64,116,3,-0.113600864948468,-0.046260428956047
4,3,12,100,0.1,0.05,2.1,FALSE,1.02102727220309,7,0.0463738895760168,1,0.0333333333333333,12,6,174,0,-0.0876800819277445,0.331111784761794
4,3,12,100,0.1,0.05,2.3,FALSE,1.02102727220309,8,0.0494166211107401,1,0.0444444444444444,10,8,172,0,-0.0980748203385496,-0.0812634895711701
4,3,12,100,0.1,0.05,0.1,FALSE,1.02102727220309,9,0.00679807117526492,0.636363636363636,0.377777777777778,7,68,112,4,0.149042783807697,0.302421759663565
4,3,12,100,0.1,0.05,0.3,FALSE,1.02102727220309,10,0.200963861004788,1,0.422222222222222,11,76,104,0,0.113903667786907,-0.637912198417238
4,3,12,100,0.1,0.1,2.1,FALSE,1.02102727220309,1,0.0275000661060076,1,0.0111111111111111,13,2,178,0,-0.0790604861941362,0.0925434010091537
4,3,12,100,0.1,0.1,0.3,FALSE,1.02102727220309,2,0.0704694574379091,0.818181818181818,0.322222222222222,9,58,122,2,-0.0635310712960666,-0.122176132312642
4,3,12,100,0.1,0.1,0.5,FALSE,1.02102727220309,3,0.0995431850663792,0.818181818181818,0.388888888888889,9,70,110,2,0.213430374025111,0.0443577524299069
4,3,12,100,0.1,0.1,1.9,FALSE,1.02102727220309,4,0.0691969192088249,1,0.0666666666666667,13,12,168,0,-0.031848084134163,0.0183056779964374
4,3,12,100,0.1,0.1,1.1,FALSE,1.02102727220309,5,0.125561800583481,1,0.233333333333333,10,42,138,0,0.135968827871569,-0.531177250835605
4,3,12,100,0.1,0.1,1.9,FALSE,1.02102727220309,6,0.0445194562183994,1,0.0333333333333333,11,6,174,0,-0.122906309770889,-0.0753275091460725
4,3,12,100,0.1,0.1,2.5,FALSE,1.02102727220309,7,0,1,0,12,0,180,0,-0.108262186249333,0.349795550916783
4,3,12,100,0.1,0.1,0.3,FALSE,1.02102727220309,8,0.0587136563951986,0.8,0.322222222222222,8,58,122,2,-0.0845288837544337,-0.122765592546964
4,3,12,100,0.1,0.1,1.5,FALSE,1.02102727220309,9,0.0150450379703621,0.909090909090909,0.111111111111111,10,20,160,1,0.11801219905419,0.244658626235428
4,3,12,100,0.1,0.1,0.1,FALSE,1.02102727220309,10,0.190823443039859,0.909090909090909,0.5,10,90,90,1,0.0988113274780928,-0.621202236464917
4,3,12,100,0.25,0.03,0.7,FALSE,1.02102727220309,1,0.0708432803590822,0.838709677419355,0.24,26,36,114,5,-0.0896565879134968,0.0238944349043145
4,3,12,100,0.25,0.03,1.5,FALSE,1.02102727220309,2,0.128078258904626,1,0.0933333333333333,29,14,136,0,-0.0142509604578601,-0.296199269818341
4,3,12,100,0.25,0.03,0.1,FALSE,1.02102727220309,3,0.0825285511248261,0.758620689655172,0.346666666666667,22,52,98,7,-0.0975920820316742,-0.348299547870117
4,3,12,100,0.25,0.03,0.9,FALSE,1.02102727220309,4,0.12651737571713,0.966666666666667,0.146666666666667,29,22,128,1,-0.196064617268755,-0.209111782318106
4,3,12,100,0.25,0.03,0.3,FALSE,1.02102727220309,5,0.0999243655580033,0.827586206896552,0.293333333333333,24,44,106,5,-0.240997807419408,-0.286420899337628
4,3,12,100,0.25,0.03,0.3,FALSE,1.02102727220309,6,0.0627898275449027,0.758620689655172,0.32,22,48,102,7,-0.0781639017589916,0.0381023911309317
4,3,12,100,0.25,0.03,0.5,FALSE,1.02102727220309,7,0.234437708061308,0.866666666666667,0.44,26,66,84,4,0.266252220559087,-0.124794385184319
4,3,12,100,0.25,0.03,2.1,FALSE,1.02102727220309,8,0.08304547985374,1,0.04,30,6,144,0,-0.104425013405873,-0.00696749810422373
4,3,12,100,0.25,0.03,1.1,FALSE,1.02102727220309,9,0.169942330905609,0.96551724137931,0.213333333333333,28,32,118,1,0.0208903357888618,-0.252795503794825
4,3,12,100,0.25,0.03,0.3,FALSE,1.02102727220309,10,0.135941324621134,0.8,0.373333333333333,24,56,94,6,-0.135577967985482,-0.220258217610751
4,3,12,100,0.25,0.05,0.5,FALSE,1.02102727220309,1,0.0918531157317619,0.838709677419355,0.266666666666667,26,40,110,5,-0.0988487892627974,-0.0178397921455085
4,3,12,100,0.25,0.05,1.3,FALSE,1.02102727220309,2,0.137758865821676,1,0.106666666666667,29,16,134,0,-0.0575396061870212,-0.321683451030034
4,3,12,100,0.25,0.05,0.1,FALSE,1.02102727220309,3,0.101804738940507,0.758620689655172,0.373333333333333,22,56,94,7,-0.0480843708744407,-0.30671054552546
4,3,12,100,0.25,0.05,1.1,FALSE,1.02102727220309,4,0.0632455532033676,0.933333333333333,0.12,28,18,132,2,-0.177577228296569,-0.175507343190668
4,3,12,100,0.25,0.05,0.5,FALSE,1.02102727220309,5,0.121883662282888,0.896551724137931,0.24,26,36,114,3,-0.268014521181353,-0.275013047545245
4,3,12,100,0.25,0.05,0.3,FALSE,1.02102727220309,6,0.11004042748191,0.793103448275862,0.346666666666667,23,52,98,6,-0.0850794798219761,0.0501871834005696
4,3,12,100,0.25,0.05,0.7,FALSE,1.02102727220309,7,0.190784569718799,0.9,0.333333333333333,27,50,100,3,0.255705816322228,-0.169007087142822
4,3,12,100,0.25,0.05,1.9,FALSE,1.02102727220309,8,0.108465228909328,1,0.0666666666666667,30,10,140,0,-0.10497839796794,0.00839645712319675
4,3,12,100,0.25,0.05,1.1,FALSE,1.02102727220309,9,0.152183908045977,0.96551724137931,0.186666666666667,28,28,122,1,0.0597242179309436,-0.26222309699156
4,3,12,100,0.25,0.05,0.3,FALSE,1.02102727220309,10,0.116961725463033,0.8,0.346666666666667,24,52,98,6,-0.157400447128177,-0.241065816127969
4,3,12,100,0.25,0.1,0.5,FALSE,1.02102727220309,1,0.0918531157317619,0.838709677419355,0.266666666666667,26,40,110,5,-0.077029188458539,-0.0074602503518476
4,3,12,100,0.25,0.1,1.3,FALSE,1.02102727220309,2,0.155944407661584,1,0.133333333333333,29,20,130,0,-0.0249736416188777,-0.331590275380801
4,3,12,100,0.25,0.1,0.1,FALSE,1.02102727220309,3,0.101804738940507,0.758620689655172,0.373333333333333,22,56,94,7,-0.0387325665447965,-0.340921879725807
4,3,12,100,0.25,0.1,1.1,FALSE,1.02102727220309,4,0.116090865053143,0.966666666666667,0.133333333333333,29,20,130,1,-0.166986681313953,-0.20204031200612
4,3,12,100,0.25,0.1,0.3,FALSE,1.02102727220309,5,0.0999243655580033,0.827586206896552,0.293333333333333,24,44,106,5,-0.277393617943304,-0.280683338604111
4,3,12,100,0.25,0.1,0.3,FALSE,1.02102727220309,6,0.0907963913067557,0.793103448275862,0.32,23,48,102,6,-0.0712470149594541,0.0454016836584718
4,3,12,100,0.25,0.1,0.3,FALSE,1.02102727220309,7,0.201210909146383,0.8,0.466666666666667,24,70,80,6,0.263897746155572,-0.161925807196372
4,3,12,100,0.25,0.1,2.1,FALSE,1.02102727220309,8,0.08304547985374,1,0.04,30,6,144,0,-0.122162308051329,0.00903470309500791
4,3,12,100,0.25,0.1,0.9,FALSE,1.02102727220309,9,0.0902819531207123,0.862068965517241,0.24,25,36,114,4,0.0574093359417712,-0.241938575293563
4,3,12,100,0.25,0.1,0.5,FALSE,1.02102727220309,10,0.125372717243782,0.833333333333333,0.32,25,48,102,5,-0.103097900530447,-0.228749861511481
4,3,12,300,0.05,0.03,1.3,FALSE,1.02102727220309,1,0.0715369619519675,1,0.143859649122807,18,82,488,0,0.0656644250711913,-0.338036240047665
4,3,12,300,0.05,0.03,0.1,FALSE,1.02102727220309,2,0.0811904885883943,0.833333333333333,0.396491228070175,15,226,344,3,-0.0271665011488352,-0.361330182107103
4,3,12,300,0.05,0.03,0.9,FALSE,1.02102727220309,3,0.0974763057447748,1,0.23859649122807,18,136,434,0,0.2191912138566,-0.515449127358017
4,3,12,300,0.05,0.03,1.1,FALSE,1.02102727220309,4,0.0712721273088393,0.941176470588235,0.23859649122807,16,136,434,1,0.266457235754709,-0.115842272434124
4,3,12,300,0.05,0.03,0.1,FALSE,1.02102727220309,5,0.0557045668637345,0.882352941176471,0.263157894736842,15,150,420,2,-0.328178770167349,-0.722979430401207
4,3,12,300,0.05,0.03,0.1,FALSE,1.02102727220309,6,0.0823266608988607,0.882352941176471,0.350877192982456,15,200,370,2,-0.100195464545637,-0.496629298290907
4,3,12,300,0.05,0.03,1.1,FALSE,1.02102727220309,7,0.0471106988968157,0.941176470588235,0.16140350877193,16,92,478,1,-0.00482112103160177,0.10302288272024
4,3,12,300,0.05,0.03,0.1,FALSE,1.02102727220309,8,0.0557926660022695,0.777777777777778,0.378947368421053,14,216,354,4,-0.0246999670387762,-0.22402381568002
4,3,12,300,0.05,0.03,0.5,FALSE,1.02102727220309,9,0.018634967991127,0.777777777777778,0.270175438596491,14,154,416,4,-0.0167751253260626,0.0226397104120441
4,3,12,300,0.05,0.03,1.3,FALSE,1.02102727220309,10,0.0828885281632464,0.944444444444444,0.266666666666667,17,152,418,1,0.487679723396223,0.0560887165557429
4,3,12,300,0.05,0.05,1.3,FALSE,1.02102727220309,1,0.0715369619519675,1,0.143859649122807,18,82,488,0,0.0684414164977555,-0.315063844930903
4,3,12,300,0.05,0.05,0.1,FALSE,1.02102727220309,2,0.0778592066195656,0.833333333333333,0.385964912280702,15,220,350,3,-0.0446739986280406,-0.327681151362523
4,3,12,300,0.05,0.05,0.9,FALSE,1.02102727220309,3,0.0984083864633284,1,0.242105263157895,18,138,432,0,0.217331922236845,-0.500005096538453
4,3,12,300,0.05,0.05,0.9,FALSE,1.02102727220309,4,0.0733229113478365,0.941176470588235,0.245614035087719,16,140,430,1,0.246964211541477,-0.0771755762794964
4,3,12,300,0.05,0.05,0.1,FALSE,1.02102727220309,5,0.0319110750237026,0.823529411764706,0.259649122807018,14,148,422,3,-0.341243001049413,-0.63713065523125
4,3,12,300,0.05,0.05,0.1,FALSE,1.02102727220309,6,0.0791905095518759,0.882352941176471,0.340350877192982,15,194,376,2,-0.110094979828208,-0.460330832368392
4,3,12,300,0.05,0.05,1.3,FALSE,1.02102727220309,7,0.0255207148857461,0.941176470588235,0.105263157894737,16,60,510,1,-0.00112567090089896,0.130357307771357
4,3,12,300,0.05,0.05,0.1,FALSE,1.02102727220309,8,0.0546449147137895,0.777777777777778,0.375438596491228,14,214,356,4,-0.0347280623659079,-0.251679323463471
4,3,12,300,0.05,0.05,0.3,FALSE,1.02102727220309,9,0.0418853908291696,0.777777777777778,0.336842105263158,14,192,378,4,-0.0229665100809355,0.0432225170427182
4,3,12,300,0.05,0.05,0.7,FALSE,1.02102727220309,10,0.0756395531499939,0.833333333333333,0.378947368421053,15,216,354,3,0.447531862274647,0.0378365615324434
4,3,12,300,0.05,0.1,1.3,FALSE,1.02102727220309,1,0.0705199445384361,1,0.140350877192982,18,80,490,0,0.0683524758769855,-0.368945586522358
4,3,12,300,0.05,0.1,0.1,FALSE,1.02102727220309,2,0.0811904885883943,0.833333333333333,0.396491228070175,15,226,344,3,-0.031644622060921,-0.337518226832142
4,3,12,300,0.05,0.1,0.5,FALSE,1.02102727220309,3,0.120876609617217,1,0.326315789473684,18,186,384,0,0.232286385353052,-0.598029416777788
4,3,12,300,0.05,0.1,0.7,FALSE,1.02102727220309,4,0.0707858322751222,0.882352941176471,0.312280701754386,15,178,392,2,0.251195956041154,-0.116572676041482
4,3,12,300,0.05,0.1,0.3,FALSE,1.02102727220309,5,0.0395989481058061,0.882352941176471,0.214035087719298,15,122,448,2,-0.325365150783839,-0.632153886524588
4,3,12,300,0.05,0.1,0.1,FALSE,1.02102727220309,6,0.0854607563832538,0.882352941176471,0.36140350877193,15,206,364,2,-0.109739312061926,-0.48763611913863
4,3,12,300,0.05,0.1,1.3,FALSE,1.02102727220309,7,0.0285677437352744,0.941176470588235,0.112280701754386,16,64,506,1,-0.00957704328713478,0.0978089199688881
4,3,12,300,0.05,0.1,0.1,FALSE,1.02102727220309,8,0.0569391661624631,0.777777777777778,0.382456140350877,14,218,352,4,-0.022944709425875,-0.161875097165864
4,3,12,300,0.05,0.1,0.3,FALSE,1.02102727220309,9,0.0383423948985448,0.777777777777778,0.326315789473684,14,186,384,4,-0.0204665083407303,-0.0235431797945643
4,3,12,300,0.05,0.1,1.1,FALSE,1.02102727220309,10,0.0879966340194412,0.944444444444444,0.284210526315789,17,162,408,1,0.463736127841813,0.0683537861743257
4,3,12,300,0.1,0.03,0.9,FALSE,1.02102727220309,1,0.0749967073449434,0.972222222222222,0.12962962962963,35,70,470,1,-0.230564397173079,-0.523683539424663
4,3,12,300,0.1,0.03,2.5,FALSE,1.02102727220309,2,0.0261430729193728,1,0.0111111111111111,35,6,534,0,-0.0675940887832154,-0.0384403584307204
4,3,12,300,0.1,0.03,2.7,FALSE,1.02102727220309,3,0.0476763164883528,1,0.037037037037037,34,20,520,0,0.248569115472625,0.231642888793611
4,3,12,300,0.1,0.03,1.7,FALSE,1.02102727220309,4,0.0457662993826911,1,0.0333333333333333,35,18,522,0,-0.267921662407956,-0.108279460042052
4,3,12,300,0.1,0.03,0.3,FALSE,1.02102727220309,5,0.124559858931275,0.823529411764706,0.437037037037037,28,236,304,6,0.26021837342149,-0.222894328478887
4,3,12,300,0.1,0.03,0.3,FALSE,1.02102727220309,6,0.135931811956759,0.833333333333333,0.444444444444444,30,240,300,6,0.326836119058519,-0.195751530168905
4,3,12,300,0.1,0.03,0.9,FALSE,1.02102727220309,7,0.0800018038864677,0.885714285714286,0.259259259259259,31,140,400,4,0.23491024115954,-0.117777704971858
4,3,12,300,0.1,0.03,1.9,FALSE,1.02102727220309,8,0.034319911152729,1,0.0185185185185185,36,10,530,0,-0.236605233585372,-0.0738731937225662
4,3,12,300,0.1,0.03,0.3,FALSE,1.02102727220309,9,0.0844071095191044,0.828571428571429,0.337037037037037,29,182,358,6,-0.0343857046723045,-0.346713478386493
4,3,12,300,0.1,0.03,0.9,FALSE,1.02102727220309,10,0.0792163580784756,0.861111111111111,0.285185185185185,31,154,386,5,0.341031660301126,-0.0114083783305685
4,3,12,300,0.1,0.05,0.5,FALSE,1.02102727220309,1,0.0955166492888414,0.944444444444444,0.214814814814815,34,116,424,2,-0.225543557096186,-0.478185879914948
4,3,12,300,0.1,0.05,2.3,FALSE,1.02102727220309,2,0.0430716222803637,1,0.0296296296296296,35,16,524,0,-0.0706366145689419,-0.0574548884622229
4,3,12,300,0.1,0.05,2.5,FALSE,1.02102727220309,3,0.062962962962963,1,0.062962962962963,34,34,506,0,0.237447693058306,0.244470518367056
4,3,12,300,0.1,0.05,1.5,FALSE,1.02102727220309,4,0.0507792073095238,1,0.0407407407407407,35,22,518,0,-0.253573954110373,-0.117902578064701
4,3,12,300,0.1,0.05,0.5,FALSE,1.02102727220309,5,0.116879798410485,0.882352941176471,0.351851851851852,30,190,350,4,0.268340745766211,-0.279090660335794
4,3,12,300,0.1,0.05,0.5,FALSE,1.02102727220309,6,0.120264626151032,0.861111111111111,0.377777777777778,31,204,336,5,0.311755784419148,-0.168811548760726
4,3,12,300,0.1,0.05,1.1,FALSE,1.02102727220309,7,0.0812743881003217,0.914285714285714,0.225925925925926,32,122,418,3,0.236988929559101,-0.147872025403298
4,3,12,300,0.1,0.05,1.9,FALSE,1.02102727220309,8,0.0407521222584131,1,0.0259259259259259,36,14,526,0,-0.243111770854328,-0.0263039190991882
4,3,12,300,0.1,0.05,0.3,FALSE,1.02102727220309,9,0.126402998509687,0.885714285714286,0.366666666666667,31,198,342,4,-0.0306426642880379,-0.329955556017347
4,3,12,300,0.1,0.05,0.9,FALSE,1.02102727220309,10,0.0842772610951094,0.861111111111111,0.296296296296296,31,160,380,5,0.322684111523949,0.00940701185037661
4,3,12,300,0.1,0.1,0.5,FALSE,1.02102727220309,1,0.117040587045244,0.972222222222222,0.225925925925926,35,122,418,1,-0.232157437923505,-0.522047987901303
4,3,12,300,0.1,0.1,2.3,FALSE,1.02102727220309,2,0.0430716222803637,1,0.0296296296296296,35,16,524,0,-0.0689309108489179,-0.0536347811430188
4,3,12,300,0.1,0.1,2.7,FALSE,1.02102727220309,3,0.0500938464426763,1,0.0407407407407407,34,22,518,0,0.233774647218234,0.215913465324096
4,3,12,300,0.1,0.1,1.5,FALSE,1.02102727220309,4,0.0507792073095238,1,0.0407407407407407,35,22,518,0,-0.267954735602104,-0.142396547170619
4,3,12,300,0.1,0.1,0.1,FALSE,1.02102727220309,5,0.140662735129104,0.794117647058823,0.503703703703704,27,272,268,7,0.272755307904224,-0.270891223777251
4,3,12,300,0.1,0.1,0.5,FALSE,1.02102727220309,6,0.128051408116301,0.888888888888889,0.362962962962963,32,196,344,4,0.322384836264841,-0.212737556722305
4,3,12,300,0.1,0.1,0.9,FALSE,1.02102727220309,7,0.100761956381492,0.914285714285714,0.27037037037037,32,146,394,3,0.233824533189827,-0.145537841854089
4,3,12,300,0.1,0.1,1.7,FALSE,1.02102727220309,8,0.0436435780471985,1,0.0296296296296296,36,16,524,0,-0.24615387648017,-0.0456049170131134
4,3,12,300,0.1,0.1,0.1,FALSE,1.02102727220309,9,0.0852788141801829,0.742857142857143,0.433333333333333,26,234,306,9,-0.0355557416725498,-0.300756088789186
4,3,12,300,0.1,0.1,0.7,FALSE,1.02102727220309,10,0.0752201878011552,0.805555555555556,0.340740740740741,29,184,356,7,0.316738706272401,-0.0273128957997106
4,3,12,300,0.25,0.03,1.5,FALSE,1.02102727220309,1,0.083301722761613,0.988636363636364,0.0622222222222222,87,28,422,1,-0.211871777896893,-0.352841006429752
4,3,12,300,0.25,0.03,2.1,FALSE,1.02102727220309,2,0.0722825480422786,1,0.0311111111111111,88,14,436,0,-0.117196557734329,-0.242654285983361
4,3,12,300,0.25,0.03,0.3,FALSE,1.02102727220309,3,0.0457080144868635,0.681818181818182,0.377777777777778,60,170,280,28,-0.027138788594272,0.0319697628211773
4,3,12,300,0.25,0.03,1.3,FALSE,1.02102727220309,4,0.0723192312171645,0.954545454545455,0.102222222222222,84,46,404,4,-0.0713876627996546,-0.0902132890016171
4,3,12,300,0.25,0.03,2.5,FALSE,1.02102727220309,5,0.0368615593643915,0.988636363636364,0.0266666666666667,87,12,438,1,-0.0461354283534979,0.112300876877121
4,3,12,300,0.25,0.03,0.1,FALSE,1.02102727220309,6,0.0805614919020119,0.693181818181818,0.413333333333333,61,186,264,27,-0.0108528496534349,-0.181034570257265
4,3,12,300,0.25,0.03,1.3,FALSE,1.02102727220309,7,0.0478333750342461,0.943181818181818,0.0933333333333333,83,42,408,5,-0.223613404194613,-0.0768268563363512
4,3,12,300,0.25,0.03,2.1,FALSE,1.02102727220309,8,0.0608580619450185,1,0.0222222222222222,88,10,440,0,-0.2381422099003,-0.206276853778199
4,3,12,300,0.25,0.03,1.9,FALSE,1.02102727220309,9,0.169262781829275,0.988636363636364,0.173333333333333,87,78,372,1,0.478273113878111,-0.195177484774264
4,3,12,300,0.25,0.03,0.7,FALSE,1.02102727220309,10,0.0679406212823686,0.840909090909091,0.235555555555556,74,106,344,14,-0.0324326848711707,0.0253454729049028
4,3,12,300,0.25,0.05,1.5,FALSE,1.02102727220309,1,0.0631784233669539,0.988636363636364,0.0444444444444444,87,20,430,1,-0.225129701131481,-0.360127917631854
4,3,12,300,0.25,0.05,2.1,FALSE,1.02102727220309,2,0.0543303043489533,1,0.0177777777777778,88,8,442,0,-0.116085825374255,-0.209202054580824
4,3,12,300,0.25,0.05,0.5,FALSE,1.02102727220309,3,0.0167976522126592,0.727272727272727,0.293333333333333,64,132,318,24,-0.0337054210141717,0.0391966998078861
4,3,12,300,0.25,0.05,1.7,FALSE,1.02102727220309,4,0.083301722761613,0.988636363636364,0.0622222222222222,87,28,422,1,-0.0599091765479543,-0.0946806723926281
4,3,12,300,0.25,0.05,2.5,FALSE,1.02102727220309,5,0.0469628979563778,1,0.0133333333333333,88,6,444,0,-0.0904590068001983,0.106844912038532
4,3,12,300,0.25,0.05,0.5,FALSE,1.02102727220309,6,0.0671257787879175,0.784090909090909,0.297777777777778,69,134,316,19,-0.00947616467948427,-0.2141352590958
4,3,12,300,0.25,0.05,1.3,FALSE,1.02102727220309,7,0.0487072754899276,0.954545454545455,0.08,84,36,414,4,-0.25111907550552,-0.103439255909808
4,3,12,300,0.25,0.05,2.3,FALSE,1.02102727220309,8,0.0469628979563778,1,0.0133333333333333,88,6,444,0,-0.252056481118213,-0.201409783104984
4,3,12,300,0.25,0.05,1.3,FALSE,1.02102727220309,9,0.177237195859453,0.954545454545455,0.24,84,108,342,4,0.493692311080169,-0.212843450824789
4,3,12,300,0.25,0.05,0.9,FALSE,1.02102727220309,10,0.0940717867089239,0.909090909090909,0.186666666666667,80,84,366,8,-0.015067531718784,0.0306879933589641
4,3,12,300,0.25,0.1,1.3,FALSE,1.02102727220309,1,0.0782007608052824,0.977272727272727,0.0755555555555556,86,34,416,2,-0.212936123826041,-0.36021358675566
4,3,12,300,0.25,0.1,2.1,FALSE,1.02102727220309,2,0.0543303043489533,1,0.0177777777777778,88,8,442,0,-0.118413145455734,-0.23447325936008
4,3,12,300,0.25,0.1,0.7,FALSE,1.02102727220309,3,0.0110556945224949,0.772727272727273,0.24,68,108,342,20,-0.0287278310697933,0.0388758326017024
4,3,12,300,0.25,0.1,1.3,FALSE,1.02102727220309,4,0.0618715151261657,0.943181818181818,0.106666666666667,83,48,402,5,-0.0816654719274883,-0.106898834993951
4,3,12,300,0.25,0.1,2.7,FALSE,1.02102727220309,5,0.0543303043489533,1,0.0177777777777778,88,8,442,0,-0.0680044512237479,0.11839166686164
4,3,12,300,0.25,0.1,0.1,FALSE,1.02102727220309,6,0.0850578328620051,0.715909090909091,0.395555555555556,63,178,272,25,-0.0165187671390847,-0.223790309371995
4,3,12,300,0.25,0.1,2.1,FALSE,1.02102727220309,7,0.0543303043489533,1,0.0177777777777778,88,8,442,0,-0.238537887037844,-0.0682618305965803
4,3,12,300,0.25,0.1,2.1,FALSE,1.02102727220309,8,0.0469628979563778,1,0.0133333333333333,88,6,444,0,-0.24069075083777,-0.186912832595042
4,3,12,300,0.25,0.1,2.1,FALSE,1.02102727220309,9,0.163473443843107,0.988636363636364,0.164444444444444,87,74,376,1,0.473376894498149,-0.206027952977718
4,3,12,300,0.25,0.1,1.5,FALSE,1.02102727220309,10,0.0701952036400794,0.965909090909091,0.0844444444444444,85,38,412,3,-0.00537690454106565,0.0283008890973699
4,3,12,500,0.05,0.03,1.9,FALSE,1.02102727220309,1,0.0352577334697447,1,0.0378947368421053,31,36,914,0,-0.152977315296773,0.152183763028954
4,3,12,500,0.05,0.03,1.5,FALSE,1.02102727220309,2,0.0377762087851205,0.96551724137931,0.101052631578947,28,96,854,1,-0.0531455844226559,-0.0835946958271577
4,3,12,500,0.05,0.03,1.9,FALSE,1.02102727220309,3,0.0437478639259807,1,0.0589473684210526,30,56,894,0,0.0168634501019698,-0.0623974389750225
4,3,12,500,0.05,0.03,1.7,FALSE,1.02102727220309,4,0.0461840230915375,1,0.0694736842105263,28,66,884,0,-0.0443723125544268,-0.154833584656163
4,3,12,500,0.05,0.03,1.9,FALSE,1.02102727220309,5,0.0742188067295321,1,0.162105263157895,28,154,796,0,0.462689995284467,-0.00921413053067685
4,3,12,500,0.05,0.03,1.9,FALSE,1.02102727220309,6,0.0429131318779614,1,0.0568421052631579,30,54,896,0,0.00329287872636469,-0.0067555687892092
4,3,12,500,0.05,0.03,0.1,FALSE,1.02102727220309,7,0.0257717158355763,0.642857142857143,0.433684210526316,18,412,538,10,0.0121257199969917,0.00842534458837289
4,3,12,500,0.05,0.03,0.3,FALSE,1.02102727220309,8,0.0693687975619296,0.857142857142857,0.338947368421053,24,322,628,4,-0.0580622597524615,-0.202390985039406
4,3,12,500,0.05,0.03,1.7,FALSE,1.02102727220309,9,0.043598952700102,1,0.0568421052631579,31,54,896,0,-0.0419989252728593,0.0463917458203029
4,3,12,500,0.05,0.03,0.7,FALSE,1.02102727220309,10,0.0501902403227815,0.966666666666667,0.130526315789474,29,124,826,1,-0.257071979817418,-0.249481426415248
4,3,12,500,0.05,0.05,2.1,FALSE,1.02102727220309,1,0.0217355095084446,1,0.0147368421052632,31,14,936,0,-0.143815708386365,0.186222247340407
4,3,12,500,0.05,0.05,2.1,FALSE,1.02102727220309,2,0.0331406292762769,1,0.0357894736842105,29,34,916,0,-0.0964836428634845,-0.0371571315016341
4,3,12,500,0.05,0.05,1.3,FALSE,1.02102727220309,3,0.0448202272976016,0.966666666666667,0.115789473684211,29,110,840,1,0.0155307336793423,-0.0758874783026727
4,3,12,500,0.05,0.05,1.5,FALSE,1.02102727220309,4,0.0512417600181469,1,0.0842105263157895,28,80,870,0,-0.0422029929485277,-0.15466374270695
4,3,12,500,0.05,0.05,2.3,FALSE,1.02102727220309,5,0.0585821418145652,1,0.107368421052632,28,102,848,0,0.498432508094565,0.0869109648027269
4,3,12,500,0.05,0.05,1.9,FALSE,1.02102727220309,6,0.0403284459836374,1,0.0505263157894737,30,48,902,0,0.00276421285685714,0.03183810007802
4,3,12,500,0.05,0.05,0.1,FALSE,1.02102727220309,7,0.0236876092580382,0.642857142857143,0.427368421052632,18,406,544,10,0.0122184556320433,-0.041480743206593
4,3,12,500,0.05,0.05,0.1,FALSE,1.02102727220309,8,0.0574066087892627,0.785714285714286,0.381052631578947,22,362,588,6,-0.0776993686738564,-0.173461849838347
4,3,12,500,0.05,0.05,1.5,FALSE,1.02102727220309,9,0.0500736069213725,1,0.0736842105263158,31,70,880,0,-0.0579012498117759,0.00756502024324627
4,3,12,500,0.05,0.05,0.9,FALSE,1.02102727220309,10,0.0558158745161774,1,0.0926315789473684,30,88,862,0,-0.250846792883071,-0.308280142666507
4,3,12,500,0.05,0.1,2.1,FALSE,1.02102727220309,1,0.0286067615688584,1,0.0252631578947368,31,24,926,0,-0.138242193678348,0.16424256469349
4,3,12,500,0.05,0.1,1.1,FALSE,1.02102727220309,2,0.0516914822845708,0.96551724137931,0.138947368421053,28,132,818,1,-0.0549253630949271,-0.0775679596892559
4,3,12,500,0.05,0.1,1.3,FALSE,1.02102727220309,3,0.0501902403227815,0.966666666666667,0.130526315789474,29,124,826,1,0.0066865696044119,-0.0888011322513767
4,3,12,500,0.05,0.1,1.5,FALSE,1.02102727220309,4,0.0539838116655325,1,0.0926315789473684,28,88,862,0,-0.0524205749005272,-0.167660569304018
4,3,12,500,0.05,0.1,1.5,FALSE,1.02102727220309,5,0.0781003227115391,0.964285714285714,0.231578947368421,27,220,730,1,0.456634151744988,0.0914024828325913
4,3,12,500,0.05,0.1,1.9,FALSE,1.02102727220309,6,0.0437478639259807,1,0.0589473684210526,30,56,894,0,0.0122226621707628,0.00937716305653114
4,3,12,500,0.05,0.1,0.1,FALSE,1.02102727220309,7,0.0257717158355763,0.642857142857143,0.433684210526316,18,412,538,10,0.0135276801577099,-0.0389626453640288
4,3,12,500,0.05,0.1,0.3,FALSE,1.02102727220309,8,0.0635992074791874,0.857142857142857,0.32,24,304,646,4,-0.0531998781103389,-0.196823519858409
4,3,12,500,0.05,0.1,1.5,FALSE,1.02102727220309,9,0.0515978090065132,1,0.0778947368421053,31,74,876,0,-0.0364992440937993,0.0116248177233853
4,3,12,500,0.05,0.1,0.5,FALSE,1.02102727220309,10,0.0673889175532651,0.966666666666667,0.183157894736842,29,174,776,1,-0.254979547148907,-0.262644645933574
4,3,12,500,0.1,0.03,0.3,FALSE,1.02102727220309,1,0.107889361734813,0.830508474576271,0.386666666666667,49,348,552,10,0.172510131144191,-0.191457567535787
4,3,12,500,0.1,0.03,2.5,FALSE,1.02102727220309,2,0.0574709370387627,1,0.0511111111111111,59,46,854,0,0.0955229195070061,0.0688229115864964
4,3,12,500,0.1,0.03,2.1,FALSE,1.02102727220309,3,0.0486963281093387,1,0.0377777777777778,58,34,866,0,-0.076933558303395,-0.150040345161965
4,3,12,500,0.1,0.03,0.1,FALSE,1.02102727220309,4,0.021518303841341,0.672413793103448,0.371111111111111,39,334,566,19,-0.0416315246226318,-0.0948741834285356
4,3,12,500,0.1,0.03,1.9,FALSE,1.02102727220309,5,0.0486963281093387,1,0.0377777777777778,58,34,866,0,-0.0148329082253988,-0.0403504488542297
4,3,12,500,0.1,0.03,1.9,FALSE,1.02102727220309,6,0.0489500996766541,0.983050847457627,0.0666666666666667,58,60,840,1,-0.00148340863068223,-0.222914362709275
4,3,12,500,0.1,0.03,1.5,FALSE,1.02102727220309,7,0.0649990384153863,0.982758620689655,0.0955555555555556,57,86,814,1,-0.0787296290265912,0.0233770011968595
4,3,12,500,0.1,0.03,1.7,FALSE,1.02102727220309,8,0.0718084690113123,0.96551724137931,0.135555555555556,56,122,778,2,0.233002982645773,0.0701365636390349
4,3,12,500,0.1,0.03,2.7,FALSE,1.02102727220309,9,0.0529909123809441,1,0.0444444444444444,58,40,860,0,0.0785015867531332,0.0898401667661196
4,3,12,500,0.1,0.03,0.9,FALSE,1.02102727220309,10,0.0604952583738885,0.88135593220339,0.222222222222222,52,200,700,7,0.0977756520207758,-0.0400008501757384
4,3,12,500,0.1,0.05,0.5,FALSE,1.02102727220309,1,0.106596197020028,0.864406779661017,0.344444444444444,51,310,590,8,0.198792393388576,-0.178892661326926
4,3,12,500,0.1,0.05,1.9,FALSE,1.02102727220309,2,0.0517745321835008,0.983050847457627,0.0711111111111111,58,64,836,1,0.0680424071656648,0.0480053205631485
4,3,12,500,0.1,0.05,1.9,FALSE,1.02102727220309,3,0.0556988184424172,1,0.0488888888888889,58,44,856,0,-0.0674018632202174,-0.127214067619842
4,3,12,500,0.1,0.05,0.7,FALSE,1.02102727220309,4,0.0187418363471637,0.810344827586207,0.222222222222222,47,200,700,11,-0.0555460780826096,-0.0780967476413987
4,3,12,500,0.1,0.05,2.1,FALSE,1.02102727220309,5,0.0440484147670339,1,0.0311111111111111,58,28,872,0,-0.0327039768881438,-0.0461587835368096
4,3,12,500,0.1,0.05,2.5,FALSE,1.02102727220309,6,0.0460105602455389,1,0.0333333333333333,59,30,870,0,0.0125755288127383,-0.241949760645336
4,3,12,500,0.1,0.05,1.5,FALSE,1.02102727220309,7,0.0490996607905132,0.96551724137931,0.0933333333333333,56,84,816,2,-0.0781769956477495,0.03642584437329
4,3,12,500,0.1,0.05,1.1,FALSE,1.02102727220309,8,0.0812066023650521,0.896551724137931,0.248888888888889,52,224,676,6,0.240409931012664,0.0428804313189455
4,3,12,500,0.1,0.05,2.7,FALSE,1.02102727220309,9,0.0515929815846329,1,0.0422222222222222,58,38,862,0,0.08424459360562,0.102620129605394
4,3,12,500,0.1,0.05,1.3,FALSE,1.02102727220309,10,0.0592749444331269,0.949152542372881,0.133333333333333,56,120,780,3,0.095981815904414,-0.0706978949020777
4,3,12,500,0.1,0.1,0.3,FALSE,1.02102727220309,1,0.106907199384772,0.830508474576271,0.384444444444444,49,346,554,10,0.202932943353102,-0.237798138347155
4,3,12,500,0.1,0.1,2.5,FALSE,1.02102727220309,2,0.0490877745432568,1,0.0377777777777778,59,34,866,0,0.064248008388883,0.0286918548049666
4,3,12,500,0.1,0.1,1.7,FALSE,1.02102727220309,3,0.0438362826827098,0.982758620689655,0.06,57,54,846,1,-0.0568561082743356,-0.115667353062731
4,3,12,500,0.1,0.1,0.9,FALSE,1.02102727220309,4,0.0287727104596144,0.862068965517241,0.184444444444444,50,166,734,8,-0.0258125437251115,-0.0922352437258747
4,3,12,500,0.1,0.1,1.9,FALSE,1.02102727220309,5,0.0486963281093387,1,0.0377777777777778,58,34,866,0,-0.0184278532451191,-0.039791467582855
4,3,12,500,0.1,0.1,1.7,FALSE,1.02102727220309,6,0.0609304340833493,0.983050847457627,0.0866666666666667,58,78,822,1,0.0208948522092373,-0.22434086282565
4,3,12,500,0.1,0.1,1.5,FALSE,1.02102727220309,7,0.0601928565993454,0.982758620689655,0.0866666666666667,57,78,822,1,-0.0843795435538395,0.0112829787324093
4,3,12,500,0.1,0.1,0.9,FALSE,1.02102727220309,8,0.061675413961793,0.844827586206897,0.268888888888889,49,242,658,9,0.244322093242112,0.076289683173183
4,3,12,500,0.1,0.1,2.9,FALSE,1.02102727220309,9,0.0406934887734025,1,0.0266666666666667,58,24,876,0,0.0747159076430721,0.120585148148597
4,3,12,500,0.1,0.1,1.7,FALSE,1.02102727220309,10,0.0444324228427552,0.966101694915254,0.0844444444444444,57,76,824,2,0.0959486868654915,-0.0333131776390305
4,3,12,500,0.25,0.03,1.3,FALSE,1.02102727220309,1,0.124853771860277,0.931506849315068,0.197333333333333,136,148,602,10,0.281595514721006,-0.0536450319755305
4,3,12,500,0.25,0.03,0.1,FALSE,1.02102727220309,2,-0.0577820486236915,0.531034482758621,0.392,77,294,456,68,-0.126632228726071,0.186981289899953
4,3,12,500,0.25,0.03,2.1,FALSE,1.02102727220309,3,0.0546007316191564,0.972602739726027,0.0613333333333333,142,46,704,4,0.124950767964966,-0.00989136695930937
4,3,12,500,0.25,0.03,0.1,FALSE,1.02102727220309,4,0.120240695115173,0.732876712328767,0.426666666666667,107,320,430,39,0.0364136917448218,-0.28014943797233
4,3,12,500,0.25,0.03,1.1,FALSE,1.02102727220309,5,0.0870530416374206,0.931506849315068,0.149333333333333,136,112,638,10,-0.0432130914477686,-0.12848171479686
4,3,12,500,0.25,0.03,2.3,FALSE,1.02102727220309,6,0.066703734596507,0.993103448275862,0.04,144,30,720,1,0.0297769346668339,-0.110668577093654
4,3,12,500,0.25,0.03,2.7,FALSE,1.02102727220309,7,0.0468736675255811,1,0.0133333333333333,146,10,740,0,-0.143325541004193,-0.120676909335101
4,3,12,500,0.25,0.03,0.9,FALSE,1.02102727220309,8,0.0543939897115622,0.910958904109589,0.138666666666667,133,104,646,13,-0.0971236888108096,-0.218222286642325
4,3,12,500,0.25,0.03,2.1,FALSE,1.02102727220309,9,0.0532314879577692,0.979452054794521,0.0506666666666667,143,38,712,3,0.0684232295452927,-0.0603083314881643
4,3,12,500,0.25,0.03,2.1,FALSE,1.02102727220309,10,0.0821197233357433,1,0.04,146,30,720,0,-0.0791307846325489,-0.244328258253902
4,3,12,500,0.25,0.05,1.3,FALSE,1.02102727220309,1,0.113905553605928,0.924657534246575,0.192,135,144,606,11,0.285273873578459,-0.0386714563821619
4,3,12,500,0.25,0.05,2.5,FALSE,1.02102727220309,2,-0.0335188716150529,0.979310344827586,0.0106666666666667,142,8,742,3,-0.118621944668687,0.197479052655073
4,3,12,500,0.25,0.05,2.1,FALSE,1.02102727220309,3,0.059264714250357,0.965753424657534,0.0746666666666667,141,56,694,5,0.150512428013888,0.00925703629469017
4,3,12,500,0.25,0.05,0.3,FALSE,1.02102727220309,4,0.126786486611787,0.787671232876712,0.376,115,282,468,31,0.0498214207023046,-0.304812402304072
4,3,12,500,0.25,0.05,1.1,FALSE,1.02102727220309,5,0.103891167321738,0.952054794520548,0.141333333333333,139,106,644,7,-0.0311114521514572,-0.140839118479526
4,3,12,500,0.25,0.05,2.1,FALSE,1.02102727220309,6,0.0760761251777427,0.993103448275862,0.048,144,36,714,1,0.0375605364716042,-0.134652980377234
4,3,12,500,0.25,0.05,2.9,FALSE,1.02102727220309,7,0.041877843231878,1,0.0106666666666667,146,8,742,0,-0.144264095768223,-0.117640426190129
4,3,12,500,0.25,0.05,0.9,FALSE,1.02102727220309,8,0.0733457855762418,0.904109589041096,0.168,132,126,624,14,-0.102283944073018,-0.24043143446042
4,3,12,500,0.25,0.05,2.3,FALSE,1.02102727220309,9,0.0666666666666667,1,0.0266666666666667,146,20,730,0,0.0685801854853051,-0.0664312731459366
4,3,12,500,0.25,0.05,2.1,FALSE,1.02102727220309,10,0.0821197233357433,1,0.04,146,30,720,0,-0.0717093545618984,-0.223363464106501
4,3,12,500,0.25,0.1,1.3,FALSE,1.02102727220309,1,0.109832289313856,0.924657534246575,0.186666666666667,135,140,610,11,0.281974162014283,-0.0686773841334822
4,3,12,500,0.25,0.1,2.1,FALSE,1.02102727220309,2,-0.0320078159390441,0.96551724137931,0.0213333333333333,140,16,734,5,-0.133659873624479,0.161048286525138
4,3,12,500,0.25,0.1,2.1,FALSE,1.02102727220309,3,0.0669472264824392,0.972602739726027,0.072,142,54,696,4,0.128531010554409,-0.0324615026893365
4,3,12,500,0.25,0.1,0.1,FALSE,1.02102727220309,4,0.119350356617436,0.719178082191781,0.44,105,330,420,41,0.0328035382225323,-0.297169114107279
4,3,12,500,0.25,0.1,1.1,FALSE,1.02102727220309,5,0.0959096244106251,0.945205479452055,0.141333333333333,138,106,644,8,-0.0354666345941768,-0.147658176467566
4,3,12,500,0.25,0.1,2.1,FALSE,1.02102727220309,6,0.0561330168144775,0.993103448275862,0.032,144,24,726,1,0.0356526864738755,-0.12113494704517
4,3,12,500,0.25,0.1,2.5,FALSE,1.02102727220309,7,0.0468736675255811,1,0.0133333333333333,146,10,740,0,-0.151293382231713,-0.138490696891012
4,3,12,500,0.25,0.1,0.9,FALSE,1.02102727220309,8,0.0591154865790231,0.897260273972603,0.16,131,120,630,15,-0.105104349680225,-0.245616592956098
4,3,12,500,0.25,0.1,1.9,FALSE,1.02102727220309,9,0.0566472257632574,0.979452054794521,0.0533333333333333,143,40,710,3,0.0568235034474735,-0.0721174956415774
4,3,12,500,0.25,0.1,1.9,FALSE,1.02102727220309,10,0.0953759571837827,1,0.0533333333333333,146,40,710,0,-0.079429235905599,-0.250264281572599
4,6,24,100,0.05,0.03,0.1,FALSE,1.02102727220309,1,0.083508420628707,0.8,0.463157894736842,4,88,102,1,0.158120017168545,-0.197738317623338
4,6,24,100,0.05,0.03,0.1,FALSE,1.02102727220309,2,0.15424109994998,0.857142857142857,0.557894736842105,6,106,84,1,0.741122331624372,-0.39762326673504
4,6,24,100,0.05,0.03,0.1,FALSE,1.02102727220309,3,0.164778341395494,0.833333333333333,0.631578947368421,5,120,70,1,0.7678146907431,-0.259030999120497
4,6,24,100,0.05,0.03,0.9,FALSE,1.02102727220309,4,0.123737644977949,1,0.336842105263158,6,64,126,0,0.537185956692115,-0.0767725649616135
4,6,24,100,0.05,0.03,0.1,FALSE,1.02102727220309,5,0.116662536461919,0.833333333333333,0.505263157894737,5,96,94,1,0.136450733441901,-0.0696581658351553
4,6,24,100,0.05,0.03,1.1,FALSE,1.02102727220309,6,-0.0145662148290887,0.666666666666667,0.294736842105263,4,56,134,2,0.473370608115378,0.575297089736855
4,6,24,100,0.05,0.03,1.7,FALSE,1.02102727220309,7,0.0663804545712215,1,0.126315789473684,6,24,166,0,0.286708702674521,0.229181056932608
4,6,24,100,0.05,0.03,0.3,FALSE,1.02102727220309,8,0.229698788554245,1,0.610526315789474,7,116,74,0,1.06577980823512,-0.413314884653906
4,6,24,100,0.05,0.03,0.7,FALSE,1.02102727220309,9,0.123987760630096,1,0.305263157894737,7,58,132,0,0.123573535719286,-0.548618233602733
4,6,24,100,0.05,0.03,0.5,FALSE,1.02102727220309,10,0.0889926506850951,0.833333333333333,0.421052631578947,5,80,110,1,0.619277301222006,0.426045995574274
4,6,24,100,0.05,0.05,0.1,FALSE,1.02102727220309,1,0.0965022168942415,0.8,0.505263157894737,4,96,94,1,0.212254667110945,-0.101657569857503
4,6,24,100,0.05,0.05,0.9,FALSE,1.02102727220309,2,0.152120004824377,1,0.4,7,76,114,0,0.731208457893844,-0.397071896707819
4,6,24,100,0.05,0.05,0.1,FALSE,1.02102727220309,3,0.174169922341036,0.833333333333333,0.652631578947368,5,124,66,1,0.789466504716199,-0.239107064833073
4,6,24,100,0.05,0.05,0.7,FALSE,1.02102727220309,4,0.144479131527437,1,0.410526315789474,6,78,112,0,0.516162475852874,-0.151030639637061
4,6,24,100,0.05,0.05,0.1,FALSE,1.02102727220309,5,0.10954588246324,0.833333333333333,0.484210526315789,5,92,98,1,0.139969026469866,-0.0252480407033488
4,6,24,100,0.05,0.05,0.7,FALSE,1.02102727220309,6,0.0234624230685581,0.666666666666667,0.4,4,76,114,2,0.534185385090604,0.382344713267044
4,6,24,100,0.05,0.05,1.9,FALSE,1.02102727220309,7,0.0565099699183906,1,0.0947368421052632,6,18,172,0,0.229614848479198,0.252408317840468
4,6,24,100,0.05,0.05,0.3,FALSE,1.02102727220309,8,0.234584696886486,1,0.621052631578947,7,118,72,0,1.03068513824502,-0.393925814975628
4,6,24,100,0.05,0.05,0.5,FALSE,1.02102727220309,9,0.142501481368762,1,0.368421052631579,7,70,120,0,0.1256857559754,-0.626119351628615
4,6,24,100,0.05,0.05,0.1,FALSE,1.02102727220309,10,0.0777739803128546,0.666666666666667,0.557894736842105,4,106,84,2,0.596229858635158,0.394921158994823
4,6,24,100,0.05,0.1,0.5,FALSE,1.02102727220309,1,0.126861948168066,1,0.389473684210526,5,74,116,0,0.266245092420484,-0.559340222913219
4,6,24,100,0.05,0.1,1.1,FALSE,1.02102727220309,2,0.136241224869558,1,0.347368421052632,7,66,124,0,0.64439911419544,-0.0649491585471282
4,6,24,100,0.05,0.1,0.1,FALSE,1.02102727220309,3,0.196865387666913,1,0.568421052631579,6,108,82,0,0.850552270791275,-0.904427828789296
4,6,24,100,0.05,0.1,0.1,FALSE,1.02102727220309,4,0.12770265856212,0.833333333333333,0.536842105263158,5,102,88,1,0.35416350070778,-0.43131869681657
4,6,24,100,0.05,0.1,1.7,FALSE,1.02102727220309,5,0.0814105663405607,1,0.178947368421053,6,34,156,0,0.374844104603917,0.101337026321944
4,6,24,100,0.05,0.1,0.1,FALSE,1.02102727220309,6,0.10598165964546,0.666666666666667,0.631578947368421,4,120,70,2,0.806958121547609,0.086147480398883
4,6,24,100,0.05,0.1,1.7,FALSE,1.02102727220309,7,0.0100397176250909,0.833333333333333,0.189473684210526,5,36,154,1,0.396551813526487,0.817783537368997
4,6,24,100,0.05,0.1,0.7,FALSE,1.02102727220309,8,0.15424109994998,0.857142857142857,0.557894736842105,6,106,84,1,1.22751480654136,-0.11702862385897
4,6,24,100,0.05,0.1,1.5,FALSE,1.02102727220309,9,0.111943415709911,1,0.263157894736842,7,50,140,0,0.616259674482242,-0.0926357016189635
4,6,24,100,0.05,0.1,1.3,FALSE,1.02102727220309,10,0.120876609617217,1,0.326315789473684,6,62,128,0,0.851006783451627,0.049034504145037
4,6,24,100,0.1,0.03,0.1,FALSE,1.02102727220309,1,0.062025259624877,0.583333333333333,0.544444444444444,7,98,82,5,0.481452099842053,0.298957656775743
4,6,24,100,0.1,0.03,1.5,FALSE,1.02102727220309,2,0.141733200841407,1,0.233333333333333,13,42,138,0,0.48376401939313,-0.108216954920756
4,6,24,100,0.1,0.03,1.7,FALSE,1.02102727220309,3,0.0747482547441851,1,0.0888888888888889,11,16,164,0,-0.0717084104193341,0.0634851364953436
4,6,24,100,0.1,0.03,0.5,FALSE,1.02102727220309,4,0.064542082964317,0.846153846153846,0.266666666666667,11,48,132,2,0.0288972496185741,0.325823933680062
4,6,24,100,0.1,0.03,0.1,FALSE,1.02102727220309,5,0.116263812421582,0.727272727272727,0.522222222222222,8,94,86,3,0.521274759192119,-0.058775300954376
4,6,24,100,0.1,0.03,1.3,FALSE,1.02102727220309,6,0.2,1,0.4,12,72,108,0,0.900283264975635,-0.124797268625643
4,6,24,100,0.1,0.03,1.1,FALSE,1.02102727220309,7,0.0995431850663792,0.818181818181818,0.388888888888889,9,70,110,2,0.527958314969935,0.386329689592173
4,6,24,100,0.1,0.03,0.9,FALSE,1.02102727220309,8,0.167503892363236,1,0.3,13,54,126,0,0.474893508433302,-0.265260207003829
4,6,24,100,0.1,0.03,0.1,FALSE,1.02102727220309,9,0.100830164964271,0.727272727272727,0.488888888888889,8,88,92,3,0.222693002377438,0.0817901393243095
4,6,24,100,0.1,0.03,0.7,FALSE,1.02102727220309,10,0.0704694574379091,0.818181818181818,0.322222222222222,9,58,122,2,0.189041707191986,0.157452123221752
4,6,24,100,0.1,0.05,0.1,FALSE,1.02102727220309,1,0.102403930570896,0.666666666666667,0.544444444444444,8,98,82,4,0.514172038701466,0.23089777503567
4,6,24,100,0.1,0.05,1.5,FALSE,1.02102727220309,2,0.146038925071682,1,0.244444444444444,13,44,136,0,0.437929736692311,-0.0739057046358618
4,6,24,100,0.1,0.05,1.7,FALSE,1.02102727220309,3,0.0747482547441851,1,0.0888888888888889,11,16,164,0,-0.0442797938553241,0.0552137135557879
4,6,24,100,0.1,0.05,2.5,FALSE,1.02102727220309,4,0.0481382441784562,1,0.0333333333333333,13,6,174,0,0.00894298069043204,0.376056041762138
4,6,24,100,0.1,0.05,0.1,FALSE,1.02102727220309,5,0.111073890629231,0.727272727272727,0.511111111111111,8,92,88,3,0.455370177536215,-0.000475559160655636
4,6,24,100,0.1,0.05,1.1,FALSE,1.02102727220309,6,0.2,1,0.4,12,72,108,0,0.919524015283926,-0.10825014689046
4,6,24,100,0.1,0.05,0.7,FALSE,1.02102727220309,7,0.123609136719043,0.818181818181818,0.444444444444444,9,80,100,2,0.497362158769952,0.43768072698808
4,6,24,100,0.1,0.05,0.9,FALSE,1.02102727220309,8,0.158910431540932,1,0.277777777777778,13,50,130,0,0.506896257094871,-0.155509714012834
4,6,24,100,0.1,0.05,0.1,FALSE,1.02102727220309,9,0.0957631336997567,0.727272727272727,0.477777777777778,8,86,94,3,0.243538560524475,-0.00496251513046494
4,6,24,100,0.1,0.05,0.7,FALSE,1.02102727220309,10,0.0604814736759006,0.818181818181818,0.3,9,54,126,2,0.192928387658333,0.133858549473607
4,6,24,100,0.1,0.1,0.9,FALSE,1.02102727220309,1,0.153212853258974,1,0.277777777777778,12,50,130,0,0.380497880993228,-0.240867662054905
4,6,24,100,0.1,0.1,0.7,FALSE,1.02102727220309,2,0.230983448223792,1,0.455555555555556,13,82,98,0,0.693118858271203,-0.445651604990591
4,6,24,100,0.1,0.1,0.1,FALSE,1.02102727220309,3,0.175488320070567,1,0.355555555555556,11,64,116,0,0.00377125418525023,-0.622213306182578
4,6,24,100,0.1,0.1,0.1,FALSE,1.02102727220309,4,0.118827945969679,0.769230769230769,0.466666666666667,10,84,96,3,0.258662041699165,0.155385988145295
4,6,24,100,0.1,0.1,0.7,FALSE,1.02102727220309,5,0.128479891013858,0.818181818181818,0.455555555555556,9,82,98,2,0.623860923744359,0.41065842239779
4,6,24,100,0.1,0.1,1.3,FALSE,1.02102727220309,6,0.174077655955698,1,0.333333333333333,12,60,120,0,0.842711554119582,0.0530742151837583
4,6,24,100,0.1,0.1,2.3,FALSE,1.02102727220309,7,0.0981306762925316,1,0.144444444444444,11,26,154,0,0.789179800956602,0.587702738950153
4,6,24,100,0.1,0.1,0.5,FALSE,1.02102727220309,8,0.157747337516162,0.846153846153846,0.466666666666667,11,84,96,2,0.412328844173653,0.209343613067182
4,6,24,100,0.1,0.1,0.7,FALSE,1.02102727220309,9,0.0937571584800856,0.909090909090909,0.266666666666667,10,48,132,1,0.101798825326987,0.290920578250736
4,6,24,100,0.1,0.1,0.3,FALSE,1.02102727220309,10,0.180975538908384,0.909090909090909,0.477777777777778,10,86,94,1,0.550332962914678,-0.297122483811881
4,6,24,100,0.25,0.03,0.1,FALSE,1.02102727220309,1,0.149152601718642,0.785714285714286,0.413333333333333,22,62,88,6,0.259000717438539,-0.151005081759296
4,6,24,100,0.25,0.03,2.1,FALSE,1.02102727220309,2,0.120429117645797,0.964285714285714,0.146666666666667,27,22,128,1,0.488662271507032,-0.00755926717641612
4,6,24,100,0.25,0.03,0.7,FALSE,1.02102727220309,3,0.164035650908078,0.9,0.293333333333333,27,44,106,3,0.139868313041607,-0.237718202056225
4,6,24,100,0.25,0.03,1.3,FALSE,1.02102727220309,4,0.11208028623264,0.928571428571429,0.186666666666667,26,28,122,2,0.200164708862444,0.0175935794147322
4,6,24,100,0.25,0.03,0.9,FALSE,1.02102727220309,5,0.165880238387995,0.862068965517241,0.346666666666667,25,52,98,4,0.323113595233813,-0.0459557269187801
4,6,24,100,0.25,0.03,1.5,FALSE,1.02102727220309,6,0.214560454061941,0.931034482758621,0.333333333333333,27,50,100,2,0.938183199005886,0.26028722462796
4,6,24,100,0.25,0.03,2.9,FALSE,1.02102727220309,7,0.081885299731629,1,0.04,29,6,144,0,0.50030973720893,0.617729130590463
4,6,24,100,0.25,0.03,0.3,FALSE,1.02102727220309,8,0,0.733333333333333,0.266666666666667,22,40,110,8,-0.276089281227992,-0.165579689024238
4,6,24,100,0.25,0.03,2.1,FALSE,1.02102727220309,9,0.162249148918527,1,0.146666666666667,28,22,128,0,0.488994113594839,0.225408539287212
4,6,24,100,0.25,0.03,0.7,FALSE,1.02102727220309,10,0.120769717265897,0.758620689655172,0.4,22,60,90,7,0.408242655554234,0.450451683692946
4,6,24,100,0.25,0.05,0.1,FALSE,1.02102727220309,1,0.149152601718642,0.785714285714286,0.413333333333333,22,62,88,6,0.229146985577487,-0.127513677940517
4,6,24,100,0.25,0.05,0.3,FALSE,1.02102727220309,2,0.135021837714272,0.678571428571429,0.506666666666667,19,76,74,9,0.508616061720136,-0.0337157777982818
4,6,24,100,0.25,0.05,1.1,FALSE,1.02102727220309,3,0.207950097964015,1,0.213333333333333,30,32,118,0,0.161332429434495,-0.262745549604999
4,6,24,100,0.25,0.05,1.5,FALSE,1.02102727220309,4,0.0913082095250083,0.928571428571429,0.16,26,24,126,2,0.200605353138663,0.0327823254607348
4,6,24,100,0.25,0.05,0.7,FALSE,1.02102727220309,5,0.120769717265897,0.758620689655172,0.4,22,60,90,7,0.318296062945481,-0.0621261183900358
4,6,24,100,0.25,0.05,1.5,FALSE,1.02102727220309,6,0.214560454061941,0.931034482758621,0.333333333333333,27,50,100,2,0.953197365691566,0.289938628097031
4,6,24,100,0.25,0.05,0.1,FALSE,1.02102727220309,7,0.102835691925851,0.551724137931034,0.586666666666667,16,88,62,13,0.474269081032651,0.745433072543484
4,6,24,100,0.25,0.05,0.1,FALSE,1.02102727220309,8,0,0.666666666666667,0.333333333333333,20,50,100,10,-0.260559750479044,-0.102526731943828
4,6,24,100,0.25,0.05,1.7,FALSE,1.02102727220309,9,0.149779644804799,0.928571428571429,0.24,26,36,114,2,0.45254907639183,0.235233090925973
4,6,24,100,0.25,0.05,0.7,FALSE,1.02102727220309,10,0.111317474766154,0.758620689655172,0.386666666666667,22,58,92,7,0.416537333500811,0.466853771334496
4,6,24,100,0.25,0.1,0.5,FALSE,1.02102727220309,1,0.139987409982533,0.785714285714286,0.4,22,60,90,6,0.421550826015149,-0.140522453545739
4,6,24,100,0.25,0.1,0.9,FALSE,1.02102727220309,2,0.203387886801913,0.821428571428571,0.453333333333333,23,68,82,5,0.786222387782245,-0.0644626018362683
4,6,24,100,0.25,0.1,1.5,FALSE,1.02102727220309,3,0.175411603861406,1,0.16,30,24,126,0,0.183520495972075,-0.145122381604681
4,6,24,100,0.25,0.1,0.1,FALSE,1.02102727220309,4,0.271586722265127,0.785714285714286,0.586666666666667,22,88,62,6,0.445777945742507,-0.33768116348831
4,6,24,100,0.25,0.1,0.9,FALSE,1.02102727220309,5,0.214560454061941,0.931034482758621,0.333333333333333,27,50,100,2,0.30104399694166,0.0422075445455073
4,6,24,100,0.25,0.1,1.5,FALSE,1.02102727220309,6,0.237430310102494,0.896551724137931,0.413333333333333,26,62,88,3,1.05076713464866,0.435294385820612
4,6,24,100,0.25,0.1,2.9,FALSE,1.02102727220309,7,0.010487050751981,0.96551724137931,0.04,28,6,144,1,0.392306990907704,0.646931377442861
4,6,24,100,0.25,0.1,0.7,FALSE,1.02102727220309,8,0.12651737571713,0.966666666666667,0.146666666666667,29,22,128,1,-0.28982093927171,-0.529139147088906
4,6,24,100,0.25,0.1,1.3,FALSE,1.02102727220309,9,0.167415285496259,0.928571428571429,0.266666666666667,26,40,110,2,0.522161762558477,0.148729977172692
4,6,24,100,0.25,0.1,1.3,FALSE,1.02102727220309,10,0.163076861267593,0.931034482758621,0.253333333333333,27,38,112,2,0.41421012236353,0.0434040896065846
4,6,24,300,0.05,0.03,0.1,FALSE,1.02102727220309,1,0.123947227048254,0.875,0.505263157894737,14,288,282,2,0.315864635025665,-0.428325894621114
4,6,24,300,0.05,0.03,1.7,FALSE,1.02102727220309,2,0.0645728071212617,1,0.126315789473684,17,72,498,0,0.146509387606251,0.149436477606038
4,6,24,300,0.05,0.03,0.5,FALSE,1.02102727220309,3,0.147440863972892,0.941176470588235,0.498245614035088,16,284,286,1,0.7325217419808,-0.359847312944759
4,6,24,300,0.05,0.03,2.1,FALSE,1.02102727220309,4,0.0593476088821902,1,0.108771929824561,17,62,508,0,0.195113921236533,0.240707572619774
4,6,24,300,0.05,0.03,0.9,FALSE,1.02102727220309,5,0.0951294435738301,0.9375,0.336842105263158,15,192,378,1,0.549828946016964,0.0409178588485888
4,6,24,300,0.05,0.03,2.5,FALSE,1.02102727220309,6,0.0340780039840196,1,0.0385964912280702,17,22,548,0,0.210671619533207,0.453868683213486
4,6,24,300,0.05,0.03,0.9,FALSE,1.02102727220309,7,0.0671206352702847,0.941176470588235,0.224561403508772,16,128,442,1,0.104680749599787,0.06591173545436
4,6,24,300,0.05,0.03,2.3,FALSE,1.02102727220309,8,0.0383523497051339,0.944444444444444,0.129824561403509,17,74,496,1,0.56438487193203,0.597704647977496
4,6,24,300,0.05,0.03,0.7,FALSE,1.02102727220309,9,0.126619069116652,1,0.347368421052632,18,198,372,0,0.381020032011463,-0.511521777023207
4,6,24,300,0.05,0.03,0.5,FALSE,1.02102727220309,10,0.10740230800095,0.888888888888889,0.417543859649123,16,238,332,2,0.484891687541612,-0.00466236806312008
4,6,24,300,0.05,0.05,0.3,FALSE,1.02102727220309,1,0.103227428834954,0.875,0.43859649122807,14,250,320,2,0.306291193959091,-0.44824584218577
4,6,24,300,0.05,0.05,1.5,FALSE,1.02102727220309,2,0.0695902296984328,1,0.143859649122807,17,82,488,0,0.128850883097967,0.133330726795546
4,6,24,300,0.05,0.05,0.5,FALSE,1.02102727220309,3,0.144024438410596,0.941176470588235,0.487719298245614,16,278,292,1,0.736338408853748,-0.372294545766975
4,6,24,300,0.05,0.05,2.1,FALSE,1.02102727220309,4,0.0549693128750395,1,0.0947368421052632,17,54,516,0,0.194831198216123,0.239163675016211
4,6,24,300,0.05,0.05,1.5,FALSE,1.02102727220309,5,0.0956296739094693,1,0.252631578947368,16,144,426,0,0.57711248862495,0.107610715799929
4,6,24,300,0.05,0.05,2.3,FALSE,1.02102727220309,6,0.0400792939844642,1,0.0526315789473684,17,30,540,0,0.205743134790484,0.353426040129385
4,6,24,300,0.05,0.05,1.1,FALSE,1.02102727220309,7,0.077311774428769,1,0.171929824561404,17,98,472,0,0.104576933658949,0.0967985411371279
4,6,24,300,0.05,0.05,2.9,FALSE,1.02102727220309,8,0.0541742227420436,1,0.087719298245614,18,50,520,0,0.561878226052361,0.543644215886991
4,6,24,300,0.05,0.05,0.7,FALSE,1.02102727220309,9,0.124695729062306,1,0.340350877192982,18,194,376,0,0.390289954028191,-0.450505078567075
4,6,24,300,0.05,0.05,0.7,FALSE,1.02102727220309,10,0.0987437966756207,0.888888888888889,0.389473684210526,16,222,348,2,0.469130567053098,-0.0212595624982134
4,6,24,300,0.05,0.1,0.3,FALSE,1.02102727220309,1,0.10853913921662,0.875,0.456140350877193,14,260,310,2,0.424642895878355,-0.220211901098741
4,6,24,300,0.05,0.1,1.3,FALSE,1.02102727220309,2,0.0838589150668893,1,0.196491228070175,17,112,458,0,0.237329870159089,-0.273092035032746
4,6,24,300,0.05,0.1,0.5,FALSE,1.02102727220309,3,0.103339960380269,0.823529411764706,0.484210526315789,14,276,294,3,0.775929079522145,-0.114343458643832
4,6,24,300,0.05,0.1,0.1,FALSE,1.02102727220309,4,0.0767139671078851,0.764705882352941,0.463157894736842,13,264,306,4,0.226639772663996,-0.0729827312259512
4,6,24,300,0.05,0.1,0.3,FALSE,1.02102727220309,5,0.0783245735132904,0.8125,0.424561403508772,13,242,328,3,0.626467251583383,-0.081158156952978
4,6,24,300,0.05,0.1,0.9,FALSE,1.02102727220309,6,0.0681653847490293,0.941176470588235,0.228070175438596,16,130,440,1,0.164109404131323,-0.114126689762856
4,6,24,300,0.05,0.1,1.9,FALSE,1.02102727220309,7,0.0503578658005659,1,0.0807017543859649,17,46,524,0,0.104838048631432,0.0183048046148717
4,6,24,300,0.05,0.1,0.1,FALSE,1.02102727220309,8,0.0690081573674038,0.666666666666667,0.533333333333333,12,304,266,6,0.575272656122967,0.0184252097863315
4,6,24,300,0.05,0.1,0.9,FALSE,1.02102727220309,9,0.118979325325072,1,0.319298245614035,18,182,388,0,0.461178137159275,-0.420538236203507
4,6,24,300,0.05,0.1,0.1,FALSE,1.02102727220309,10,0.121398111574799,0.777777777777778,0.571929824561404,14,326,244,4,0.754137542421204,-0.123349683585894
4,6,24,300,0.1,0.03,1.5,FALSE,1.02102727220309,1,0.0965691563742848,0.970588235294118,0.185185185185185,33,100,440,1,0.347403721551851,-0.170333552116428
4,6,24,300,0.1,0.03,1.3,FALSE,1.02102727220309,2,0.102184964981513,1,0.144444444444444,36,78,462,0,0.0542103356599233,-0.280557126640532
4,6,24,300,0.1,0.03,0.7,FALSE,1.02102727220309,3,0.0853873092058673,0.805555555555556,0.362962962962963,29,196,344,7,0.340724809446695,-0.0715786714449726
4,6,24,300,0.1,0.03,2.3,FALSE,1.02102727220309,4,0.0791970489077558,1,0.0962962962962963,34,52,488,0,0.341220296424022,-0.0690283986975938
4,6,24,300,0.1,0.03,1.3,FALSE,1.02102727220309,5,0.0863979598405394,1,0.107407407407407,36,58,482,0,-0.0330756067405054,-0.371888861133719
4,6,24,300,0.1,0.03,0.7,FALSE,1.02102727220309,6,0.0816714646092217,0.885714285714286,0.262962962962963,31,142,398,4,0.202766137610449,-0.0973150406991554
4,6,24,300,0.1,0.03,1.1,FALSE,1.02102727220309,7,0.0693923218367237,0.941176470588235,0.166666666666667,32,90,450,2,0.107343046260468,-0.0795298993236289
4,6,24,300,0.1,0.03,0.3,FALSE,1.02102727220309,8,0.129838927764181,0.8,0.47037037037037,28,254,286,7,0.395833914336752,-0.252791374357023
4,6,24,300,0.1,0.03,1.1,FALSE,1.02102727220309,9,0.110364296357339,0.857142857142857,0.362962962962963,30,196,344,5,0.609053429591179,0.0853332276484396
4,6,24,300,0.1,0.03,2.1,FALSE,1.02102727220309,10,0.0880450906325624,1,0.111111111111111,36,60,480,0,0.292196932353167,-0.0913204371477679
4,6,24,300,0.1,0.05,0.1,FALSE,1.02102727220309,1,0.0870347003330799,0.647058823529412,0.537037037037037,22,290,250,12,0.381530754469253,-0.103844914409511
4,6,24,300,0.1,0.05,0.9,FALSE,1.02102727220309,2,0.132453235706504,1,0.222222222222222,36,120,420,0,0.0586824520529539,-0.318199282297668
4,6,24,300,0.1,0.05,0.1,FALSE,1.02102727220309,3,0.0995147553164168,0.694444444444444,0.511111111111111,25,276,264,11,0.341509287744234,-0.0879894065316425
4,6,24,300,0.1,0.05,2.3,FALSE,1.02102727220309,4,0.0722987821913979,1,0.0814814814814815,34,44,496,0,0.332054487796571,-0.0759811751271107
4,6,24,300,0.1,0.05,1.3,FALSE,1.02102727220309,5,0.0847318545736323,1,0.103703703703704,36,56,484,0,-0.0359775029196955,-0.376232298813737
4,6,24,300,0.1,0.05,0.5,FALSE,1.02102727220309,6,0.0974885095998985,0.857142857142857,0.333333333333333,30,180,360,5,0.229917634549023,-0.123631228857849
4,6,24,300,0.1,0.05,1.5,FALSE,1.02102727220309,7,0.0736311763521615,0.970588235294118,0.133333333333333,33,72,468,1,0.123427610510332,-0.0475037261493783
4,6,24,300,0.1,0.05,0.1,FALSE,1.02102727220309,8,0.126765524961101,0.742857142857143,0.522222222222222,26,282,258,9,0.413760400312905,-0.228756904149037
4,6,24,300,0.1,0.05,0.3,FALSE,1.02102727220309,9,0.112086880516833,0.685714285714286,0.548148148148148,24,296,244,11,0.60555409482696,0.0629187647405188
4,6,24,300,0.1,0.05,2.1,FALSE,1.02102727220309,10,0.0896744363771472,1,0.114814814814815,36,62,478,0,0.269457581031632,-0.0895262857322663
4,6,24,300,0.1,0.1,1.7,FALSE,1.02102727220309,1,0.113855008510662,1,0.181481481481481,34,98,442,0,0.426670874744551,-0.238993502905429
4,6,24,300,0.1,0.1,0.1,FALSE,1.02102727220309,2,0.0984425071721813,0.777777777777778,0.422222222222222,28,228,312,8,0.140939090731383,-0.241693599970131
4,6,24,300,0.1,0.1,1.3,FALSE,1.02102727220309,3,0.115543438054953,0.972222222222222,0.222222222222222,35,120,420,1,0.316831497537568,-0.247970362170145
4,6,24,300,0.1,0.1,1.1,FALSE,1.02102727220309,4,0.126025207562521,0.941176470588235,0.3,32,162,378,2,0.580103639914199,-0.036002853428616
4,6,24,300,0.1,0.1,1.5,FALSE,1.02102727220309,5,0.100199557701406,0.972222222222222,0.185185185185185,35,100,440,1,0.31093104102864,-0.205811061638813
4,6,24,300,0.1,0.1,2.5,FALSE,1.02102727220309,6,0.088506324247536,1,0.114814814814815,35,62,478,0,0.440173912323849,0.0613406536550315
4,6,24,300,0.1,0.1,0.1,FALSE,1.02102727220309,7,0.065420111582711,0.735294117647059,0.4,25,216,324,9,0.0344768104738358,-0.262699714117311
4,6,24,300,0.1,0.1,0.5,FALSE,1.02102727220309,8,0.148478467729125,0.885714285714286,0.418518518518519,31,226,314,4,0.471225254785419,-0.0908140180003955
4,6,24,300,0.1,0.1,0.5,FALSE,1.02102727220309,9,0.154875592586689,0.885714285714286,0.433333333333333,31,234,306,4,0.422856471173099,-0.265944578577185
4,6,24,300,0.1,0.1,2.1,FALSE,1.02102727220309,10,0.0666666666666667,1,0.0666666666666667,36,36,504,0,-0.00720059427389879,-0.198891701164444
4,6,24,300,0.25,0.03,1.9,FALSE,1.02102727220309,1,0.179725876490125,0.965909090909091,0.226666666666667,85,102,348,3,0.75835939543415,0.125080442315097
4,6,24,300,0.25,0.03,1.1,FALSE,1.02102727220309,2,0.170889612656266,0.896551724137931,0.311111111111111,78,140,310,9,0.475343966569723,-0.0104584047230159
4,6,24,300,0.25,0.03,1.9,FALSE,1.02102727220309,3,0.0184985221069449,0.988636363636364,0.0177777777777778,87,8,442,1,-0.302567915248466,-0.0538109387099939
4,6,24,300,0.25,0.03,1.7,FALSE,1.02102727220309,4,0.149343264044874,0.954022988505747,0.2,83,90,360,4,0.509638333399192,0.0743298399880708
4,6,24,300,0.25,0.03,2.3,FALSE,1.02102727220309,5,0.114263717383845,0.977272727272727,0.115555555555556,86,52,398,2,0.382957376693823,0.100903436207613
4,6,24,300,0.25,0.03,0.1,FALSE,1.02102727220309,6,0.194394042221238,0.71264367816092,0.551111111111111,62,248,202,25,0.394941407206489,-0.127427025341829
4,6,24,300,0.25,0.03,0.9,FALSE,1.02102727220309,7,0.0917426465043134,0.896551724137931,0.2,78,90,360,9,-0.019039784023382,-0.19244850890218
4,6,24,300,0.25,0.03,0.7,FALSE,1.02102727220309,8,0.191347687156779,0.896551724137931,0.342222222222222,78,154,296,9,0.370933006068587,-0.33258822382616
4,6,24,300,0.25,0.03,1.5,FALSE,1.02102727220309,9,0.171278222074678,0.977272727272727,0.195555555555556,86,88,362,2,0.382460475070042,-0.0693099161388721
4,6,24,300,0.25,0.03,1.1,FALSE,1.02102727220309,10,0.0698850574712644,0.896551724137931,0.173333333333333,78,78,372,9,0.0459652095938265,0.0529308282473104
4,6,24,300,0.25,0.05,2.1,FALSE,1.02102727220309,1,0.168181739524382,0.965909090909091,0.208888888888889,85,94,356,3,0.761032942502294,0.165253328164468
4,6,24,300,0.25,0.05,1.1,FALSE,1.02102727220309,2,0.164086501319595,0.885057471264368,0.315555555555556,77,142,308,10,0.470202930593354,-0.0138896492867328
4,6,24,300,0.25,0.05,2.1,FALSE,1.02102727220309,3,-0.00953959365494192,0.988636363636364,0.00888888888888889,87,4,446,1,-0.305682050571229,-0.0419505747542941
4,6,24,300,0.25,0.05,1.1,FALSE,1.02102727220309,4,0.156863684168176,0.862068965517241,0.333333333333333,75,150,300,12,0.523237767876348,0.111365027156807
4,6,24,300,0.25,0.05,2.7,FALSE,1.02102727220309,5,0.115452328315863,0.988636363636364,0.0977777777777778,87,44,406,1,0.385420155035192,0.110587737865531
4,6,24,300,0.25,0.05,0.1,FALSE,1.02102727220309,6,0.167600662544844,0.689655172413793,0.537777777777778,60,242,208,27,0.404246843692305,-0.133518666515236
4,6,24,300,0.25,0.05,1.1,FALSE,1.02102727220309,7,0.0827382708631665,0.919540229885057,0.16,80,72,378,7,-0.00963935979338783,-0.193037554767759
4,6,24,300,0.25,0.05,0.9,FALSE,1.02102727220309,8,0.220523028983942,0.954022988505747,0.311111111111111,83,140,310,4,0.378361243622454,-0.312119611675924
4,6,24,300,0.25,0.05,1.7,FALSE,1.02102727220309,9,0.159562719894991,0.977272727272727,0.177777777777778,86,80,370,2,0.391078965979471,-0.0686785000152364
4,6,24,300,0.25,0.05,1.1,FALSE,1.02102727220309,10,0.0926189649122797,0.908045977011494,0.186666666666667,79,84,366,8,0.0417205721572292,0.0179310459401345
4,6,24,300,0.25,0.1,1.5,FALSE,1.02102727220309,1,0.193555840336025,0.931818181818182,0.297777777777778,82,134,316,6,0.812895659853734,0.0587159373487085
4,6,24,300,0.25,0.1,1.1,FALSE,1.02102727220309,2,0.10319952277424,0.839080459770115,0.284444444444444,73,128,322,14,0.419421845291695,0.160782671439311
4,6,24,300,0.25,0.1,1.5,FALSE,1.02102727220309,3,0.0443672679096009,0.988636363636364,0.0311111111111111,87,14,436,1,-0.261451790978112,-0.272595320212407
4,6,24,300,0.25,0.1,1.7,FALSE,1.02102727220309,4,0.141871055382098,0.931034482758621,0.222222222222222,81,100,350,6,0.552516417496469,0.145371983250223
4,6,24,300,0.25,0.1,1.7,FALSE,1.02102727220309,5,0.178030999148677,0.943181818181818,0.257777777777778,83,116,334,5,0.794754290457845,0.224225081953473
4,6,24,300,0.25,0.1,1.1,FALSE,1.02102727220309,6,0.166032119252408,0.931034482758621,0.257777777777778,81,116,334,6,0.394313129039822,-0.110593186465609
4,6,24,300,0.25,0.1,1.3,FALSE,1.02102727220309,7,0.0623482380220403,0.954022988505747,0.0933333333333333,83,42,408,4,-0.166685724868153,-0.274446961157149
4,6,24,300,0.25,0.1,1.5,FALSE,1.02102727220309,8,0.189910829322805,0.977011494252874,0.226666666666667,85,102,348,2,0.453289398033556,-0.193352445266302
4,6,24,300,0.25,0.1,1.7,FALSE,1.02102727220309,9,0.144018591540333,0.965909090909091,0.173333333333333,85,78,372,3,0.405526227027758,-0.193745220939624
4,6,24,300,0.25,0.1,0.1,FALSE,1.02102727220309,10,0.149609336565794,0.747126436781609,0.453333333333333,65,204,246,22,0.236876848644445,-0.171310774170365
4,6,24,500,0.05,0.03,0.3,FALSE,1.02102727220309,1,0.106193000819638,0.793103448275862,0.52,23,494,456,6,0.746412075031404,-0.43092482717216
4,6,24,500,0.05,0.03,0.5,FALSE,1.02102727220309,2,0.106273949664053,0.96551724137931,0.326315789473684,28,310,640,1,0.319655106693887,-0.244228012868357
4,6,24,500,0.05,0.03,0.1,FALSE,1.02102727220309,3,0.0687609810884591,0.666666666666667,0.532631578947368,20,506,444,10,0.557510951841713,0.0837252263389072
4,6,24,500,0.05,0.03,0.9,FALSE,1.02102727220309,4,0.0960724481438853,0.866666666666667,0.406315789473684,26,386,564,4,0.633884967244215,-0.0656472289881736
4,6,24,500,0.05,0.03,1.3,FALSE,1.02102727220309,5,0.0804489102807077,0.964285714285714,0.24,27,228,722,1,0.389834304770757,-0.156039014031457
4,6,24,500,0.05,0.03,1.5,FALSE,1.02102727220309,6,0.0731460912597688,1,0.153684210526316,29,146,804,0,0.2424793300937,-0.100607891115441
4,6,24,500,0.05,0.03,1.7,FALSE,1.02102727220309,7,0.0848509197697787,1,0.202105263157895,28,192,758,0,0.506370705656175,-0.0102727657329739
4,6,24,500,0.05,0.03,1.9,FALSE,1.02102727220309,8,0.07196455421558,1,0.149473684210526,29,142,808,0,0.41644860541972,-0.0433819378590022
4,6,24,500,0.05,0.03,0.9,FALSE,1.02102727220309,9,0.0905475560843473,0.96551724137931,0.269473684210526,28,256,694,1,0.35941940749212,-0.314335098333436
4,6,24,500,0.05,0.03,0.1,FALSE,1.02102727220309,10,0.0405265898506928,0.793103448275862,0.317894736842105,23,302,648,6,-0.219350986993503,-0.352407208298567
4,6,24,500,0.05,0.05,0.1,FALSE,1.02102727220309,1,0.11556819329259,0.758620689655172,0.578947368421053,22,550,400,7,0.772091781302273,-0.448475986329148
4,6,24,500,0.05,0.05,0.7,FALSE,1.02102727220309,2,0.108370715671654,1,0.286315789473684,29,272,678,0,0.320739676662438,-0.217118618444226
4,6,24,500,0.05,0.05,2.3,FALSE,1.02102727220309,3,0.0719419693632964,1,0.145263157894737,30,138,812,0,0.573589315065406,0.0735356547762516
4,6,24,500,0.05,0.05,0.9,FALSE,1.02102727220309,4,0.0947587809094574,0.866666666666667,0.402105263157895,26,382,568,4,0.636131702845048,-0.0387045118649662
4,6,24,500,0.05,0.05,1.3,FALSE,1.02102727220309,5,0.0810336190265407,0.964285714285714,0.242105263157895,27,230,720,1,0.415837296925165,-0.172085107604786
4,6,24,500,0.05,0.05,1.3,FALSE,1.02102727220309,6,0.0817966952334721,1,0.185263157894737,29,176,774,0,0.220001756503887,-0.127665944971282
4,6,24,500,0.05,0.05,2.1,FALSE,1.02102727220309,7,0.0747900120909673,1,0.164210526315789,28,156,794,0,0.503387752338318,0.0881507762979897
4,6,24,500,0.05,0.05,2.1,FALSE,1.02102727220309,8,0.0621618098695855,1,0.115789473684211,29,110,840,0,0.399234439469377,0.0339069906324245
4,6,24,500,0.05,0.05,0.9,FALSE,1.02102727220309,9,0.0922987509262933,0.96551724137931,0.275789473684211,28,262,688,1,0.345403126301785,-0.32980216365096
4,6,24,500,0.05,0.05,0.1,FALSE,1.02102727220309,10,0.0398283401730962,0.793103448275862,0.315789473684211,23,300,650,6,-0.222014382284419,-0.268591865209633
4,6,24,500,0.05,0.1,1.7,FALSE,1.02102727220309,1,0.0951672959633871,1,0.235789473684211,29,224,726,0,0.630646464877828,-0.214481136343046
4,6,24,500,0.05,0.1,1.3,FALSE,1.02102727220309,2,0.0946162527146286,1,0.233684210526316,29,222,728,0,0.388676325244262,-0.146605369451904
4,6,24,500,0.05,0.1,2.3,FALSE,1.02102727220309,3,0.0705869377641005,0.966666666666667,0.193684210526316,29,184,766,1,0.794501793653802,0.312027885242667
4,6,24,500,0.05,0.1,0.5,FALSE,1.02102727220309,4,0.103273706462768,0.833333333333333,0.465263157894737,25,442,508,5,0.7460577552615,-0.148264609788248
4,6,24,500,0.05,0.1,0.9,FALSE,1.02102727220309,5,0.0917935935487333,0.928571428571429,0.328421052631579,26,312,638,2,0.458852288402345,0.00971023655066962
4,6,24,500,0.05,0.1,0.1,FALSE,1.02102727220309,6,0.093059192649846,0.758620689655172,0.515789473684211,22,490,460,7,0.597749295613644,-0.2244315327501
4,6,24,500,0.05,0.1,1.5,FALSE,1.02102727220309,7,0.0737201056520832,0.928571428571429,0.265263157894737,26,252,698,2,0.665473331009365,-0.0617852785602182
4,6,24,500,0.05,0.1,1.7,FALSE,1.02102727220309,8,0.0789488789480231,1,0.174736842105263,29,166,784,0,0.386230301241023,-0.144736374135578
4,6,24,500,0.05,0.1,1.3,FALSE,1.02102727220309,9,0.0910503380896077,0.896551724137931,0.36,26,342,608,3,0.988791366537673,0.0670254635064745
4,6,24,500,0.05,0.1,1.3,FALSE,1.02102727220309,10,0.0608811723933311,1,0.111578947368421,29,106,844,0,-0.0050282968251813,-0.153202760257033
4,6,24,500,0.1,0.03,1.1,FALSE,1.02102727220309,1,0.101373749521351,0.948275862068966,0.226666666666667,55,204,696,3,0.297489837503209,-0.139399329720398
4,6,24,500,0.1,0.03,1.5,FALSE,1.02102727220309,2,0.0899973662471538,0.913793103448276,0.246666666666667,53,222,678,5,0.484231880290255,-0.138121864964679
4,6,24,500,0.1,0.03,1.9,FALSE,1.02102727220309,3,0.109376792060554,1,0.164444444444444,59,148,752,0,0.435249786541379,-0.109835685533308
4,6,24,500,0.1,0.03,2.9,FALSE,1.02102727220309,4,0.0718460490782477,1,0.0777777777777778,59,70,830,0,0.289551728999641,-0.00378675638235456
4,6,24,500,0.1,0.03,0.5,FALSE,1.02102727220309,5,0.126897567914879,0.896551724137931,0.355555555555556,52,320,580,6,0.250746811856453,-0.372207856604769
4,6,24,500,0.1,0.03,1.1,FALSE,1.02102727220309,6,0.132096548355953,0.87719298245614,0.393333333333333,50,354,546,7,0.854853049869644,-0.0605011173877147
4,6,24,500,0.1,0.03,0.5,FALSE,1.02102727220309,7,0.137186631060968,0.88135593220339,0.395555555555556,52,356,544,7,0.322162152351489,-0.479101345077707
4,6,24,500,0.1,0.03,0.1,FALSE,1.02102727220309,8,0.0883129921646917,0.88135593220339,0.282222222222222,52,254,646,7,-0.29161739761342,-0.470734009128341
4,6,24,500,0.1,0.03,2.1,FALSE,1.02102727220309,9,0.0460093932658174,0.983050847457627,0.0622222222222222,58,56,844,1,0.0117886509736861,-0.0840841272138148
4,6,24,500,0.1,0.03,0.5,FALSE,1.02102727220309,10,0.0771122228963276,0.789473684210526,0.366666666666667,45,330,570,12,0.280643095421626,-0.00754800646169114
4,6,24,500,0.1,0.05,0.9,FALSE,1.02102727220309,1,0.110063803377454,0.931034482758621,0.271111111111111,54,244,656,4,0.30093598284571,-0.09283082972093
4,6,24,500,0.1,0.05,1.9,FALSE,1.02102727220309,2,0.106139746803172,0.96551724137931,0.213333333333333,56,192,708,2,0.522201319253146,-0.144571181017419
4,6,24,500,0.1,0.05,1.5,FALSE,1.02102727220309,3,0.110976012230217,0.966101694915254,0.222222222222222,57,200,700,2,0.438030973727473,-0.100779213002397
4,6,24,500,0.1,0.05,2.9,FALSE,1.02102727220309,4,0.0649615460591523,1,0.0644444444444444,59,58,842,0,0.291505337106814,0.0131997814715778
4,6,24,500,0.1,0.05,0.7,FALSE,1.02102727220309,5,0.126740412605113,0.948275862068966,0.288888888888889,55,260,640,3,0.254032278334599,-0.343798119831106
4,6,24,500,0.1,0.05,1.1,FALSE,1.02102727220309,6,0.145721342862922,0.912280701754386,0.384444444444444,52,346,554,5,0.846924193401522,-0.120871546662065
4,6,24,500,0.1,0.05,0.3,FALSE,1.02102727220309,7,0.127583510413743,0.830508474576271,0.431111111111111,49,388,512,10,0.339489326478138,-0.475748059902845
4,6,24,500,0.1,0.05,0.3,FALSE,1.02102727220309,8,0.0684056139387057,0.898305084745763,0.217777777777778,53,196,704,6,-0.298899903789353,-0.47733003657236
4,6,24,500,0.1,0.05,1.9,FALSE,1.02102727220309,9,0.0489500996766541,0.983050847457627,0.0666666666666667,58,60,840,1,0.0160499737239833,-0.0647160328417632
4,6,24,500,0.1,0.05,0.1,FALSE,1.02102727220309,10,0.0716448496360395,0.649122807017544,0.502222222222222,37,452,448,20,0.278052950464008,0.0240008674428504
4,6,24,500,0.1,0.1,1.5,FALSE,1.02102727220309,1,0.0706981668494849,0.982758620689655,0.106666666666667,57,96,804,1,-0.0466967334850325,-0.218685643007443
4,6,24,500,0.1,0.1,2.7,FALSE,1.02102727220309,2,0.111102818927726,1,0.171111111111111,58,154,746,0,0.797616531713672,-0.0996587742796229
4,6,24,500,0.1,0.1,0.9,FALSE,1.02102727220309,3,0.127336717481042,0.915254237288136,0.331111111111111,54,298,602,5,0.605154321025881,-0.171458578596996
4,6,24,500,0.1,0.1,0.1,FALSE,1.02102727220309,4,0.114833411626327,0.677966101694915,0.56,40,504,396,19,0.675457556403282,-0.125549711343181
4,6,24,500,0.1,0.1,1.5,FALSE,1.02102727220309,5,0.0911980983703362,0.982758620689655,0.151111111111111,57,136,764,1,0.282817111638798,-0.199672299439781
4,6,24,500,0.1,0.1,0.9,FALSE,1.02102727220309,6,0.186013882722632,0.929824561403509,0.46,53,414,486,4,1.00266696983512,-0.221619022512007
4,6,24,500,0.1,0.1,1.1,FALSE,1.02102727220309,7,0.123488220750472,0.966101694915254,0.253333333333333,57,228,672,2,0.417505343807178,-0.251752089964415
4,6,24,500,0.1,0.1,0.3,FALSE,1.02102727220309,8,0.0589020766940447,0.813559322033898,0.297777777777778,48,268,632,11,-0.0386774494120614,-0.247521372774421
4,6,24,500,0.1,0.1,0.1,FALSE,1.02102727220309,9,0.166343346992818,0.932203389830508,0.404444444444444,55,364,536,4,0.151455937371194,-0.481898352586338
4,6,24,500,0.1,0.1,0.5,FALSE,1.02102727220309,10,0.0987224483007201,0.859649122807018,0.335555555555556,49,302,598,8,0.217972050134866,-0.202570610400446
4,6,24,500,0.25,0.03,1.3,FALSE,1.02102727220309,1,0.19383978478114,0.945205479452055,0.28,138,210,540,8,0.598508186641045,-0.0587096786163176
4,6,24,500,0.25,0.03,0.1,FALSE,1.02102727220309,2,0.141676380483954,0.623287671232877,0.568,91,426,324,55,0.55917408492408,0.021390765264891
4,6,24,500,0.25,0.03,1.3,FALSE,1.02102727220309,3,0.180451903963366,0.883561643835616,0.341333333333333,129,256,494,17,0.762783351881409,0.164004487644485
4,6,24,500,0.25,0.03,2.1,FALSE,1.02102727220309,4,0.156919006968823,0.979452054794521,0.170666666666667,143,128,622,3,0.512922565975644,0.0642224253515693
4,6,24,500,0.25,0.03,0.1,FALSE,1.02102727220309,5,0.097597282336393,0.643835616438356,0.488,94,366,384,52,0.334024746529139,-0.0471948952546523
4,6,24,500,0.25,0.03,1.7,FALSE,1.02102727220309,6,0.156246189404773,0.993103448275862,0.146666666666667,144,110,640,1,0.40720395866872,-0.138481912196687
4,6,24,500,0.25,0.03,1.9,FALSE,1.02102727220309,7,0.0600939939747494,0.993150684931507,0.0346666666666667,145,26,724,1,-0.170146788033839,-0.134228050769306
4,6,24,500,0.25,0.03,0.3,FALSE,1.02102727220309,8,0.164662378956491,0.746575342465753,0.474666666666667,109,356,394,37,0.51898905622145,-0.0596958727418118
4,6,24,500,0.25,0.03,0.9,FALSE,1.02102727220309,9,0.153402419114752,0.904109589041096,0.274666666666667,132,206,544,14,0.293151455173551,-0.0614428667189885
4,6,24,500,0.25,0.03,1.1,FALSE,1.02102727220309,10,0.193660890502951,0.910344827586207,0.328,132,246,504,13,0.449541531986138,-0.131301541009378
4,6,24,500,0.25,0.05,1.7,FALSE,1.02102727220309,1,0.172372373837189,0.965753424657534,0.216,141,162,588,5,0.598841794895544,-0.0494426742808374
4,6,24,500,0.25,0.05,0.3,FALSE,1.02102727220309,2,0.151423622828645,0.684931506849315,0.52,100,390,360,46,0.536754094462645,0.0350910697639674
4,6,24,500,0.25,0.05,1.3,FALSE,1.02102727220309,3,0.174776901945046,0.876712328767123,0.341333333333333,128,256,494,18,0.76101710510827,0.163664193347401
4,6,24,500,0.25,0.05,2.1,FALSE,1.02102727220309,4,0.152952868305281,0.972602739726027,0.176,142,132,618,4,0.534455169198759,0.0809154690495109
4,6,24,500,0.25,0.05,0.9,FALSE,1.02102727220309,5,0.0952279389510971,0.835616438356164,0.277333333333333,122,208,542,24,0.312178748682357,-0.0580891696769233
4,6,24,500,0.25,0.05,1.3,FALSE,1.02102727220309,6,0.147961246818607,0.937931034482759,0.221333333333333,136,166,584,9,0.377081581168,-0.144550880253891
4,6,24,500,0.25,0.05,1.3,FALSE,1.02102727220309,7,0.0561923002580687,0.945205479452055,0.0986666666666667,138,74,676,8,-0.171790007364592,-0.131369554917019
4,6,24,500,0.25,0.05,1.1,FALSE,1.02102727220309,8,0.1528577414801,0.86986301369863,0.317333333333333,127,238,512,19,0.537552820825371,-0.0597067445627453
4,6,24,500,0.25,0.05,1.1,FALSE,1.02102727220309,9,0.139194841399709,0.924657534246575,0.226666666666667,135,170,580,11,0.277265101595452,-0.0582732935561905
4,6,24,500,0.25,0.05,1.3,FALSE,1.02102727220309,10,0.176456764236208,0.937931034482759,0.264,136,198,552,9,0.463549893434746,-0.0871842722419715
4,6,24,500,0.25,0.1,1.5,FALSE,1.02102727220309,1,0.248756609960951,0.979452054794521,0.32,143,240,510,3,0.92799981159727,-0.115037286165145
4,6,24,500,0.25,0.1,0.1,FALSE,1.02102727220309,2,0.155824454904107,0.650684931506849,0.56,95,420,330,51,0.698233866904734,0.0441864330718277
4,6,24,500,0.25,0.1,1.7,FALSE,1.02102727220309,3,0.189956873822568,0.952054794520548,0.264,139,198,552,7,0.797343831427564,0.0213044679065865
4,6,24,500,0.25,0.1,1.5,FALSE,1.02102727220309,4,0.172775026813336,0.931506849315068,0.266666666666667,136,200,550,10,0.629805213707883,-0.0121205337603446
4,6,24,500,0.25,0.1,0.9,FALSE,1.02102727220309,5,0.118552679332946,0.842465753424658,0.301333333333333,123,226,524,23,0.29810783949529,0.0627172999829932
4,6,24,500,0.25,0.1,0.9,FALSE,1.02102727220309,6,0.143274347542601,0.903448275862069,0.261333333333333,131,196,554,14,0.325504116314172,-0.162784336281489
4,6,24,500,0.25,0.1,2.1,FALSE,1.02102727220309,7,0.0762733539387957,1,0.0346666666666667,146,26,724,0,-0.0919105179400905,-0.199556753531472
4,6,24,500,0.25,0.1,1.3,FALSE,1.02102727220309,8,0.154061083373542,0.89041095890411,0.293333333333333,130,220,530,16,0.669142250379788,0.0535154138384316
4,6,24,500,0.25,0.1,0.3,FALSE,1.02102727220309,9,0.105011544084191,0.732876712328767,0.405333333333333,107,304,446,39,0.206058383622876,-0.113542351774419
4,6,24,500,0.25,0.1,1.3,FALSE,1.02102727220309,10,0.195472891048767,0.979310344827586,0.232,142,174,576,3,0.433571188126193,-0.295210375821147
4,10,40,100,0.05,0.03,0.1,FALSE,1.02102727220309,1,0.0777739803128546,0.666666666666667,0.557894736842105,4,106,84,2,0.572157828602016,0.249993669398154
4,10,40,100,0.05,0.03,0.3,FALSE,1.02102727220309,2,0.200818557309009,1,0.621052631578947,5,118,72,0,1.27071065428087,-0.394583293999528
4,10,40,100,0.05,0.03,0.1,FALSE,1.02102727220309,3,0.0245002764364321,0.571428571428571,0.494736842105263,4,94,96,3,0.456982597161504,0.629785361626184
4,10,40,100,0.05,0.03,0.3,FALSE,1.02102727220309,4,0.163055469924753,1,0.515789473684211,5,98,92,0,0.636632985568263,-0.339953356356267
4,10,40,100,0.05,0.03,0.5,FALSE,1.02102727220309,5,0.167138333939479,1,0.484210526315789,6,92,98,0,0.864023916449422,-0.796383831015771
4,10,40,100,0.05,0.03,0.3,FALSE,1.02102727220309,6,0.113884356657254,0.714285714285714,0.589473684210526,5,112,78,2,0.970699608980198,-0.0314890127369808
4,10,40,100,0.05,0.03,1.5,FALSE,1.02102727220309,7,0.103245146583933,1,0.210526315789474,8,40,150,0,0.469991708230817,0.0881112222041628
4,10,40,100,0.05,0.03,0.7,FALSE,1.02102727220309,8,0.0677837595400774,0.8,0.410526315789474,4,78,112,1,0.564622653739467,0.837405662160532
4,10,40,100,0.05,0.03,1.3,FALSE,1.02102727220309,9,0.118033421304695,1,0.315789473684211,6,60,130,0,0.677231474199071,-0.222837446685631
4,10,40,100,0.05,0.03,0.9,FALSE,1.02102727220309,10,0.159744612766174,1,0.505263157894737,5,96,94,0,1.1200156339628,-0.231715566024267
4,10,40,100,0.05,0.05,1.9,FALSE,1.02102727220309,1,0.0842927230423525,1,0.189473684210526,6,36,154,0,0.616019816678721,0.392650822280844
4,10,40,100,0.05,0.05,0.7,FALSE,1.02102727220309,2,0.167924626132632,0.8,0.694736842105263,4,132,58,1,1.7752664142075,0.0891996775593433
4,10,40,100,0.05,0.05,1.3,FALSE,1.02102727220309,3,0.111943415709911,1,0.263157894736842,7,50,140,0,0.667021988697078,0.157894547363385
4,10,40,100,0.05,0.05,0.7,FALSE,1.02102727220309,4,0.156498954873501,1,0.494736842105263,5,94,96,0,0.878836532914698,-0.490987364878711
4,10,40,100,0.05,0.05,1.5,FALSE,1.02102727220309,5,0.132453235706504,1,0.368421052631579,6,70,120,0,1.07647883242908,-0.0598958975776027
4,10,40,100,0.05,0.05,0.1,FALSE,1.02102727220309,6,0.136609294519531,0.714285714285714,0.642105263157895,5,122,68,2,0.912372382381407,-0.0823478961206615
4,10,40,100,0.05,0.05,1.5,FALSE,1.02102727220309,7,0.122459769301319,1,0.273684210526316,8,52,138,0,0.678518383672398,0.659774290728442
4,10,40,100,0.05,0.05,0.7,FALSE,1.02102727220309,8,0.086710996952412,0.8,0.473684210526316,4,90,100,1,0.798506053857009,0.803716393767173
4,10,40,100,0.05,0.05,0.5,FALSE,1.02102727220309,9,0.123967813549887,0.833333333333333,0.526315789473684,5,100,90,1,1.08194479919664,0.146927006589844
4,10,40,100,0.05,0.05,0.3,FALSE,1.02102727220309,10,0.140576753375424,0.8,0.631578947368421,4,120,70,1,1.36679075206391,0.141705758862693
4,10,40,100,0.05,0.1,1.1,FALSE,1.02102727220309,1,0.11520551728461,1,0.305263157894737,6,58,132,0,0.606523798146851,-0.121183077983822
4,10,40,100,0.05,0.1,0.5,FALSE,1.02102727220309,2,0.229415733870562,1,0.684210526315789,5,130,60,0,1.99279246938597,-0.307868649898856
4,10,40,100,0.05,0.1,0.3,FALSE,1.02102727220309,3,0.113884356657254,0.714285714285714,0.589473684210526,5,112,78,2,1.16374561973626,0.408331644705885
4,10,40,100,0.05,0.1,0.1,FALSE,1.02102727220309,4,0.184541939824473,1,0.578947368421053,5,110,80,0,0.99852618002002,-0.696758042136688
4,10,40,100,0.05,0.1,0.5,FALSE,1.02102727220309,5,0.143309334759486,0.833333333333333,0.578947368421053,5,110,80,1,1.32746601847427,0.439499717619821
4,10,40,100,0.05,0.1,0.1,FALSE,1.02102727220309,6,0.118243957654772,0.714285714285714,0.6,5,114,76,2,0.94797655037476,-0.0356188068343386
4,10,40,100,0.05,0.1,1.3,FALSE,1.02102727220309,7,0.0362738125055006,0.75,0.336842105263158,6,64,126,2,0.771964587700239,0.969568190121868
4,10,40,100,0.05,0.1,0.5,FALSE,1.02102727220309,8,0.086710996952412,0.8,0.473684210526316,4,90,100,1,0.879148752059982,0.442152355434885
4,10,40,100,0.05,0.1,2.7,FALSE,1.02102727220309,9,0.0956100111820261,1,0.231578947368421,6,44,146,0,1.21711966654232,0.842073667589449
4,10,40,100,0.05,0.1,0.9,FALSE,1.02102727220309,10,0.144800040662221,0.8,0.642105263157895,4,122,68,1,1.79361286020651,0.382535516815585
4,10,40,100,0.1,0.03,0.1,FALSE,1.02102727220309,1,0.151141730980636,0.833333333333333,0.477777777777778,10,86,94,2,0.170136562311421,-0.26121006112943
4,10,40,100,0.1,0.03,0.3,FALSE,1.02102727220309,2,0.0960346885066768,0.583333333333333,0.611111111111111,7,110,70,5,0.981485480568973,0.53285110959737
4,10,40,100,0.1,0.03,0.1,FALSE,1.02102727220309,3,0.167374742825922,0.916666666666667,0.422222222222222,11,76,104,1,0.205347718035281,-0.525327189913851
4,10,40,100,0.1,0.03,0.3,FALSE,1.02102727220309,4,0.265077787684609,0.916666666666667,0.622222222222222,11,112,68,1,0.860141275269904,-0.14882077988103
4,10,40,100,0.1,0.03,0.3,FALSE,1.02102727220309,5,0.157747337516162,0.846153846153846,0.466666666666667,11,84,96,2,0.436318794082632,-0.170738402407494
4,10,40,100,0.1,0.03,0.9,FALSE,1.02102727220309,6,0.172163923960107,0.916666666666667,0.433333333333333,11,78,102,1,0.667444905638894,0.0952291238366399
4,10,40,100,0.1,0.03,0.5,FALSE,1.02102727220309,7,0.223343537860045,0.916666666666667,0.544444444444444,11,98,82,1,0.999342874876406,-0.0243993581801508
4,10,40,100,0.1,0.03,2.1,FALSE,1.02102727220309,8,0.123198713552781,1,0.211111111111111,11,38,142,0,0.632702519294325,0.289716705644947
4,10,40,100,0.1,0.03,1.1,FALSE,1.02102727220309,9,0.172163923960107,0.916666666666667,0.433333333333333,11,78,102,1,1.17550051927782,0.283062725456154
4,10,40,100,0.1,0.03,1.1,FALSE,1.02102727220309,10,0.116632587733859,0.909090909090909,0.322222222222222,10,58,122,1,0.458187395995344,0.24674094602014
4,10,40,100,0.1,0.05,0.3,FALSE,1.02102727220309,1,0.106171763683151,0.833333333333333,0.377777777777778,10,68,112,2,0.254309730865567,-0.00311444325156669
4,10,40,100,0.1,0.05,0.1,FALSE,1.02102727220309,2,0.0492864058090144,0.5,0.6,6,108,72,6,0.92837333545785,0.570132341279146
4,10,40,100,0.1,0.05,0.1,FALSE,1.02102727220309,3,0.186810855591705,0.916666666666667,0.466666666666667,11,84,96,1,0.326517037268129,-0.46111750299408
4,10,40,100,0.1,0.05,0.1,FALSE,1.02102727220309,4,0.252455608811232,0.916666666666667,0.6,11,108,72,1,0.796141477821376,-0.526360355975866
4,10,40,100,0.1,0.05,1.1,FALSE,1.02102727220309,5,0.123863026182524,0.923076923076923,0.3,12,54,126,1,0.454895168345113,0.272439344243287
4,10,40,100,0.1,0.05,0.5,FALSE,1.02102727220309,6,0.240430799880355,0.916666666666667,0.577777777777778,11,104,76,1,0.898946072248854,-0.330617639754045
4,10,40,100,0.1,0.05,0.7,FALSE,1.02102727220309,7,0.207198221870162,0.916666666666667,0.511111111111111,11,92,88,1,1.24018988235808,0.0117467103006981
4,10,40,100,0.1,0.05,0.7,FALSE,1.02102727220309,8,0.195855701655521,0.909090909090909,0.511111111111111,10,92,88,1,0.975420881366137,-0.275528970289552
4,10,40,100,0.1,0.05,1.9,FALSE,1.02102727220309,9,0.182574185835055,1,0.355555555555556,12,64,116,0,1.31561082207219,0.175851335443943
4,10,40,100,0.1,0.05,1.1,FALSE,1.02102727220309,10,0.116632587733859,0.909090909090909,0.322222222222222,10,58,122,1,0.657642987011846,0.249058054953807
4,10,40,100,0.1,0.1,0.3,FALSE,1.02102727220309,1,0.0436435780471985,0.666666666666667,0.422222222222222,8,76,104,4,0.331763988645039,0.827006676276868
4,10,40,100,0.1,0.1,0.5,FALSE,1.02102727220309,2,0.0787227167260831,0.583333333333333,0.577777777777778,7,104,76,5,0.857226348202693,0.499130165773321
4,10,40,100,0.1,0.1,0.1,FALSE,1.02102727220309,3,0.190186593036786,0.75,0.633333333333333,9,114,66,3,0.704882743571402,-0.283635269750813
4,10,40,100,0.1,0.1,0.5,FALSE,1.02102727220309,4,0.200116976176107,0.833333333333333,0.577777777777778,10,104,76,2,0.906671374927993,-0.102435174919199
4,10,40,100,0.1,0.1,1.7,FALSE,1.02102727220309,5,0.0942091964158817,0.923076923076923,0.233333333333333,12,42,138,1,0.529082071042811,0.517594420350741
4,10,40,100,0.1,0.1,0.5,FALSE,1.02102727220309,6,0.224526959796621,0.833333333333333,0.622222222222222,10,112,68,2,1.26471125563139,0.135126456650792
4,10,40,100,0.1,0.1,0.7,FALSE,1.02102727220309,7,0.206023348733579,0.833333333333333,0.588888888888889,10,106,74,2,1.43423385506087,0.113022347677205
4,10,40,100,0.1,0.1,1.1,FALSE,1.02102727220309,8,0.176148092637429,0.909090909090909,0.466666666666667,10,84,96,1,1.22924745142877,0.0582473199656899
4,10,40,100,0.1,0.1,0.3,FALSE,1.02102727220309,9,0.165589162768658,0.75,0.588888888888889,9,106,74,3,1.45372131876184,0.350194288814366
4,10,40,100,0.1,0.1,2.1,FALSE,1.02102727220309,10,0.0937146473596338,1,0.133333333333333,11,24,156,0,0.639308369144204,0.522893277208314
4,10,40,100,0.25,0.03,0.3,FALSE,1.02102727220309,1,0.322322647426486,0.793103448275862,0.64,23,96,54,6,1.27195102992151,-0.0840300784937734
4,10,40,100,0.25,0.03,0.9,FALSE,1.02102727220309,2,0.15348515337873,0.866666666666667,0.32,26,48,102,4,0.283129413723133,0.0526003780567886
4,10,40,100,0.25,0.03,0.3,FALSE,1.02102727220309,3,0.218595405749781,0.633333333333333,0.653333333333333,19,98,52,11,1.12284435208748,0.176464418199582
4,10,40,100,0.25,0.03,0.1,FALSE,1.02102727220309,4,0.189349779913282,0.655172413793103,0.6,19,90,60,10,0.478586034195245,-0.0236029878168978
4,10,40,100,0.25,0.03,2.1,FALSE,1.02102727220309,5,0.162249148918527,1,0.146666666666667,28,22,128,0,0.450514900619998,0.015369358634068
4,10,40,100,0.25,0.03,1.9,FALSE,1.02102727220309,6,0.0698850574712644,0.896551724137931,0.173333333333333,26,26,124,3,0.339481897707085,0.21340671054842
4,10,40,100,0.25,0.03,0.5,FALSE,1.02102727220309,7,0.0960001451799135,0.571428571428571,0.56,16,84,66,12,1.02202808461288,0.866699384500653
4,10,40,100,0.25,0.03,1.1,FALSE,1.02102727220309,8,0.27374331136449,1,0.333333333333333,29,50,100,0,0.516343861467909,-0.400224028934906
4,10,40,100,0.25,0.03,1.1,FALSE,1.02102727220309,9,0.259410399215966,0.928571428571429,0.413333333333333,26,62,88,2,0.776365672736038,-0.316246298777211
4,10,40,100,0.25,0.03,1.1,FALSE,1.02102727220309,10,0.201475070165147,0.862068965517241,0.4,25,60,90,4,0.776366950649375,0.157790190445795
4,10,40,100,0.25,0.05,0.3,FALSE,1.02102727220309,1,0.285625306710831,0.827586206896552,0.56,24,84,66,5,1.32969455710015,-0.197727736997725
4,10,40,100,0.25,0.05,0.5,FALSE,1.02102727220309,2,0.180759030261052,0.866666666666667,0.36,26,54,96,4,0.517828977437574,-0.191554642017455
4,10,40,100,0.25,0.05,2.1,FALSE,1.02102727220309,3,0.210786074565587,0.933333333333333,0.32,28,48,102,2,1.44300433400572,0.433879330681877
4,10,40,100,0.25,0.05,0.9,FALSE,1.02102727220309,4,0.228080663540803,0.862068965517241,0.44,25,66,84,4,0.73779321941532,-0.0164935879137194
4,10,40,100,0.25,0.05,1.9,FALSE,1.02102727220309,5,0.157719332813691,0.964285714285714,0.2,27,30,120,1,0.657775575909896,0.379788502352176
4,10,40,100,0.25,0.05,0.1,FALSE,1.02102727220309,6,0.0646671052759305,0.620689655172414,0.466666666666667,18,70,80,11,0.336606417353299,0.37198935225806
4,10,40,100,0.25,0.05,1.7,FALSE,1.02102727220309,7,0.15085427406714,0.857142857142857,0.333333333333333,24,50,100,4,0.881487909968031,0.483301915182461
4,10,40,100,0.25,0.05,1.5,FALSE,1.02102727220309,8,0.195342165813653,0.96551724137931,0.253333333333333,28,38,112,1,0.58495718931208,-0.0959930567134483
4,10,40,100,0.25,0.05,1.3,FALSE,1.02102727220309,9,0.276182090263705,0.928571428571429,0.44,26,66,84,2,1.01265871597663,0.000959077390515687
4,10,40,100,0.25,0.05,1.7,FALSE,1.02102727220309,10,0.159000878651263,0.896551724137931,0.293333333333333,26,44,106,3,0.801993255495776,0.43959063183954
4,10,40,100,0.25,0.1,1.9,FALSE,1.02102727220309,1,0.328015552830275,1,0.426666666666667,29,64,86,0,1.52760428104181,0.141560357902813
4,10,40,100,0.25,0.1,2.9,FALSE,1.02102727220309,2,0.146119001253202,0.966666666666667,0.173333333333333,29,26,124,1,0.952734533795315,0.469548238302374
4,10,40,100,0.25,0.1,0.1,FALSE,1.02102727220309,3,0.255162090263605,0.533333333333333,0.773333333333333,16,116,34,14,1.49949368498976,0.459973630762592
4,10,40,100,0.25,0.1,1.9,FALSE,1.02102727220309,4,0.169942330905609,0.96551724137931,0.213333333333333,28,32,118,1,0.821292576715325,0.187298055178275
4,10,40,100,0.25,0.1,0.5,FALSE,1.02102727220309,5,0.180320915358237,0.714285714285714,0.533333333333333,20,80,70,8,0.812641663655422,0.15395322380724
4,10,40,100,0.25,0.1,2.9,FALSE,1.02102727220309,6,0.081885299731629,1,0.04,29,6,144,0,0.563373126548172,0.289795919495405
4,10,40,100,0.25,0.1,0.5,FALSE,1.02102727220309,7,0.258589380712423,0.821428571428571,0.533333333333333,23,80,70,5,0.860599624164533,0.290919287496179
4,10,40,100,0.25,0.1,0.9,FALSE,1.02102727220309,8,0.290158816366943,0.896551724137931,0.493333333333333,26,74,76,3,1.24544967978677,0.0851157270673992
4,10,40,100,0.25,0.1,0.5,FALSE,1.02102727220309,9,0.320373152211498,0.892857142857143,0.546666666666667,25,82,68,3,1.12885125680091,-0.14305143151727
4,10,40,100,0.25,0.1,1.7,FALSE,1.02102727220309,10,0.259971917554334,0.96551724137931,0.36,28,54,96,1,0.923404023729766,0.300314687210941
4,10,40,300,0.05,0.03,1.9,FALSE,1.02102727220309,1,0.0563436035898268,0.941176470588235,0.189473684210526,16,108,462,1,0.492081012499793,0.308910287253483
4,10,40,300,0.05,0.03,2.3,FALSE,1.02102727220309,2,0.0993399267798783,1,0.245614035087719,18,140,430,0,1.07216646620297,0.375470072591626
4,10,40,300,0.05,0.03,1.7,FALSE,1.02102727220309,3,0.0805407055371081,1,0.192982456140351,16,110,460,0,0.424074918630811,0.425471340739568
4,10,40,300,0.05,0.03,1.5,FALSE,1.02102727220309,4,0.14859228084639,0.941176470588235,0.501754385964912,16,286,284,1,1.53119109800259,0.276404694465537
4,10,40,300,0.05,0.03,0.5,FALSE,1.02102727220309,5,0.0661371653800433,0.705882352941177,0.491228070175439,12,280,290,5,0.874089519420535,0.192511158587411
4,10,40,300,0.05,0.03,1.7,FALSE,1.02102727220309,6,0.0845121085209364,0.9375,0.298245614035088,15,170,400,1,0.867528679693871,0.0934895878439101
4,10,40,300,0.05,0.03,1.7,FALSE,1.02102727220309,7,0.100271051112926,1,0.249122807017544,18,142,428,0,0.719317132743793,-0.117356791077112
4,10,40,300,0.05,0.03,0.1,FALSE,1.02102727220309,8,0.1573993734743,0.882352941176471,0.582456140350877,15,332,238,2,0.907080346410492,-0.273066526377594
4,10,40,300,0.05,0.03,1.5,FALSE,1.02102727220309,9,0.0702408690445822,0.941176470588235,0.235087719298246,16,134,436,1,0.497986102483794,0.0895282398362515
4,10,40,300,0.05,0.03,1.3,FALSE,1.02102727220309,10,0.0805407055371081,1,0.192982456140351,16,110,460,0,0.264181849203056,-0.371052932265824
4,10,40,300,0.05,0.05,1.3,FALSE,1.02102727220309,1,0.0676056996329721,0.882352941176471,0.301754385964912,15,172,398,2,0.750581986886947,-0.0421108710800694
4,10,40,300,0.05,0.05,1.1,FALSE,1.02102727220309,2,0.0991499042456269,0.833333333333333,0.452631578947368,15,258,312,3,1.17520789069727,0.530825667391872
4,10,40,300,0.05,0.05,1.5,FALSE,1.02102727220309,3,0.0825755809636061,0.9375,0.291228070175439,15,166,404,1,0.815255446234354,0.0803254844955971
4,10,40,300,0.05,0.05,0.5,FALSE,1.02102727220309,4,0.171007756690808,0.823529411764706,0.663157894736842,14,378,192,3,1.9063984438501,-0.0166165790827865
4,10,40,300,0.05,0.05,0.5,FALSE,1.02102727220309,5,0.0779374434583266,0.705882352941177,0.526315789473684,12,300,270,5,1.14415377411858,0.298634704572167
4,10,40,300,0.05,0.05,0.7,FALSE,1.02102727220309,6,0.0889590866556342,0.75,0.52280701754386,12,298,272,4,1.09313403642454,0.498027427356903
4,10,40,300,0.05,0.05,0.7,FALSE,1.02102727220309,7,0.143455703039219,1,0.407017543859649,18,232,338,0,0.794741341350745,-0.298922983703937
4,10,40,300,0.05,0.05,1.1,FALSE,1.02102727220309,8,0.127672320547462,0.941176470588235,0.435087719298246,16,248,322,1,1.20639559698444,-0.0193269834208066
4,10,40,300,0.05,0.05,2.7,FALSE,1.02102727220309,9,0.073490312345803,1,0.157894736842105,17,90,480,0,0.712782001583095,0.402908162775038
4,10,40,300,0.05,0.05,0.1,FALSE,1.02102727220309,10,0.0960258364408091,0.75,0.543859649122807,12,310,260,4,0.588444080835366,-0.399032908420093
4,10,40,300,0.05,0.1,0.1,FALSE,1.02102727220309,1,0.121034925955222,0.823529411764706,0.536842105263158,14,306,264,3,0.677186414224913,-0.0444265249277335
4,10,40,300,0.05,0.1,2.7,FALSE,1.02102727220309,2,0.0649407697444697,0.944444444444444,0.207017543859649,17,118,452,1,1.09530338071691,0.701925732697623
4,10,40,300,0.05,0.1,0.7,FALSE,1.02102727220309,3,0.129072908142098,0.9375,0.456140350877193,15,260,310,1,0.970325119039065,-0.154344209381605
4,10,40,300,0.05,0.1,0.3,FALSE,1.02102727220309,4,0.193126171760701,0.882352941176471,0.666666666666667,15,380,190,2,2.24814365321647,-0.271238258603075
4,10,40,300,0.05,0.1,0.3,FALSE,1.02102727220309,5,0.124731589093373,0.823529411764706,0.547368421052632,14,312,258,3,1.42403069732801,-0.346630379300097
4,10,40,300,0.05,0.1,1.3,FALSE,1.02102727220309,6,0.108763212759928,0.9375,0.385964912280702,15,220,350,1,1.05971014856087,0.165882354076797
4,10,40,300,0.05,0.1,0.3,FALSE,1.02102727220309,7,0.168517095988039,0.944444444444444,0.543859649122807,17,310,260,1,1.02741024908928,-0.401978472431952
4,10,40,300,0.05,0.1,0.9,FALSE,1.02102727220309,8,0.138329931679388,0.882352941176471,0.529824561403509,15,302,268,2,1.52280465138393,0.158791947369984
4,10,40,300,0.05,0.1,1.9,FALSE,1.02102727220309,9,0.0712721273088393,0.941176470588235,0.23859649122807,16,136,434,1,0.786465821824774,0.281940620194981
4,10,40,300,0.05,0.1,0.9,FALSE,1.02102727220309,10,0.107778659773711,0.9375,0.382456140350877,15,218,352,1,0.714212725771937,-0.44985040835405
4,10,40,300,0.1,0.03,0.5,FALSE,1.02102727220309,1,0.159880290544345,0.942857142857143,0.377777777777778,33,204,336,2,0.394878914822472,-0.355781851804716
4,10,40,300,0.1,0.03,0.3,FALSE,1.02102727220309,2,0.150293348228943,0.676470588235294,0.633333333333333,23,342,198,11,0.95898075413798,0.0117632707421599
4,10,40,300,0.1,0.03,0.5,FALSE,1.02102727220309,3,0.217867133593304,0.916666666666667,0.533333333333333,33,288,252,3,0.938767769131285,-0.286302323384546
4,10,40,300,0.1,0.03,0.5,FALSE,1.02102727220309,4,0.126983201548393,0.828571428571429,0.433333333333333,29,234,306,6,0.500598866259001,-0.0660840372932681
4,10,40,300,0.1,0.03,2.5,FALSE,1.02102727220309,5,0.0935139346144637,1,0.12962962962963,34,70,470,0,0.603414845936452,0.289556942080106
4,10,40,300,0.1,0.03,1.5,FALSE,1.02102727220309,6,0.212418968039991,1,0.437037037037037,35,236,304,0,1.30730757650939,-0.111234177445659
4,10,40,300,0.1,0.03,2.1,FALSE,1.02102727220309,7,0.113973793111055,1,0.177777777777778,35,96,444,0,0.710395793710182,0.166945145719752
4,10,40,300,0.1,0.03,1.5,FALSE,1.02102727220309,8,0.111303996793808,0.916666666666667,0.288888888888889,33,156,384,3,0.789204080448549,0.148636386440233
4,10,40,300,0.1,0.03,2.5,FALSE,1.02102727220309,9,0.0821810249010429,0.971428571428571,0.148148148148148,34,80,460,1,0.686346475380663,0.358449842219931
4,10,40,300,0.1,0.03,0.1,FALSE,1.02102727220309,10,0.194729311361267,0.714285714285714,0.674074074074074,25,364,176,10,1.05504289960124,0.0819994840018299
4,10,40,300,0.1,0.05,0.3,FALSE,1.02102727220309,1,0.118066224312708,0.8,0.444444444444444,28,240,300,7,0.506651296237088,-0.279779779654119
4,10,40,300,0.1,0.05,0.5,FALSE,1.02102727220309,2,0.226544650784733,0.911764705882353,0.566666666666667,31,306,234,3,1.35910552091164,-0.253221451509428
4,10,40,300,0.1,0.05,0.3,FALSE,1.02102727220309,3,0.211763548142878,0.888888888888889,0.548148148148148,32,296,244,4,0.975225526240769,-0.300905919372871
4,10,40,300,0.1,0.05,0.1,FALSE,1.02102727220309,4,0.0893708290576931,0.657142857142857,0.52962962962963,23,286,254,12,0.669076076083821,0.121694642873828
4,10,40,300,0.1,0.05,1.7,FALSE,1.02102727220309,5,0.0980713900795614,0.911764705882353,0.27037037037037,31,146,394,3,0.828717411756836,0.146796381260735
4,10,40,300,0.1,0.05,0.5,FALSE,1.02102727220309,6,0.244107517414062,0.857142857142857,0.640740740740741,30,346,194,5,1.70272517953557,-0.231835846462039
4,10,40,300,0.1,0.05,1.1,FALSE,1.02102727220309,7,0.124834988086037,0.885714285714286,0.362962962962963,31,196,344,4,0.860402589942203,0.170981287094402
4,10,40,300,0.1,0.05,2.1,FALSE,1.02102727220309,8,0.106430384168539,0.972222222222222,0.2,35,108,432,1,0.885530728497791,0.0717514690733057
4,10,40,300,0.1,0.05,0.5,FALSE,1.02102727220309,9,0.118066224312708,0.8,0.444444444444444,28,240,300,7,0.597667069683077,-0.177723990612153
4,10,40,300,0.1,0.05,1.1,FALSE,1.02102727220309,10,0.155718566975338,0.857142857142857,0.466666666666667,30,252,288,5,1.28209471213693,0.15510001319727
4,10,40,300,0.1,0.1,1.1,FALSE,1.02102727220309,1,0.170471542178712,1,0.32962962962963,35,178,362,0,0.617471989472084,-0.461644065459532
4,10,40,300,0.1,0.1,1.1,FALSE,1.02102727220309,2,0.209492620510974,0.970588235294118,0.47037037037037,33,254,286,1,1.2472284258471,-0.205051103438324
4,10,40,300,0.1,0.1,0.3,FALSE,1.02102727220309,3,0.188615791394523,0.805555555555556,0.581481481481481,29,314,226,7,1.21482600686679,-0.0467512886406185
4,10,40,300,0.1,0.1,1.1,FALSE,1.02102727220309,4,0.158332137306904,0.971428571428571,0.337037037037037,34,182,358,1,0.732101026550091,-0.194861044000356
4,10,40,300,0.1,0.1,1.9,FALSE,1.02102727220309,5,0.118084574227495,0.911764705882353,0.318518518518519,31,172,368,3,1.19969164429227,0.134316894900758
4,10,40,300,0.1,0.1,0.1,FALSE,1.02102727220309,6,0.246719689767999,0.742857142857143,0.72962962962963,26,394,146,9,1.90393693466836,-0.306453465134431
4,10,40,300,0.1,0.1,0.1,FALSE,1.02102727220309,7,0.199566062089316,0.8,0.611111111111111,28,330,210,7,1.1551858595891,-0.209457232041559
4,10,40,300,0.1,0.1,0.5,FALSE,1.02102727220309,8,0.168097442751478,0.861111111111111,0.485185185185185,31,262,278,5,1.10474705656512,-0.0326211075087086
4,10,40,300,0.1,0.1,0.9,FALSE,1.02102727220309,9,0.118560866840147,0.885714285714286,0.348148148148148,31,188,352,4,0.726647639085595,-0.231085378025155
4,10,40,300,0.1,0.1,1.9,FALSE,1.02102727220309,10,0.175786633801216,0.971428571428571,0.381481481481481,34,206,334,1,1.61096890889965,0.101271814644198
4,10,40,300,0.25,0.03,2.1,FALSE,1.02102727220309,1,0.182387203423028,0.988505747126437,0.195555555555556,86,88,362,1,0.661126612724147,-0.143006312594029
4,10,40,300,0.25,0.03,0.9,FALSE,1.02102727220309,2,0.207292751951839,0.850574712643678,0.422222222222222,74,190,260,13,0.813283098323186,-0.0398278727513612
4,10,40,300,0.25,0.03,1.1,FALSE,1.02102727220309,3,0.192295919988267,0.908045977011494,0.328888888888889,79,148,302,8,0.668827446277261,-0.175709875540617
4,10,40,300,0.25,0.03,2.5,FALSE,1.02102727220309,4,0.171025619668797,1,0.155555555555556,88,70,380,0,0.650839926747701,0.0497297009589855
4,10,40,300,0.25,0.03,0.7,FALSE,1.02102727220309,5,0.143993459775972,0.816091954022989,0.368888888888889,71,166,284,16,0.423050159236631,-0.0493798285177964
4,10,40,300,0.25,0.03,0.1,FALSE,1.02102727220309,6,0.0698816227996253,0.666666666666667,0.426666666666667,58,192,258,29,0.00492851992586262,-0.134464286540656
4,10,40,300,0.25,0.03,1.9,FALSE,1.02102727220309,7,0.214278465593611,0.977011494252874,0.266666666666667,85,120,330,2,0.855312395619871,-0.0232079262587338
4,10,40,300,0.25,0.03,1.3,FALSE,1.02102727220309,8,0.152447474123795,0.852272727272727,0.337777777777778,75,152,298,13,0.791777005838534,0.163465819168085
4,10,40,300,0.25,0.03,1.7,FALSE,1.02102727220309,9,0.231218605597394,0.909090909090909,0.386666666666667,80,174,276,8,1.16067436950021,0.163490784086407
4,10,40,300,0.25,0.03,0.1,FALSE,1.02102727220309,10,0.246321248176788,0.730337078651685,0.6,65,270,180,24,0.739671462513055,-0.213055061258531
4,10,40,300,0.25,0.05,0.9,FALSE,1.02102727220309,1,0.183485393703667,0.850574712643678,0.386666666666667,74,174,276,13,0.722402530301393,-0.0130578327290686
4,10,40,300,0.25,0.05,1.7,FALSE,1.02102727220309,2,0.202154069950516,0.942528735632184,0.297777777777778,82,134,316,5,0.907822896613989,-0.013362598731453
4,10,40,300,0.25,0.05,0.9,FALSE,1.02102727220309,3,0.275804519626386,0.873563218390805,0.497777777777778,76,224,226,11,1.36448206444841,-0.0661369690814631
4,10,40,300,0.25,0.05,1.7,FALSE,1.02102727220309,4,0.207411622947819,0.977272727272727,0.253333333333333,86,114,336,2,0.859654865522892,-0.062800321371613
4,10,40,300,0.25,0.05,0.3,FALSE,1.02102727220309,5,0.184288467402283,0.747126436781609,0.502222222222222,65,226,224,22,0.582336394420542,-0.0551094098509612
4,10,40,300,0.25,0.05,0.1,FALSE,1.02102727220309,6,0.0950401596218266,0.71264367816092,0.413333333333333,62,186,264,25,0.117889619411118,-0.135738759266429
4,10,40,300,0.25,0.05,1.9,FALSE,1.02102727220309,7,0.248590237202804,0.977011494252874,0.324444444444444,85,146,304,2,1.11776747104298,-0.0318498350444806
4,10,40,300,0.25,0.05,0.7,FALSE,1.02102727220309,8,0.196945380762331,0.784090909090909,0.48,69,216,234,19,0.923138708091744,0.158253306857484
4,10,40,300,0.25,0.05,0.9,FALSE,1.02102727220309,9,0.275211917838044,0.829545454545455,0.542222222222222,73,244,206,15,1.32519868652246,0.00204982967735182
4,10,40,300,0.25,0.05,0.5,FALSE,1.02102727220309,10,0.212247870184191,0.831460674157303,0.448888888888889,74,202,248,15,0.792291097655141,-0.16680125977286
4,10,40,300,0.25,0.1,1.1,FALSE,1.02102727220309,1,0.239627509845475,0.931034482758621,0.373333333333333,81,168,282,6,0.915181437171712,-0.0763218430391845
4,10,40,300,0.25,0.1,0.9,FALSE,1.02102727220309,2,0.2432558063047,0.850574712643678,0.475555555555556,74,214,236,13,1.21942650514353,0.0816452150581951
4,10,40,300,0.25,0.1,1.1,FALSE,1.02102727220309,3,0.257615482058703,0.885057471264368,0.457777777777778,77,206,244,10,1.30001418999353,0.0186944471736535
4,10,40,300,0.25,0.1,2.1,FALSE,1.02102727220309,4,0.205084523631926,0.988636363636364,0.231111111111111,87,104,346,1,0.965609862489771,-0.0604909104963442
4,10,40,300,0.25,0.1,0.9,FALSE,1.02102727220309,5,0.190043912488319,0.873563218390805,0.368888888888889,76,166,284,11,0.75013245487503,-0.0148750020649688
4,10,40,300,0.25,0.1,0.5,FALSE,1.02102727220309,6,0.142927074058241,0.885057471264368,0.284444444444444,77,128,322,10,0.0801868447454893,-0.214811541946201
4,10,40,300,0.25,0.1,1.1,FALSE,1.02102727220309,7,0.261567393064144,0.850574712643678,0.502222222222222,74,226,224,13,1.34053169803463,0.0611669599555511
4,10,40,300,0.25,0.1,1.1,FALSE,1.02102727220309,8,0.188580035621363,0.852272727272727,0.391111111111111,75,176,274,13,1.04152575972643,0.218179258731218
4,10,40,300,0.25,0.1,0.7,FALSE,1.02102727220309,9,0.257918183852824,0.761363636363636,0.586666666666667,67,264,186,21,1.54925485156719,0.0767777621150195
4,10,40,300,0.25,0.1,0.7,FALSE,1.02102727220309,10,0.28871919709225,0.887640449438202,0.497777777777778,79,224,226,10,1.19354416681991,-0.165103185121256
4,10,40,500,0.05,0.03,0.3,FALSE,1.02102727220309,1,0.0709916377848217,0.666666666666667,0.538947368421053,20,512,438,10,0.743708434150745,0.165600661577342
4,10,40,500,0.05,0.03,0.9,FALSE,1.02102727220309,2,0.11381291554761,0.931034482758621,0.395789473684211,27,376,574,2,0.754696100466888,-0.291294082590298
4,10,40,500,0.05,0.03,0.9,FALSE,1.02102727220309,3,0.133228203737507,0.928571428571429,0.469473684210526,26,446,504,2,1.03574134463748,0.0330093022837363
4,10,40,500,0.05,0.03,1.7,FALSE,1.02102727220309,4,0.0864455668708744,0.96551724137931,0.254736842105263,28,242,708,1,0.69494626393394,0.125644246104926
4,10,40,500,0.05,0.03,0.3,FALSE,1.02102727220309,5,0.0807663223963637,0.678571428571429,0.562105263157895,19,534,416,9,0.934442095154512,0.276477092352131
4,10,40,500,0.05,0.03,0.5,FALSE,1.02102727220309,6,0.130914070497902,0.870967741935484,0.503157894736842,27,478,472,4,0.843833198500185,-0.104735291325349
4,10,40,500,0.05,0.03,1.7,FALSE,1.02102727220309,7,0.0340986414669068,0.862068965517241,0.221052631578947,25,210,740,4,0.616632820347552,0.491287122523849
4,10,40,500,0.05,0.03,1.7,FALSE,1.02102727220309,8,0.0730877849689594,1,0.145263157894737,31,138,812,0,0.281866246512478,-0.0728712226418962
4,10,40,500,0.05,0.03,1.9,FALSE,1.02102727220309,9,0.0645087363849521,0.96551724137931,0.178947368421053,28,170,780,1,0.586054072613605,0.105802429013873
4,10,40,500,0.05,0.03,0.5,FALSE,1.02102727220309,10,0.126325105140016,0.821428571428571,0.55578947368421,23,528,422,5,0.994460678021337,-0.162881747188463
4,10,40,500,0.05,0.05,2.1,FALSE,1.02102727220309,1,0.0811101103162907,0.966666666666667,0.229473684210526,29,218,732,1,0.877167327131754,0.259534952705251
4,10,40,500,0.05,0.05,0.1,FALSE,1.02102727220309,2,0.159563609954881,0.931034482758621,0.538947368421053,27,512,438,2,0.709185800169497,-0.45517433967193
4,10,40,500,0.05,0.05,0.1,FALSE,1.02102727220309,3,0.156026359210581,0.785714285714286,0.661052631578947,22,628,322,6,1.20943548621586,-0.392322077692392
4,10,40,500,0.05,0.05,0.7,FALSE,1.02102727220309,4,0.120708276225665,0.931034482758621,0.418947368421053,27,398,552,2,0.8287620084362,-0.144306178703475
4,10,40,500,0.05,0.05,0.5,FALSE,1.02102727220309,5,0.139775836570548,0.857142857142857,0.56,24,532,418,4,1.28034692458672,0.0164060763808513
4,10,40,500,0.05,0.05,0.5,FALSE,1.02102727220309,6,0.119622347415105,0.838709677419355,0.503157894736842,26,478,472,5,1.08222449071298,-0.0859521646296119
4,10,40,500,0.05,0.05,0.9,FALSE,1.02102727220309,7,0.0849323441487246,0.827586206896552,0.418947368421053,24,398,552,5,0.913789127593961,0.246036371215687
4,10,40,500,0.05,0.05,0.7,FALSE,1.02102727220309,8,0.105152973955447,0.967741935483871,0.307368421052632,30,292,658,1,0.402533845437935,-0.425629820052817
4,10,40,500,0.05,0.05,2.3,FALSE,1.02102727220309,9,0.0823627690828456,1,0.187368421052632,29,178,772,0,0.851681324461418,0.0876578987978344
4,10,40,500,0.05,0.05,0.7,FALSE,1.02102727220309,10,0.164398763964465,0.964285714285714,0.528421052631579,27,502,448,1,1.21740045198131,-0.317085788219531
4,10,40,500,0.05,0.1,1.7,FALSE,1.02102727220309,1,0.08891812384738,0.966666666666667,0.256842105263158,29,244,706,1,0.732875799077218,0.121203775858446
4,10,40,500,0.05,0.1,0.7,FALSE,1.02102727220309,2,0.119444980873561,0.931034482758621,0.414736842105263,27,394,556,2,0.771092721585695,-0.253239247807496
4,10,40,500,0.05,0.1,0.9,FALSE,1.02102727220309,3,0.134189613388039,0.892857142857143,0.509473684210526,25,484,466,3,1.15252546197921,-0.0158268536220198
4,10,40,500,0.05,0.1,1.1,FALSE,1.02102727220309,4,0.124017686037097,1,0.345263157894737,29,328,622,0,0.922388666176437,-0.242079536376094
4,10,40,500,0.05,0.1,0.9,FALSE,1.02102727220309,5,0.113999902639182,0.857142857142857,0.484210526315789,24,460,490,4,1.54731789193129,0.352356261393078
4,10,40,500,0.05,0.1,1.7,FALSE,1.02102727220309,6,0.145497058641812,1,0.406315789473684,31,386,564,0,1.72210988843562,-0.0849849625647777
4,10,40,500,0.05,0.1,0.9,FALSE,1.02102727220309,7,0.10740269523785,0.862068965517241,0.452631578947368,25,430,520,4,1.08360370249616,-0.0382505218627747
4,10,40,500,0.05,0.1,0.5,FALSE,1.02102727220309,8,0.0895786997424349,0.838709677419355,0.412631578947368,26,392,558,5,0.560935798512245,-0.124580121791428
4,10,40,500,0.05,0.1,0.9,FALSE,1.02102727220309,9,0.0897091913015897,0.862068965517241,0.395789473684211,25,376,574,4,1.11778675866641,-0.0126915437124129
4,10,40,500,0.05,0.1,0.7,FALSE,1.02102727220309,10,0.139221744074672,1,0.408421052631579,28,388,562,0,0.857762278958559,-0.385741871559221
4,10,40,500,0.1,0.03,1.3,FALSE,1.02102727220309,1,0.133852914076643,0.912280701754386,0.355555555555556,52,320,580,5,0.916922888053413,0.17356334758909
4,10,40,500,0.1,0.03,0.3,FALSE,1.02102727220309,2,0.195831590655228,0.844827586206897,0.564444444444444,49,508,392,9,1.02797958917643,-0.220196181245196
4,10,40,500,0.1,0.03,0.9,FALSE,1.02102727220309,3,0.138139672836514,0.898305084745763,0.377777777777778,53,340,560,6,0.772778024074755,0.00260273053532731
4,10,40,500,0.1,0.03,0.5,FALSE,1.02102727220309,4,0.125604127985324,0.830508474576271,0.426666666666667,49,384,516,10,0.635558144543399,-0.0868339325270778
4,10,40,500,0.1,0.03,1.7,FALSE,1.02102727220309,5,0.0955336985216312,0.932203389830508,0.233333333333333,55,210,690,4,0.65473728834869,0.125363212340664
4,10,40,500,0.1,0.03,1.3,FALSE,1.02102727220309,6,0.11526218238334,0.864406779661017,0.364444444444444,51,328,572,8,0.890418124858894,0.344833958368008
4,10,40,500,0.1,0.03,0.9,FALSE,1.02102727220309,7,0.136075325773242,0.879310344827586,0.397777777777778,51,358,542,7,0.89998284379167,-0.0244153869227773
4,10,40,500,0.1,0.03,0.7,FALSE,1.02102727220309,8,0.174265242881235,0.864406779661017,0.497777777777778,51,448,452,8,1.2463745810402,-0.052265035659838
4,10,40,500,0.1,0.03,1.3,FALSE,1.02102727220309,9,0.11556482630358,0.931034482758621,0.284444444444444,54,256,644,4,0.482670037280646,-0.0277612281224688
4,10,40,500,0.1,0.03,0.7,FALSE,1.02102727220309,10,0.0847231729030871,0.932203389830508,0.208888888888889,55,188,712,4,-0.0357420324627463,-0.306402759858836
4,10,40,500,0.1,0.05,1.1,FALSE,1.02102727220309,1,0.113964356385359,0.859649122807018,0.371111111111111,49,334,566,8,0.958043418745129,0.176137530939978
4,10,40,500,0.1,0.05,1.1,FALSE,1.02102727220309,2,0.160632073019301,0.913793103448276,0.415555555555556,53,374,526,5,1.06021664338718,-0.136582775543829
4,10,40,500,0.1,0.05,1.7,FALSE,1.02102727220309,3,0.151902406621143,0.983050847457627,0.302222222222222,58,272,628,1,0.941301633609973,0.00600966978803693
4,10,40,500,0.1,0.05,0.7,FALSE,1.02102727220309,4,0.158045128547983,0.932203389830508,0.384444444444444,55,346,554,4,0.616312976712078,-0.2216210547391
4,10,40,500,0.1,0.05,1.1,FALSE,1.02102727220309,5,0.108871449035057,0.830508474576271,0.388888888888889,49,350,550,10,0.971518532863987,0.287083754132591
4,10,40,500,0.1,0.05,1.5,FALSE,1.02102727220309,6,0.143936862482765,0.915254237288136,0.371111111111111,54,334,566,5,1.07004076639659,0.201317568769766
4,10,40,500,0.1,0.05,1.3,FALSE,1.02102727220309,7,0.136075325773242,0.879310344827586,0.397777777777778,51,358,542,7,1.21269152224878,0.169051743649207
4,10,40,500,0.1,0.05,0.7,FALSE,1.02102727220309,8,0.219480855322114,0.864406779661017,0.588888888888889,51,530,370,8,1.67167440572363,-0.165555934972824
4,10,40,500,0.1,0.05,1.3,FALSE,1.02102727220309,9,0.0870647247860641,0.913793103448276,0.24,53,216,684,5,0.44648489123302,-0.031668133697076
4,10,40,500,0.1,0.05,0.9,FALSE,1.02102727220309,10,0.0680450155383538,0.915254237288136,0.195555555555556,54,176,724,5,0.0751338745453912,-0.358576793084131
4,10,40,500,0.1,0.1,1.9,FALSE,1.02102727220309,1,0.153397482126839,0.982456140350877,0.313333333333333,56,282,618,1,1.34655290348282,-0.03060904007344
4,10,40,500,0.1,0.1,1.5,FALSE,1.02102727220309,2,0.147179190604883,0.931034482758621,0.362222222222222,54,326,574,4,1.33417821674992,-0.177716427422185
4,10,40,500,0.1,0.1,2.3,FALSE,1.02102727220309,3,0.107032833949057,0.983050847457627,0.186666666666667,58,168,732,1,0.929751490280787,0.200163541149428
4,10,40,500,0.1,0.1,0.1,FALSE,1.02102727220309,4,0.1456080408562,0.76271186440678,0.54,45,486,414,14,0.661590401569808,-0.204993959025383
4,10,40,500,0.1,0.1,0.7,FALSE,1.02102727220309,5,0.154816252835697,0.830508474576271,0.491111111111111,49,442,458,10,1.09672313183432,0.106941257356722
4,10,40,500,0.1,0.1,1.5,FALSE,1.02102727220309,6,0.112501723937044,0.915254237288136,0.295555555555556,54,266,634,5,0.850862078570984,0.0178595087486015
4,10,40,500,0.1,0.1,2.1,FALSE,1.02102727220309,7,0.147076045041625,0.948275862068966,0.34,55,306,594,3,1.44035975283308,0.0668802780745042
4,10,40,500,0.1,0.1,0.3,FALSE,1.02102727220309,8,0.220707762811362,0.796610169491525,0.648888888888889,47,584,316,12,1.99324833608979,-0.254531166982912
4,10,40,500,0.1,0.1,0.9,FALSE,1.02102727220309,9,0.106365792217166,0.931034482758621,0.262222222222222,54,236,664,4,0.259030742084255,-0.143183436452049
4,10,40,500,0.1,0.1,0.5,FALSE,1.02102727220309,10,0.102728811851305,0.864406779661017,0.335555555555556,51,302,598,8,0.205803305691066,-0.277747844922715
4,10,40,500,0.25,0.03,1.7,FALSE,1.02102727220309,1,0.23194491018155,0.965753424657534,0.312,141,234,516,5,0.979336333915187,-0.03777869177592
4,10,40,500,0.25,0.03,0.1,FALSE,1.02102727220309,2,0.182656228890095,0.636986301369863,0.608,93,456,294,53,1.0145227252303,0.115874896091751
4,10,40,500,0.25,0.03,1.9,FALSE,1.02102727220309,3,0.244037912181009,0.979452054794521,0.312,143,234,516,3,1.10884940420187,0.0357419460259151
4,10,40,500,0.25,0.03,1.1,FALSE,1.02102727220309,4,0.228204356942475,0.897260273972603,0.397333333333333,131,298,452,15,0.938227736866412,-0.0508401623320649
4,10,40,500,0.25,0.03,1.3,FALSE,1.02102727220309,5,0.136432218360541,0.952054794520548,0.184,139,138,612,7,0.208732152768028,-0.251942128906261
4,10,40,500,0.25,0.03,1.7,FALSE,1.02102727220309,6,0.262460966417622,0.952054794520548,0.381333333333333,139,286,464,7,1.23173888086036,0.00966487976498895
4,10,40,500,0.25,0.03,0.7,FALSE,1.02102727220309,7,0.242411930093798,0.815068493150685,0.512,119,384,366,27,1.16021239368151,0.030083409633606
4,10,40,500,0.25,0.03,1.5,FALSE,1.02102727220309,8,0.165717653815785,0.931506849315068,0.256,136,192,558,10,0.625710721243222,0.0394254610144762
4,10,40,500,0.25,0.03,0.9,FALSE,1.02102727220309,9,0.198230551671642,0.903448275862069,0.344,131,258,492,14,0.652514579397369,-0.169337546983164
4,10,40,500,0.25,0.03,1.7,FALSE,1.02102727220309,10,0.212277289289227,0.945205479452055,0.309333333333333,138,232,518,8,0.825761180211891,0.0526687419837995
4,10,40,500,0.25,0.05,0.9,FALSE,1.02102727220309,1,0.195479755253226,0.849315068493151,0.405333333333333,124,304,446,22,0.910582234855922,-0.0133165644133438
4,10,40,500,0.25,0.05,0.5,FALSE,1.02102727220309,2,0.237275642598396,0.787671232876712,0.533333333333333,115,400,350,31,1.18257258228619,-0.0318503468109896
4,10,40,500,0.25,0.05,1.3,FALSE,1.02102727220309,3,0.318450157293348,0.972602739726027,0.445333333333333,142,334,416,4,1.3789559571785,-0.199376621967615
4,10,40,500,0.25,0.05,0.7,FALSE,1.02102727220309,4,0.271806752564073,0.794520547945205,0.573333333333333,116,430,320,30,1.31558481802307,0.0210272029696811
4,10,40,500,0.25,0.05,0.3,FALSE,1.02102727220309,5,0.187158580076493,0.808219178082192,0.44,118,330,420,28,0.271476027965728,-0.219204596491904
4,10,40,500,0.25,0.05,1.3,FALSE,1.02102727220309,6,0.254517850875021,0.863013698630137,0.477333333333333,126,358,392,20,1.52923303837571,0.0925585458837401
4,10,40,500,0.25,0.05,1.3,FALSE,1.02102727220309,7,0.26130942505227,0.904109589041096,0.44,132,330,420,14,1.46716972026478,0.0632929403148912
4,10,40,500,0.25,0.05,1.5,FALSE,1.02102727220309,8,0.20171744929839,0.952054794520548,0.282666666666667,139,212,538,7,0.787688394780968,-0.126189555295298
4,10,40,500,0.25,0.05,0.9,FALSE,1.02102727220309,9,0.203400786834597,0.903448275862069,0.352,131,264,486,14,0.767594003946896,-0.15414604292749
4,10,40,500,0.25,0.05,1.7,FALSE,1.02102727220309,10,0.231316394009866,0.938356164383562,0.349333333333333,137,262,488,9,1.05815265631753,0.0650893959824545
4,10,40,500,0.25,0.1,0.7,FALSE,1.02102727220309,1,0.224177142493389,0.849315068493151,0.448,124,336,414,22,0.945674978588708,-0.0565306018493787
4,10,40,500,0.25,0.1,0.1,FALSE,1.02102727220309,2,0.234368811138338,0.698630136986301,0.616,102,462,288,44,1.51240365496675,-0.0272684478170058
4,10,40,500,0.25,0.1,0.9,FALSE,1.02102727220309,3,0.273544239414728,0.897260273972603,0.466666666666667,131,350,400,15,1.45049876944769,-0.170904299444466
4,10,40,500,0.25,0.1,2.1,FALSE,1.02102727220309,4,0.289026090026554,0.972602739726027,0.397333333333333,142,298,452,4,1.48557859476678,0.0127594435663225
4,10,40,500,0.25,0.1,0.9,FALSE,1.02102727220309,5,0.154061083373542,0.89041095890411,0.293333333333333,130,220,530,16,0.411873410193452,-0.175728334225013
4,10,40,500,0.25,0.1,1.5,FALSE,1.02102727220309,6,0.316394633748574,0.965753424657534,0.450666666666667,141,338,412,5,1.60777692185198,-0.0818184156060974
4,10,40,500,0.25,0.1,1.1,FALSE,1.02102727220309,7,0.267635168324391,0.856164383561644,0.504,125,378,372,21,1.75302992847684,0.198756115009278
4,10,40,500,0.25,0.1,0.5,FALSE,1.02102727220309,8,0.228333884020471,0.780821917808219,0.528,114,396,354,32,1.05563126781427,-0.141976999824913
4,10,40,500,0.25,0.1,0.7,FALSE,1.02102727220309,9,0.203781343131429,0.813793103448276,0.458666666666667,118,344,406,27,0.978662020413308,-0.116824078746038
4,10,40,500,0.25,0.1,1.3,FALSE,1.02102727220309,10,0.26456499864624,0.938356164383562,0.402666666666667,137,302,448,9,1.15896616333691,-0.0302063124040269
8,3,24,100,0.05,0.03,1.1,FALSE,0.890196788843219,1,0.087148934066119,1,0.2,6,38,152,0,0.165693501904581,0.187223845700054
8,3,24,100,0.05,0.03,0.7,FALSE,0.890196788843219,2,0.138189773863237,1,0.431578947368421,5,82,108,0,0.493492125050024,-0.243570880797901
8,3,24,100,0.05,0.03,0.1,FALSE,0.890196788843219,3,0.119145295177602,0.857142857142857,0.463157894736842,6,88,102,1,0.185719206721408,-0.052073540539696
8,3,24,100,0.05,0.03,0.1,FALSE,0.890196788843219,4,0.190971104583265,1,0.515789473684211,7,98,92,0,0.394235440848196,-0.579712079607445
8,3,24,100,0.05,0.03,0.7,FALSE,0.890196788843219,5,0.123737644977949,1,0.336842105263158,6,64,126,0,0.205249956054446,0.0083249461873777
8,3,24,100,0.05,0.03,0.1,FALSE,0.890196788843219,6,0.124114320567618,1,0.378947368421053,5,72,118,0,-0.0238056114341272,-0.612977266769725
8,3,24,100,0.05,0.03,0.7,FALSE,0.890196788843219,7,0.135411088866885,1,0.378947368421053,6,72,118,0,0.272933616922802,-0.193417732582517
8,3,24,100,0.05,0.03,0.1,FALSE,0.890196788843219,8,0.0167176403054998,0.6,0.452631578947368,3,86,104,2,0.189497966941997,0.324515213019495
8,3,24,100,0.05,0.03,0.1,FALSE,0.890196788843219,9,0.14142135623731,1,0.4,6,76,114,0,-0.00199963093357373,-0.553831405543659
8,3,24,100,0.05,0.03,0.3,FALSE,0.890196788843219,10,0.0854981960070962,0.666666666666667,0.578947368421053,4,110,80,2,0.564429477137843,0.210173164856023
8,3,24,100,0.05,0.05,0.3,FALSE,0.890196788843219,1,0.0823019959558966,0.833333333333333,0.4,5,76,114,1,0.156259205025242,0.161983708932332
8,3,24,100,0.05,0.05,0.7,FALSE,0.890196788843219,2,0.144093429640201,1,0.452631578947368,5,86,104,0,0.488748620884758,-0.151635997713576
8,3,24,100,0.05,0.05,0.1,FALSE,0.890196788843219,3,0.122843795740873,0.857142857142857,0.473684210526316,6,90,100,1,0.186637061266415,-0.0367295486733908
8,3,24,100,0.05,0.05,0.1,FALSE,0.890196788843219,4,0.194888562562528,1,0.526315789473684,7,100,90,0,0.421006858830945,-0.539294682092542
8,3,24,100,0.05,0.05,0.7,FALSE,0.890196788843219,5,0.118033421304695,1,0.315789473684211,6,60,130,0,0.234407073722255,-0.0292293404232094
8,3,24,100,0.05,0.05,0.1,FALSE,0.890196788843219,6,0.124114320567618,1,0.378947368421053,5,72,118,0,-0.0243936965114686,-0.601532675907181
8,3,24,100,0.05,0.05,0.9,TRUE,0.890196788843219,7,0.123737644977949,1,0.336842105263158,6,64,126,0,0.312299876109885,-0.201056187940128
8,3,24,100,0.05,0.05,0.1,FALSE,0.890196788843219,8,0.0134040399665303,0.6,0.442105263157895,3,84,106,2,0.19259197807534,0.567195398333468
8,3,24,100,0.05,0.05,0.1,FALSE,0.890196788843219,9,0.132453235706504,1,0.368421052631579,6,70,120,0,0.0176478033452023,-0.62260347169332
8,3,24,100,0.05,0.05,0.3,FALSE,0.890196788843219,10,0.0854981960070962,0.666666666666667,0.578947368421053,4,110,80,2,0.551669288378657,0.272124031205534
8,3,24,100,0.05,0.1,2.1,FALSE,0.890196788843219,1,0.0453816765612039,1,0.0631578947368421,6,12,178,0,0.309647383427007,0.319800668075217
8,3,24,100,0.05,0.1,0.1,FALSE,0.890196788843219,2,0.12853691738343,0.8,0.6,4,114,76,1,0.497692570441083,-0.297119981312393
8,3,24,100,0.05,0.1,0.7,FALSE,0.890196788843219,3,0.123987760630096,1,0.305263157894737,7,58,132,0,0.290548063410114,-0.357034738788229
8,3,24,100,0.05,0.1,0.1,FALSE,0.890196788843219,4,0.220329053102097,1,0.589473684210526,7,112,78,0,0.663520823321527,-0.967199553009478
8,3,24,100,0.05,0.1,1.5,FALSE,0.890196788843219,5,0.087148934066119,1,0.2,6,38,152,0,0.384128669565927,-0.332134146472711
8,3,24,100,0.05,0.1,0.5,FALSE,0.890196788843219,6,0.126861948168066,1,0.389473684210526,5,74,116,0,0.333327559878191,-0.20619422056705
8,3,24,100,0.05,0.1,0.1,FALSE,0.890196788843219,7,0.147406401622067,0.833333333333333,0.589473684210526,5,112,78,1,0.502152903614563,-0.345345110398139
8,3,24,100,0.05,0.1,2.3,FALSE,0.890196788843219,8,0.0517318275375485,1,0.0947368421052632,5,18,172,0,0.207055982955629,0.60937164251054
8,3,24,100,0.05,0.1,0.5,FALSE,0.890196788843219,9,0.126619069116652,1,0.347368421052632,6,66,124,0,0.249603694601022,0.0109319256373649
8,3,24,100,0.05,0.1,0.1,FALSE,0.890196788843219,10,0.0894480905108407,0.666666666666667,0.589473684210526,4,112,78,2,0.532755746241201,0.304919293261187
8,3,24,100,0.1,0.03,0.9,TRUE,0.890196788843219,1,0.0590028260453131,0.909090909090909,0.188888888888889,10,34,146,1,-0.0230893848293981,0.0242367148771568
8,3,24,100,0.1,0.03,0.5,FALSE,0.890196788843219,2,0.124627828431148,0.9,0.366666666666667,9,66,114,1,0.216385369240256,-0.216037826211533
8,3,24,100,0.1,0.03,1.5,FALSE,0.890196788843219,3,0.106710653456328,1,0.166666666666667,11,30,150,0,0.254425456756007,-0.124561682895493
8,3,24,100,0.1,0.03,0.3,FALSE,0.890196788843219,4,0.12563072396477,0.909090909090909,0.344444444444444,10,62,118,1,0.15835015325983,-0.545462415639147
8,3,24,100,0.1,0.03,0.1,FALSE,0.890196788843219,5,0.120996067691699,0.833333333333333,0.411111111111111,10,74,106,2,0.0151343226643761,-0.406609835741756
8,3,24,100,0.1,0.03,0.5,FALSE,0.890196788843219,6,0.185618420198581,0.818181818181818,0.577777777777778,9,104,76,2,0.745787859443339,-0.150067400298063
8,3,24,100,0.1,0.03,0.5,FALSE,0.890196788843219,7,0.135931811956759,0.833333333333333,0.444444444444444,10,80,100,2,0.397032646410282,-0.140431976721378
8,3,24,100,0.1,0.03,1.7,FALSE,0.890196788843219,8,0.0728334356964044,0.923076923076923,0.188888888888889,12,34,146,1,0.370779714022061,0.449431870440215
8,3,24,100,0.1,0.03,2.3,FALSE,0.890196788843219,9,0.0747482547441851,1,0.0888888888888889,11,16,164,0,0.491417173470897,0.181111128105332
8,3,24,100,0.1,0.03,0.1,FALSE,0.890196788843219,10,0.148543324326328,0.916666666666667,0.377777777777778,11,68,112,1,-0.061698356811635,-0.312257477611325
8,3,24,100,0.1,0.05,0.9,TRUE,0.890196788843219,1,0.0643072493366067,0.909090909090909,0.2,10,36,144,1,-0.0257426189991684,-0.00564578171994751
8,3,24,100,0.1,0.05,0.1,FALSE,0.890196788843219,2,0.124391965422194,0.8,0.477777777777778,8,86,94,2,0.178173523282547,-0.202414244720672
8,3,24,100,0.1,0.05,1.1,FALSE,0.890196788843219,3,0.131247669628827,1,0.233333333333333,11,42,138,0,0.269779448769386,-0.148308220949836
8,3,24,100,0.1,0.05,0.3,FALSE,0.890196788843219,4,0.167301589600791,1,0.333333333333333,11,60,120,0,0.130865476127947,-0.59691983536938
8,3,24,100,0.1,0.05,0.1,FALSE,0.890196788843219,5,0.111111111111111,0.833333333333333,0.388888888888889,10,70,110,2,-0.00887940690678232,-0.442676538055921
8,3,24,100,0.1,0.05,1.3,FALSE,0.890196788843219,6,0.183806976246039,1,0.377777777777778,11,68,112,0,0.732787628529229,-0.113266252535674
8,3,24,100,0.1,0.05,0.5,FALSE,0.890196788843219,7,0.120996067691699,0.833333333333333,0.411111111111111,10,74,106,2,0.393212069659074,-0.0959087350826699
8,3,24,100,0.1,0.05,1.3,FALSE,0.890196788843219,8,0.114172278702877,0.923076923076923,0.277777777777778,12,50,130,1,0.394747256542288,0.312897733429234
8,3,24,100,0.1,0.05,2.3,FALSE,0.890196788843219,9,0.0797394601366862,1,0.1,11,18,162,0,0.49919396775491,0.217789564655948
8,3,24,100,0.1,0.05,0.1,FALSE,0.890196788843219,10,0.162623318683629,0.916666666666667,0.411111111111111,11,74,106,1,-0.0094763227331247,-0.340583949287252
8,3,24,100,0.1,0.1,0.1,FALSE,0.890196788843219,1,0.109135876670064,0.818181818181818,0.411111111111111,9,74,106,2,0.0145496226102421,-0.45640253704397
8,3,24,100,0.1,0.1,1.9,FALSE,0.890196788843219,2,0.0938487510619122,1,0.144444444444444,10,26,154,0,0.503526816109265,0.483965186033274
8,3,24,100,0.1,0.1,0.1,FALSE,0.890196788843219,3,0.158609750601911,0.818181818181818,0.522222222222222,9,94,86,2,0.363805938637096,-0.209638823136071
8,3,24,100,0.1,0.1,2.5,FALSE,0.890196788843219,4,0.0845428789169647,1,0.111111111111111,11,20,160,0,0.418771867297683,0.165258079319013
8,3,24,100,0.1,0.1,0.1,FALSE,0.890196788843219,5,0.140963343870344,0.833333333333333,0.455555555555556,10,82,98,2,0.0533953894312625,-0.385943255616251
8,3,24,100,0.1,0.1,0.7,FALSE,0.890196788843219,6,0.23830678432808,1,0.511111111111111,11,92,88,0,0.701556431564274,-0.0272330181527264
8,3,24,100,0.1,0.1,0.1,FALSE,0.890196788843219,7,0.183049846699776,0.833333333333333,0.544444444444444,10,98,82,2,0.455898804635028,-0.285274047487976
8,3,24,100,0.1,0.1,0.5,FALSE,0.890196788843219,8,0.157747337516162,0.846153846153846,0.466666666666667,11,84,96,2,0.551347515644122,0.108280719315933
8,3,24,100,0.1,0.1,0.1,FALSE,0.890196788843219,9,0.0791563911869046,0.636363636363636,0.533333333333333,7,96,84,4,0.32536253904149,0.252269975722417
8,3,24,100,0.1,0.1,0.7,FALSE,0.890196788843219,10,0.0812362394459923,0.833333333333333,0.322222222222222,10,58,122,2,0.291478433195479,0.137168915399277
8,3,24,100,0.25,0.03,0.1,FALSE,0.890196788843219,1,0.196658208037321,0.645161290322581,0.613333333333333,20,92,58,11,0.527518458838954,0.156746561212712
8,3,24,100,0.25,0.03,0.5,FALSE,0.890196788843219,2,0.185398100144511,0.821428571428571,0.426666666666667,23,64,86,5,0.462938480603638,-0.133414629388443
8,3,24,100,0.25,0.03,2.3,FALSE,0.890196788843219,3,0.116163573910303,1,0.08,28,12,138,0,0.554550046393941,0.0819317826695936
8,3,24,100,0.25,0.03,2.1,FALSE,0.890196788843219,4,0.144913767461894,1,0.12,28,18,132,0,0.542691508738828,-0.0315158859995048
8,3,24,100,0.25,0.03,0.3,FALSE,0.890196788843219,5,0.109753332192362,0.666666666666667,0.48,20,72,78,10,0.418069955680116,0.361202586181244
8,3,24,100,0.25,0.03,0.1,FALSE,0.890196788843219,6,0.272711511186881,0.714285714285714,0.653333333333333,20,98,52,8,0.755191151858307,0.00677604634465198
8,3,24,100,0.25,0.03,2.3,FALSE,0.890196788843219,7,0.08304547985374,1,0.04,30,6,144,0,0.0191982138089803,-0.0179757202360777
8,3,24,100,0.25,0.03,0.9,TRUE,0.890196788843219,8,0.237430310102494,0.896551724137931,0.413333333333333,26,62,88,3,0.41232787511587,-0.00945473850783018
8,3,24,100,0.25,0.03,1.7,FALSE,0.890196788843219,9,0.0917426465043134,0.896551724137931,0.2,26,30,120,3,0.529071708693823,0.487909737834459
8,3,24,100,0.25,0.03,0.3,FALSE,0.890196788843219,10,0.133406340741604,0.620689655172414,0.56,18,84,66,11,0.399730903648883,0.150178560377529
8,3,24,100,0.25,0.05,0.1,FALSE,0.890196788843219,1,0.183220958200491,0.612903225806452,0.626666666666667,19,94,56,12,0.56027080727095,0.135643340641167
8,3,24,100,0.25,0.05,0.5,FALSE,0.890196788843219,2,0.194382262030511,0.821428571428571,0.44,23,66,84,5,0.45458430079221,-0.150031766174557
8,3,24,100,0.25,0.05,1.7,FALSE,0.890196788843219,3,0.130235726810331,0.964285714285714,0.16,27,24,126,1,0.574102466815521,0.0485596991845061
8,3,24,100,0.25,0.05,2.1,FALSE,0.890196788843219,4,0.126233748853441,1,0.0933333333333333,28,14,136,0,0.54251800716034,-0.00703693760541874
8,3,24,100,0.25,0.05,0.7,FALSE,0.890196788843219,5,0.137972561518876,0.766666666666667,0.413333333333333,23,62,88,7,0.446257102504019,0.356232132830076
8,3,24,100,0.25,0.05,0.1,FALSE,0.890196788843219,6,0.283945139999973,0.714285714285714,0.666666666666667,20,100,50,8,0.734592827496457,0.0446321685048734
8,3,24,100,0.25,0.05,2.3,FALSE,0.890196788843219,7,0.0964485644340824,1,0.0533333333333333,30,8,142,0,0.0315710353196947,0.0252742338906569
8,3,24,100,0.25,0.05,0.7,FALSE,0.890196788843219,8,0.246090177501233,0.896551724137931,0.426666666666667,26,64,86,3,0.454048694245275,0.0154699717807143
8,3,24,100,0.25,0.05,1.7,FALSE,0.890196788843219,9,0.116110520236381,0.931034482758621,0.186666666666667,27,28,122,2,0.552669934145554,0.511864006348047
8,3,24,100,0.25,0.05,0.3,FALSE,0.890196788843219,10,0.158766119700486,0.655172413793103,0.56,19,84,66,10,0.437669636543679,0.197659209021059
8,3,24,100,0.25,0.1,1.7,FALSE,0.890196788843219,1,0.153041642453844,0.935483870967742,0.226666666666667,29,34,116,2,0.594136110163013,0.0525581782376277
8,3,24,100,0.25,0.1,0.3,FALSE,0.890196788843219,2,0.232453994688387,0.785714285714286,0.533333333333333,22,80,70,6,0.548106867287682,-0.064916955993467
8,3,24,100,0.25,0.1,1.9,FALSE,0.890196788843219,3,0.183295677832837,0.964285714285714,0.24,27,36,114,1,0.63817049634855,0.183060722429271
8,3,24,100,0.25,0.1,1.1,FALSE,0.890196788843219,4,0.167415285496259,0.928571428571429,0.266666666666667,26,40,110,2,0.358150056620958,-0.133681341330373
8,3,24,100,0.25,0.1,1.1,FALSE,0.890196788843219,5,0.210786074565587,0.933333333333333,0.32,28,48,102,2,0.511683652510477,0.108306360992626
8,3,24,100,0.25,0.1,0.3,FALSE,0.890196788843219,6,0.173897019781106,0.678571428571429,0.56,19,84,66,9,0.655368378228973,-0.0495592580160762
8,3,24,100,0.25,0.1,0.7,FALSE,0.890196788843219,7,0.180759030261052,0.866666666666667,0.36,26,54,96,4,0.134891585298926,-0.0855310635972345
8,3,24,100,0.25,0.1,1.1,FALSE,0.890196788843219,8,0.154108627436848,0.931034482758621,0.24,27,36,114,2,0.252066263025979,-0.00242684842942683
8,3,24,100,0.25,0.1,1.3,FALSE,0.890196788843219,9,0.228794622357585,0.896551724137931,0.4,26,60,90,3,0.784358572553024,0.276243910549872
8,3,24,100,0.25,0.1,1.5,FALSE,0.890196788843219,10,0.126007550905857,0.931034482758621,0.2,27,30,120,2,0.316130556020843,0.26212498805087
8,3,24,300,0.05,0.03,0.7,FALSE,0.890196788843219,1,0.090690204862549,0.882352941176471,0.378947368421053,15,216,354,2,0.568183883128758,0.116328918518623
8,3,24,300,0.05,0.03,1.5,FALSE,0.890196788843219,2,0.0705736669092894,1,0.147368421052632,17,84,486,0,0.180383383436225,-0.0892738167885995
8,3,24,300,0.05,0.03,1.9,FALSE,0.890196788843219,3,0.0382223461213861,1,0.0456140350877193,18,26,544,0,-0.0142442129693244,-0.0917191311033684
8,3,24,300,0.05,0.03,0.1,FALSE,0.890196788843219,4,0.0678588171061559,0.833333333333333,0.354385964912281,15,202,368,3,-0.123896678355328,-0.419377739215334
8,3,24,300,0.05,0.03,0.9,TRUE,0.890196788843219,5,0.0928032337334619,1,0.221052631578947,18,126,444,0,0.0583856117670416,-0.420150263453821
8,3,24,300,0.05,0.03,2.9,FALSE,0.890196788843219,6,0.0208703542816189,1,0.0140350877192982,18,8,562,0,-0.0222326700934615,0.016272300312585
8,3,24,300,0.05,0.03,0.9,TRUE,0.890196788843219,7,0.0680342162714215,0.823529411764706,0.371929824561403,14,212,358,3,0.617365451568855,0.276605211339489
8,3,24,300,0.05,0.03,1.7,FALSE,0.890196788843219,8,0.0480107556140213,1,0.0701754385964912,18,40,530,0,-0.0217115409453764,-0.166355927983022
8,3,24,300,0.05,0.03,1.5,FALSE,0.890196788843219,9,0.0984083864633284,1,0.242105263157895,18,138,432,0,0.418696953732866,-0.249833359204135
8,3,24,300,0.05,0.03,0.3,FALSE,0.890196788843219,10,0.0647674910587773,0.823529411764706,0.36140350877193,14,206,364,3,0.0420318175935856,-0.467672050279181
8,3,24,300,0.05,0.05,0.5,FALSE,0.890196788843219,1,0.0954270164459203,0.823529411764706,0.459649122807018,14,262,308,3,0.57665238838881,0.0619175458667638
8,3,24,300,0.05,0.05,0.7,FALSE,0.890196788843219,2,0.062251458944797,0.882352941176471,0.284210526315789,15,162,408,2,0.184580589721144,-0.0885167410927591
8,3,24,300,0.05,0.05,0.1,FALSE,0.890196788843219,3,0.0465577263369834,0.722222222222222,0.410526315789474,13,234,336,5,-0.0146535694431339,-0.032850380800449
8,3,24,300,0.05,0.05,0.1,FALSE,0.890196788843219,4,0.0689727690704452,0.833333333333333,0.357894736842105,15,204,366,3,-0.130604470387342,-0.43971118996713
8,3,24,300,0.05,0.05,0.7,FALSE,0.890196788843219,5,0.0839138866803427,0.944444444444444,0.270175438596491,17,154,416,1,0.0543105258630311,-0.392242907081953
8,3,24,300,0.05,0.05,0.3,FALSE,0.890196788843219,6,0.028691029208811,0.777777777777778,0.298245614035088,14,170,400,4,-0.0190780313252405,0.0367726829078721
8,3,24,300,0.05,0.05,1.1,FALSE,0.890196788843219,7,0.0844160427430453,0.882352941176471,0.357894736842105,15,204,366,2,0.649723255576292,0.276565614231086
8,3,24,300,0.05,0.05,1.5,FALSE,0.890196788843219,8,0.0517699919304469,1,0.0807017543859649,18,46,524,0,-0.0318189109584682,-0.167050917292766
8,3,24,300,0.05,0.05,1.5,FALSE,0.890196788843219,9,0.0928032337334619,1,0.221052631578947,18,126,444,0,0.419082374383455,-0.209544376599311
8,3,24,300,0.05,0.05,0.1,FALSE,0.890196788843219,10,0.0876622631875469,0.823529411764706,0.435087719298246,14,248,322,3,0.0749019729489927,-0.497628096270236
8,3,24,300,0.05,0.1,2.7,FALSE,0.890196788843219,1,0.051536303960562,1,0.0842105263157895,17,48,522,0,0.416262468895059,0.324383506540707
8,3,24,300,0.05,0.1,1.7,FALSE,0.890196788843219,2,0.0635463750036436,1,0.12280701754386,17,70,500,0,0.128094695198614,-0.0843784379977713
8,3,24,300,0.05,0.1,0.1,FALSE,0.890196788843219,3,0.0856418211218162,0.833333333333333,0.410526315789474,15,234,336,3,0.0312983447288855,-0.208938704567203
8,3,24,300,0.05,0.1,0.1,FALSE,0.890196788843219,4,0.0626588128217279,0.777777777777778,0.4,14,228,342,4,0.0202781586373564,-0.34616789452437
8,3,24,300,0.05,0.1,0.9,TRUE,0.890196788843219,5,0.0880961278552385,1,0.203508771929825,18,116,454,0,0.0512090639628653,-0.0234807210253769
8,3,24,300,0.05,0.1,1.1,FALSE,0.890196788843219,6,0.0765335573391262,1,0.16140350877193,18,92,478,0,0.0323637304136323,-0.0322433590861254
8,3,24,300,0.05,0.1,0.1,FALSE,0.890196788843219,7,0.106789014676468,0.823529411764706,0.494736842105263,14,282,288,3,0.538768076736493,-0.258347276225616
8,3,24,300,0.05,0.1,0.5,FALSE,0.890196788843219,8,0.0993399267798783,1,0.245614035087719,18,140,430,0,-0.0947158312970406,-0.544493038841725
8,3,24,300,0.05,0.1,0.1,FALSE,0.890196788843219,9,0.129899973786728,0.888888888888889,0.487719298245614,16,278,292,2,0.394777779820857,-0.475823878710274
8,3,24,300,0.05,0.1,0.3,FALSE,0.890196788843219,10,0.113090487619645,0.882352941176471,0.452631578947368,15,258,312,2,0.226813766925669,-0.46928175251279
8,3,24,300,0.1,0.03,0.5,FALSE,0.890196788843219,1,0.118712238333203,0.794117647058823,0.455555555555556,27,246,294,7,0.435938117137362,-0.149552279587057
8,3,24,300,0.1,0.03,1.3,FALSE,0.890196788843219,2,0.14442970747104,1,0.259259259259259,35,140,400,0,0.404006803374594,0.179628936678462
8,3,24,300,0.1,0.03,2.3,FALSE,0.890196788843219,3,0.0855197981889076,0.972222222222222,0.151851851851852,35,82,458,1,0.633012394763956,0.229667329348484
8,3,24,300,0.1,0.03,1.1,FALSE,0.890196788843219,4,0.104378185773225,0.942857142857143,0.240740740740741,33,130,410,2,0.254505172189898,-0.197821562251393
8,3,24,300,0.1,0.03,1.9,FALSE,0.890196788843219,5,0.0995059480219965,1,0.144444444444444,34,78,462,0,0.358662927169453,0.0930138157571326
8,3,24,300,0.1,0.03,0.5,FALSE,0.890196788843219,6,0.152515862757211,0.941176470588235,0.366666666666667,32,198,342,2,0.213656960646301,-0.491108181400439
8,3,24,300,0.1,0.03,0.1,FALSE,0.890196788843219,7,0.0748664654570203,0.685714285714286,0.47037037037037,24,254,286,11,0.173499586881149,-0.0618248441938492
8,3,24,300,0.1,0.03,0.5,FALSE,0.890196788843219,8,0.110438856974888,0.794117647058823,0.437037037037037,27,236,304,7,0.423904554081751,-0.0154622145271099
8,3,24,300,0.1,0.03,0.5,FALSE,0.890196788843219,9,0.176590165113804,0.941176470588235,0.425925925925926,32,230,310,2,0.416187671362025,-0.513822989717031
8,3,24,300,0.1,0.03,0.1,FALSE,0.890196788843219,10,0.0765559002350953,0.714285714285714,0.444444444444444,25,240,300,10,0.151795227965172,-0.0461264030708186
8,3,24,300,0.1,0.05,0.3,FALSE,0.890196788843219,1,0.125035022715419,0.764705882352941,0.5,26,270,270,8,0.428463678636552,-0.151178184282742
8,3,24,300,0.1,0.05,1.3,FALSE,0.890196788843219,2,0.138970379905561,1,0.244444444444444,35,132,408,0,0.378319227726779,0.151267713012248
8,3,24,300,0.1,0.05,1.9,FALSE,0.890196788843219,3,0.0906100470365937,0.944444444444444,0.203703703703704,34,110,430,2,0.634169631237449,0.264053130512968
8,3,24,300,0.1,0.05,1.7,FALSE,0.890196788843219,4,0.097843986535659,1,0.137037037037037,35,74,466,0,0.22057302273434,-0.206698793220718
8,3,24,300,0.1,0.05,2.1,FALSE,0.890196788843219,5,0.0791970489077558,1,0.0962962962962963,34,52,488,0,0.345385687681883,0.125675118842412
8,3,24,300,0.1,0.05,0.3,FALSE,0.890196788843219,6,0.152854690116035,0.882352941176471,0.437037037037037,30,236,304,4,0.197716112552958,-0.482875857588567
8,3,24,300,0.1,0.05,0.3,FALSE,0.890196788843219,7,0.078486605698295,0.742857142857143,0.418518518518519,26,226,314,9,0.172915330616206,-0.0998692609493402
8,3,24,300,0.1,0.05,0.3,FALSE,0.890196788843219,8,0.118186642969191,0.764705882352941,0.485185185185185,26,262,278,8,0.415277630187912,-0.0452527915189415
8,3,24,300,0.1,0.05,0.3,FALSE,0.890196788843219,9,0.200307605858907,0.941176470588235,0.481481481481481,32,260,280,2,0.398856958705041,-0.555686683066885
8,3,24,300,0.1,0.05,0.5,FALSE,0.890196788843219,10,0.0568662981224236,0.771428571428571,0.340740740740741,27,184,356,8,0.13844555062421,-0.0252363613996854
8,3,24,300,0.1,0.1,1.1,FALSE,0.890196788843219,1,0.0879177744937392,0.941176470588235,0.207407407407407,32,112,428,2,0.25560815781361,-0.10759105267952
8,3,24,300,0.1,0.1,1.3,FALSE,0.890196788843219,2,0.0927786611754355,0.914285714285714,0.251851851851852,32,136,404,3,0.386554953950037,0.0244763806113151
8,3,24,300,0.1,0.1,0.9,TRUE,0.890196788843219,3,0.0578869696791389,0.805555555555556,0.303703703703704,29,164,376,7,0.347611729051763,0.426319087365486
8,3,24,300,0.1,0.1,1.7,FALSE,0.890196788843219,4,0.0734442875986494,0.971428571428571,0.12962962962963,34,70,470,1,0.202543967964292,-0.0620990477742608
8,3,24,300,0.1,0.1,0.1,FALSE,0.890196788843219,5,0.0803054797836412,0.617647058823529,0.551851851851852,21,298,242,13,0.395531321070166,0.0963381946933534
8,3,24,300,0.1,0.1,0.9,TRUE,0.890196788843219,6,0.0728601901390652,0.852941176470588,0.285185185185185,29,154,386,5,0.252571693516787,0.0720188814198857
8,3,24,300,0.1,0.1,2.3,FALSE,0.890196788843219,7,0.0657951694959769,1,0.0666666666666667,35,36,504,0,0.242618684613958,-0.149899330085745
8,3,24,300,0.1,0.1,0.1,FALSE,0.890196788843219,8,0.0868149957134315,0.676470588235294,0.507407407407407,23,274,266,11,0.407106582053972,-0.119077730114517
8,3,24,300,0.1,0.1,0.5,FALSE,0.890196788843219,9,0.149971621592035,0.911764705882353,0.396296296296296,31,214,326,3,0.4127517621658,-0.347743048125095
8,3,24,300,0.1,0.1,0.1,FALSE,0.890196788843219,10,0.102502414951599,0.714285714285714,0.5,25,270,270,10,0.293816991189918,-0.0921557763823319
8,3,24,300,0.25,0.03,0.5,FALSE,0.890196788843219,1,0.146812433871775,0.795454545454545,0.395555555555556,70,178,272,18,0.321445182977466,-0.0520433833020085
8,3,24,300,0.25,0.03,1.7,FALSE,0.890196788843219,2,0.0722357583107838,0.931034482758621,0.133333333333333,81,60,390,6,0.0729338076004345,0.0772033625266557
8,3,24,300,0.25,0.03,2.3,FALSE,0.890196788843219,3,0.128556643791627,0.988505747126437,0.115555555555556,86,52,398,1,0.37575460208805,-0.0230835228302851
8,3,24,300,0.25,0.03,0.3,FALSE,0.890196788843219,4,0.131574589886965,0.775280898876405,0.395555555555556,69,178,272,20,0.160395742729068,-0.115852273702099
8,3,24,300,0.25,0.03,1.1,FALSE,0.890196788843219,5,0.0867214337698774,0.850574712643678,0.248888888888889,74,112,338,13,0.314034511431663,0.0940100346490504
8,3,24,300,0.25,0.03,1.1,FALSE,0.890196788843219,6,0.147742799376597,0.886363636363636,0.288888888888889,78,130,320,10,0.396911247359192,0.0234462349895561
8,3,24,300,0.25,0.03,0.1,FALSE,0.890196788843219,7,0.0798519356198287,0.636363636363636,0.471111111111111,56,212,238,32,0.0541742737378203,-0.0221686087418049
8,3,24,300,0.25,0.03,0.5,FALSE,0.890196788843219,8,0.172803022417067,0.701149425287356,0.533333333333333,61,240,210,26,0.671355250850432,0.125177846460601
8,3,24,300,0.25,0.03,0.5,FALSE,0.890196788843219,9,0.174379920735151,0.839080459770115,0.386666666666667,73,174,276,14,0.336485697000787,-0.237457205518812
8,3,24,300,0.25,0.03,2.3,FALSE,0.890196788843219,10,0.0951043338023678,1,0.0533333333333333,87,24,426,0,0.036429197723429,-0.134150606469463
8,3,24,300,0.25,0.05,0.7,FALSE,0.890196788843219,1,0.14306449264945,0.829545454545455,0.351111111111111,73,158,292,15,0.315334670723412,-0.0583826534363945
8,3,24,300,0.25,0.05,0.9,TRUE,0.890196788843219,2,0.0936625997406034,0.862068965517241,0.244444444444444,75,110,340,12,0.0813949700881419,0.0731554661260463
8,3,24,300,0.25,0.05,1.3,FALSE,0.890196788843219,3,0.14498623075832,0.908045977011494,0.257777777777778,79,116,334,8,0.366308814127161,-0.0261505584548003
8,3,24,300,0.25,0.05,0.1,FALSE,0.890196788843219,4,0.129832023994057,0.685393258426966,0.488888888888889,61,220,230,28,0.176752617383056,-0.122662287746056
8,3,24,300,0.25,0.05,1.5,FALSE,0.890196788843219,5,0.0973180076628352,0.919540229885057,0.177777777777778,80,80,370,7,0.319376964511796,0.0755922670398469
8,3,24,300,0.25,0.05,1.1,FALSE,0.890196788843219,6,0.141587044648821,0.886363636363636,0.28,78,126,324,10,0.391189365233401,-0.00368224166123028
8,3,24,300,0.25,0.05,0.3,FALSE,0.890196788843219,7,0.0720878297402217,0.715909090909091,0.377777777777778,63,170,280,25,0.0467191079908855,-0.0138136954757225
8,3,24,300,0.25,0.05,0.3,FALSE,0.890196788843219,8,0.189349779913282,0.655172413793103,0.6,57,270,180,30,0.643954580867591,0.0893914622924346
8,3,24,300,0.25,0.05,0.1,FALSE,0.890196788843219,9,0.191950048543909,0.770114942528736,0.488888888888889,67,220,230,20,0.328101654268418,-0.231989627149531
8,3,24,300,0.25,0.05,2.5,FALSE,0.890196788843219,10,0.0818852997316291,1,0.04,87,18,432,0,0.0462795948949104,-0.097223128214077
8,3,24,300,0.25,0.1,0.9,TRUE,0.890196788843219,1,0.0920065877688173,0.840909090909091,0.266666666666667,74,120,330,14,0.176964798736734,-0.0493583930733443
8,3,24,300,0.25,0.1,0.1,FALSE,0.890196788843219,2,0.157807855331653,0.689655172413793,0.524444444444444,60,236,214,27,0.2992781828878,-0.170438148308934
8,3,24,300,0.25,0.1,0.3,FALSE,0.890196788843219,3,0.183429947383565,0.827586206896552,0.413333333333333,72,186,264,15,0.346851139846352,-0.233897670715346
8,3,24,300,0.25,0.1,0.9,TRUE,0.890196788843219,4,0.0893912513557776,0.786516853932584,0.324444444444444,70,146,304,19,0.374696816503104,0.185984135894472
8,3,24,300,0.25,0.1,1.1,FALSE,0.890196788843219,5,0.132921457984045,0.873563218390805,0.284444444444444,76,128,322,11,0.463222599813547,0.0957795312330503
8,3,24,300,0.25,0.1,0.9,TRUE,0.890196788843219,6,0.158816485076001,0.863636363636364,0.333333333333333,76,150,300,12,0.4291416676425,-0.0349699372486173
8,3,24,300,0.25,0.1,1.7,FALSE,0.890196788843219,7,0.106954480041396,0.965909090909091,0.124444444444444,85,56,394,3,0.0807716059654059,0.0320584047202634
8,3,24,300,0.25,0.1,0.1,FALSE,0.890196788843219,8,0.133342814787307,0.597701149425287,0.582222222222222,52,262,188,35,0.494224460384567,0.0135451181510879
8,3,24,300,0.25,0.1,1.3,FALSE,0.890196788843219,9,0.173761917082846,0.942528735632184,0.253333333333333,82,114,336,5,0.395516963320804,-0.0296290827703701
8,3,24,300,0.25,0.1,1.3,FALSE,0.890196788843219,10,0.0728975295140023,0.862068965517241,0.217777777777778,75,98,352,12,0.349845142518439,0.178821723567382
8,3,24,500,0.05,0.03,1.1,FALSE,0.890196788843219,1,0.0701940404039876,0.96551724137931,0.197894736842105,28,188,762,1,0.133807116476923,-0.21045005193205
8,3,24,500,0.05,0.03,1.5,FALSE,0.890196788843219,2,0.0775302683269228,0.96551724137931,0.223157894736842,28,212,738,1,0.477473270761596,0.0298215191635651
8,3,24,500,0.05,0.03,0.9,TRUE,0.890196788843219,3,0.0822330552010013,0.967741935483871,0.227368421052632,30,216,734,1,0.0912707787873473,-0.183098277082455
8,3,24,500,0.05,0.03,0.1,FALSE,0.890196788843219,4,0.0200386434861046,0.551724137931034,0.507368421052632,16,482,468,13,0.269574270501045,0.10239617902648
8,3,24,500,0.05,0.03,1.5,FALSE,0.890196788843219,5,0.0590266971342218,0.964285714285714,0.166315789473684,27,158,792,1,0.265640445159898,0.0353226506108502
8,3,24,500,0.05,0.03,1.3,FALSE,0.890196788843219,6,0.0747410637402187,0.967741935483871,0.202105263157895,30,192,758,1,0.293592153557253,-0.174561949058939
8,3,24,500,0.05,0.03,0.5,FALSE,0.890196788843219,7,0.0600555197999617,0.785714285714286,0.389473684210526,22,370,580,6,0.253062275690245,-0.0215240099204031
8,3,24,500,0.05,0.03,1.5,FALSE,0.890196788843219,8,0.0626016716669358,0.933333333333333,0.214736842105263,28,204,746,2,0.474256197831781,0.0124004983520866
8,3,24,500,0.05,0.03,2.3,FALSE,0.890196788843219,9,0.0498334254115482,1,0.08,28,76,874,0,0.315973603410529,-0.0223380496218985
8,3,24,500,0.05,0.03,0.5,FALSE,0.890196788843219,10,0.0384899401323762,0.821428571428571,0.282105263157895,23,268,682,5,-0.0427476004575314,-0.0296033399636131
8,3,24,500,0.05,0.05,1.1,FALSE,0.890196788843219,1,0.0645087363849521,0.96551724137931,0.178947368421053,28,170,780,1,0.129050351780592,-0.184348528510879
8,3,24,500,0.05,0.05,1.7,FALSE,0.890196788843219,2,0.0708148351840454,0.96551724137931,0.2,28,190,760,1,0.475898554143365,0.0964392109347394
8,3,24,500,0.05,0.05,1.1,FALSE,0.890196788843219,3,0.0676395224338946,0.967741935483871,0.178947368421053,30,170,780,1,0.0918035279826519,-0.171699002237092
8,3,24,500,0.05,0.05,0.1,FALSE,0.890196788843219,4,0.0264926875436743,0.551724137931034,0.526315789473684,16,500,450,13,0.264709648675839,0.178983793432324
8,3,24,500,0.05,0.05,1.9,FALSE,0.890196788843219,5,0.0598565805622128,1,0.111578947368421,28,106,844,0,0.261438914161342,0.00830782864489693
8,3,24,500,0.05,0.05,1.3,FALSE,0.890196788843219,6,0.0797591088081411,0.967741935483871,0.218947368421053,30,208,742,1,0.29929148528244,-0.165538404285404
8,3,24,500,0.05,0.05,1.9,FALSE,0.890196788843219,7,0.0598565805622128,1,0.111578947368421,28,106,844,0,0.268621023020926,-0.0163371935726762
8,3,24,500,0.05,0.05,1.1,FALSE,0.890196788843219,8,0.0599414919412284,0.866666666666667,0.290526315789474,26,276,674,4,0.492534601435691,0.0440099080694003
8,3,24,500,0.05,0.05,1.9,FALSE,0.890196788843219,9,0.0604880333442776,1,0.113684210526316,28,108,842,0,0.301645336730741,-0.00987615310424599
8,3,24,500,0.05,0.05,0.5,FALSE,0.890196788843219,10,0.0398782851283081,0.821428571428571,0.286315789473684,23,272,678,5,-0.0412244778604273,-0.0316466682968056
8,3,24,500,0.05,0.1,0.5,FALSE,0.890196788843219,1,0.0709283860864586,0.931034482758621,0.248421052631579,27,236,714,2,-0.0839239673214799,-0.423592382565884
8,3,24,500,0.05,0.1,1.5,FALSE,0.890196788843219,2,0.0800916786510021,1,0.178947368421053,29,170,780,0,0.352114622314942,-0.052088717437249
8,3,24,500,0.05,0.1,0.3,FALSE,0.890196788843219,3,0.0217582208922219,0.741935483870968,0.315789473684211,23,300,650,8,0.0362283887036195,-0.00780888723997348
8,3,24,500,0.05,0.1,1.3,FALSE,0.890196788843219,4,0.0664250474448447,0.96551724137931,0.185263157894737,28,176,774,1,0.204349545893643,0.0915992197166604
8,3,24,500,0.05,0.1,1.5,FALSE,0.890196788843219,5,0.0793074371253273,1,0.181052631578947,28,172,778,0,0.368261480337205,-0.0328209555737862
8,3,24,500,0.05,0.1,0.7,FALSE,0.890196788843219,6,0.0958476499375315,0.935483870967742,0.317894736842105,29,302,648,2,0.299700452473864,0.196937512989552
8,3,24,500,0.05,0.1,0.3,FALSE,0.890196788843219,7,0.0794849633746247,0.821428571428571,0.412631578947368,23,392,558,5,0.197065402778292,-0.202568617038286
8,3,24,500,0.05,0.1,1.3,FALSE,0.890196788843219,8,0.0860092272195822,1,0.195789473684211,30,186,764,0,0.263416880432968,-0.198227507211027
8,3,24,500,0.05,0.1,1.9,FALSE,0.890196788843219,9,0.0629785380194595,1,0.122105263157895,28,116,834,0,0.30355200256382,-0.117143200312656
8,3,24,500,0.05,0.1,1.9,FALSE,0.890196788843219,10,0.0446647925228081,1,0.0652631578947368,28,62,888,0,0.0150084065368647,-0.0770126623778066
8,3,24,500,0.1,0.03,0.5,FALSE,0.890196788843219,1,0.090150191392029,0.810344827586207,0.371111111111111,47,334,566,11,0.299661146722698,-0.0614249749125411
8,3,24,500,0.1,0.03,1.7,FALSE,0.890196788843219,2,0.0660807351190545,0.966101694915254,0.122222222222222,57,110,790,2,0.229799220410029,-0.116909084687113
8,3,24,500,0.1,0.03,0.9,TRUE,0.890196788843219,3,0.132479423110599,0.896551724137931,0.368888888888889,52,332,568,6,0.592247095882143,-0.201732377114405
8,3,24,500,0.1,0.03,1.1,FALSE,0.890196788843219,4,0.110459934564548,0.982758620689655,0.197777777777778,57,178,722,1,0.149415898344995,-0.251062536097116
8,3,24,500,0.1,0.03,1.3,FALSE,0.890196788843219,5,0.112785149198183,0.966101694915254,0.226666666666667,57,204,696,2,0.329837472327294,-0.0627554603192335
8,3,24,500,0.1,0.03,0.3,FALSE,0.890196788843219,6,0.0695906213272878,0.728813559322034,0.413333333333333,43,372,528,16,0.243050655605272,0.0713209655168921
8,3,24,500,0.1,0.03,0.9,TRUE,0.890196788843219,7,0.109622585529649,0.88135593220339,0.331111111111111,52,298,602,7,0.469106546792744,-0.0101595378587096
8,3,24,500,0.1,0.03,1.1,FALSE,0.890196788843219,8,0.0419498299954963,0.862068965517241,0.208888888888889,50,188,712,8,0.163796284322144,0.000898196184599036
8,3,24,500,0.1,0.03,1.1,FALSE,0.890196788843219,9,0.114692762331673,0.949152542372881,0.255555555555556,56,230,670,3,0.301792457516054,-0.321497192369205
8,3,24,500,0.1,0.03,1.3,FALSE,0.890196788843219,10,0.0929159609145349,0.964912280701754,0.184444444444444,55,166,734,2,0.23411137965808,-0.319741679350752
8,3,24,500,0.1,0.05,0.5,FALSE,0.890196788843219,1,0.0950920906772001,0.810344827586207,0.382222222222222,47,344,556,11,0.308439016313632,-0.0408210730472705
8,3,24,500,0.1,0.05,2.3,FALSE,0.890196788843219,2,0.0637609661912902,1,0.0622222222222222,59,56,844,0,0.235859645290947,-0.129917095842027
8,3,24,500,0.1,0.05,0.1,FALSE,0.890196788843219,3,0.134260094156637,0.689655172413793,0.588888888888889,40,530,370,18,0.597123324658609,-0.216145918590573
8,3,24,500,0.1,0.05,1.5,FALSE,0.890196788843219,4,0.103258613070727,1,0.151111111111111,58,136,764,0,0.165739815607228,-0.282014647822029
8,3,24,500,0.1,0.05,2.1,FALSE,0.890196788843219,5,0.0873591036279392,1,0.111111111111111,59,100,800,0,0.325202784398187,-0.0435828182006054
8,3,24,500,0.1,0.05,0.1,FALSE,0.890196788843219,6,0.071044093225049,0.661016949152542,0.486666666666667,39,438,462,20,0.250723432971874,0.00706386725080753
8,3,24,500,0.1,0.05,1.5,FALSE,0.890196788843219,7,0.102687951305204,0.949152542372881,0.226666666666667,56,204,696,3,0.448774835431081,0.0348677519335962
8,3,24,500,0.1,0.05,1.3,FALSE,0.890196788843219,8,0.0383225909622126,0.879310344827586,0.182222222222222,51,164,736,7,0.183017269504311,0.0163610936819414
8,3,24,500,0.1,0.05,0.5,FALSE,0.890196788843219,9,0.112488024060999,0.847457627118644,0.377777777777778,50,340,560,9,0.308564776258154,-0.29138784277207
8,3,24,500,0.1,0.05,0.3,FALSE,0.890196788843219,10,0.106443251675379,0.807017543859649,0.413333333333333,46,372,528,11,0.228529933401171,-0.31909819558924
8,3,24,500,0.1,0.1,0.9,TRUE,0.890196788843219,1,0.0891039163626277,0.896551724137931,0.266666666666667,52,240,660,6,0.227687880860385,-0.251558085031793
8,3,24,500,0.1,0.1,0.5,FALSE,0.890196788843219,2,0.0844726777677701,0.813559322033898,0.353333333333333,48,318,582,11,0.20218001574301,-0.125936020008149
8,3,24,500,0.1,0.1,1.5,FALSE,0.890196788843219,3,0.118712589553029,0.948275862068966,0.268888888888889,55,242,658,3,0.594395227596835,-0.00602447156476149
8,3,24,500,0.1,0.1,0.3,FALSE,0.890196788843219,4,0.128509056305388,0.879310344827586,0.38,51,342,558,7,0.145165313858534,-0.381413708692444
8,3,24,500,0.1,0.1,0.9,TRUE,0.890196788843219,5,0.119855163820714,0.932203389830508,0.291111111111111,55,262,638,4,0.379852103623821,-0.213808703710418
8,3,24,500,0.1,0.1,0.3,FALSE,0.890196788843219,6,0.0730233049579347,0.76271186440678,0.384444444444444,45,346,554,14,0.182130055171942,-0.00387865618819485
8,3,24,500,0.1,0.1,0.7,FALSE,0.890196788843219,7,0.131477466055432,0.88135593220339,0.382222222222222,52,344,556,7,0.544007742530169,-0.215678542737898
8,3,24,500,0.1,0.1,1.7,FALSE,0.890196788843219,8,0.0543070493212151,0.96551724137931,0.102222222222222,56,92,808,2,0.088055582743277,0.00315595976548163
8,3,24,500,0.1,0.1,2.5,FALSE,0.890196788843219,9,0.0740370277731452,1,0.0822222222222222,59,74,826,0,0.386383337818262,-0.0878874746323156
8,3,24,500,0.1,0.1,0.5,FALSE,0.890196788843219,10,0.0951060807663837,0.894736842105263,0.284444444444444,51,256,644,6,0.058779283541105,-0.241138860700763
8,3,24,500,0.25,0.03,1.5,FALSE,0.890196788843219,1,0.125978266545229,0.938356164383562,0.189333333333333,137,142,608,9,0.371838640333595,-0.0263649019494842
8,3,24,500,0.25,0.03,0.9,TRUE,0.890196788843219,2,0.159642742294285,0.856164383561644,0.344,125,258,492,21,0.458996747912393,0.0523527652077542
8,3,24,500,0.25,0.03,1.5,FALSE,0.890196788843219,3,0.108230828677503,0.944827586206897,0.157333333333333,137,118,632,8,0.206837940289687,-0.0670514785433365
8,3,24,500,0.25,0.03,0.7,FALSE,0.890196788843219,4,0.0997314222411911,0.801369863013699,0.322666666666667,117,242,508,29,0.265258552638164,-0.00406941162368272
8,3,24,500,0.25,0.03,1.9,FALSE,0.890196788843219,5,0.132184433812027,0.972602739726027,0.146666666666667,142,110,640,4,0.398643901885524,0.05208804823412
8,3,24,500,0.25,0.03,0.5,FALSE,0.890196788843219,6,0.117862326324196,0.691780821917808,0.466666666666667,101,350,400,45,0.538520549869722,0.186109850344979
8,3,24,500,0.25,0.03,1.5,FALSE,0.890196788843219,7,0.0841241803919275,0.897260273972603,0.189333333333333,131,142,608,15,0.351103107699977,0.162233877334765
8,3,24,500,0.25,0.03,0.7,FALSE,0.890196788843219,8,0.161290612416276,0.89041095890411,0.304,130,228,522,16,0.145546368033058,-0.251952130522158
8,3,24,500,0.25,0.03,0.9,TRUE,0.890196788843219,9,0.0499768613269206,0.8,0.258666666666667,116,194,556,29,0.111551454824032,-0.0316345233133492
8,3,24,500,0.25,0.03,0.3,FALSE,0.890196788843219,10,0.211149124909185,0.76027397260274,0.525333333333333,111,394,356,35,0.608245553627101,-0.0748740123065198
8,3,24,500,0.25,0.05,0.7,FALSE,0.890196788843219,1,0.123276167717945,0.780821917808219,0.378666666666667,114,284,466,32,0.382154764659371,-0.0117384127052288
8,3,24,500,0.25,0.05,0.7,FALSE,0.890196788843219,2,0.163156947675903,0.815068493150685,0.397333333333333,119,298,452,27,0.450778019501149,0.0509368460896054
8,3,24,500,0.25,0.05,1.3,FALSE,0.890196788843219,3,0.110179233985051,0.917241379310345,0.197333333333333,133,148,602,12,0.232822410694811,-0.0715514597185441
8,3,24,500,0.25,0.05,0.7,FALSE,0.890196788843219,4,0.101664489384705,0.801369863013699,0.325333333333333,117,244,506,29,0.264510064253787,0.00717425264763135
8,3,24,500,0.25,0.05,1.9,FALSE,0.890196788843219,5,0.142199874675095,0.979452054794521,0.149333333333333,143,112,638,3,0.379663072627636,0.0482591087658422
8,3,24,500,0.25,0.05,0.3,FALSE,0.890196788843219,6,0.140982608024104,0.657534246575342,0.533333333333333,96,400,350,50,0.543433709196453,0.157033702265417
8,3,24,500,0.25,0.05,2.5,FALSE,0.890196788843219,7,0.0793104601423696,0.993150684931507,0.0506666666666667,145,38,712,1,0.330654362827704,0.134221210707608
8,3,24,500,0.25,0.05,0.7,FALSE,0.890196788843219,8,0.172521027196439,0.897260273972603,0.312,131,234,516,15,0.14795241307236,-0.254638760920116
8,3,24,500,0.25,0.05,0.3,FALSE,0.890196788843219,9,0.0575188533292191,0.696551724137931,0.378666666666667,101,284,466,44,0.112745753343865,-0.0227543061660787
8,3,24,500,0.25,0.05,0.3,FALSE,0.890196788843219,10,0.204866527353008,0.746575342465753,0.530666666666667,109,398,352,37,0.588349155916348,-0.0847094368765737
8,3,24,500,0.25,0.1,1.5,FALSE,0.890196788843219,1,0.105599102998487,0.938356164383562,0.162666666666667,137,122,628,9,0.19845234258813,-0.0814146408026467
8,3,24,500,0.25,0.1,1.5,FALSE,0.890196788843219,2,0.184528424174794,0.958904109589041,0.245333333333333,140,184,566,6,0.551045573490895,-0.077255193327469
8,3,24,500,0.25,0.1,1.9,FALSE,0.890196788843219,3,0.106993859311853,0.979310344827586,0.104,142,78,672,3,0.232875259587549,-0.0547531847727272
8,3,24,500,0.25,0.1,1.1,FALSE,0.890196788843219,4,0.142387618829031,0.904109589041096,0.258666666666667,132,194,556,14,0.37971131766253,-0.0535463508947784
8,3,24,500,0.25,0.1,0.7,FALSE,0.890196788843219,5,0.12613112690967,0.842465753424658,0.312,123,234,516,23,0.366071682745645,-0.0760043435463439
8,3,24,500,0.25,0.1,0.1,FALSE,0.890196788843219,6,0.144705751671388,0.63013698630137,0.565333333333333,92,424,326,54,0.617084269017134,0.0805929758418611
8,3,24,500,0.25,0.1,0.7,FALSE,0.890196788843219,7,0.0972519838354277,0.828767123287671,0.288,121,216,534,25,0.207038040640873,-0.0413166142423009
8,3,24,500,0.25,0.1,0.5,FALSE,0.890196788843219,8,0.113031694893664,0.856164383561644,0.277333333333333,125,208,542,21,0.00680661451883568,-0.25114245365097
8,3,24,500,0.25,0.1,1.7,FALSE,0.890196788843219,9,0.0928552645134741,0.972413793103448,0.0986666666666667,141,74,676,4,0.180666606690661,-0.0664792151054611
8,3,24,500,0.25,0.1,0.5,FALSE,0.890196788843219,10,0.157099122936457,0.746575342465753,0.464,109,348,402,37,0.647997376078581,0.0183878661761457
8,6,48,100,0.05,0.03,1.1,FALSE,0.890196788843219,1,0.177704663327728,1,0.515789473684211,6,98,92,0,1.2944001069834,0.281685588619505
8,6,48,100,0.05,0.03,1.1,FALSE,0.890196788843219,2,0.181369062527503,1,0.526315789473684,6,100,90,0,1.16008800885304,-0.0776299762523041
8,6,48,100,0.05,0.03,0.9,TRUE,0.890196788843219,3,0.177704663327728,1,0.515789473684211,6,98,92,0,1.23790364386219,-0.210512474185634
8,6,48,100,0.05,0.03,0.3,FALSE,0.890196788843219,4,0.286600376253556,1,0.715789473684211,7,136,54,0,1.57767832147451,-0.634718396372873
8,6,48,100,0.05,0.03,1.7,FALSE,0.890196788843219,5,0.129523417919208,1,0.357894736842105,6,68,122,0,1.19668417218916,0.685365770918559
8,6,48,100,0.05,0.03,0.1,FALSE,0.890196788843219,6,0.10047983471778,0.6,0.694736842105263,3,132,58,2,1.01147696833446,0.326417209517372
8,6,48,100,0.05,0.03,0.5,FALSE,0.890196788843219,7,0.176289578681497,0.857142857142857,0.610526315789474,6,116,74,1,1.23978387721166,0.54643595919834
8,6,48,100,0.05,0.03,1.3,FALSE,0.890196788843219,8,0.14142135623731,1,0.4,6,76,114,0,1.07893274732836,-0.0877660920271237
8,6,48,100,0.05,0.03,1.5,FALSE,0.890196788843219,9,0.0615587011251092,0.8,0.389473684210526,4,74,116,1,1.33579452470443,1.15913196822908
8,6,48,100,0.05,0.03,0.5,FALSE,0.890196788843219,10,0.214382765978066,1,0.652631578947368,5,124,66,0,1.3402313135927,0.0804015196192593
8,6,48,100,0.05,0.05,0.9,TRUE,0.890196788843219,1,0.223296878269436,1,0.631578947368421,6,120,70,0,1.60452896129244,0.123928982003017
8,6,48,100,0.05,0.05,0.7,FALSE,0.890196788843219,2,0.155880437005896,0.833333333333333,0.610526315789474,5,116,74,1,1.39342763130548,0.261767913741461
8,6,48,100,0.05,0.05,0.1,FALSE,0.890196788843219,3,0.218610002846724,0.833333333333333,0.736842105263158,5,140,50,1,1.33377014720563,-0.256628474183887
8,6,48,100,0.05,0.05,0.1,FALSE,0.890196788843219,4,0.266105491058989,0.857142857142857,0.768421052631579,6,146,44,1,1.58760655259154,-0.143422707032325
8,6,48,100,0.05,0.05,0.1,FALSE,0.890196788843219,5,0.0770862896171175,0.5,0.705263157894737,3,134,56,3,1.32559951491711,0.85146357562072
8,6,48,100,0.05,0.05,0.1,FALSE,0.890196788843219,6,0.109744428451092,0.6,0.715789473684211,3,136,54,2,1.00058372562747,0.42870612071984
8,6,48,100,0.05,0.05,0.3,FALSE,0.890196788843219,7,0.274303146680734,0.857142857142857,0.778947368421053,6,148,42,1,1.49554276777634,0.309691846959255
8,6,48,100,0.05,0.05,0.3,FALSE,0.890196788843219,8,0.189368291012472,0.833333333333333,0.684210526315789,5,130,60,1,1.40847578043024,-0.562784610670911
8,6,48,100,0.05,0.05,1.3,FALSE,0.890196788843219,9,0.0366158465914233,0.6,0.515789473684211,3,98,92,2,1.49741211708746,1.35928809750415
8,6,48,100,0.05,0.05,0.1,FALSE,0.890196788843219,10,0.257299910530404,0.8,0.831578947368421,4,158,32,1,1.45966517884078,-0.333383199479625
8,6,48,100,0.05,0.1,0.7,FALSE,0.890196788843219,1,0.194781618581192,0.833333333333333,0.694736842105263,5,132,58,1,1.71257099190413,-0.0977633331663668
8,6,48,100,0.05,0.1,0.3,FALSE,0.890196788843219,2,0.212521084827904,0.666666666666667,0.821052631578947,4,156,34,2,1.69625787116647,0.52353818837883
8,6,48,100,0.05,0.1,0.9,TRUE,0.890196788843219,3,0.249401196744922,1,0.684210526315789,6,130,60,0,1.47322973089751,-0.108611607573771
8,6,48,100,0.05,0.1,1.1,FALSE,0.890196788843219,4,0.19084194904255,0.857142857142857,0.642105263157895,6,122,68,1,1.71460138047041,0.755670691478954
8,6,48,100,0.05,0.1,0.5,FALSE,0.890196788843219,5,0.036545123784004,0.333333333333333,0.757894736842105,2,144,46,4,1.61855506645586,1.62102638743233
8,6,48,100,0.05,0.1,0.3,FALSE,0.890196788843219,6,0.105036619326241,0.6,0.705263157894737,3,134,56,2,1.17334541138058,0.403106665311341
8,6,48,100,0.05,0.1,0.7,FALSE,0.890196788843219,7,0.236981532632892,0.857142857142857,0.726315789473684,6,138,52,1,1.82564823630408,0.191755692174586
8,6,48,100,0.05,0.1,1.5,FALSE,0.890196788843219,8,0.147575690382985,1,0.421052631578947,6,80,110,0,1.39577850401893,0.38899384058044
8,6,48,100,0.05,0.1,1.3,FALSE,0.890196788843219,9,0.103222714916565,0.8,0.526315789473684,4,100,90,1,1.63461993544517,1.10928545288755
8,6,48,100,0.05,0.1,0.9,TRUE,0.890196788843219,10,0.117285349707141,0.8,0.568421052631579,4,108,82,1,1.47878874120745,0.480202842616117
8,6,48,100,0.1,0.03,0.9,TRUE,0.890196788843219,1,0.14832127301601,0.75,0.555555555555556,9,100,80,3,1.30260338780641,0.777004738013625
8,6,48,100,0.1,0.03,0.7,FALSE,0.890196788843219,2,0.29012942659283,0.833333333333333,0.722222222222222,10,130,50,2,1.49959045037563,0.322466044831661
8,6,48,100,0.1,0.03,1.3,FALSE,0.890196788843219,3,0.191204444992647,1,0.377777777777778,12,68,112,0,0.887246475468397,-0.196080740652565
8,6,48,100,0.1,0.03,0.1,FALSE,0.890196788843219,4,0.0366779720246471,0.416666666666667,0.655555555555556,5,118,62,7,0.852807090688203,0.802936863492968
8,6,48,100,0.1,0.03,1.5,FALSE,0.890196788843219,5,0.2,1,0.4,12,72,108,0,1.12670138365795,0.118278472269468
8,6,48,100,0.1,0.03,1.9,FALSE,0.890196788843219,6,0.157359158493889,1,0.288888888888889,12,52,128,0,1.04492133153052,0.37881341628512
8,6,48,100,0.1,0.03,1.1,FALSE,0.890196788843219,7,0.198214249964247,1,0.377777777777778,13,68,112,0,0.91344278470882,0.479286870832662
8,6,48,100,0.1,0.03,1.1,FALSE,0.890196788843219,8,0.239611557332298,0.909090909090909,0.6,10,108,72,1,1.31863202499409,0.193597804780869
8,6,48,100,0.1,0.03,0.9,TRUE,0.890196788843219,9,0.203355241598274,0.75,0.655555555555556,9,118,62,3,1.30651374811992,0.512364695846049
8,6,48,100,0.1,0.03,0.1,FALSE,0.890196788843219,10,0.235144149198272,0.818181818181818,0.666666666666667,9,120,60,2,1.01893782919237,-0.328434360886795
8,6,48,100,0.1,0.05,2.3,FALSE,0.890196788843219,1,0.153212853258974,1,0.277777777777778,12,50,130,0,1.38203985633835,0.825329787362679
8,6,48,100,0.1,0.05,0.5,FALSE,0.890196788843219,2,0.307697694415248,0.833333333333333,0.744444444444444,10,134,46,2,1.65536708482669,-0.166835661688046
8,6,48,100,0.1,0.05,1.7,FALSE,0.890196788843219,3,0.178311165648346,1,0.344444444444444,12,62,118,0,1.05910557754064,0.349457900777436
8,6,48,100,0.1,0.05,2.9,FALSE,0.890196788843219,4,0.0928840728025648,1,0.122222222222222,12,22,158,0,0.98254878469091,0.928291228117201
8,6,48,100,0.1,0.05,0.3,FALSE,0.890196788843219,5,0.264729749557579,0.75,0.744444444444444,9,134,46,3,1.60695196355155,-0.0345568991024823
8,6,48,100,0.1,0.05,0.3,FALSE,0.890196788843219,6,0.18383783228421,0.75,0.622222222222222,9,112,68,3,1.2101569460817,0.155265197719363
8,6,48,100,0.1,0.05,1.5,FALSE,0.890196788843219,7,0.147344038266584,0.846153846153846,0.444444444444444,11,80,100,2,1.3665164405043,0.456826843422538
8,6,48,100,0.1,0.05,0.9,TRUE,0.890196788843219,8,0.239611557332298,0.909090909090909,0.6,10,108,72,1,1.37089700074426,-0.0495864243125244
8,6,48,100,0.1,0.05,2.5,FALSE,0.890196788843219,9,0.106568234377395,0.916666666666667,0.277777777777778,11,50,130,1,1.51304622311683,0.9276692683556
8,6,48,100,0.1,0.05,0.9,TRUE,0.890196788843219,10,0.128479891013858,0.818181818181818,0.455555555555556,9,82,98,2,1.1827252210814,0.395029910582437
8,6,48,100,0.1,0.1,0.1,FALSE,0.890196788843219,1,0.149071198499986,0.5,0.766666666666667,6,138,42,6,1.54731693918232,1.07847333113972
8,6,48,100,0.1,0.1,1.5,FALSE,0.890196788843219,2,0.194325082689389,0.833333333333333,0.566666666666667,10,102,78,2,1.59842731158538,0.985214392246632
8,6,48,100,0.1,0.1,0.3,FALSE,0.890196788843219,3,0.273861278752583,0.833333333333333,0.7,10,126,54,2,1.36031103602402,0.0222292520687742
8,6,48,100,0.1,0.1,1.7,FALSE,0.890196788843219,4,0.139248944427334,0.916666666666667,0.355555555555556,11,64,116,1,1.20086160197698,0.650413396881039
8,6,48,100,0.1,0.1,0.3,FALSE,0.890196788843219,5,0.33799571399047,0.75,0.822222222222222,9,148,32,3,1.83388762060174,-0.072706815950544
8,6,48,100,0.1,0.1,1.1,FALSE,0.890196788843219,6,0.15398377070989,0.75,0.566666666666667,9,102,78,3,1.39792683712899,0.482788724647239
8,6,48,100,0.1,0.1,0.9,TRUE,0.890196788843219,7,0.187213601562248,0.769230769230769,0.6,10,108,72,3,1.56514563158127,0.443926462942314
8,6,48,100,0.1,0.1,1.7,FALSE,0.890196788843219,8,0.23830678432808,1,0.511111111111111,11,92,88,0,1.72049391803955,0.421615144488977
8,6,48,100,0.1,0.1,0.1,FALSE,0.890196788843219,9,0.268201527676453,0.583333333333333,0.844444444444444,7,152,28,5,1.68285647810428,0.871081915391839
8,6,48,100,0.1,0.1,2.9,FALSE,0.890196788843219,10,0.135247037486608,1,0.244444444444444,11,44,136,0,1.32890151124644,0.587998237453448
8,6,48,100,0.25,0.03,1.7,FALSE,0.890196788843219,1,0.248596872483171,0.903225806451613,0.413333333333333,28,62,88,3,1.34369815283274,0.400500058174561
8,6,48,100,0.25,0.03,2.1,FALSE,0.890196788843219,2,0.20615703173105,0.931034482758621,0.32,27,48,102,2,1.35317830282786,0.517882486960249
8,6,48,100,0.25,0.03,0.3,FALSE,0.890196788843219,3,0.270745576918284,0.733333333333333,0.626666666666667,22,94,56,8,1.21125958085448,-0.00518366223216128
8,6,48,100,0.25,0.03,0.3,FALSE,0.890196788843219,4,0.305754572171687,0.678571428571429,0.72,19,108,42,9,1.29431066597518,0.00122308050799846
8,6,48,100,0.25,0.03,2.9,FALSE,0.890196788843219,5,0.153716271042211,1,0.133333333333333,28,20,130,0,1.10501785975513,0.536704040366299
8,6,48,100,0.25,0.03,2.1,FALSE,0.890196788843219,6,0.18059462910811,0.931034482758621,0.28,27,42,108,2,1.02394371588844,0.737253717172373
8,6,48,100,0.25,0.03,0.7,FALSE,0.890196788843219,7,0.224733287487747,0.7,0.6,21,90,60,9,0.987146193925872,0.285575227412005
8,6,48,100,0.25,0.03,0.7,FALSE,0.890196788843219,8,0.260213802555063,0.793103448275862,0.56,23,84,66,6,1.09169284653738,0.0983577468843343
8,6,48,100,0.25,0.03,0.3,FALSE,0.890196788843219,9,0.319788363706232,0.620689655172414,0.773333333333333,18,116,34,11,1.33174534188286,0.383562114401511
8,6,48,100,0.25,0.03,1.1,FALSE,0.890196788843219,10,0.313522136331106,0.966666666666667,0.44,29,66,84,1,1.14013143406202,0.0339722395254344
8,6,48,100,0.25,0.05,1.1,FALSE,0.890196788843219,1,0.349613295580532,0.774193548387097,0.68,24,102,48,7,1.61219480178256,0.415961564713746
8,6,48,100,0.25,0.05,2.5,FALSE,0.890196788843219,2,0.219854371794348,0.96551724137931,0.293333333333333,28,44,106,1,1.43828819018267,0.549884416428187
8,6,48,100,0.25,0.05,0.9,TRUE,0.890196788843219,3,0.358568582800318,0.866666666666667,0.613333333333333,26,92,58,4,1.38638601899264,-0.0190748021361376
8,6,48,100,0.25,0.05,0.1,FALSE,0.890196788843219,4,0.202327680459708,0.571428571428571,0.693333333333333,16,104,46,12,1.09561402091677,0.332790712565456
8,6,48,100,0.25,0.05,2.5,FALSE,0.890196788843219,5,0.149779644804799,0.928571428571429,0.24,26,36,114,2,1.21506328343951,0.610248953320424
8,6,48,100,0.25,0.05,0.5,FALSE,0.890196788843219,6,0.293495905837364,0.586206896551724,0.773333333333333,17,116,34,12,1.46126646747004,0.628802855701639
8,6,48,100,0.25,0.05,2.7,FALSE,0.890196788843219,7,0.207950097964015,1,0.213333333333333,30,32,118,0,1.23789885607896,0.55741110425607
8,6,48,100,0.25,0.05,0.5,FALSE,0.890196788843219,8,0.189349779913282,0.655172413793103,0.6,19,90,60,10,1.17315760634081,0.439211956659661
8,6,48,100,0.25,0.05,0.1,FALSE,0.890196788843219,9,0.329003314809043,0.551724137931034,0.826666666666667,16,124,26,13,1.43218846913135,0.288337337801317
8,6,48,100,0.25,0.05,1.1,FALSE,0.890196788843219,10,0.422394470287489,0.966666666666667,0.6,29,90,60,1,1.44788675328602,-0.0404569509612948
8,6,48,100,0.25,0.1,1.1,FALSE,0.890196788843219,1,0.340858801789709,0.67741935483871,0.746666666666667,21,112,38,10,1.97367676680194,0.804806241024151
8,6,48,100,0.25,0.1,0.1,FALSE,0.890196788843219,2,0.319647913812021,0.448275862068966,0.88,13,132,18,16,1.7174305425102,0.727970518095362
8,6,48,100,0.25,0.1,1.1,FALSE,0.890196788843219,3,0.343054395295057,0.9,0.56,27,84,66,3,1.51446022758825,0.191252663543817
8,6,48,100,0.25,0.1,0.3,FALSE,0.890196788843219,4,0.352236191449112,0.607142857142857,0.813333333333333,17,122,28,11,1.43985141853654,0.558158789308257
8,6,48,100,0.25,0.1,1.7,FALSE,0.890196788843219,5,0.194980979630277,0.785714285714286,0.48,22,72,78,6,1.44575619703885,1.02562818121289
8,6,48,100,0.25,0.1,1.3,FALSE,0.890196788843219,6,0.219490768047467,0.724137931034483,0.573333333333333,21,86,64,8,1.66491978655151,0.929433059908024
8,6,48,100,0.25,0.1,1.1,FALSE,0.890196788843219,7,0.221332000061022,0.666666666666667,0.626666666666667,20,94,56,10,1.45267147973991,0.633912183017123
8,6,48,100,0.25,0.1,1.7,FALSE,0.890196788843219,8,0.292289564066123,0.96551724137931,0.413333333333333,28,62,88,1,1.32610067520376,0.371993113931769
8,6,48,100,0.25,0.1,1.5,FALSE,0.890196788843219,9,0.260213802555063,0.793103448275862,0.56,23,84,66,6,1.8109213447021,0.938287036758754
8,6,48,100,0.25,0.1,0.1,FALSE,0.890196788843219,10,0.406377727173694,0.6,0.853333333333333,18,128,22,12,1.48510381284497,0.124016661813912
8,6,48,300,0.05,0.03,0.1,FALSE,0.890196788843219,1,0.139844921587941,0.764705882352941,0.63859649122807,13,364,206,4,0.852315172730526,-0.155621692226886
8,6,48,300,0.05,0.03,0.9,TRUE,0.890196788843219,2,0.168283050422265,1,0.487719298245614,18,278,292,0,1.21836251226134,-0.407247992740983
8,6,48,300,0.05,0.03,0.9,TRUE,0.890196788843219,3,0.138214738143788,0.888888888888889,0.512280701754386,16,292,278,2,1.1959640483792,0.0243441087536619
8,6,48,300,0.05,0.03,1.7,FALSE,0.890196788843219,4,0.15829204444906,1,0.470175438596491,17,268,302,0,1.59342340225458,-0.0846498945278093
8,6,48,300,0.05,0.03,0.5,FALSE,0.890196788843219,5,0.184144529408798,0.941176470588235,0.6,16,342,228,1,1.19133506816943,-0.569572995825565
8,6,48,300,0.05,0.03,0.9,TRUE,0.890196788843219,6,0.114271106500358,0.833333333333333,0.498245614035088,15,284,286,3,1.2552961471157,0.510577109790006
8,6,48,300,0.05,0.03,0.7,FALSE,0.890196788843219,7,0.109589318254787,0.888888888888889,0.424561403508772,16,242,328,2,0.768478249722558,-0.337489715848885
8,6,48,300,0.05,0.03,0.5,FALSE,0.890196788843219,8,0.15082614783151,0.882352941176471,0.564912280701754,15,322,248,2,1.18283334920543,-0.0875494430273534
8,6,48,300,0.05,0.03,0.5,FALSE,0.890196788843219,9,0.0858834155887663,0.764705882352941,0.491228070175439,13,280,290,4,0.821433321303995,0.321089517792882
8,6,48,300,0.05,0.03,0.7,FALSE,0.890196788843219,10,0.131070712191855,0.888888888888889,0.491228070175439,16,280,290,2,1.08442104300936,-0.00351266482808581
8,6,48,300,0.05,0.05,1.1,FALSE,0.890196788843219,1,0.143624297118865,1,0.421052631578947,17,240,330,0,0.983906709744689,-0.24638502298855
8,6,48,300,0.05,0.05,1.1,FALSE,0.890196788843219,2,0.156044966935081,1,0.449122807017544,18,256,314,0,1.20213621469918,-0.242146851011929
8,6,48,300,0.05,0.05,0.1,FALSE,0.890196788843219,3,0.130536468025383,0.666666666666667,0.687719298245614,12,392,178,6,1.17048098475046,0.0969199839057237
8,6,48,300,0.05,0.05,0.5,FALSE,0.890196788843219,4,0.169401888817271,0.823529411764706,0.659649122807018,14,376,194,3,1.61828954337019,-0.031473517481208
8,6,48,300,0.05,0.05,0.7,FALSE,0.890196788843219,5,0.204040812244081,1,0.6,17,342,228,0,1.39876563460611,-0.455194163813872
8,6,48,300,0.05,0.05,0.7,FALSE,0.890196788843219,6,0.121398111574799,0.777777777777778,0.571929824561404,14,326,244,4,1.39733592295715,0.401491510273974
8,6,48,300,0.05,0.05,0.7,FALSE,0.890196788843219,7,0.0991499042456269,0.833333333333333,0.452631578947368,15,258,312,3,0.949056094677193,-0.191536940854474
8,6,48,300,0.05,0.05,0.3,FALSE,0.890196788843219,8,0.171007756690808,0.823529411764706,0.663157894736842,14,378,192,3,1.31743464069925,0.00818983413180646
8,6,48,300,0.05,0.05,0.7,FALSE,0.890196788843219,9,0.0463955839726771,0.647058823529412,0.491228070175439,11,280,290,6,0.875737030592317,0.676564723879488
8,6,48,300,0.05,0.05,1.3,FALSE,0.890196788843219,10,0.167138333939479,1,0.484210526315789,18,276,294,0,1.49793522072992,-0.320079724556206
8,6,48,300,0.05,0.1,0.1,FALSE,0.890196788843219,1,0.144330089614365,0.764705882352941,0.649122807017544,13,370,200,4,1.01464091155104,0.0734086172113724
8,6,48,300,0.05,0.1,0.1,FALSE,0.890196788843219,2,0.177424012440118,0.833333333333333,0.659649122807018,15,376,194,3,1.16263719892952,-0.177525853334211
8,6,48,300,0.05,0.1,0.5,FALSE,0.890196788843219,3,0.181769095762212,0.944444444444444,0.578947368421053,17,330,240,1,1.14035796642514,-0.210207458000637
8,6,48,300,0.05,0.1,1.5,FALSE,0.890196788843219,4,0.156130494465172,1,0.463157894736842,17,264,306,0,1.6756380168114,0.231675111472077
8,6,48,300,0.05,0.1,0.1,FALSE,0.890196788843219,5,0.166089979450098,0.705882352941177,0.736842105263158,12,420,150,5,1.47438707859516,-0.22771300172027
8,6,48,300,0.05,0.1,0.7,FALSE,0.890196788843219,6,0.13666494933583,0.833333333333333,0.56140350877193,15,320,250,3,1.15734124232072,0.061267590572641
8,6,48,300,0.05,0.1,0.3,FALSE,0.890196788843219,7,0.104785727981997,0.722222222222222,0.578947368421053,13,330,240,5,0.998216532709256,-0.0408693389999123
8,6,48,300,0.05,0.1,0.9,TRUE,0.890196788843219,8,0.146295851630881,0.941176470588235,0.494736842105263,16,282,288,1,1.15396686686945,-0.0086204609792508
8,6,48,300,0.05,0.1,0.5,FALSE,0.890196788843219,9,0.0964702318056548,0.764705882352941,0.52280701754386,13,298,272,4,0.810797668177117,0.485973829204977
8,6,48,300,0.05,0.1,0.1,FALSE,0.890196788843219,10,0.194781618581192,0.833333333333333,0.694736842105263,15,396,174,3,1.39922996792223,-0.502302035375386
8,6,48,300,0.1,0.03,0.5,FALSE,0.890196788843219,1,0.181740611718332,0.8,0.577777777777778,28,312,228,7,1.27439520831962,-0.00982355212300841
8,6,48,300,0.1,0.03,0.3,FALSE,0.890196788843219,2,0.251606545466195,0.8,0.696296296296296,28,376,164,7,1.49185752770056,0.0760054053958361
8,6,48,300,0.1,0.03,0.5,FALSE,0.890196788843219,3,0.245416527454533,0.823529411764706,0.674074074074074,28,364,176,6,1.4099085580402,-0.0650532000683093
8,6,48,300,0.1,0.03,0.3,FALSE,0.890196788843219,4,0.195162081997043,0.705882352941177,0.685185185185185,24,370,170,10,1.34020986045385,-0.111244505205445
8,6,48,300,0.1,0.03,0.7,FALSE,0.890196788843219,5,0.259916539409725,0.942857142857143,0.596296296296296,33,322,218,2,1.43055271362897,-0.129715076458386
8,6,48,300,0.1,0.03,0.5,FALSE,0.890196788843219,6,0.102324697380972,0.722222222222222,0.488888888888889,26,264,276,10,0.733002828015604,0.178567963164835
8,6,48,300,0.1,0.03,0.5,FALSE,0.890196788843219,7,0.151260111436797,0.861111111111111,0.448148148148148,31,242,298,5,0.690742601745628,-0.0319891443766303
8,6,48,300,0.1,0.03,1.1,FALSE,0.890196788843219,8,0.208719533258973,0.944444444444444,0.485185185185185,34,262,278,2,1.25319248404787,0.0327302009140113
8,6,48,300,0.1,0.03,0.9,TRUE,0.890196788843219,9,0.167385219966193,0.882352941176471,0.47037037037037,30,254,286,4,1.25880116895809,0.154241217252463
8,6,48,300,0.1,0.03,1.1,FALSE,0.890196788843219,10,0.191282643528188,0.911764705882353,0.492592592592593,31,266,274,3,1.21282412132163,-0.0348717766097811
8,6,48,300,0.1,0.05,0.1,FALSE,0.890196788843219,1,0.150508116765767,0.685714285714286,0.622222222222222,24,336,204,11,1.14308273254334,0.242110996962732
8,6,48,300,0.1,0.05,1.3,FALSE,0.890196788843219,2,0.183179017864204,0.857142857142857,0.525925925925926,30,284,256,5,1.68602847066071,0.44644525779812
8,6,48,300,0.1,0.05,0.1,FALSE,0.890196788843219,3,0.223261048704636,0.647058823529412,0.766666666666667,22,414,126,12,1.6217839197821,0.0658806784881138
8,6,48,300,0.1,0.05,0.3,FALSE,0.890196788843219,4,0.264956241425019,0.911764705882353,0.637037037037037,31,344,196,3,1.29047511308366,-0.296358123047459
8,6,48,300,0.1,0.05,0.5,FALSE,0.890196788843219,5,0.232492447191072,0.828571428571429,0.644444444444444,29,348,192,6,1.49874325495805,-0.00324191186125531
8,6,48,300,0.1,0.05,1.1,FALSE,0.890196788843219,6,0.148724029380921,0.888888888888889,0.411111111111111,32,222,318,4,0.837165515256813,0.00932192005290704
8,6,48,300,0.1,0.05,1.1,FALSE,0.890196788843219,7,0.137703294659836,0.916666666666667,0.351851851851852,33,190,350,3,0.795219901775316,-0.0196284783258381
8,6,48,300,0.1,0.05,0.9,TRUE,0.890196788843219,8,0.248385101430509,0.916666666666667,0.592592592592593,33,320,220,3,1.47353885345836,-0.0270554786515196
8,6,48,300,0.1,0.05,0.1,FALSE,0.890196788843219,9,0.169421778825565,0.676470588235294,0.666666666666667,23,360,180,11,1.71833528779965,0.0787817812116723
8,6,48,300,0.1,0.05,0.1,FALSE,0.890196788843219,10,0.180491406719114,0.617647058823529,0.72962962962963,21,394,146,13,1.328890185058,0.188561659532961
8,6,48,300,0.1,0.1,0.3,FALSE,0.890196788843219,1,0.164065859255407,0.742857142857143,0.596296296296296,26,322,218,9,1.12952013124905,-0.00821163721653682
8,6,48,300,0.1,0.1,1.1,FALSE,0.890196788843219,2,0.198617415202938,0.885714285714286,0.52962962962963,31,286,254,4,1.54894389278726,0.309697378266204
8,6,48,300,0.1,0.1,0.1,FALSE,0.890196788843219,3,0.238310153026746,0.794117647058823,0.685185185185185,27,370,170,7,1.41379049773924,-0.264638757591168
8,6,48,300,0.1,0.1,0.3,FALSE,0.890196788843219,4,0.219730297225876,0.794117647058823,0.655555555555556,27,354,186,7,1.48541492472011,-0.253612726940925
8,6,48,300,0.1,0.1,0.1,FALSE,0.890196788843219,5,0.213933118288666,0.714285714285714,0.703703703703704,25,380,160,10,1.38849323316139,-0.110880213284312
8,6,48,300,0.1,0.1,0.9,TRUE,0.890196788843219,6,0.110340614121657,0.777777777777778,0.448148148148148,28,242,298,8,1.02222032347098,0.124338529620125
8,6,48,300,0.1,0.1,0.5,FALSE,0.890196788843219,7,0.138094655811697,0.777777777777778,0.507407407407407,28,274,266,8,0.993278021523281,-0.0361310883902059
8,6,48,300,0.1,0.1,0.1,FALSE,0.890196788843219,8,0.253266973074671,0.75,0.72962962962963,27,394,146,9,1.38707000028664,-0.0222302508987406
8,6,48,300,0.1,0.1,2.3,FALSE,0.890196788843219,9,0.178936643186808,0.970588235294118,0.396296296296296,33,214,326,1,2.05702641542013,0.319096530682645
8,6,48,300,0.1,0.1,0.1,FALSE,0.890196788843219,10,0.207221510336438,0.735294117647059,0.681481481481481,25,368,172,9,1.22840551729569,-0.0812935923211714
8,6,48,300,0.25,0.03,0.9,TRUE,0.890196788843219,1,0.278432699967357,0.829545454545455,0.546666666666667,73,246,204,15,1.42187017860738,0.0974804497579992
8,6,48,300,0.25,0.03,0.5,FALSE,0.890196788843219,2,0.314366068390717,0.795454545454545,0.626666666666667,70,282,168,18,1.36355417004667,-0.0347170520156692
8,6,48,300,0.25,0.03,1.7,FALSE,0.890196788843219,3,0.252785876243529,0.919540229885057,0.408888888888889,80,184,266,7,1.32867389059435,0.187604519393964
8,6,48,300,0.25,0.03,0.7,FALSE,0.890196788843219,4,0.315579879009298,0.806818181818182,0.617777777777778,71,278,172,17,1.44574314531768,0.114345445237938
8,6,48,300,0.25,0.03,1.3,FALSE,0.890196788843219,5,0.257412689685194,0.920454545454545,0.413333333333333,81,186,264,7,1.07995094084088,0.0353067742492406
8,6,48,300,0.25,0.03,0.3,FALSE,0.890196788843219,6,0.19816681755346,0.818181818181818,0.444444444444444,72,200,250,16,0.392956023089253,-0.100849782168078
8,6,48,300,0.25,0.03,0.9,TRUE,0.890196788843219,7,0.366644862662312,0.873563218390805,0.622222222222222,76,280,170,11,1.55308557316791,-0.109710965290688
8,6,48,300,0.25,0.03,0.9,TRUE,0.890196788843219,8,0.227749989307467,0.840909090909091,0.462222222222222,74,208,242,14,0.957472433577912,0.0562726430514033
8,6,48,300,0.25,0.03,0.3,FALSE,0.890196788843219,9,0.313428024949578,0.818181818181818,0.604444444444444,72,272,178,16,0.97062155023241,-0.207867274500051
8,6,48,300,0.25,0.03,0.7,FALSE,0.890196788843219,10,0.328728608706131,0.829545454545455,0.613333333333333,73,276,174,15,1.4189348044259,-0.10989133796759
8,6,48,300,0.25,0.05,0.1,FALSE,0.890196788843219,1,0.253211154341487,0.613636363636364,0.711111111111111,54,320,130,34,1.65329557907424,0.164695418327131
8,6,48,300,0.25,0.05,0.7,FALSE,0.890196788843219,2,0.2662823087599,0.772727272727273,0.586666666666667,68,264,186,20,1.48011556133307,0.136512689990758
8,6,48,300,0.25,0.05,0.5,FALSE,0.890196788843219,3,0.316627765863839,0.770114942528736,0.653333333333333,67,294,156,20,1.37843089244574,-0.0487311264708478
8,6,48,300,0.25,0.05,0.9,TRUE,0.890196788843219,4,0.27464665803577,0.784090909090909,0.586666666666667,69,264,186,19,1.48388683022142,0.0893040145454232
8,6,48,300,0.25,0.05,2.1,FALSE,0.890196788843219,5,0.253387226712208,0.965909090909091,0.346666666666667,85,156,294,3,1.41756837619622,0.0830588056750904
8,6,48,300,0.25,0.05,0.1,FALSE,0.890196788843219,6,0.182390226571786,0.681818181818182,0.564444444444444,60,254,196,28,0.645996924801923,-0.0848050421326349
8,6,48,300,0.25,0.05,1.3,FALSE,0.890196788843219,7,0.369848233695661,0.954022988505747,0.546666666666667,83,246,204,4,1.6679522775536,-0.187577698542696
8,6,48,300,0.25,0.05,1.7,FALSE,0.890196788843219,8,0.21646236081574,0.954545454545455,0.302222222222222,84,136,314,4,0.891155113294108,0.0453308908075193
8,6,48,300,0.25,0.05,0.9,TRUE,0.890196788843219,9,0.281733239019583,0.863636363636364,0.515555555555556,76,232,218,12,1.08611084705916,-0.0118696946737213
8,6,48,300,0.25,0.05,0.9,TRUE,0.890196788843219,10,0.310209653333463,0.863636363636364,0.555555555555556,76,250,200,12,1.51757081490738,-0.00153610272555463
8,6,48,300,0.25,0.1,0.1,FALSE,0.890196788843219,1,0.343944976468911,0.625,0.791111111111111,55,356,94,33,2.01284226479255,0.229424139728704
8,6,48,300,0.25,0.1,1.7,FALSE,0.890196788843219,2,0.294907153136439,0.931818181818182,0.457777777777778,82,206,244,6,1.56376269168153,0.130560449507471
8,6,48,300,0.25,0.1,0.1,FALSE,0.890196788843219,3,0.289758488841284,0.71264367816092,0.671111111111111,62,302,148,25,1.21574700435271,-0.133974847532087
8,6,48,300,0.25,0.1,0.7,FALSE,0.890196788843219,4,0.319123686266722,0.806818181818182,0.622222222222222,71,280,170,17,1.39466841303315,0.0286359390047553
8,6,48,300,0.25,0.1,1.7,FALSE,0.890196788843219,5,0.260049574618044,0.954545454545455,0.373333333333333,84,168,282,4,1.36613283267907,0.142107564769947
8,6,48,300,0.25,0.1,0.1,FALSE,0.890196788843219,6,0.200960337116352,0.636363636363636,0.631111111111111,56,284,166,32,0.737858997614104,-0.0229810471237959
8,6,48,300,0.25,0.1,0.3,FALSE,0.890196788843219,7,0.351496643023004,0.770114942528736,0.693333333333333,67,312,138,20,1.65173090099825,-0.208209039739373
8,6,48,300,0.25,0.1,0.7,FALSE,0.890196788843219,8,0.256152649479872,0.829545454545455,0.515555555555556,73,232,218,15,1.07284234352439,0.0151756930295706
8,6,48,300,0.25,0.1,1.1,FALSE,0.890196788843219,9,0.221314997489609,0.863636363636364,0.426666666666667,76,192,258,12,0.883462425444194,-0.0957218540655657
8,6,48,300,0.25,0.1,0.1,FALSE,0.890196788843219,10,0.280327420983697,0.693181818181818,0.675555555555556,61,304,146,27,1.30307110470007,-0.0352662485954952
8,6,48,500,0.05,0.03,0.1,FALSE,0.890196788843219,1,0.128443274490881,0.709677419354839,0.644210526315789,22,612,338,9,1.18593014361883,-0.127131008754791
8,6,48,500,0.05,0.03,1.3,FALSE,0.890196788843219,2,0.118057517218305,0.96551724137931,0.368421052631579,28,350,600,1,0.940284477307633,-0.321684723638134
8,6,48,500,0.05,0.03,0.3,FALSE,0.890196788843219,3,0.183304953667201,0.724137931034483,0.751578947368421,21,714,236,8,1.92399994232819,-0.199139042567021
8,6,48,500,0.05,0.03,0.9,TRUE,0.890196788843219,4,0.151467837323652,0.827586206896552,0.610526315789474,24,580,370,5,1.64325543537075,0.124810368133529
8,6,48,500,0.05,0.03,0.3,FALSE,0.890196788843219,5,0.186126643466721,0.793103448275862,0.711578947368421,23,676,274,6,1.62124168265954,-0.0713741774414923
8,6,48,500,0.05,0.03,0.1,FALSE,0.890196788843219,6,0.164606472031079,0.821428571428571,0.652631578947368,23,620,330,5,0.968233342404344,-0.279789164012337
8,6,48,500,0.05,0.03,0.5,FALSE,0.890196788843219,7,0.11665109483596,0.689655172413793,0.642105263157895,20,610,340,9,1.49380887368345,0.0555528889549485
8,6,48,500,0.05,0.03,1.5,FALSE,0.890196788843219,8,0.150729021785316,0.96551724137931,0.477894736842105,28,454,496,1,1.60853036440463,0.189220848799446
8,6,48,500,0.05,0.03,0.7,FALSE,0.890196788843219,9,0.123967813549887,0.833333333333333,0.526315789473684,25,500,450,5,1.13006279812536,0.0804056049499085
8,6,48,500,0.05,0.03,1.5,FALSE,0.890196788843219,10,0.118612855043034,1,0.332631578947368,28,316,634,0,0.831098914167485,-0.26064087638331
8,6,48,500,0.05,0.05,0.5,FALSE,0.890196788843219,1,0.178099106703321,0.935483870967742,0.570526315789474,29,542,408,2,1.19994140127534,-0.274288825523918
8,6,48,500,0.05,0.05,0.9,TRUE,0.890196788843219,2,0.147689365172727,1,0.429473684210526,29,408,542,0,0.970240322030601,-0.39427265740589
8,6,48,500,0.05,0.05,0.9,TRUE,0.890196788843219,3,0.213693932365382,0.931034482758621,0.669473684210526,27,636,314,2,2.1750029599449,-0.00200149744332949
8,6,48,500,0.05,0.05,1.3,FALSE,0.890196788843219,4,0.169191646946465,0.896551724137931,0.595789473684211,26,566,384,3,2.15361850760138,0.0622570811890909
8,6,48,500,0.05,0.05,0.9,TRUE,0.890196788843219,5,0.179571630031593,0.896551724137931,0.621052631578947,26,590,360,3,1.69815688268507,-0.113656172537323
8,6,48,500,0.05,0.05,1.7,FALSE,0.890196788843219,6,0.113911497351915,0.964285714285714,0.362105263157895,27,344,606,1,1.1683172944175,0.0737657278460469
8,6,48,500,0.05,0.05,0.3,FALSE,0.890196788843219,7,0.176287251763572,0.793103448275862,0.692631578947368,23,658,292,6,1.71647015512227,-0.267130362723198
8,6,48,500,0.05,0.05,0.5,FALSE,0.890196788843219,8,0.148097649934928,0.758620689655172,0.658947368421053,22,626,324,7,1.59735556874189,0.0166289626494056
8,6,48,500,0.05,0.05,1.7,FALSE,0.890196788843219,9,0.133042480846113,1,0.370526315789474,30,352,598,0,1.30941319133287,0.00259060597426203
8,6,48,500,0.05,0.05,0.3,FALSE,0.890196788843219,10,0.131142640451566,0.75,0.631578947368421,21,600,350,7,1.10973810747712,-0.222491328049894
8,6,48,500,0.05,0.1,1.1,FALSE,0.890196788843219,1,0.12617013887868,0.935483870967742,0.418947368421053,29,398,552,2,1.14301658132593,-0.101040327843206
8,6,48,500,0.05,0.1,0.3,FALSE,0.890196788843219,2,0.165048074683507,0.896551724137931,0.585263157894737,26,556,394,3,0.972137195484049,-0.221796543066068
8,6,48,500,0.05,0.1,0.3,FALSE,0.890196788843219,3,0.207140198385665,0.758620689655172,0.768421052631579,22,730,220,7,2.19779964262723,-0.14020572662949
8,6,48,500,0.05,0.1,0.7,FALSE,0.890196788843219,4,0.164772687413288,0.827586206896552,0.642105263157895,24,610,340,5,2.01395000219082,-0.0259960422052863
8,6,48,500,0.05,0.1,0.1,FALSE,0.890196788843219,5,0.213157074882994,0.827586206896552,0.736842105263158,24,700,250,5,1.59189470222442,-0.319135525919763
8,6,48,500,0.05,0.1,0.5,FALSE,0.890196788843219,6,0.11363902177607,0.785714285714286,0.553684210526316,22,526,424,6,1.07617458599249,-0.213825488962536
8,6,48,500,0.05,0.1,0.5,FALSE,0.890196788843219,7,0.143880628411273,0.793103448275862,0.621052631578947,23,590,360,6,1.77987271030078,-0.105761700792206
8,6,48,500,0.05,0.1,0.3,FALSE,0.890196788843219,8,0.18046685977855,0.896551724137931,0.623157894736842,26,592,358,3,1.30158962930219,-0.412462798347041
8,6,48,500,0.05,0.1,0.3,FALSE,0.890196788843219,9,0.205675552496358,0.933333333333333,0.644210526315789,28,612,338,2,1.35324290552145,-0.387526025779545
8,6,48,500,0.05,0.1,0.9,TRUE,0.890196788843219,10,0.169932489321237,1,0.509473684210526,28,484,466,0,1.25517628994542,-0.444210978416015
8,6,48,500,0.1,0.03,0.7,FALSE,0.890196788843219,1,0.138690857362159,0.779661016949153,0.508888888888889,46,458,442,13,1.07977868387027,-0.0604124861135466
8,6,48,500,0.1,0.03,1.5,FALSE,0.890196788843219,2,0.200942891138099,0.96551724137931,0.451111111111111,56,406,494,2,1.49436806535107,0.031414700057284
8,6,48,500,0.1,0.03,0.7,FALSE,0.890196788843219,3,0.236970023602456,0.898305084745763,0.591111111111111,53,532,368,6,1.37830504461707,-0.0517641046133025
8,6,48,500,0.1,0.03,1.5,FALSE,0.890196788843219,4,0.154006617257242,0.912280701754386,0.404444444444444,52,364,536,5,1.29654961460767,0.092447633825786
8,6,48,500,0.1,0.03,0.3,FALSE,0.890196788843219,5,0.162397138724065,0.76271186440678,0.573333333333333,45,516,384,14,0.848739761391674,-0.282808852385404
8,6,48,500,0.1,0.03,0.7,FALSE,0.890196788843219,6,0.13885366789474,0.793103448275862,0.497777777777778,46,448,452,12,1.07208726157969,0.037564697418723
8,6,48,500,0.1,0.03,0.7,FALSE,0.890196788843219,7,0.191938118248224,0.779661016949153,0.613333333333333,46,552,348,13,1.51879710104651,0.0799968905261743
8,6,48,500,0.1,0.03,0.7,FALSE,0.890196788843219,8,0.209190309897632,0.915254237288136,0.52,54,468,432,5,0.940816195710309,-0.254853929462837
8,6,48,500,0.1,0.03,0.9,TRUE,0.890196788843219,9,0.156840537264547,0.793103448275862,0.535555555555556,46,482,418,12,1.40913124720836,0.0568155203433695
8,6,48,500,0.1,0.03,0.3,FALSE,0.890196788843219,10,0.205352741148675,0.711864406779661,0.691111111111111,42,622,278,17,1.5701212918975,0.132925016150817
8,6,48,500,0.1,0.05,1.7,FALSE,0.890196788843219,1,0.124095670248564,0.898305084745763,0.344444444444444,53,310,590,6,1.22893507053937,0.126177008099739
8,6,48,500,0.1,0.05,1.5,FALSE,0.890196788843219,2,0.216400936725265,0.96551724137931,0.486666666666667,56,438,462,2,1.64795169782868,0.0863669176462258
8,6,48,500,0.1,0.05,0.5,FALSE,0.890196788843219,3,0.202202670027585,0.813559322033898,0.602222222222222,48,542,358,11,1.44875712392921,-0.00094836517970405
8,6,48,500,0.1,0.05,0.9,TRUE,0.890196788843219,4,0.188194494604107,0.859649122807018,0.537777777777778,49,484,416,8,1.38774740732074,0.131262922927996
8,6,48,500,0.1,0.05,1.9,FALSE,0.890196788843219,5,0.132261211375972,1,0.224444444444444,59,202,698,0,0.785668240623361,-0.163498648658944
8,6,48,500,0.1,0.05,1.5,FALSE,0.890196788843219,6,0.142666890436187,0.931034482758621,0.351111111111111,54,316,584,4,1.11962865745482,0.0882716315723448
8,6,48,500,0.1,0.05,1.1,FALSE,0.890196788843219,7,0.177770360756456,0.813559322033898,0.555555555555556,48,500,400,11,1.74173267736144,0.284193723917994
8,6,48,500,0.1,0.05,0.7,FALSE,0.890196788843219,8,0.197773418875842,0.915254237288136,0.495555555555556,54,446,454,5,1.02096275216914,-0.280767255713539
8,6,48,500,0.1,0.05,1.7,FALSE,0.890196788843219,9,0.17294829216036,0.913793103448276,0.444444444444444,53,400,500,5,1.63799902933778,0.124018412245287
8,6,48,500,0.1,0.05,0.1,FALSE,0.890196788843219,10,0.270153735119992,0.728813559322034,0.766666666666667,43,690,210,16,1.81767522451495,-0.00309128816766341
8,6,48,500,0.1,0.1,1.5,FALSE,0.890196788843219,1,0.15712849414386,0.932203389830508,0.382222222222222,55,344,556,4,1.29679057191296,0.0391265978392128
8,6,48,500,0.1,0.1,1.5,FALSE,0.890196788843219,2,0.215148592441445,0.948275862068966,0.502222222222222,55,452,448,3,1.74893800272958,-0.132205032762589
8,6,48,500,0.1,0.1,0.3,FALSE,0.890196788843219,3,0.216455701575441,0.779661016949153,0.655555555555556,46,590,310,13,1.57939439956386,-0.274556255952724
8,6,48,500,0.1,0.1,0.5,FALSE,0.890196788843219,4,0.174694390772429,0.771929824561403,0.593333333333333,44,534,366,13,1.20465204936597,-0.0643041671819426
8,6,48,500,0.1,0.1,0.7,FALSE,0.890196788843219,5,0.175506941779699,0.898305084745763,0.464444444444444,53,418,482,6,0.857268141576925,-0.270230914806743
8,6,48,500,0.1,0.1,0.9,TRUE,0.890196788843219,6,0.187080660322054,0.931034482758621,0.457777777777778,54,412,488,4,1.12919315129355,-0.0777540724273182
8,6,48,500,0.1,0.1,1.3,FALSE,0.890196788843219,7,0.209024054845275,0.932203389830508,0.502222222222222,55,452,448,4,1.84052218175528,0.0656248894013074
8,6,48,500,0.1,0.1,0.7,FALSE,0.890196788843219,8,0.194949422310753,0.932203389830508,0.471111111111111,55,424,476,4,0.868447850933401,-0.167523201040717
8,6,48,500,0.1,0.1,0.7,FALSE,0.890196788843219,9,0.230070522837291,0.862068965517241,0.613333333333333,50,552,348,8,1.60293068585435,0.00133540716952895
8,6,48,500,0.1,0.1,0.1,FALSE,0.890196788843219,10,0.271528001856691,0.745762711864407,0.757777777777778,44,682,218,15,1.8019928454334,-0.199243245511307
8,6,48,500,0.25,0.03,2.1,FALSE,0.890196788843219,1,0.240889910671848,0.979452054794521,0.306666666666667,143,230,520,3,1.27708831372952,0.0665133047659675
8,6,48,500,0.25,0.03,1.9,FALSE,0.890196788843219,2,0.202968939400421,0.958904109589041,0.274666666666667,140,206,544,6,1.00405666470203,0.0251045938916383
8,6,48,500,0.25,0.03,1.9,FALSE,0.890196788843219,3,0.244796463705568,0.965753424657534,0.333333333333333,141,250,500,5,1.18272850862731,-0.0491725506543191
8,6,48,500,0.25,0.03,2.1,FALSE,0.890196788843219,4,0.237739259214708,0.979452054794521,0.301333333333333,143,226,524,3,1.18020523712487,0.0992207741129479
8,6,48,500,0.25,0.03,1.5,FALSE,0.890196788843219,5,0.235668004569994,0.958904109589041,0.328,140,246,504,6,1.02097808501745,-0.0690633690065238
8,6,48,500,0.25,0.03,1.9,FALSE,0.890196788843219,6,0.158652678660899,0.952054794520548,0.216,139,162,588,7,0.68468892776109,0.00500920826453911
8,6,48,500,0.25,0.03,0.7,FALSE,0.890196788843219,7,0.253198714532866,0.821917808219178,0.52,120,390,360,26,1.01659350061938,-0.0762266036021347
8,6,48,500,0.25,0.03,0.7,FALSE,0.890196788843219,8,0.358033591761484,0.772413793103448,0.698666666666667,112,524,226,33,1.85061388639009,0.0633292546215581
8,6,48,500,0.25,0.03,0.5,FALSE,0.890196788843219,9,0.208394965661672,0.717241379310345,0.565333333333333,104,424,326,41,1.11972836226911,0.082138810746212
8,6,48,500,0.25,0.03,1.3,FALSE,0.890196788843219,10,0.257893747919406,0.938356164383562,0.392,137,294,456,9,0.963324958041649,-0.144316533740979
8,6,48,500,0.25,0.05,1.5,FALSE,0.890196788843219,1,0.28388097684822,0.952054794520548,0.416,139,312,438,7,1.30542398499424,0.0267080043774993
8,6,48,500,0.25,0.05,1.1,FALSE,0.890196788843219,2,0.242284227381377,0.904109589041096,0.410666666666667,132,308,442,14,1.09141086199295,-0.108161016572339
8,6,48,500,0.25,0.05,1.7,FALSE,0.890196788843219,3,0.268089170099814,0.958904109589041,0.381333333333333,140,286,464,6,1.38893122494163,-0.0548217584055282
8,6,48,500,0.25,0.05,1.1,FALSE,0.890196788843219,4,0.241794723524892,0.86986301369863,0.450666666666667,127,338,412,19,1.22710766940244,0.050368593049435
8,6,48,500,0.25,0.05,1.1,FALSE,0.890196788843219,5,0.270534591527239,0.924657534246575,0.429333333333333,135,322,428,11,1.1414854156487,-0.0987426952014892
8,6,48,500,0.25,0.05,0.3,FALSE,0.890196788843219,6,0.225923017202655,0.767123287671233,0.538666666666667,112,404,346,34,0.732905580918111,-0.287596797091714
8,6,48,500,0.25,0.05,0.7,FALSE,0.890196788843219,7,0.261863389640943,0.794520547945205,0.56,116,420,330,30,1.25964955323425,0.0419984067042715
8,6,48,500,0.25,0.05,0.1,FALSE,0.890196788843219,8,0.45259204486936,0.717241379310345,0.824,104,618,132,41,2.2059569732631,3.32224040686175e-06
8,6,48,500,0.25,0.05,0.9,TRUE,0.890196788843219,9,0.237503425727233,0.841379310344828,0.477333333333333,122,358,392,23,1.21525777660288,0.0192502366872386
8,6,48,500,0.25,0.05,0.9,TRUE,0.890196788843219,10,0.289600249346783,0.897260273972603,0.490666666666667,131,368,382,15,1.18253183009759,-0.179087936219476
8,6,48,500,0.25,0.1,0.1,FALSE,0.890196788843219,1,0.288208450605372,0.705479452054795,0.674666666666667,103,506,244,43,1.25856554292927,-0.141528283569784
8,6,48,500,0.25,0.1,0.9,TRUE,0.890196788843219,2,0.271775528847143,0.897260273972603,0.464,131,348,402,15,1.20183501745482,-0.193830579711623
8,6,48,500,0.25,0.1,0.9,TRUE,0.890196788843219,3,0.330880570058014,0.89041095890411,0.557333333333333,130,418,332,16,1.47612660029639,-0.202853933745931
8,6,48,500,0.25,0.1,1.5,FALSE,0.890196788843219,4,0.253176271107007,0.917808219178082,0.410666666666667,134,308,442,12,1.19003394774836,0.063600193177369
8,6,48,500,0.25,0.1,0.9,TRUE,0.890196788843219,5,0.259967214886473,0.863013698630137,0.485333333333333,126,364,386,20,1.21800258208361,-0.132155853176739
8,6,48,500,0.25,0.1,0.9,TRUE,0.890196788843219,6,0.2399894376054,0.876712328767123,0.44,128,330,420,18,0.902392320741336,-0.101519558658638
8,6,48,500,0.25,0.1,0.5,FALSE,0.890196788843219,7,0.28026898134549,0.746575342465753,0.629333333333333,109,472,278,37,1.42754376865728,-0.0348126753859598
8,6,48,500,0.25,0.1,0.7,FALSE,0.890196788843219,8,0.445512723397211,0.882758620689655,0.706666666666667,128,530,220,17,2.14071700986462,-0.0931748681848549
8,6,48,500,0.25,0.1,0.7,FALSE,0.890196788843219,9,0.203781343131429,0.813793103448276,0.458666666666667,118,344,406,27,1.06990354472749,0.0466075304254151
8,6,48,500,0.25,0.1,0.5,FALSE,0.890196788843219,10,0.226492550068462,0.746575342465753,0.56,109,420,330,37,1.20072892103933,0.0984823790601806
8,10,80,100,0.05,0.03,0.1,FALSE,0.890196788843219,1,0.353710552452148,0.666666666666667,0.926315789473684,4,176,14,2,2.72642024667884,-0.0394843918366689
8,10,80,100,0.05,0.03,0.1,FALSE,0.890196788843219,2,0.304997140665209,1,0.8,5,152,38,0,1.84289609406931,-0.672859239524851
8,10,80,100,0.05,0.03,0.1,FALSE,0.890196788843219,3,0.292172427871788,0.625,0.884210526315789,5,168,22,3,2.8168003305073,0.714178661374707
8,10,80,100,0.05,0.03,0.3,FALSE,0.890196788843219,4,0.212521084827904,0.666666666666667,0.821052631578947,4,156,34,2,2.52335698288198,0.105623417747704
8,10,80,100,0.05,0.03,0.1,FALSE,0.890196788843219,5,0.21677749238103,0.6,0.873684210526316,3,166,24,2,2.60436641410357,0.280848332130219
8,10,80,100,0.05,0.03,0.3,FALSE,0.890196788843219,6,0.177757543752445,0.6,0.831578947368421,3,158,32,2,2.6590432844958,0.288706642208131
8,10,80,100,0.05,0.03,0.1,FALSE,0.890196788843219,7,0.221658642074334,0.666666666666667,0.831578947368421,4,158,32,2,2.36492492460474,0.664157198230968
8,10,80,100,0.05,0.03,0.9,TRUE,0.890196788843219,8,0.189368291012472,0.833333333333333,0.684210526315789,5,130,60,1,2.27364040064021,0.736153434215423
8,10,80,100,0.05,0.03,2.5,FALSE,0.890196788843219,9,0.030632907709192,0.666666666666667,0.421052631578947,4,80,110,2,2.45884131369566,2.51798989703066
8,10,80,100,0.05,0.03,1.5,FALSE,0.890196788843219,10,0.103222714916565,0.8,0.526315789473684,4,100,90,1,2.00339515577596,0.874267838338448
8,10,80,100,0.05,0.05,0.1,FALSE,0.890196788843219,1,0.353710552452148,0.666666666666667,0.926315789473684,4,176,14,2,2.67203216974463,0.238175549899067
8,10,80,100,0.05,0.05,1.1,FALSE,0.890196788843219,2,0.280018412774979,1,0.768421052631579,5,146,44,0,2.17725949538079,-0.0963908433173532
8,10,80,100,0.05,0.05,0.1,FALSE,0.890196788843219,3,0.308114574164045,0.625,0.894736842105263,5,170,20,3,2.90377860450875,1.11503210293066
8,10,80,100,0.05,0.05,1.7,FALSE,0.890196788843219,4,0.267542421623975,1,0.715789473684211,6,136,54,0,2.7425246446022,0.57852316222142
8,10,80,100,0.05,0.05,0.9,TRUE,0.890196788843219,5,0.304997140665209,1,0.8,5,152,38,0,2.88840306662742,-0.205872032855095
8,10,80,100,0.05,0.05,0.1,FALSE,0.890196788843219,6,0.257629246443959,0.6,0.905263157894737,3,172,18,2,3.00048760592746,0.707300203086853
8,10,80,100,0.05,0.05,0.1,FALSE,0.890196788843219,7,0.253495259133492,0.666666666666667,0.863157894736842,4,164,26,2,2.5507638990322,0.906822215109476
8,10,80,100,0.05,0.05,1.3,FALSE,0.890196788843219,8,0.225216191573257,0.833333333333333,0.747368421052632,5,142,48,1,2.40414712703102,0.711283263090017
8,10,80,100,0.05,0.05,2.9,FALSE,0.890196788843219,9,0.041317427041204,0.666666666666667,0.452631578947368,4,86,104,2,2.75529730267394,2.59462213327504
8,10,80,100,0.05,0.05,0.1,FALSE,0.890196788843219,10,0.228929396824982,0.6,0.884210526315789,3,168,22,2,2.20269457635071,0.427511667297546
8,10,80,100,0.05,0.1,0.7,FALSE,0.890196788843219,1,0.499760708289717,1,0.91578947368421,6,174,16,0,2.65772777186956,0.0880515967974939
8,10,80,100,0.05,0.1,1.5,FALSE,0.890196788843219,2,0.314395726207041,1,0.810526315789474,5,154,36,0,2.45576423621324,0.224157574750814
8,10,80,100,0.05,0.1,2.5,FALSE,0.890196788843219,3,0.162320033718644,0.875,0.536842105263158,7,102,88,1,2.86298010550295,1.98815655448611
8,10,80,100,0.05,0.1,2.9,FALSE,0.890196788843219,4,0.170593573098938,1,0.494736842105263,6,94,96,0,2.79424755094415,1.23823329510653
8,10,80,100,0.05,0.1,0.3,FALSE,0.890196788843219,5,0.372917778032816,0.8,0.91578947368421,4,174,16,1,3.12824944772607,-0.290071674277541
8,10,80,100,0.05,0.1,2.5,FALSE,0.890196788843219,6,0.144093429640201,1,0.452631578947368,5,86,104,0,2.70464659102203,0.927609688528477
8,10,80,100,0.05,0.1,0.5,FALSE,0.890196788843219,7,0.212521084827904,0.666666666666667,0.821052631578947,4,156,34,2,2.76045414955008,0.746202393464735
8,10,80,100,0.05,0.1,1.1,FALSE,0.890196788843219,8,0.225216191573257,0.833333333333333,0.747368421052632,5,142,48,1,2.43911741054087,1.18608565791723
8,10,80,100,0.05,0.1,2.3,FALSE,0.890196788843219,9,0.0163890749744943,0.5,0.547368421052632,3,104,86,3,2.76010974044803,2.62462697201323
8,10,80,100,0.05,0.1,1.3,FALSE,0.890196788843219,10,0.17303618253948,0.8,0.705263157894737,4,134,56,1,2.25806991738116,0.921667685580199
8,10,80,100,0.1,0.03,0.7,FALSE,0.890196788843219,1,0.24980985613427,0.769230769230769,0.7,10,126,54,3,2.09647007057445,0.70155260239147
8,10,80,100,0.1,0.03,0.7,FALSE,0.890196788843219,2,0.242119990792376,0.818181818181818,0.677777777777778,9,122,58,2,1.89686475421081,0.280402913872041
8,10,80,100,0.1,0.03,0.1,FALSE,0.890196788843219,3,0.214566180541686,0.545454545454545,0.822222222222222,6,148,32,5,1.807787801299,0.476350140519748
8,10,80,100,0.1,0.03,1.9,FALSE,0.890196788843219,4,0.157747337516162,0.846153846153846,0.466666666666667,11,84,96,2,1.90789215153296,0.946328338339355
8,10,80,100,0.1,0.03,0.3,FALSE,0.890196788843219,5,0.237220528549165,0.454545454545455,0.888888888888889,5,160,20,6,2.57362578027614,0.937533747536661
8,10,80,100,0.1,0.03,0.7,FALSE,0.890196788843219,6,0.458623938878752,1,0.822222222222222,11,148,32,0,2.52909157547501,-0.0133972753012031
8,10,80,100,0.1,0.03,1.7,FALSE,0.890196788843219,7,0.196862780548523,0.916666666666667,0.488888888888889,11,88,92,1,1.82930038712839,0.388093567358517
8,10,80,100,0.1,0.03,2.7,FALSE,0.890196788843219,8,0.184882421430564,1,0.344444444444444,13,62,118,0,2.02168488816086,1.19768822549334
8,10,80,100,0.1,0.03,0.1,FALSE,0.890196788843219,9,0.241600025547741,0.5,0.877777777777778,5,158,22,5,2.58977521391846,0.679392969659393
8,10,80,100,0.1,0.03,0.3,FALSE,0.890196788843219,10,0.509723757416615,0.916666666666667,0.877777777777778,11,158,22,1,3.08376600887059,-0.195484365439157
8,10,80,100,0.1,0.05,0.7,FALSE,0.890196788843219,1,0.251507766959715,0.692307692307692,0.755555555555556,9,136,44,4,2.27594681430948,0.788150891728287
8,10,80,100,0.1,0.05,0.1,FALSE,0.890196788843219,2,0.333778744430022,0.636363636363636,0.877777777777778,7,158,22,4,2.36834069288216,0.385402811709114
8,10,80,100,0.1,0.05,0.3,FALSE,0.890196788843219,3,0.317823426143006,0.636363636363636,0.866666666666667,7,156,24,4,2.11471784669808,0.351691037003312
8,10,80,100,0.1,0.05,1.9,FALSE,0.890196788843219,4,0.220150422017977,0.769230769230769,0.655555555555556,10,118,62,3,2.23472180609855,1.35168593363186
8,10,80,100,0.1,0.05,0.1,FALSE,0.890196788843219,5,0.317343450883152,0.454545454545455,0.933333333333333,5,168,12,6,2.83834708904668,1.17571737247626
8,10,80,100,0.1,0.05,0.9,TRUE,0.890196788843219,6,0.302835532087294,0.727272727272727,0.811111111111111,8,146,34,3,2.64205076194238,0.416229978484086
8,10,80,100,0.1,0.05,0.3,FALSE,0.890196788843219,7,0.212698412698413,0.583333333333333,0.788888888888889,7,142,38,5,1.71161224137558,0.542189065012445
8,10,80,100,0.1,0.05,0.1,FALSE,0.890196788843219,8,0.315595177703829,0.461538461538462,0.922222222222222,6,166,14,7,2.52111447255217,1.06513389681264
8,10,80,100,0.1,0.05,1.5,FALSE,0.890196788843219,9,0.205737799949456,0.7,0.722222222222222,7,130,50,3,2.56214778913526,1.3296804379945
8,10,80,100,0.1,0.05,0.1,FALSE,0.890196788843219,10,0.529970601791812,0.75,0.933333333333333,9,168,12,3,3.59405209330104,-0.146745693399746
8,10,80,100,0.1,0.1,0.3,FALSE,0.890196788843219,1,0.407671223431944,0.692307692307692,0.888888888888889,9,160,20,4,2.32587758019031,0.655047204422205
8,10,80,100,0.1,0.1,0.3,FALSE,0.890196788843219,2,0.192390319185069,0.363636363636364,0.9,4,162,18,7,2.6043779338051,1.31454460854539
8,10,80,100,0.1,0.1,1.1,FALSE,0.890196788843219,3,0.198135033533797,0.636363636363636,0.744444444444444,7,134,46,4,2.25381519424878,1.0946990540529
8,10,80,100,0.1,0.1,1.7,FALSE,0.890196788843219,4,0.134659413065322,0.615384615384615,0.644444444444444,8,116,64,5,2.35526494079475,1.84284678631833
8,10,80,100,0.1,0.1,1.9,FALSE,0.890196788843219,5,0.256767176868234,0.818181818181818,0.7,9,126,54,2,2.92524734453146,1.41970803630636
8,10,80,100,0.1,0.1,2.3,FALSE,0.890196788843219,6,0.264645901505239,1,0.566666666666667,11,102,78,0,2.66833446726048,0.725996361702844
8,10,80,100,0.1,0.1,1.7,FALSE,0.890196788843219,7,0.2,1,0.4,12,72,108,0,1.75572343486731,0.58836877768167
8,10,80,100,0.1,0.1,0.5,FALSE,0.890196788843219,8,0.258145816284196,0.384615384615385,0.922222222222222,5,166,14,8,2.56319301034491,1.70478208419209
8,10,80,100,0.1,0.1,1.5,FALSE,0.890196788843219,9,0.266816917013439,0.7,0.8,7,144,36,3,2.58506583378466,1.06840704904118
8,10,80,100,0.1,0.1,0.5,FALSE,0.890196788843219,10,0.507500154661744,0.666666666666667,0.944444444444444,8,170,10,4,3.48779131716328,0.58620891581901
8,10,80,100,0.25,0.03,0.5,FALSE,0.890196788843219,1,0.368996813167323,0.607142857142857,0.826666666666667,17,124,26,11,2.58500067819062,0.745214297536619
8,10,80,100,0.25,0.03,2.1,FALSE,0.890196788843219,2,0.364445486761069,1,0.493333333333333,28,74,76,0,2.22547554668566,0.237429768308815
8,10,80,100,0.25,0.03,1.3,FALSE,0.890196788843219,3,0.347454812918905,0.827586206896552,0.64,24,96,54,5,2.3496381039207,0.497352382114804
8,10,80,100,0.25,0.03,2.3,FALSE,0.890196788843219,4,0.237001637048194,0.862068965517241,0.453333333333333,25,68,82,4,2.02695636825852,0.922611135190188
8,10,80,100,0.25,0.03,1.1,FALSE,0.890196788843219,5,0.355633387677851,0.724137931034483,0.733333333333333,21,110,40,8,2.37552094372006,0.717157309345254
8,10,80,100,0.25,0.03,1.5,FALSE,0.890196788843219,6,0.287567636619749,0.75,0.64,21,96,54,7,2.53758041237551,1.00659027938312
8,10,80,100,0.25,0.03,1.7,FALSE,0.890196788843219,7,0.244811528160962,0.758620689655172,0.573333333333333,22,86,64,7,2.19965749243792,1.22591723534255
8,10,80,100,0.25,0.03,1.3,FALSE,0.890196788843219,8,0.279419773341984,0.586206896551724,0.76,17,114,36,12,2.50115134007157,1.17165714197675
8,10,80,100,0.25,0.03,0.9,TRUE,0.890196788843219,9,0.386581965927254,0.689655172413793,0.786666666666667,20,118,32,9,1.92625735689412,0.784224061548559
8,10,80,100,0.25,0.03,2.5,FALSE,0.890196788843219,10,0.251960194022852,0.96551724137931,0.346666666666667,28,52,98,1,1.8298896130415,0.738672315823131
8,10,80,100,0.25,0.05,1.3,FALSE,0.890196788843219,1,0.306383364682599,0.607142857142857,0.773333333333333,17,116,34,11,2.70148707295582,1.05867101140987
8,10,80,100,0.25,0.05,2.9,FALSE,0.890196788843219,2,0.323721055289005,1,0.426666666666667,28,64,86,0,2.43550584779498,0.39989686022121
8,10,80,100,0.25,0.05,1.3,FALSE,0.890196788843219,3,0.2924954933779,0.689655172413793,0.693333333333333,20,104,46,9,2.32176327253088,1.19258194026169
8,10,80,100,0.25,0.05,0.7,FALSE,0.890196788843219,4,0.323391617595789,0.586206896551724,0.8,17,120,30,12,2.33137137713484,0.936491530047075
8,10,80,100,0.25,0.05,2.5,FALSE,0.890196788843219,5,0.397245914054114,0.96551724137931,0.573333333333333,28,86,64,1,2.81385013399629,0.733207190718096
8,10,80,100,0.25,0.05,1.7,FALSE,0.890196788843219,6,0.386959493665228,0.857142857142857,0.666666666666667,24,100,50,4,2.71360927479721,1.17504349865896
8,10,80,100,0.25,0.05,2.1,FALSE,0.890196788843219,7,0.260213802555063,0.793103448275862,0.56,23,84,66,6,2.50666849021293,1.50846861566316
8,10,80,100,0.25,0.05,2.7,FALSE,0.890196788843219,8,0.378439007928215,0.96551724137931,0.546666666666667,28,82,68,1,2.72003928092521,0.985308655807362
8,10,80,100,0.25,0.05,0.7,FALSE,0.890196788843219,9,0.239512092282117,0.379310344827586,0.866666666666667,11,130,20,18,2.12794774949444,1.41409494722906
8,10,80,100,0.25,0.05,2.1,FALSE,0.890196788843219,10,0.254995721879824,0.862068965517241,0.48,25,72,78,4,2.15275647808477,1.06366178672825
8,10,80,100,0.25,0.1,2.7,FALSE,0.890196788843219,1,0.375206212341563,0.928571428571429,0.586666666666667,26,88,62,2,2.90357493122341,1.3886675915224
8,10,80,100,0.25,0.1,0.3,FALSE,0.890196788843219,2,0.300115807763433,0.428571428571429,0.88,12,132,18,16,2.39589760887619,0.842000205988678
8,10,80,100,0.25,0.1,2.5,FALSE,0.890196788843219,3,0.201542805516211,0.827586206896552,0.44,24,66,84,5,2.36340443054154,1.85561057096972
8,10,80,100,0.25,0.1,1.7,FALSE,0.890196788843219,4,0.280624426105328,0.689655172413793,0.68,20,102,48,9,2.45217172062429,1.2911733494351
8,10,80,100,0.25,0.1,0.3,FALSE,0.890196788843219,5,0.426441793343722,0.379310344827586,0.96,11,144,6,18,2.87474242567028,1.17653432871365
8,10,80,100,0.25,0.1,1.5,FALSE,0.890196788843219,6,0.386186941611879,0.714285714285714,0.773333333333333,20,116,34,8,3.01492021689627,1.37174861436117
8,10,80,100,0.25,0.1,2.9,FALSE,0.890196788843219,7,0.276056201579113,0.96551724137931,0.386666666666667,28,58,92,1,2.47527772282732,1.52218484893652
8,10,80,100,0.25,0.1,2.5,FALSE,0.890196788843219,8,0.290453637144186,0.793103448275862,0.6,23,90,60,6,2.92787510527547,1.3713860742228
8,10,80,100,0.25,0.1,0.9,TRUE,0.890196788843219,9,0.3039802634993,0.379310344827586,0.906666666666667,11,136,14,18,2.68785717729062,1.73514741414226
8,10,80,100,0.25,0.1,2.9,FALSE,0.890196788843219,10,0.174833968663692,0.862068965517241,0.36,25,54,96,4,2.10509567550207,1.66001794323769
8,10,80,300,0.05,0.03,0.5,FALSE,0.890196788843219,1,0.272117839378644,0.944444444444444,0.754385964912281,17,430,140,1,2.18798533111059,-0.302783352557386
8,10,80,300,0.05,0.03,0.9,TRUE,0.890196788843219,2,0.305086271986534,0.944444444444444,0.796491228070175,17,454,116,1,3.19044842082699,-0.122432646570111
8,10,80,300,0.05,0.03,0.1,FALSE,0.890196788843219,3,0.217052851169173,0.611111111111111,0.852631578947368,11,486,84,7,2.46685358501652,0.135176741186667
8,10,80,300,0.05,0.03,0.1,FALSE,0.890196788843219,4,0.259341269487053,0.722222222222222,0.845614035087719,13,482,88,5,2.57368973285501,0.172448223469411
8,10,80,300,0.05,0.03,0.1,FALSE,0.890196788843219,5,0.343024690861084,0.833333333333333,0.873684210526316,15,498,72,3,3.00081243907894,-0.222120063096486
8,10,80,300,0.05,0.03,0.1,FALSE,0.890196788843219,6,0.296148926328319,0.823529411764706,0.845614035087719,14,482,88,3,2.62375368301976,-0.394497060549276
8,10,80,300,0.05,0.03,0.3,FALSE,0.890196788843219,7,0.315496500609673,0.941176470588235,0.817543859649123,16,466,104,1,2.95627043155014,-0.574159358654839
8,10,80,300,0.05,0.03,0.1,FALSE,0.890196788843219,8,0.172354681590567,0.529411764705882,0.849122807017544,9,484,86,8,2.43678789502443,0.421230807494176
8,10,80,300,0.05,0.03,0.9,TRUE,0.890196788843219,9,0.229642111536225,0.823529411764706,0.768421052631579,14,438,132,3,3.10221194890777,-0.00279926759829957
8,10,80,300,0.05,0.03,1.3,FALSE,0.890196788843219,10,0.200701358559116,0.944444444444444,0.624561403508772,17,356,214,1,2.20923863041021,-0.286308434017366
8,10,80,300,0.05,0.05,0.3,FALSE,0.890196788843219,1,0.26363606980365,0.833333333333333,0.8,15,456,114,3,2.44881466109461,-0.369088489228528
8,10,80,300,0.05,0.05,1.3,FALSE,0.890196788843219,2,0.262556218803604,0.944444444444444,0.740350877192982,17,422,148,1,3.35188697685372,0.0445346164405093
8,10,80,300,0.05,0.05,1.1,FALSE,0.890196788843219,3,0.214364809991549,0.833333333333333,0.729824561403509,15,416,154,3,2.58601135842931,0.158229774158733
8,10,80,300,0.05,0.05,0.5,FALSE,0.890196788843219,4,0.262466087976908,0.777777777777778,0.824561403508772,14,470,100,4,2.88131501068453,-0.182613302259952
8,10,80,300,0.05,0.05,0.9,TRUE,0.890196788843219,5,0.351184571012766,0.944444444444444,0.842105263157895,17,480,90,1,3.35803819886692,-0.1880455216782
8,10,80,300,0.05,0.05,0.7,FALSE,0.890196788843219,6,0.24697430024548,0.882352941176471,0.76140350877193,15,434,136,2,2.83021304728579,-0.0027115648241239
8,10,80,300,0.05,0.05,0.5,FALSE,0.890196788843219,7,0.268251484188846,0.823529411764706,0.817543859649123,14,466,104,3,3.09575819935819,-0.111868687189787
8,10,80,300,0.05,0.05,0.1,FALSE,0.890196788843219,8,0.227491764993237,0.588235294117647,0.87719298245614,10,500,70,7,2.65847698148997,0.471628471396963
8,10,80,300,0.05,0.05,0.3,FALSE,0.890196788843219,9,0.335570867166719,0.823529411764706,0.87719298245614,14,500,70,3,3.52302917952455,-0.148072971948014
8,10,80,300,0.05,0.05,1.1,FALSE,0.890196788843219,10,0.229437574289774,0.944444444444444,0.684210526315789,17,390,180,1,2.49417985809737,0.157318204520481
8,10,80,300,0.05,0.1,0.1,FALSE,0.890196788843219,1,0.276211482671617,0.777777777777778,0.83859649122807,14,478,92,4,2.41384227323523,-0.358911865029736
8,10,80,300,0.05,0.1,1.1,FALSE,0.890196788843219,2,0.277136990285425,0.944444444444444,0.76140350877193,17,434,136,1,3.02832945123772,-0.131298534175088
8,10,80,300,0.05,0.1,0.1,FALSE,0.890196788843219,3,0.257594915736057,0.611111111111111,0.887719298245614,11,506,64,7,2.59323372623705,0.505243931853748
8,10,80,300,0.05,0.1,0.5,FALSE,0.890196788843219,4,0.287450086950373,0.777777777777778,0.849122807017544,14,484,86,4,2.77086130631259,0.150636561453272
8,10,80,300,0.05,0.1,0.1,FALSE,0.890196788843219,5,0.327441541292339,0.777777777777778,0.880701754385965,14,502,68,4,3.12863320605509,-0.283424402164969
8,10,80,300,0.05,0.1,0.3,FALSE,0.890196788843219,6,0.281526640243346,0.823529411764706,0.831578947368421,14,474,96,3,2.61426973667226,-0.137324496233462
8,10,80,300,0.05,0.1,0.9,TRUE,0.890196788843219,7,0.215855487267151,0.823529411764706,0.747368421052632,14,426,144,3,2.88874060494393,0.140424092650788
8,10,80,300,0.05,0.1,0.3,FALSE,0.890196788843219,8,0.224036440169148,0.647058823529412,0.849122807017544,11,484,86,6,2.62390204835642,0.284769849114582
8,10,80,300,0.05,0.1,0.3,FALSE,0.890196788843219,9,0.282055091675857,0.705882352941177,0.87719298245614,12,500,70,5,3.32430079572872,0.0337695230436034
8,10,80,300,0.05,0.1,0.1,FALSE,0.890196788843219,10,0.280024348064564,0.888888888888889,0.792982456140351,16,452,118,2,2.32327063252022,-0.295401557849421
8,10,80,300,0.1,0.03,0.5,FALSE,0.890196788843219,1,0.253502539748219,0.885714285714286,0.633333333333333,31,342,198,4,1.53195190719997,-0.409290844889708
8,10,80,300,0.1,0.03,0.1,FALSE,0.890196788843219,2,0.300693673089289,0.628571428571429,0.851851851851852,22,460,80,13,2.88757630767359,0.243637615307457
8,10,80,300,0.1,0.03,0.3,FALSE,0.890196788843219,3,0.354724779370724,0.771428571428571,0.82962962962963,27,448,92,8,2.657875993304,-0.179560689026809
8,10,80,300,0.1,0.03,0.1,FALSE,0.890196788843219,4,0.396100617843816,0.764705882352941,0.866666666666667,26,468,72,8,3.0442094963708,-0.175025779272643
8,10,80,300,0.1,0.03,0.1,FALSE,0.890196788843219,5,0.29462724880234,0.647058823529412,0.840740740740741,22,454,86,12,2.55309407191969,0.145435665643567
8,10,80,300,0.1,0.03,1.5,FALSE,0.890196788843219,6,0.225049944124517,0.888888888888889,0.574074074074074,32,310,230,4,2.26190869530303,0.461216384624898
8,10,80,300,0.1,0.03,0.9,TRUE,0.890196788843219,7,0.280910836631717,0.794117647058823,0.744444444444444,27,402,138,7,2.57245213430881,-0.082910015603223
8,10,80,300,0.1,0.03,0.5,FALSE,0.890196788843219,8,0.276026223736942,0.666666666666667,0.807407407407407,24,436,104,12,2.68978813694964,0.380937668897441
8,10,80,300,0.1,0.03,0.1,FALSE,0.890196788843219,9,0.355479245586246,0.75,0.837037037037037,27,452,88,9,3.06550108919604,-0.146931256296896
8,10,80,300,0.1,0.03,0.1,FALSE,0.890196788843219,10,0.271556612470401,0.676470588235294,0.803703703703704,23,434,106,11,2.32075704975548,0.212513550670089
8,10,80,300,0.1,0.05,0.3,FALSE,0.890196788843219,1,0.307316927163737,0.857142857142857,0.733333333333333,30,396,144,5,1.7794954189223,-0.191778446496543
8,10,80,300,0.1,0.05,0.3,FALSE,0.890196788843219,2,0.361786163282843,0.742857142857143,0.848148148148148,26,458,82,9,2.96502896842527,0.0816002926576106
8,10,80,300,0.1,0.05,0.9,TRUE,0.890196788843219,3,0.345132992505027,0.914285714285714,0.744444444444444,32,402,138,3,2.71701534459086,-0.0143637798987528
8,10,80,300,0.1,0.05,0.1,FALSE,0.890196788843219,4,0.414843592720576,0.735294117647059,0.888888888888889,25,480,60,9,3.28293473602979,-0.0859210447837456
8,10,80,300,0.1,0.05,0.3,FALSE,0.890196788843219,5,0.338666400214687,0.764705882352941,0.822222222222222,26,444,96,8,2.64535159112262,0.209951781033898
8,10,80,300,0.1,0.05,0.5,FALSE,0.890196788843219,6,0.273747667790175,0.75,0.755555555555556,27,408,132,9,2.5869815475235,0.235228910916118
8,10,80,300,0.1,0.05,0.9,TRUE,0.890196788843219,7,0.35399880817755,0.852941176470588,0.792592592592593,29,428,112,5,2.71981789061345,0.0549569018717748
8,10,80,300,0.1,0.05,0.9,TRUE,0.890196788843219,8,0.326822867641153,0.833333333333333,0.766666666666667,30,414,126,6,2.66858101992393,0.276056568128347
8,10,80,300,0.1,0.05,0.1,FALSE,0.890196788843219,9,0.461880215351701,0.833333333333333,0.877777777777778,30,474,66,6,3.45547061119469,-0.386967012453674
8,10,80,300,0.1,0.05,0.9,TRUE,0.890196788843219,10,0.243982867935048,0.764705882352941,0.714814814814815,26,386,154,8,2.39018748414556,0.442493901848071
8,10,80,300,0.1,0.1,0.1,FALSE,0.890196788843219,1,0.233358925591514,0.742857142857143,0.711111111111111,26,384,156,9,1.63601844632996,0.0126134653980943
8,10,80,300,0.1,0.1,1.1,FALSE,0.890196788843219,2,0.287739251938928,0.857142857142857,0.707407407407407,30,382,158,5,2.78789588603079,0.196742346520628
8,10,80,300,0.1,0.1,0.5,FALSE,0.890196788843219,3,0.384079508520545,0.857142857142857,0.814814814814815,30,440,100,5,2.5628242484208,-0.111888646967241
8,10,80,300,0.1,0.1,0.1,FALSE,0.890196788843219,4,0.3672900171127,0.676470588235294,0.881481481481482,23,476,64,11,3.32041483878421,0.117352323010599
8,10,80,300,0.1,0.1,0.1,FALSE,0.890196788843219,5,0.332942958307513,0.647058823529412,0.87037037037037,22,470,70,12,2.72803364935072,0.461912356966435
8,10,80,300,0.1,0.1,0.1,FALSE,0.890196788843219,6,0.366517375178112,0.777777777777778,0.833333333333333,28,450,90,8,2.58442921185971,-0.0724373349604904
8,10,80,300,0.1,0.1,0.1,FALSE,0.890196788843219,7,0.329820811001403,0.676470588235294,0.855555555555556,23,462,78,11,2.68831799657773,-0.071848077916537
8,10,80,300,0.1,0.1,0.5,FALSE,0.890196788843219,8,0.310587406855493,0.75,0.796296296296296,27,430,110,9,2.46483768499574,0.197837863818452
8,10,80,300,0.1,0.1,0.1,FALSE,0.890196788843219,9,0.468224602064939,0.833333333333333,0.881481481481482,30,476,64,6,3.29015277669894,-0.363211293231384
8,10,80,300,0.1,0.1,0.5,FALSE,0.890196788843219,10,0.275179824537986,0.676470588235294,0.807407407407407,23,436,104,11,2.31555332834557,0.25484911478642
8,10,80,300,0.25,0.03,1.1,FALSE,0.890196788843219,1,0.405709745157345,0.839080459770115,0.697777777777778,73,314,136,14,2.57944027660612,0.163094812281509
8,10,80,300,0.25,0.03,0.9,TRUE,0.890196788843219,2,0.391669468486164,0.886363636363636,0.64,78,288,162,10,2.10741299725515,0.0363551057168151
8,10,80,300,0.25,0.03,2.3,FALSE,0.890196788843219,3,0.306622615219274,0.943181818181818,0.462222222222222,83,208,242,5,2.32026525118843,0.326295473772266
8,10,80,300,0.25,0.03,1.1,FALSE,0.890196788843219,4,0.324434932971332,0.797752808988764,0.635555555555556,71,286,164,18,2.012420346153,0.31319974492374
8,10,80,300,0.25,0.03,0.5,FALSE,0.890196788843219,5,0.432549483405931,0.67816091954023,0.831111111111111,59,374,76,28,3.06336655419692,0.316081599949862
8,10,80,300,0.25,0.03,0.9,TRUE,0.890196788843219,6,0.409412616628595,0.747126436781609,0.768888888888889,65,346,104,22,3.07012862056606,0.396262808392356
8,10,80,300,0.25,0.03,0.7,FALSE,0.890196788843219,7,0.389345214226517,0.75,0.746666666666667,66,336,114,22,2.52345429027188,0.180515188745166
8,10,80,300,0.25,0.03,0.7,FALSE,0.890196788843219,8,0.378165626981784,0.839080459770115,0.666666666666667,73,300,150,14,2.18149982556749,-0.00358662000309975
8,10,80,300,0.25,0.03,0.7,FALSE,0.890196788843219,9,0.410590054127584,0.793103448275862,0.737777777777778,69,332,118,18,2.35293547416078,0.063076238508751
8,10,80,300,0.25,0.03,0.1,FALSE,0.890196788843219,10,0.351210981042675,0.704545454545455,0.742222222222222,62,334,116,26,1.71809423649856,0.103934005696104
8,10,80,300,0.25,0.05,1.1,FALSE,0.890196788843219,1,0.418322524164231,0.862068965517241,0.693333333333333,75,312,138,12,2.89998406052319,0.136852935292974
8,10,80,300,0.25,0.05,2.1,FALSE,0.890196788843219,2,0.341786020939143,0.943181818181818,0.515555555555556,83,232,218,5,2.30072327330681,0.285748953043541
8,10,80,300,0.25,0.05,1.3,FALSE,0.890196788843219,3,0.371450875697299,0.863636363636364,0.635555555555556,76,286,164,12,2.45953097606167,0.220787169660397
8,10,80,300,0.25,0.05,1.1,FALSE,0.890196788843219,4,0.371469322089662,0.831460674157303,0.662222222222222,74,298,152,15,2.28822259582922,0.161744481505481
8,10,80,300,0.25,0.05,0.9,TRUE,0.890196788843219,5,0.419210836922596,0.747126436781609,0.777777777777778,65,350,100,22,3.34933634253882,0.243487926802018
8,10,80,300,0.25,0.05,0.5,FALSE,0.890196788843219,6,0.381447522340757,0.655172413793103,0.804444444444444,57,362,88,30,3.16385618473477,0.4511327798747
8,10,80,300,0.25,0.05,0.1,FALSE,0.890196788843219,7,0.499845018808903,0.670454545454545,0.88,59,396,54,29,2.82508331479517,0.112981689976701
8,10,80,300,0.25,0.05,0.7,FALSE,0.890196788843219,8,0.388883975660879,0.793103448275862,0.715555555555556,69,322,128,18,2.43586649421335,-0.0626949900788977
8,10,80,300,0.25,0.05,0.3,FALSE,0.890196788843219,9,0.438503308143741,0.67816091954023,0.835555555555556,59,376,74,28,2.53267036301048,0.107281450458607
8,10,80,300,0.25,0.05,0.7,FALSE,0.890196788843219,10,0.371560754732513,0.806818181818182,0.684444444444444,71,308,142,17,2.00510564266422,0.143335123229173
8,10,80,300,0.25,0.1,1.3,FALSE,0.890196788843219,1,0.478887187084419,0.862068965517241,0.755555555555556,75,340,110,12,3.29937099787234,0.18549272840754
8,10,80,300,0.25,0.1,0.5,FALSE,0.890196788843219,2,0.308490766753514,0.659090909090909,0.733333333333333,58,330,120,30,2.34430596256841,0.462125280612921
8,10,80,300,0.25,0.1,1.9,FALSE,0.890196788843219,3,0.358378570815982,0.897727272727273,0.586666666666667,79,264,186,9,2.45858849906774,0.258031643715501
8,10,80,300,0.25,0.1,1.1,FALSE,0.890196788843219,4,0.387352113413788,0.842696629213483,0.671111111111111,75,302,148,14,2.304653889673,0.147111938608633
8,10,80,300,0.25,0.1,0.9,TRUE,0.890196788843219,5,0.450252244291847,0.747126436781609,0.804444444444444,65,362,88,22,3.33170306018366,0.401201878854878
8,10,80,300,0.25,0.1,2.1,FALSE,0.890196788843219,6,0.365356661453835,0.862068965517241,0.631111111111111,75,284,166,12,3.17652126268791,0.625609064236416
8,10,80,300,0.25,0.1,0.7,FALSE,0.890196788843219,7,0.433782285530823,0.715909090909091,0.808888888888889,63,364,86,25,3.09491090566294,0.360039846225952
8,10,80,300,0.25,0.1,0.5,FALSE,0.890196788843219,8,0.360547239917062,0.71264367816092,0.746666666666667,62,336,114,25,2.46694096928095,0.127735924455496
8,10,80,300,0.25,0.1,0.5,FALSE,0.890196788843219,9,0.390143543144917,0.666666666666667,0.804444444444444,58,362,88,29,2.56062807238937,0.413429768812716
8,10,80,300,0.25,0.1,1.1,FALSE,0.890196788843219,10,0.369528839282463,0.840909090909091,0.653333333333333,74,294,156,14,2.11185187049724,0.30307891574994
8,10,80,500,0.05,0.03,1.1,FALSE,0.890196788843219,1,0.19773930058924,0.862068965517241,0.686315789473684,25,652,298,4,2.41572723147871,0.29416731299503
8,10,80,500,0.05,0.03,0.7,FALSE,0.890196788843219,2,0.261888602064662,0.833333333333333,0.797894736842105,25,758,192,5,3.05369546680899,0.265194140792027
8,10,80,500,0.05,0.03,1.1,FALSE,0.890196788843219,3,0.169896509416605,0.928571428571429,0.576842105263158,26,548,402,2,1.93963891501889,-0.0515058238790796
8,10,80,500,0.05,0.03,0.1,FALSE,0.890196788843219,4,0.22900131606686,0.620689655172414,0.863157894736842,18,820,130,11,2.77203018549418,0.120141428272837
8,10,80,500,0.05,0.03,0.9,TRUE,0.890196788843219,5,0.240980304544022,0.9,0.732631578947368,27,696,254,3,2.85816103973822,-0.0702207772267185
8,10,80,500,0.05,0.03,0.5,FALSE,0.890196788843219,6,0.227430360459363,0.785714285714286,0.787368421052632,22,748,202,6,2.86927315643436,0.0585904502436857
8,10,80,500,0.05,0.03,0.5,FALSE,0.890196788843219,7,0.250758986924655,0.933333333333333,0.728421052631579,28,692,258,2,2.19378998693249,-0.445349338984086
8,10,80,500,0.05,0.03,0.1,FALSE,0.890196788843219,8,0.146164327562692,0.607142857142857,0.768421052631579,17,730,220,11,2.36762555665357,0.149050343615604
8,10,80,500,0.05,0.03,0.7,FALSE,0.890196788843219,9,0.193519114564837,0.862068965517241,0.677894736842105,25,644,306,4,2.1915503324208,0.0891206037594769
8,10,80,500,0.05,0.03,2.5,FALSE,0.890196788843219,10,0.159416228266091,0.964285714285714,0.513684210526316,27,488,462,1,2.69787557292433,0.346652346001809
8,10,80,500,0.05,0.05,0.3,FALSE,0.890196788843219,1,0.162997434557981,0.620689655172414,0.783157894736842,18,744,206,11,2.46584798348904,0.336518956250473
8,10,80,500,0.05,0.05,1.1,FALSE,0.890196788843219,2,0.254745033652501,0.9,0.753684210526316,27,716,234,3,3.33078178394248,0.275685870603603
8,10,80,500,0.05,0.05,0.7,FALSE,0.890196788843219,3,0.164606472031079,0.821428571428571,0.652631578947368,23,620,330,5,1.94066278873111,0.123352850598134
8,10,80,500,0.05,0.05,0.9,TRUE,0.890196788843219,4,0.197887915578171,0.793103448275862,0.732631578947368,23,696,254,6,3.0472240976533,0.493997538172766
8,10,80,500,0.05,0.05,1.1,FALSE,0.890196788843219,5,0.265812415430404,0.966666666666667,0.732631578947368,29,696,254,1,3.09899354544075,-0.318249364492759
8,10,80,500,0.05,0.05,0.3,FALSE,0.890196788843219,6,0.249735940122037,0.75,0.831578947368421,21,790,160,7,2.97097593149247,0.0157843078978217
8,10,80,500,0.05,0.05,0.3,FALSE,0.890196788843219,7,0.23649211035522,0.866666666666667,0.745263157894737,26,708,242,4,2.01491270225337,-0.266023746385915
8,10,80,500,0.05,0.05,0.5,FALSE,0.890196788843219,8,0.164484789241615,0.75,0.705263157894737,21,670,280,7,2.55189968887788,-0.0796205239260975
8,10,80,500,0.05,0.05,0.9,TRUE,0.890196788843219,9,0.179571630031593,0.896551724137931,0.621052631578947,26,590,360,3,2.05248161595247,-0.0926030582872998
8,10,80,500,0.05,0.05,0.1,FALSE,0.890196788843219,10,0.165208120656587,0.571428571428571,0.818947368421053,16,778,172,12,2.96244463267237,0.33825007519017
8,10,80,500,0.05,0.1,0.1,FALSE,0.890196788843219,1,0.169986939295288,0.620689655172414,0.793684210526316,18,754,196,11,2.21305741065286,0.114188635863549
8,10,80,500,0.05,0.1,0.9,TRUE,0.890196788843219,2,0.21353019423185,0.833333333333333,0.728421052631579,25,692,258,5,3.20018005271986,0.0398822945549126
8,10,80,500,0.05,0.1,0.3,FALSE,0.890196788843219,3,0.174006999749933,0.785714285714286,0.698947368421053,22,664,286,6,1.71018844121532,-0.0932907111342976
8,10,80,500,0.05,0.1,0.3,FALSE,0.890196788843219,4,0.26760825366832,0.793103448275862,0.827368421052632,23,786,164,6,3.06082488748481,0.122105432908535
8,10,80,500,0.05,0.1,0.9,TRUE,0.890196788843219,5,0.254745033652501,0.9,0.753684210526316,27,716,234,3,3.29907716854266,0.104161675330016
8,10,80,500,0.05,0.1,0.3,FALSE,0.890196788843219,6,0.227430360459363,0.785714285714286,0.787368421052632,22,748,202,6,2.68843726111138,0.112484628123302
8,10,80,500,0.05,0.1,0.7,FALSE,0.890196788843219,7,0.197150356702219,0.866666666666667,0.67578947368421,26,642,308,4,1.86067471267158,-0.168747402346469
8,10,80,500,0.05,0.1,1.3,FALSE,0.890196788843219,8,0.158165238199079,0.857142857142857,0.608421052631579,24,578,372,4,2.4813020737797,0.108019756205242
8,10,80,500,0.05,0.1,0.5,FALSE,0.890196788843219,9,0.204674019685936,0.896551724137931,0.67578947368421,26,642,308,3,1.98114536793421,-0.156503736744675
8,10,80,500,0.05,0.1,1.5,FALSE,0.890196788843219,10,0.167705869860495,0.857142857142857,0.631578947368421,24,600,350,4,3.03116538649219,0.457339566895518
8,10,80,500,0.1,0.03,0.1,FALSE,0.890196788843219,1,0.277046285076637,0.661016949152542,0.813333333333333,39,732,168,20,2.64730609113426,-0.0670046888366358
8,10,80,500,0.1,0.03,1.1,FALSE,0.890196788843219,2,0.21282017731818,0.830508474576271,0.606666666666667,49,546,354,10,2.29290211042234,0.129486942595063
8,10,80,500,0.1,0.03,0.9,TRUE,0.890196788843219,3,0.287046083291266,0.775862068965517,0.76,45,684,216,13,2.9113153132379,0.182415218933534
8,10,80,500,0.1,0.03,0.3,FALSE,0.890196788843219,4,0.250472583446316,0.745762711864407,0.731111111111111,44,658,242,15,2.15505011451847,-0.157748851115589
8,10,80,500,0.1,0.03,1.7,FALSE,0.890196788843219,5,0.278469767325744,0.915254237288136,0.648888888888889,54,584,316,5,2.84781028084128,0.137769381932816
8,10,80,500,0.1,0.03,0.9,TRUE,0.890196788843219,6,0.258993450458381,0.745762711864407,0.742222222222222,44,668,232,15,2.82763547602953,0.348060202514558
8,10,80,500,0.1,0.03,1.1,FALSE,0.890196788843219,7,0.255138933038731,0.827586206896552,0.682222222222222,48,614,286,10,2.45826968957742,0.0775754803053305
8,10,80,500,0.1,0.03,0.7,FALSE,0.890196788843219,8,0.289573132465359,0.879310344827586,0.695555555555556,51,626,274,7,2.1706524408688,-0.10684836164925
8,10,80,500,0.1,0.03,1.1,FALSE,0.890196788843219,9,0.366848627474105,0.915254237288136,0.766666666666667,54,690,210,5,3.14251014354614,-0.0646666738337143
8,10,80,500,0.1,0.03,0.9,TRUE,0.890196788843219,10,0.369504524576778,0.879310344827586,0.791111111111111,51,712,188,7,3.15518393783168,0.115343401219789
8,10,80,500,0.1,0.05,0.5,FALSE,0.890196788843219,1,0.276391482841927,0.779661016949153,0.742222222222222,46,668,232,13,2.74831005928963,0.134401155171441
8,10,80,500,0.1,0.05,1.3,FALSE,0.890196788843219,2,0.232437163001597,0.88135593220339,0.597777777777778,52,538,362,7,2.5309550207465,0.0593873915365424
8,10,80,500,0.1,0.05,0.9,TRUE,0.890196788843219,3,0.351463142663454,0.827586206896552,0.8,48,720,180,10,3.38231397893456,0.102118345180752
8,10,80,500,0.1,0.05,0.1,FALSE,0.890196788843219,4,0.276868871738924,0.711864406779661,0.784444444444444,42,706,194,17,2.47683601692023,-0.152466114211016
8,10,80,500,0.1,0.05,0.1,FALSE,0.890196788843219,5,0.30151924547969,0.610169491525424,0.86,36,774,126,23,3.07411234471736,0.229164188724265
8,10,80,500,0.1,0.05,1.7,FALSE,0.890196788843219,6,0.280046245791699,0.898305084745763,0.664444444444444,53,598,302,6,3.14240918339337,0.278265030071958
8,10,80,500,0.1,0.05,0.1,FALSE,0.890196788843219,7,0.283546421103468,0.655172413793103,0.824444444444444,38,742,158,20,2.70029339978635,0.179444771007907
8,10,80,500,0.1,0.05,0.5,FALSE,0.890196788843219,8,0.34005165561508,0.810344827586207,0.797777777777778,47,718,182,11,2.57110162646001,-0.0815044122308868
8,10,80,500,0.1,0.05,1.1,FALSE,0.890196788843219,9,0.377606925302365,0.932203389830508,0.768888888888889,55,692,208,4,3.18519978848468,-0.0477310282678466
8,10,80,500,0.1,0.05,0.5,FALSE,0.890196788843219,10,0.406113285762706,0.758620689655172,0.873333333333333,44,786,114,14,3.73485413961293,0.00766560585517674
8,10,80,500,0.1,0.1,0.5,FALSE,0.890196788843219,1,0.319243589958274,0.830508474576271,0.762222222222222,49,686,214,10,2.81229141848443,-0.0723188745278991
8,10,80,500,0.1,0.1,1.3,FALSE,0.890196788843219,2,0.25205586367803,0.932203389830508,0.588888888888889,55,530,370,4,2.60961218358383,0.0866725316150091
8,10,80,500,0.1,0.1,0.9,TRUE,0.890196788843219,3,0.348060944913866,0.879310344827586,0.768888888888889,51,692,208,7,3.38478323916874,0.145740130552549
8,10,80,500,0.1,0.1,0.1,FALSE,0.890196788843219,4,0.344326955444195,0.847457627118644,0.78,50,702,198,9,2.4984114132436,-0.36426530429411
8,10,80,500,0.1,0.1,2.1,FALSE,0.890196788843219,5,0.279360496842086,0.966101694915254,0.608888888888889,57,548,352,2,2.99795355244513,0.208372522102816
8,10,80,500,0.1,0.1,0.1,FALSE,0.890196788843219,6,0.364010951329731,0.796610169491525,0.824444444444444,47,742,158,12,3.08213967350693,-0.076088132976281
8,10,80,500,0.1,0.1,0.3,FALSE,0.890196788843219,7,0.287688721971871,0.724137931034483,0.791111111111111,42,712,188,16,2.66434684290946,0.051307674804395
8,10,80,500,0.1,0.1,0.7,FALSE,0.890196788843219,8,0.285176165874639,0.775862068965517,0.757777777777778,45,682,218,13,2.49758016696992,0.0509753490264882
8,10,80,500,0.1,0.1,0.5,FALSE,0.890196788843219,9,0.364010951329731,0.796610169491525,0.824444444444444,47,742,158,12,3.04806529659943,-0.161677006978211
8,10,80,500,0.1,0.1,0.5,FALSE,0.890196788843219,10,0.386164300979565,0.758620689655172,0.86,44,774,126,14,3.77683894000471,0.0706595474088917
8,10,80,500,0.25,0.03,0.9,TRUE,0.890196788843219,1,0.421471165801374,0.794520547945205,0.746666666666667,116,560,190,30,2.87328121796038,0.132014835881348
8,10,80,500,0.25,0.03,0.3,FALSE,0.890196788843219,2,0.414107513226425,0.691780821917808,0.808,101,606,144,45,2.57070681994994,-0.00277771230170938
8,10,80,500,0.25,0.03,0.3,FALSE,0.890196788843219,3,0.418619431980014,0.719178082191781,0.794666666666667,105,596,154,41,2.58909625372533,-0.0575358857804481
8,10,80,500,0.25,0.03,0.5,FALSE,0.890196788843219,4,0.357745522102753,0.726027397260274,0.733333333333333,106,550,200,40,2.41336136749025,0.209476135050797
8,10,80,500,0.25,0.03,0.9,TRUE,0.890196788843219,5,0.524354184267182,0.897260273972603,0.773333333333333,131,580,170,15,3.26740781172535,-0.0568298908643023
8,10,80,500,0.25,0.03,0.3,FALSE,0.890196788843219,6,0.381674549928503,0.678082191780822,0.789333333333333,99,592,158,47,2.54631902068056,0.102200329816614
8,10,80,500,0.25,0.03,1.3,FALSE,0.890196788843219,7,0.401371431451976,0.86986301369863,0.666666666666667,127,500,250,19,2.89157307403409,0.154208803732271
8,10,80,500,0.25,0.03,0.9,TRUE,0.890196788843219,8,0.384847750824782,0.801369863013699,0.704,117,528,222,29,2.43793230769087,0.159196949394939
8,10,80,500,0.25,0.03,1.1,FALSE,0.890196788843219,9,0.407276314015381,0.828767123287671,0.706666666666667,121,530,220,25,2.7368276447984,0.209822960888537
8,10,80,500,0.25,0.03,0.9,TRUE,0.890196788843219,10,0.387371861524504,0.808219178082192,0.701333333333333,118,526,224,28,2.58209936079101,0.0643012305708201
8,10,80,500,0.25,0.05,0.5,FALSE,0.890196788843219,1,0.408401164498934,0.705479452054795,0.794666666666667,103,596,154,43,3.11409999772424,0.154093087426953
8,10,80,500,0.25,0.05,0.7,FALSE,0.890196788843219,2,0.451947049999629,0.801369863013699,0.770666666666667,117,578,172,29,2.79767996427628,-0.0568687707678694
8,10,80,500,0.25,0.05,1.5,FALSE,0.890196788843219,3,0.454289637498804,0.952054794520548,0.658666666666667,139,494,256,7,2.93077266971784,-0.0921204207342947
8,10,80,500,0.25,0.05,0.1,FALSE,0.890196788843219,4,0.430868577667083,0.678082191780822,0.829333333333333,99,622,128,47,2.78761132036677,0.115304422978495
8,10,80,500,0.25,0.05,0.3,FALSE,0.890196788843219,5,0.53756425626785,0.76027397260274,0.861333333333333,111,646,104,35,3.70738467847531,-0.020709896815808
8,10,80,500,0.25,0.05,0.3,FALSE,0.890196788843219,6,0.377529201286791,0.664383561643836,0.794666666666667,97,596,154,49,2.62608097290961,0.178722753391435
8,10,80,500,0.25,0.05,1.9,FALSE,0.890196788843219,7,0.398819914541186,0.931506849315068,0.608,136,456,294,10,2.99440575200019,0.137505851480279
8,10,80,500,0.25,0.05,0.9,TRUE,0.890196788843219,8,0.397778519375289,0.842465753424658,0.685333333333333,123,514,236,23,2.46878957385981,0.0433535495655778
8,10,80,500,0.25,0.05,0.1,FALSE,0.890196788843219,9,0.454334707923706,0.623287671232877,0.874666666666667,91,656,94,55,2.84432948837055,0.0558638274993191
8,10,80,500,0.25,0.05,1.1,FALSE,0.890196788843219,10,0.40513841859384,0.849315068493151,0.688,124,516,234,22,2.73378910611042,0.0411874626102499
8,10,80,500,0.25,0.1,0.9,TRUE,0.890196788843219,1,0.405657332624323,0.787671232876712,0.736,115,552,198,31,3.15254222368316,0.255182061353826
8,10,80,500,0.25,0.1,0.3,FALSE,0.890196788843219,2,0.429584603224769,0.657534246575342,0.84,96,630,120,50,2.67217977359795,0.192885640565369
8,10,80,500,0.25,0.1,1.3,FALSE,0.890196788843219,3,0.455481529268883,0.856164383561644,0.736,125,552,198,21,3.01869834616836,0.135531197214861
8,10,80,500,0.25,0.1,1.1,FALSE,0.890196788843219,4,0.432172754565119,0.856164383561644,0.712,125,534,216,21,2.71254572261801,0.167799770303151
8,10,80,500,0.25,0.1,1.1,FALSE,0.890196788843219,5,0.46311518036424,0.863013698630137,0.738666666666667,126,554,196,20,3.72027753957332,0.0793239101227739
8,10,80,500,0.25,0.1,0.5,FALSE,0.890196788843219,6,0.361911371283003,0.698630136986301,0.757333333333333,102,568,182,44,2.65455915086224,0.176594735054391
8,10,80,500,0.25,0.1,0.9,TRUE,0.890196788843219,7,0.41237235114106,0.821917808219178,0.717333333333333,120,538,212,26,2.83607354393163,0.0541035072342008
8,10,80,500,0.25,0.1,0.9,TRUE,0.890196788843219,8,0.427859506781932,0.89041095890411,0.68,130,510,240,16,2.54579887921596,-0.0664859883881499
8,10,80,500,0.25,0.1,0.7,FALSE,0.890196788843219,9,0.427967006319674,0.821917808219178,0.733333333333333,120,550,200,26,2.86522795251039,0.0124628974248294
8,10,80,500,0.25,0.1,0.1,FALSE,0.890196788843219,10,0.42564535962052,0.684931506849315,0.821333333333333,100,616,134,46,2.46686008073536,-0.0185118562202286
12,3,36,100,0.05,0.03,0.5,FALSE,0.642645688204708,1,0.167138333939479,1,0.484210526315789,6,92,98,0,0.610131262980618,-0.769654239567603
12,3,36,100,0.05,0.03,0.1,FALSE,0.642645688204708,2,0.12853691738343,0.8,0.6,4,114,76,1,0.665292087811433,0.0463709222748718
12,3,36,100,0.05,0.03,1.3,FALSE,0.642645688204708,3,0.0899842541331695,1,0.210526315789474,6,40,150,0,0.360627208265355,0.224791125483905
12,3,36,100,0.05,0.03,1.7,FALSE,0.642645688204708,4,0.0529812942826018,1,0.0842105263157895,6,16,174,0,0.216050275695767,0.212067782501227
12,3,36,100,0.05,0.03,1.1,FALSE,0.642645688204708,5,0.148879713259098,1,0.389473684210526,7,74,116,0,0.620263387220561,0.316735897313697
12,3,36,100,0.05,0.03,2.5,FALSE,0.642645688204708,6,0.0631881355308837,1,0.115789473684211,6,22,168,0,0.673407231012122,0.702622845572053
12,3,36,100,0.05,0.03,0.3,FALSE,0.642645688204708,7,0.177037851732859,1,0.557894736842105,5,106,84,0,0.537416500388181,-0.342600511862844
12,3,36,100,0.05,0.03,0.1,FALSE,0.642645688204708,8,0.200393736779929,0.833333333333333,0.705263157894737,5,134,56,1,0.862610362573254,-0.0842719908754229
12,3,36,100,0.05,0.03,0.5,FALSE,0.642645688204708,9,0.180742569938633,1,0.568421052631579,5,108,82,0,0.872399835800614,-0.564260402588034
12,3,36,100,0.05,0.03,0.1,FALSE,0.642645688204708,10,0.18955159239966,0.875,0.6,7,114,76,1,0.734339205971742,-0.171862902138582
12,3,36,100,0.05,0.05,0.3,FALSE,0.642645688204708,1,0.185112175064805,1,0.536842105263158,6,102,88,0,0.782972042931146,-0.608548020633053
12,3,36,100,0.05,0.05,0.1,FALSE,0.642645688204708,2,0.167924626132632,0.8,0.694736842105263,4,132,58,1,0.848951863085736,0.114608087880107
12,3,36,100,0.05,0.05,0.1,FALSE,0.642645688204708,3,0.0777739803128546,0.666666666666667,0.557894736842105,4,106,84,2,0.424593474588912,0.339591951420748
12,3,36,100,0.05,0.05,1.5,FALSE,0.642645688204708,4,0.101201881248011,1,0.252631578947368,6,48,142,0,0.64118974217309,-0.125497126123228
12,3,36,100,0.05,0.05,2.9,FALSE,0.642645688204708,5,0.0394899251839395,1,0.0421052631578947,7,8,182,0,0.629265164521813,0.959140547530063
12,3,36,100,0.05,0.05,0.1,FALSE,0.642645688204708,6,0.11479280427897,0.666666666666667,0.652631578947368,4,124,66,2,0.788828548984993,0.34472175526561
12,3,36,100,0.05,0.05,1.1,FALSE,0.642645688204708,7,0.113386810975413,1,0.336842105263158,5,64,126,0,0.622780052910978,0.34965715359163
12,3,36,100,0.05,0.05,0.5,FALSE,0.642645688204708,8,0.155880437005896,0.833333333333333,0.610526315789474,5,116,74,1,1.07735588130243,-0.0167419423805115
12,3,36,100,0.05,0.05,0.3,FALSE,0.642645688204708,9,0.136463941800456,0.8,0.621052631578947,4,118,72,1,0.857418772888129,-0.210706459920429
12,3,36,100,0.05,0.05,0.1,FALSE,0.642645688204708,10,0.220953291149447,0.875,0.663157894736842,7,126,64,1,0.639113112262683,-0.0686059981929758
12,3,36,100,0.05,0.1,0.1,FALSE,0.642645688204708,1,0.194781618581192,0.833333333333333,0.694736842105263,5,132,58,1,0.926238654895547,-0.0679417550097625
12,3,36,100,0.05,0.1,0.5,FALSE,0.642645688204708,2,0.149142914758149,0.8,0.652631578947368,4,124,66,1,0.929700129648805,0.538963539286152
12,3,36,100,0.05,0.1,0.7,FALSE,0.642645688204708,3,0.177704663327728,1,0.515789473684211,6,98,92,0,0.845747052553475,-0.164303709613231
12,3,36,100,0.05,0.1,1.1,FALSE,0.642645688204708,4,0.150713905929225,1,0.431578947368421,6,82,108,0,0.77398370081948,0.206709196204388
12,3,36,100,0.05,0.1,1.9,FALSE,0.642645688204708,5,0.114944948552871,1,0.273684210526316,7,52,138,0,0.899501769482483,1.03418188150392
12,3,36,100,0.05,0.1,1.3,FALSE,0.642645688204708,6,0.0554836079032377,0.833333333333333,0.315789473684211,5,60,130,1,0.843242240559786,1.24042740578701
12,3,36,100,0.05,0.1,0.5,FALSE,0.642645688204708,7,0.214382765978066,1,0.652631578947368,5,124,66,0,0.99374101120233,-0.387784178206076
12,3,36,100,0.05,0.1,0.3,FALSE,0.642645688204708,8,0.149853729853071,0.666666666666667,0.726315789473684,4,138,52,2,1.08805318119431,1.03730200591685
12,3,36,100,0.05,0.1,1.3,FALSE,0.642645688204708,9,0.141119281083766,1,0.442105263157895,5,84,106,0,0.913204513188674,0.389653638557803
12,3,36,100,0.05,0.1,0.3,FALSE,0.642645688204708,10,0.180096876640656,0.875,0.578947368421053,7,110,80,1,0.920699750012958,-0.14997620475547
12,3,36,100,0.1,0.03,0.3,FALSE,0.642645688204708,1,0.0108368868886834,0.545454545454545,0.477777777777778,6,86,94,5,0.286986980197438,0.716399272980018
12,3,36,100,0.1,0.03,0.9,FALSE,0.642645688204708,2,0.147344038266584,0.846153846153846,0.444444444444444,11,80,100,2,0.739036803097583,0.19930472940556
12,3,36,100,0.1,0.03,0.3,FALSE,0.642645688204708,3,0.146101596722105,0.769230769230769,0.522222222222222,10,94,86,3,0.509654726222968,-0.126732497278909
12,3,36,100,0.1,0.03,1.3,FALSE,0.642645688204708,4,0.163248149235774,1,0.322222222222222,11,58,122,0,0.819269466709592,-0.0268347186780531
12,3,36,100,0.1,0.03,0.1,FALSE,0.642645688204708,5,0.172447469503411,0.727272727272727,0.633333333333333,8,114,66,3,0.772303317355671,-0.0571302368007814
12,3,36,100,0.1,0.03,0.3,FALSE,0.642645688204708,6,0.209866729245119,1,0.444444444444444,11,80,100,0,0.340331671506456,-0.382508612776416
12,3,36,100,0.1,0.03,0.1,FALSE,0.642645688204708,7,0.242505771568084,0.692307692307692,0.744444444444444,9,134,46,4,1.08072102166243,0.149312662572155
12,3,36,100,0.1,0.03,1.1,FALSE,0.642645688204708,8,0.130930734141595,0.833333333333333,0.433333333333333,10,78,102,2,0.851668366996564,0.30760697593968
12,3,36,100,0.1,0.03,0.3,FALSE,0.642645688204708,9,0.10593156940503,0.727272727272727,0.5,8,90,90,3,0.425995636826708,0.181067347045888
12,3,36,100,0.1,0.03,0.7,FALSE,0.642645688204708,10,0.23199266800191,0.75,0.7,9,126,54,3,1.46326877294977,-0.201560844126193
12,3,36,100,0.1,0.05,0.9,FALSE,0.642645688204708,1,0.080265964577731,0.818181818181818,0.344444444444444,9,62,118,2,0.443487565431667,0.367849511274731
12,3,36,100,0.1,0.05,1.5,FALSE,0.642645688204708,2,0.128666577136861,0.923076923076923,0.311111111111111,12,56,124,1,0.866596343694499,0.420694294891344
12,3,36,100,0.1,0.05,1.3,FALSE,0.642645688204708,3,0.119034210316812,0.923076923076923,0.288888888888889,12,52,128,1,0.620932600485257,0.0574889386056986
12,3,36,100,0.1,0.05,2.1,FALSE,0.642645688204708,4,0.127233540406089,1,0.222222222222222,11,40,140,0,0.813080543792712,0.279635562099659
12,3,36,100,0.1,0.05,0.9,FALSE,0.642645688204708,5,0.153449404248727,0.818181818181818,0.511111111111111,9,92,88,2,0.97324213854607,0.334152606762864
12,3,36,100,0.1,0.05,0.1,FALSE,0.642645688204708,6,0.129302293480797,0.636363636363636,0.633333333333333,7,114,66,4,0.621711095353286,-0.129056904412861
12,3,36,100,0.1,0.05,1.3,FALSE,0.642645688204708,7,0.256488944513922,1,0.511111111111111,13,92,88,0,1.15762403584969,0.0156548846320796
12,3,36,100,0.1,0.05,0.9,FALSE,0.642645688204708,8,0.125954148178592,0.833333333333333,0.422222222222222,10,76,104,2,0.811197943942215,0.37332233954159
12,3,36,100,0.1,0.05,0.1,FALSE,0.642645688204708,9,0.211461948939344,0.909090909090909,0.544444444444444,10,98,82,1,0.569823335563943,-0.371156699873137
12,3,36,100,0.1,0.05,0.1,FALSE,0.642645688204708,10,0.232987336828382,0.583333333333333,0.811111111111111,7,146,34,5,1.45841384979746,0.286516879460939
12,3,36,100,0.1,0.1,2.1,FALSE,0.642645688204708,1,0.110901269354208,1,0.177777777777778,11,32,148,0,0.751383229285056,0.519642551630055
12,3,36,100,0.1,0.1,0.9,FALSE,0.642645688204708,2,0.174987483692792,0.769230769230769,0.577777777777778,10,104,76,3,1.07139222203781,0.708206075736481
12,3,36,100,0.1,0.1,1.5,FALSE,0.642645688204708,3,0.138226540445841,0.923076923076923,0.333333333333333,12,60,120,1,0.861985786293992,0.375071704769588
12,3,36,100,0.1,0.1,0.5,FALSE,0.642645688204708,4,0.137640586448744,0.727272727272727,0.566666666666667,8,102,78,3,0.825866313739118,-0.00485274454125767
12,3,36,100,0.1,0.1,0.3,FALSE,0.642645688204708,5,0.242119990792376,0.818181818181818,0.677777777777778,9,122,58,2,0.950501632642688,0.13528295045384
12,3,36,100,0.1,0.1,0.3,FALSE,0.642645688204708,6,0.18509509294886,0.727272727272727,0.655555555555556,8,118,62,3,0.76023079647361,0.628795073568053
12,3,36,100,0.1,0.1,1.7,FALSE,0.642645688204708,7,0.126889362117387,0.846153846153846,0.4,11,72,108,2,1.15215019693958,0.912715801145357
12,3,36,100,0.1,0.1,0.7,FALSE,0.642645688204708,8,0.223343537860045,0.916666666666667,0.544444444444444,11,98,82,1,0.959602537639655,0.133812538983515
12,3,36,100,0.1,0.1,1.5,FALSE,0.642645688204708,9,0.159216187112627,1,0.311111111111111,11,56,124,0,0.758046472391583,-0.163995744793544
12,3,36,100,0.1,0.1,0.3,FALSE,0.642645688204708,10,0.279758020911913,0.666666666666667,0.811111111111111,8,146,34,4,1.40797562607673,0.210487366692082
12,3,36,100,0.25,0.03,0.5,FALSE,0.642645688204708,1,0.193155833175757,0.709677419354839,0.546666666666667,22,82,68,9,0.66521093137285,0.000839596409787678
12,3,36,100,0.25,0.03,2.3,FALSE,0.642645688204708,2,0.183755908112457,1,0.173333333333333,30,26,124,0,0.589487769701377,0.137304737195383
12,3,36,100,0.25,0.03,0.5,FALSE,0.642645688204708,3,0.133406340741604,0.620689655172414,0.56,18,84,66,11,0.901201281422862,0.528664173751234
12,3,36,100,0.25,0.03,1.3,FALSE,0.642645688204708,4,0.264286346085591,0.966666666666667,0.36,29,54,96,1,0.734887098663478,-0.00240318303561534
12,3,36,100,0.25,0.03,0.9,FALSE,0.642645688204708,5,0.20290942629685,0.896551724137931,0.36,26,54,96,3,0.480597558108732,-0.0973233557933559
12,3,36,100,0.25,0.03,1.1,FALSE,0.642645688204708,6,0.269431546621823,0.9,0.453333333333333,27,68,82,3,0.877325331659624,0.152099210724954
12,3,36,100,0.25,0.03,1.9,FALSE,0.642645688204708,7,0.187002690974973,0.96551724137931,0.24,28,36,114,1,0.653423489491186,0.187436627471164
12,3,36,100,0.25,0.03,0.9,FALSE,0.642645688204708,8,0.208428177575373,0.833333333333333,0.44,25,66,84,5,0.81217245442242,0.291395536780749
12,3,36,100,0.25,0.03,0.5,FALSE,0.642645688204708,9,0.137972561518876,0.766666666666667,0.413333333333333,23,62,88,7,0.251087199120083,0.083943985179548
12,3,36,100,0.25,0.03,2.7,FALSE,0.642645688204708,10,0.139686059153916,1,0.106666666666667,30,16,134,0,0.805544908380553,0.281945858704266
12,3,36,100,0.25,0.05,2.3,FALSE,0.642645688204708,1,0.158590502384224,0.967741935483871,0.186666666666667,30,28,122,1,0.718880341202649,0.469753729226791
12,3,36,100,0.25,0.05,2.5,FALSE,0.642645688204708,2,0.155437342033599,0.966666666666667,0.186666666666667,29,28,122,1,0.782217557266175,0.296071382459033
12,3,36,100,0.25,0.05,0.5,FALSE,0.642645688204708,3,0.232362925260098,0.655172413793103,0.653333333333333,19,98,52,10,1.16449331376556,0.434306909709078
12,3,36,100,0.25,0.05,0.7,FALSE,0.642645688204708,4,0.261574181890298,0.866666666666667,0.48,26,72,78,4,0.823488115443807,-0.129531996152819
12,3,36,100,0.25,0.05,0.7,FALSE,0.642645688204708,5,0.311488917226714,0.793103448275862,0.626666666666667,23,94,56,6,1.02165033861668,0.0418724442385247
12,3,36,100,0.25,0.05,0.1,FALSE,0.642645688204708,6,0.24606344663627,0.7,0.626666666666667,21,94,56,9,0.838984253182032,-0.0818044378702331
12,3,36,100,0.25,0.05,0.3,FALSE,0.642645688204708,7,0.367957101827927,0.758620689655172,0.72,22,108,42,7,1.05835199752931,0.100485947409614
12,3,36,100,0.25,0.05,1.5,FALSE,0.642645688204708,8,0.236136334907601,0.933333333333333,0.36,28,54,96,2,0.910528805505028,0.546651010484486
12,3,36,100,0.25,0.05,1.5,FALSE,0.642645688204708,9,0.15828959769462,0.933333333333333,0.24,28,36,114,2,0.409169725865616,0.275709267940469
12,3,36,100,0.25,0.05,0.1,FALSE,0.642645688204708,10,0.240346348292117,0.566666666666667,0.733333333333333,17,110,40,13,0.862788775476109,0.231977914164416
12,3,36,100,0.25,0.1,2.3,FALSE,0.642645688204708,1,0.118905445057454,0.967741935483871,0.133333333333333,30,20,130,1,0.772866172588454,0.6080055266529
12,3,36,100,0.25,0.1,1.9,FALSE,0.642645688204708,2,0.00539359889970594,0.7,0.306666666666667,21,46,104,9,0.819298771069799,0.873499180733587
12,3,36,100,0.25,0.1,0.9,FALSE,0.642645688204708,3,0.148797744257471,0.655172413793103,0.546666666666667,19,82,68,10,1.10948229968821,0.576716641354921
12,3,36,100,0.25,0.1,0.1,FALSE,0.642645688204708,4,0.29277002188456,0.6,0.76,18,114,36,12,1.09359174410603,0.162706635719031
12,3,36,100,0.25,0.1,0.1,FALSE,0.642645688204708,5,0.329003314809043,0.551724137931034,0.826666666666667,16,124,26,13,1.11359775592826,0.0242146296975695
12,3,36,100,0.25,0.1,0.3,FALSE,0.642645688204708,6,0.344591040814546,0.833333333333333,0.626666666666667,25,94,56,5,0.891607914047646,-0.228082912837068
12,3,36,100,0.25,0.1,1.5,FALSE,0.642645688204708,7,0.246090177501233,0.896551724137931,0.426666666666667,26,64,86,3,1.07136339531819,0.17337025797112
12,3,36,100,0.25,0.1,2.3,FALSE,0.642645688204708,8,0.136252194355719,0.9,0.253333333333333,27,38,112,3,1.07103930436347,0.907042020377762
12,3,36,100,0.25,0.1,0.3,FALSE,0.642645688204708,9,0.114294974313085,0.633333333333333,0.52,19,78,72,11,0.558879858402833,0.473603475071352
12,3,36,100,0.25,0.1,0.5,FALSE,0.642645688204708,10,0.191386422041393,0.566666666666667,0.68,17,102,48,13,1.15109755837548,0.807442654059819
12,3,36,300,0.05,0.03,0.1,FALSE,0.642645688204708,1,0.112382728931987,0.647058823529412,0.670175438596491,11,382,188,6,0.942658006971231,0.130731843966288
12,3,36,300,0.05,0.03,1.9,FALSE,0.642645688204708,2,0.106787212586198,1,0.273684210526316,18,156,414,0,0.953423102596406,0.372774256489669
12,3,36,300,0.05,0.03,0.5,FALSE,0.642645688204708,3,0.073468683906495,0.823529411764706,0.389473684210526,14,222,348,3,0.314927574000041,0.00715437712256629
12,3,36,300,0.05,0.03,0.9,FALSE,0.642645688204708,4,0.0598254369616756,0.888888888888889,0.263157894736842,16,150,420,2,0.286871285305371,-0.00977830372860794
12,3,36,300,0.05,0.03,0.1,FALSE,0.642645688204708,5,0.0532213069215383,0.666666666666667,0.487719298245614,12,278,292,6,0.456966073369161,0.191459099039865
12,3,36,300,0.05,0.03,0.5,FALSE,0.642645688204708,6,0.107308673997732,0.777777777777778,0.533333333333333,14,304,266,4,0.706918467929655,-0.0897055618103891
12,3,36,300,0.05,0.03,1.1,FALSE,0.642645688204708,7,0.129791579281428,0.941176470588235,0.442105263157895,16,252,318,1,0.976233882395231,0.0183076351923517
12,3,36,300,0.05,0.03,0.1,FALSE,0.642645688204708,8,0.146711866097441,0.777777777777778,0.635087719298246,14,362,208,4,0.852505653213846,-0.0813958339515497
12,3,36,300,0.05,0.03,1.3,FALSE,0.642645688204708,9,0.0965435573944724,1,0.235087719298246,18,134,436,0,0.504779186526473,0.186082286060077
12,3,36,300,0.05,0.03,0.1,FALSE,0.642645688204708,10,0.133637986291258,0.777777777777778,0.603508771929825,14,344,226,4,0.669612945021414,-0.194554446932163
12,3,36,300,0.05,0.05,1.9,FALSE,0.642645688204708,1,0.106622797996637,1,0.284210526315789,17,162,408,0,0.903192275279956,0.228657040770308
12,3,36,300,0.05,0.05,0.3,FALSE,0.642645688204708,2,0.161187459181255,0.888888888888889,0.575438596491228,16,328,242,2,0.814077941491138,-0.459145026417363
12,3,36,300,0.05,0.05,1.7,FALSE,0.642645688204708,3,0.0540974458509864,0.941176470588235,0.182456140350877,16,104,466,1,0.451567638556924,0.159648836558781
12,3,36,300,0.05,0.05,0.1,FALSE,0.642645688204708,4,0.103598675003865,0.777777777777778,0.52280701754386,14,298,272,4,0.33721705106238,0.0221192905552647
12,3,36,300,0.05,0.05,1.7,FALSE,0.642645688204708,5,0.0814105663405607,1,0.178947368421053,18,102,468,0,0.394463340288037,-0.0798067884083771
12,3,36,300,0.05,0.05,1.7,FALSE,0.642645688204708,6,0.0946755336748944,1,0.228070175438596,18,130,440,0,0.676161503631811,-0.0512981780283018
12,3,36,300,0.05,0.05,0.9,FALSE,0.642645688204708,7,0.160478260425085,1,0.47719298245614,17,272,298,0,0.938399089704017,-0.467326092896876
12,3,36,300,0.05,0.05,0.5,FALSE,0.642645688204708,8,0.123967813549887,0.833333333333333,0.526315789473684,15,300,270,3,0.703076880177402,-0.131880601113144
12,3,36,300,0.05,0.05,1.7,FALSE,0.642645688204708,9,0.0784967886475912,1,0.168421052631579,18,96,474,0,0.388813558421672,-0.0565622153878041
12,3,36,300,0.05,0.05,1.5,FALSE,0.642645688204708,10,0.108651801501416,1,0.280701754385965,18,160,410,0,0.70285582805891,0.0511448064948613
12,3,36,300,0.05,0.1,1.1,FALSE,0.642645688204708,1,0.0948890538363152,0.882352941176471,0.392982456140351,15,224,346,2,0.85387489428417,0.206996159921679
12,3,36,300,0.05,0.1,0.7,FALSE,0.642645688204708,2,0.144500495146115,0.944444444444444,0.473684210526316,17,270,300,1,0.788506122836531,-0.262223566376701
12,3,36,300,0.05,0.1,0.1,FALSE,0.642645688204708,3,0.123114563858232,0.882352941176471,0.484210526315789,15,276,294,2,0.336271793825736,-0.364725679300345
12,3,36,300,0.05,0.1,1.5,FALSE,0.642645688204708,4,0.0264906471413009,0.888888888888889,0.168421052631579,16,96,474,2,0.320012248468984,0.270655583047877
12,3,36,300,0.05,0.1,1.7,FALSE,0.642645688204708,5,0.0814105663405607,1,0.178947368421053,18,102,468,0,0.468174178208116,0.160758451831338
12,3,36,300,0.05,0.1,0.7,FALSE,0.642645688204708,6,0.0912455623755919,0.888888888888889,0.364912280701754,16,208,362,2,0.538008665629613,-0.149206584783077
12,3,36,300,0.05,0.1,0.3,FALSE,0.642645688204708,7,0.193008119432408,1,0.571929824561404,17,326,244,0,0.790178592710637,-0.738940105169881
12,3,36,300,0.05,0.1,0.1,FALSE,0.642645688204708,8,0.11361049275836,0.777777777777778,0.550877192982456,14,314,256,4,0.590204084137671,-0.194598128025693
12,3,36,300,0.05,0.1,2.1,FALSE,0.642645688204708,9,0.0653255334464013,1,0.12280701754386,18,70,500,0,0.483426869186918,0.114128740718102
12,3,36,300,0.05,0.1,1.5,FALSE,0.642645688204708,10,0.1049246125174,1,0.266666666666667,18,152,418,0,0.704916706639471,-0.100610418705164
12,3,36,300,0.1,0.03,1.7,FALSE,0.642645688204708,1,0.118866062365301,0.970588235294118,0.240740740740741,33,130,410,1,0.708321893944847,0.0650498938774211
12,3,36,300,0.1,0.03,0.1,FALSE,0.642645688204708,2,0.215521384474852,0.861111111111111,0.581481481481481,31,314,226,5,0.564759882110965,-0.421895262379719
12,3,36,300,0.1,0.03,1.7,FALSE,0.642645688204708,3,0.143065845879825,1,0.255555555555556,35,138,402,0,0.647856305355298,-0.126414840678724
12,3,36,300,0.1,0.03,1.1,FALSE,0.642645688204708,4,0.210513639208653,1,0.425925925925926,36,230,310,0,0.922468163611234,-0.0776547664756653
12,3,36,300,0.1,0.03,0.3,FALSE,0.642645688204708,5,0.19929098539511,0.828571428571429,0.585185185185185,29,316,224,6,0.716487520699515,-0.222218946241746
12,3,36,300,0.1,0.03,2.3,FALSE,0.642645688204708,6,0.0836271847554065,1,0.103703703703704,35,56,484,0,0.467036170582938,0.0393995112990383
12,3,36,300,0.1,0.03,0.5,FALSE,0.642645688204708,7,0.0801846372432352,0.742857142857143,0.422222222222222,26,228,312,9,0.429614327436857,0.11685832968008
12,3,36,300,0.1,0.03,0.1,FALSE,0.642645688204708,8,0.153328699790916,0.805555555555556,0.511111111111111,29,276,264,7,0.368739497120583,-0.269373466234335
12,3,36,300,0.1,0.03,0.9,FALSE,0.642645688204708,9,0.164112250973356,0.914285714285714,0.422222222222222,32,228,312,3,0.668139555023606,-0.173810545348318
12,3,36,300,0.1,0.03,0.1,FALSE,0.642645688204708,10,0.110783831722398,0.647058823529412,0.585185185185185,22,316,224,12,0.553343633497186,-0.193933651502192
12,3,36,300,0.1,0.05,1.3,FALSE,0.642645688204708,1,0.145898663597589,0.970588235294118,0.311111111111111,33,168,372,1,0.694915921976214,-0.109024144461261
12,3,36,300,0.1,0.05,0.3,FALSE,0.642645688204708,2,0.168097442751478,0.861111111111111,0.485185185185185,31,262,278,5,0.516962112857851,-0.123915299685744
12,3,36,300,0.1,0.05,0.3,FALSE,0.642645688204708,3,0.126765524961101,0.742857142857143,0.522222222222222,26,282,258,9,0.554965192959496,-0.243542523667179
12,3,36,300,0.1,0.05,0.3,FALSE,0.642645688204708,4,0.144592471589361,0.75,0.548148148148148,27,296,244,9,0.72523323024896,-0.10658861258789
12,3,36,300,0.1,0.05,1.3,FALSE,0.642645688204708,5,0.128203879143966,0.971428571428571,0.259259259259259,34,140,400,1,0.524644620900583,-0.183816106296177
12,3,36,300,0.1,0.05,0.3,FALSE,0.642645688204708,6,0.1281463412506,0.8,0.466666666666667,28,252,288,7,0.403647799161545,-0.21130973516057
12,3,36,300,0.1,0.05,0.7,FALSE,0.642645688204708,7,0.09592848104928,0.828571428571429,0.362962962962963,29,196,344,6,0.476816644404374,0.196823851991453
12,3,36,300,0.1,0.05,0.5,FALSE,0.642645688204708,8,0.173450629493345,0.944444444444444,0.403703703703704,34,218,322,2,0.328367130050892,-0.486279973446039
12,3,36,300,0.1,0.05,0.9,FALSE,0.642645688204708,9,0.167874656870086,0.885714285714286,0.462962962962963,31,250,290,4,0.761708905389738,0.00698417204760697
12,3,36,300,0.1,0.05,1.3,FALSE,0.642645688204708,10,0.111986199024594,0.911764705882353,0.303703703703704,31,164,376,3,0.659153868059934,0.128706686461196
12,3,36,300,0.1,0.1,0.7,FALSE,0.642645688204708,1,0.172328581698805,0.882352941176471,0.481481481481481,30,260,280,4,0.808903289228109,-0.151367695079325
12,3,36,300,0.1,0.1,0.1,FALSE,0.642645688204708,2,0.171271285916488,0.777777777777778,0.574074074074074,28,310,230,8,0.617953318425126,-0.222888731389141
12,3,36,300,0.1,0.1,0.9,FALSE,0.642645688204708,3,0.130160578478298,0.914285714285714,0.340740740740741,32,184,356,3,0.479392071970477,-0.161335083665524
12,3,36,300,0.1,0.1,2.3,FALSE,0.642645688204708,4,0.0889528100682614,0.944444444444444,0.2,34,108,432,2,0.783814847191339,0.263245603996141
12,3,36,300,0.1,0.1,0.3,FALSE,0.642645688204708,5,0.159059038709154,0.857142857142857,0.474074074074074,30,256,284,5,0.520929176631773,-0.18451577267112
12,3,36,300,0.1,0.1,0.7,FALSE,0.642645688204708,6,0.0926499249001778,0.828571428571429,0.355555555555556,29,192,348,6,0.512566653892417,-0.11361335834106
12,3,36,300,0.1,0.1,0.9,FALSE,0.642645688204708,7,0.143458894474981,0.942857142857143,0.337037037037037,33,182,358,2,0.586882206548166,-0.0202277920551113
12,3,36,300,0.1,0.1,0.7,FALSE,0.642645688204708,8,0.143890505635154,0.916666666666667,0.366666666666667,33,198,342,3,0.472970112874701,-0.164386146620787
12,3,36,300,0.1,0.1,0.9,FALSE,0.642645688204708,9,0.113568989327808,0.857142857142857,0.37037037037037,30,200,340,5,0.648317509053054,0.0770503651675619
12,3,36,300,0.1,0.1,2.5,FALSE,0.642645688204708,10,0.0775107496626102,1,0.0925925925925926,34,50,490,0,0.512723602274482,-0.00126913639110358
12,3,36,300,0.25,0.03,0.3,FALSE,0.642645688204708,1,0.227481589627375,0.795454545454545,0.511111111111111,70,230,220,18,0.545896675894902,-0.0185956956054378
12,3,36,300,0.25,0.03,1.1,FALSE,0.642645688204708,2,0.136754531987984,0.885057471264368,0.275555555555556,77,124,326,10,0.324737368695579,-0.0126999520496489
12,3,36,300,0.25,0.03,2.3,FALSE,0.642645688204708,3,0.155944407661584,1,0.133333333333333,87,60,390,0,0.60649686471169,0.031935530491999
12,3,36,300,0.25,0.03,0.5,FALSE,0.642645688204708,4,0.194394042221238,0.71264367816092,0.551111111111111,62,248,202,25,0.820843815792751,-0.044464924741577
12,3,36,300,0.25,0.03,0.3,FALSE,0.642645688204708,5,0.189762923260709,0.724137931034483,0.533333333333333,63,240,210,24,0.670078850189319,-0.135259282453344
12,3,36,300,0.25,0.03,1.1,FALSE,0.642645688204708,6,0.0800535456800023,0.827586206896552,0.266666666666667,72,120,330,15,0.271688778881306,0.151044210738662
12,3,36,300,0.25,0.03,1.5,FALSE,0.642645688204708,7,0.16605903269877,0.908045977011494,0.288888888888889,79,130,320,8,0.695912249498602,0.139881151427642
12,3,36,300,0.25,0.03,0.1,FALSE,0.642645688204708,8,0.15981694405337,0.701149425287356,0.515555555555556,61,232,218,26,0.372518405330663,-0.119184628059977
12,3,36,300,0.25,0.03,0.1,FALSE,0.642645688204708,9,0.15750157221032,0.597701149425287,0.613333333333333,52,276,174,35,0.659543524869426,0.117654193848805
12,3,36,300,0.25,0.03,0.3,FALSE,0.642645688204708,10,0.174638618152629,0.715909090909091,0.52,63,234,216,25,0.456977489551379,-0.131957240036322
12,3,36,300,0.25,0.05,0.3,FALSE,0.642645688204708,1,0.1331253823256,0.681818181818182,0.497777777777778,60,224,226,28,0.436751490109056,0.0211597397981819
12,3,36,300,0.25,0.05,0.9,FALSE,0.642645688204708,2,0.172335433105698,0.873563218390805,0.342222222222222,76,154,296,11,0.414453806590502,-0.0518927913066916
12,3,36,300,0.25,0.05,0.3,FALSE,0.642645688204708,3,0.199333515736509,0.67816091954023,0.591111111111111,59,266,184,28,0.828492956553528,0.0476631999501921
12,3,36,300,0.25,0.05,0.7,FALSE,0.642645688204708,4,0.214679044166473,0.804597701149425,0.484444444444444,70,218,232,17,0.692791227294376,-0.144371366866434
12,3,36,300,0.25,0.05,0.9,FALSE,0.642645688204708,5,0.216700363825016,0.827586206896552,0.462222222222222,72,208,242,15,0.95125203445401,-0.142654316100362
12,3,36,300,0.25,0.05,1.5,FALSE,0.642645688204708,6,0.116476136468703,0.908045977011494,0.217777777777778,79,98,352,8,0.396245146389736,0.258697621899746
12,3,36,300,0.25,0.05,0.7,FALSE,0.642645688204708,7,0.168657946106607,0.804597701149425,0.417777777777778,70,188,262,17,0.556734322879808,-0.055817781356476
12,3,36,300,0.25,0.05,1.9,FALSE,0.642645688204708,8,0.149136422447883,0.96551724137931,0.182222222222222,84,82,368,3,0.513983289764229,0.0912148395808441
12,3,36,300,0.25,0.05,0.7,FALSE,0.642645688204708,9,0.21854373370417,0.793103448275862,0.502222222222222,69,226,224,18,0.777776893591507,0.0642828288744626
12,3,36,300,0.25,0.05,1.3,FALSE,0.642645688204708,10,0.147853499960342,0.920454545454545,0.244444444444444,81,110,340,7,0.432798954249033,-0.0139093772884428
12,3,36,300,0.25,0.1,1.5,FALSE,0.642645688204708,1,0.110383490138277,0.897727272727273,0.222222222222222,79,100,350,9,0.408832632579935,0.151212397418954
12,3,36,300,0.25,0.1,1.9,FALSE,0.642645688204708,2,0.13380814277569,0.977011494252874,0.142222222222222,85,64,386,2,0.370458577822815,-0.037173087454496
12,3,36,300,0.25,0.1,0.9,FALSE,0.642645688204708,3,0.204316690756121,0.850574712643678,0.417777777777778,74,188,262,13,0.779915440457509,-0.0159375624118846
12,3,36,300,0.25,0.1,0.1,FALSE,0.642645688204708,4,0.158994257081572,0.609195402298851,0.604444444444444,53,272,178,34,0.696403846855395,0.0356121731157925
12,3,36,300,0.25,0.1,1.7,FALSE,0.642645688204708,5,0.227546609660546,0.977011494252874,0.288888888888889,85,130,320,2,0.969163170653265,-0.0133190105480929
12,3,36,300,0.25,0.1,2.7,FALSE,0.642645688204708,6,0.114737386635262,0.988505747126437,0.0977777777777778,86,44,406,1,0.509418407814569,0.253111925646354
12,3,36,300,0.25,0.1,0.7,FALSE,0.642645688204708,7,0.19836842724278,0.839080459770115,0.422222222222222,73,190,260,14,0.59462315472257,-0.0507997874303619
12,3,36,300,0.25,0.1,1.7,FALSE,0.642645688204708,8,0.169942330905609,0.96551724137931,0.213333333333333,84,96,354,3,0.585190612807453,0.0623897227373413
12,3,36,300,0.25,0.1,0.5,FALSE,0.642645688204708,9,0.22051121488552,0.770114942528736,0.528888888888889,67,238,212,20,0.691452207990078,0.0327608953532066
12,3,36,300,0.25,0.1,0.5,FALSE,0.642645688204708,10,0.146473349933754,0.806818181818182,0.382222222222222,71,172,278,17,0.293032212254773,-0.127439595678311
12,3,36,500,0.05,0.03,0.7,FALSE,0.642645688204708,1,0.103978687086624,0.838709677419355,0.456842105263158,26,434,516,5,0.651157999701514,-0.164189202485028
12,3,36,500,0.05,0.03,1.9,FALSE,0.642645688204708,2,0.0595131815200025,0.967741935483871,0.153684210526316,30,146,804,1,0.471358130586001,0.0966985841900868
12,3,36,500,0.05,0.03,0.5,FALSE,0.642645688204708,3,0.123867485337105,0.896551724137931,0.467368421052632,26,444,506,3,0.533734186020235,-0.0651660306831087
12,3,36,500,0.05,0.03,1.5,FALSE,0.642645688204708,4,0.0792843283411109,0.966666666666667,0.223157894736842,29,212,738,1,0.431477407911781,0.0902258991588567
12,3,36,500,0.05,0.03,0.5,FALSE,0.642645688204708,5,0.12265521585231,0.903225806451613,0.44421052631579,28,422,528,3,0.592279105698885,-0.290490599438594
12,3,36,500,0.05,0.03,0.7,FALSE,0.642645688204708,6,0.102754052221222,0.862068965517241,0.437894736842105,25,416,534,4,0.678744426472819,-0.0374423947739165
12,3,36,500,0.05,0.03,1.5,FALSE,0.642645688204708,7,0.0984688329968293,1,0.248421052631579,29,236,714,0,0.60801411395325,-0.102330851385276
12,3,36,500,0.05,0.03,0.5,FALSE,0.642645688204708,8,0.04162807914301,0.8,0.311578947368421,24,296,654,6,0.0805079576294631,-0.11256341384302
12,3,36,500,0.05,0.03,1.9,FALSE,0.642645688204708,9,0.0435087194186922,0.928571428571429,0.168421052631579,26,160,790,2,0.539667977385612,0.204869781217143
12,3,36,500,0.05,0.03,0.7,FALSE,0.642645688204708,10,0.0782517563983691,0.758620689655172,0.471578947368421,22,448,502,7,0.679738918643663,0.349635039486551
12,3,36,500,0.05,0.05,0.9,FALSE,0.642645688204708,1,0.1209980389096,0.935483870967742,0.402105263157895,29,382,568,2,0.680634556695794,-0.113154987443909
12,3,36,500,0.05,0.05,1.7,FALSE,0.642645688204708,2,0.0734692579676881,0.967741935483871,0.197894736842105,30,188,762,1,0.496208778199051,-0.0816461381198052
12,3,36,500,0.05,0.05,1.7,FALSE,0.642645688204708,3,0.0789488789480231,1,0.174736842105263,29,166,784,0,0.411531601503274,-0.0455887119158212
12,3,36,500,0.05,0.05,0.1,FALSE,0.642645688204708,4,0.080758922040404,0.733333333333333,0.501052631578947,22,476,474,8,0.474979021843984,-0.0580905470324337
12,3,36,500,0.05,0.05,0.3,FALSE,0.642645688204708,5,0.117443163817719,0.838709677419355,0.496842105263158,26,472,478,5,0.523635011800634,-0.297502952939161
12,3,36,500,0.05,0.05,0.7,FALSE,0.642645688204708,6,0.069123622039974,0.827586206896552,0.368421052631579,24,350,600,5,0.459410427423569,-0.0208180876824671
12,3,36,500,0.05,0.05,0.1,FALSE,0.642645688204708,7,0.107735259504281,0.724137931034483,0.589473684210526,21,560,390,8,0.628699167454075,-0.173899166157867
12,3,36,500,0.05,0.05,2.3,FALSE,0.642645688204708,8,0.0356915305124125,1,0.04,30,38,912,0,0.0960817141250226,0.221166532314909
12,3,36,500,0.05,0.05,1.3,FALSE,0.642645688204708,9,0.0761612916014684,0.928571428571429,0.273684210526316,26,260,690,2,0.547716448353351,0.0181084652353908
12,3,36,500,0.05,0.05,0.9,FALSE,0.642645688204708,10,0.0955446551163845,0.862068965517241,0.414736842105263,25,394,556,4,0.721940384173034,0.132567758596215
12,3,36,500,0.05,0.1,0.5,FALSE,0.642645688204708,1,0.139322909594872,0.903225806451613,0.494736842105263,28,470,480,3,0.690674127033017,-0.17992200190367
12,3,36,500,0.05,0.1,0.7,FALSE,0.642645688204708,2,0.0659268514744263,0.838709677419355,0.338947368421053,26,322,628,5,0.35129272714983,0.140191485191686
12,3,36,500,0.05,0.1,0.3,FALSE,0.642645688204708,3,0.0672589170490888,0.758620689655172,0.437894736842105,22,416,534,7,0.373996660955803,-0.0689300500734978
12,3,36,500,0.05,0.1,0.1,FALSE,0.642645688204708,4,0.116662536461919,0.833333333333333,0.505263157894737,25,480,470,5,0.470775100743887,-0.441131475599321
12,3,36,500,0.05,0.1,1.3,FALSE,0.642645688204708,5,0.093704611581466,1,0.218947368421053,31,208,742,0,0.41770947585094,-0.374797135023949
12,3,36,500,0.05,0.1,2.1,FALSE,0.642645688204708,6,0.0737339571312049,1,0.155789473684211,29,148,802,0,0.55320832800493,0.171531069018457
12,3,36,500,0.05,0.1,1.3,FALSE,0.642645688204708,7,0.0738912663896793,0.96551724137931,0.210526315789474,28,200,750,1,0.280309219447888,-0.0311338259505719
12,3,36,500,0.05,0.1,0.1,FALSE,0.642645688204708,8,0.0233084372185209,0.633333333333333,0.433684210526316,19,412,538,11,0.118282230040926,0.129449701206575
12,3,36,500,0.05,0.1,0.3,FALSE,0.642645688204708,9,0.124389779668438,0.857142857142857,0.515789473684211,24,490,460,4,0.542184438536469,-0.369787493260135
12,3,36,500,0.05,0.1,0.1,FALSE,0.642645688204708,10,0.104811871660449,0.758620689655172,0.549473684210526,22,522,428,7,0.56846870756807,-0.209868025617204
12,3,36,500,0.1,0.03,0.1,FALSE,0.642645688204708,1,0.0706933591281137,0.689655172413793,0.457777777777778,40,412,488,18,0.23272368109504,-0.0929265189214918
12,3,36,500,0.1,0.03,1.1,FALSE,0.642645688204708,2,0.104295682815065,0.898305084745763,0.297777777777778,53,268,632,6,0.503995307962595,-0.0954208200737079
12,3,36,500,0.1,0.03,1.3,FALSE,0.642645688204708,3,0.113421925383266,0.932203389830508,0.275555555555556,55,248,652,4,0.545939024490234,0.032854711838989
12,3,36,500,0.1,0.03,0.3,FALSE,0.642645688204708,4,0.109704611194256,0.76271186440678,0.464444444444444,45,418,482,14,0.391265376781267,-0.0423360214803114
12,3,36,500,0.1,0.03,0.9,FALSE,0.642645688204708,5,0.111315866076182,0.813559322033898,0.413333333333333,48,372,528,11,0.698394632093936,0.242913213568759
12,3,36,500,0.1,0.03,0.7,FALSE,0.642645688204708,6,0.160099716364093,0.879310344827586,0.453333333333333,51,408,492,7,0.66834485779815,-0.192004958243437
12,3,36,500,0.1,0.03,0.5,FALSE,0.642645688204708,7,0.120230262539935,0.807017543859649,0.444444444444444,46,400,500,11,0.458148376873643,-0.0397533598711825
12,3,36,500,0.1,0.03,1.7,FALSE,0.642645688204708,8,0.0812159889849371,0.964912280701754,0.157777777777778,55,142,758,2,0.241838971231624,-0.0019334682889062
12,3,36,500,0.1,0.03,2.3,FALSE,0.642645688204708,9,0.0930886931996336,0.983050847457627,0.153333333333333,58,138,762,1,0.694731366629013,0.281737458180194
12,3,36,500,0.1,0.03,0.9,FALSE,0.642645688204708,10,0.11824988598872,0.913793103448276,0.313333333333333,53,282,618,5,0.393421491737914,-0.145411920556008
12,3,36,500,0.1,0.05,0.1,FALSE,0.642645688204708,1,0.0789777347721574,0.706896551724138,0.457777777777778,41,412,488,17,0.215914296631201,-0.0187806831085892
12,3,36,500,0.1,0.05,1.3,FALSE,0.642645688204708,2,0.0912667303304956,0.88135593220339,0.288888888888889,52,260,640,7,0.57384821319901,0.0349303644813591
12,3,36,500,0.1,0.05,1.7,FALSE,0.642645688204708,3,0.110068159178922,0.966101694915254,0.22,57,198,702,2,0.507965261161838,0.0362419941470971
12,3,36,500,0.1,0.05,0.9,FALSE,0.642645688204708,4,0.0830875828747909,0.864406779661017,0.291111111111111,51,262,638,8,0.356185385061984,-0.0424254209278258
12,3,36,500,0.1,0.05,1.5,FALSE,0.642645688204708,5,0.134930178905008,0.983050847457627,0.257777777777778,58,232,668,1,0.586407363576771,0.178381393278843
12,3,36,500,0.1,0.05,0.1,FALSE,0.642645688204708,6,0.164072875708095,0.775862068965517,0.566666666666667,45,510,390,13,0.65920804279192,-0.214426543268122
12,3,36,500,0.1,0.05,1.9,FALSE,0.642645688204708,7,0.103178844460091,0.982456140350877,0.182222222222222,56,164,736,1,0.5823385510073,0.0380667160174715
12,3,36,500,0.1,0.05,1.5,FALSE,0.642645688204708,8,0.10496739025899,0.982456140350877,0.186666666666667,56,168,732,1,0.235168328606233,-0.237500492627717
12,3,36,500,0.1,0.05,1.1,FALSE,0.642645688204708,9,0.0819060914406316,0.796610169491525,0.366666666666667,47,330,570,12,0.728398634953706,0.228335958018788
12,3,36,500,0.1,0.05,0.3,FALSE,0.642645688204708,10,0.118218125155704,0.758620689655172,0.488888888888889,44,440,460,14,0.470469350748317,-0.0988989446107747
12,3,36,500,0.1,0.1,0.5,FALSE,0.642645688204708,1,0.0529961271474296,0.758620689655172,0.346666666666667,44,312,588,14,0.242729476233934,0.023392201336235
12,3,36,500,0.1,0.1,0.1,FALSE,0.642645688204708,2,0.123172085117032,0.76271186440678,0.493333333333333,45,444,456,14,0.34112092239153,-0.280834012630438
12,3,36,500,0.1,0.1,0.5,FALSE,0.642645688204708,3,0.124272051228521,0.813559322033898,0.442222222222222,48,398,502,11,0.52496771798525,-0.168475609777517
12,3,36,500,0.1,0.1,1.3,FALSE,0.642645688204708,4,0.0658805805813362,0.915254237288136,0.191111111111111,54,172,728,5,0.276163938382833,-0.0491774664930823
12,3,36,500,0.1,0.1,1.3,FALSE,0.642645688204708,5,0.120130735658026,0.949152542372881,0.268888888888889,56,242,658,3,0.563453488578073,-0.062041714349814
12,3,36,500,0.1,0.1,0.9,FALSE,0.642645688204708,6,0.1191706961689,0.913793103448276,0.315555555555556,53,284,616,5,0.464483956508428,-0.252144424915792
12,3,36,500,0.1,0.1,0.5,FALSE,0.642645688204708,7,0.124729112634134,0.824561403508772,0.435555555555556,47,392,508,10,0.484107007790172,-0.167449468305593
12,3,36,500,0.1,0.1,1.1,FALSE,0.642645688204708,8,0.116383500343796,0.947368421052632,0.266666666666667,54,240,660,3,0.360785023214793,-0.259695746011741
12,3,36,500,0.1,0.1,0.3,FALSE,0.642645688204708,9,0.111434920134305,0.711864406779661,0.52,42,468,432,17,0.671244326942034,0.0295618566698326
12,3,36,500,0.1,0.1,0.9,FALSE,0.642645688204708,10,0.139963848927172,0.931034482758621,0.344444444444444,54,310,590,4,0.493069968272828,-0.0517368076526131
12,3,36,500,0.25,0.03,1.3,FALSE,0.642645688204708,1,0.147094307708029,0.863013698630137,0.317333333333333,126,238,512,20,0.599042914276314,0.0791587449959694
12,3,36,500,0.25,0.03,0.9,FALSE,0.642645688204708,2,0.233731868540739,0.889655172413793,0.416,129,312,438,16,0.769628219512973,-0.0586903300532033
12,3,36,500,0.25,0.03,2.1,FALSE,0.642645688204708,3,0.173492863430715,0.993103448275862,0.173333333333333,144,130,620,1,0.517614039391496,0.0360220685915066
12,3,36,500,0.25,0.03,0.9,FALSE,0.642645688204708,4,0.198799571501972,0.897260273972603,0.352,131,264,486,15,0.47219494979551,-0.0505315351895274
12,3,36,500,0.25,0.03,1.3,FALSE,0.642645688204708,5,0.143069205507992,0.89041095890411,0.277333333333333,130,208,542,16,0.49272559790125,0.0457269087016155
12,3,36,500,0.25,0.03,0.7,FALSE,0.642645688204708,6,0.125063922113359,0.719178082191781,0.448,105,336,414,41,0.607990720710089,0.0764203494118225
12,3,36,500,0.25,0.03,1.3,FALSE,0.642645688204708,7,0.198386655893101,0.89041095890411,0.36,130,270,480,16,0.778066473367513,0.0371864454501847
12,3,36,500,0.25,0.03,1.5,FALSE,0.642645688204708,8,0.118272443087934,0.910958904109589,0.216,133,162,588,13,0.41900466594487,0.261742071774209
12,3,36,500,0.25,0.03,0.7,FALSE,0.642645688204708,9,0.184700531786783,0.842465753424658,0.397333333333333,123,298,452,23,0.497595738918563,-0.117068685875471
12,3,36,500,0.25,0.03,1.5,FALSE,0.642645688204708,10,0.17768961704475,0.958904109589041,0.234666666666667,140,176,574,6,0.447512886691964,-0.104712592657968
12,3,36,500,0.25,0.05,0.3,FALSE,0.642645688204708,1,0.139331326388853,0.671232876712329,0.517333333333333,98,388,362,48,0.526334695065474,0.0266622616584095
12,3,36,500,0.25,0.05,0.3,FALSE,0.642645688204708,2,0.20246754824519,0.675862068965517,0.597333333333333,98,448,302,47,0.873794917497282,0.0335677583524452
12,3,36,500,0.25,0.05,1.9,FALSE,0.642645688204708,3,0.144975466120302,0.972413793103448,0.165333333333333,141,124,626,4,0.515828954858786,-0.0611995804660812
12,3,36,500,0.25,0.05,0.3,FALSE,0.642645688204708,4,0.124290045906006,0.684931506849315,0.482666666666667,100,362,388,46,0.442376674839006,0.0647133276774682
12,3,36,500,0.25,0.05,0.7,FALSE,0.642645688204708,5,0.144527298677444,0.767123287671233,0.424,112,318,432,34,0.614038449872962,0.037545825143599
12,3,36,500,0.25,0.05,2.3,FALSE,0.642645688204708,6,0.136464863027999,0.979452054794521,0.141333333333333,143,106,644,3,0.672544723460985,0.166739681368046
12,3,36,500,0.25,0.05,1.3,FALSE,0.642645688204708,7,0.235610623541554,0.931506849315068,0.365333333333333,136,274,476,10,0.813876006939323,-0.0561942675367543
12,3,36,500,0.25,0.05,1.5,FALSE,0.642645688204708,8,0.0893205286310466,0.863013698630137,0.237333333333333,126,178,572,20,0.46253541062312,0.227923120869413
12,3,36,500,0.25,0.05,1.3,FALSE,0.642645688204708,9,0.147644344942071,0.931506849315068,0.229333333333333,136,172,578,10,0.475071190785016,-0.0409125476160121
12,3,36,500,0.25,0.05,1.7,FALSE,0.642645688204708,10,0.171053114870803,0.952054794520548,0.234666666666667,139,176,574,7,0.528529596537177,-0.145202927316239
12,3,36,500,0.25,0.1,0.9,FALSE,0.642645688204708,1,0.135779223108266,0.856164383561644,0.309333333333333,125,232,518,21,0.373208840201901,-0.0127002736513697
12,3,36,500,0.25,0.1,0.5,FALSE,0.642645688204708,2,0.280358616653117,0.841379310344828,0.538666666666667,122,404,346,23,0.853866442801873,-0.158557455300099
12,3,36,500,0.25,0.1,0.3,FALSE,0.642645688204708,3,0.0870755880850287,0.668965517241379,0.448,97,336,414,48,0.415794988672905,-0.0109965361106923
12,3,36,500,0.25,0.1,0.1,FALSE,0.642645688204708,4,0.177061732806601,0.684931506849315,0.554666666666667,100,416,334,46,0.479269948928009,-0.0411345847092487
12,3,36,500,0.25,0.1,1.5,FALSE,0.642645688204708,5,0.121891165383024,0.924657534246575,0.202666666666667,135,152,598,11,0.424890153818956,-0.0307078369245447
12,3,36,500,0.25,0.1,0.5,FALSE,0.642645688204708,6,0.171429171780224,0.787671232876712,0.44,115,330,420,31,0.541616839916335,0.025474067234307
12,3,36,500,0.25,0.1,1.5,FALSE,0.642645688204708,7,0.20957265512898,0.958904109589041,0.285333333333333,140,214,536,6,0.648481405161833,-0.0924284347389057
12,3,36,500,0.25,0.1,1.3,FALSE,0.642645688204708,8,0.144947078899028,0.910958904109589,0.253333333333333,133,190,560,13,0.457283453853688,0.00677153896328361
12,3,36,500,0.25,0.1,1.1,FALSE,0.642645688204708,9,0.14792292059,0.904109589041096,0.266666666666667,132,200,550,14,0.339090752416173,-0.0815943859301859
12,3,36,500,0.25,0.1,2.7,FALSE,0.642645688204708,10,0.130550604102771,0.993150684931507,0.109333333333333,145,82,668,1,0.53472602438021,0.0652821777155347
12,6,72,100,0.05,0.03,0.1,FALSE,0.642645688204708,1,0.315793768024821,0.833333333333333,0.852631578947368,5,162,28,1,1.91651650039707,-0.321204523593115
12,6,72,100,0.05,0.03,0.5,FALSE,0.642645688204708,2,0.142163730662182,0.6,0.778947368421053,3,148,42,2,2.26405840851251,0.566037726919143
12,6,72,100,0.05,0.03,0.1,FALSE,0.642645688204708,3,0.358653970942588,0.833333333333333,0.884210526315789,5,168,22,1,2.37490679197264,-0.312237413515204
12,6,72,100,0.05,0.03,0.1,FALSE,0.642645688204708,4,0.279766740748756,0.666666666666667,0.884210526315789,4,168,22,2,2.21420775584574,0.0698234051033166
12,6,72,100,0.05,0.03,0.1,FALSE,0.642645688204708,5,0.376549071898726,0.857142857142857,0.873684210526316,6,166,24,1,2.35992266120458,-0.235634501634035
12,6,72,100,0.05,0.03,1.9,FALSE,0.642645688204708,6,0.180742569938633,1,0.568421052631579,5,108,82,0,2.31029268154765,0.928144621321141
12,6,72,100,0.05,0.03,1.1,FALSE,0.642645688204708,7,0.149853729853071,0.666666666666667,0.726315789473684,4,138,52,2,1.98272022131138,1.11437293872326
12,6,72,100,0.05,0.03,2.7,FALSE,0.642645688204708,8,0.113386810975413,1,0.336842105263158,5,64,126,0,1.78868273603732,1.17765955238115
12,6,72,100,0.05,0.03,0.9,FALSE,0.642645688204708,9,0.206222296155195,0.833333333333333,0.715789473684211,5,136,54,1,1.8473077122186,0.481174803869106
12,6,72,100,0.05,0.03,1.9,FALSE,0.642645688204708,10,0.163744660381267,1,0.473684210526316,6,90,100,0,1.90219347733012,0.899377208671379
12,6,72,100,0.05,0.05,0.5,FALSE,0.642645688204708,1,0.272700451384066,0.833333333333333,0.810526315789474,5,154,36,1,2.13092897252776,0.182761792810338
12,6,72,100,0.05,0.05,0.1,FALSE,0.642645688204708,2,0.187937473571295,0.4,0.926315789473684,2,176,14,3,2.33402735506086,1.01972098007305
12,6,72,100,0.05,0.05,0.7,FALSE,0.642645688204708,3,0.282360714435342,0.833333333333333,0.821052631578947,5,156,34,1,2.43344007960285,0.342525817616965
12,6,72,100,0.05,0.05,0.1,FALSE,0.642645688204708,4,0.31211109368285,0.666666666666667,0.905263157894737,4,172,18,2,2.30559692228395,0.283395441958373
12,6,72,100,0.05,0.05,1.7,FALSE,0.642645688204708,5,0.220329053102097,1,0.589473684210526,7,112,78,0,2.28594682323245,0.585090285552551
12,6,72,100,0.05,0.05,1.3,FALSE,0.642645688204708,6,0.136152761737013,0.6,0.768421052631579,3,146,44,2,2.42380120970976,1.52334507691336
12,6,72,100,0.05,0.05,1.7,FALSE,0.642645688204708,7,0.179076088504,0.833333333333333,0.663157894736842,5,126,64,1,2.38171075100681,1.51159735877775
12,6,72,100,0.05,0.05,1.9,FALSE,0.642645688204708,8,0.0502062694273982,0.6,0.557894736842105,3,106,84,2,2.06229641281831,2.22828086305933
12,6,72,100,0.05,0.05,0.5,FALSE,0.642645688204708,9,0.247036390867339,0.833333333333333,0.778947368421053,5,148,42,1,1.93561648593342,0.224460717368536
12,6,72,100,0.05,0.05,1.9,FALSE,0.642645688204708,10,0.139296491240789,0.833333333333333,0.568421052631579,5,108,82,1,2.0986125605362,1.41194575611395
12,6,72,100,0.05,0.1,0.5,FALSE,0.642645688204708,1,0.358653970942588,0.833333333333333,0.884210526315789,5,168,22,1,2.21290430889824,0.264477619448355
12,6,72,100,0.05,0.1,1.1,FALSE,0.642645688204708,2,0.21677749238103,0.6,0.873684210526316,3,166,24,2,2.46159118174979,2.32654351752832
12,6,72,100,0.05,0.1,0.9,FALSE,0.642645688204708,3,0.292696383069957,0.833333333333333,0.831578947368421,5,158,32,1,2.73888659587096,0.310327111802587
12,6,72,100,0.05,0.1,0.1,FALSE,0.642645688204708,4,0.211287166284857,0.5,0.894736842105263,3,170,20,3,2.52134397098332,0.615609268920429
12,6,72,100,0.05,0.1,1.3,FALSE,0.642645688204708,5,0.312105121424812,0.857142857142857,0.821052631578947,6,156,34,1,2.56852221967327,0.809306036776601
12,6,72,100,0.05,0.1,2.9,FALSE,0.642645688204708,6,0.118702754686493,1,0.357894736842105,5,68,122,0,2.34783345231683,1.79784690917676
12,6,72,100,0.05,0.1,1.9,FALSE,0.642645688204708,7,0.147406401622067,0.833333333333333,0.589473684210526,5,112,78,1,2.27792741958475,1.43974129008204
12,6,72,100,0.05,0.1,1.1,FALSE,0.642645688204708,8,0.0182010070440766,0.2,0.842105263157895,1,160,30,4,2.23937763231529,2.73213355620186
12,6,72,100,0.05,0.1,2.3,FALSE,0.642645688204708,9,0.153896752812773,1,0.442105263157895,6,84,106,0,2.18689030074822,1.20127160629391
12,6,72,100,0.05,0.1,0.7,FALSE,0.642645688204708,10,0.186780674353964,0.5,0.873684210526316,3,166,24,3,2.34502487738523,1.37550075817442
12,6,72,100,0.1,0.03,1.9,FALSE,0.642645688204708,1,0.237508434398142,1,0.488888888888889,12,88,92,0,1.84709893106526,0.544265687209256
12,6,72,100,0.1,0.03,2.5,FALSE,0.642645688204708,2,0.237508434398142,1,0.488888888888889,12,88,92,0,2.39872942339545,0.855725852566238
12,6,72,100,0.1,0.03,0.3,FALSE,0.642645688204708,3,0.327154478573175,0.727272727272727,0.833333333333333,8,150,30,3,2.14008412150733,0.552295156987176
12,6,72,100,0.1,0.03,0.1,FALSE,0.642645688204708,4,0.281595642209179,0.583333333333333,0.855555555555556,7,154,26,5,1.65631626718217,0.934357391391769
12,6,72,100,0.1,0.03,1.1,FALSE,0.642645688204708,5,0.318989633005388,1,0.644444444444444,12,116,64,0,2.07035380782157,-0.247922195982176
12,6,72,100,0.1,0.03,1.1,FALSE,0.642645688204708,6,0.374790239573288,0.923076923076923,0.755555555555556,12,136,44,1,2.06755773211102,0.185854756584974
12,6,72,100,0.1,0.03,0.3,FALSE,0.642645688204708,7,0.358883168729224,0.615384615384615,0.888888888888889,8,160,20,5,1.99090808837635,0.65125161436428
12,6,72,100,0.1,0.03,1.1,FALSE,0.642645688204708,8,0.307697694415248,0.833333333333333,0.744444444444444,10,134,46,2,2.63912475501731,0.588691484324601
12,6,72,100,0.1,0.03,0.5,FALSE,0.642645688204708,9,0.309838688107508,0.615384615384615,0.855555555555556,8,154,26,5,2.64525083143689,0.504330149120244
12,6,72,100,0.1,0.03,0.7,FALSE,0.642645688204708,10,0.29827811858844,0.923076923076923,0.655555555555556,12,118,62,1,1.72160330392833,-0.130854064789023
12,6,72,100,0.1,0.05,2.1,FALSE,0.642645688204708,1,0.196862780548523,0.916666666666667,0.488888888888889,11,88,92,1,2.09845488600425,0.967847377584231
12,6,72,100,0.1,0.05,1.7,FALSE,0.642645688204708,2,0.392457626382451,1,0.744444444444444,12,134,46,0,2.59963207320148,0.336596092178989
12,6,72,100,0.1,0.05,0.1,FALSE,0.642645688204708,3,0.35584866307777,0.545454545454545,0.922222222222222,6,166,14,5,2.28428124373359,0.189310977959738
12,6,72,100,0.1,0.05,0.7,FALSE,0.642645688204708,4,0.325797976229485,0.75,0.811111111111111,9,146,34,3,1.9814323171708,0.622204138662941
12,6,72,100,0.1,0.05,0.3,FALSE,0.642645688204708,5,0.346410161513775,0.666666666666667,0.866666666666667,8,156,24,4,2.28267635536592,0.135154581374988
12,6,72,100,0.1,0.05,1.3,FALSE,0.642645688204708,6,0.293012506869022,0.769230769230769,0.755555555555556,10,136,44,3,2.18730487068428,0.900968339835638
12,6,72,100,0.1,0.05,0.1,FALSE,0.642645688204708,7,0.444457134918221,0.461538461538462,0.966666666666667,6,174,6,7,2.35357025755005,0.707932601860257
12,6,72,100,0.1,0.05,1.7,FALSE,0.642645688204708,8,0.271640976061743,0.916666666666667,0.633333333333333,11,114,66,1,2.75763434849691,0.943365907454121
12,6,72,100,0.1,0.05,0.5,FALSE,0.642645688204708,9,0.243642781899774,0.307692307692308,0.944444444444444,4,170,10,9,2.83407899677508,1.26126982359413
12,6,72,100,0.1,0.05,0.5,FALSE,0.642645688204708,10,0.303219763327619,0.692307692307692,0.811111111111111,9,146,34,4,2.16035028332841,0.193870400399612
12,6,72,100,0.1,0.1,0.7,FALSE,0.642645688204708,1,0.268201527676453,0.583333333333333,0.844444444444444,7,152,28,5,2.30564192810962,1.09606488941324
12,6,72,100,0.1,0.1,0.3,FALSE,0.642645688204708,2,0.358617089490132,0.416666666666667,0.955555555555556,5,172,8,7,2.70014171389116,1.02617809082799
12,6,72,100,0.1,0.1,1.3,FALSE,0.642645688204708,3,0.253900507453175,0.636363636363636,0.811111111111111,7,146,34,4,2.43523071760226,0.901690536466156
12,6,72,100,0.1,0.1,0.1,FALSE,0.642645688204708,4,0.363092284591844,0.25,0.988888888888889,3,178,2,9,2.40971292081749,1.76575233539687
12,6,72,100,0.1,0.1,2.1,FALSE,0.642645688204708,5,0.280691786106895,1,0.577777777777778,12,104,76,0,2.55760362399407,0.757298119877412
12,6,72,100,0.1,0.1,1.7,FALSE,0.642645688204708,6,0.35545271952866,0.923076923076923,0.733333333333333,12,132,48,1,2.40587663600579,0.789054412505605
12,6,72,100,0.1,0.1,0.3,FALSE,0.642645688204708,7,0.496774895981168,0.461538461538462,0.977777777777778,6,176,4,7,2.58033106787837,0.882330329876989
12,6,72,100,0.1,0.1,1.1,FALSE,0.642645688204708,8,0.38385402869309,0.833333333333333,0.822222222222222,10,148,32,2,3.05602126957855,0.929369984604317
12,6,72,100,0.1,0.1,0.1,FALSE,0.642645688204708,9,0.279580193534337,0.230769230769231,0.977777777777778,3,176,4,10,2.78226555948886,1.64523269814654
12,6,72,100,0.1,0.1,1.7,FALSE,0.642645688204708,10,0.315263255448281,0.846153846153846,0.733333333333333,11,132,48,2,2.36486019335108,0.795685343733297
12,6,72,100,0.25,0.03,1.3,FALSE,0.642645688204708,1,0.406154794727805,0.793103448275862,0.733333333333333,23,110,40,6,2.15140622950826,0.527469406521628
12,6,72,100,0.25,0.03,0.5,FALSE,0.642645688204708,2,0.349073586921743,0.535714285714286,0.853333333333333,15,128,22,13,2.33081901926373,0.643557688854058
12,6,72,100,0.25,0.03,0.1,FALSE,0.642645688204708,3,0.290475472447226,0.392857142857143,0.893333333333333,11,134,16,17,2.01818369458386,0.891173583934667
12,6,72,100,0.25,0.03,1.5,FALSE,0.642645688204708,4,0.138578208288457,0.586206896551724,0.6,17,90,60,12,1.90087900281391,1.46177741956993
12,6,72,100,0.25,0.03,0.1,FALSE,0.642645688204708,5,0.33466401061363,0.533333333333333,0.84,16,126,24,14,1.99517708978807,0.616940964602194
12,6,72,100,0.25,0.03,0.7,FALSE,0.642645688204708,6,0.227184264190224,0.482758620689655,0.786666666666667,14,118,32,15,1.67650632200673,1.24179344892344
12,6,72,100,0.25,0.03,0.5,FALSE,0.642645688204708,7,0.305607365861763,0.620689655172414,0.76,18,114,36,11,1.90060210532284,0.631741306878612
12,6,72,100,0.25,0.03,1.5,FALSE,0.642645688204708,8,0.33157435247396,0.655172413793103,0.76,19,114,36,10,2.48478810141918,1.08648782734136
12,6,72,100,0.25,0.03,1.1,FALSE,0.642645688204708,9,0.26592212297093,0.620689655172414,0.72,18,108,42,11,2.0265274351245,0.901585509209987
12,6,72,100,0.25,0.03,1.9,FALSE,0.642645688204708,10,0.334037159160959,0.96551724137931,0.48,28,72,78,1,1.71626286533134,0.588151219277107
12,6,72,100,0.25,0.05,1.1,FALSE,0.642645688204708,1,0.400560536377474,0.620689655172414,0.84,18,126,24,11,2.47211785623794,0.940163561362533
12,6,72,100,0.25,0.05,1.7,FALSE,0.642645688204708,2,0.384674369013852,0.821428571428571,0.693333333333333,23,104,46,5,2.41561992169726,0.856001112231097
12,6,72,100,0.25,0.05,0.5,FALSE,0.642645688204708,3,0.352576331193926,0.464285714285714,0.893333333333333,13,134,16,15,2.3577479950866,1.04618931662962
12,6,72,100,0.25,0.05,1.3,FALSE,0.642645688204708,4,0.227184264190224,0.482758620689655,0.786666666666667,14,118,32,15,2.13045297533737,1.54084789911064
12,6,72,100,0.25,0.05,0.5,FALSE,0.642645688204708,5,0.372749658205487,0.666666666666667,0.786666666666667,20,118,32,10,2.00435494939145,0.584006987537633
12,6,72,100,0.25,0.05,1.3,FALSE,0.642645688204708,6,0.252994761485211,0.551724137931034,0.76,16,114,36,13,2.08516829429937,1.24441748407392
12,6,72,100,0.25,0.05,0.7,FALSE,0.642645688204708,7,0.187421041514067,0.379310344827586,0.826666666666667,11,124,26,18,2.11868703867997,1.61623086194768
12,6,72,100,0.25,0.05,2.3,FALSE,0.642645688204708,8,0.37255848588343,0.862068965517241,0.64,25,96,54,4,2.77005813910756,1.24603432963929
12,6,72,100,0.25,0.05,0.1,FALSE,0.642645688204708,9,0.289153252588109,0.206896551724138,0.973333333333333,6,146,4,23,2.37118677843006,1.25652389520971
12,6,72,100,0.25,0.05,1.7,FALSE,0.642645688204708,10,0.295487980505961,0.827586206896552,0.573333333333333,24,86,64,5,1.99174187902154,0.975375090398363
12,6,72,100,0.25,0.1,0.7,FALSE,0.642645688204708,1,0.389937327242794,0.379310344827586,0.946666666666667,11,142,8,18,2.66200096183375,1.29532538611795
12,6,72,100,0.25,0.1,2.9,FALSE,0.642645688204708,2,0.251090107045321,0.928571428571429,0.4,26,60,90,2,2.48641746034581,1.42207262545594
12,6,72,100,0.25,0.1,2.5,FALSE,0.642645688204708,3,0.261597480589618,0.785714285714286,0.573333333333333,22,86,64,6,2.70753589692428,1.69481713508062
12,6,72,100,0.25,0.1,1.1,FALSE,0.642645688204708,4,0.348841956718319,0.482758620689655,0.88,14,132,18,15,2.37076703448298,1.78682299579707
12,6,72,100,0.25,0.1,1.5,FALSE,0.642645688204708,5,0.249439391346278,0.733333333333333,0.6,22,90,60,8,2.17713324884794,0.886468175808355
12,6,72,100,0.25,0.1,1.1,FALSE,0.642645688204708,6,0.185888871672181,0.413793103448276,0.8,12,120,30,17,2.13942395190827,1.66826745558203
12,6,72,100,0.25,0.1,0.7,FALSE,0.642645688204708,7,0.249047815974056,0.344827586206897,0.893333333333333,10,134,16,19,2.28383910131857,1.63898674900568
12,6,72,100,0.25,0.1,2.9,FALSE,0.642645688204708,8,0.316345499052524,0.931034482758621,0.493333333333333,27,74,76,2,2.92135167603676,1.53085892866113
12,6,72,100,0.25,0.1,1.7,FALSE,0.642645688204708,9,0.201684525114255,0.551724137931034,0.706666666666667,16,106,44,13,2.41777626829134,1.61949672295467
12,6,72,100,0.25,0.1,0.1,FALSE,0.642645688204708,10,0.29149052671182,0.310344827586207,0.933333333333333,9,140,10,20,2.28869178027466,1.19099742225766
12,6,72,300,0.05,0.03,0.5,FALSE,0.642645688204708,1,0.232960570426505,0.888888888888889,0.726315789473684,16,414,156,2,1.9623703156307,-0.221788638046271
12,6,72,300,0.05,0.03,0.3,FALSE,0.642645688204708,2,0.282360714435342,0.833333333333333,0.821052631578947,15,468,102,3,2.1855616740874,-0.164764770285546
12,6,72,300,0.05,0.03,1.5,FALSE,0.642645688204708,3,0.162236756142484,0.944444444444444,0.526315789473684,17,300,270,1,1.99551616727085,0.189522889032749
12,6,72,300,0.05,0.03,2.3,FALSE,0.642645688204708,4,0.138399579066425,1,0.389473684210526,18,222,348,0,1.84532302500508,0.29802895270333
12,6,72,300,0.05,0.03,0.1,FALSE,0.642645688204708,5,0.185434529989106,0.555555555555556,0.845614035087719,10,482,88,8,2.38426865564609,0.108379878621558
12,6,72,300,0.05,0.03,1.1,FALSE,0.642645688204708,6,0.178232091029573,0.888888888888889,0.617543859649123,16,352,218,2,1.98468770278502,0.114951474958239
12,6,72,300,0.05,0.03,0.3,FALSE,0.642645688204708,7,0.156040351780963,0.647058823529412,0.757894736842105,11,432,138,6,1.84861342346634,0.105415943730448
12,6,72,300,0.05,0.03,0.7,FALSE,0.642645688204708,8,0.290914777454437,0.764705882352941,0.863157894736842,13,492,78,4,3.08795845327799,-0.037028914577891
12,6,72,300,0.05,0.03,0.3,FALSE,0.642645688204708,9,0.19080761402171,0.666666666666667,0.792982456140351,12,452,118,6,2.14245767045486,0.142580569213393
12,6,72,300,0.05,0.03,1.1,FALSE,0.642645688204708,10,0.224204033390027,0.941176470588235,0.687719298245614,16,392,178,1,2.06597058203496,0.0298273748218883
12,6,72,300,0.05,0.05,1.3,FALSE,0.642645688204708,1,0.190237946242268,0.944444444444444,0.6,17,342,228,1,2.10997037356477,0.194873710644023
12,6,72,300,0.05,0.05,1.1,FALSE,0.642645688204708,2,0.245650013494311,1,0.67719298245614,18,386,184,0,2.16440634626748,-0.171386069770317
12,6,72,300,0.05,0.05,0.9,FALSE,0.642645688204708,3,0.178152461919819,0.777777777777778,0.701754385964912,14,400,170,4,2.09570908623647,0.27300257037029
12,6,72,300,0.05,0.05,0.7,FALSE,0.642645688204708,4,0.11345950162825,0.611111111111111,0.694736842105263,11,396,174,7,1.95652500543235,0.411489791297084
12,6,72,300,0.05,0.05,0.1,FALSE,0.642645688204708,5,0.265781554817713,0.777777777777778,0.828070175438597,14,472,98,4,2.51830545662583,-0.282988435886944
12,6,72,300,0.05,0.05,0.3,FALSE,0.642645688204708,6,0.203201926610267,0.722222222222222,0.778947368421053,13,444,126,5,2.13776887138576,0.0516636049966266
12,6,72,300,0.05,0.05,0.3,FALSE,0.642645688204708,7,0.202725207283219,0.764705882352941,0.76140350877193,13,434,136,4,1.81349487891104,0.0128902896823001
12,6,72,300,0.05,0.05,0.1,FALSE,0.642645688204708,8,0.343464959335662,0.647058823529412,0.929824561403509,11,530,40,6,3.1564694337022,-0.198311481107187
12,6,72,300,0.05,0.05,1.1,FALSE,0.642645688204708,9,0.200393736779929,0.833333333333333,0.705263157894737,15,402,168,3,2.26032870517149,0.287335974243682
12,6,72,300,0.05,0.05,1.1,FALSE,0.642645688204708,10,0.22057680562669,0.941176470588235,0.680701754385965,16,388,182,1,2.08274954456193,0.129596093155075
12,6,72,300,0.05,0.1,0.3,FALSE,0.642645688204708,1,0.305355905896572,0.888888888888889,0.821052631578947,16,468,102,2,1.99463416075295,-0.308859661816683
12,6,72,300,0.05,0.1,1.7,FALSE,0.642645688204708,2,0.17369977356338,0.944444444444444,0.557894736842105,17,318,252,1,2.08234920422918,0.124515438488271
12,6,72,300,0.05,0.1,0.9,FALSE,0.642645688204708,3,0.205836347415038,0.888888888888889,0.67719298245614,16,386,184,2,1.91711756900877,0.0438960180135324
12,6,72,300,0.05,0.1,0.1,FALSE,0.642645688204708,4,0.159990668978479,0.555555555555556,0.814035087719298,10,464,106,8,1.93849376955665,0.39183779357599
12,6,72,300,0.05,0.1,0.9,FALSE,0.642645688204708,5,0.226723313078714,0.888888888888889,0.715789473684211,16,408,162,2,2.2888251882337,0.125874139063832
12,6,72,300,0.05,0.1,0.1,FALSE,0.642645688204708,6,0.228114011571487,0.666666666666667,0.83859649122807,12,478,92,6,2.00602774551759,0.217587663614846
12,6,72,300,0.05,0.1,0.1,FALSE,0.642645688204708,7,0.207299081353049,0.764705882352941,0.768421052631579,13,438,132,4,1.85841896567246,-0.0224462076828696
12,6,72,300,0.05,0.1,0.1,FALSE,0.642645688204708,8,0.318396127899763,0.705882352941177,0.901754385964912,12,514,56,5,2.83628819961554,-0.199708950177318
12,6,72,300,0.05,0.1,0.3,FALSE,0.642645688204708,9,0.363175327102951,0.888888888888889,0.870175438596491,16,496,74,2,2.2990194785215,-0.534549691842153
12,6,72,300,0.05,0.1,1.5,FALSE,0.642645688204708,10,0.189062933155454,1,0.56140350877193,17,320,250,0,1.99493999261991,0.00830526767302437
12,6,72,300,0.1,0.03,0.3,FALSE,0.642645688204708,1,0.245049106191318,0.75,0.718518518518519,27,388,152,9,1.79193101571902,0.097050465157508
12,6,72,300,0.1,0.03,0.7,FALSE,0.642645688204708,2,0.321076565429398,0.888888888888889,0.725925925925926,32,392,148,4,2.22832973741199,-0.136954572301462
12,6,72,300,0.1,0.03,0.5,FALSE,0.642645688204708,3,0.265693713776818,0.685714285714286,0.788888888888889,24,426,114,11,2.20148029399449,0.151571612319799
12,6,72,300,0.1,0.03,0.5,FALSE,0.642645688204708,4,0.363216711345208,0.794117647058823,0.82962962962963,27,448,92,7,2.55158628410501,0.0636773439831778
12,6,72,300,0.1,0.03,2.3,FALSE,0.642645688204708,5,0.215865562939998,0.971428571428571,0.477777777777778,34,258,282,1,2.23047558898954,0.320869496254998
12,6,72,300,0.1,0.03,0.7,FALSE,0.642645688204708,6,0.32292698941034,0.8,0.785185185185185,28,424,116,7,2.35562641167523,-0.00657631707705251
12,6,72,300,0.1,0.03,0.5,FALSE,0.642645688204708,7,0.399859866139575,0.878787878787879,0.825925925925926,29,446,94,4,2.59806597401975,0.111338167193078
12,6,72,300,0.1,0.03,0.9,FALSE,0.642645688204708,8,0.388261482483253,0.833333333333333,0.825925925925926,30,446,94,6,3.11439133619323,0.450103115566618
12,6,72,300,0.1,0.03,0.7,FALSE,0.642645688204708,9,0.230992492865971,0.833333333333333,0.633333333333333,30,342,198,6,1.56382575334502,-0.00247838430741132
12,6,72,300,0.1,0.03,0.9,FALSE,0.642645688204708,10,0.313885259471272,0.833333333333333,0.751851851851852,30,406,134,6,2.60180781027513,0.163058811983624
12,6,72,300,0.1,0.05,1.5,FALSE,0.642645688204708,1,0.206245265173313,0.888888888888889,0.537037037037037,32,290,250,4,1.89654829245153,0.401971864243946
12,6,72,300,0.1,0.05,0.3,FALSE,0.642645688204708,2,0.318263445422017,0.777777777777778,0.788888888888889,28,426,114,8,2.3533202975339,-0.0114963598858654
12,6,72,300,0.1,0.05,0.1,FALSE,0.642645688204708,3,0.285714285714286,0.571428571428571,0.866666666666667,20,468,72,15,2.32236804093668,0.340217418199574
12,6,72,300,0.1,0.05,0.7,FALSE,0.642645688204708,4,0.31773970276652,0.823529411764706,0.77037037037037,28,416,124,6,2.53245625669804,-0.0417859408404514
12,6,72,300,0.1,0.05,0.1,FALSE,0.642645688204708,5,0.242124533347335,0.571428571428571,0.82962962962963,20,448,92,15,2.22635084619631,-0.0294157241251076
12,6,72,300,0.1,0.05,0.1,FALSE,0.642645688204708,6,0.299361188577138,0.657142857142857,0.837037037037037,23,452,88,12,2.38868457830163,0.088479891656904
12,6,72,300,0.1,0.05,0.1,FALSE,0.642645688204708,7,0.335521916857438,0.666666666666667,0.866666666666667,22,468,72,11,2.62051247748459,0.0374599237893396
12,6,72,300,0.1,0.05,1.5,FALSE,0.642645688204708,8,0.348122898966158,0.861111111111111,0.774074074074074,31,418,122,5,3.25931328375506,0.428124759586571
12,6,72,300,0.1,0.05,0.9,FALSE,0.642645688204708,9,0.260324872912443,0.888888888888889,0.637037037037037,32,344,196,4,1.73107615459012,0.0581687795579423
12,6,72,300,0.1,0.05,0.1,FALSE,0.642645688204708,10,0.362962962962963,0.666666666666667,0.877777777777778,24,474,66,12,2.57604916064551,0.137172110262494
12,6,72,300,0.1,0.1,0.3,FALSE,0.642645688204708,1,0.181462742860274,0.611111111111111,0.72962962962963,22,394,146,14,1.84072532864274,0.445434408729721
12,6,72,300,0.1,0.1,1.5,FALSE,0.642645688204708,2,0.256592387030045,0.916666666666667,0.607407407407407,33,328,212,3,2.16902465249425,0.310250213772281
12,6,72,300,0.1,0.1,1.5,FALSE,0.642645688204708,3,0.219542031788064,0.828571428571429,0.622222222222222,29,336,204,6,2.20398861300584,0.423839287539039
12,6,72,300,0.1,0.1,0.7,FALSE,0.642645688204708,4,0.291089489752019,0.705882352941177,0.807407407407407,24,436,104,10,2.41409491238647,0.311852503322177
12,6,72,300,0.1,0.1,0.1,FALSE,0.642645688204708,5,0.282905501857285,0.657142857142857,0.822222222222222,23,444,96,12,2.1613575115298,0.061142476651686
12,6,72,300,0.1,0.1,1.3,FALSE,0.642645688204708,6,0.288176475758317,0.971428571428571,0.622222222222222,34,336,204,1,2.21684943277771,0.0392133871947252
12,6,72,300,0.1,0.1,0.5,FALSE,0.642645688204708,7,0.298181274795093,0.696969696969697,0.822222222222222,23,444,96,10,2.4746643484607,0.505732741785111
12,6,72,300,0.1,0.1,0.9,FALSE,0.642645688204708,8,0.315312750073557,0.694444444444444,0.82962962962963,25,448,92,11,2.77167662070158,0.47853035804158
12,6,72,300,0.1,0.1,0.1,FALSE,0.642645688204708,9,0.231765173872951,0.555555555555556,0.825925925925926,20,446,94,16,1.80259462978938,0.262334091121425
12,6,72,300,0.1,0.1,0.9,FALSE,0.642645688204708,10,0.310769254641958,0.833333333333333,0.748148148148148,30,404,136,6,2.28170724128718,0.184271002448173
12,6,72,300,0.25,0.03,0.3,FALSE,0.642645688204708,1,0.412073307983817,0.685393258426966,0.808888888888889,61,364,86,28,2.18567062254607,0.156531094829404
12,6,72,300,0.25,0.03,0.9,FALSE,0.642645688204708,2,0.553932963583874,0.850574712643678,0.826666666666667,74,372,78,13,2.89798082602306,0.135333927116308
12,6,72,300,0.25,0.03,1.1,FALSE,0.642645688204708,3,0.397660346508216,0.839080459770115,0.688888888888889,73,310,140,14,2.24151817066072,0.186714024139904
12,6,72,300,0.25,0.03,1.3,FALSE,0.642645688204708,4,0.3372713076097,0.876404494382023,0.577777777777778,78,260,190,11,1.72591371234632,0.0669003556493591
12,6,72,300,0.25,0.03,0.1,FALSE,0.642645688204708,5,0.383070956382783,0.67816091954023,0.791111111111111,59,356,94,28,2.07386884562718,-0.0424380409032685
12,6,72,300,0.25,0.03,1.1,FALSE,0.642645688204708,6,0.326070253440332,0.827586206896552,0.613333333333333,72,276,174,15,1.85343555974549,0.307303998188736
12,6,72,300,0.25,0.03,0.9,FALSE,0.642645688204708,7,0.448010337738465,0.919540229885057,0.68,80,306,144,7,2.1161807626864,0.0814861055921415
12,6,72,300,0.25,0.03,0.9,FALSE,0.642645688204708,8,0.584614820109976,0.885057471264368,0.831111111111111,77,374,76,10,2.96550525434034,-0.0288900945185247
12,6,72,300,0.25,0.03,0.1,FALSE,0.642645688204708,9,0.43583222224811,0.666666666666667,0.84,58,378,72,29,2.37759553925543,-0.0145769021353184
12,6,72,300,0.25,0.03,0.9,FALSE,0.642645688204708,10,0.352432282408064,0.793103448275862,0.675555555555556,69,304,146,18,1.95348841648123,0.0416706071030831
12,6,72,300,0.25,0.05,0.9,FALSE,0.642645688204708,1,0.349885357046067,0.719101123595506,0.728888888888889,64,328,122,25,2.1143817490857,0.384111191975615
12,6,72,300,0.25,0.05,0.7,FALSE,0.642645688204708,2,0.481016274729745,0.758620689655172,0.822222222222222,66,370,80,21,3.00516084369023,0.13634335749397
12,6,72,300,0.25,0.05,0.9,FALSE,0.642645688204708,3,0.422497214966232,0.827586206896552,0.724444444444444,72,326,124,15,2.4138015324078,0.278220892843688
12,6,72,300,0.25,0.05,0.7,FALSE,0.642645688204708,4,0.334728768694951,0.786516853932584,0.657777777777778,70,296,154,19,1.78135444475261,0.0900497950563606
12,6,72,300,0.25,0.05,1.1,FALSE,0.642645688204708,5,0.395310965212992,0.908045977011494,0.626666666666667,79,282,168,8,2.08823045000957,0.0167257182652246
12,6,72,300,0.25,0.05,0.7,FALSE,0.642645688204708,6,0.342669934291159,0.735632183908046,0.711111111111111,64,320,130,23,1.87499633197854,0.312939170107248
12,6,72,300,0.25,0.05,1.1,FALSE,0.642645688204708,7,0.389319051924402,0.827586206896552,0.688888888888889,72,310,140,15,2.1214291218538,0.264533917069311
12,6,72,300,0.25,0.05,0.1,FALSE,0.642645688204708,8,0.568819662007566,0.701149425287356,0.906666666666667,61,408,42,26,2.91287207091536,-0.00382440361961575
12,6,72,300,0.25,0.05,1.3,FALSE,0.642645688204708,9,0.397660346508216,0.839080459770115,0.688888888888889,73,310,140,14,2.45804412030612,0.14427540954731
12,6,72,300,0.25,0.05,1.5,FALSE,0.642645688204708,10,0.302587296982459,0.850574712643678,0.56,74,252,198,13,1.90118610324897,0.322344627501951
12,6,72,300,0.25,0.1,1.3,FALSE,0.642645688204708,1,0.262771418323008,0.662921348314607,0.68,59,306,144,30,2.03817269841693,0.675665030692827
12,6,72,300,0.25,0.1,1.3,FALSE,0.642645688204708,2,0.496475115442397,0.839080459770115,0.786666666666667,73,354,96,14,3.0215610155155,0.262339401674292
12,6,72,300,0.25,0.1,0.5,FALSE,0.642645688204708,3,0.414037942409822,0.71264367816092,0.795555555555556,62,358,92,25,2.19519084427331,0.147917868142267
12,6,72,300,0.25,0.1,2.1,FALSE,0.642645688204708,4,0.264620108504863,0.910112359550562,0.435555555555556,81,196,254,8,1.76523087658366,0.398351881689027
12,6,72,300,0.25,0.1,1.3,FALSE,0.642645688204708,5,0.376200551946019,0.862068965517241,0.644444444444444,75,290,160,12,1.98724376784378,0.282983481596324
12,6,72,300,0.25,0.1,0.7,FALSE,0.642645688204708,6,0.275080104246341,0.655172413793103,0.702222222222222,57,316,134,30,1.82048276349063,0.497093105594875
12,6,72,300,0.25,0.1,1.5,FALSE,0.642645688204708,7,0.37125997542145,0.908045977011494,0.595555555555556,79,268,182,8,1.94052439361704,0.318620381782817
12,6,72,300,0.25,0.1,0.1,FALSE,0.642645688204708,8,0.460710174587788,0.551724137931034,0.911111111111111,48,410,40,39,2.75749027171226,0.172023047264631
12,6,72,300,0.25,0.1,0.5,FALSE,0.642645688204708,9,0.397488757580764,0.632183908045977,0.831111111111111,55,374,76,32,2.51880048804358,0.397141034269693
12,6,72,300,0.25,0.1,1.7,FALSE,0.642645688204708,10,0.293604068334913,0.885057471264368,0.511111111111111,77,230,220,10,1.74734702401064,0.338517919347199
12,6,72,500,0.05,0.03,0.1,FALSE,0.642645688204708,1,0.28639927952433,0.733333333333333,0.865263157894737,22,822,128,8,2.49992970579808,-0.384768901323249
12,6,72,500,0.05,0.03,0.9,FALSE,0.642645688204708,2,0.186209046590253,0.833333333333333,0.677894736842105,25,644,306,5,2.18438535509656,-0.00255785339538943
12,6,72,500,0.05,0.03,1.1,FALSE,0.642645688204708,3,0.218947925385814,0.928571428571429,0.688421052631579,26,654,296,2,2.42186994633856,-0.147692628523194
12,6,72,500,0.05,0.03,1.1,FALSE,0.642645688204708,4,0.178250163519401,0.827586206896552,0.671578947368421,24,638,312,5,2.29274494197198,0.101128885598825
12,6,72,500,0.05,0.03,0.3,FALSE,0.642645688204708,5,0.137567918405274,0.642857142857143,0.728421052631579,18,692,258,10,1.6557596044589,0.307028444831238
12,6,72,500,0.05,0.03,0.5,FALSE,0.642645688204708,6,0.198806683993076,0.620689655172414,0.831578947368421,18,790,160,11,2.83627620844244,0.512478524871535
12,6,72,500,0.05,0.03,0.5,FALSE,0.642645688204708,7,0.263344201966973,0.866666666666667,0.783157894736842,26,744,206,4,2.35159613912806,0.0673704512675925
12,6,72,500,0.05,0.03,1.5,FALSE,0.642645688204708,8,0.198832110765411,0.96551724137931,0.610526315789474,28,580,370,1,2.30474648462145,-0.0363179290020852
12,6,72,500,0.05,0.03,1.3,FALSE,0.642645688204708,9,0.12315214766801,0.862068965517241,0.501052631578947,25,476,474,4,1.52081983384812,0.376725703461385
12,6,72,500,0.05,0.03,2.1,FALSE,0.642645688204708,10,0.133900992512447,0.96551724137931,0.423157894736842,28,402,548,1,1.76841022865317,0.237561030668183
12,6,72,500,0.05,0.05,0.7,FALSE,0.642645688204708,1,0.263659954445628,0.9,0.766315789473684,27,728,222,3,2.37466340603471,-0.21514838591264
12,6,72,500,0.05,0.05,1.1,FALSE,0.642645688204708,2,0.239479168681338,1,0.665263157894737,30,632,318,0,2.3037929618719,-0.397894182018762
12,6,72,500,0.05,0.05,0.3,FALSE,0.642645688204708,3,0.202693637816561,0.714285714285714,0.791578947368421,20,752,198,8,2.30506397034735,0.0606928449342953
12,6,72,500,0.05,0.05,0.1,FALSE,0.642645688204708,4,0.218936410643964,0.689655172413793,0.821052631578947,20,780,170,9,2.34246148301873,0.0018780997245584
12,6,72,500,0.05,0.05,0.3,FALSE,0.642645688204708,5,0.118269394524065,0.607142857142857,0.715789473684211,17,680,270,11,1.57991227163145,0.385489286296248
12,6,72,500,0.05,0.05,0.1,FALSE,0.642645688204708,6,0.22454270601876,0.620689655172414,0.858947368421053,18,816,134,11,2.77899058297408,0.298102494462076
12,6,72,500,0.05,0.05,0.3,FALSE,0.642645688204708,7,0.236939551103637,0.733333333333333,0.816842105263158,22,776,174,8,2.2564441105967,-0.0344527081758157
12,6,72,500,0.05,0.05,0.5,FALSE,0.642645688204708,8,0.257641875019073,0.862068965517241,0.783157894736842,25,744,206,4,2.34471987479003,-0.184097001905629
12,6,72,500,0.05,0.05,1.5,FALSE,0.642645688204708,9,0.136261264752116,0.896551724137931,0.505263157894737,26,480,470,3,1.57632165623255,0.246391858317822
12,6,72,500,0.05,0.05,0.3,FALSE,0.642645688204708,10,0.164156452857518,0.689655172413793,0.741052631578947,20,704,246,9,1.80345920478546,-0.0566642627237147
12,6,72,500,0.05,0.1,0.7,FALSE,0.642645688204708,1,0.239382776324291,0.933333333333333,0.709473684210526,28,674,276,2,2.06746564042038,-0.347620870472533
12,6,72,500,0.05,0.1,1.3,FALSE,0.642645688204708,2,0.152949048274664,0.9,0.543157894736842,27,516,434,3,1.86567778132615,0.00432211525762961
12,6,72,500,0.05,0.1,0.5,FALSE,0.642645688204708,3,0.205947323858147,0.785714285714286,0.755789473684211,22,718,232,6,1.99629671206405,-0.0896739633305004
12,6,72,500,0.05,0.1,0.1,FALSE,0.642645688204708,4,0.226240898775984,0.689655172413793,0.829473684210526,20,788,162,9,2.37620566207111,-0.14260087851157
12,6,72,500,0.05,0.1,0.5,FALSE,0.642645688204708,5,0.130345817421966,0.714285714285714,0.658947368421053,20,626,324,8,1.53459728506957,0.24147720039918
12,6,72,500,0.05,0.1,0.3,FALSE,0.642645688204708,6,0.197024975969547,0.620689655172414,0.829473684210526,18,788,162,11,2.5176970236978,0.256071107294655
12,6,72,500,0.05,0.1,0.1,FALSE,0.642645688204708,7,0.185317418460997,0.633333333333333,0.804210526315789,19,764,186,11,2.0185331363037,0.254881451120621
12,6,72,500,0.05,0.1,0.5,FALSE,0.642645688204708,8,0.191243789339485,0.758620689655172,0.743157894736842,22,706,244,7,2.06613954724025,0.0964633280960163
12,6,72,500,0.05,0.1,0.5,FALSE,0.642645688204708,9,0.188645170965102,0.827586206896552,0.692631578947368,24,658,292,5,1.47851856894535,0.062286768393685
12,6,72,500,0.05,0.1,0.7,FALSE,0.642645688204708,10,0.185412997622417,0.862068965517241,0.661052631578947,25,628,322,4,1.7243958499335,0.0406532337088237
12,6,72,500,0.1,0.03,0.7,FALSE,0.642645688204708,1,0.246742749671525,0.779661016949153,0.702222222222222,46,632,268,13,1.89638310178357,0.074241672127261
12,6,72,500,0.1,0.03,0.1,FALSE,0.642645688204708,2,0.256475088027421,0.684210526315789,0.782222222222222,39,704,196,18,1.95411769366954,-0.0175446652407436
12,6,72,500,0.1,0.03,1.1,FALSE,0.642645688204708,3,0.312536689997479,0.948275862068966,0.68,55,612,288,3,2.26503734749391,-0.173551155788579
12,6,72,500,0.1,0.03,1.7,FALSE,0.642645688204708,4,0.179707061043642,0.913793103448276,0.46,53,414,486,5,1.73705779409653,0.156288311978726
12,6,72,500,0.1,0.03,0.5,FALSE,0.642645688204708,5,0.281343180464233,0.810344827586207,0.731111111111111,47,658,242,11,2.2851025776106,-0.156260086067051
12,6,72,500,0.1,0.03,0.7,FALSE,0.642645688204708,6,0.3033791458293,0.745762711864407,0.793333333333333,44,714,186,15,2.63540948360524,0.318421437344669
12,6,72,500,0.1,0.03,0.9,FALSE,0.642645688204708,7,0.318376294909146,0.847457627118644,0.751111111111111,50,676,224,9,2.63908247611975,0.101754333436675
12,6,72,500,0.1,0.03,0.7,FALSE,0.642645688204708,8,0.359841133830159,0.88135593220339,0.777777777777778,52,700,200,7,2.5632230754909,-0.155825342059224
12,6,72,500,0.1,0.03,0.3,FALSE,0.642645688204708,9,0.334355223154927,0.736842105263158,0.831111111111111,42,748,152,15,2.52004226627141,-0.0115043337393715
12,6,72,500,0.1,0.03,0.3,FALSE,0.642645688204708,10,0.307495746774723,0.706896551724138,0.82,41,738,162,17,2.5429698384978,0.0164302269202078
12,6,72,500,0.1,0.05,0.9,FALSE,0.642645688204708,1,0.212222389206721,0.76271186440678,0.662222222222222,45,596,304,14,1.93372757255953,0.27499536365412
12,6,72,500,0.1,0.05,1.3,FALSE,0.642645688204708,2,0.224006687656958,0.912280701754386,0.56,52,504,396,5,1.95507117043842,0.0385310981836402
12,6,72,500,0.1,0.05,0.5,FALSE,0.642645688204708,3,0.317874296566526,0.793103448275862,0.784444444444444,46,706,194,12,2.41809577707453,-0.0795891788409225
12,6,72,500,0.1,0.05,0.9,FALSE,0.642645688204708,4,0.223931023984871,0.862068965517241,0.602222222222222,50,542,358,8,1.76865780774113,0.0149398958256683
12,6,72,500,0.1,0.05,1.1,FALSE,0.642645688204708,5,0.272020555685383,0.862068965517241,0.682222222222222,50,614,286,8,2.48463126641196,-0.107479688638052
12,6,72,500,0.1,0.05,0.7,FALSE,0.642645688204708,6,0.286766839706111,0.694915254237288,0.804444444444444,41,724,176,18,2.59777884249184,0.425115161786476
12,6,72,500,0.1,0.05,0.1,FALSE,0.642645688204708,7,0.312291115241562,0.711864406779661,0.82,42,738,162,17,2.51912698084281,-0.0601585575136444
12,6,72,500,0.1,0.05,0.1,FALSE,0.642645688204708,8,0.377618076687839,0.711864406779661,0.871111111111111,42,784,116,17,2.64344843041975,-0.134862123002461
12,6,72,500,0.1,0.05,0.1,FALSE,0.642645688204708,9,0.350560041246615,0.736842105263158,0.844444444444444,42,760,140,15,2.66444352756697,-0.145836390680878
12,6,72,500,0.1,0.05,0.7,FALSE,0.642645688204708,10,0.280016186529077,0.758620689655172,0.762222222222222,44,686,214,14,2.63530922856167,0.219814595441649
12,6,72,500,0.1,0.1,1.3,FALSE,0.642645688204708,1,0.195530394838273,0.864406779661017,0.542222222222222,51,488,412,8,1.71541155323388,0.188505762871001
12,6,72,500,0.1,0.1,0.9,FALSE,0.642645688204708,2,0.223462222148641,0.87719298245614,0.591111111111111,50,532,368,7,1.86017538829062,0.134468424231953
12,6,72,500,0.1,0.1,0.9,FALSE,0.642645688204708,3,0.324471271265963,0.913793103448276,0.72,53,648,252,5,2.31005662310154,-0.215132516416767
12,6,72,500,0.1,0.1,1.1,FALSE,0.642645688204708,4,0.235557968737889,0.913793103448276,0.577777777777778,53,520,380,5,1.73801046249636,-0.0987384282677369
12,6,72,500,0.1,0.1,0.1,FALSE,0.642645688204708,5,0.269240507578817,0.689655172413793,0.791111111111111,40,712,188,18,2.25956459566565,-0.0504092640333671
12,6,72,500,0.1,0.1,1.3,FALSE,0.642645688204708,6,0.307813771582168,0.915254237288136,0.693333333333333,54,624,276,5,2.48853619168933,0.138434216043898
12,6,72,500,0.1,0.1,1.1,FALSE,0.642645688204708,7,0.303905228464803,0.932203389830508,0.675555555555556,55,608,292,4,2.32367786048496,-0.106775825898236
12,6,72,500,0.1,0.1,0.5,FALSE,0.642645688204708,8,0.262702174942586,0.728813559322034,0.757777777777778,43,682,218,16,2.22970950254103,0.194799435943402
12,6,72,500,0.1,0.1,0.7,FALSE,0.642645688204708,9,0.378102592682396,0.947368421052632,0.766666666666667,54,690,210,3,2.42310659632617,-0.0215055537669407
12,6,72,500,0.1,0.1,0.3,FALSE,0.642645688204708,10,0.26465384371914,0.637931034482759,0.815555555555556,37,734,166,21,2.57010355352798,0.0613896640592109
12,6,72,500,0.25,0.03,1.3,FALSE,0.642645688204708,1,0.327846931013335,0.841379310344828,0.602666666666667,122,452,298,23,2.06662723099933,0.182284910837443
12,6,72,500,0.25,0.03,0.9,FALSE,0.642645688204708,2,0.427709695821015,0.76027397260274,0.776,111,582,168,35,2.90712109179735,0.235735454889487
12,6,72,500,0.25,0.03,0.9,FALSE,0.642645688204708,3,0.364643383528813,0.828767123287671,0.658666666666667,121,494,256,25,1.97076408908032,0.165436828641573
12,6,72,500,0.25,0.03,0.9,FALSE,0.642645688204708,4,0.43243323148554,0.842465753424658,0.722666666666667,123,542,208,23,2.26940800125394,-0.00617389359200938
12,6,72,500,0.25,0.03,0.9,FALSE,0.642645688204708,5,0.392338670040561,0.801369863013699,0.712,117,534,216,29,2.28856273177624,0.131406806376065
12,6,72,500,0.25,0.03,1.9,FALSE,0.642645688204708,6,0.447660658836389,0.952054794520548,0.650666666666667,139,488,262,7,2.80648503471864,0.0637351625681785
12,6,72,500,0.25,0.03,0.3,FALSE,0.642645688204708,7,0.399654958426182,0.650684931506849,0.821333333333333,95,616,134,51,2.32779370176968,0.223872598263504
12,6,72,500,0.25,0.03,1.1,FALSE,0.642645688204708,8,0.377828383275099,0.897260273972603,0.613333333333333,131,460,290,15,1.85908290197106,-0.125273607240838
12,6,72,500,0.25,0.03,0.7,FALSE,0.642645688204708,9,0.510630558663962,0.786206896551724,0.829333333333333,114,622,128,31,3.1064781098151,0.0602290302776767
12,6,72,500,0.25,0.03,1.5,FALSE,0.642645688204708,10,0.418073292149606,0.903448275862069,0.658666666666667,131,494,256,14,2.43023923561686,0.0929839301691468
12,6,72,500,0.25,0.05,0.5,FALSE,0.642645688204708,1,0.345181568278663,0.731034482758621,0.717333333333333,106,538,212,39,2.23146832729016,0.0985140763823428
12,6,72,500,0.25,0.05,0.5,FALSE,0.642645688204708,2,0.470129610836877,0.73972602739726,0.824,108,618,132,38,2.93414582254931,0.0414937608683454
12,6,72,500,0.25,0.05,1.3,FALSE,0.642645688204708,3,0.354838964551339,0.863013698630137,0.616,126,462,288,20,1.89856713945131,0.209433671355829
12,6,72,500,0.25,0.05,1.1,FALSE,0.642645688204708,4,0.36347057846702,0.842465753424658,0.645333333333333,123,484,266,23,2.14474337503852,-0.00586150614613162
12,6,72,500,0.25,0.05,0.9,FALSE,0.642645688204708,5,0.397345669262071,0.821917808219178,0.701333333333333,120,526,224,26,2.31082959605745,0.0698783019185525
12,6,72,500,0.25,0.05,0.5,FALSE,0.642645688204708,6,0.515555958462813,0.746575342465753,0.853333333333333,109,640,110,37,2.95336441899534,0.0764012998689033
12,6,72,500,0.25,0.05,0.3,FALSE,0.642645688204708,7,0.406597662191265,0.636986301369863,0.834666666666667,93,626,124,53,2.50795939336303,0.164493262057012
12,6,72,500,0.25,0.05,0.5,FALSE,0.642645688204708,8,0.413335841567143,0.794520547945205,0.738666666666667,116,554,196,30,1.93443011449836,-0.00686802911570037
12,6,72,500,0.25,0.05,0.1,FALSE,0.642645688204708,9,0.495032034057963,0.648275862068965,0.888,94,666,84,51,2.94639386697474,-0.0683036011056427
12,6,72,500,0.25,0.05,0.7,FALSE,0.642645688204708,10,0.421266610208706,0.772413793103448,0.762666666666667,112,572,178,33,2.38229331650566,0.0586863124738511
12,6,72,500,0.25,0.1,0.9,FALSE,0.642645688204708,1,0.313844113601977,0.772413793103448,0.648,112,486,264,33,2.13475008917093,0.134850740397865
12,6,72,500,0.25,0.1,0.7,FALSE,0.642645688204708,2,0.458283468032416,0.746575342465753,0.810666666666667,109,608,142,37,2.8388198298806,0.206582226508722
12,6,72,500,0.25,0.1,0.9,FALSE,0.642645688204708,3,0.326483799725308,0.767123287671233,0.666666666666667,112,500,250,34,1.81610482100417,0.249014506766694
12,6,72,500,0.25,0.1,0.9,FALSE,0.642645688204708,4,0.387333702716758,0.863013698630137,0.656,126,492,258,20,1.96654015299101,-0.119926547839104
12,6,72,500,0.25,0.1,0.9,FALSE,0.642645688204708,5,0.37809942702832,0.821917808219178,0.68,120,510,240,26,2.07609260903293,0.0515311761979548
12,6,72,500,0.25,0.1,0.1,FALSE,0.642645688204708,6,0.521134649186866,0.650684931506849,0.901333333333333,95,676,74,51,2.8028835128589,0.169333302716499
12,6,72,500,0.25,0.1,0.1,FALSE,0.642645688204708,7,0.420705686252117,0.650684931506849,0.837333333333333,95,628,122,51,2.44114885833123,-0.0553481525705393
12,6,72,500,0.25,0.1,0.7,FALSE,0.642645688204708,8,0.357483432915906,0.773972602739726,0.696,113,522,228,33,1.88695248063538,0.0795464825484378
12,6,72,500,0.25,0.1,0.3,FALSE,0.642645688204708,9,0.461218045094947,0.724137931034483,0.826666666666667,105,620,130,40,2.58042233736703,-0.04437148055349
12,6,72,500,0.25,0.1,1.3,FALSE,0.642645688204708,10,0.402145693727875,0.868965517241379,0.669333333333333,126,502,248,19,2.31245913653791,0.0667450312861298
12,10,120,100,0.05,0.03,2.1,FALSE,0.642645688204708,1,0.333583865750012,1,0.778947368421053,7,148,42,0,3.2154804408859,1.25888713846765
12,10,120,100,0.05,0.03,0.5,FALSE,0.642645688204708,2,0.455279211548271,0.571428571428571,0.968421052631579,4,184,6,3,3.48522300942185,0.432269701223705
12,10,120,100,0.05,0.03,2.3,FALSE,0.642645688204708,3,0.272586510254553,1,0.757894736842105,5,144,46,0,4.07447479101825,1.81118220711372
12,10,120,100,0.05,0.03,2.5,FALSE,0.642645688204708,4,0.342901132996201,1,0.789473684210526,7,150,40,0,4.52744424217589,0.947813036370888
12,10,120,100,0.05,0.03,1.5,FALSE,0.642645688204708,5,0.454398209496387,1,0.894736842105263,6,170,20,0,3.55189742782696,0.791439705248199
12,10,120,100,0.05,0.03,1.1,FALSE,0.642645688204708,6,0.225715237458734,0.5,0.905263157894737,3,172,18,3,3.44936388653068,1.37902011748422
12,10,120,100,0.05,0.03,2.9,FALSE,0.642645688204708,7,0.228172279001403,1,0.642105263157895,6,122,68,0,3.6665089182046,2.32022811559678
12,10,120,100,0.05,0.03,1.1,FALSE,0.642645688204708,8,0.471401667096069,0.833333333333333,0.936842105263158,5,178,12,1,4.47199677239242,0.745071804360756
12,10,120,100,0.05,0.03,0.5,FALSE,0.642645688204708,9,0.547717845128601,0.833333333333333,0.957894736842105,5,182,8,1,3.45404830445481,0.326894618628594
12,10,120,100,0.05,0.03,0.7,FALSE,0.642645688204708,10,0.262713323618861,0.333333333333333,0.968421052631579,2,184,6,4,3.79592444361743,2.15618360978345
12,10,120,100,0.05,0.05,0.7,FALSE,0.642645688204708,1,0.238349905574492,0.285714285714286,0.968421052631579,2,184,6,5,3.45060582478961,2.26562129101613
12,10,120,100,0.05,0.05,0.3,FALSE,0.642645688204708,2,0.407518796992481,0.428571428571429,0.978947368421053,3,186,4,4,3.64598412710052,1.0657114208014
12,10,120,100,0.05,0.05,2.5,FALSE,0.642645688204708,3,0.304997140665209,1,0.8,5,152,38,0,4.16024983577215,1.92427116978599
12,10,120,100,0.05,0.05,2.3,FALSE,0.642645688204708,4,0.412948320967011,1,0.852631578947368,7,162,28,0,4.68888214306125,1.02904785765928
12,10,120,100,0.05,0.05,1.7,FALSE,0.642645688204708,5,0.374634324632678,1,0.842105263157895,6,160,30,0,3.65568643802058,0.993044151889965
12,10,120,100,0.05,0.05,0.9,FALSE,0.642645688204708,6,0.227997028015724,0.333333333333333,0.957894736842105,2,182,8,4,3.53537150094724,1.97807198932915
12,10,120,100,0.05,0.05,0.9,FALSE,0.642645688204708,7,0.201696340272017,0.333333333333333,0.947368421052632,2,180,10,4,3.85475607610357,2.61433552870694
12,10,120,100,0.05,0.05,2.3,FALSE,0.642645688204708,8,0.387897404328554,1,0.852631578947368,6,162,28,0,4.54133077658744,1.49161035797777
12,10,120,100,0.05,0.05,0.1,FALSE,0.642645688204708,9,0.534786071422892,0.5,0.989473684210526,3,188,2,3,3.50667458797288,0.691196479418449
12,10,120,100,0.05,0.05,1.7,FALSE,0.642645688204708,10,0.198405462647819,0.5,0.884210526315789,3,168,22,3,3.87861988808199,2.38012300435607
12,10,120,100,0.05,0.1,2.7,FALSE,0.642645688204708,1,0.206718959277517,0.714285714285714,0.768421052631579,5,146,44,2,3.78694368493748,3.64776643180015
12,10,120,100,0.05,0.1,0.7,FALSE,0.642645688204708,2,0.238349905574492,0.285714285714286,0.968421052631579,2,184,6,5,3.58798936918165,2.05522500967475
12,10,120,100,0.05,0.1,0.1,FALSE,0.642645688204708,3,0.243332131696144,0.2,0.989473684210526,1,188,2,4,4.28320353307429,2.15868969653775
12,10,120,100,0.05,0.1,0.1,FALSE,0.642645688204708,4,0.527625130550354,0.285714285714286,1,2,190,0,5,4.60258002671676,1.65161999854621
12,10,120,100,0.05,0.1,1.5,FALSE,0.642645688204708,5,0.242081990891721,0.5,0.91578947368421,3,174,16,3,3.69824171629556,1.90826706048887
12,10,120,100,0.05,0.1,1.7,FALSE,0.642645688204708,6,0.186780674353964,0.5,0.873684210526316,3,166,24,3,3.61660088344013,1.91796892808625
12,10,120,100,0.05,0.1,1.5,FALSE,0.642645688204708,7,0.18071682129972,0.333333333333333,0.936842105263158,2,178,12,4,4.03277720335779,3.48996100627691
12,10,120,100,0.05,0.1,2.9,FALSE,0.642645688204708,8,0.282360714435342,0.833333333333333,0.821052631578947,5,156,34,1,4.57998074512745,2.43317342249291
12,10,120,100,0.05,0.1,0.1,FALSE,0.642645688204708,9,0.571367203381202,0.333333333333333,1,2,190,0,4,3.78423778821644,0.803548799766893
12,10,120,100,0.05,0.1,2.5,FALSE,0.642645688204708,10,0.102597835208515,0.5,0.757894736842105,3,144,46,3,3.95525662135419,2.56163472221766
12,10,120,100,0.1,0.03,1.1,FALSE,0.642645688204708,1,0.601193956780562,0.75,0.955555555555556,9,172,8,3,3.87913541994901,0.560972363822563
12,10,120,100,0.1,0.03,0.9,FALSE,0.642645688204708,2,0.415995299880513,0.636363636363636,0.922222222222222,7,166,14,4,3.64035231452694,0.98952603630252
12,10,120,100,0.1,0.03,1.3,FALSE,0.642645688204708,3,0.633634084729995,0.916666666666667,0.933333333333333,11,168,12,1,3.96812969913617,0.493462552140194
12,10,120,100,0.1,0.03,0.3,FALSE,0.642645688204708,4,0.421212121212121,0.454545454545455,0.966666666666667,5,174,6,6,3.68224356321704,1.14522200115195
12,10,120,100,0.1,0.03,0.1,FALSE,0.642645688204708,5,0.308606699924184,0.1,1,1,180,0,9,3.64175617677731,1.79939400629372
12,10,120,100,0.1,0.03,2.9,FALSE,0.642645688204708,6,0.321089147000907,0.923076923076923,0.688888888888889,12,124,56,1,3.87491936093132,1.65514547984138
12,10,120,100,0.1,0.03,1.1,FALSE,0.642645688204708,7,0.447532350775994,0.666666666666667,0.922222222222222,8,166,14,4,3.66843014357933,1.43477705411795
12,10,120,100,0.1,0.03,1.9,FALSE,0.642645688204708,8,0.447532350775994,0.666666666666667,0.922222222222222,8,166,14,4,4.45236582273579,1.7351262368781
12,10,120,100,0.1,0.03,0.3,FALSE,0.642645688204708,9,0.470826976370345,0.363636363636364,0.988888888888889,4,178,2,7,3.74606503664139,1.10872728731956
12,10,120,100,0.1,0.03,1.7,FALSE,0.642645688204708,10,0.475524712812079,0.75,0.911111111111111,9,164,16,3,4.12296239860014,1.30278981113945
12,10,120,100,0.1,0.05,1.1,FALSE,0.642645688204708,1,0.544949260913066,0.666666666666667,0.955555555555556,8,172,8,4,3.95476946466949,1.18777155794762
12,10,120,100,0.1,0.05,0.3,FALSE,0.642645688204708,2,0.38172947088638,0.272727272727273,0.988888888888889,3,178,2,8,3.79596749573351,1.77333334382364
12,10,120,100,0.1,0.05,1.5,FALSE,0.642645688204708,3,0.633634084729995,0.916666666666667,0.933333333333333,11,168,12,1,4.0851158017147,0.782290356264338
12,10,120,100,0.1,0.05,1.5,FALSE,0.642645688204708,4,0.333778744430022,0.636363636363636,0.877777777777778,7,158,22,4,3.73991547129473,1.49697425985102
12,10,120,100,0.1,0.05,1.9,FALSE,0.642645688204708,5,0.376611804530302,0.7,0.888888888888889,7,160,20,3,3.71705978682334,1.67076949617612
12,10,120,100,0.1,0.05,0.1,FALSE,0.642645688204708,6,0.251117882354022,0.153846153846154,0.988888888888889,2,178,2,11,4.03461579969917,2.43296942694599
12,10,120,100,0.1,0.05,1.9,FALSE,0.642645688204708,7,0.331141965387963,0.666666666666667,0.855555555555556,8,154,26,4,3.87204791061202,1.69384251986139
12,10,120,100,0.1,0.05,0.5,FALSE,0.642645688204708,8,0.633300496381124,0.416666666666667,1,5,180,0,7,4.66897986009889,1.90085834473975
12,10,120,100,0.1,0.05,0.7,FALSE,0.642645688204708,9,0.421212121212121,0.454545454545455,0.966666666666667,5,174,6,6,3.84836518946105,1.32765970569639
12,10,120,100,0.1,0.05,0.3,FALSE,0.642645688204708,10,0.399271058557853,0.416666666666667,0.966666666666667,5,174,6,7,4.32988526527171,1.7367774503953
12,10,120,100,0.1,0.1,0.1,FALSE,0.642645688204708,1,0.633300496381124,0.416666666666667,1,5,180,0,7,4.00287599841188,1.79104206416428
12,10,120,100,0.1,0.1,1.5,FALSE,0.642645688204708,2,0.293268358557784,0.454545454545455,0.922222222222222,5,166,14,6,3.85721816561176,2.26858313892863
12,10,120,100,0.1,0.1,2.3,FALSE,0.642645688204708,3,0.443004091152557,0.916666666666667,0.833333333333333,11,150,30,1,4.16334456678553,1.44618923469166
12,10,120,100,0.1,0.1,0.1,FALSE,0.642645688204708,4,0.38172947088638,0.272727272727273,0.988888888888889,3,178,2,8,3.71817240050219,1.32790172765932
12,10,120,100,0.1,0.1,1.1,FALSE,0.642645688204708,5,0.437594974493684,0.2,1,2,180,0,8,3.82184999418603,2.45616005289267
12,10,120,100,0.1,0.1,1.7,FALSE,0.642645688204708,6,0.340336685987655,0.461538461538462,0.933333333333333,6,168,12,7,4.31000258291058,2.66172683347334
12,10,120,100,0.1,0.1,1.7,FALSE,0.642645688204708,7,0.236059757056273,0.416666666666667,0.9,5,162,18,7,3.94522883428465,2.58755465655422
12,10,120,100,0.1,0.1,0.5,FALSE,0.642645688204708,8,0.487950036474267,0.25,1,3,180,0,9,4.60928724696385,2.12517351002256
12,10,120,100,0.1,0.1,0.9,FALSE,0.642645688204708,9,0.345466440885364,0.363636363636364,0.966666666666667,4,174,6,7,3.9229726676277,1.87637712902482
12,10,120,100,0.1,0.1,0.5,FALSE,0.642645688204708,10,0.564932682866032,0.333333333333333,1,4,180,0,8,4.45158674852298,2.1805106503207
12,10,120,100,0.25,0.03,2.9,FALSE,0.642645688204708,1,0.536673488426365,0.866666666666667,0.8,26,120,30,4,4.11794182651909,1.54380341073938
12,10,120,100,0.25,0.03,2.5,FALSE,0.642645688204708,2,0.386186941611879,0.714285714285714,0.773333333333333,20,116,34,8,3.50880987471025,1.88389697324302
12,10,120,100,0.25,0.03,2.3,FALSE,0.642645688204708,3,0.467820871181571,0.714285714285714,0.84,20,126,24,8,4.12447199606689,1.63238680380411
12,10,120,100,0.25,0.03,0.9,FALSE,0.642645688204708,4,0.645975193499939,0.533333333333333,0.986666666666667,16,148,2,14,3.70770295688711,1.15582177801124
12,10,120,100,0.25,0.03,0.7,FALSE,0.642645688204708,5,0.508699084111575,0.366666666666667,0.986666666666667,11,148,2,19,3.74532081898972,1.27121439965395
12,10,120,100,0.25,0.03,1.1,FALSE,0.642645688204708,6,0.521853575904291,0.566666666666667,0.933333333333333,17,140,10,13,3.77714152232768,1.18187307090786
12,10,120,100,0.25,0.03,2.1,FALSE,0.642645688204708,7,0.569027933381159,0.793103448275862,0.866666666666667,23,130,20,6,3.96547028587038,1.40783129250997
12,10,120,100,0.25,0.03,1.7,FALSE,0.642645688204708,8,0.352576331193926,0.464285714285714,0.893333333333333,13,134,16,15,4.10371064601427,2.07402810493708
12,10,120,100,0.25,0.03,2.5,FALSE,0.642645688204708,9,0.448000740497704,0.793103448275862,0.773333333333333,23,116,34,6,3.81119031783175,1.60176667145366
12,10,120,100,0.25,0.03,0.7,FALSE,0.642645688204708,10,0.436601749566508,0.344827586206897,0.973333333333333,10,146,4,19,3.84759517155264,1.80043985920586
12,10,120,100,0.25,0.05,2.9,FALSE,0.642645688204708,1,0.481656803511836,0.833333333333333,0.773333333333333,25,116,34,5,4.06060497379169,1.84369147546987
12,10,120,100,0.25,0.05,0.9,FALSE,0.642645688204708,2,0.353141166494915,0.214285714285714,0.986666666666667,6,148,2,22,3.64129692231951,2.3193551047249
12,10,120,100,0.25,0.05,2.3,FALSE,0.642645688204708,3,0.550757731262436,0.714285714285714,0.893333333333333,20,134,16,8,4.39836846559072,1.7825033302501
12,10,120,100,0.25,0.05,1.7,FALSE,0.642645688204708,4,0.664348283175806,0.666666666666667,0.96,20,144,6,10,4.01553117621186,1.53279345733181
12,10,120,100,0.25,0.05,2.5,FALSE,0.642645688204708,5,0.512391895472064,0.833333333333333,0.8,25,120,30,5,3.82350282092588,1.76606300455497
12,10,120,100,0.25,0.05,1.9,FALSE,0.642645688204708,6,0.447213595499958,0.6,0.88,18,132,18,12,3.87319284719948,1.59617455343336
12,10,120,100,0.25,0.05,1.9,FALSE,0.642645688204708,7,0.588505747126437,0.655172413793103,0.933333333333333,19,140,10,10,4.10653775032348,1.78971355881036
12,10,120,100,0.25,0.05,2.1,FALSE,0.642645688204708,8,0.389474136497467,0.535714285714286,0.88,15,132,18,13,4.16738188778496,1.99990371381212
12,10,120,100,0.25,0.05,1.3,FALSE,0.642645688204708,9,0.499969676818323,0.413793103448276,0.973333333333333,12,146,4,17,4.05906998457292,1.90675753947821
12,10,120,100,0.25,0.05,2.1,FALSE,0.642645688204708,10,0.561959380128654,0.620689655172414,0.933333333333333,18,140,10,11,4.10092854644692,2.00423614821499
12,10,120,100,0.25,0.1,2.9,FALSE,0.642645688204708,1,0.438529009653515,0.733333333333333,0.8,22,120,30,8,3.97821656888511,2.20352441910591
12,10,120,100,0.25,0.1,1.9,FALSE,0.642645688204708,2,0.300388823441121,0.321428571428571,0.933333333333333,9,140,10,19,3.91426303066534,2.71336306916129
12,10,120,100,0.25,0.1,2.5,FALSE,0.642645688204708,3,0.506752199383881,0.714285714285714,0.866666666666667,20,130,20,8,4.63221570388239,2.1889290272658
12,10,120,100,0.25,0.1,1.7,FALSE,0.642645688204708,4,0.600832755431992,0.533333333333333,0.973333333333333,16,146,4,14,4.25744801133983,2.15197721459499
12,10,120,100,0.25,0.1,2.3,FALSE,0.642645688204708,5,0.545880477364863,0.666666666666667,0.906666666666667,20,136,14,10,4.10777638479631,2.11541750324574
12,10,120,100,0.25,0.1,2.7,FALSE,0.642645688204708,6,0.30697030675746,0.6,0.773333333333333,18,116,34,12,4.02264190714091,2.44669329976887
12,10,120,100,0.25,0.1,2.7,FALSE,0.642645688204708,7,0.51328115428563,0.689655172413793,0.88,20,132,18,9,4.31650325318667,2.37431308432182
12,10,120,100,0.25,0.1,2.7,FALSE,0.642645688204708,8,0.42512633902954,0.607142857142857,0.866666666666667,17,130,20,11,4.45418127050491,2.2373853533466
12,10,120,100,0.25,0.1,2.5,FALSE,0.642645688204708,9,0.185888871672181,0.413793103448276,0.8,12,120,30,17,4.21889647991651,2.80497322485694
12,10,120,100,0.25,0.1,1.1,FALSE,0.642645688204708,10,0.491918967943282,0.275862068965517,1,8,150,0,21,4.29533360628479,2.53219534939638
12,10,120,300,0.05,0.03,1.1,FALSE,0.642645688204708,1,0.322433888937783,0.777777777777778,0.87719298245614,14,500,70,4,3.698188839688,0.314016137980429
12,10,120,300,0.05,0.03,0.1,FALSE,0.642645688204708,2,0.324087404221997,0.764705882352941,0.887719298245614,13,506,64,4,3.13017376970623,-0.101057189440102
12,10,120,300,0.05,0.03,0.7,FALSE,0.642645688204708,3,0.563793890369511,0.833333333333333,0.96140350877193,15,548,22,3,5.09754779422369,0.11351291001415
12,10,120,300,0.05,0.03,1.7,FALSE,0.642645688204708,4,0.366347548532523,1,0.835087719298246,18,476,94,0,4.23099938009893,-0.0383976232752617
12,10,120,300,0.05,0.03,0.7,FALSE,0.642645688204708,5,0.519294009873654,0.944444444444444,0.933333333333333,17,532,38,1,4.40069891435562,-0.304644500785084
12,10,120,300,0.05,0.03,0.1,FALSE,0.642645688204708,6,0.389374384227785,0.764705882352941,0.92280701754386,13,526,44,4,4.05445352786721,-0.277359512562403
12,10,120,300,0.05,0.03,0.1,FALSE,0.642645688204708,7,0.435139936157651,0.666666666666667,0.954385964912281,12,544,26,6,4.35072925306682,0.086743453875658
12,10,120,300,0.05,0.03,0.9,FALSE,0.642645688204708,8,0.319196666932206,0.588235294117647,0.933333333333333,10,532,38,7,4.5023532023133,1.14172725763557
12,10,120,300,0.05,0.03,0.1,FALSE,0.642645688204708,9,0.431613601682136,0.722222222222222,0.943859649122807,13,538,32,5,4.33891395223492,-0.286573051956968
12,10,120,300,0.05,0.03,0.3,FALSE,0.642645688204708,10,0.335499428894293,0.647058823529412,0.926315789473684,11,528,42,6,4.26784980123693,0.0226847820863803
12,10,120,300,0.05,0.05,0.1,FALSE,0.642645688204708,1,0.389400374085536,0.666666666666667,0.940350877192982,12,536,34,6,3.61220493025849,0.424328070856775
12,10,120,300,0.05,0.05,1.1,FALSE,0.642645688204708,2,0.256106228959376,0.823529411764706,0.803508771929825,14,458,112,3,3.11814819414582,0.287457231364205
12,10,120,300,0.05,0.05,0.5,FALSE,0.642645688204708,3,0.613493034994052,0.888888888888889,0.964912280701754,16,550,20,2,4.96501441362035,0.13288761391959
12,10,120,300,0.05,0.05,0.1,FALSE,0.642645688204708,4,0.389400374085536,0.666666666666667,0.940350877192982,12,536,34,6,4.12714488640198,-0.0771548306927345
12,10,120,300,0.05,0.05,0.1,FALSE,0.642645688204708,5,0.401169015443206,0.611111111111111,0.954385964912281,11,544,26,7,4.22506558830427,0.0858201196366598
12,10,120,300,0.05,0.05,0.7,FALSE,0.642645688204708,6,0.437989384688979,0.941176470588235,0.905263157894737,16,516,54,1,4.01068648538604,0.0543076323664781
12,10,120,300,0.05,0.05,0.7,FALSE,0.642645688204708,7,0.395341764470776,0.833333333333333,0.905263157894737,15,516,54,3,4.09463624753191,0.155505342438289
12,10,120,300,0.05,0.05,0.3,FALSE,0.642645688204708,8,0.266569139668441,0.411764705882353,0.954385964912281,7,544,26,10,4.36071968920938,1.39921581161411
12,10,120,300,0.05,0.05,0.1,FALSE,0.642645688204708,9,0.40124621777881,0.722222222222222,0.933333333333333,13,532,38,5,4.05881485722891,-0.165877546445652
12,10,120,300,0.05,0.05,0.9,FALSE,0.642645688204708,10,0.312398337833021,0.823529411764706,0.859649122807018,14,490,80,3,4.17672594209612,0.330015877063674
12,10,120,300,0.05,0.1,0.3,FALSE,0.642645688204708,1,0.431446627193146,0.777777777777778,0.933333333333333,14,532,38,4,3.21404832262866,0.13274538642354
12,10,120,300,0.05,0.1,0.1,FALSE,0.642645688204708,2,0.289724593257349,0.588235294117647,0.919298245614035,10,524,46,7,3.01424465430778,0.543444954916494
12,10,120,300,0.05,0.1,0.3,FALSE,0.642645688204708,3,0.448774357105238,0.666666666666667,0.957894736842105,12,546,24,6,4.3941469569702,0.153892267709564
12,10,120,300,0.05,0.1,0.9,FALSE,0.642645688204708,4,0.373463171913616,0.888888888888889,0.87719298245614,16,500,70,2,3.71912334058254,0.252694589726311
12,10,120,300,0.05,0.1,0.1,FALSE,0.642645688204708,5,0.330827803108798,0.5,0.954385964912281,9,544,26,9,3.77866595405935,0.250211905016015
12,10,120,300,0.05,0.1,0.1,FALSE,0.642645688204708,6,0.533318115655551,0.705882352941177,0.971929824561404,12,554,16,5,3.75613128730051,0.135423323974274
12,10,120,300,0.05,0.1,1.3,FALSE,0.642645688204708,7,0.266811457119449,0.722222222222222,0.852631578947368,13,486,84,5,3.69129962720783,0.697265792670376
12,10,120,300,0.05,0.1,0.3,FALSE,0.642645688204708,8,0.303551064011441,0.352941176470588,0.975438596491228,6,556,14,11,4.00456207341023,1.17384443508826
12,10,120,300,0.05,0.1,0.3,FALSE,0.642645688204708,9,0.370551683555579,0.666666666666667,0.933333333333333,12,532,38,6,3.68437396003216,0.267176407379336
12,10,120,300,0.05,0.1,2.7,FALSE,0.642645688204708,10,0.198223538148743,0.882352941176471,0.67719298245614,15,386,184,2,3.74019720264295,1.1903455139456
12,10,120,300,0.1,0.03,0.7,FALSE,0.642645688204708,1,0.484723551835383,0.777777777777778,0.907407407407407,28,490,50,8,4.14253558539889,0.131933423588733
12,10,120,300,0.1,0.03,0.9,FALSE,0.642645688204708,2,0.527751879063807,0.828571428571429,0.914814814814815,29,494,46,6,4.70705648812048,0.0411972941498988
12,10,120,300,0.1,0.03,0.3,FALSE,0.642645688204708,3,0.469394440192075,0.6,0.948148148148148,21,512,28,14,4.71923516001029,0.372597858501829
12,10,120,300,0.1,0.03,0.7,FALSE,0.642645688204708,4,0.535111072254278,0.833333333333333,0.914814814814815,30,494,46,6,4.55100371790492,0.0835356108733073
12,10,120,300,0.1,0.03,0.1,FALSE,0.642645688204708,5,0.461167440662914,0.571428571428571,0.951851851851852,20,514,26,15,3.66290138470333,0.215122895217098
12,10,120,300,0.1,0.03,0.3,FALSE,0.642645688204708,6,0.492568663065,0.735294117647059,0.925925925925926,25,500,40,9,4.25936247801804,0.111459029814515
12,10,120,300,0.1,0.03,1.7,FALSE,0.642645688204708,7,0.438505562042908,0.942857142857143,0.822222222222222,33,444,96,2,4.43078021091743,0.397276406428634
12,10,120,300,0.1,0.03,0.5,FALSE,0.642645688204708,8,0.40867396095013,0.722222222222222,0.885185185185185,26,478,62,10,3.86982807643619,0.156821002372049
12,10,120,300,0.1,0.03,0.5,FALSE,0.642645688204708,9,0.503267869305501,0.828571428571429,0.903703703703704,29,488,52,6,3.89108234882487,-0.06396622744894
12,10,120,300,0.1,0.03,0.7,FALSE,0.642645688204708,10,0.379192274963759,0.735294117647059,0.866666666666667,25,468,72,9,3.48119591477131,0.162207268022462
12,10,120,300,0.1,0.05,0.9,FALSE,0.642645688204708,1,0.402469135802469,0.722222222222222,0.881481481481482,26,476,64,10,4.01210776086655,0.540527884721114
12,10,120,300,0.1,0.05,0.3,FALSE,0.642645688204708,2,0.436558368596484,0.628571428571429,0.92962962962963,22,502,38,13,4.64872007766867,0.304958759340003
12,10,120,300,0.1,0.05,0.1,FALSE,0.642645688204708,3,0.574074074074074,0.6,0.974074074074074,21,526,14,14,4.79328850119896,0.530473547125314
12,10,120,300,0.1,0.05,1.7,FALSE,0.642645688204708,4,0.483781673618295,0.944444444444444,0.851851851851852,34,460,80,2,4.34381507358435,0.469616641436581
12,10,120,300,0.1,0.05,0.1,FALSE,0.642645688204708,5,0.41924839390038,0.514285714285714,0.951851851851852,18,514,26,17,3.58376210300499,0.202695658213673
12,10,120,300,0.1,0.05,0.9,FALSE,0.642645688204708,6,0.470655843689739,0.794117647058823,0.9,27,486,54,7,4.21255916725454,0.407665837690114
12,10,120,300,0.1,0.05,0.1,FALSE,0.642645688204708,7,0.489362788249738,0.628571428571429,0.948148148148148,22,512,28,13,4.34406059720637,0.334403199532876
12,10,120,300,0.1,0.05,0.3,FALSE,0.642645688204708,8,0.447223085846403,0.638888888888889,0.92962962962963,23,502,38,13,3.68773326110401,0.246934132905982
12,10,120,300,0.1,0.05,0.3,FALSE,0.642645688204708,9,0.510375389226545,0.8,0.914814814814815,28,494,46,7,3.81310343674482,-0.156842365685375
12,10,120,300,0.1,0.05,1.1,FALSE,0.642645688204708,10,0.376897724903669,0.794117647058823,0.840740740740741,27,454,86,7,3.48940564984952,0.307403592545591
12,10,120,300,0.1,0.1,0.7,FALSE,0.642645688204708,1,0.439609238730235,0.805555555555556,0.874074074074074,29,472,68,7,3.71739302917163,0.0627826768988051
12,10,120,300,0.1,0.1,0.9,FALSE,0.642645688204708,2,0.408969784901675,0.685714285714286,0.9,24,486,54,11,4.14986094387301,0.228507964220051
12,10,120,300,0.1,0.1,1.3,FALSE,0.642645688204708,3,0.467560345201434,0.828571428571429,0.885185185185185,29,478,62,6,4.26773512052126,0.661225844073879
12,10,120,300,0.1,0.1,1.3,FALSE,0.642645688204708,4,0.43754944181219,0.861111111111111,0.851851851851852,31,460,80,5,3.96331154937103,0.469417839688917
12,10,120,300,0.1,0.1,0.1,FALSE,0.642645688204708,5,0.42233798837472,0.428571428571429,0.97037037037037,15,524,16,20,3.45494499850207,0.447354335127587
12,10,120,300,0.1,0.1,0.7,FALSE,0.642645688204708,6,0.356640854268695,0.529411764705882,0.925925925925926,18,500,40,16,3.88601689969082,0.887883713155709
12,10,120,300,0.1,0.1,0.7,FALSE,0.642645688204708,7,0.5293503563989,0.771428571428571,0.92962962962963,27,502,38,8,3.95098429716676,0.331830200035112
12,10,120,300,0.1,0.1,1.5,FALSE,0.642645688204708,8,0.349155359432697,0.777777777777778,0.818518518518519,28,442,98,8,3.51703455388094,0.748885342845179
12,10,120,300,0.1,0.1,0.3,FALSE,0.642645688204708,9,0.489362788249738,0.628571428571429,0.948148148148148,22,512,28,13,3.63030554901717,0.223577612648227
12,10,120,300,0.1,0.1,0.5,FALSE,0.642645688204708,10,0.396714862515189,0.588235294117647,0.925925925925926,20,500,40,14,3.29871897542921,0.604064076498026
12,10,120,300,0.25,0.03,1.7,FALSE,0.642645688204708,1,0.622015543843965,0.885057471264368,0.857777777777778,77,386,64,10,4.37207076179623,0.277981363394283
12,10,120,300,0.25,0.03,0.1,FALSE,0.642645688204708,2,0.511542667429404,0.625,0.906666666666667,55,408,42,33,3.52489440668208,0.258165269990631
12,10,120,300,0.25,0.03,1.5,FALSE,0.642645688204708,3,0.622948526286576,0.875,0.862222222222222,77,388,62,11,4.80468050201899,0.232217076442605
12,10,120,300,0.25,0.03,0.9,FALSE,0.642645688204708,4,0.619982310730437,0.770114942528736,0.906666666666667,67,408,42,20,4.27939794354674,0.264712717441126
12,10,120,300,0.25,0.03,1.9,FALSE,0.642645688204708,5,0.47804833192701,0.827586206896552,0.777777777777778,72,350,100,15,3.93502248090233,0.679573661067292
12,10,120,300,0.25,0.03,1.1,FALSE,0.642645688204708,6,0.5658192486114,0.816091954022989,0.853333333333333,71,384,66,16,3.70143551182535,0.338395495481825
12,10,120,300,0.25,0.03,0.7,FALSE,0.642645688204708,7,0.587680690626619,0.651685393258427,0.933333333333333,58,420,30,31,4.91142485218191,0.513184695417608
12,10,120,300,0.25,0.03,1.9,FALSE,0.642645688204708,8,0.687327585036476,0.908045977011494,0.888888888888889,79,400,50,8,4.98449795725702,0.355952304876127
12,10,120,300,0.25,0.03,0.9,FALSE,0.642645688204708,9,0.604870780559807,0.689655172413793,0.928888888888889,60,418,32,27,4.8769313026385,0.676775571074124
12,10,120,300,0.25,0.03,1.3,FALSE,0.642645688204708,10,0.639734059002846,0.806818181818182,0.902222222222222,71,406,44,17,4.39505652574545,0.345404695954753
12,10,120,300,0.25,0.05,0.5,FALSE,0.642645688204708,1,0.649004395577403,0.632183908045977,0.964444444444444,55,434,16,32,4.33034910642253,0.44992202815596
12,10,120,300,0.25,0.05,0.9,FALSE,0.642645688204708,2,0.556880875613902,0.715909090909091,0.893333333333333,63,402,48,25,3.76030216362385,0.474689624885465
12,10,120,300,0.25,0.05,1.5,FALSE,0.642645688204708,3,0.647886097872591,0.806818181818182,0.906666666666667,71,408,42,17,4.83435044911388,0.520415929977689
12,10,120,300,0.25,0.05,1.1,FALSE,0.642645688204708,4,0.621732898606873,0.816091954022989,0.888888888888889,71,400,50,16,4.25612783237038,0.377122087559698
12,10,120,300,0.25,0.05,0.9,FALSE,0.642645688204708,5,0.467606998539396,0.620689655172414,0.884444444444444,54,398,52,33,4.02315169520694,0.834147166126271
12,10,120,300,0.25,0.05,1.5,FALSE,0.642645688204708,6,0.534121430351542,0.839080459770115,0.817777777777778,73,368,82,14,3.66227003602026,0.464869744642148
12,10,120,300,0.25,0.05,1.7,FALSE,0.642645688204708,7,0.571438493883563,0.764044943820225,0.88,68,396,54,21,5.02192686515594,0.806894461234122
12,10,120,300,0.25,0.05,0.9,FALSE,0.642645688204708,8,0.614569355157409,0.689655172413793,0.933333333333333,60,420,30,27,4.9388377855526,0.625455761110922
12,10,120,300,0.25,0.05,1.5,FALSE,0.642645688204708,9,0.589137189583507,0.781609195402299,0.884444444444444,68,398,52,19,4.93707980031596,0.752007855400274
12,10,120,300,0.25,0.05,1.5,FALSE,0.642645688204708,10,0.579020064713838,0.795454545454545,0.871111111111111,70,392,58,18,4.46354757258171,0.631933934975358
12,10,120,300,0.25,0.1,1.9,FALSE,0.642645688204708,1,0.574163643798161,0.827586206896552,0.853333333333333,72,384,66,15,4.07768559370425,0.820432863943084
12,10,120,300,0.25,0.1,1.5,FALSE,0.642645688204708,2,0.482788611261554,0.727272727272727,0.84,64,378,72,24,3.73560694581318,0.866154508472214
12,10,120,300,0.25,0.1,0.9,FALSE,0.642645688204708,3,0.697147116692406,0.602272727272727,0.986666666666667,53,444,6,35,4.42479430239143,0.729629012872682
12,10,120,300,0.25,0.1,1.7,FALSE,0.642645688204708,4,0.594113050007073,0.827586206896552,0.866666666666667,72,390,60,15,4.14349777557201,0.697189014367
12,10,120,300,0.25,0.1,2.9,FALSE,0.642645688204708,5,0.416072417019136,0.896551724137931,0.662222222222222,78,298,152,9,3.9367570846244,1.33786742815539
12,10,120,300,0.25,0.1,1.3,FALSE,0.642645688204708,6,0.453257108349767,0.689655172413793,0.84,60,378,72,27,3.40932551479314,0.824189374370924
12,10,120,300,0.25,0.1,1.7,FALSE,0.642645688204708,7,0.534258100058058,0.674157303370786,0.897777777777778,60,404,46,29,5.01063955627361,1.2119604851536
12,10,120,300,0.25,0.1,1.3,FALSE,0.642645688204708,8,0.524995371233115,0.64367816091954,0.906666666666667,56,408,42,31,4.41717021296535,1.09622314320958
12,10,120,300,0.25,0.1,2.3,FALSE,0.642645688204708,9,0.495039769564557,0.793103448275862,0.813333333333333,69,366,84,18,4.42020443053238,1.50927594476703
12,10,120,300,0.25,0.1,1.1,FALSE,0.642645688204708,10,0.539498707657981,0.590909090909091,0.933333333333333,52,420,30,36,4.29874804717875,1.17562451068472
12,10,120,500,0.05,0.03,0.3,FALSE,0.642645688204708,1,0.497046395027808,0.827586206896552,0.947368421052632,24,900,50,5,4.94404284413908,-0.050076702842775
12,10,120,500,0.05,0.03,1.3,FALSE,0.642645688204708,2,0.303815600593803,0.9,0.814736842105263,27,774,176,3,4.23442058928554,0.182361300247521
12,10,120,500,0.05,0.03,0.1,FALSE,0.642645688204708,3,0.450883349489441,0.551724137931034,0.974736842105263,16,926,24,13,4.99153496314383,0.476931053977423
12,10,120,500,0.05,0.03,0.1,FALSE,0.642645688204708,4,0.441709093354479,0.642857142857143,0.962105263157895,18,914,36,10,4.62060331028301,0.427589339148182
12,10,120,500,0.05,0.03,0.5,FALSE,0.642645688204708,5,0.363596036768618,0.666666666666667,0.930526315789474,20,884,66,10,4.95324491847024,0.646775628191998
12,10,120,500,0.05,0.03,0.3,FALSE,0.642645688204708,6,0.415087252161153,0.741935483870968,0.932631578947368,23,886,64,8,4.20227589221776,0.00497656584940544
12,10,120,500,0.05,0.03,1.7,FALSE,0.642645688204708,7,0.352554286946959,0.96551724137931,0.84,28,798,152,1,5.28164943647638,0.248210620753813
12,10,120,500,0.05,0.03,0.1,FALSE,0.642645688204708,8,0.378826102162501,0.620689655172414,0.947368421052632,18,900,50,11,4.43845132819545,0.288356337801409
12,10,120,500,0.05,0.03,1.3,FALSE,0.642645688204708,9,0.282534289366317,0.866666666666667,0.806315789473684,26,766,184,4,3.51941706034722,0.135370362944688
12,10,120,500,0.05,0.03,0.1,FALSE,0.642645688204708,10,0.400349245792775,0.8,0.91578947368421,24,870,80,6,3.74415123545525,-0.401144471000968
12,10,120,500,0.05,0.05,0.1,FALSE,0.642645688204708,1,0.485603278904474,0.689655172413793,0.96421052631579,20,916,34,9,4.89393815408678,0.179119179008352
12,10,120,500,0.05,0.05,0.5,FALSE,0.642645688204708,2,0.32435806066969,0.733333333333333,0.892631578947368,22,848,102,8,4.14764978764766,0.384694682318423
12,10,120,500,0.05,0.05,1.1,FALSE,0.642645688204708,3,0.428593191334885,0.827586206896552,0.924210526315789,24,878,72,5,4.90799513091811,0.378672890448062
12,10,120,500,0.05,0.05,0.3,FALSE,0.642645688204708,4,0.332894970672332,0.571428571428571,0.943157894736842,16,896,54,12,4.56188929871543,0.557823333614294
12,10,120,500,0.05,0.05,1.5,FALSE,0.642645688204708,5,0.308680152174661,0.8,0.858947368421053,24,816,134,6,4.93141781855516,0.833540869213916
12,10,120,500,0.05,0.05,0.1,FALSE,0.642645688204708,6,0.363661979760561,0.580645161290323,0.947368421052632,18,900,50,13,4.23285678918211,0.294554298027124
12,10,120,500,0.05,0.05,0.5,FALSE,0.642645688204708,7,0.432411098914894,0.793103448275862,0.932631578947368,23,886,64,6,5.05716729628666,-0.175367346773056
12,10,120,500,0.05,0.05,0.1,FALSE,0.642645688204708,8,0.461579780916499,0.724137931034483,0.953684210526316,21,906,44,8,4.25449584896439,0.00453334648151063
12,10,120,500,0.05,0.05,0.1,FALSE,0.642645688204708,9,0.335664364063486,0.666666666666667,0.917894736842105,20,872,78,10,3.50211515211521,-0.0832870131866975
12,10,120,500,0.05,0.05,0.1,FALSE,0.642645688204708,10,0.361884318255822,0.733333333333333,0.913684210526316,22,868,82,8,3.74551053308861,-0.190625371827542
12,10,120,500,0.05,0.1,0.1,FALSE,0.642645688204708,1,0.454489697321125,0.655172413793103,0.962105263157895,19,914,36,10,4.33577509572973,0.140419068340705
12,10,120,500,0.05,0.1,0.3,FALSE,0.642645688204708,2,0.311428250079311,0.7,0.894736842105263,21,850,100,9,3.61453192615495,0.167849850297991
12,10,120,500,0.05,0.1,0.7,FALSE,0.642645688204708,3,0.41599155421876,0.793103448275862,0.926315789473684,23,880,70,6,4.13397073175221,0.16444085611067
12,10,120,500,0.05,0.1,0.3,FALSE,0.642645688204708,4,0.388246758941279,0.75,0.926315789473684,21,880,70,7,4.02107597721013,0.214621747318037
12,10,120,500,0.05,0.1,1.1,FALSE,0.642645688204708,5,0.293818521723602,0.766666666666667,0.858947368421053,23,816,134,7,4.28023046546502,0.674900493417224
12,10,120,500,0.05,0.1,1.1,FALSE,0.642645688204708,6,0.326632239795104,0.806451612903226,0.867368421052632,25,824,126,6,4.02430770101793,0.34688837695822
12,10,120,500,0.05,0.1,0.1,FALSE,0.642645688204708,7,0.406788312296027,0.724137931034483,0.936842105263158,21,890,60,8,4.08630612703232,-0.0972134336141092
12,10,120,500,0.05,0.1,0.1,FALSE,0.642645688204708,8,0.419165333369376,0.689655172413793,0.947368421052632,20,900,50,9,3.74460710848566,0.00953486775206396
12,10,120,500,0.05,0.1,1.1,FALSE,0.642645688204708,9,0.271760353664205,0.866666666666667,0.793684210526316,26,754,196,4,3.10807439981879,0.252796437564996
12,10,120,500,0.05,0.1,0.9,FALSE,0.642645688204708,10,0.297040444390992,0.833333333333333,0.835789473684211,25,794,156,5,3.55809024398577,0.191124379640703
12,10,120,500,0.1,0.03,0.7,FALSE,0.642645688204708,1,0.370087415518333,0.741379310344828,0.855555555555556,43,770,130,15,3.83742245204888,0.290291877310647
12,10,120,500,0.1,0.03,0.9,FALSE,0.642645688204708,2,0.442376606150972,0.827586206896552,0.871111111111111,48,784,116,10,4.08453825281141,0.157112703204186
12,10,120,500,0.1,0.03,1.9,FALSE,0.642645688204708,3,0.466737112146686,0.949152542372881,0.84,56,756,144,3,4.93313730772376,0.119095153243514
12,10,120,500,0.1,0.03,0.1,FALSE,0.642645688204708,4,0.453636389064815,0.5,0.964444444444444,29,868,32,29,4.91868988851011,0.545804521108885
12,10,120,500,0.1,0.03,0.9,FALSE,0.642645688204708,5,0.533444079680762,0.862068965517241,0.908888888888889,50,818,82,8,4.79311671098716,-0.0204144485785119
12,10,120,500,0.1,0.03,0.7,FALSE,0.642645688204708,6,0.347331077644998,0.706896551724138,0.853333333333333,41,768,132,17,3.69300306525249,0.345710403396825
12,10,120,500,0.1,0.03,0.3,FALSE,0.642645688204708,7,0.571816746105005,0.793103448275862,0.94,46,846,54,12,4.43854024868302,-0.0977564647809541
12,10,120,500,0.1,0.03,0.3,FALSE,0.642645688204708,8,0.485347323893278,0.711864406779661,0.926666666666667,42,834,66,17,4.57063123563748,0.102098460405577
12,10,120,500,0.1,0.03,0.5,FALSE,0.642645688204708,9,0.410949571117553,0.655172413793103,0.911111111111111,38,820,80,20,4.30337988923588,0.380345361390689
12,10,120,500,0.1,0.03,0.7,FALSE,0.642645688204708,10,0.384448048780981,0.711864406779661,0.875555555555556,42,788,112,17,4.12778068313369,0.362443263459581
12,10,120,500,0.1,0.05,0.1,FALSE,0.642645688204708,1,0.366307480502895,0.586206896551724,0.911111111111111,34,820,80,24,3.75530855556459,0.336851706365293
12,10,120,500,0.1,0.05,0.3,FALSE,0.642645688204708,2,0.480650604784759,0.672413793103448,0.935555555555556,39,842,58,19,4.01255751060846,0.187046533086867
12,10,120,500,0.1,0.05,1.7,FALSE,0.642645688204708,3,0.485711676635428,0.949152542372881,0.853333333333333,56,768,132,3,4.72513411994386,0.434361371310549
12,10,120,500,0.1,0.05,0.9,FALSE,0.642645688204708,4,0.43284077918871,0.689655172413793,0.911111111111111,40,820,80,18,4.94501866411277,0.592569342384011
12,10,120,500,0.1,0.05,0.7,FALSE,0.642645688204708,5,0.553799769798105,0.896551724137931,0.908888888888889,52,818,82,6,4.82261104425964,-0.00211962386794024
12,10,120,500,0.1,0.05,0.7,FALSE,0.642645688204708,6,0.364086381861244,0.741379310344828,0.851111111111111,43,766,134,15,3.70034438714212,0.229887913914595
12,10,120,500,0.1,0.05,0.5,FALSE,0.642645688204708,7,0.480719518324265,0.758620689655172,0.913333333333333,44,822,78,14,4.15743236736833,0.230884167051185
12,10,120,500,0.1,0.05,0.3,FALSE,0.642645688204708,8,0.511794878913747,0.779661016949153,0.92,46,828,72,13,4.46232505165272,-0.170952656323219
12,10,120,500,0.1,0.05,0.7,FALSE,0.642645688204708,9,0.423454565873716,0.724137931034483,0.895555555555556,42,806,94,16,4.29285000086468,0.343237719015958
12,10,120,500,0.1,0.05,0.1,FALSE,0.642645688204708,10,0.424442506405717,0.627118644067797,0.924444444444444,37,832,68,22,4.22451377135071,0.336200740123176
12,10,120,500,0.1,0.1,0.1,FALSE,0.642645688204708,1,0.363898971014859,0.568965517241379,0.915555555555556,33,824,76,25,3.37224983340522,0.439075726314355
12,10,120,500,0.1,0.1,0.3,FALSE,0.642645688204708,2,0.501735130366525,0.741379310344828,0.926666666666667,43,834,66,15,3.56183021130031,0.0651472883997737
12,10,120,500,0.1,0.1,1.1,FALSE,0.642645688204708,3,0.400688577127651,0.76271186440678,0.866666666666667,45,780,120,14,4.08568272402722,0.407767436317952
12,10,120,500,0.1,0.1,0.1,FALSE,0.642645688204708,4,0.398005927094593,0.517241379310345,0.944444444444444,30,850,50,28,4.26005653889127,0.588526491649443
12,10,120,500,0.1,0.1,0.1,FALSE,0.642645688204708,5,0.574751771193587,0.741379310344828,0.951111111111111,43,856,44,15,4.36219424753386,-0.120445238368502
12,10,120,500,0.1,0.1,1.1,FALSE,0.642645688204708,6,0.366297908312096,0.775862068965517,0.837777777777778,45,754,146,13,3.43146379232895,0.391543696404159
12,10,120,500,0.1,0.1,0.1,FALSE,0.642645688204708,7,0.470090011095163,0.637931034482759,0.94,37,846,54,21,3.65950739461529,0.265773379745445
12,10,120,500,0.1,0.1,0.1,FALSE,0.642645688204708,8,0.446628226156888,0.627118644067797,0.933333333333333,37,840,60,22,3.89083351175726,0.015594198897808
12,10,120,500,0.1,0.1,0.5,FALSE,0.642645688204708,9,0.3783201555629,0.637931034482759,0.9,37,810,90,21,3.88012115382627,0.314739605763849
12,10,120,500,0.1,0.1,0.3,FALSE,0.642645688204708,10,0.379685897195863,0.610169491525424,0.908888888888889,36,818,82,23,3.83748034306032,0.607566836345494
12,10,120,500,0.25,0.03,1.5,FALSE,0.642645688204708,1,0.589191646658469,0.863013698630137,0.845333333333333,126,634,116,20,4.31405056569972,0.188949998727775
12,10,120,500,0.25,0.03,2.1,FALSE,0.642645688204708,2,0.577404897695159,0.958904109589041,0.781333333333333,140,586,164,6,4.45132930926128,0.11552353320302
12,10,120,500,0.25,0.03,1.1,FALSE,0.642645688204708,3,0.633850626093585,0.808219178082192,0.898666666666667,118,674,76,28,5.28076565355753,0.182524589115215
12,10,120,500,0.25,0.03,0.5,FALSE,0.642645688204708,4,0.613303158714637,0.671232876712329,0.938666666666667,98,704,46,48,4.4542133806569,0.432514593695022
12,10,120,500,0.25,0.03,0.1,FALSE,0.642645688204708,5,0.530590967472347,0.623287671232877,0.917333333333333,91,688,62,55,3.83201786681981,0.280356453322662
12,10,120,500,0.25,0.03,0.7,FALSE,0.642645688204708,6,0.596884527646898,0.758620689655172,0.898666666666667,110,674,76,35,4.59903370674614,0.190353334020943
12,10,120,500,0.25,0.03,0.7,FALSE,0.642645688204708,7,0.731529116952828,0.808219178082192,0.946666666666667,118,710,40,28,5.06135692710212,-0.0489724818284042
12,10,120,500,0.25,0.03,0.9,FALSE,0.642645688204708,8,0.548091717019747,0.746575342465753,0.874666666666667,109,656,94,37,3.93701863626754,0.446670423010441
12,10,120,500,0.25,0.03,0.7,FALSE,0.642645688204708,9,0.578053655025475,0.719178082191781,0.904,105,678,72,41,4.19890104651069,0.323294705319164
12,10,120,500,0.25,0.03,0.7,FALSE,0.642645688204708,10,0.549808178682845,0.787671232876712,0.856,115,642,108,31,4.28809516143703,0.068186513264563
12,10,120,500,0.25,0.05,1.1,FALSE,0.642645688204708,1,0.585265657980168,0.767123287671233,0.888,112,666,84,34,4.43585748174658,0.221801620556998
12,10,120,500,0.25,0.05,1.5,FALSE,0.642645688204708,2,0.57020574229312,0.876712328767123,0.824,128,618,132,18,4.23190190754451,0.0751793612406316
12,10,120,500,0.25,0.05,0.5,FALSE,0.642645688204708,3,0.727775805339692,0.726027397260274,0.968,106,726,24,40,5.51344687090794,0.130075950716979
12,10,120,500,0.25,0.05,0.9,FALSE,0.642645688204708,4,0.62623421105471,0.712328767123288,0.930666666666667,104,698,52,42,4.72753266985072,0.588624800681369
12,10,120,500,0.25,0.05,0.3,FALSE,0.642645688204708,5,0.54747665773137,0.616438356164384,0.928,90,696,54,56,3.85613904663016,0.432845326156368
12,10,120,500,0.25,0.05,0.9,FALSE,0.642645688204708,6,0.638282766382553,0.744827586206897,0.925333333333333,108,694,56,37,4.6852374134556,0.362441207572948
12,10,120,500,0.25,0.05,0.3,FALSE,0.642645688204708,7,0.74227869620006,0.746575342465753,0.968,109,726,24,37,4.94663314760522,-0.0397558898157781
12,10,120,500,0.25,0.05,1.1,FALSE,0.642645688204708,8,0.50277716863452,0.73972602739726,0.848,108,636,114,38,4.06170515113091,0.594464830751191
12,10,120,500,0.25,0.05,0.5,FALSE,0.642645688204708,9,0.589180800763901,0.678082191780822,0.925333333333333,99,694,56,47,4.26660184794985,0.362713667572583
12,10,120,500,0.25,0.05,0.5,FALSE,0.642645688204708,10,0.573442185522223,0.726027397260274,0.898666666666667,106,674,76,40,4.26593322471039,0.152246755624051
12,10,120,500,0.25,0.1,0.7,FALSE,0.642645688204708,1,0.593422376390173,0.705479452054795,0.917333333333333,103,688,62,43,4.42590549730289,0.387391941618378
12,10,120,500,0.25,0.1,1.3,FALSE,0.642645688204708,2,0.522122886078943,0.815068493150685,0.821333333333333,119,616,134,27,3.88120481309401,0.341330029858972
12,10,120,500,0.25,0.1,1.5,FALSE,0.642645688204708,3,0.705714121776933,0.821917808219178,0.930666666666667,120,698,52,26,5.37668818874655,0.307951886196137
12,10,120,500,0.25,0.1,1.1,FALSE,0.642645688204708,4,0.603380892987001,0.732876712328767,0.912,107,684,66,39,4.33623379575264,0.729421142521298
12,10,120,500,0.25,0.1,0.7,FALSE,0.642645688204708,5,0.510131623616809,0.63013698630137,0.904,92,678,72,54,3.46151351896948,0.529057244930462
12,10,120,500,0.25,0.1,1.3,FALSE,0.642645688204708,6,0.540636016983883,0.76551724137931,0.861333333333333,111,646,104,34,4.20574280090595,0.612585499144842
12,10,120,500,0.25,0.1,1.3,FALSE,0.642645688204708,7,0.642133618655966,0.86986301369863,0.877333333333333,127,658,92,19,4.27937244216342,0.280154748349872
12,10,120,500,0.25,0.1,1.5,FALSE,0.642645688204708,8,0.485359877770105,0.76027397260274,0.824,111,618,132,35,4.12664130379569,0.876210545086002
12,10,120,500,0.25,0.1,1.1,FALSE,0.642645688204708,9,0.530438615925025,0.73972602739726,0.866666666666667,108,650,100,38,4.01150507404538,0.642836719491521
12,10,120,500,0.25,0.1,1.1,FALSE,0.642645688204708,10,0.567777399844531,0.801369863013699,0.861333333333333,117,646,104,29,4.1902407344374,0.35083053496728
16,3,48,100,0.05,0.03,1.5,FALSE,0.610597494726352,1,0.083508420628707,0.8,0.463157894736842,4,88,102,1,1.29309427899033,0.9952130830831
16,3,48,100,0.05,0.03,1.3,FALSE,0.610597494726352,2,0.0923583678212954,0.833333333333333,0.431578947368421,5,82,108,1,0.983645722421461,0.892066364698291
16,3,48,100,0.05,0.03,0.1,FALSE,0.610597494726352,3,0.194781618581192,0.833333333333333,0.694736842105263,5,132,58,1,0.848966997373571,-0.459745651512117
16,3,48,100,0.05,0.03,0.3,FALSE,0.610597494726352,4,0.243808786671449,1,0.673684210526316,6,128,62,0,0.945736637669492,-0.563134517383267
16,3,48,100,0.05,0.03,0.7,FALSE,0.610597494726352,5,0.181013311328638,0.857142857142857,0.621052631578947,6,118,72,1,1.24312961992759,0.285693562544787
16,3,48,100,0.05,0.03,1.1,FALSE,0.610597494726352,6,0.120289351066953,0.833333333333333,0.515789473684211,5,98,92,1,1.14826288074006,0.821929550334313
16,3,48,100,0.05,0.03,0.5,FALSE,0.610597494726352,7,0.20715931009029,1,0.557894736842105,7,106,84,0,0.942949639138568,-0.343948147211544
16,3,48,100,0.05,0.03,0.1,FALSE,0.610597494726352,8,0.0960604730925909,0.6,0.684210526315789,3,130,60,2,0.91092887893959,0.342774490783376
16,3,48,100,0.05,0.03,1.7,FALSE,0.610597494726352,9,0.138399579066425,1,0.389473684210526,6,74,116,0,1.2201117437167,0.120070075548024
16,3,48,100,0.05,0.03,0.1,FALSE,0.610597494726352,10,0.174169922341036,0.833333333333333,0.652631578947368,5,124,66,1,0.720255215984796,-0.346194454711327
16,3,48,100,0.05,0.05,1.3,FALSE,0.610597494726352,1,0.0965022168942415,0.8,0.505263157894737,4,96,94,1,1.3722895892124,0.709719062359463
16,3,48,100,0.05,0.05,2.1,FALSE,0.610597494726352,2,0.0984083864633284,1,0.242105263157895,6,46,144,0,1.17649311813149,1.03234698232996
16,3,48,100,0.05,0.05,0.9,FALSE,0.610597494726352,3,0.177704663327728,1,0.515789473684211,6,98,92,0,1.04558973584227,-0.0673272378105123
16,3,48,100,0.05,0.05,0.3,FALSE,0.610597494726352,4,0.280975743474508,1,0.736842105263158,6,140,50,0,1.28578081511375,-0.593671726797316
16,3,48,100,0.05,0.05,1.7,FALSE,0.610597494726352,5,0.101104300353013,0.857142857142857,0.410526315789474,6,78,112,1,1.58986262985919,1.63523753112946
16,3,48,100,0.05,0.05,1.7,FALSE,0.610597494726352,6,0.135411088866885,1,0.378947368421053,6,72,118,0,1.25774409821896,0.432582232015496
16,3,48,100,0.05,0.05,1.5,FALSE,0.610597494726352,7,0.155398220102888,1,0.410526315789474,7,78,112,0,1.07583844581939,0.167350978056784
16,3,48,100,0.05,0.05,1.7,FALSE,0.610597494726352,8,0.113386810975413,1,0.336842105263158,5,64,126,0,1.12764270183166,0.364415900475254
16,3,48,100,0.05,0.05,0.1,FALSE,0.610597494726352,9,0.149853729853071,0.666666666666667,0.726315789473684,4,138,52,2,1.37278806825918,-0.129734747843302
16,3,48,100,0.05,0.05,0.9,FALSE,0.610597494726352,10,0.192854822226825,1,0.557894736842105,6,106,84,0,1.16087405358315,-0.110447693146174
16,3,48,100,0.05,0.1,2.3,FALSE,0.610597494726352,1,0.0295789546658614,0.8,0.284210526315789,4,54,136,1,1.47391365703361,1.79637174084038
16,3,48,100,0.05,0.1,1.9,FALSE,0.610597494726352,2,0.129523417919208,1,0.357894736842105,6,68,122,0,1.39167341730762,1.12557496647194
16,3,48,100,0.05,0.1,1.1,FALSE,0.610597494726352,3,0.181369062527503,1,0.526315789473684,6,100,90,0,1.34831710758161,0.306281204773445
16,3,48,100,0.05,0.1,0.5,FALSE,0.610597494726352,4,0.312039133848035,1,0.778947368421053,6,148,42,0,1.46128905051303,-0.577685944613471
16,3,48,100,0.05,0.1,1.9,FALSE,0.610597494726352,5,0.101104300353013,0.857142857142857,0.410526315789474,6,78,112,1,1.69099885720154,1.38257684967501
16,3,48,100,0.05,0.1,0.1,FALSE,0.610597494726352,6,0.141328332722433,0.5,0.821052631578947,3,156,34,3,1.45111297837029,0.36188340507601
16,3,48,100,0.05,0.1,1.9,FALSE,0.610597494726352,7,0.0620046275742108,0.857142857142857,0.294736842105263,6,56,134,1,1.26968031333257,1.43035918227747
16,3,48,100,0.05,0.1,2.7,FALSE,0.610597494726352,8,0.0849937774690732,1,0.221052631578947,5,42,148,0,1.53878435242085,0.974820645986203
16,3,48,100,0.05,0.1,2.1,FALSE,0.610597494726352,9,0.132453235706504,1,0.368421052631579,6,70,120,0,1.56053197701116,0.850717961004314
16,3,48,100,0.05,0.1,1.5,FALSE,0.610597494726352,10,0.157127321670393,1,0.452631578947368,6,86,104,0,1.45039130055691,0.653053911781466
16,3,48,100,0.1,0.03,0.3,FALSE,0.610597494726352,1,0.260895802823169,0.692307692307692,0.766666666666667,9,138,42,4,1.42123728742109,-0.160375419083806
16,3,48,100,0.1,0.03,0.3,FALSE,0.610597494726352,2,0.175715874001379,0.538461538461538,0.766666666666667,7,138,42,6,1.42437673907272,0.844423434748895
16,3,48,100,0.1,0.03,0.1,FALSE,0.610597494726352,3,0.140955824998256,0.5,0.755555555555556,6,136,44,6,1.0281315243689,0.432515095329165
16,3,48,100,0.1,0.03,1.1,FALSE,0.610597494726352,4,0.216856922681093,0.909090909090909,0.555555555555556,10,100,80,1,1.33294244486887,0.366129912180669
16,3,48,100,0.1,0.03,1.3,FALSE,0.610597494726352,5,0.188025358272589,1,0.388888888888889,11,70,110,0,1.10530493874926,-0.0108256578451443
16,3,48,100,0.1,0.03,0.9,FALSE,0.610597494726352,6,0.109581790559965,0.615384615384615,0.6,8,108,72,5,1.24138192469748,0.784964012906746
16,3,48,100,0.1,0.03,1.7,FALSE,0.610597494726352,7,0.165683373915903,1,0.311111111111111,12,56,124,0,0.96268066029817,0.130125712335871
16,3,48,100,0.1,0.03,1.9,FALSE,0.610597494726352,8,0.154622268697014,1,0.266666666666667,13,48,132,0,0.843519388801662,0.113682666255212
16,3,48,100,0.1,0.03,0.5,FALSE,0.610597494726352,9,0.135369990697246,0.636363636363636,0.644444444444444,7,116,64,4,1.11345364177954,0.255613007515785
16,3,48,100,0.1,0.03,0.3,FALSE,0.610597494726352,10,0.221334781957246,0.666666666666667,0.744444444444444,8,134,46,4,1.39776425463646,0.531183660291837
16,3,48,100,0.1,0.05,0.1,FALSE,0.610597494726352,1,0.377327541213591,0.846153846153846,0.8,11,144,36,2,1.56875908467247,-0.0917742692580674
16,3,48,100,0.1,0.05,0.3,FALSE,0.610597494726352,2,0.291814881656034,0.692307692307692,0.8,9,144,36,4,1.5868080402271,0.795241954947029
16,3,48,100,0.1,0.05,1.1,FALSE,0.610597494726352,3,0.188638819472703,0.833333333333333,0.555555555555556,10,100,80,2,1.24811798062861,0.717984947641713
16,3,48,100,0.1,0.05,0.9,FALSE,0.610597494726352,4,0.154538227898678,0.727272727272727,0.6,8,108,72,3,1.36120351180466,0.731757427457493
16,3,48,100,0.1,0.05,0.9,FALSE,0.610597494726352,5,0.197132799603522,0.818181818181818,0.6,9,108,72,2,1.39035148192156,0.438554885788425
16,3,48,100,0.1,0.05,1.9,FALSE,0.610597494726352,6,0.207304622745298,1,0.4,13,72,108,0,1.44473348465531,0.243322141628381
16,3,48,100,0.1,0.05,1.3,FALSE,0.610597494726352,7,0.227710017021324,1,0.466666666666667,12,84,96,0,1.12318141635139,0.121692983603416
16,3,48,100,0.1,0.05,2.5,FALSE,0.610597494726352,8,0.0861891607371335,1,0.1,13,18,162,0,0.946366566132196,0.51526125135042
16,3,48,100,0.1,0.05,0.3,FALSE,0.610597494726352,9,0.144227912952672,0.545454545454545,0.733333333333333,6,132,48,5,1.31900937258776,0.682515683035086
16,3,48,100,0.1,0.05,1.1,FALSE,0.610597494726352,10,0.29277002188456,1,0.6,12,108,72,0,1.55317667639415,0.316357660690987
16,3,48,100,0.1,0.1,1.3,FALSE,0.610597494726352,1,0.291132318711343,0.923076923076923,0.644444444444444,12,116,64,1,1.89801044902148,0.256558873749557
16,3,48,100,0.1,0.1,1.1,FALSE,0.610597494726352,2,0.281691489524432,0.846153846153846,0.688888888888889,11,124,56,2,1.7058123172018,1.00157284546414
16,3,48,100,0.1,0.1,1.1,FALSE,0.610597494726352,3,0.265077787684609,0.916666666666667,0.622222222222222,11,112,68,1,1.5575168257362,0.492828632364606
16,3,48,100,0.1,0.1,0.1,FALSE,0.610597494726352,4,0.278765231136206,0.545454545454545,0.877777777777778,6,158,22,5,1.65868731738805,0.406547284297971
16,3,48,100,0.1,0.1,0.3,FALSE,0.610597494726352,5,0.291731213090948,0.727272727272727,0.8,8,144,36,3,1.59398371196793,0.195258682453964
16,3,48,100,0.1,0.1,0.3,FALSE,0.610597494726352,6,0.295871590294497,0.615384615384615,0.844444444444444,8,152,28,5,1.87215960867443,0.416473161923263
16,3,48,100,0.1,0.1,1.3,FALSE,0.610597494726352,7,0.274873708374511,1,0.566666666666667,12,102,78,0,1.31491263652252,0.0459931389999929
16,3,48,100,0.1,0.1,0.9,FALSE,0.610597494726352,8,0.141247169449841,0.615384615384615,0.655555555555556,8,118,62,5,1.25805739170071,0.753193171214631
16,3,48,100,0.1,0.1,2.3,FALSE,0.610597494726352,9,0.171380371387196,1,0.344444444444444,11,62,118,0,1.61365302938027,0.785205787156577
16,3,48,100,0.1,0.1,1.9,FALSE,0.610597494726352,10,0.213574425172396,1,0.433333333333333,12,78,102,0,1.74716927327853,0.937210339878238
16,3,48,100,0.25,0.03,1.1,FALSE,0.610597494726352,1,0.240742638496237,0.793103448275862,0.533333333333333,23,80,70,6,1.15666512720604,0.490089550353082
16,3,48,100,0.25,0.03,0.1,FALSE,0.610597494726352,2,0.200119625801006,0.517241379310345,0.733333333333333,15,110,40,14,1.19032341874443,0.505827220646225
16,3,48,100,0.25,0.03,0.5,FALSE,0.610597494726352,3,0.274127606422912,0.766666666666667,0.6,23,90,60,7,0.992536923035103,0.266890557077505
16,3,48,100,0.25,0.03,0.9,FALSE,0.610597494726352,4,0.185243291585223,0.766666666666667,0.48,23,72,78,7,0.785508972154782,0.508399014416129
16,3,48,100,0.25,0.03,0.7,FALSE,0.610597494726352,5,0.239948995892268,0.724137931034483,0.6,21,90,60,8,1.06891721178779,0.437161319243381
16,3,48,100,0.25,0.03,0.5,FALSE,0.610597494726352,6,0.157589552699985,0.571428571428571,0.64,16,96,54,12,1.09471731972561,0.653138653984827
16,3,48,100,0.25,0.03,0.5,FALSE,0.610597494726352,7,0.157913282288698,0.642857142857143,0.573333333333333,18,86,64,10,0.818426601865913,0.472975042372551
16,3,48,100,0.25,0.03,0.1,FALSE,0.610597494726352,8,0.228375069597785,0.6,0.693333333333333,18,104,46,12,1.12679429441982,0.381761620282579
16,3,48,100,0.25,0.03,0.1,FALSE,0.610597494726352,9,0.291934604563894,0.620689655172414,0.746666666666667,18,112,38,11,0.991064716354118,-0.0640538908819474
16,3,48,100,0.25,0.03,1.1,FALSE,0.610597494726352,10,0.206367828206615,0.75,0.533333333333333,21,80,70,7,1.19727217951088,0.579363147196032
16,3,48,100,0.25,0.05,0.1,FALSE,0.610597494726352,1,0.213002301405877,0.482758620689655,0.773333333333333,14,116,34,15,1.38080674101569,0.726620867703086
16,3,48,100,0.25,0.05,1.1,FALSE,0.610597494726352,2,0.239948995892268,0.724137931034483,0.6,21,90,60,8,1.44240823632052,0.740204651154947
16,3,48,100,0.25,0.05,0.5,FALSE,0.610597494726352,3,0.240511574329698,0.6,0.706666666666667,18,106,44,12,1.19720961275648,0.619903498547928
16,3,48,100,0.25,0.05,0.1,FALSE,0.610597494726352,4,0.140642169281549,0.5,0.68,15,102,48,15,0.851383131364013,0.480541470137912
16,3,48,100,0.25,0.05,0.1,FALSE,0.610597494726352,5,0.101117254206502,0.344827586206897,0.773333333333333,10,116,34,19,1.23699576056966,0.81160263517631
16,3,48,100,0.25,0.05,0.1,FALSE,0.610597494726352,6,0.196255266250958,0.464285714285714,0.773333333333333,13,116,34,15,1.26683382904643,0.706858488948829
16,3,48,100,0.25,0.05,0.1,FALSE,0.610597494726352,7,0.110122782391538,0.357142857142857,0.773333333333333,10,116,34,18,0.995112733564945,0.850046651705312
16,3,48,100,0.25,0.05,0.9,FALSE,0.610597494726352,8,0.196541525964798,0.633333333333333,0.626666666666667,19,94,56,11,1.38791949453935,0.869758419507223
16,3,48,100,0.25,0.05,0.1,FALSE,0.610597494726352,9,0.346487495760572,0.551724137931034,0.84,16,126,24,13,1.16235633835339,0.19573141179032
16,3,48,100,0.25,0.05,0.3,FALSE,0.610597494726352,10,0.175708422000695,0.535714285714286,0.693333333333333,15,104,46,13,1.25410622429416,0.568111850182624
16,3,48,100,0.25,0.1,0.1,FALSE,0.610597494726352,1,0.30154733420347,0.517241379310345,0.826666666666667,15,124,26,14,1.50325486463491,0.795101365969434
16,3,48,100,0.25,0.1,1.1,FALSE,0.610597494726352,2,0.1447635261743,0.551724137931034,0.64,16,96,54,13,1.65286826539389,1.2279844991725
16,3,48,100,0.25,0.1,2.3,FALSE,0.610597494726352,3,0.0975900072948533,0.8,0.32,24,48,102,6,1.54015612835855,1.57900281997397
16,3,48,100,0.25,0.1,1.3,FALSE,0.610597494726352,4,0.210579893158665,0.8,0.48,24,72,78,6,1.11557620624199,0.654866462061011
16,3,48,100,0.25,0.1,0.9,FALSE,0.610597494726352,5,0.137446927257579,0.482758620689655,0.693333333333333,14,104,46,15,1.61285479806627,1.08391271479424
16,3,48,100,0.25,0.1,0.9,FALSE,0.610597494726352,6,0.168421119644017,0.571428571428571,0.653333333333333,16,98,52,12,1.51832857987499,0.740338230702038
16,3,48,100,0.25,0.1,2.7,FALSE,0.610597494726352,7,0.135780020591284,1,0.106666666666667,28,16,134,0,1.05871943541565,1.13069737795606
16,3,48,100,0.25,0.1,1.5,FALSE,0.610597494726352,8,0.273719930986392,0.833333333333333,0.533333333333333,25,80,70,5,1.51199669027414,0.784781156107324
16,3,48,100,0.25,0.1,1.5,FALSE,0.610597494726352,9,0.343410798722351,0.931034482758621,0.533333333333333,27,80,70,2,1.50344222936506,0.507340041147795
16,3,48,100,0.25,0.1,0.7,FALSE,0.610597494726352,10,0.0699798538775721,0.535714285714286,0.56,15,84,66,13,1.15680201208416,1.10479842453035
16,3,48,300,0.05,0.03,1.1,FALSE,0.610597494726352,1,0.151416906643869,0.944444444444444,0.494736842105263,17,282,288,1,1.16136799570158,0.103852144986214
16,3,48,300,0.05,0.03,1.3,FALSE,0.610597494726352,2,0.111211366207239,0.941176470588235,0.378947368421053,16,216,354,1,0.939773219573963,0.0673671313070655
16,3,48,300,0.05,0.03,1.3,FALSE,0.610597494726352,3,0.120876609617217,1,0.326315789473684,18,186,384,0,0.704011656515498,-0.0333638298990342
16,3,48,300,0.05,0.03,0.3,FALSE,0.610597494726352,4,0.157108390410195,0.823529411764706,0.631578947368421,14,360,210,3,1.01287577766458,-0.111627048903981
16,3,48,300,0.05,0.03,1.3,FALSE,0.610597494726352,5,0.0896430687117982,0.882352941176471,0.375438596491228,15,214,356,2,0.882846330248301,0.105249781826875
16,3,48,300,0.05,0.03,0.7,FALSE,0.610597494726352,6,0.101297235131471,0.764705882352941,0.536842105263158,13,306,264,4,1.02797965581569,-0.00200613012203404
16,3,48,300,0.05,0.03,1.3,FALSE,0.610597494726352,7,0.0784181589272983,0.888888888888889,0.32280701754386,16,184,386,2,0.75320199364969,0.493306724841897
16,3,48,300,0.05,0.03,0.9,FALSE,0.610597494726352,8,0.16151457061745,1,0.466666666666667,18,266,304,0,0.939421379175942,-0.283680889330373
16,3,48,300,0.05,0.03,0.1,FALSE,0.610597494726352,9,0.101693851481289,0.705882352941177,0.592982456140351,12,338,232,5,0.591143599741945,0.262094643644688
16,3,48,300,0.05,0.03,0.7,FALSE,0.610597494726352,10,0.104889170602565,0.833333333333333,0.470175438596491,15,268,302,3,0.831138337106202,0.122935350417678
16,3,48,300,0.05,0.05,1.1,FALSE,0.610597494726352,1,0.146782224491395,0.944444444444444,0.480701754385965,17,274,296,1,1.16271483237488,-0.0672716564824249
16,3,48,300,0.05,0.05,0.3,FALSE,0.610597494726352,2,0.183416295782151,0.882352941176471,0.645614035087719,15,368,202,2,1.01725863747125,-0.271378764370614
16,3,48,300,0.05,0.05,1.3,FALSE,0.610597494726352,3,0.0890135088514353,0.944444444444444,0.287719298245614,17,164,406,1,0.603226716221364,0.0603293786040652
16,3,48,300,0.05,0.05,0.3,FALSE,0.610597494726352,4,0.148456022344797,0.823529411764706,0.610526315789474,14,348,222,3,0.950745467290534,-0.328099686455802
16,3,48,300,0.05,0.05,0.1,FALSE,0.610597494726352,5,0.109373839139298,0.647058823529412,0.663157894736842,11,378,192,6,0.78757241552328,0.322980240978426
16,3,48,300,0.05,0.05,0.3,FALSE,0.610597494726352,6,0.16193636274846,0.764705882352941,0.687719298245614,13,392,178,4,1.2051147716794,-0.0782271121724429
16,3,48,300,0.05,0.05,0.7,FALSE,0.610597494726352,7,0.0798572491855665,0.777777777777778,0.452631578947368,14,258,312,4,0.674431974419614,0.0611976451059299
16,3,48,300,0.05,0.05,0.5,FALSE,0.610597494726352,8,0.13666494933583,0.833333333333333,0.56140350877193,15,320,250,3,0.978131055979853,-0.0891517170045134
16,3,48,300,0.05,0.05,0.1,FALSE,0.610597494726352,9,0.0579492643621547,0.588235294117647,0.582456140350877,10,332,238,7,0.661839923813323,0.562082836022729
16,3,48,300,0.05,0.05,0.7,FALSE,0.610597494726352,10,0.115464286552645,0.833333333333333,0.501754385964912,15,286,284,3,0.938238640305375,-0.011406880540906
16,3,48,300,0.05,0.1,0.1,FALSE,0.610597494726352,1,0.204071945579902,0.888888888888889,0.673684210526316,16,384,186,2,0.935670616429404,-0.434076974036682
16,3,48,300,0.05,0.1,0.9,FALSE,0.610597494726352,2,0.152086508117889,0.941176470588235,0.512280701754386,16,292,278,1,1.12042502480355,-0.256242213776967
16,3,48,300,0.05,0.1,0.1,FALSE,0.610597494726352,3,0.150187852296528,0.833333333333333,0.596491228070175,15,340,230,3,0.743405565932155,-0.257333196449707
16,3,48,300,0.05,0.1,1.1,FALSE,0.610597494726352,4,0.124522968882862,0.941176470588235,0.424561403508772,16,242,328,1,0.979214704052647,-0.227287085185678
16,3,48,300,0.05,0.1,0.1,FALSE,0.610597494726352,5,0.0592060122545825,0.588235294117647,0.585964912280702,10,334,236,7,0.687801931015655,0.364985839058083
16,3,48,300,0.05,0.1,2.3,FALSE,0.610597494726352,6,0.0948349055705945,1,0.23859649122807,17,136,434,0,1.14041659362056,0.376002891329972
16,3,48,300,0.05,0.1,0.9,FALSE,0.610597494726352,7,0.108494496130581,0.888888888888889,0.421052631578947,16,240,330,2,0.780636733511788,-0.0365737738414112
16,3,48,300,0.05,0.1,0.3,FALSE,0.610597494726352,8,0.122705981552576,0.722222222222222,0.624561403508772,13,356,214,5,1.08089153566657,0.33589323516863
16,3,48,300,0.05,0.1,0.3,FALSE,0.610597494726352,9,0.0839873248764504,0.705882352941177,0.543859649122807,12,310,260,5,0.61308855192598,0.475318852402592
16,3,48,300,0.05,0.1,1.1,FALSE,0.610597494726352,10,0.159309131623998,1,0.459649122807018,18,262,308,0,1.05307879683139,-0.493014075259382
16,3,48,300,0.1,0.03,0.7,FALSE,0.610597494726352,1,0.130280066085807,0.828571428571429,0.440740740740741,29,238,302,6,0.564844284352928,-0.0605673842227774
16,3,48,300,0.1,0.03,1.3,FALSE,0.610597494726352,2,0.0728601901390652,0.852941176470588,0.285185185185185,29,154,386,5,0.465927757095095,0.450763512938979
16,3,48,300,0.1,0.03,1.1,FALSE,0.610597494726352,3,0.14394209112478,0.914285714285714,0.374074074074074,32,202,338,3,0.792373781142413,0.0405936610300218
16,3,48,300,0.1,0.03,0.9,FALSE,0.610597494726352,4,0.165919667286094,0.942857142857143,0.392592592592593,33,212,328,2,0.672553732216941,-0.229563832811337
16,3,48,300,0.1,0.03,0.9,FALSE,0.610597494726352,5,0.233120663737415,0.942857142857143,0.544444444444444,33,294,246,2,1.12474449858371,-0.159713969445815
16,3,48,300,0.1,0.03,0.5,FALSE,0.610597494726352,6,0.197417163609374,0.777777777777778,0.622222222222222,28,336,204,8,1.16356495522512,-0.171647114595093
16,3,48,300,0.1,0.03,0.5,FALSE,0.610597494726352,7,0.141061564139051,0.805555555555556,0.485185185185185,29,262,278,7,0.685563128166568,0.0851044485040899
16,3,48,300,0.1,0.03,1.3,FALSE,0.610597494726352,8,0.0997940265578332,0.8,0.403703703703704,28,218,322,7,0.943393050592225,0.407305358672941
16,3,48,300,0.1,0.03,0.3,FALSE,0.610597494726352,9,0.187012168651296,0.735294117647059,0.648148148148148,25,350,190,9,1.05111234653285,0.0804265628633294
16,3,48,300,0.1,0.03,1.7,FALSE,0.610597494726352,10,0.116005171154445,0.916666666666667,0.3,33,162,378,3,0.939522065746752,0.340221972686828
16,3,48,300,0.1,0.05,1.1,FALSE,0.610597494726352,1,0.112272178284768,0.885714285714286,0.333333333333333,31,180,360,4,0.554115093502301,-0.0397780563903735
16,3,48,300,0.1,0.05,2.3,FALSE,0.610597494726352,2,0.0873179322722217,1,0.114814814814815,34,62,478,0,0.571777370925678,0.32245172232708
16,3,48,300,0.1,0.05,0.5,FALSE,0.610597494726352,3,0.145289099875436,0.8,0.503703703703704,28,272,268,7,0.752883466786055,-0.0847384824531006
16,3,48,300,0.1,0.05,0.1,FALSE,0.610597494726352,4,0.235422963873313,0.857142857142857,0.625925925925926,30,338,202,5,0.787384326875777,-0.425717326313391
16,3,48,300,0.1,0.05,0.1,FALSE,0.610597494726352,5,0.21139686655064,0.771428571428571,0.655555555555556,27,354,186,8,1.08001733580856,-0.223272433808842
16,3,48,300,0.1,0.05,0.1,FALSE,0.610597494726352,6,0.190683628376683,0.638888888888889,0.722222222222222,23,390,150,13,1.14005210314653,-0.0245829563331649
16,3,48,300,0.1,0.05,0.7,FALSE,0.610597494726352,7,0.151260111436797,0.861111111111111,0.448148148148148,31,242,298,5,0.666526055321856,0.0744640453379055
16,3,48,300,0.1,0.05,0.1,FALSE,0.610597494726352,8,0.137135389319979,0.628571428571429,0.648148148148148,22,350,190,13,0.981409248883813,0.233269216887669
16,3,48,300,0.1,0.05,0.5,FALSE,0.610597494726352,9,0.152278734500916,0.705882352941177,0.611111111111111,24,330,210,10,1.04193690293643,0.153693765751209
16,3,48,300,0.1,0.05,0.7,FALSE,0.610597494726352,10,0.132800869174347,0.777777777777778,0.496296296296296,28,268,272,8,0.955746219513537,0.0523440117182534
16,3,48,300,0.1,0.1,1.3,FALSE,0.610597494726352,1,0.134549259705504,0.942857142857143,0.314814814814815,33,170,370,2,0.677454589123897,0.031456276253845
16,3,48,300,0.1,0.1,2.3,FALSE,0.610597494726352,2,0.0904446099641436,1,0.122222222222222,34,66,474,0,0.646230832672792,0.245892132655818
16,3,48,300,0.1,0.1,0.1,FALSE,0.610597494726352,3,0.142584244877367,0.714285714285714,0.581481481481481,25,314,226,10,0.709198138180693,-0.194723552004617
16,3,48,300,0.1,0.1,0.1,FALSE,0.610597494726352,4,0.174801261163528,0.714285714285714,0.640740740740741,25,346,194,10,0.782444742839157,-0.17833456642114
16,3,48,300,0.1,0.1,0.1,FALSE,0.610597494726352,5,0.227626280505556,0.771428571428571,0.681481481481481,27,368,172,8,1.08806975749142,-0.310584832555535
16,3,48,300,0.1,0.1,0.3,FALSE,0.610597494726352,6,0.175844388899154,0.694444444444444,0.655555555555556,25,354,186,11,1.0556570944974,0.075408899285416
16,3,48,300,0.1,0.1,0.5,FALSE,0.610597494726352,7,0.135415117161296,0.75,0.52962962962963,27,286,254,9,0.816327337621935,0.0826936185643886
16,3,48,300,0.1,0.1,2.5,FALSE,0.610597494726352,8,0.10760329953041,0.971428571428571,0.207407407407407,34,112,428,1,0.959204528110885,0.297633346516039
16,3,48,300,0.1,0.1,0.5,FALSE,0.610597494726352,9,0.0989652543210388,0.705882352941177,0.503703703703704,24,272,268,10,0.801307767521566,0.36058198733859
16,3,48,300,0.1,0.1,0.7,FALSE,0.610597494726352,10,0.156892632255612,0.805555555555556,0.518518518518518,29,280,260,7,1.02134112985167,-0.117539881420123
16,3,48,300,0.25,0.03,1.5,FALSE,0.610597494726352,1,0.0986757255323261,0.896551724137931,0.208888888888889,78,94,356,9,0.394180420167237,0.184895517777911
16,3,48,300,0.25,0.03,1.9,FALSE,0.610597494726352,2,0.189332432202256,0.920454545454545,0.306666666666667,81,138,312,7,1.10509354327485,0.294464246695126
16,3,48,300,0.25,0.03,0.9,FALSE,0.610597494726352,3,0.225792486860387,0.818181818181818,0.484444444444444,72,218,232,16,1.00842918266885,0.0604914649673297
16,3,48,300,0.25,0.03,0.5,FALSE,0.610597494726352,4,0.28353441049973,0.772727272727273,0.608888888888889,68,274,176,20,1.18497412721772,-0.10419148223835
16,3,48,300,0.25,0.03,0.5,FALSE,0.610597494726352,5,0.300872216125908,0.793103448275862,0.613333333333333,69,276,174,18,1.15115365027372,0.0573229404097469
16,3,48,300,0.25,0.03,0.7,FALSE,0.610597494726352,6,0.216503012195732,0.747126436781609,0.546666666666667,65,246,204,22,1.0447017059804,0.230639353325626
16,3,48,300,0.25,0.03,1.5,FALSE,0.610597494726352,7,0.204727830250542,0.897727272727273,0.36,79,162,288,9,1.01535389463917,0.200518478209294
16,3,48,300,0.25,0.03,0.3,FALSE,0.610597494726352,8,0.186601653836571,0.602272727272727,0.644444444444444,53,290,160,35,0.91488581394771,0.188987619131562
16,3,48,300,0.25,0.03,0.7,FALSE,0.610597494726352,9,0.175479372488699,0.738636363636364,0.497777777777778,65,224,226,23,0.865217920210798,0.167969618432918
16,3,48,300,0.25,0.03,0.3,FALSE,0.610597494726352,10,0.239695670536051,0.727272727272727,0.595555555555556,64,268,182,24,0.861338934572251,-0.0177280135501164
16,3,48,300,0.25,0.05,0.9,FALSE,0.610597494726352,1,0.189378834848116,0.839080459770115,0.408888888888889,73,184,266,14,0.647284675038939,0.0765869652314813
16,3,48,300,0.25,0.05,1.9,FALSE,0.610597494726352,2,0.195078877902563,0.920454545454545,0.315555555555556,81,142,308,7,1.11616656396143,0.254419671181613
16,3,48,300,0.25,0.05,1.1,FALSE,0.610597494726352,3,0.218669461369568,0.840909090909091,0.448888888888889,74,202,248,14,1.0431325112962,0.0715123635663906
16,3,48,300,0.25,0.05,1.1,FALSE,0.610597494726352,4,0.280563997125353,0.886363636363636,0.488888888888889,78,220,230,10,1.18506973414742,0.0539992639189188
16,3,48,300,0.25,0.05,1.1,FALSE,0.610597494726352,5,0.269390281933502,0.896551724137931,0.462222222222222,78,208,242,9,1.07044066717748,0.124567620125539
16,3,48,300,0.25,0.05,1.1,FALSE,0.610597494726352,6,0.216231828206898,0.850574712643678,0.435555555555556,74,196,254,13,0.939161729135806,0.142019862897644
16,3,48,300,0.25,0.05,0.5,FALSE,0.610597494726352,7,0.264345419923795,0.727272727272727,0.626666666666667,64,282,168,24,1.18617862717969,0.0721170542357887
16,3,48,300,0.25,0.05,0.3,FALSE,0.610597494726352,8,0.198620192669247,0.647727272727273,0.617777777777778,57,278,172,31,0.881193629612656,0.23328556457915
16,3,48,300,0.25,0.05,1.3,FALSE,0.610597494726352,9,0.164929747838136,0.806818181818182,0.408888888888889,71,184,266,17,0.964568774485656,0.319929358610848
16,3,48,300,0.25,0.05,0.5,FALSE,0.610597494726352,10,0.216189980164926,0.75,0.542222222222222,66,244,206,22,0.813761966713822,0.169356179559621
16,3,48,300,0.25,0.1,1.9,FALSE,0.610597494726352,1,0.189794570502259,0.96551724137931,0.244444444444444,84,110,340,3,0.867372170617,0.17700677211293
16,3,48,300,0.25,0.1,1.1,FALSE,0.610597494726352,2,0.190702560079219,0.784090909090909,0.471111111111111,69,212,238,19,1.07398563569775,0.346875115734557
16,3,48,300,0.25,0.1,0.3,FALSE,0.610597494726352,3,0.330458732311192,0.761363636363636,0.675555555555556,67,304,146,21,1.03895302223388,-0.0166184329685002
16,3,48,300,0.25,0.1,0.1,FALSE,0.610597494726352,4,0.206267043596584,0.556818181818182,0.706666666666667,49,318,132,39,0.996985468946043,0.202877381099367
16,3,48,300,0.25,0.1,0.7,FALSE,0.610597494726352,5,0.257778725169154,0.816091954022989,0.533333333333333,71,240,210,16,1.01263097735424,0.0424631871141803
16,3,48,300,0.25,0.1,1.9,FALSE,0.610597494726352,6,0.225231607272674,0.96551724137931,0.302222222222222,84,136,314,3,1.00434317311413,0.0377827388138305
16,3,48,300,0.25,0.1,0.5,FALSE,0.610597494726352,7,0.204815734005478,0.670454545454545,0.604444444444444,59,272,178,29,1.07029664777562,0.246858247012849
16,3,48,300,0.25,0.1,1.1,FALSE,0.610597494726352,8,0.198665791897321,0.806818181818182,0.457777777777778,71,206,244,17,0.909634575923894,0.0804157675698214
16,3,48,300,0.25,0.1,0.3,FALSE,0.610597494726352,9,0.190276764484467,0.602272727272727,0.648888888888889,53,292,158,35,0.98834325276185,0.264431397807156
16,3,48,300,0.25,0.1,0.7,FALSE,0.610597494726352,10,0.243430237397105,0.795454545454545,0.533333333333333,70,240,210,18,0.921786347494996,0.0722888575900864
16,3,48,500,0.05,0.03,1.9,FALSE,0.610597494726352,1,0.128026353376412,1,0.345263157894737,31,328,622,0,1.29757180175242,0.195608745908022
16,3,48,500,0.05,0.03,1.1,FALSE,0.610597494726352,2,0.112106308942041,0.892857142857143,0.44,25,418,532,3,0.936195542370167,0.00119525049136828
16,3,48,500,0.05,0.03,0.3,FALSE,0.610597494726352,3,0.117148323203538,0.758620689655172,0.583157894736842,22,554,396,7,0.842409946111864,-0.183857414061237
16,3,48,500,0.05,0.03,0.9,FALSE,0.610597494726352,4,0.169102636324404,0.928571428571429,0.574736842105263,26,546,404,2,1.34156892942496,-0.171711508797365
16,3,48,500,0.05,0.03,0.1,FALSE,0.610597494726352,5,0.0732645831317857,0.642857142857143,0.574736842105263,18,546,404,10,0.556405833775706,0.0557549079119137
16,3,48,500,0.05,0.03,0.1,FALSE,0.610597494726352,6,0.173247298415909,0.821428571428571,0.671578947368421,23,638,312,5,1.0533288173387,-0.419329423583174
16,3,48,500,0.05,0.03,0.1,FALSE,0.610597494726352,7,0.127614884717239,0.7,0.654736842105263,21,622,328,9,0.942636098750391,-0.122119445096493
16,3,48,500,0.05,0.03,0.5,FALSE,0.610597494726352,8,0.113113274175106,0.766666666666667,0.56,23,532,418,7,0.920157976985013,0.338782862798696
16,3,48,500,0.05,0.03,0.5,FALSE,0.610597494726352,9,0.0924247638596483,0.8,0.467368421052632,24,444,506,6,0.560582991105017,-0.205831371017903
16,3,48,500,0.05,0.03,0.5,FALSE,0.610597494726352,10,0.127834360172363,0.821428571428571,0.56,23,532,418,5,0.957131024100459,-0.0610866553393624
16,3,48,500,0.05,0.05,0.5,FALSE,0.610597494726352,1,0.147861733781825,0.806451612903226,0.608421052631579,25,578,372,6,1.1569165681714,0.0884418305198782
16,3,48,500,0.05,0.05,0.9,FALSE,0.610597494726352,2,0.101354387105777,0.857142857142857,0.44421052631579,24,422,528,4,0.842249733927961,-0.0711515164335719
16,3,48,500,0.05,0.05,0.1,FALSE,0.610597494726352,3,0.0753894668565601,0.620689655172414,0.597894736842105,18,568,382,11,0.755125916857879,0.0774697761998459
16,3,48,500,0.05,0.05,0.3,FALSE,0.610597494726352,4,0.160914090304545,0.821428571428571,0.644210526315789,23,612,338,5,1.2448543730547,-0.0210389969088688
16,3,48,500,0.05,0.05,0.1,FALSE,0.610597494726352,5,0.0972826487946945,0.75,0.541052631578947,21,514,436,7,0.451354372308783,-0.203966613718885
16,3,48,500,0.05,0.05,0.1,FALSE,0.610597494726352,6,0.187270255112034,0.892857142857143,0.648421052631579,25,616,334,3,0.876092951424877,-0.551677664801385
16,3,48,500,0.05,0.05,0.9,FALSE,0.610597494726352,7,0.120358865861721,0.866666666666667,0.482105263157895,26,458,492,4,0.92190011057887,-0.245526046742858
16,3,48,500,0.05,0.05,1.1,FALSE,0.610597494726352,8,0.0759432360892448,0.8,0.416842105263158,24,396,554,6,0.90777190986732,0.499476495264746
16,3,48,500,0.05,0.05,1.9,FALSE,0.610597494726352,9,0.0731511212963699,1,0.149473684210526,30,142,808,0,0.548935692867881,-0.138814909231198
16,3,48,500,0.05,0.05,1.9,FALSE,0.610597494726352,10,0.0897187181904892,0.964285714285714,0.273684210526316,27,260,690,1,1.05253679405157,0.143044965967494
16,3,48,500,0.05,0.1,1.5,FALSE,0.610597494726352,1,0.122678572000006,0.967741935483871,0.368421052631579,30,350,600,1,1.09617252018374,0.0917134036232774
16,3,48,500,0.05,0.1,1.5,FALSE,0.610597494726352,2,0.0743318612032848,0.928571428571429,0.267368421052632,26,254,696,2,0.636443240320713,0.161780092139852
16,3,48,500,0.05,0.1,0.1,FALSE,0.610597494726352,3,0.120324018501435,0.793103448275862,0.56,23,532,418,6,0.69219797250608,-0.106980777591858
16,3,48,500,0.05,0.1,0.3,FALSE,0.610597494726352,4,0.116173611796875,0.678571428571429,0.654736842105263,19,622,328,9,1.16464659111114,0.17545434459135
16,3,48,500,0.05,0.1,0.5,FALSE,0.610597494726352,5,0.0664905742851041,0.821428571428571,0.370526315789474,23,352,598,5,0.24708629389446,-0.19708267451091
16,3,48,500,0.05,0.1,0.1,FALSE,0.610597494726352,6,0.15819970351138,0.821428571428571,0.637894736842105,23,606,344,5,0.834913748115049,-0.303618216466996
16,3,48,500,0.05,0.1,0.7,FALSE,0.610597494726352,7,0.115018081190161,0.9,0.429473684210526,27,408,542,3,0.670885888393146,-0.120336875442666
16,3,48,500,0.05,0.1,0.1,FALSE,0.610597494726352,8,0.113464290154847,0.733333333333333,0.591578947368421,22,562,388,8,0.65388916101384,-0.0917717006385071
16,3,48,500,0.05,0.1,0.1,FALSE,0.610597494726352,9,0.0594908422631785,0.633333333333333,0.538947368421053,19,512,438,11,0.495999461023202,0.250916935966065
16,3,48,500,0.05,0.1,0.5,FALSE,0.610597494726352,10,0.109205494188728,0.785714285714286,0.541052631578947,22,514,436,6,0.924055627606453,-0.0678250363366718
16,3,48,500,0.1,0.03,0.1,FALSE,0.610597494726352,1,0.154965448674804,0.644067796610169,0.664444444444444,38,598,302,21,0.915346539085857,0.0824267088736066
16,3,48,500,0.1,0.03,1.3,FALSE,0.610597494726352,2,0.201481965809012,0.88135593220339,0.537777777777778,52,484,416,7,1.47712317851547,0.134135639806164
16,3,48,500,0.1,0.03,0.1,FALSE,0.610597494726352,3,0.193176789268884,0.724137931034483,0.664444444444444,42,598,302,16,0.947645334530384,-0.195409973546351
16,3,48,500,0.1,0.03,0.3,FALSE,0.610597494726352,4,0.140079260332096,0.672413793103448,0.615555555555556,39,554,346,19,0.95801120691422,0.183709774637076
16,3,48,500,0.1,0.03,0.7,FALSE,0.610597494726352,5,0.136526399655791,0.844827586206897,0.437777777777778,49,394,506,9,0.767268613436647,-0.0970103395037457
16,3,48,500,0.1,0.03,0.9,FALSE,0.610597494726352,6,0.198712609637073,0.929824561403509,0.488888888888889,53,440,460,4,0.948450263537813,-0.204585662712694
16,3,48,500,0.1,0.03,0.3,FALSE,0.610597494726352,7,0.160097412164134,0.793103448275862,0.542222222222222,46,488,412,12,0.75377202154271,-0.0979284790243817
16,3,48,500,0.1,0.03,0.7,FALSE,0.610597494726352,8,0.101610461375016,0.844827586206897,0.357777777777778,49,322,578,9,0.400347743806594,-0.0924817061915629
16,3,48,500,0.1,0.03,1.3,FALSE,0.610597494726352,9,0.188759224319758,0.966101694915254,0.417777777777778,57,376,524,2,1.06322343874779,0.0571458797040632
16,3,48,500,0.1,0.03,1.5,FALSE,0.610597494726352,10,0.109196221871036,0.949152542372881,0.242222222222222,56,218,682,3,0.510404966919497,-0.0109968938259396
16,3,48,500,0.1,0.05,2.1,FALSE,0.610597494726352,1,0.109158004219955,0.966101694915254,0.217777777777778,57,196,704,2,0.864957257981545,0.128057784614894
16,3,48,500,0.1,0.05,1.1,FALSE,0.610597494726352,2,0.187941582988851,0.864406779661017,0.526666666666667,51,474,426,8,1.34765879730978,0.0963982920915531
16,3,48,500,0.1,0.05,0.5,FALSE,0.610597494726352,3,0.159590739413403,0.775862068965517,0.557777777777778,45,502,398,13,0.879758049485432,-0.174123059847619
16,3,48,500,0.1,0.05,1.3,FALSE,0.610597494726352,4,0.131376679507204,0.862068965517241,0.406666666666667,50,366,534,8,1.019573357031,0.240895442285022
16,3,48,500,0.1,0.05,1.1,FALSE,0.610597494726352,5,0.108674598726395,0.879310344827586,0.333333333333333,51,300,600,7,0.634279402019566,0.150381364749381
16,3,48,500,0.1,0.05,0.7,FALSE,0.610597494726352,6,0.164381524534806,0.807017543859649,0.54,46,486,414,11,1.01363804555854,0.0315446103601801
16,3,48,500,0.1,0.05,0.9,FALSE,0.610597494726352,7,0.158987947440021,0.931034482758621,0.391111111111111,54,352,548,4,0.745384783222917,-0.118937690541982
16,3,48,500,0.1,0.05,0.1,FALSE,0.610597494726352,8,0.119254512223067,0.758620689655172,0.491111111111111,44,442,458,14,0.399884192313514,-0.217268317438239
16,3,48,500,0.1,0.05,0.9,FALSE,0.610597494726352,9,0.182770015125736,0.915254237288136,0.462222222222222,54,416,484,5,0.955751802550504,0.0284114621545041
16,3,48,500,0.1,0.05,0.5,FALSE,0.610597494726352,10,0.123047262976223,0.779661016949153,0.475555555555556,46,428,472,13,0.581634073965428,-0.0213201831242508
16,3,48,500,0.1,0.1,0.5,FALSE,0.610597494726352,1,0.159702651554113,0.796610169491525,0.535555555555556,47,482,418,12,0.786411931587643,-0.232742643821885
16,3,48,500,0.1,0.1,0.1,FALSE,0.610597494726352,2,0.184172852615494,0.661016949152542,0.697777777777778,39,628,272,20,1.21533685706432,0.0695354932821986
16,3,48,500,0.1,0.1,1.1,FALSE,0.610597494726352,3,0.132479423110599,0.896551724137931,0.368888888888889,52,332,568,6,0.754217223198074,0.208999130877788
16,3,48,500,0.1,0.1,0.1,FALSE,0.610597494726352,4,0.121449124881174,0.586206896551724,0.657777777777778,34,592,308,24,0.991035090136489,0.213549406346778
16,3,48,500,0.1,0.1,0.9,FALSE,0.610597494726352,5,0.127433205137185,0.913793103448276,0.335555555555556,53,302,598,5,0.465000200193795,-0.131513023419615
16,3,48,500,0.1,0.1,0.1,FALSE,0.610597494726352,6,0.129048433358023,0.56140350877193,0.693333333333333,32,624,276,25,0.953406965282833,0.125866760881682
16,3,48,500,0.1,0.1,0.9,FALSE,0.610597494726352,7,0.132288301408953,0.879310344827586,0.388888888888889,51,350,550,7,0.718482878582812,-0.112138734916329
16,3,48,500,0.1,0.1,0.7,FALSE,0.610597494726352,8,0.106506093967759,0.862068965517241,0.348888888888889,50,314,586,8,0.474585861789484,-0.0975471188936618
16,3,48,500,0.1,0.1,0.7,FALSE,0.610597494726352,9,0.178861389122502,0.915254237288136,0.453333333333333,54,408,492,5,0.786543349700809,-0.303207848023114
16,3,48,500,0.1,0.1,1.5,FALSE,0.610597494726352,10,0.136632607095387,0.983050847457627,0.262222222222222,58,236,664,1,0.619637456569136,-0.138087080226927
16,3,48,500,0.25,0.03,0.5,FALSE,0.610597494726352,1,0.180680427015924,0.719178082191781,0.525333333333333,105,394,356,41,0.827993028123728,0.0669855392795387
16,3,48,500,0.25,0.03,0.9,FALSE,0.610597494726352,2,0.261055898021453,0.842465753424658,0.509333333333333,123,382,368,23,1.08892926567215,-0.0863687512936346
16,3,48,500,0.25,0.03,0.7,FALSE,0.610597494726352,3,0.197906008493119,0.815068493150685,0.448,119,336,414,27,0.618224649824508,-0.00063428684655113
16,3,48,500,0.25,0.03,0.1,FALSE,0.610597494726352,4,0.159848910355736,0.650684931506849,0.565333333333333,95,424,326,51,0.545970920802147,-0.0564753298322432
16,3,48,500,0.25,0.03,0.5,FALSE,0.610597494726352,5,0.185758815485448,0.767123287671233,0.482666666666667,112,362,388,34,0.66181011652644,-0.0271416034128187
16,3,48,500,0.25,0.03,0.5,FALSE,0.610597494726352,6,0.153834470357775,0.73972602739726,0.466666666666667,108,350,400,38,0.566458908894814,-0.00405793172151712
16,3,48,500,0.25,0.03,1.7,FALSE,0.610597494726352,7,0.236144435601879,0.944827586206897,0.349333333333333,137,262,488,8,1.05065275649973,0.0594442216539004
16,3,48,500,0.25,0.03,1.3,FALSE,0.610597494726352,8,0.274876360166595,0.931034482758621,0.429333333333333,135,322,428,10,1.03017892798669,-0.0916767859224877
16,3,48,500,0.25,0.03,0.9,FALSE,0.610597494726352,9,0.214450215445362,0.815068493150685,0.472,119,354,396,27,0.98641144990779,0.100043198281282
16,3,48,500,0.25,0.03,0.3,FALSE,0.610597494726352,10,0.230161834618986,0.657534246575342,0.648,96,486,264,50,1.01260173703098,0.0900346200209931
16,3,48,500,0.25,0.05,0.9,FALSE,0.610597494726352,1,0.174545582471384,0.801369863013699,0.429333333333333,117,322,428,29,0.795344342850237,0.148827324857357
16,3,48,500,0.25,0.05,0.7,FALSE,0.610597494726352,2,0.295841029458038,0.856164383561644,0.544,125,408,342,21,1.13233532708873,-0.0148831678611972
16,3,48,500,0.25,0.05,0.3,FALSE,0.610597494726352,3,0.219438885928484,0.712328767123288,0.584,104,438,312,42,0.729807669113313,-0.0156153835734558
16,3,48,500,0.25,0.05,0.5,FALSE,0.610597494726352,4,0.187143927243802,0.773972602739726,0.477333333333333,113,358,392,33,0.608657515897043,0.0355333386359628
16,3,48,500,0.25,0.05,1.7,FALSE,0.610597494726352,5,0.119560314855841,0.904109589041096,0.226666666666667,132,170,580,14,0.589064149367486,0.145048285309703
16,3,48,500,0.25,0.05,2.1,FALSE,0.610597494726352,6,0.165494081393528,0.993150684931507,0.16,145,120,630,1,0.576125757624413,-0.0336480411716333
16,3,48,500,0.25,0.05,1.3,FALSE,0.610597494726352,7,0.251754741796566,0.910344827586207,0.418666666666667,132,314,436,13,1.02388460955426,0.0407200195096868
16,3,48,500,0.25,0.05,0.7,FALSE,0.610597494726352,8,0.284416553646821,0.862068965517241,0.522666666666667,125,392,358,20,1.03759613967972,-0.0938475710886491
16,3,48,500,0.25,0.05,0.1,FALSE,0.610597494726352,9,0.241915934596235,0.664383561643836,0.656,97,492,258,49,0.923478233971267,-0.0683459975659828
16,3,48,500,0.25,0.05,0.7,FALSE,0.610597494726352,10,0.261718783284037,0.780821917808219,0.573333333333333,114,430,320,32,1.1601112143328,0.0938975582679478
16,3,48,500,0.25,0.1,0.1,FALSE,0.610597494726352,1,0.171441593277001,0.595890410958904,0.632,87,474,276,59,0.772467184897628,0.0182075299014406
16,3,48,500,0.25,0.1,0.3,FALSE,0.610597494726352,2,0.237179353426882,0.684931506849315,0.632,100,474,276,46,1.15478924157736,0.116952095207034
16,3,48,500,0.25,0.1,1.1,FALSE,0.610597494726352,3,0.204003093105898,0.897260273972603,0.36,131,270,480,15,0.713638044476713,-0.0252872835721912
16,3,48,500,0.25,0.1,0.3,FALSE,0.610597494726352,4,0.185016918275837,0.732876712328767,0.517333333333333,107,388,362,39,0.576940690026412,-0.047058584827379
16,3,48,500,0.25,0.1,1.3,FALSE,0.610597494726352,5,0.152242156550899,0.89041095890411,0.290666666666667,130,218,532,16,0.617265912019671,0.0254571946582726
16,3,48,500,0.25,0.1,0.1,FALSE,0.610597494726352,6,0.109552777029077,0.60958904109589,0.538666666666667,89,404,346,57,0.448439886252209,0.0264144850452791
16,3,48,500,0.25,0.1,0.1,FALSE,0.610597494726352,7,0.280782184875359,0.724137931034483,0.650666666666667,105,488,262,40,1.02970805616831,-0.106306322466486
16,3,48,500,0.25,0.1,0.1,FALSE,0.610597494726352,8,0.331185621031851,0.758620689655172,0.68,110,510,240,35,0.93487754391366,-0.2645916869761
16,3,48,500,0.25,0.1,0.7,FALSE,0.610597494726352,9,0.235248065882848,0.842465753424658,0.472,123,354,396,23,0.868735651149522,-0.00948775404041225
16,3,48,500,0.25,0.1,0.9,FALSE,0.610597494726352,10,0.244399563102255,0.842465753424658,0.485333333333333,123,364,386,23,1.21221921157676,0.0763628803008961
16,6,96,100,0.05,0.03,0.9,FALSE,0.610597494726352,1,0.395341764470776,0.833333333333333,0.905263157894737,5,172,18,1,2.7872811604002,0.430949114457605
16,6,96,100,0.05,0.03,0.9,FALSE,0.610597494726352,2,0.59603956067927,1,0.947368421052632,6,180,10,0,3.17390536102576,-0.00979602666733253
16,6,96,100,0.05,0.03,0.1,FALSE,0.610597494726352,3,0.274916713195392,0.6,0.91578947368421,3,174,16,2,2.77786627323585,0.682364869778943
16,6,96,100,0.05,0.03,1.3,FALSE,0.610597494726352,4,0.303802497166359,0.833333333333333,0.842105263157895,5,160,30,1,3.09196708785095,1.29666594201107
16,6,96,100,0.05,0.03,0.9,FALSE,0.610597494726352,5,0.228929396824982,0.6,0.884210526315789,3,168,22,2,2.82189618637198,0.9945047520882
16,6,96,100,0.05,0.03,1.5,FALSE,0.610597494726352,6,0.181128479432503,0.666666666666667,0.778947368421053,4,148,42,2,2.92469636985579,0.999222058500076
16,6,96,100,0.05,0.03,0.9,FALSE,0.610597494726352,7,0.475726591093754,1,0.905263157894737,6,172,18,0,3.09845638297737,-0.355420145602516
16,6,96,100,0.05,0.03,0.9,FALSE,0.610597494726352,8,0.318439175937776,0.6,0.936842105263158,3,178,12,2,3.28876803189391,1.34853206573488
16,6,96,100,0.05,0.03,2.5,FALSE,0.610597494726352,9,0.224220741868484,1,0.673684210526316,5,128,62,0,3.1178815080189,1.27239522100092
16,6,96,100,0.05,0.03,0.3,FALSE,0.610597494726352,10,0.318439175937776,0.6,0.936842105263158,3,178,12,2,2.79796075509768,1.04908831422208
16,6,96,100,0.05,0.05,0.1,FALSE,0.610597494726352,1,0.402980349884659,0.166666666666667,1,1,190,0,5,2.87807676961898,1.25750564723886
16,6,96,100,0.05,0.05,0.1,FALSE,0.610597494726352,2,0.393291701632642,0.333333333333333,0.989473684210526,2,188,2,4,3.20532769445281,0.835372544577539
16,6,96,100,0.05,0.05,1.7,FALSE,0.610597494726352,3,0.222900689799806,0.8,0.789473684210526,4,150,40,1,3.06058836055568,1.05639442324276
16,6,96,100,0.05,0.05,1.9,FALSE,0.610597494726352,4,0.221658642074334,0.666666666666667,0.831578947368421,4,158,32,2,3.19069915277408,2.03058177871439
16,6,96,100,0.05,0.05,1.5,FALSE,0.610597494726352,5,0.230697395987484,0.8,0.8,4,152,38,1,2.89823534890097,1.73551281501375
16,6,96,100,0.05,0.05,2.3,FALSE,0.610597494726352,6,0.238415824271708,1,0.663157894736842,6,126,64,0,2.99551851748523,1.28449563545217
16,6,96,100,0.05,0.05,0.3,FALSE,0.610597494726352,7,0.60008333113871,0.833333333333333,0.968421052631579,5,184,6,1,3.16288927464019,0.13577966089634
16,6,96,100,0.05,0.05,0.1,FALSE,0.610597494726352,8,0.434303412829269,0.4,0.989473684210526,2,188,2,3,3.31011572381682,1.1557197495561
16,6,96,100,0.05,0.05,1.7,FALSE,0.610597494726352,9,0.238984836594795,0.8,0.810526315789474,4,154,36,1,3.22945879646364,1.5828901007762
16,6,96,100,0.05,0.05,0.1,FALSE,0.610597494726352,10,0.346843987809648,0.4,0.978947368421053,2,186,4,3,3.0191240997755,0.902020893663537
16,6,96,100,0.05,0.1,2.7,FALSE,0.610597494726352,1,0.196865387666913,1,0.568421052631579,6,108,82,0,3.10964651738437,1.61779354789881
16,6,96,100,0.05,0.1,0.1,FALSE,0.610597494726352,2,0.70158960887018,0.5,1,3,190,0,3,3.14879635273105,0.673281438986457
16,6,96,100,0.05,0.1,2.9,FALSE,0.610597494726352,3,0.184541939824473,1,0.578947368421053,5,110,80,0,3.05332005432151,1.6243986772186
16,6,96,100,0.05,0.1,2.7,FALSE,0.610597494726352,4,0.119364718474564,0.666666666666667,0.663157894736842,4,126,64,2,3.21234564973376,2.83788926689805
16,6,96,100,0.05,0.1,1.7,FALSE,0.610597494726352,5,0.177757543752445,0.6,0.831578947368421,3,158,32,2,2.92335970673649,1.93456357437286
16,6,96,100,0.05,0.1,0.7,FALSE,0.610597494726352,6,0.309685256114841,0.5,0.947368421052632,3,180,10,3,3.24480694212627,0.99369212605049
16,6,96,100,0.05,0.1,0.3,FALSE,0.610597494726352,7,0.4445906192369,0.5,0.978947368421053,3,186,4,3,3.45471720160936,1.00762141103654
16,6,96,100,0.05,0.1,0.1,FALSE,0.610597494726352,8,0.434303412829269,0.4,0.989473684210526,2,188,2,3,3.22909306125766,1.28925811512279
16,6,96,100,0.05,0.1,1.3,FALSE,0.610597494726352,9,0.187937473571295,0.4,0.926315789473684,2,176,14,3,3.36000059362532,2.5907977991
16,6,96,100,0.05,0.1,0.5,FALSE,0.610597494726352,10,0.293589449720753,0.4,0.968421052631579,2,184,6,3,3.03717839720543,1.31163397876834
16,6,96,100,0.1,0.03,0.3,FALSE,0.610597494726352,1,0.4739730851954,0.727272727272727,0.922222222222222,8,166,14,3,3.37831706383781,0.325838992760441
16,6,96,100,0.1,0.03,0.1,FALSE,0.610597494726352,2,0.584440245135408,0.583333333333333,0.977777777777778,7,176,4,5,3.25609272001956,0.414871040226892
16,6,96,100,0.1,0.03,0.1,FALSE,0.610597494726352,3,0.233549683248457,0.333333333333333,0.933333333333333,4,168,12,8,2.7712088149026,1.67016386596322
16,6,96,100,0.1,0.03,1.1,FALSE,0.610597494726352,4,0.244444444444444,0.5,0.866666666666667,6,156,24,6,2.90183609691449,1.31200435188506
16,6,96,100,0.1,0.03,0.1,FALSE,0.610597494726352,5,0.306455446749303,0.363636363636364,0.955555555555556,4,172,8,7,3.33507684761376,0.954977812640148
16,6,96,100,0.1,0.03,0.7,FALSE,0.610597494726352,6,0.633034071292955,0.818181818181818,0.955555555555556,9,172,8,2,3.01433065026635,0.62419795382947
16,6,96,100,0.1,0.03,1.3,FALSE,0.610597494726352,7,0.370010583936171,0.916666666666667,0.766666666666667,11,138,42,1,2.75991974036594,0.173035492445954
16,6,96,100,0.1,0.03,1.1,FALSE,0.610597494726352,8,0.35584866307777,0.545454545454545,0.922222222222222,6,166,14,5,3.36408023662508,1.34227153581644
16,6,96,100,0.1,0.03,0.1,FALSE,0.610597494726352,9,0.411964813078747,0.545454545454545,0.944444444444444,6,170,10,5,3.21430746406904,0.708706904351163
16,6,96,100,0.1,0.03,1.3,FALSE,0.610597494726352,10,0.395659699812897,0.75,0.866666666666667,9,156,24,3,2.63245803878901,1.28184214256585
16,6,96,100,0.1,0.05,0.1,FALSE,0.610597494726352,1,0.443440627953325,0.636363636363636,0.933333333333333,7,168,12,4,3.20154073044508,0.463830304811237
16,6,96,100,0.1,0.05,0.5,FALSE,0.610597494726352,2,0.424125323453634,0.5,0.955555555555556,6,172,8,6,3.31563419691406,1.01436592901309
16,6,96,100,0.1,0.05,0.1,FALSE,0.610597494726352,3,0.448280932568163,0.333333333333333,0.988888888888889,4,178,2,8,2.9687520876869,1.64315048766801
16,6,96,100,0.1,0.05,0.7,FALSE,0.610597494726352,4,0.475443489415837,0.666666666666667,0.933333333333333,8,168,12,4,3.13432723999339,0.779217374710395
16,6,96,100,0.1,0.05,0.9,FALSE,0.610597494726352,5,0.411964813078747,0.545454545454545,0.944444444444444,6,170,10,5,3.38328911191016,1.01026013345362
16,6,96,100,0.1,0.05,1.3,FALSE,0.610597494726352,6,0.53562364637269,0.727272727272727,0.944444444444444,8,170,10,3,3.24037337473546,0.940027603670231
16,6,96,100,0.1,0.05,0.9,FALSE,0.610597494726352,7,0.526645588750876,0.833333333333333,0.911111111111111,10,164,16,2,2.90676578072781,0.387345812998824
16,6,96,100,0.1,0.05,2.5,FALSE,0.610597494726352,8,0.168075743230754,0.636363636363636,0.7,7,126,54,4,3.40386009505045,2.37642760821657
16,6,96,100,0.1,0.05,1.5,FALSE,0.610597494726352,9,0.31309211731514,0.545454545454545,0.9,6,162,18,5,3.33492465355416,1.50808282946128
16,6,96,100,0.1,0.05,0.3,FALSE,0.610597494726352,10,0.451716463736496,0.416666666666667,0.977777777777778,5,176,4,7,2.99591587442151,1.09586236354477
16,6,96,100,0.1,0.1,1.9,FALSE,0.610597494726352,1,0.244037809235137,0.727272727272727,0.744444444444444,8,134,46,3,3.23823921866149,1.46798352018374
16,6,96,100,0.1,0.1,0.7,FALSE,0.610597494726352,2,0.753370803500884,0.583333333333333,1,7,180,0,5,3.54071866412658,1.13188981973786
16,6,96,100,0.1,0.1,0.5,FALSE,0.610597494726352,3,0.294173361367012,0.25,0.977777777777778,3,176,4,9,2.97860593760317,2.37928193832256
16,6,96,100,0.1,0.1,1.3,FALSE,0.610597494726352,4,0.399271058557853,0.416666666666667,0.966666666666667,5,174,6,7,3.25332964256415,1.50536897493968
16,6,96,100,0.1,0.1,2.1,FALSE,0.610597494726352,5,0.328353536004753,0.818181818181818,0.788888888888889,9,142,38,2,3.39693575109367,1.87965867962585
16,6,96,100,0.1,0.1,0.7,FALSE,0.610597494726352,6,0.470826976370345,0.363636363636364,0.988888888888889,4,178,2,7,3.42316773124654,1.44068706638117
16,6,96,100,0.1,0.1,1.7,FALSE,0.610597494726352,7,0.411776959405339,0.833333333333333,0.844444444444444,10,152,28,2,3.09812731527056,1.27749996707647
16,6,96,100,0.1,0.1,2.9,FALSE,0.610597494726352,8,0.160382021994456,0.727272727272727,0.611111111111111,8,110,70,3,3.4426166361833,2.63873833430378
16,6,96,100,0.1,0.1,2.3,FALSE,0.610597494726352,9,0.271255634105846,0.727272727272727,0.777777777777778,8,140,40,3,3.50720635565647,2.07880146718976
16,6,96,100,0.1,0.1,0.1,FALSE,0.610597494726352,10,0.564932682866032,0.333333333333333,1,4,180,0,8,3.22815889823072,1.2364734451443
16,6,96,100,0.25,0.03,2.3,FALSE,0.610597494726352,1,0.394853422012197,0.862068965517241,0.666666666666667,25,100,50,4,3.12174478643916,0.959221877243081
16,6,96,100,0.25,0.03,1.3,FALSE,0.610597494726352,2,0.39590496427898,0.633333333333333,0.826666666666667,19,124,26,11,2.89112191236103,1.01082000637131
16,6,96,100,0.25,0.03,1.5,FALSE,0.610597494726352,3,0.392325862432462,0.586206896551724,0.853333333333333,17,128,22,12,3.11119807226934,1.23549003119107
16,6,96,100,0.25,0.03,2.5,FALSE,0.610597494726352,4,0.284662164151147,0.766666666666667,0.613333333333333,23,92,58,7,2.93187702049659,1.56226377691467
16,6,96,100,0.25,0.03,1.3,FALSE,0.610597494726352,5,0.284944269489625,0.5,0.826666666666667,14,124,26,14,2.65298660426784,1.78122289553384
16,6,96,100,0.25,0.03,2.9,FALSE,0.610597494726352,6,0.383570793805829,0.862068965517241,0.653333333333333,25,98,52,4,3.17382212882458,1.36970172547876
16,6,96,100,0.25,0.03,2.3,FALSE,0.610597494726352,7,0.358502049847172,0.827586206896552,0.653333333333333,24,98,52,5,2.89824027685921,1.41265110781892
16,6,96,100,0.25,0.03,1.7,FALSE,0.610597494726352,8,0.548297495710638,0.678571428571429,0.906666666666667,19,136,14,9,3.4591692547379,1.21487964358094
16,6,96,100,0.25,0.03,1.9,FALSE,0.610597494726352,9,0.407871851204037,0.733333333333333,0.773333333333333,22,116,34,8,3.01280730727085,1.45496587125615
16,6,96,100,0.25,0.03,1.7,FALSE,0.610597494726352,10,0.483613681750249,0.7,0.853333333333333,21,128,22,9,3.38360982807964,1.41155803542596
16,6,96,100,0.25,0.05,0.3,FALSE,0.610597494726352,1,0.519604274059923,0.379310344827586,0.986666666666667,11,148,2,18,3.31088984545555,1.16935345185521
16,6,96,100,0.25,0.05,1.9,FALSE,0.610597494726352,2,0.508747019069168,0.733333333333333,0.853333333333333,22,128,22,8,3.25457559613157,1.38154679682186
16,6,96,100,0.25,0.05,2.5,FALSE,0.610597494726352,3,0.406154794727805,0.793103448275862,0.733333333333333,23,110,40,6,3.27214100239459,1.82959167078558
16,6,96,100,0.25,0.05,1.1,FALSE,0.610597494726352,4,0.316227766016838,0.333333333333333,0.933333333333333,10,140,10,20,3.0912886509144,1.73754030351295
16,6,96,100,0.25,0.05,0.5,FALSE,0.610597494726352,5,0.393275717595691,0.25,0.986666666666667,7,148,2,21,2.8887997634724,2.14534102279022
16,6,96,100,0.25,0.05,2.7,FALSE,0.610597494726352,6,0.344723590465385,0.793103448275862,0.666666666666667,23,100,50,6,3.20545925604748,1.93241319562377
16,6,96,100,0.25,0.05,2.7,FALSE,0.610597494726352,7,0.240742638496237,0.793103448275862,0.533333333333333,23,80,70,6,2.90115875259478,1.84961524867721
16,6,96,100,0.25,0.05,1.3,FALSE,0.610597494726352,8,0.51159972044216,0.428571428571429,0.973333333333333,12,146,4,16,3.60958924486736,1.81347873131947
16,6,96,100,0.25,0.05,2.9,FALSE,0.610597494726352,9,0.26,0.733333333333333,0.613333333333333,22,92,58,8,3.23983250730687,2.26328239217144
16,6,96,100,0.25,0.05,1.5,FALSE,0.610597494726352,10,0.467196268524514,0.566666666666667,0.906666666666667,17,136,14,13,3.4050213457657,1.85495780487648
16,6,96,100,0.25,0.1,2.1,FALSE,0.610597494726352,1,0.318867358901698,0.517241379310345,0.84,15,126,24,14,3.3608331495258,1.98468454025511
16,6,96,100,0.25,0.1,2.7,FALSE,0.610597494726352,2,0.241566236189541,0.633333333333333,0.68,19,102,48,11,3.31350687307299,2.40380121304997
16,6,96,100,0.25,0.1,1.3,FALSE,0.610597494726352,3,0.455687275626755,0.310344827586207,0.986666666666667,9,148,2,20,3.46504857853085,2.17378779054319
16,6,96,100,0.25,0.1,1.9,FALSE,0.610597494726352,4,0.246717581897584,0.466666666666667,0.813333333333333,14,122,28,16,3.14833794938783,2.22021436679092
16,6,96,100,0.25,0.1,1.5,FALSE,0.610597494726352,5,0.237162246750839,0.285714285714286,0.92,8,138,12,20,3.00124066117422,2.45051368883194
16,6,96,100,0.25,0.1,2.9,FALSE,0.610597494726352,6,0.195889108172487,0.620689655172414,0.64,18,96,54,11,3.25620788588149,2.40242472992935
16,6,96,100,0.25,0.1,0.9,FALSE,0.610597494726352,7,0.345163142506869,0.206896551724138,0.986666666666667,6,148,2,23,3.24996959291092,2.16290084085598
16,6,96,100,0.25,0.1,1.3,FALSE,0.610597494726352,8,0.499226787876422,0.357142857142857,0.986666666666667,10,148,2,18,3.59665100575458,2.17304894145081
16,6,96,100,0.25,0.1,2.1,FALSE,0.610597494726352,9,0.39590496427898,0.633333333333333,0.826666666666667,19,124,26,11,3.29654774887465,2.20271699879741
16,6,96,100,0.25,0.1,1.7,FALSE,0.610597494726352,10,0.466973785269615,0.5,0.933333333333333,15,140,10,15,3.4582289375002,2.08023356304927
16,6,96,300,0.05,0.03,0.5,FALSE,0.610597494726352,1,0.214115812459435,0.647058823529412,0.83859649122807,11,478,92,6,2.78340995755088,0.571864845719251
16,6,96,300,0.05,0.03,0.3,FALSE,0.610597494726352,2,0.316755668009433,0.823529411764706,0.863157894736842,14,492,78,3,3.02548129407715,-0.240695850407553
16,6,96,300,0.05,0.03,1.1,FALSE,0.610597494726352,3,0.233166786235019,0.882352941176471,0.740350877192982,15,422,148,2,2.54679001707854,0.276995579036305
16,6,96,300,0.05,0.03,0.7,FALSE,0.610597494726352,4,0.382921681491001,0.944444444444444,0.866666666666667,17,494,76,1,2.94957249980966,-0.208382648546478
16,6,96,300,0.05,0.03,0.3,FALSE,0.610597494726352,5,0.289432550261218,0.647058823529412,0.901754385964912,11,514,56,6,3.33563402708431,0.311214054715072
16,6,96,300,0.05,0.03,0.7,FALSE,0.610597494726352,6,0.38218165354182,0.833333333333333,0.898245614035088,15,512,58,3,3.69413667413433,0.0118517243989129
16,6,96,300,0.05,0.03,1.1,FALSE,0.610597494726352,7,0.232953359882185,0.777777777777778,0.789473684210526,14,450,120,4,2.85814865893247,0.289098471510115
16,6,96,300,0.05,0.03,0.5,FALSE,0.610597494726352,8,0.30004610056545,0.823529411764706,0.849122807017544,14,484,86,3,3.04088376279471,0.160850335859426
16,6,96,300,0.05,0.03,0.5,FALSE,0.610597494726352,9,0.447801647819069,1,0.891228070175439,18,508,62,0,3.29207124427757,-0.296076744714178
16,6,96,300,0.05,0.03,0.9,FALSE,0.610597494726352,10,0.215923540088493,0.722222222222222,0.796491228070175,13,454,116,5,2.66254089376906,0.729308519712988
16,6,96,300,0.05,0.05,0.1,FALSE,0.610597494726352,1,0.301140066750727,0.647058823529412,0.908771929824561,11,518,52,6,2.71755440020452,0.547340570265728
16,6,96,300,0.05,0.05,0.1,FALSE,0.610597494726352,2,0.335116630040423,0.764705882352941,0.894736842105263,13,510,60,4,2.91179996442377,-0.27175905082967
16,6,96,300,0.05,0.05,1.3,FALSE,0.610597494726352,3,0.188068698165639,0.823529411764706,0.698245614035088,14,398,172,3,2.39785690452881,0.445567835949692
16,6,96,300,0.05,0.05,0.3,FALSE,0.610597494726352,4,0.316784368824295,0.722222222222222,0.891228070175439,13,508,62,5,2.77384113222484,-0.186262596979258
16,6,96,300,0.05,0.05,1.1,FALSE,0.610597494726352,5,0.312398337833021,0.823529411764706,0.859649122807018,14,490,80,3,3.24894029856136,0.301366832022326
16,6,96,300,0.05,0.05,0.9,FALSE,0.610597494726352,6,0.390210359779346,0.888888888888889,0.887719298245614,16,506,64,2,3.53668910193595,-0.219226751685953
16,6,96,300,0.05,0.05,0.7,FALSE,0.610597494726352,7,0.327575287798407,0.888888888888889,0.842105263157895,16,480,90,2,2.72113834556446,0.118133533610474
16,6,96,300,0.05,0.05,0.1,FALSE,0.610597494726352,8,0.324087404221997,0.764705882352941,0.887719298245614,13,506,64,4,2.92429324253025,-0.073946684960996
16,6,96,300,0.05,0.05,0.1,FALSE,0.610597494726352,9,0.431446627193146,0.777777777777778,0.933333333333333,14,532,38,4,3.26474659759438,-0.292989141967888
16,6,96,300,0.05,0.05,1.5,FALSE,0.610597494726352,10,0.193561067726883,0.777777777777778,0.729824561403509,14,416,154,4,2.62584074634812,0.751817636179805
16,6,96,300,0.05,0.1,0.1,FALSE,0.610597494726352,1,0.211066980087793,0.411764705882353,0.929824561403509,7,530,40,10,2.56180279223454,0.483642789710414
16,6,96,300,0.05,0.1,0.7,FALSE,0.610597494726352,2,0.244415831780182,0.764705882352941,0.817543859649123,13,466,104,4,2.48417879910888,0.308438350516307
16,6,96,300,0.05,0.1,0.1,FALSE,0.610597494726352,3,0.23041705275285,0.529411764705882,0.901754385964912,9,514,56,8,2.31642853269741,0.321095552672511
16,6,96,300,0.05,0.1,0.1,FALSE,0.610597494726352,4,0.254887276597441,0.555555555555556,0.905263157894737,10,516,54,8,2.4539037515645,0.381248219804617
16,6,96,300,0.05,0.1,0.7,FALSE,0.610597494726352,5,0.211978312773614,0.529411764705882,0.887719298245614,9,506,64,8,2.9114523636325,0.870254282729022
16,6,96,300,0.05,0.1,1.1,FALSE,0.610597494726352,6,0.266811457119449,0.722222222222222,0.852631578947368,13,486,84,5,3.1740569563721,0.512553749606202
16,6,96,300,0.05,0.1,0.1,FALSE,0.610597494726352,7,0.244446128341257,0.555555555555556,0.898245614035088,10,512,58,8,2.4630362447553,0.277856749014801
16,6,96,300,0.05,0.1,0.5,FALSE,0.610597494726352,8,0.283930139082156,0.647058823529412,0.898245614035088,11,512,58,6,2.67143258302213,0.616572657565079
16,6,96,300,0.05,0.1,0.1,FALSE,0.610597494726352,9,0.407464568140552,0.555555555555556,0.964912280701754,10,550,20,8,2.99138813941702,0.359200218677686
16,6,96,300,0.05,0.1,0.7,FALSE,0.610597494726352,10,0.191784349504941,0.611111111111111,0.824561403508772,11,470,100,7,2.61742796424365,0.762640304068018
16,6,96,300,0.1,0.03,0.1,FALSE,0.610597494726352,1,0.579136994205518,0.742857142857143,0.951851851851852,26,514,26,9,3.33844912906045,-0.219938884460288
16,6,96,300,0.1,0.03,0.1,FALSE,0.610597494726352,2,0.354376321999365,0.583333333333333,0.903703703703704,21,488,52,15,2.6884284348637,0.221576870429439
16,6,96,300,0.1,0.03,0.9,FALSE,0.610597494726352,3,0.384858502529282,0.75,0.859259259259259,27,464,76,9,3.25057398529496,0.35348127645719
16,6,96,300,0.1,0.03,0.3,FALSE,0.610597494726352,4,0.431876337465277,0.75,0.888888888888889,27,480,60,9,2.61452929182578,-0.127430052095391
16,6,96,300,0.1,0.03,0.3,FALSE,0.610597494726352,5,0.310498724930099,0.696969696969697,0.833333333333333,23,450,90,10,2.35736463894049,0.0492172670002873
16,6,96,300,0.1,0.03,0.9,FALSE,0.610597494726352,6,0.290259216319176,0.8,0.748148148148148,28,404,136,7,2.52260738473934,0.231701126082272
16,6,96,300,0.1,0.03,0.1,FALSE,0.610597494726352,7,0.486031620603779,0.657142857142857,0.940740740740741,23,508,32,12,3.15281028541083,0.231269003508684
16,6,96,300,0.1,0.03,0.3,FALSE,0.610597494726352,8,0.457200303428242,0.714285714285714,0.914814814814815,25,494,46,10,3.0496579344523,0.297140710221523
16,6,96,300,0.1,0.03,0.1,FALSE,0.610597494726352,9,0.475443489415837,0.666666666666667,0.933333333333333,24,504,36,12,3.03154183414495,0.0273769981172339
16,6,96,300,0.1,0.03,0.7,FALSE,0.610597494726352,10,0.431176491002053,0.828571428571429,0.862962962962963,29,466,74,6,3.42771870148438,0.0864488421044845
16,6,96,300,0.1,0.05,0.1,FALSE,0.610597494726352,1,0.521499035387142,0.657142857142857,0.951851851851852,23,514,26,12,3.23514444910723,0.011528734224532
16,6,96,300,0.1,0.05,0.3,FALSE,0.610597494726352,2,0.390276585025039,0.638888888888889,0.903703703703704,23,488,52,13,2.68338209342832,0.172316929557412
16,6,96,300,0.1,0.05,0.5,FALSE,0.610597494726352,3,0.361347771752909,0.583333333333333,0.907407407407407,21,490,50,15,3.12168221856692,0.516043852780867
16,6,96,300,0.1,0.05,0.7,FALSE,0.610597494726352,4,0.406862668949005,0.833333333333333,0.840740740740741,30,454,86,6,2.52516669210377,-0.0431772099820506
16,6,96,300,0.1,0.05,1.5,FALSE,0.610597494726352,5,0.273515047303811,0.878787878787879,0.681481481481481,29,368,172,4,2.33388447159203,0.466257482361263
16,6,96,300,0.1,0.05,0.3,FALSE,0.610597494726352,6,0.336260008027902,0.628571428571429,0.877777777777778,22,474,66,13,2.70852079686146,0.370924195876887
16,6,96,300,0.1,0.05,0.1,FALSE,0.610597494726352,7,0.437732769305958,0.571428571428571,0.944444444444444,20,510,30,15,3.23444017137709,0.339505258574512
16,6,96,300,0.1,0.05,1.3,FALSE,0.610597494726352,8,0.367883603690979,0.857142857142857,0.8,30,432,108,5,2.96866692166643,0.315083824428387
16,6,96,300,0.1,0.05,0.1,FALSE,0.610597494726352,9,0.432614047228295,0.527777777777778,0.951851851851852,19,514,26,17,2.9527859260419,0.240935020709238
16,6,96,300,0.1,0.05,0.3,FALSE,0.610597494726352,10,0.41707484799281,0.742857142857143,0.885185185185185,26,478,62,9,3.25253351321378,0.151740288535973
16,6,96,300,0.1,0.1,0.5,FALSE,0.610597494726352,1,0.42897179265677,0.657142857142857,0.918518518518519,23,496,44,12,2.80410806531447,0.255088322843266
16,6,96,300,0.1,0.1,0.3,FALSE,0.610597494726352,2,0.372418672704972,0.611111111111111,0.903703703703704,22,488,52,14,2.41900276496568,0.329629397573682
16,6,96,300,0.1,0.1,0.9,FALSE,0.610597494726352,3,0.336100558515117,0.666666666666667,0.859259259259259,24,464,76,12,2.83403326473467,0.786765942616982
16,6,96,300,0.1,0.1,0.5,FALSE,0.610597494726352,4,0.3463759532323,0.611111111111111,0.888888888888889,22,480,60,14,2.45144971977377,0.506014274639998
16,6,96,300,0.1,0.1,0.5,FALSE,0.610597494726352,5,0.328266582018426,0.696969696969697,0.848148148148148,23,458,82,10,2.35295354330435,0.19750037907462
16,6,96,300,0.1,0.1,0.1,FALSE,0.610597494726352,6,0.267174519219333,0.457142857142857,0.903703703703704,16,488,52,19,2.75454794242216,0.71345825691336
16,6,96,300,0.1,0.1,0.1,FALSE,0.610597494726352,7,0.423107180109818,0.485714285714286,0.959259259259259,17,518,22,18,2.84063427894052,0.498831923237593
16,6,96,300,0.1,0.1,0.3,FALSE,0.610597494726352,8,0.366484215557779,0.628571428571429,0.896296296296296,22,484,56,13,2.69135603866219,0.485156979487849
16,6,96,300,0.1,0.1,2.1,FALSE,0.610597494726352,9,0.255786708894316,0.861111111111111,0.651851851851852,31,352,188,5,2.65803202345533,0.914105427760967
16,6,96,300,0.1,0.1,1.1,FALSE,0.610597494726352,10,0.366036864249552,0.8,0.825925925925926,28,446,94,7,3.09373329060788,0.579846090322243
16,6,96,300,0.25,0.03,0.3,FALSE,0.610597494726352,1,0.497198754377179,0.586206896551724,0.915555555555556,51,412,38,36,2.79616091842142,0.363048947748638
16,6,96,300,0.25,0.03,0.7,FALSE,0.610597494726352,2,0.563729037337579,0.747126436781609,0.884444444444444,65,398,52,22,2.99911806416883,0.116261544422829
16,6,96,300,0.25,0.03,0.3,FALSE,0.610597494726352,3,0.478673521748111,0.670454545454545,0.866666666666667,59,390,60,29,3.05131291716794,0.262569356448633
16,6,96,300,0.25,0.03,0.9,FALSE,0.610597494726352,4,0.495515528340257,0.806818181818182,0.804444444444444,71,362,88,17,2.18873952667581,0.213505234414146
16,6,96,300,0.25,0.03,0.7,FALSE,0.610597494726352,5,0.578283089215684,0.735632183908046,0.897777777777778,64,404,46,23,3.12209811577085,0.165587845998133
16,6,96,300,0.25,0.03,0.5,FALSE,0.610597494726352,6,0.454724510339823,0.681818181818182,0.844444444444444,60,380,70,28,2.90536517011465,0.395192989954726
16,6,96,300,0.25,0.03,0.1,FALSE,0.610597494726352,7,0.516700121690793,0.64367816091954,0.902222222222222,56,406,44,31,2.73390960675887,0.239325428444798
16,6,96,300,0.25,0.03,1.1,FALSE,0.610597494726352,8,0.473394070503098,0.793103448275862,0.795555555555556,69,358,92,18,2.97816657132865,0.239829588629191
16,6,96,300,0.25,0.03,0.3,FALSE,0.610597494726352,9,0.390971717050719,0.659090909090909,0.808888888888889,58,364,86,30,2.11737424080441,0.214465854398486
16,6,96,300,0.25,0.03,0.9,FALSE,0.610597494726352,10,0.481786813492216,0.804597701149425,0.795555555555556,70,358,92,17,2.65385671730446,0.150720972470969
16,6,96,300,0.25,0.05,1.1,FALSE,0.610597494726352,1,0.519444868803048,0.770114942528736,0.844444444444444,67,380,70,20,2.93263763885445,0.349470223144297
16,6,96,300,0.25,0.05,1.7,FALSE,0.610597494726352,2,0.493208217923436,0.919540229885057,0.728888888888889,80,328,122,7,3.0213466681957,0.413837124748007
16,6,96,300,0.25,0.05,0.7,FALSE,0.610597494726352,3,0.54167097082177,0.715909090909091,0.884444444444444,63,398,52,25,3.13433959677967,0.364940216606616
16,6,96,300,0.25,0.05,0.1,FALSE,0.610597494726352,4,0.465000717923284,0.511363636363636,0.928888888888889,45,418,32,43,2.32089519017719,0.360867699609803
16,6,96,300,0.25,0.05,1.7,FALSE,0.610597494726352,5,0.469649736436344,0.862068965517241,0.746666666666667,75,336,114,12,2.95229225425338,0.520271100350587
16,6,96,300,0.25,0.05,0.1,FALSE,0.610597494726352,6,0.484675864944429,0.590909090909091,0.906666666666667,52,408,42,36,3.00156647854946,0.418636309924092
16,6,96,300,0.25,0.05,0.9,FALSE,0.610597494726352,7,0.427858481655493,0.724137931034483,0.8,63,360,90,24,2.62740932091218,0.460439268648764
16,6,96,300,0.25,0.05,0.1,FALSE,0.610597494726352,8,0.488444726195508,0.528735632183908,0.933333333333333,46,420,30,41,2.95458662589222,0.475905146720601
16,6,96,300,0.25,0.05,0.5,FALSE,0.610597494726352,9,0.405021217138742,0.625,0.84,55,378,72,33,2.19623483857873,0.507796443681932
16,6,96,300,0.25,0.05,1.3,FALSE,0.610597494726352,10,0.528756442483391,0.862068965517241,0.8,75,360,90,12,2.72760331771113,0.370631854117244
16,6,96,300,0.25,0.1,0.7,FALSE,0.610597494726352,1,0.454952824474028,0.632183908045977,0.871111111111111,55,392,58,32,2.82635492535274,0.642424335963479
16,6,96,300,0.25,0.1,1.5,FALSE,0.610597494726352,2,0.420451749622359,0.781609195402299,0.755555555555556,68,340,110,19,2.97633261772527,0.610120389203032
16,6,96,300,0.25,0.1,0.7,FALSE,0.610597494726352,3,0.448651000245113,0.613636363636364,0.875555555555556,54,394,56,34,3.03385287116489,0.588945812386018
16,6,96,300,0.25,0.1,0.5,FALSE,0.610597494726352,4,0.378164360629497,0.534090909090909,0.871111111111111,47,392,58,41,2.30521898700909,0.725988540312281
16,6,96,300,0.25,0.1,1.1,FALSE,0.610597494726352,5,0.488563014221835,0.666666666666667,0.875555555555556,58,394,56,29,2.78099282849356,0.730648719819892
16,6,96,300,0.25,0.1,0.3,FALSE,0.610597494726352,6,0.426453493200117,0.454545454545455,0.933333333333333,40,420,30,48,2.96701267190221,0.796162816744756
16,6,96,300,0.25,0.1,0.9,FALSE,0.610597494726352,7,0.371502366414875,0.620689655172414,0.817777777777778,54,368,82,33,2.4109178792261,0.710003264153725
16,6,96,300,0.25,0.1,0.5,FALSE,0.610597494726352,8,0.410989941498117,0.540229885057471,0.888888888888889,47,400,50,40,2.80015641308388,0.723864954849665
16,6,96,300,0.25,0.1,1.1,FALSE,0.610597494726352,9,0.304742030551811,0.636363636363636,0.746666666666667,56,336,114,32,2.2030436758643,0.839186431648756
16,6,96,300,0.25,0.1,1.3,FALSE,0.610597494726352,10,0.444150506985954,0.724137931034483,0.813333333333333,63,366,84,24,2.70456510792497,0.723759962669967
16,6,96,500,0.05,0.03,0.1,FALSE,0.610597494726352,1,0.366372317644382,0.689655172413793,0.928421052631579,20,882,68,9,3.50888149005254,-0.185442829896448
16,6,96,500,0.05,0.03,0.7,FALSE,0.610597494726352,2,0.418128630547218,0.857142857142857,0.91578947368421,24,870,80,4,3.8691160014975,0.062933384711753
16,6,96,500,0.05,0.03,0.5,FALSE,0.610597494726352,3,0.347440012330369,0.766666666666667,0.896842105263158,23,852,98,7,3.63582724230256,0.192966760586104
16,6,96,500,0.05,0.03,1.1,FALSE,0.610597494726352,4,0.300402657312067,0.862068965517241,0.831578947368421,25,790,160,4,3.46450659445174,0.424454025399975
16,6,96,500,0.05,0.03,0.7,FALSE,0.610597494726352,5,0.318310037087553,0.833333333333333,0.854736842105263,25,812,138,5,3.39228272473653,0.108905539641829
16,6,96,500,0.05,0.03,1.3,FALSE,0.610597494726352,6,0.263344201966973,0.866666666666667,0.783157894736842,26,744,206,4,3.14901549273785,0.301956132729656
16,6,96,500,0.05,0.03,0.3,FALSE,0.610597494726352,7,0.347496922115054,0.806451612903226,0.882105263157895,25,838,112,6,2.94005196140771,0.00593496256923837
16,6,96,500,0.05,0.03,1.1,FALSE,0.610597494726352,8,0.282534289366317,0.866666666666667,0.806315789473684,26,766,184,4,3.25185292798867,0.102306361286455
16,6,96,500,0.05,0.03,0.5,FALSE,0.610597494726352,9,0.204408131246196,0.774193548387097,0.745263157894737,24,708,242,7,2.1827163505089,0.0905666446998175
16,6,96,500,0.05,0.03,0.1,FALSE,0.610597494726352,10,0.311152503695432,0.620689655172414,0.92,18,874,76,11,3.24112565724553,0.0629889509750049
16,6,96,500,0.05,0.05,0.7,FALSE,0.610597494726352,1,0.357630224827518,0.896551724137931,0.867368421052632,26,824,126,3,3.29120720495291,-0.0761817805297561
16,6,96,500,0.05,0.05,0.1,FALSE,0.610597494726352,2,0.344880691917325,0.571428571428571,0.947368421052632,16,900,50,12,3.54243776373102,0.110989988107543
16,6,96,500,0.05,0.05,1.7,FALSE,0.610597494726352,3,0.270374260363,0.933333333333333,0.757894736842105,28,720,230,2,3.48552640173832,0.359660471889157
16,6,96,500,0.05,0.05,0.5,FALSE,0.610597494726352,4,0.285317969681443,0.655172413793103,0.894736842105263,19,850,100,10,3.37744334495255,0.330475930742629
16,6,96,500,0.05,0.05,0.1,FALSE,0.610597494726352,5,0.274581170761476,0.6,0.903157894736842,18,858,92,12,3.29226686922728,0.244815824683874
16,6,96,500,0.05,0.05,0.1,FALSE,0.610597494726352,6,0.24979835901868,0.533333333333333,0.909473684210526,16,864,86,14,3.10499000110046,0.328455156233071
16,6,96,500,0.05,0.05,1.3,FALSE,0.610597494726352,7,0.260706514260551,0.935483870967742,0.736842105263158,29,700,250,2,2.78875083705434,0.230124388736594
16,6,96,500,0.05,0.05,0.7,FALSE,0.610597494726352,8,0.248162175895497,0.7,0.84421052631579,21,802,148,9,3.08407795043132,0.296693678817191
16,6,96,500,0.05,0.05,0.3,FALSE,0.610597494726352,9,0.242165552866779,0.741935483870968,0.814736842105263,23,774,176,8,2.29400079432825,-0.0944634465949842
16,6,96,500,0.05,0.05,0.1,FALSE,0.610597494726352,10,0.315384867169278,0.620689655172414,0.922105263157895,18,876,74,11,3.2332344110792,0.293365800921993
16,6,96,500,0.05,0.1,1.5,FALSE,0.610597494726352,1,0.264081975917855,0.96551724137931,0.736842105263158,28,700,250,1,2.90874009608826,0.0110739166851914
16,6,96,500,0.05,0.1,0.5,FALSE,0.610597494726352,2,0.336617732838078,0.785714285714286,0.890526315789474,22,846,104,6,3.06038177365055,0.102943601578977
16,6,96,500,0.05,0.1,0.7,FALSE,0.610597494726352,3,0.25920256758126,0.7,0.854736842105263,21,812,138,9,2.94471523348251,0.10718120223368
16,6,96,500,0.05,0.1,0.3,FALSE,0.610597494726352,4,0.240867810493301,0.620689655172414,0.873684210526316,18,830,120,11,2.85762132944862,0.286586206666818
16,6,96,500,0.05,0.1,0.9,FALSE,0.610597494726352,5,0.207603960513921,0.733333333333333,0.778947368421053,22,740,210,8,2.71229874343781,0.229324569002437
16,6,96,500,0.05,0.1,0.3,FALSE,0.610597494726352,6,0.289904652307138,0.7,0.88,21,836,114,9,2.79862991654917,0.463470419812557
16,6,96,500,0.05,0.1,1.1,FALSE,0.610597494726352,7,0.222288767338683,0.806451612903226,0.753684210526316,25,716,234,6,2.51180939759985,0.16163459912083
16,6,96,500,0.05,0.1,0.3,FALSE,0.610597494726352,8,0.273719930986392,0.7,0.867368421052632,21,824,126,9,2.63075274322779,0.245126511300241
16,6,96,500,0.05,0.1,0.7,FALSE,0.610597494726352,9,0.23817372034129,0.774193548387097,0.793684210526316,24,754,196,7,2.1105281062332,0.186364601508898
16,6,96,500,0.05,0.1,0.7,FALSE,0.610597494726352,10,0.202847231836404,0.655172413793103,0.818947368421053,19,778,172,10,2.90006761941166,0.339137365923728
16,6,96,500,0.1,0.03,0.7,FALSE,0.610597494726352,1,0.501352440154634,0.859649122807018,0.895555555555556,49,806,94,8,3.87825651311337,-0.269969996131482
16,6,96,500,0.1,0.03,0.1,FALSE,0.610597494726352,2,0.401055570535789,0.706896551724138,0.888888888888889,41,800,100,17,3.03291934088816,-0.184410223536426
16,6,96,500,0.1,0.03,0.1,FALSE,0.610597494726352,3,0.39604206219912,0.741379310344828,0.873333333333333,43,786,114,15,3.01972038001826,-0.0203760433501555
16,6,96,500,0.1,0.03,0.7,FALSE,0.610597494726352,4,0.339096964080714,0.741379310344828,0.831111111111111,43,748,152,15,2.8347604976759,0.317971841739467
16,6,96,500,0.1,0.03,0.3,FALSE,0.610597494726352,5,0.308705250864236,0.627118644067797,0.857777777777778,37,772,128,22,2.78177764996586,0.287476107137361
16,6,96,500,0.1,0.03,0.5,FALSE,0.610597494726352,6,0.387555513292291,0.745762711864407,0.864444444444444,44,778,122,15,2.79168972013204,0.0803448086958844
16,6,96,500,0.1,0.03,0.7,FALSE,0.610597494726352,7,0.298250433897987,0.677966101694915,0.824444444444444,40,742,158,19,2.91644627481352,0.400150901948104
16,6,96,500,0.1,0.03,0.3,FALSE,0.610597494726352,8,0.25271511894464,0.655172413793103,0.793333333333333,38,714,186,20,1.92630327217097,-0.0251640662128914
16,6,96,500,0.1,0.03,0.5,FALSE,0.610597494726352,9,0.395083908331782,0.661016949152542,0.9,39,810,90,20,3.35728084594486,0.186176999788447
16,6,96,500,0.1,0.03,0.1,FALSE,0.610597494726352,10,0.330267684358559,0.586206896551724,0.891111111111111,34,802,98,24,3.2399322519746,0.588162375416177
16,6,96,500,0.1,0.05,0.1,FALSE,0.610597494726352,1,0.452643541208426,0.701754385964912,0.917777777777778,40,826,74,17,3.65866845571941,-0.0383551545985198
16,6,96,500,0.1,0.05,0.3,FALSE,0.610597494726352,2,0.335896703175531,0.706896551724138,0.844444444444444,41,760,140,17,2.81417141209195,-0.0742018240632898
16,6,96,500,0.1,0.05,0.1,FALSE,0.610597494726352,3,0.397242228306479,0.706896551724138,0.886666666666667,41,798,102,17,2.88864500716989,-0.0502244380846864
16,6,96,500,0.1,0.05,0.5,FALSE,0.610597494726352,4,0.403831488761914,0.724137931034483,0.884444444444444,42,796,104,16,2.86833015770142,0.134404823138498
16,6,96,500,0.1,0.05,0.5,FALSE,0.610597494726352,5,0.328455326783885,0.694915254237288,0.842222222222222,41,758,142,18,2.70508061653174,0.360016026974467
16,6,96,500,0.1,0.05,0.5,FALSE,0.610597494726352,6,0.318732773230448,0.644067796610169,0.857777777777778,38,772,128,21,2.66384749250774,0.424944516981375
16,6,96,500,0.1,0.05,0.1,FALSE,0.610597494726352,7,0.385756512143598,0.677966101694915,0.888888888888889,40,800,100,19,2.9547047585436,0.0943922271244009
16,6,96,500,0.1,0.05,0.1,FALSE,0.610597494726352,8,0.290786044763757,0.672413793103448,0.822222222222222,39,740,160,19,1.99731283639017,-0.0651756531607993
16,6,96,500,0.1,0.05,0.1,FALSE,0.610597494726352,9,0.350410886569592,0.525423728813559,0.922222222222222,31,830,70,28,3.22792945438613,0.264237712327264
16,6,96,500,0.1,0.05,0.1,FALSE,0.610597494726352,10,0.382450068626104,0.637931034482759,0.902222222222222,37,812,88,21,3.03691655868297,0.401614538152393
16,6,96,500,0.1,0.1,0.5,FALSE,0.610597494726352,1,0.35298284425472,0.666666666666667,0.875555555555556,38,788,112,19,3.31686701641886,0.163926896523333
16,6,96,500,0.1,0.1,0.1,FALSE,0.610597494726352,2,0.319659843532597,0.586206896551724,0.884444444444444,34,796,104,24,2.60848753563862,0.393610193657692
16,6,96,500,0.1,0.1,0.1,FALSE,0.610597494726352,3,0.273104004153143,0.551724137931034,0.866666666666667,32,780,120,26,2.55898666866708,0.371695921573767
16,6,96,500,0.1,0.1,1.1,FALSE,0.610597494726352,4,0.323082640632251,0.879310344827586,0.74,51,666,234,7,2.70309841835861,0.154619390044733
16,6,96,500,0.1,0.1,0.1,FALSE,0.610597494726352,5,0.326028944257872,0.593220338983051,0.884444444444444,35,796,104,24,2.4582815383341,0.152879230298967
16,6,96,500,0.1,0.1,0.7,FALSE,0.610597494726352,6,0.288729633818888,0.661016949152542,0.824444444444444,39,742,158,20,2.34323224521453,0.393721273050694
16,6,96,500,0.1,0.1,1.1,FALSE,0.610597494726352,7,0.291889972660626,0.847457627118644,0.717777777777778,50,646,254,9,2.56926566453029,0.2364456354757
16,6,96,500,0.1,0.1,0.5,FALSE,0.610597494726352,8,0.313707032086339,0.793103448275862,0.78,46,702,198,12,2.00840462989091,-0.0940050384385061
16,6,96,500,0.1,0.1,0.3,FALSE,0.610597494726352,9,0.349111295723135,0.576271186440678,0.904444444444444,34,814,86,25,2.80915614141958,0.195235053582984
16,6,96,500,0.1,0.1,0.5,FALSE,0.610597494726352,10,0.341724904756689,0.741379310344828,0.833333333333333,43,750,150,15,2.64714087515858,0.274025812987288
16,6,96,500,0.25,0.03,1.7,FALSE,0.610597494726352,1,0.513907734048494,0.958904109589041,0.72,140,540,210,6,3.12587973237604,0.0222026460703431
16,6,96,500,0.25,0.03,0.5,FALSE,0.610597494726352,2,0.505847026823661,0.712328767123288,0.864,104,648,102,42,2.96206148372723,0.189567366891548
16,6,96,500,0.25,0.03,1.3,FALSE,0.610597494726352,3,0.488858626150855,0.856164383561644,0.768,125,576,174,21,3.0649465200858,0.11837406032063
16,6,96,500,0.25,0.03,0.1,FALSE,0.610597494726352,4,0.484873398791517,0.616438356164384,0.896,90,672,78,56,2.92981987611134,0.156120129057832
16,6,96,500,0.25,0.03,0.5,FALSE,0.610597494726352,5,0.61489189205262,0.712328767123288,0.925333333333333,104,694,56,42,3.62143711555343,0.1829830629255
16,6,96,500,0.25,0.03,0.7,FALSE,0.610597494726352,6,0.514366057958116,0.73972602739726,0.856,108,642,108,38,3.21800757639509,0.349191618995234
16,6,96,500,0.25,0.03,0.9,FALSE,0.610597494726352,7,0.523327274357458,0.787671232876712,0.837333333333333,115,628,122,31,3.12526712440388,0.148773257354535
16,6,96,500,0.25,0.03,0.7,FALSE,0.610597494726352,8,0.419709520217925,0.753424657534247,0.773333333333333,110,580,170,36,2.61367456018702,0.0972319305014416
16,6,96,500,0.25,0.03,0.7,FALSE,0.610597494726352,9,0.562530025268055,0.76027397260274,0.877333333333333,111,658,92,35,3.4402178380284,0.181203613960132
16,6,96,500,0.25,0.03,0.5,FALSE,0.610597494726352,10,0.522586943654632,0.801369863013699,0.829333333333333,117,622,128,29,2.81266515512191,-0.120429106285836
16,6,96,500,0.25,0.05,0.5,FALSE,0.610597494726352,1,0.564117596552315,0.773972602739726,0.872,113,654,96,33,3.17036915957613,0.022144830969099
16,6,96,500,0.25,0.05,1.1,FALSE,0.610597494726352,2,0.469863798710599,0.821917808219178,0.773333333333333,120,580,170,26,2.93066071890314,0.195384531799606
16,6,96,500,0.25,0.05,1.1,FALSE,0.610597494726352,3,0.482781809255082,0.835616438356164,0.776,122,582,168,24,3.05930223595502,0.183670580944685
16,6,96,500,0.25,0.05,0.7,FALSE,0.610597494726352,4,0.468515475318996,0.732876712328767,0.826666666666667,107,620,130,39,2.81319209871655,0.153681312494206
16,6,96,500,0.25,0.05,0.3,FALSE,0.610597494726352,5,0.643022689759808,0.719178082191781,0.936,105,702,48,41,3.44774766260399,0.0671785900976202
16,6,96,500,0.25,0.05,0.9,FALSE,0.610597494726352,6,0.456675251865093,0.712328767123288,0.829333333333333,104,622,128,42,3.07397373463215,0.481606981054858
16,6,96,500,0.25,0.05,0.9,FALSE,0.610597494726352,7,0.502476189280152,0.773972602739726,0.829333333333333,113,622,128,33,3.01524831982584,0.247224441363725
16,6,96,500,0.25,0.05,0.1,FALSE,0.610597494726352,8,0.400588116751638,0.595890410958904,0.853333333333333,87,640,110,59,2.56008438769076,0.261587281094471
16,6,96,500,0.25,0.05,0.3,FALSE,0.610597494726352,9,0.572281070303464,0.60958904109589,0.941333333333333,89,706,44,57,3.36555548340376,0.310522686383418
16,6,96,500,0.25,0.05,0.7,FALSE,0.610597494726352,10,0.487297150246659,0.753424657534247,0.829333333333333,110,622,128,36,2.83126916714074,0.0699001296955221
16,6,96,500,0.25,0.1,0.7,FALSE,0.610597494726352,1,0.488777282280597,0.726027397260274,0.845333333333333,106,634,116,40,2.80429267987933,0.26467349425065
16,6,96,500,0.25,0.1,1.3,FALSE,0.610597494726352,2,0.416970551193553,0.780821917808219,0.752,114,564,186,32,2.70859494805608,0.506185623927645
16,6,96,500,0.25,0.1,0.9,FALSE,0.610597494726352,3,0.447887895154076,0.767123287671233,0.789333333333333,112,592,158,34,2.98502265529254,0.177503709555771
16,6,96,500,0.25,0.1,0.9,FALSE,0.610597494726352,4,0.439766962010377,0.76027397260274,0.786666666666667,111,590,160,35,2.53946297584929,0.376553450290618
16,6,96,500,0.25,0.1,0.7,FALSE,0.610597494726352,5,0.560939118025374,0.808219178082192,0.853333333333333,118,640,110,28,3.09291960688174,0.0471269127629355
16,6,96,500,0.25,0.1,1.1,FALSE,0.610597494726352,6,0.394020861189374,0.698630136986301,0.786666666666667,102,590,160,44,2.91746297445152,0.715931655259606
16,6,96,500,0.25,0.1,0.9,FALSE,0.610597494726352,7,0.497425886841921,0.767123287671233,0.829333333333333,112,622,128,34,2.82596853223342,0.36410868756337
16,6,96,500,0.25,0.1,0.9,FALSE,0.610597494726352,8,0.368444017056759,0.726027397260274,0.744,106,558,192,40,2.37343292882382,0.393044948377209
16,6,96,500,0.25,0.1,1.3,FALSE,0.610597494726352,9,0.438331426706012,0.732876712328767,0.802666666666667,107,602,148,39,2.97321104189263,0.508330483585175
16,6,96,500,0.25,0.1,0.5,FALSE,0.610597494726352,10,0.500351001912017,0.746575342465753,0.842666666666667,109,632,118,37,2.64671016481325,0.0866942252131414
16,10,160,100,0.05,0.03,0.5,FALSE,0.610597494726352,1,0.763783884330059,0.833333333333333,0.989473684210526,5,188,2,1,5.18804690826727,0.022379019688139
16,10,160,100,0.05,0.03,0.1,FALSE,0.610597494726352,2,0.571367203381202,0.333333333333333,1,2,190,0,4,5.19042615321935,1.8898782893828
16,10,160,100,0.05,0.03,0.3,FALSE,0.610597494726352,3,0.492054666156328,0.428571428571429,0.989473684210526,3,188,2,4,4.32631171348991,2.30341492454921
16,10,160,100,0.05,0.03,1.5,FALSE,0.610597494726352,4,0.342717175989504,0.5,0.957894736842105,3,182,8,3,4.81406262551736,1.84940709757038
16,10,160,100,0.05,0.03,0.1,FALSE,0.610597494726352,5,0.402980349884659,0.166666666666667,1,1,190,0,5,4.88815781155481,2.26854151453741
16,10,160,100,0.05,0.03,1.5,FALSE,0.610597494726352,6,0.505886003727526,0.833333333333333,0.947368421052632,5,180,10,1,4.99183657143414,0.95042020550056
16,10,160,100,0.05,0.03,1.1,FALSE,0.610597494726352,7,0.892082685811471,0.8,1,4,190,0,1,4.67810760371407,0.683303119033959
16,10,160,100,0.05,0.03,0.1,FALSE,0.610597494726352,8,0.402980349884659,0.166666666666667,1,1,190,0,5,4.68076694561896,2.23686332635747
16,10,160,100,0.05,0.03,0.3,FALSE,0.610597494726352,9,0.442579132652901,0.2,1,1,190,0,4,4.40276642485908,2.20087258384407
16,10,160,100,0.05,0.03,0.1,FALSE,0.610597494726352,10,0.70158960887018,0.5,1,3,190,0,3,5.01757593717019,1.04563211492487
16,10,160,100,0.05,0.05,1.5,FALSE,0.610597494726352,1,0.763783884330059,0.833333333333333,0.989473684210526,5,188,2,1,5.30971799212768,1.15368541857906
16,10,160,100,0.05,0.05,0.9,FALSE,0.610597494726352,2,0.534786071422892,0.5,0.989473684210526,3,188,2,3,5.34589185843809,1.7270082044472
16,10,160,100,0.05,0.05,1.9,FALSE,0.610597494726352,3,0.550436485629426,0.714285714285714,0.968421052631579,5,184,6,2,4.68827496203024,2.36502238866236
16,10,160,100,0.05,0.05,2.3,FALSE,0.610597494726352,4,0.342717175989504,0.5,0.957894736842105,3,182,8,3,5.03333008714163,2.63336849520764
16,10,160,100,0.05,0.05,0.5,FALSE,0.610597494726352,5,0.402980349884659,0.166666666666667,1,1,190,0,5,5.13272034065583,2.86229151008984
16,10,160,100,0.05,0.05,2.1,FALSE,0.610597494726352,6,0.442284818802174,0.833333333333333,0.926315789473684,5,176,14,1,5.08865271321035,1.68560518433304
16,10,160,100,0.05,0.05,1.9,FALSE,0.610597494726352,7,0.620731979409592,0.8,0.978947368421053,4,186,4,1,4.90757581685985,1.44467184195625
16,10,160,100,0.05,0.05,2.7,FALSE,0.610597494726352,8,0.395341764470776,0.833333333333333,0.905263157894737,5,172,18,1,4.83871210937572,2.37155662214994
16,10,160,100,0.05,0.05,2.3,FALSE,0.610597494726352,9,0.318439175937776,0.6,0.936842105263158,3,178,12,2,4.63636061304285,2.79078912604499
16,10,160,100,0.05,0.05,0.1,FALSE,0.610597494726352,10,0.70158960887018,0.5,1,3,190,0,3,5.0169304146831,1.53158822520598
16,10,160,100,0.05,0.1,0.1,FALSE,0.610597494726352,1,0.571367203381202,0.333333333333333,1,2,190,0,4,5.27540339036165,1.57987780471699
16,10,160,100,0.05,0.1,2.7,FALSE,0.610597494726352,2,0.497198338202965,0.666666666666667,0.968421052631579,4,184,6,2,5.34707001559675,2.93444587925188
16,10,160,100,0.05,0.1,1.3,FALSE,0.610597494726352,3,0.527625130550354,0.285714285714286,1,2,190,0,5,5.13998328095933,3.43008315148712
16,10,160,100,0.05,0.1,2.3,FALSE,0.610597494726352,4,0.227997028015724,0.333333333333333,0.957894736842105,2,182,8,4,5.29586783867669,3.23438216954109
16,10,160,100,0.05,0.1,0.5,FALSE,0.610597494726352,5,0.402980349884659,0.166666666666667,1,1,190,0,5,5.48633689189789,2.92044042473318
16,10,160,100,0.05,0.1,0.9,FALSE,0.610597494726352,6,0.571367203381202,0.333333333333333,1,2,190,0,4,5.26313584776892,1.65461431941732
16,10,160,100,0.05,0.1,2.1,FALSE,0.610597494726352,7,0.627520823096484,0.4,1,2,190,0,3,5.21020410072214,2.10003004378277
16,10,160,100,0.05,0.1,2.3,FALSE,0.610597494726352,8,0.448774357105238,0.666666666666667,0.957894736842105,4,182,8,2,5.15962132960402,2.5559267942958
16,10,160,100,0.05,0.1,2.9,FALSE,0.610597494726352,9,0.172439425125162,0.4,0.91578947368421,2,174,16,3,5.03579380379499,3.033094901139
16,10,160,100,0.05,0.1,1.9,FALSE,0.610597494726352,10,0.656140350877193,0.666666666666667,0.989473684210526,4,188,2,2,5.31918426898806,2.56378489766711
16,10,160,100,0.1,0.03,2.3,FALSE,0.610597494726352,1,0.668926796846509,0.769230769230769,0.966666666666667,10,174,6,3,5.06587512512478,1.37934540021284
16,10,160,100,0.1,0.03,0.5,FALSE,0.610597494726352,2,0.511000838420582,0.272727272727273,1,3,180,0,8,4.65923651783949,1.84638258996595
16,10,160,100,0.1,0.03,0.3,FALSE,0.610597494726352,3,0.541331961960767,0.307692307692308,1,4,180,0,9,4.53407014691705,1.92347047669982
16,10,160,100,0.1,0.03,0.5,FALSE,0.610597494726352,4,0.695608343640252,0.5,1,6,180,0,6,4.78307223652682,0.904780911968145
16,10,160,100,0.1,0.03,2.3,FALSE,0.610597494726352,5,0.501109308838754,0.75,0.922222222222222,9,166,14,3,4.36941002048138,1.96657317596329
16,10,160,100,0.1,0.03,1.3,FALSE,0.610597494726352,6,0.845783792435717,0.727272727272727,1,8,180,0,3,5.12436387005461,1.34325840107397
16,10,160,100,0.1,0.03,0.1,FALSE,0.610597494726352,7,0.511000838420582,0.272727272727273,1,3,180,0,8,4.71894998660879,1.6451048396887
16,10,160,100,0.1,0.03,1.5,FALSE,0.610597494726352,8,0.589639656015528,0.7,0.966666666666667,7,174,6,3,4.80600983359825,1.01650168232277
16,10,160,100,0.1,0.03,2.9,FALSE,0.610597494726352,9,0.532913962148212,0.909090909090909,0.9,10,162,18,1,5.03320960436486,1.95999495762143
16,10,160,100,0.1,0.03,1.1,FALSE,0.610597494726352,10,0.721866893141937,0.538461538461538,1,7,180,0,6,5.4052814475576,1.01293961373294
16,10,160,100,0.1,0.05,1.3,FALSE,0.610597494726352,1,0.666529534778624,0.461538461538462,1,6,180,0,7,5.25290208676602,1.53979565077104
16,10,160,100,0.1,0.05,1.1,FALSE,0.610597494726352,2,0.663236532428073,0.454545454545455,1,5,180,0,6,4.85567605476228,1.97745095996625
16,10,160,100,0.1,0.05,2.1,FALSE,0.610597494726352,3,0.496774895981168,0.461538461538462,0.977777777777778,6,176,4,7,4.75796701726892,2.59933731866837
16,10,160,100,0.1,0.05,1.9,FALSE,0.610597494726352,4,0.399271058557853,0.416666666666667,0.966666666666667,5,174,6,7,5.10014056741135,2.6675547447385
16,10,160,100,0.1,0.05,1.5,FALSE,0.610597494726352,5,0.633300496381124,0.416666666666667,1,5,180,0,7,4.47860644586061,2.37875113140194
16,10,160,100,0.1,0.05,2.1,FALSE,0.610597494726352,6,0.749038858066432,0.727272727272727,0.988888888888889,8,178,2,3,5.24347990795696,2.0668203168656
16,10,160,100,0.1,0.05,2.5,FALSE,0.610597494726352,7,0.443440627953325,0.636363636363636,0.933333333333333,7,168,12,4,4.8800645044095,2.18846381725588
16,10,160,100,0.1,0.05,1.5,FALSE,0.610597494726352,8,0.502228849839742,0.5,0.977777777777778,5,176,4,5,4.96475976598067,1.96972893174974
16,10,160,100,0.1,0.05,2.1,FALSE,0.610597494726352,9,0.621416147497909,0.545454545454545,0.988888888888889,6,178,2,5,5.39162325175717,2.30191582617924
16,10,160,100,0.1,0.05,1.9,FALSE,0.610597494726352,10,0.668926796846509,0.769230769230769,0.966666666666667,10,174,6,3,5.52930124379731,1.86646932716515
16,10,160,100,0.1,0.1,1.3,FALSE,0.610597494726352,1,0.500723543338137,0.384615384615385,0.988888888888889,5,178,2,8,5.28461056317861,2.15572247834733
16,10,160,100,0.1,0.1,2.3,FALSE,0.610597494726352,2,0.47531795596263,0.454545454545455,0.977777777777778,5,176,4,6,5.36443906833652,2.85535932573523
16,10,160,100,0.1,0.1,0.1,FALSE,0.610597494726352,3,0.380770146083182,0.153846153846154,1,2,180,0,11,5.21726019397656,3.34341664603818
16,10,160,100,0.1,0.1,1.7,FALSE,0.610597494726352,4,0.397359707119513,0.166666666666667,1,2,180,0,10,5.54888043206362,3.28721601328513
16,10,160,100,0.1,0.1,2.7,FALSE,0.610597494726352,5,0.288888888888889,0.333333333333333,0.955555555555556,4,172,8,8,5.01326139294967,3.28187506757564
16,10,160,100,0.1,0.1,2.9,FALSE,0.610597494726352,6,0.574202502353058,0.727272727272727,0.955555555555556,8,172,8,3,5.71768890678439,2.40340631473732
16,10,160,100,0.1,0.1,2.9,FALSE,0.610597494726352,7,0.295078257383137,0.545454545454545,0.888888888888889,6,160,20,5,5.33038371707692,3.16093768640571
16,10,160,100,0.1,0.1,2.9,FALSE,0.610597494726352,8,0.368034964982589,0.5,0.944444444444444,5,170,10,5,5.37944351989016,2.73150456202308
16,10,160,100,0.1,0.1,2.7,FALSE,0.610597494726352,9,0.149515060130467,0.0909090909090909,0.988888888888889,1,178,2,10,5.79978323314359,3.7631881027663
16,10,160,100,0.1,0.1,1.9,FALSE,0.610597494726352,10,0.541331961960767,0.307692307692308,1,4,180,0,9,5.79722499639873,3.23517289639904
16,10,160,100,0.25,0.03,2.7,FALSE,0.610597494726352,1,0.627709175317224,0.75,0.92,21,138,12,7,5.01352968479782,2.13759109777213
16,10,160,100,0.25,0.03,2.1,FALSE,0.610597494726352,2,0.716933968138365,0.689655172413793,0.973333333333333,20,146,4,9,4.79429574912598,1.81988013878279
16,10,160,100,0.25,0.03,2.7,FALSE,0.610597494726352,3,0.674199862463242,0.766666666666667,0.933333333333333,23,140,10,7,5.13437303323333,2.10878895206667
16,10,160,100,0.25,0.03,2.7,FALSE,0.610597494726352,4,0.770409799586196,0.821428571428571,0.96,23,144,6,5,5.06672432812007,1.69017163717241
16,10,160,100,0.25,0.03,2.7,FALSE,0.610597494726352,5,0.645334513678067,0.8,0.906666666666667,24,136,14,6,5.06449077075643,2.02365445885207
16,10,160,100,0.25,0.03,2.1,FALSE,0.610597494726352,6,0.287393495938323,0.275862068965517,0.946666666666667,8,142,8,21,4.04198695231836,2.97146825681164
16,10,160,100,0.25,0.03,2.5,FALSE,0.610597494726352,7,0.674199862463242,0.766666666666667,0.933333333333333,23,140,10,7,4.87144821466213,2.21014500798039
16,10,160,100,0.25,0.03,0.7,FALSE,0.610597494726352,8,0.377964473009227,0.166666666666667,1,5,150,0,25,4.49010032071569,2.51192013791183
16,10,160,100,0.25,0.03,2.1,FALSE,0.610597494726352,9,0.734907356321893,0.655172413793103,0.986666666666667,19,148,2,10,4.89405537730289,2.02242638896903
16,10,160,100,0.25,0.03,2.5,FALSE,0.610597494726352,10,0.670804597701149,0.724137931034483,0.946666666666667,21,142,8,8,5.16788557508408,1.91937826046749
16,10,160,100,0.25,0.05,2.9,FALSE,0.610597494726352,1,0.491428571428571,0.571428571428571,0.92,16,138,12,12,5.16724436192859,2.65914362222748
16,10,160,100,0.25,0.05,1.9,FALSE,0.610597494726352,2,0.687812930539982,0.517241379310345,1,15,150,0,14,5.10333050865036,2.2353743638631
16,10,160,100,0.25,0.05,2.3,FALSE,0.610597494726352,3,0.671124899159114,0.566666666666667,0.986666666666667,17,148,2,13,5.21500093495241,2.63927054446035
16,10,160,100,0.25,0.05,2.7,FALSE,0.610597494726352,4,0.681657138638227,0.642857142857143,0.973333333333333,18,146,4,10,5.38804387411401,2.29663655232517
16,10,160,100,0.25,0.05,1.1,FALSE,0.610597494726352,5,0.482242822170412,0.266666666666667,1,8,150,0,22,5.11772379210588,2.61909335340926
16,10,160,100,0.25,0.05,1.9,FALSE,0.610597494726352,6,0.345163142506869,0.206896551724138,0.986666666666667,6,148,2,23,4.45776196645005,3.38620731656833
16,10,160,100,0.25,0.05,2.9,FALSE,0.610597494726352,7,0.467196268524514,0.566666666666667,0.906666666666667,17,136,14,13,5.06319216652577,2.95317049909284
16,10,160,100,0.25,0.05,2.1,FALSE,0.610597494726352,8,0.478091443733757,0.333333333333333,0.986666666666667,10,148,2,20,4.6894086639107,3.01652821124241
16,10,160,100,0.25,0.05,2.9,FALSE,0.610597494726352,9,0.566419815748696,0.586206896551724,0.946666666666667,17,142,8,12,5.01784767698925,2.75600456929548
16,10,160,100,0.25,0.05,2.7,FALSE,0.610597494726352,10,0.640191199931639,0.724137931034483,0.933333333333333,21,140,10,8,5.4961555343377,2.2988909637809
16,10,160,100,0.25,0.1,2.9,FALSE,0.610597494726352,1,0.368853067563981,0.321428571428571,0.96,9,144,6,19,5.37249544903552,3.30562069407715
16,10,160,100,0.25,0.1,2.5,FALSE,0.610597494726352,2,0.609647809968223,0.413793103448276,1,12,150,0,17,5.2779457391968,2.74313848899595
16,10,160,100,0.25,0.1,2.9,FALSE,0.610597494726352,3,0.526234811584218,0.533333333333333,0.946666666666667,16,142,8,14,5.4146667563348,3.25721272556286
16,10,160,100,0.25,0.1,2.7,FALSE,0.610597494726352,4,0.53412698063801,0.321428571428571,1,9,150,0,19,5.81722760222225,3.03335203890629
16,10,160,100,0.25,0.1,1.7,FALSE,0.610597494726352,5,0.482242822170412,0.266666666666667,1,8,150,0,22,5.30942338734772,3.35647628211688
16,10,160,100,0.25,0.1,2.9,FALSE,0.610597494726352,6,0.0945969256498738,0.172413793103448,0.906666666666667,5,136,14,24,4.90415001795208,4.21630282561897
16,10,160,100,0.25,0.1,2.9,FALSE,0.610597494726352,7,0.255399903116915,0.3,0.92,9,138,12,21,5.2955302028524,3.7329225524953
16,10,160,100,0.25,0.1,2.9,FALSE,0.610597494726352,8,0.518234796421759,0.433333333333333,0.973333333333333,13,146,4,17,5.13380348831643,3.5302777279196
16,10,160,100,0.25,0.1,2.3,FALSE,0.610597494726352,9,0.455687275626755,0.310344827586207,0.986666666666667,9,148,2,20,5.34537422210085,3.17553644428096
16,10,160,100,0.25,0.1,2.9,FALSE,0.610597494726352,10,0.452210185587755,0.448275862068966,0.946666666666667,13,142,8,16,5.69742814338175,2.93289900297742
16,10,160,300,0.05,0.03,0.1,FALSE,0.610597494726352,1,0.589224766237396,0.666666666666667,0.982456140350877,12,560,10,6,4.67194860854197,0.268743682770496
16,10,160,300,0.05,0.03,1.1,FALSE,0.610597494726352,2,0.422080639513905,0.777777777777778,0.929824561403509,14,530,40,4,4.62594048931333,0.475489622173273
16,10,160,300,0.05,0.03,1.1,FALSE,0.610597494726352,3,0.584976507949092,0.823529411764706,0.968421052631579,14,552,18,3,5.36214421155699,-0.0652053190054159
16,10,160,300,0.05,0.03,0.1,FALSE,0.610597494726352,4,0.485030243785988,0.529411764705882,0.982456140350877,9,560,10,8,5.11971881622704,0.880771953951078
16,10,160,300,0.05,0.03,0.5,FALSE,0.610597494726352,5,0.499615701973168,0.5,0.985964912280702,9,562,8,9,5.86038461964387,0.418139774872369
16,10,160,300,0.05,0.03,1.3,FALSE,0.610597494726352,6,0.541557116413327,0.944444444444444,0.940350877192982,17,536,34,1,5.93972981339858,0.351652968313752
16,10,160,300,0.05,0.03,0.3,FALSE,0.610597494726352,7,0.62614724633907,0.722222222222222,0.982456140350877,13,560,10,5,4.93913319008037,-0.00160087678223277
16,10,160,300,0.05,0.03,0.9,FALSE,0.610597494726352,8,0.452911168381081,0.75,0.950877192982456,12,542,28,4,5.21571699310824,0.783354550467008
16,10,160,300,0.05,0.03,0.9,FALSE,0.610597494726352,9,0.634098921552226,0.777777777777778,0.978947368421053,14,558,12,4,5.72704415895407,0.349368579519792
16,10,160,300,0.05,0.03,0.5,FALSE,0.610597494726352,10,0.516965167956252,0.647058823529412,0.975438596491228,11,556,14,6,4.95707156470126,0.571453214102296
16,10,160,300,0.05,0.05,0.9,FALSE,0.610597494726352,1,0.401169015443206,0.611111111111111,0.954385964912281,11,544,26,7,4.34791091738558,0.823172267052588
16,10,160,300,0.05,0.05,0.3,FALSE,0.610597494726352,2,0.485181474181063,0.555555555555556,0.978947368421053,10,558,12,8,4.44909917041408,0.459688187081429
16,10,160,300,0.05,0.05,0.5,FALSE,0.610597494726352,3,0.541049559075267,0.647058823529412,0.978947368421053,11,558,12,6,4.95416877886232,0.372777153837882
16,10,160,300,0.05,0.05,2.1,FALSE,0.610597494726352,4,0.388741484581197,0.823529411764706,0.908771929824561,14,518,52,3,4.87887501896283,1.14305096438837
16,10,160,300,0.05,0.05,1.5,FALSE,0.610597494726352,5,0.462928768421533,0.777777777777778,0.943859649122807,14,538,32,4,5.59143315267178,0.681709217061869
16,10,160,300,0.05,0.05,1.5,FALSE,0.610597494726352,6,0.515448248292208,0.777777777777778,0.957894736842105,14,546,24,4,5.63469390704103,0.792713260900695
16,10,160,300,0.05,0.05,0.1,FALSE,0.610597494726352,7,0.619812662353881,0.555555555555556,0.992982456140351,10,566,4,8,4.62842696935057,0.484936916060649
16,10,160,300,0.05,0.05,0.7,FALSE,0.610597494726352,8,0.501407285077705,0.5625,0.982456140350877,9,560,10,7,4.90178763562813,1.09088250431985
16,10,160,300,0.05,0.05,0.3,FALSE,0.610597494726352,9,0.711848409556496,0.611111111111111,0.996491228070175,11,568,2,7,5.43301755773406,0.525644762562535
16,10,160,300,0.05,0.05,0.7,FALSE,0.610597494726352,10,0.477342374340014,0.588235294117647,0.975438596491228,10,556,14,7,4.73105364869318,0.812620429722448
16,10,160,300,0.05,0.1,1.5,FALSE,0.610597494726352,1,0.283681327666809,0.611111111111111,0.905263157894737,11,516,54,7,3.9624738120699,1.29546423202
16,10,160,300,0.05,0.1,0.1,FALSE,0.610597494726352,2,0.499615701973168,0.5,0.985964912280702,9,562,8,9,3.93907121778272,0.494547638357012
16,10,160,300,0.05,0.1,2.1,FALSE,0.610597494726352,3,0.335116630040423,0.764705882352941,0.894736842105263,13,510,60,4,4.39478446215925,1.32717043606739
16,10,160,300,0.05,0.1,0.9,FALSE,0.610597494726352,4,0.354774373594808,0.529411764705882,0.957894736842105,9,546,24,8,4.25530789971887,1.24594855343137
16,10,160,300,0.05,0.1,1.1,FALSE,0.610597494726352,5,0.410720048408453,0.666666666666667,0.947368421052632,12,540,30,6,5.13774348242338,1.06872005052753
16,10,160,300,0.05,0.1,0.9,FALSE,0.610597494726352,6,0.422494649403387,0.666666666666667,0.950877192982456,12,542,28,6,5.01413042778617,0.954772758328766
16,10,160,300,0.05,0.1,0.7,FALSE,0.610597494726352,7,0.4700007867017,0.5,0.982456140350877,9,560,10,9,4.18087333516664,1.00961803206789
16,10,160,300,0.05,0.1,0.1,FALSE,0.610597494726352,8,0.341242742931764,0.25,0.992982456140351,4,566,4,12,4.28465834251209,1.26291604879706
16,10,160,300,0.05,0.1,0.5,FALSE,0.610597494726352,9,0.577563242787417,0.5,0.992982456140351,9,566,4,9,4.89668014379404,1.04707783233533
16,10,160,300,0.05,0.1,1.7,FALSE,0.610597494726352,10,0.344145537020622,0.705882352941177,0.91578947368421,12,522,48,5,4.22272352018589,1.06830575941177
16,10,160,300,0.1,0.03,1.3,FALSE,0.610597494726352,1,0.554243433659556,0.742857142857143,0.944444444444444,26,510,30,9,4.83027784112978,0.632762113292861
16,10,160,300,0.1,0.03,1.1,FALSE,0.610597494726352,2,0.573787566384489,0.666666666666667,0.962962962962963,24,520,20,12,5.92047631307088,0.600948835256114
16,10,160,300,0.1,0.03,0.5,FALSE,0.610597494726352,3,0.585185185185185,0.611111111111111,0.974074074074074,22,526,14,14,5.17624058744587,0.565509567171038
16,10,160,300,0.1,0.03,0.3,FALSE,0.610597494726352,4,0.646163307327927,0.638888888888889,0.981481481481482,23,530,10,13,6.39002596255248,0.273249777062832
16,10,160,300,0.1,0.03,1.3,FALSE,0.610597494726352,5,0.553010041337502,0.833333333333333,0.922222222222222,30,498,42,6,4.7363348454784,0.540482308183511
16,10,160,300,0.1,0.03,1.3,FALSE,0.610597494726352,6,0.619415745778725,0.777777777777778,0.955555555555556,28,516,24,8,4.9888889288103,0.764082019830184
16,10,160,300,0.1,0.03,1.1,FALSE,0.610597494726352,7,0.554243433659556,0.742857142857143,0.944444444444444,26,510,30,9,5.06544990317279,0.528213886530239
16,10,160,300,0.1,0.03,1.3,FALSE,0.610597494726352,8,0.603310404306861,0.8,0.948148148148148,28,512,28,7,5.09453766083129,0.499963738934967
16,10,160,300,0.1,0.03,0.7,FALSE,0.610597494726352,9,0.574074074074074,0.6,0.974074074074074,21,526,14,14,5.20866828384909,0.853774793637034
16,10,160,300,0.1,0.03,0.5,FALSE,0.610597494726352,10,0.603820261762888,0.617647058823529,0.977777777777778,21,528,12,13,5.11795141457273,0.457139065658884
16,10,160,300,0.1,0.05,1.5,FALSE,0.610597494726352,1,0.511227504729611,0.742857142857143,0.92962962962963,26,502,38,9,4.62122526081166,0.914616894022464
16,10,160,300,0.1,0.05,1.9,FALSE,0.610597494726352,2,0.512012104475969,0.722222222222222,0.933333333333333,26,504,36,10,5.68120416912409,0.927460150163773
16,10,160,300,0.1,0.05,0.1,FALSE,0.610597494726352,3,0.669430003469542,0.638888888888889,0.985185185185185,23,532,8,13,4.87559434984912,0.354745648707811
16,10,160,300,0.1,0.05,1.3,FALSE,0.610597494726352,4,0.663446854682117,0.75,0.97037037037037,27,524,16,9,6.04163655091543,0.619940401627662
16,10,160,300,0.1,0.05,2.7,FALSE,0.610597494726352,5,0.422209958970546,0.944444444444444,0.803703703703704,34,434,106,2,4.52969912898299,1.21675192929699
16,10,160,300,0.1,0.05,1.1,FALSE,0.610597494726352,6,0.605863949727627,0.583333333333333,0.981481481481482,21,530,10,15,4.7416700939282,0.991629013235934
16,10,160,300,0.1,0.05,0.5,FALSE,0.610597494726352,7,0.445867230663501,0.457142857142857,0.97037037037037,16,524,16,19,4.80240899791422,0.716576975051143
16,10,160,300,0.1,0.05,0.9,FALSE,0.610597494726352,8,0.52305597678626,0.6,0.962962962962963,21,520,20,14,4.92460725125196,0.893001470062872
16,10,160,300,0.1,0.05,1.1,FALSE,0.610597494726352,9,0.618952898272977,0.714285714285714,0.966666666666667,25,522,18,10,4.91658553103483,0.829730250865725
16,10,160,300,0.1,0.05,0.3,FALSE,0.610597494726352,10,0.696919170215583,0.647058823529412,0.988888888888889,22,534,6,12,4.83706634484624,0.535312162649638
16,10,160,300,0.1,0.1,2.5,FALSE,0.610597494726352,1,0.436010196967087,0.971428571428571,0.807407407407407,34,436,104,1,4.13789022642442,1.15055191304367
16,10,160,300,0.1,0.1,1.7,FALSE,0.610597494726352,2,0.447532350775994,0.666666666666667,0.922222222222222,24,498,42,12,5.12623265503749,1.48580128244616
16,10,160,300,0.1,0.1,0.7,FALSE,0.610597494726352,3,0.585053281579842,0.555555555555556,0.981481481481482,20,530,10,16,4.44765660677309,0.988106421434617
16,10,160,300,0.1,0.1,1.3,FALSE,0.610597494726352,4,0.52049567809517,0.5,0.977777777777778,18,528,12,18,5.12881123513761,1.31340679413825
16,10,160,300,0.1,0.1,1.7,FALSE,0.610597494726352,5,0.379516695035541,0.611111111111111,0.907407407407407,22,490,50,14,4.22811083436825,1.60483123273051
16,10,160,300,0.1,0.1,0.1,FALSE,0.610597494726352,6,0.397359707119513,0.166666666666667,1,6,540,0,30,4.33145267363457,1.62894390519806
16,10,160,300,0.1,0.1,0.7,FALSE,0.610597494726352,7,0.459259508423557,0.428571428571429,0.977777777777778,15,528,12,20,4.36102996018789,1.3054241392961
16,10,160,300,0.1,0.1,1.5,FALSE,0.610597494726352,8,0.455993096439443,0.685714285714286,0.922222222222222,24,498,42,11,4.54555052474967,1.35294239368906
16,10,160,300,0.1,0.1,1.5,FALSE,0.610597494726352,9,0.426704597650132,0.6,0.933333333333333,21,504,36,14,4.40609341349751,1.54853716882173
16,10,160,300,0.1,0.1,1.3,FALSE,0.610597494726352,10,0.525859151870802,0.705882352941177,0.944444444444444,24,510,30,10,4.38610068122964,1.06445626254505
16,10,160,300,0.25,0.03,0.9,FALSE,0.610597494726352,1,0.614569355157409,0.689655172413793,0.933333333333333,60,420,30,27,4.68602203322928,0.726349732658435
16,10,160,300,0.25,0.03,0.9,FALSE,0.610597494726352,2,0.791927925976837,0.758620689655172,0.982222222222222,66,442,8,21,5.98748590340885,0.409329454873118
16,10,160,300,0.25,0.03,2.3,FALSE,0.610597494726352,3,0.703461744312633,0.931034482758621,0.888888888888889,81,400,50,6,5.54804859777171,0.432571316568234
16,10,160,300,0.25,0.03,1.7,FALSE,0.610597494726352,4,0.690254197508644,0.793103448275862,0.933333333333333,69,420,30,18,5.04592211974572,0.698268144174244
16,10,160,300,0.25,0.03,1.5,FALSE,0.610597494726352,5,0.712422778740841,0.850574712643678,0.924444444444444,74,416,34,13,5.33660811153749,0.542397293602201
16,10,160,300,0.25,0.03,1.9,FALSE,0.610597494726352,6,0.778825939138931,0.862068965517241,0.951111111111111,75,428,22,12,6.09460366408918,0.528632314648103
16,10,160,300,0.25,0.03,1.9,FALSE,0.610597494726352,7,0.782701731362229,0.865168539325843,0.951111111111111,77,428,22,12,5.76433958603039,0.657840537580242
16,10,160,300,0.25,0.03,1.5,FALSE,0.610597494726352,8,0.764710929626438,0.793103448275862,0.964444444444444,69,434,16,18,5.72302448986257,0.541052985601433
16,10,160,300,0.25,0.03,1.5,FALSE,0.610597494726352,9,0.654197748916079,0.670454545454545,0.955555555555556,59,430,20,29,5.57006505962711,0.865376211982454
16,10,160,300,0.25,0.03,2.3,FALSE,0.610597494726352,10,0.81540998896282,0.931034482758621,0.946666666666667,81,426,24,6,6.20702944236745,0.465978402555006
16,10,160,300,0.25,0.05,1.7,FALSE,0.610597494726352,1,0.544590440064168,0.701149425287356,0.893333333333333,61,402,48,26,4.40486606445985,1.19279148313046
16,10,160,300,0.25,0.05,1.9,FALSE,0.610597494726352,2,0.739003423919824,0.804597701149425,0.951111111111111,70,428,22,17,5.64687605171829,0.828956063157384
16,10,160,300,0.25,0.05,1.9,FALSE,0.610597494726352,3,0.729613917482247,0.862068965517241,0.928888888888889,75,418,32,12,5.41977678053485,0.759187972889772
16,10,160,300,0.25,0.05,2.1,FALSE,0.610597494726352,4,0.629028181251209,0.747126436781609,0.92,65,414,36,22,4.9516710742321,1.24970047255224
16,10,160,300,0.25,0.05,1.7,FALSE,0.610597494726352,5,0.700003939644471,0.793103448275862,0.937777777777778,69,422,28,18,5.13227300444908,0.999036353255051
16,10,160,300,0.25,0.05,1.5,FALSE,0.610597494726352,6,0.749434594819376,0.735632183908046,0.973333333333333,64,438,12,23,5.86775518148823,0.935829442775969
16,10,160,300,0.25,0.05,2.3,FALSE,0.610597494726352,7,0.738978828552077,0.831460674157303,0.942222222222222,74,424,26,15,5.67144469489357,1.15325859489457
16,10,160,300,0.25,0.05,1.7,FALSE,0.610597494726352,8,0.709326241621934,0.747126436781609,0.955555555555556,65,430,20,22,5.53958864914181,0.877929623959141
16,10,160,300,0.25,0.05,2.7,FALSE,0.610597494726352,9,0.601532842786588,0.806818181818182,0.88,71,396,54,17,5.49263166122336,1.29600359392454
16,10,160,300,0.25,0.05,2.7,FALSE,0.610597494726352,10,0.735132212242696,0.908045977011494,0.915555555555556,79,412,38,8,5.81744282433608,0.89661254335054
16,10,160,300,0.25,0.1,2.1,FALSE,0.610597494726352,1,0.474587828599439,0.666666666666667,0.866666666666667,58,390,60,29,4.02033200522452,1.66228615291167
16,10,160,300,0.25,0.1,2.7,FALSE,0.610597494726352,2,0.662937015461721,0.873563218390805,0.888888888888889,76,400,50,11,5.069709942643,1.32274611045323
16,10,160,300,0.25,0.1,2.1,FALSE,0.610597494726352,3,0.671511260090626,0.793103448275862,0.924444444444444,69,416,34,18,5.04303115923416,1.22021137276799
16,10,160,300,0.25,0.1,2.1,FALSE,0.610597494726352,4,0.639027766933093,0.735632183908046,0.928888888888889,64,418,32,23,4.55262657095901,1.63722608695763
16,10,160,300,0.25,0.1,1.9,FALSE,0.610597494726352,5,0.614569355157409,0.689655172413793,0.933333333333333,60,420,30,27,4.72385655342586,1.51922648827223
16,10,160,300,0.25,0.1,2.1,FALSE,0.610597494726352,6,0.607274124981036,0.666666666666667,0.937777777777778,58,422,28,29,5.35762664672303,1.55478677931953
16,10,160,300,0.25,0.1,2.3,FALSE,0.610597494726352,7,0.648244585128813,0.719101123595506,0.937777777777778,64,422,28,25,5.23370549563448,1.74076824531983
16,10,160,300,0.25,0.1,1.9,FALSE,0.610597494726352,8,0.56927061434275,0.655172413793103,0.924444444444444,57,416,34,30,4.97327081435224,1.59368236935023
16,10,160,300,0.25,0.1,2.9,FALSE,0.610597494726352,9,0.529038659847508,0.772727272727273,0.848888888888889,68,382,68,20,5.05828759278787,1.97013915749924
16,10,160,300,0.25,0.1,2.3,FALSE,0.610597494726352,10,0.678464722866405,0.827586206896552,0.915555555555556,72,412,38,15,5.25924859049624,1.26336036365826
16,10,160,500,0.05,0.03,0.9,FALSE,0.610597494726352,1,0.448198375138004,0.75,0.947368421052632,21,900,50,7,5.74162322680231,0.314657465731471
16,10,160,500,0.05,0.03,0.9,FALSE,0.610597494726352,2,0.601851525617061,0.758620689655172,0.976842105263158,22,928,22,7,6.16771249984684,0.218505646118685
16,10,160,500,0.05,0.03,0.1,FALSE,0.610597494726352,3,0.59406139373001,0.678571428571429,0.983157894736842,19,934,16,9,6.23616179734269,0.125624898198914
16,10,160,500,0.05,0.03,0.5,FALSE,0.610597494726352,4,0.552577318436283,0.724137931034483,0.972631578947368,21,924,26,8,6.39786549937671,0.318232626617386
16,10,160,500,0.05,0.03,0.5,FALSE,0.610597494726352,5,0.550788378894863,0.75,0.970526315789474,21,922,28,7,5.0874080630449,0.121267307815783
16,10,160,500,0.05,0.03,1.1,FALSE,0.610597494726352,6,0.531894154822819,0.862068965517241,0.951578947368421,25,904,46,4,6.23159281637156,0.312654155929444
16,10,160,500,0.05,0.03,1.5,FALSE,0.610597494726352,7,0.44618769613047,0.862068965517241,0.924210526315789,25,878,72,4,5.62649070249586,0.516467665098394
16,10,160,500,0.05,0.03,0.9,FALSE,0.610597494726352,8,0.317518429806218,0.535714285714286,0.945263157894737,15,898,52,13,5.25705584003884,1.12746108015195
16,10,160,500,0.05,0.03,0.7,FALSE,0.610597494726352,9,0.632041559634666,0.866666666666667,0.970526315789474,26,922,28,4,6.13531586362645,0.111492635573139
16,10,160,500,0.05,0.03,0.3,FALSE,0.610597494726352,10,0.670129649583811,0.758620689655172,0.985263157894737,22,936,14,7,5.87778674633707,0.0373094658559106
16,10,160,500,0.05,0.05,0.5,FALSE,0.610597494726352,1,0.372240115531092,0.571428571428571,0.955789473684211,16,908,42,12,5.36005057795916,0.575540550743852
16,10,160,500,0.05,0.05,0.3,FALSE,0.610597494726352,2,0.690777092176515,0.758620689655172,0.987368421052632,22,938,12,7,5.89787681033621,0.191952293904753
16,10,160,500,0.05,0.05,0.9,FALSE,0.610597494726352,3,0.516993246303164,0.75,0.96421052631579,21,916,34,7,5.79595491277857,0.33176841726249
16,10,160,500,0.05,0.05,1.1,FALSE,0.610597494726352,4,0.475832313201231,0.689655172413793,0.962105263157895,20,914,36,9,6.01530696689426,0.562415673152347
16,10,160,500,0.05,0.05,0.9,FALSE,0.610597494726352,5,0.503405608214978,0.821428571428571,0.951578947368421,23,904,46,5,4.74487952869104,0.457934324162863
16,10,160,500,0.05,0.05,0.5,FALSE,0.610597494726352,6,0.534926987975167,0.655172413793103,0.976842105263158,19,928,22,10,5.71078795806975,0.338414736280702
16,10,160,500,0.05,0.05,0.1,FALSE,0.610597494726352,7,0.458326716126113,0.482758620689655,0.983157894736842,14,934,16,15,5.18264010540527,0.365238035000023
16,10,160,500,0.05,0.05,1.1,FALSE,0.610597494726352,8,0.371091416194676,0.678571428571429,0.934736842105263,19,888,62,9,4.90890718311046,0.958189143397384
16,10,160,500,0.05,0.05,0.7,FALSE,0.610597494726352,9,0.517683056457438,0.733333333333333,0.96421052631579,22,916,34,8,5.72478365564951,0.300754432815014
16,10,160,500,0.05,0.05,1.3,FALSE,0.610597494726352,10,0.534701600841135,0.896551724137931,0.947368421052632,26,900,50,3,5.58522589924744,0.408600466112188
16,10,160,500,0.05,0.1,0.7,FALSE,0.610597494726352,1,0.380465292314287,0.642857142857143,0.945263157894737,18,898,52,10,4.68030972481652,0.783581083941575
16,10,160,500,0.05,0.1,0.7,FALSE,0.610597494726352,2,0.508282526531303,0.655172413793103,0.972631578947368,19,924,26,10,5.14073644301896,0.20978255737028
16,10,160,500,0.05,0.1,0.7,FALSE,0.610597494726352,3,0.459804197711262,0.607142857142857,0.970526315789474,17,922,28,11,4.943436370341,0.653403956350173
16,10,160,500,0.05,0.1,1.1,FALSE,0.610597494726352,4,0.438974030345385,0.724137931034483,0.947368421052632,21,900,50,8,5.04542820122041,0.72941480024628
16,10,160,500,0.05,0.1,0.9,FALSE,0.610597494726352,5,0.417410543770992,0.785714285714286,0.930526315789474,22,884,66,6,4.09098005899522,0.581422579147004
16,10,160,500,0.05,0.1,0.9,FALSE,0.610597494726352,6,0.487398908214213,0.724137931034483,0.96,21,912,38,8,4.82411103442248,0.683279238809244
16,10,160,500,0.05,0.1,1.3,FALSE,0.610597494726352,7,0.403154758752898,0.758620689655172,0.928421052631579,22,882,68,7,4.50197853641451,0.679217018235007
16,10,160,500,0.05,0.1,0.1,FALSE,0.610597494726352,8,0.35196094256587,0.464285714285714,0.968421052631579,13,920,30,15,4.24666653245826,0.781487913600197
16,10,160,500,0.05,0.1,1.7,FALSE,0.610597494726352,9,0.393028630260313,0.9,0.886315789473684,27,842,108,3,4.84827168573747,0.631699177037992
16,10,160,500,0.05,0.1,0.5,FALSE,0.610597494726352,10,0.511751358197406,0.620689655172414,0.976842105263158,18,928,22,11,4.82230661336987,0.639130236854484
16,10,160,500,0.1,0.03,1.1,FALSE,0.610597494726352,1,0.742688970912783,0.859649122807018,0.973333333333333,49,876,24,8,6.38518333141666,0.246544800565298
16,10,160,500,0.1,0.03,0.7,FALSE,0.610597494726352,2,0.676227425803751,0.701754385964912,0.98,40,882,18,17,6.14911172658037,0.50872426614988
16,10,160,500,0.1,0.03,0.1,FALSE,0.610597494726352,3,0.597039675890122,0.637931034482759,0.973333333333333,37,876,24,21,5.23201789525817,0.308286852810134
16,10,160,500,0.1,0.03,1.3,FALSE,0.610597494726352,4,0.660015786585039,0.862068965517241,0.953333333333333,50,858,42,8,5.68525559162211,0.399340502114397
16,10,160,500,0.1,0.03,0.9,FALSE,0.610597494726352,5,0.649401825544215,0.775862068965517,0.964444444444444,45,868,32,13,5.66486657583627,0.183069053216049
16,10,160,500,0.1,0.03,0.1,FALSE,0.610597494726352,6,0.627105831731217,0.5,0.993333333333333,29,894,6,29,6.15027907101603,0.456974678432145
16,10,160,500,0.1,0.03,0.3,FALSE,0.610597494726352,7,0.595874917828591,0.603448275862069,0.977777777777778,35,880,20,23,5.29093581318868,0.196843466427288
16,10,160,500,0.1,0.03,0.3,FALSE,0.610597494726352,8,0.539878270160755,0.542372881355932,0.975555555555556,32,878,22,27,5.41990700582985,0.417877474099784
16,10,160,500,0.1,0.03,0.5,FALSE,0.610597494726352,9,0.559741306840417,0.706896551724138,0.953333333333333,41,858,42,17,5.46402056486327,0.418644286716962
16,10,160,500,0.1,0.03,1.5,FALSE,0.610597494726352,10,0.622472692926161,0.896551724137931,0.935555555555556,52,842,58,6,5.62789182644486,0.239705439401726
16,10,160,500,0.1,0.05,0.7,FALSE,0.610597494726352,1,0.738830409356725,0.754385964912281,0.984444444444444,43,886,14,14,5.95722488485976,0.369742715672842
16,10,160,500,0.1,0.05,0.7,FALSE,0.610597494726352,2,0.655189970146521,0.631578947368421,0.984444444444444,36,886,14,21,5.66315644002496,0.638095247196003
16,10,160,500,0.1,0.05,1.1,FALSE,0.610597494726352,3,0.519460381830007,0.741379310344828,0.933333333333333,43,840,60,15,4.98278952510975,0.556189750481319
16,10,160,500,0.1,0.05,0.3,FALSE,0.610597494726352,4,0.671135059065215,0.672413793103448,0.982222222222222,39,884,16,19,5.37890875050389,0.378502154354135
16,10,160,500,0.1,0.05,1.3,FALSE,0.610597494726352,5,0.555733606270392,0.724137931034483,0.948888888888889,42,854,46,16,5.41618191642259,0.639796828475255
16,10,160,500,0.1,0.05,0.1,FALSE,0.610597494726352,6,0.715232928284694,0.620689655172414,0.993333333333333,36,894,6,22,5.75951597221362,0.466153171106065
16,10,160,500,0.1,0.05,0.9,FALSE,0.610597494726352,7,0.540305693162303,0.689655172413793,0.951111111111111,40,856,44,18,4.99410048548766,0.321753304092417
16,10,160,500,0.1,0.05,0.1,FALSE,0.610597494726352,8,0.615180904308695,0.610169491525424,0.98,36,882,18,23,5.07426209312959,0.265998583871186
16,10,160,500,0.1,0.05,0.3,FALSE,0.610597494726352,9,0.537468828163279,0.637931034482759,0.96,37,864,36,21,5.20402389334325,0.355903876914531
16,10,160,500,0.1,0.05,1.5,FALSE,0.610597494726352,10,0.575441275857411,0.879310344827586,0.922222222222222,51,830,70,7,5.25744674396996,0.206876914391455
16,10,160,500,0.1,0.1,1.9,FALSE,0.610597494726352,1,0.528812890539028,0.807017543859649,0.922222222222222,46,830,70,11,5.00334069901932,0.960828583160119
16,10,160,500,0.1,0.1,1.3,FALSE,0.610597494726352,2,0.492295045782317,0.684210526315789,0.937777777777778,39,844,56,18,4.83585344261869,1.03854552046107
16,10,160,500,0.1,0.1,0.7,FALSE,0.610597494726352,3,0.559741306840417,0.706896551724138,0.953333333333333,41,858,42,17,4.45366541141517,0.466659160300664
16,10,160,500,0.1,0.1,0.3,FALSE,0.610597494726352,4,0.553073059248468,0.620689655172414,0.966666666666667,36,870,30,22,4.78532647820474,0.545466951517034
16,10,160,500,0.1,0.1,0.9,FALSE,0.610597494726352,5,0.525338032477468,0.568965517241379,0.968888888888889,33,872,28,25,4.87475809252959,0.7961721047201
16,10,160,500,0.1,0.1,0.7,FALSE,0.610597494726352,6,0.512977505708236,0.603448275862069,0.96,35,864,36,23,4.97539875855338,0.893228989278081
16,10,160,500,0.1,0.1,0.3,FALSE,0.610597494726352,7,0.483947946298692,0.551724137931034,0.962222222222222,32,866,34,26,4.40626471433293,0.771148296225039
16,10,160,500,0.1,0.1,0.9,FALSE,0.610597494726352,8,0.546393973826962,0.779661016949153,0.933333333333333,46,840,60,13,4.31383044519127,0.489724019646639
16,10,160,500,0.1,0.1,0.5,FALSE,0.610597494726352,9,0.496714731574529,0.568965517241379,0.962222222222222,33,866,34,25,4.65119197538971,0.546776491066068
16,10,160,500,0.1,0.1,1.1,FALSE,0.610597494726352,10,0.522889466997547,0.706896551724138,0.942222222222222,41,848,52,17,4.52734877192179,0.639940338024985
16,10,160,500,0.25,0.03,0.7,FALSE,0.610597494726352,1,0.738162198136466,0.719178082191781,0.973333333333333,105,730,20,41,5.73149163967881,0.268554826138662
16,10,160,500,0.25,0.03,0.7,FALSE,0.610597494726352,2,0.698899514861164,0.696551724137931,0.965333333333333,101,724,26,44,5.58523823915178,0.338226988590647
16,10,160,500,0.25,0.03,1.5,FALSE,0.610597494726352,3,0.713319051871788,0.808219178082192,0.938666666666667,118,704,46,28,5.98995909929258,0.577705968519462
16,10,160,500,0.25,0.03,1.9,FALSE,0.610597494726352,4,0.732205882725418,0.89041095890411,0.92,130,690,60,16,5.74775551017115,0.346295437584751
16,10,160,500,0.25,0.03,0.9,FALSE,0.610597494726352,5,0.702234815693224,0.73972602739726,0.954666666666667,108,716,34,38,5.72714812645171,0.451045287386531
16,10,160,500,0.25,0.03,1.3,FALSE,0.610597494726352,6,0.764945615831257,0.856164383561644,0.946666666666667,125,710,40,21,5.71786310355353,0.205796927060181
16,10,160,500,0.25,0.03,1.1,FALSE,0.610597494726352,7,0.71102005885838,0.732876712328767,0.96,107,720,30,39,5.73901989421276,0.378456228687128
16,10,160,500,0.25,0.03,1.5,FALSE,0.610597494726352,8,0.727420689347924,0.883561643835616,0.92,129,690,60,17,5.25079453306567,0.314274724457834
16,10,160,500,0.25,0.03,1.9,FALSE,0.610597494726352,9,0.711833110470943,0.917808219178082,0.898666666666667,134,674,76,12,5.32226468187532,0.254552541905168
16,10,160,500,0.25,0.03,1.5,FALSE,0.610597494726352,10,0.743343953218299,0.842465753424658,0.941333333333333,123,706,44,23,6.10114370350188,0.471202683295237
16,10,160,500,0.25,0.05,2.1,FALSE,0.610597494726352,1,0.683066110107972,0.883561643835616,0.896,129,672,78,17,5.6286895870016,0.498809337224021
16,10,160,500,0.25,0.05,1.3,FALSE,0.610597494726352,2,0.665408295134436,0.758620689655172,0.933333333333333,110,700,50,35,5.32795009365303,0.670505008965258
16,10,160,500,0.25,0.05,1.5,FALSE,0.610597494726352,3,0.71032084288526,0.76027397260274,0.952,111,714,36,35,5.85315418318656,0.761531176786535
16,10,160,500,0.25,0.05,1.9,FALSE,0.610597494726352,4,0.716847632608028,0.89041095890411,0.912,130,684,66,16,5.47727641439647,0.627929819508503
16,10,160,500,0.25,0.05,0.7,FALSE,0.610597494726352,5,0.694015185733931,0.657534246575342,0.973333333333333,96,730,20,50,5.57195803740101,0.647509711491782
16,10,160,500,0.25,0.05,1.9,FALSE,0.610597494726352,6,0.697393110625372,0.86986301369863,0.909333333333333,127,682,68,19,5.49194404005483,0.557918196915934
16,10,160,500,0.25,0.05,1.5,FALSE,0.610597494726352,7,0.721980905141888,0.828767123287671,0.936,121,702,48,25,5.45700004308104,0.428635221484005
16,10,160,500,0.25,0.05,1.9,FALSE,0.610597494726352,8,0.668480191528916,0.863013698630137,0.896,126,672,78,20,5.15817804808331,0.595606931663025
16,10,160,500,0.25,0.05,0.7,FALSE,0.610597494726352,9,0.691279408431081,0.705479452054795,0.96,103,720,30,43,5.02664861118949,0.45963125432213
16,10,160,500,0.25,0.05,1.7,FALSE,0.610597494726352,10,0.675631769152268,0.787671232876712,0.928,115,696,54,31,6.13916424218117,1.00574401876003
16,10,160,500,0.25,0.1,1.3,FALSE,0.610597494726352,1,0.651281145480262,0.705479452054795,0.944,103,708,42,43,5.06887175281528,0.848470966268149
16,10,160,500,0.25,0.1,0.9,FALSE,0.610597494726352,2,0.606768847655263,0.593103448275862,0.96,86,720,30,59,4.82425915265175,1.042519882368
16,10,160,500,0.25,0.1,1.1,FALSE,0.610597494726352,3,0.642548481168651,0.60958904109589,0.968,89,726,24,57,5.39884827992896,1.08797951822623
16,10,160,500,0.25,0.1,1.1,FALSE,0.610597494726352,4,0.578517377502403,0.527397260273973,0.968,77,726,24,69,4.81699841137773,1.15882928347658
16,10,160,500,0.25,0.1,1.5,FALSE,0.610597494726352,5,0.605160036090488,0.691780821917808,0.928,101,696,54,45,5.01913816766569,1.06592805003988
16,10,160,500,0.25,0.1,1.9,FALSE,0.610597494726352,6,0.629126316189455,0.808219178082192,0.896,118,672,78,28,4.84378799476529,0.915993715895008
16,10,160,500,0.25,0.1,2.1,FALSE,0.610597494726352,7,0.640047396770182,0.842465753424658,0.888,123,666,84,23,4.72993811906948,0.766883356954521
16,10,160,500,0.25,0.1,1.7,FALSE,0.610597494726352,8,0.598838110847529,0.76027397260274,0.898666666666667,111,674,76,35,4.69886253374145,0.970191546739264
16,10,160,500,0.25,0.1,1.7,FALSE,0.610597494726352,9,0.568679620493091,0.726027397260274,0.896,106,672,78,40,4.55316203181451,0.822682321598989
16,10,160,500,0.25,0.1,1.7,FALSE,0.610597494726352,10,0.614456669448407,0.719178082191781,0.922666666666667,105,692,58,41,5.68140828936392,1.14331722467813
20,3,60,100,0.05,0.03,2.3,FALSE,0.687615839338061,1,0.0926979549318643,1,0.252631578947368,5,48,142,0,1.2033694513582,0.694313010143494
20,3,60,100,0.05,0.03,0.9,FALSE,0.687615839338061,2,0.149142914758149,0.8,0.652631578947368,4,124,66,1,1.58634805871247,0.12719203967834
20,3,60,100,0.05,0.03,2.3,FALSE,0.687615839338061,3,0.10555089371503,1,0.305263157894737,5,58,132,0,1.42030936857361,1.08995130850851
20,3,60,100,0.05,0.03,0.1,FALSE,0.687615839338061,4,0.231461414105516,0.666666666666667,0.842105263157895,4,160,30,2,1.58783167820605,-0.131940660806335
20,3,60,100,0.05,0.03,0.1,FALSE,0.687615839338061,5,0.11425624941754,0.5,0.778947368421053,3,148,42,3,1.09676470448551,0.408220304998757
20,3,60,100,0.05,0.03,0.7,TRUE,0.687615839338061,6,0.303661861806499,1,0.768421052631579,6,146,44,0,1.84006499874738,-0.276693708248986
20,3,60,100,0.05,0.03,0.9,FALSE,0.687615839338061,7,0.189368291012472,0.833333333333333,0.684210526315789,5,130,60,1,1.67528305901995,0.502529421710305
20,3,60,100,0.05,0.03,0.3,FALSE,0.687615839338061,8,0.315793768024821,0.833333333333333,0.852631578947368,5,162,28,1,1.68014285835093,-0.390425368646058
20,3,60,100,0.05,0.03,2.1,FALSE,0.687615839338061,9,0.127024519610998,1,0.315789473684211,7,60,130,0,1.53051371262666,0.752293095290001
20,3,60,100,0.05,0.03,0.5,FALSE,0.687615839338061,10,0.215540475595009,0.8,0.778947368421053,4,148,42,1,1.53886462740684,-0.138372858224737
20,3,60,100,0.05,0.05,0.9,FALSE,0.687615839338061,1,0.209713644155695,1,0.642105263157895,5,122,68,0,1.42932640113727,-0.000817936328428837
20,3,60,100,0.05,0.05,2.1,FALSE,0.687615839338061,2,0.126861948168066,1,0.389473684210526,5,74,116,0,1.73986103257351,0.740025349928371
20,3,60,100,0.05,0.05,2.5,FALSE,0.687615839338061,3,0.10555089371503,1,0.305263157894737,5,58,132,0,1.66150048422689,0.845999540817017
20,3,60,100,0.05,0.05,0.1,FALSE,0.687615839338061,4,0.266007958373671,0.666666666666667,0.873684210526316,4,166,24,2,1.69716419600473,0.359170484703073
20,3,60,100,0.05,0.05,0.1,FALSE,0.687615839338061,5,0.046356369057952,0.333333333333333,0.778947368421053,2,148,42,4,1.37940151333765,1.05943143093015
20,3,60,100,0.05,0.05,0.1,FALSE,0.687615839338061,6,0.266007958373671,0.666666666666667,0.873684210526316,4,166,24,2,1.88276246973164,0.0553439984591154
20,3,60,100,0.05,0.05,0.1,FALSE,0.687615839338061,7,0.149139407699849,0.5,0.831578947368421,3,158,32,3,1.86937996805464,0.949356142424842
20,3,60,100,0.05,0.05,0.1,FALSE,0.687615839338061,8,0.186780674353964,0.5,0.873684210526316,3,166,24,3,1.79961471471219,-0.0104994138056177
20,3,60,100,0.05,0.05,2.5,FALSE,0.687615839338061,9,0.130077200049469,1,0.326315789473684,7,62,128,0,1.81116214970676,1.21374046631316
20,3,60,100,0.05,0.05,0.1,FALSE,0.687615839338061,10,0.205749046323896,0.6,0.863157894736842,3,164,26,2,1.71139552201173,0.297177469832562
20,3,60,100,0.05,0.1,0.1,FALSE,0.687615839338061,1,0.118615366418525,0.4,0.863157894736842,2,164,26,3,1.69261328497588,0.933304604309731
20,3,60,100,0.05,0.1,1.3,FALSE,0.687615839338061,2,0.252412185437512,1,0.726315789473684,5,138,52,0,1.97557622466279,0.724848164127302
20,3,60,100,0.05,0.1,0.1,FALSE,0.687615839338061,3,0.187937473571295,0.4,0.926315789473684,2,176,14,3,1.95522550653587,0.722385787344454
20,3,60,100,0.05,0.1,0.1,FALSE,0.687615839338061,4,0.283068797591357,0.5,0.936842105263158,3,178,12,3,2.04184705355098,0.498719262223497
20,3,60,100,0.05,0.1,2.3,FALSE,0.687615839338061,5,0.112390297389803,1,0.294736842105263,6,56,134,0,1.70549696070647,1.03678808701036
20,3,60,100,0.05,0.1,0.1,FALSE,0.687615839338061,6,0.379699275691979,0.666666666666667,0.936842105263158,4,178,12,2,2.15267424619597,0.208318108572274
20,3,60,100,0.05,0.1,0.1,FALSE,0.687615839338061,7,0.242081990891721,0.5,0.91578947368421,3,174,16,3,2.07463606956924,1.33119823181856
20,3,60,100,0.05,0.1,1.5,FALSE,0.687615839338061,8,0.228172279001403,1,0.642105263157895,6,122,68,0,2.06848332865048,0.197953193262484
20,3,60,100,0.05,0.1,0.1,FALSE,0.687615839338061,9,0.129463160661981,0.285714285714286,0.91578947368421,2,174,16,5,1.98219634150451,1.83701572317784
20,3,60,100,0.05,0.1,0.1,FALSE,0.687615839338061,10,0.159038464161054,0.4,0.905263157894737,2,172,18,3,1.9049649076081,0.48567859161327
20,3,60,100,0.1,0.03,0.3,FALSE,0.687615839338061,1,0.154896768953969,0.615384615384615,0.677777777777778,8,122,58,5,1.08051741225353,0.638602243256249
20,3,60,100,0.1,0.03,0.3,FALSE,0.687615839338061,2,0.191670376299345,0.727272727272727,0.666666666666667,8,120,60,3,1.22776792818615,-0.0123572792122722
20,3,60,100,0.1,0.03,0.1,FALSE,0.687615839338061,3,0.153532050977488,0.454545454545455,0.811111111111111,5,146,34,6,1.33549836522487,0.597976084604494
20,3,60,100,0.1,0.03,0.3,FALSE,0.687615839338061,4,0.291731213090948,0.727272727272727,0.8,8,144,36,3,1.54390814009298,0.0818754902829897
20,3,60,100,0.1,0.03,0.3,FALSE,0.687615839338061,5,0.371154870311488,0.833333333333333,0.811111111111111,10,146,34,2,1.5197307451008,-0.120028571267469
20,3,60,100,0.1,0.03,0.3,FALSE,0.687615839338061,6,0.291731213090948,0.727272727272727,0.8,8,144,36,3,1.56669082607789,0.0707213782357408
20,3,60,100,0.1,0.03,1.7,FALSE,0.687615839338061,7,0.207198221870162,0.916666666666667,0.511111111111111,11,92,88,1,1.58782471033659,0.396111700288339
20,3,60,100,0.1,0.03,0.5,FALSE,0.687615839338061,8,0.31704712010092,0.833333333333333,0.755555555555556,10,136,44,2,1.52323440291017,0.167153230290414
20,3,60,100,0.1,0.03,0.1,FALSE,0.687615839338061,9,0.195762816766473,0.5,0.822222222222222,6,148,32,6,1.26803397948523,0.435702709007171
20,3,60,100,0.1,0.03,0.1,FALSE,0.687615839338061,10,0.281595642209179,0.583333333333333,0.855555555555556,7,154,26,5,1.51937861731546,0.798320458848386
20,3,60,100,0.1,0.05,2.5,FALSE,0.687615839338061,1,0.141733200841407,1,0.233333333333333,13,42,138,0,1.33605644059958,0.812127863995267
20,3,60,100,0.1,0.05,1.9,FALSE,0.687615839338061,2,0.209866729245119,1,0.444444444444444,11,80,100,0,1.67807562718019,0.550650286446225
20,3,60,100,0.1,0.05,0.1,FALSE,0.687615839338061,3,0.278765231136206,0.545454545454545,0.877777777777778,6,158,22,5,1.69098451835993,1.05722396639371
20,3,60,100,0.1,0.05,0.7,TRUE,0.687615839338061,4,0.265032513854674,0.636363636363636,0.822222222222222,7,148,32,4,1.88438713672001,0.248309392648235
20,3,60,100,0.1,0.05,0.5,FALSE,0.687615839338061,5,0.314285714285714,0.75,0.8,9,144,36,3,1.78797010722764,0.180122249897268
20,3,60,100,0.1,0.05,0.1,FALSE,0.687615839338061,6,0.208529746028973,0.454545454545455,0.866666666666667,5,156,24,6,1.63663550411457,0.463107996161327
20,3,60,100,0.1,0.05,1.5,FALSE,0.687615839338061,7,0.240430799880355,0.916666666666667,0.577777777777778,11,104,76,1,1.85468927810313,0.391212942989757
20,3,60,100,0.1,0.05,0.9,FALSE,0.687615839338061,8,0.34102671835628,0.916666666666667,0.733333333333333,11,132,48,1,1.69568275118442,0.56268230062642
20,3,60,100,0.1,0.05,2.1,FALSE,0.687615839338061,9,0.140782881842289,1,0.244444444444444,12,44,136,0,1.34354058319285,1.00995567015299
20,3,60,100,0.1,0.05,0.1,FALSE,0.687615839338061,10,0.334571344403737,0.5,0.922222222222222,6,166,14,6,1.94304300590904,0.598379876062799
20,3,60,100,0.1,0.1,0.9,FALSE,0.687615839338061,1,0.143223744623149,0.538461538461538,0.722222222222222,7,130,50,6,1.43758742913234,1.77634565333459
20,3,60,100,0.1,0.1,0.3,FALSE,0.687615839338061,2,0.222223248745268,0.454545454545455,0.877777777777778,5,158,22,6,2.14081864078548,1.02723747544819
20,3,60,100,0.1,0.1,1.1,FALSE,0.687615839338061,3,0.159521456438049,0.545454545454545,0.755555555555556,6,136,44,5,1.8707443478778,1.66477653746943
20,3,60,100,0.1,0.1,0.5,FALSE,0.687615839338061,4,0.250157976895571,0.545454545454545,0.855555555555556,6,154,26,5,1.91870171757972,0.773381862865043
20,3,60,100,0.1,0.1,0.1,FALSE,0.687615839338061,5,0.258613002105874,0.333333333333333,0.944444444444444,4,170,10,8,1.95868699499273,0.810056660968316
20,3,60,100,0.1,0.1,2.5,FALSE,0.687615839338061,6,0.147209397719676,1,0.277777777777778,11,50,130,0,1.72626581951233,1.06173675486907
20,3,60,100,0.1,0.1,2.1,FALSE,0.687615839338061,7,0.130930734141595,0.833333333333333,0.433333333333333,10,78,102,2,1.75292553703201,1.43073734030333
20,3,60,100,0.1,0.1,1.1,FALSE,0.687615839338061,8,0.229986462414145,0.666666666666667,0.755555555555556,8,136,44,4,1.92647866255823,1.28319064552201
20,3,60,100,0.1,0.1,1.5,FALSE,0.687615839338061,9,0.062025259624877,0.583333333333333,0.544444444444444,7,98,82,5,1.51784287195084,1.62676085473956
20,3,60,100,0.1,0.1,2.7,FALSE,0.687615839338061,10,0.178311165648346,1,0.344444444444444,12,62,118,0,2.08839744560906,1.18000965292113
20,3,60,100,0.25,0.03,1.9,FALSE,0.687615839338061,1,0.251845650495479,0.9,0.426666666666667,27,64,86,3,1.51054512257338,0.748466270824218
20,3,60,100,0.25,0.03,2.1,FALSE,0.687615839338061,2,0.138570752097611,0.862068965517241,0.306666666666667,25,46,104,4,1.35137114283232,0.953731253634006
20,3,60,100,0.25,0.03,2.1,FALSE,0.687615839338061,3,0.184554817282616,0.928571428571429,0.293333333333333,26,44,106,2,1.3257951579019,0.932569362351427
20,3,60,100,0.25,0.03,1.3,FALSE,0.687615839338061,4,0.283392761330699,0.833333333333333,0.546666666666667,25,82,68,5,1.54005850031391,0.498624528570645
20,3,60,100,0.25,0.03,1.1,FALSE,0.687615839338061,5,0.26,0.733333333333333,0.613333333333333,22,92,58,8,1.59823813741773,0.730216520969886
20,3,60,100,0.25,0.03,1.5,FALSE,0.687615839338061,6,0.189573937423171,0.666666666666667,0.586666666666667,20,88,62,10,1.5795605376516,1.25332507751563
20,3,60,100,0.25,0.03,1.5,FALSE,0.687615839338061,7,0.275478677472795,0.857142857142857,0.52,24,78,72,4,1.53853434217599,0.500699018050003
20,3,60,100,0.25,0.03,1.7,FALSE,0.687615839338061,8,0.193645944707125,0.793103448275862,0.466666666666667,23,70,80,6,1.70897887497659,1.07414116867955
20,3,60,100,0.25,0.03,0.1,FALSE,0.687615839338061,9,0.384598415258552,0.551724137931034,0.866666666666667,16,130,20,13,1.93933935080535,0.188537864652919
20,3,60,100,0.25,0.03,0.1,FALSE,0.687615839338061,10,0.187421041514067,0.379310344827586,0.826666666666667,11,124,26,18,1.34685480616129,0.94723729440496
20,3,60,100,0.25,0.05,1.5,FALSE,0.687615839338061,1,0.27833497037064,0.8,0.573333333333333,24,86,64,6,1.75029110119577,0.836841115190572
20,3,60,100,0.25,0.05,0.1,FALSE,0.687615839338061,2,0.0939670734938633,0.206896551724138,0.88,6,132,18,23,1.54855692689999,1.34365914781678
20,3,60,100,0.25,0.05,0.1,FALSE,0.687615839338061,3,0.247577456447797,0.321428571428571,0.906666666666667,9,136,14,19,1.56899201590038,0.9277618680972
20,3,60,100,0.25,0.05,2.3,FALSE,0.687615839338061,4,0.227710017021324,0.933333333333333,0.346666666666667,28,52,98,2,1.57863399137926,0.922810256179873
20,3,60,100,0.25,0.05,1.3,FALSE,0.687615839338061,5,0.24606344663627,0.7,0.626666666666667,21,94,56,9,1.58544979733569,0.853720925861973
20,3,60,100,0.25,0.05,1.1,FALSE,0.687615839338061,6,0.179889750353914,0.566666666666667,0.666666666666667,17,100,50,13,1.85942822229959,1.27241072018175
20,3,60,100,0.25,0.05,2.1,FALSE,0.687615839338061,7,0.35607927885541,1,0.48,28,72,78,0,1.93186532142372,0.715864249570162
20,3,60,100,0.25,0.05,1.9,FALSE,0.687615839338061,8,0.177067632027015,0.758620689655172,0.48,22,72,78,7,1.67055243025774,1.30790693853924
20,3,60,100,0.25,0.05,1.3,FALSE,0.687615839338061,9,0.317818707138793,0.655172413793103,0.746666666666667,19,112,38,10,2.05090971373821,0.654070034626229
20,3,60,100,0.25,0.05,0.1,FALSE,0.687615839338061,10,0.341609195402299,0.448275862068966,0.893333333333333,13,134,16,16,1.74005938940489,0.669632272665661
20,3,60,100,0.25,0.1,2.3,FALSE,0.687615839338061,1,0.270745576918284,0.866666666666667,0.493333333333333,26,74,76,4,2.07981113858939,1.16991230495714
20,3,60,100,0.25,0.1,0.7,TRUE,0.687615839338061,2,0.216663473520084,0.413793103448276,0.826666666666667,12,124,26,17,1.83438554078688,1.18422330186618
20,3,60,100,0.25,0.1,1.5,FALSE,0.687615839338061,3,0.225068199112648,0.678571428571429,0.626666666666667,19,94,56,9,1.94719808234832,1.44731200276934
20,3,60,100,0.25,0.1,0.9,FALSE,0.687615839338061,4,0.228857509083908,0.5,0.773333333333333,15,116,34,15,1.94294008406362,1.45804356663707
20,3,60,100,0.25,0.1,0.1,FALSE,0.687615839338061,5,0.248451997499977,0.266666666666667,0.933333333333333,8,140,10,22,1.77015839011204,1.22365688437058
20,3,60,100,0.25,0.1,2.1,FALSE,0.687615839338061,6,0.13916748518532,0.666666666666667,0.52,20,78,72,10,2.1891662027123,1.73150602115765
20,3,60,100,0.25,0.1,2.5,FALSE,0.687615839338061,7,0.234525455721761,0.928571428571429,0.373333333333333,26,56,94,2,2.1112752934884,1.40903053703903
20,3,60,100,0.25,0.1,1.7,FALSE,0.687615839338061,8,0.24743676597685,0.827586206896552,0.506666666666667,24,76,74,5,1.7471468180841,1.10400270081316
20,3,60,100,0.25,0.1,0.3,FALSE,0.687615839338061,9,0.271957614820864,0.344827586206897,0.906666666666667,10,136,14,19,2.19953934299775,1.12044649226654
20,3,60,100,0.25,0.1,0.1,FALSE,0.687615839338061,10,0.256299390427397,0.275862068965517,0.933333333333333,8,140,10,21,1.90248424982523,1.04259748594788
20,3,60,300,0.05,0.03,1.3,FALSE,0.687615839338061,1,0.133428643682021,0.888888888888889,0.498245614035088,16,284,286,2,1.4119276857364,0.174686421699583
20,3,60,300,0.05,0.03,1.3,FALSE,0.687615839338061,2,0.103191860834097,0.944444444444444,0.336842105263158,17,192,378,1,0.823785338672585,0.303757896050753
20,3,60,300,0.05,0.03,0.1,FALSE,0.687615839338061,3,0.101080702904888,0.555555555555556,0.712280701754386,10,406,164,8,1.19171336037273,0.441296563027591
20,3,60,300,0.05,0.03,0.1,FALSE,0.687615839338061,4,0.187109106463964,0.705882352941177,0.771929824561403,12,440,130,5,1.49352904113129,0.00336446130741463
20,3,60,300,0.05,0.03,1.3,FALSE,0.687615839338061,5,0.132319162728523,0.944444444444444,0.435087719298246,17,248,322,1,0.981972602439253,-0.0508079251756857
20,3,60,300,0.05,0.03,0.7,TRUE,0.687615839338061,6,0.151291476157532,0.823529411764706,0.617543859649123,14,352,218,3,1.33048637142536,-0.166890072876583
20,3,60,300,0.05,0.03,1.5,FALSE,0.687615839338061,7,0.125268323784543,0.888888888888889,0.473684210526316,16,270,300,2,1.31909618170453,0.58449454486146
20,3,60,300,0.05,0.03,0.9,FALSE,0.687615839338061,8,0.0921131607153076,0.666666666666667,0.617543859649123,10,352,218,5,1.48001732965037,0.765504358605836
20,3,60,300,0.05,0.03,0.7,TRUE,0.687615839338061,9,0.16176120245474,0.833333333333333,0.624561403508772,15,356,214,3,1.25739386799209,0.074431823729072
20,3,60,300,0.05,0.03,0.3,FALSE,0.687615839338061,10,0.174533987316597,0.777777777777778,0.694736842105263,14,396,174,4,1.34624924810513,0.00331948195147261
20,3,60,300,0.05,0.05,1.9,FALSE,0.687615839338061,1,0.105225306091429,0.888888888888889,0.410526315789474,16,234,336,2,1.4680271368807,0.26859747894749
20,3,60,300,0.05,0.05,1.7,FALSE,0.687615839338061,2,0.0879966340194412,0.944444444444444,0.284210526315789,17,162,408,1,0.862193078635289,0.517777929601827
20,3,60,300,0.05,0.05,1.7,FALSE,0.687615839338061,3,0.136403718407704,1,0.382456140350877,18,218,352,0,1.22603061556069,0.282717017991802
20,3,60,300,0.05,0.05,0.5,FALSE,0.687615839338061,4,0.163640721209961,0.764705882352941,0.691228070175439,13,394,176,4,1.46359781349615,0.356993446004797
20,3,60,300,0.05,0.05,0.1,FALSE,0.687615839338061,5,0.118436800211229,0.611111111111111,0.705263157894737,11,402,168,7,1.10671902061593,0.0656569886787533
20,3,60,300,0.05,0.05,1.1,FALSE,0.687615839338061,6,0.177773930398504,1,0.529824561403509,17,302,268,0,1.35463602000206,-0.159383125045019
20,3,60,300,0.05,0.05,0.1,FALSE,0.687615839338061,7,0.146144183392731,0.611111111111111,0.757894736842105,11,432,138,7,1.3162887447684,0.811636890052485
20,3,60,300,0.05,0.05,2.3,FALSE,0.687615839338061,8,0.0572132746923566,0.866666666666667,0.298245614035088,13,170,400,2,1.52677990181307,1.08677209014871
20,3,60,300,0.05,0.05,1.5,FALSE,0.687615839338061,9,0.104140228707811,0.888888888888889,0.407017543859649,16,232,338,2,1.18662640868123,0.413654112216069
20,3,60,300,0.05,0.05,0.1,FALSE,0.687615839338061,10,0.229791433552437,0.833333333333333,0.754385964912281,15,430,140,3,1.44541997721753,-0.0936658100018117
20,3,60,300,0.05,0.1,1.1,FALSE,0.687615839338061,1,0.148105226630627,0.888888888888889,0.540350877192982,16,308,262,2,1.29491518359815,-0.0434445673886402
20,3,60,300,0.05,0.1,2.7,FALSE,0.687615839338061,2,0.0397167221176947,0.944444444444444,0.133333333333333,17,76,494,1,1.05128253468697,0.756610019470004
20,3,60,300,0.05,0.1,0.1,FALSE,0.687615839338061,3,0.128376460472014,0.555555555555556,0.764912280701754,10,436,134,8,1.2281334758032,0.314043368960823
20,3,60,300,0.05,0.1,0.5,FALSE,0.687615839338061,4,0.128334975260008,0.647058823529412,0.705263157894737,11,402,168,6,1.48829442175844,0.669740043368884
20,3,60,300,0.05,0.1,2.1,FALSE,0.687615839338061,5,0.0849372000738363,0.944444444444444,0.273684210526316,17,156,414,1,1.2232465965867,0.581745214050977
20,3,60,300,0.05,0.1,0.1,FALSE,0.687615839338061,6,0.213682481316139,0.823529411764706,0.743859649122807,14,424,146,3,1.33619348245985,-0.286570279576858
20,3,60,300,0.05,0.1,0.7,TRUE,0.687615839338061,7,0.142248381712381,0.777777777777778,0.624561403508772,14,356,214,4,1.31628061543304,0.314835406894142
20,3,60,300,0.05,0.1,2.1,FALSE,0.687615839338061,8,0.118702754686493,1,0.357894736842105,15,204,366,0,1.51734208051587,0.734409919346863
20,3,60,300,0.05,0.1,0.1,FALSE,0.687615839338061,9,0.167776645107701,0.666666666666667,0.757894736842105,12,432,138,6,1.30283489290633,0.0284756576992699
20,3,60,300,0.05,0.1,1.1,FALSE,0.687615839338061,10,0.153232657492593,0.888888888888889,0.554385964912281,16,316,254,2,1.51194607228906,0.0235980257918552
20,3,60,300,0.1,0.03,0.7,TRUE,0.687615839338061,1,0.164070845286969,0.722222222222222,0.611111111111111,26,330,210,10,1.39154421435616,0.248821372521356
20,3,60,300,0.1,0.03,0.3,FALSE,0.687615839338061,2,0.183054840101769,0.777777777777778,0.596296296296296,28,322,218,8,0.875232594511503,-0.162896642022102
20,3,60,300,0.1,0.03,1.1,FALSE,0.687615839338061,3,0.192320808640249,0.944444444444444,0.448148148148148,34,242,298,2,1.06351771811451,-0.106139006376622
20,3,60,300,0.1,0.03,0.3,FALSE,0.687615839338061,4,0.259307240251502,0.818181818181818,0.703703703703704,27,380,160,6,1.25554151305438,-0.144071713781395
20,3,60,300,0.1,0.03,1.1,FALSE,0.687615839338061,5,0.110364296357339,0.857142857142857,0.362962962962963,30,196,344,5,0.853674341305692,0.1928992342357
20,3,60,300,0.1,0.03,0.7,TRUE,0.687615839338061,6,0.174342143688089,0.764705882352941,0.6,26,324,216,8,1.22680983236075,0.386603855705087
20,3,60,300,0.1,0.03,0.3,FALSE,0.687615839338061,7,0.204133242140423,0.714285714285714,0.688888888888889,25,372,168,10,1.19363045146233,0.10165856766647
20,3,60,300,0.1,0.03,0.3,FALSE,0.687615839338061,8,0.290259216319176,0.8,0.748148148148148,28,404,136,7,1.52538803046839,-0.202834603679231
20,3,60,300,0.1,0.03,0.5,FALSE,0.687615839338061,9,0.235422963873313,0.857142857142857,0.625925925925926,30,338,202,5,1.19419958768508,-0.171289650770454
20,3,60,300,0.1,0.03,0.1,FALSE,0.687615839338061,10,0.198059318274223,0.6,0.762962962962963,21,412,128,14,1.3443922891816,0.108460490245148
20,3,60,300,0.1,0.05,0.5,FALSE,0.687615839338061,1,0.126962210854548,0.583333333333333,0.666666666666667,21,360,180,15,1.40909680457581,0.710366268834693
20,3,60,300,0.1,0.05,0.3,FALSE,0.687615839338061,2,0.175150469677509,0.777777777777778,0.581481481481481,28,314,226,8,0.92112785447764,-0.140623934410665
20,3,60,300,0.1,0.05,1.5,FALSE,0.687615839338061,3,0.190495592439714,0.972222222222222,0.411111111111111,35,222,318,1,1.09998100623482,-0.0180857317392918
20,3,60,300,0.1,0.05,1.1,FALSE,0.687615839338061,4,0.209686491324434,0.909090909090909,0.540740740740741,30,292,248,3,1.32722941533124,-0.03943020533355
20,3,60,300,0.1,0.05,0.7,TRUE,0.687615839338061,5,0.164888951827205,0.8,0.544444444444444,28,294,246,7,0.960498595389718,0.055037649837377
20,3,60,300,0.1,0.05,0.5,FALSE,0.687615839338061,6,0.185981110168936,0.705882352941177,0.67037037037037,24,362,178,10,1.30636248642708,0.641297394016326
20,3,60,300,0.1,0.05,0.3,FALSE,0.687615839338061,7,0.125187903051145,0.6,0.651851851851852,21,352,188,14,1.09327193010956,0.472961521926708
20,3,60,300,0.1,0.05,0.7,TRUE,0.687615839338061,8,0.218636600995627,0.8,0.644444444444444,28,348,192,7,1.47014112522432,-0.00558939005051911
20,3,60,300,0.1,0.05,0.5,FALSE,0.687615839338061,9,0.271692501911336,0.914285714285714,0.640740740740741,32,346,194,3,1.24339181501771,-0.230989877472736
20,3,60,300,0.1,0.05,0.3,FALSE,0.687615839338061,10,0.171058020089599,0.6,0.725925925925926,21,392,148,14,1.25787476482296,0.282354666262038
20,3,60,300,0.1,0.1,1.3,FALSE,0.687615839338061,1,0.153328699790916,0.805555555555556,0.511111111111111,29,276,264,7,1.38531927547646,0.495807788858877
20,3,60,300,0.1,0.1,0.3,FALSE,0.687615839338061,2,0.187389204684957,0.722222222222222,0.651851851851852,26,352,188,10,0.918888517017695,0.0162373290539479
20,3,60,300,0.1,0.1,1.1,FALSE,0.687615839338061,3,0.208951803301867,0.916666666666667,0.514814814814815,33,278,262,3,1.28032901590591,0.10977976417084
20,3,60,300,0.1,0.1,0.3,FALSE,0.687615839338061,4,0.216249701434738,0.666666666666667,0.748148148148148,22,404,136,11,1.36482911624365,0.0703561294129893
20,3,60,300,0.1,0.1,0.9,FALSE,0.687615839338061,5,0.100618816819209,0.742857142857143,0.466666666666667,26,252,288,9,0.89585988662027,0.226987082712015
20,3,60,300,0.1,0.1,0.5,FALSE,0.687615839338061,6,0.156263431269121,0.617647058823529,0.692592592592593,21,374,166,13,1.34659493300204,0.749173660022238
20,3,60,300,0.1,0.1,0.7,TRUE,0.687615839338061,7,0.152290842123034,0.714285714285714,0.6,25,324,216,10,1.09949666526319,0.334660239425377
20,3,60,300,0.1,0.1,0.7,TRUE,0.687615839338061,8,0.182337007955749,0.742857142857143,0.62962962962963,26,340,200,9,1.36535327064646,0.242172610356906
20,3,60,300,0.1,0.1,0.7,TRUE,0.687615839338061,9,0.278808073233198,0.942857142857143,0.62962962962963,33,340,200,2,1.281340297077,-0.0887375279001882
20,3,60,300,0.1,0.1,0.1,FALSE,0.687615839338061,10,0.139126111299551,0.514285714285714,0.744444444444444,18,402,138,17,1.22314959489905,0.266665717337905
20,3,60,300,0.25,0.03,0.7,TRUE,0.687615839338061,1,0.330077448911033,0.724137931034483,0.706666666666667,63,318,132,24,1.61659224580946,0.300160179705357
20,3,60,300,0.25,0.03,0.7,TRUE,0.687615839338061,2,0.341768117475989,0.804597701149425,0.653333333333333,70,294,156,17,1.36988290714846,0.0442216433797136
20,3,60,300,0.25,0.03,0.1,FALSE,0.687615839338061,3,0.256643763746631,0.681818181818182,0.657777777777778,60,296,154,28,0.947458068312457,0.0572555986140866
20,3,60,300,0.25,0.03,1.1,FALSE,0.687615839338061,4,0.260568362894359,0.885057471264368,0.462222222222222,77,208,242,10,0.975864287088665,0.00115337149172707
20,3,60,300,0.25,0.03,0.7,TRUE,0.687615839338061,5,0.221214122210608,0.71264367816092,0.586666666666667,62,264,186,25,1.22884130146434,0.41605512087234
20,3,60,300,0.25,0.03,0.7,TRUE,0.687615839338061,6,0.223096904834303,0.701149425287356,0.6,61,270,180,26,1.20118269167691,0.256172997194697
20,3,60,300,0.25,0.03,2.1,FALSE,0.687615839338061,7,0.239627509845475,0.931034482758621,0.373333333333333,81,168,282,6,1.33891105996483,0.284339957943803
20,3,60,300,0.25,0.03,0.9,FALSE,0.687615839338061,8,0.20121975376663,0.818181818181818,0.448888888888889,72,202,248,16,0.928594442978424,0.141702025039985
20,3,60,300,0.25,0.03,0.1,FALSE,0.687615839338061,9,0.313338774531781,0.655172413793103,0.742222222222222,57,334,116,30,1.24203951314421,0.0891307665913435
20,3,60,300,0.25,0.03,0.1,FALSE,0.687615839338061,10,0.316431344159621,0.528735632183908,0.831111111111111,46,374,76,41,1.3704242930923,0.28258900045722
20,3,60,300,0.25,0.05,1.7,FALSE,0.687615839338061,1,0.290221361826653,0.931034482758621,0.453333333333333,81,204,246,6,1.60603943305067,0.254404525679358
20,3,60,300,0.25,0.05,0.3,FALSE,0.687615839338061,2,0.306275947559799,0.609195402298851,0.768888888888889,53,346,104,34,1.40204457808271,0.112939298444938
20,3,60,300,0.25,0.05,1.3,FALSE,0.687615839338061,3,0.21550376940962,0.875,0.404444444444444,77,182,268,11,1.04282304097359,0.287337141474677
20,3,60,300,0.25,0.05,0.3,FALSE,0.687615839338061,4,0.296194743465936,0.67816091954023,0.706666666666667,59,318,132,28,1.11985457602598,0.0286157273920905
20,3,60,300,0.25,0.05,0.7,TRUE,0.687615839338061,5,0.274324759512831,0.747126436781609,0.622222222222222,65,280,170,22,1.26591006863774,0.27237431610169
20,3,60,300,0.25,0.05,1.1,FALSE,0.687615839338061,6,0.236552689276493,0.804597701149425,0.515555555555556,70,232,218,17,1.22442978305493,0.487173838566622
20,3,60,300,0.25,0.05,1.9,FALSE,0.687615839338061,7,0.246090177501233,0.896551724137931,0.426666666666667,78,192,258,9,1.45879232517867,0.302268493449113
20,3,60,300,0.25,0.05,0.5,FALSE,0.687615839338061,8,0.204198931389673,0.715909090909091,0.56,63,252,198,25,0.939300025885699,0.269362538384562
20,3,60,300,0.25,0.05,0.5,FALSE,0.687615839338061,9,0.265245265049978,0.689655172413793,0.662222222222222,60,298,152,27,1.25724601499189,0.189044989589581
20,3,60,300,0.25,0.05,0.1,FALSE,0.687615839338061,10,0.33751255037465,0.597701149425287,0.804444444444444,52,362,88,35,1.40696480154012,0.167023466051309
20,3,60,300,0.25,0.1,1.7,FALSE,0.687615839338061,1,0.295820728370171,0.919540229885057,0.475555555555556,80,214,236,7,1.62766258380924,0.245855744956842
20,3,60,300,0.25,0.1,0.9,FALSE,0.687615839338061,2,0.27708441620032,0.770114942528736,0.604444444444444,67,272,178,20,1.41230714702261,0.413761755167045
20,3,60,300,0.25,0.1,1.5,FALSE,0.687615839338061,3,0.173613546246825,0.852272727272727,0.368888888888889,75,166,284,13,1.05026064456076,0.549453133406688
20,3,60,300,0.25,0.1,0.9,FALSE,0.687615839338061,4,0.26409298956373,0.862068965517241,0.493333333333333,75,222,228,12,1.09128105029375,0.168339994909035
20,3,60,300,0.25,0.1,0.5,FALSE,0.687615839338061,5,0.240828407393767,0.666666666666667,0.653333333333333,58,294,156,29,1.29812247480183,0.313752438963754
20,3,60,300,0.25,0.1,0.5,FALSE,0.687615839338061,6,0.198395887369264,0.609195402298851,0.653333333333333,53,294,156,34,1.16134625272112,0.424312169648477
20,3,60,300,0.25,0.1,0.9,FALSE,0.687615839338061,7,0.273687280572128,0.701149425287356,0.662222222222222,61,298,152,26,1.52904306272461,0.442127924131808
20,3,60,300,0.25,0.1,0.5,FALSE,0.687615839338061,8,0.169264947808644,0.636363636363636,0.591111111111111,56,266,184,32,0.945654506008392,0.36555027349327
20,3,60,300,0.25,0.1,0.3,FALSE,0.687615839338061,9,0.239589484461418,0.563218390804598,0.737777777777778,49,332,118,38,1.31272945722544,0.392520452435712
20,3,60,300,0.25,0.1,0.7,TRUE,0.687615839338061,10,0.308827184797353,0.689655172413793,0.711111111111111,60,320,130,27,1.45652875684755,0.232606089107963
20,3,60,500,0.05,0.03,0.3,FALSE,0.687615839338061,1,0.205726526139736,0.827586206896552,0.72421052631579,24,688,262,5,1.35113358493535,-0.332164775927447
20,3,60,500,0.05,0.03,0.9,FALSE,0.687615839338061,2,0.0949586423819444,0.785714285714286,0.498947368421053,22,474,476,6,1.02787549898366,0.376464304963492
20,3,60,500,0.05,0.03,0.1,FALSE,0.687615839338061,3,0.159915771206376,0.724137931034483,0.709473684210526,21,674,276,8,1.20492814502915,-0.0298228763475759
20,3,60,500,0.05,0.03,0.5,FALSE,0.687615839338061,4,0.136178177507359,0.862068965517241,0.538947368421053,25,512,438,4,0.922475154916363,0.111541619467625
20,3,60,500,0.05,0.03,0.1,FALSE,0.687615839338061,5,0.200684702552069,0.689655172413793,0.797894736842105,20,758,192,9,1.54454301777044,-0.227648557166953
20,3,60,500,0.05,0.03,0.3,FALSE,0.687615839338061,6,0.152871031744315,0.758620689655172,0.669473684210526,22,636,314,7,1.13534296100555,-0.303425127151761
20,3,60,500,0.05,0.03,0.5,FALSE,0.687615839338061,7,0.174006999749933,0.785714285714286,0.698947368421053,22,664,286,6,1.61298409782514,0.0581025842577813
20,3,60,500,0.05,0.03,0.1,FALSE,0.687615839338061,8,0.162092400701481,0.724137931034483,0.713684210526316,21,678,272,8,0.983775398509163,-0.0382989893615424
20,3,60,500,0.05,0.03,0.9,FALSE,0.687615839338061,9,0.15155182418205,0.857142857142857,0.591578947368421,24,562,388,4,1.40135949049024,0.123293440672065
20,3,60,500,0.05,0.03,0.1,FALSE,0.687615839338061,10,0.213394095729929,0.793103448275862,0.757894736842105,23,720,230,6,1.39331522199563,-0.0842457965121278
20,3,60,500,0.05,0.05,0.5,FALSE,0.687615839338061,1,0.169456176448559,0.827586206896552,0.652631578947368,24,620,330,5,1.23476150311907,-0.0904245089617737
20,3,60,500,0.05,0.05,0.3,FALSE,0.687615839338061,2,0.107308778039703,0.642857142857143,0.663157894736842,18,630,320,10,1.03775847538795,0.335581103820456
20,3,60,500,0.05,0.05,0.1,FALSE,0.687615839338061,3,0.138948485087351,0.655172413793103,0.717894736842105,19,682,268,10,1.16063602947046,0.0244754493446326
20,3,60,500,0.05,0.05,0.5,FALSE,0.687615839338061,4,0.123000003284166,0.827586206896552,0.534736842105263,24,508,442,5,0.870023782665246,0.0955867588530522
20,3,60,500,0.05,0.05,0.5,FALSE,0.687615839338061,5,0.188645170965102,0.827586206896552,0.692631578947368,24,658,292,5,1.380221726351,-0.2205918208719
20,3,60,500,0.05,0.05,0.1,FALSE,0.687615839338061,6,0.169053983214078,0.793103448275862,0.677894736842105,23,644,306,6,0.928912850059598,-0.25411059474618
20,3,60,500,0.05,0.05,1.3,FALSE,0.687615839338061,7,0.132794160253678,0.892857142857143,0.505263157894737,25,480,470,3,1.3551159014783,0.205740431667495
20,3,60,500,0.05,0.05,0.1,FALSE,0.687615839338061,8,0.149481767465594,0.724137931034483,0.688421052631579,21,654,296,8,0.98957187619993,-0.0580024730783646
20,3,60,500,0.05,0.05,1.7,FALSE,0.687615839338061,9,0.142214786052825,1,0.418947368421053,28,398,552,0,1.41266101074345,-0.0145639314811774
20,3,60,500,0.05,0.05,0.1,FALSE,0.687615839338061,10,0.1608127048795,0.655172413793103,0.757894736842105,19,720,230,10,1.37773536880132,0.0746681574553604
20,3,60,500,0.05,0.1,0.9,FALSE,0.687615839338061,1,0.162474597976018,1,0.477894736842105,29,454,496,0,0.966127768862716,-0.508965116473625
20,3,60,500,0.05,0.1,0.5,FALSE,0.687615839338061,2,0.0980236578736262,0.714285714285714,0.576842105263158,20,548,402,8,0.973852500275178,0.11480770045584
20,3,60,500,0.05,0.1,1.3,FALSE,0.687615839338061,3,0.145419230149527,0.96551724137931,0.461052631578947,28,438,512,1,1.18562103675561,0.20107152641844
20,3,60,500,0.05,0.1,0.7,TRUE,0.687615839338061,4,0.117577702122984,0.862068965517241,0.484210526315789,25,460,490,4,0.923194397582308,0.0451591101307455
20,3,60,500,0.05,0.1,0.3,FALSE,0.687615839338061,5,0.145235431467474,0.689655172413793,0.705263157894737,20,670,280,9,1.25897267952811,-0.0925539527214526
20,3,60,500,0.05,0.1,0.1,FALSE,0.687615839338061,6,0.122891182743291,0.689655172413793,0.656842105263158,20,624,326,9,0.800961261445827,0.0387209045528421
20,3,60,500,0.05,0.1,0.1,FALSE,0.687615839338061,7,0.114276171487742,0.607142857142857,0.707368421052632,17,672,278,11,1.21738389337816,0.186594488440384
20,3,60,500,0.05,0.1,0.7,TRUE,0.687615839338061,8,0.117878780755462,0.896551724137931,0.448421052631579,26,426,524,3,0.736481664968901,-0.00260945343586572
20,3,60,500,0.05,0.1,0.7,TRUE,0.687615839338061,9,0.118672138842383,0.75,0.6,21,570,380,7,1.22474661491472,0.191247180918895
20,3,60,500,0.05,0.1,0.5,FALSE,0.687615839338061,10,0.150948047487349,0.793103448275862,0.637894736842105,23,606,344,6,1.19660067807931,0.00172229108935997
20,3,60,500,0.1,0.03,0.9,FALSE,0.687615839338061,1,0.160299426134017,0.813559322033898,0.52,48,468,432,11,0.988096204929849,0.00225074863220862
20,3,60,500,0.1,0.03,0.7,TRUE,0.687615839338061,2,0.1962993299958,0.76271186440678,0.635555555555556,45,572,328,14,1.46464293534349,0.318381680740564
20,3,60,500,0.1,0.03,0.5,FALSE,0.687615839338061,3,0.154720138639555,0.758620689655172,0.564444444444444,44,508,392,14,1.04484816805655,0.147959035461329
20,3,60,500,0.1,0.03,0.3,FALSE,0.687615839338061,4,0.160724280569567,0.661016949152542,0.66,39,594,306,20,1.13855768945975,-0.00629206142975037
20,3,60,500,0.1,0.03,1.3,FALSE,0.687615839338061,5,0.159489037635812,0.844827586206897,0.488888888888889,49,440,460,9,1.35126421338389,0.111555460620105
20,3,60,500,0.1,0.03,0.7,TRUE,0.687615839338061,6,0.20622794418808,0.827586206896552,0.6,48,540,360,10,1.25806565180362,0.0653721971456898
20,3,60,500,0.1,0.03,0.7,TRUE,0.687615839338061,7,0.142185061759836,0.775862068965517,0.522222222222222,45,470,430,13,0.987053644033851,-0.0246980086159552
20,3,60,500,0.1,0.03,0.9,FALSE,0.687615839338061,8,0.142978161579836,0.745762711864407,0.551111111111111,44,496,404,15,1.2096627712315,0.224415431502152
20,3,60,500,0.1,0.03,0.3,FALSE,0.687615839338061,9,0.136599853643597,0.525423728813559,0.731111111111111,31,658,242,28,1.56143189556752,0.293091261251959
20,3,60,500,0.1,0.03,0.7,TRUE,0.687615839338061,10,0.208938973552405,0.796610169491525,0.628888888888889,47,566,334,12,1.32911887289012,0.0511348231907983
20,3,60,500,0.1,0.05,0.1,FALSE,0.687615839338061,1,0.153647136238804,0.644067796610169,0.662222222222222,38,596,304,21,0.955113273792985,-0.0203136746748916
20,3,60,500,0.1,0.05,0.1,FALSE,0.687615839338061,2,0.200044771546949,0.593220338983051,0.768888888888889,35,692,208,24,1.46671334129591,0.174516703089126
20,3,60,500,0.1,0.05,0.3,FALSE,0.687615839338061,3,0.15326491950253,0.689655172413793,0.624444444444444,40,562,338,18,0.995679866155852,0.179534698915633
20,3,60,500,0.1,0.05,1.3,FALSE,0.687615839338061,4,0.180427990612468,0.932203389830508,0.437777777777778,55,394,506,4,1.08056086730582,-0.142656879241296
20,3,60,500,0.1,0.05,1.3,FALSE,0.687615839338061,5,0.187080660322054,0.931034482758621,0.457777777777778,54,412,488,4,1.28238037906833,0.213022787579786
20,3,60,500,0.1,0.05,0.7,TRUE,0.687615839338061,6,0.207432892917264,0.827586206896552,0.602222222222222,48,542,358,10,1.26953410046038,0.0128454345817011
20,3,60,500,0.1,0.05,0.5,FALSE,0.687615839338061,7,0.176724312124038,0.775862068965517,0.591111111111111,45,532,368,13,0.952017205294565,0.036541670816735
20,3,60,500,0.1,0.05,1.3,FALSE,0.687615839338061,8,0.173060216000083,0.915254237288136,0.44,54,396,504,5,1.17291987700264,-0.0654119032002459
20,3,60,500,0.1,0.05,0.9,FALSE,0.687615839338061,9,0.177652683556117,0.76271186440678,0.602222222222222,45,542,358,14,1.40965213305218,0.110859083430399
20,3,60,500,0.1,0.05,0.5,FALSE,0.687615839338061,10,0.146616976751112,0.661016949152542,0.635555555555556,39,572,328,20,1.18879258191185,0.200473264275207
20,3,60,500,0.1,0.1,0.1,FALSE,0.687615839338061,1,0.127743394482449,0.576271186440678,0.675555555555556,34,608,292,25,0.887048642410739,0.114379376141132
20,3,60,500,0.1,0.1,0.1,FALSE,0.687615839338061,2,0.17004220547277,0.559322033898305,0.753333333333333,33,678,222,26,1.29869419252728,0.277223257809966
20,3,60,500,0.1,0.1,0.9,FALSE,0.687615839338061,3,0.141445873537573,0.844827586206897,0.448888888888889,49,404,496,9,0.873204799920386,0.0552303671473045
20,3,60,500,0.1,0.1,1.1,FALSE,0.687615839338061,4,0.17156667690687,0.898305084745763,0.455555555555556,53,410,490,6,1.09619181822631,0.147829214364191
20,3,60,500,0.1,0.1,0.5,FALSE,0.687615839338061,5,0.20069695391695,0.793103448275862,0.62,46,558,342,12,1.08747504071506,0.0343462327315052
20,3,60,500,0.1,0.1,0.1,FALSE,0.687615839338061,6,0.199973677496593,0.706896551724138,0.688888888888889,41,620,280,17,1.08637686889993,-0.0277059454352657
20,3,60,500,0.1,0.1,0.3,FALSE,0.687615839338061,7,0.145625748727352,0.637931034482759,0.655555555555556,37,590,310,21,1.04480583573538,0.10683487585615
20,3,60,500,0.1,0.1,1.3,FALSE,0.687615839338061,8,0.133544957634974,0.830508474576271,0.444444444444444,49,400,500,10,1.10521730265855,0.235230098603129
20,3,60,500,0.1,0.1,0.5,FALSE,0.687615839338061,9,0.161947597167428,0.694915254237288,0.633333333333333,41,570,330,18,1.22452747374177,0.119545314472142
20,3,60,500,0.1,0.1,0.5,FALSE,0.687615839338061,10,0.161517312893978,0.711864406779661,0.617777777777778,42,556,344,17,1.09572057474246,0.179478195244244
20,3,60,500,0.25,0.03,0.5,FALSE,0.687615839338061,1,0.278841873520366,0.753424657534247,0.621333333333333,110,466,284,36,1.17265525196382,-0.0742659684866884
20,3,60,500,0.25,0.03,0.3,FALSE,0.687615839338061,2,0.232385127314992,0.657534246575342,0.650666666666667,96,488,262,50,0.987679759007717,0.133373504377716
20,3,60,500,0.25,0.03,0.1,FALSE,0.687615839338061,3,0.229642320131029,0.620689655172414,0.68,90,510,240,55,1.02726322858595,0.13965518668945
20,3,60,500,0.25,0.03,1.1,FALSE,0.687615839338061,4,0.249372312627879,0.801369863013699,0.536,117,402,348,29,1.29449569303743,0.294629532162006
20,3,60,500,0.25,0.03,0.7,TRUE,0.687615839338061,5,0.22263229187525,0.705479452054795,0.594666666666667,103,446,304,43,1.29935027822625,0.336626703397816
20,3,60,500,0.25,0.03,0.3,FALSE,0.687615839338061,6,0.177946256443329,0.595890410958904,0.64,87,480,270,59,1.04463182042619,0.263920080138105
20,3,60,500,0.25,0.03,0.3,FALSE,0.687615839338061,7,0.32609013172623,0.76027397260274,0.672,111,504,246,35,1.12805505877102,-0.0294368878024948
20,3,60,500,0.25,0.03,0.7,TRUE,0.687615839338061,8,0.295184203811798,0.868965517241379,0.530666666666667,126,398,352,19,0.986904050204249,-0.10774663354538
20,3,60,500,0.25,0.03,0.5,FALSE,0.687615839338061,9,0.231785035225451,0.767123287671233,0.546666666666667,112,410,340,34,0.846846589670142,-0.0270459135408484
20,3,60,500,0.25,0.03,0.5,FALSE,0.687615839338061,10,0.333427193644369,0.767123287671233,0.674666666666667,112,506,244,34,1.27722102181481,-0.156463341537968
20,3,60,500,0.25,0.05,0.5,FALSE,0.687615839338061,1,0.27022575305342,0.732876712328767,0.629333333333333,107,472,278,39,1.17396193831154,0.0534946521282674
20,3,60,500,0.25,0.05,0.3,FALSE,0.687615839338061,2,0.240264583225218,0.671232876712329,0.648,98,486,264,48,1.01135548616025,0.209710878853874
20,3,60,500,0.25,0.05,0.7,TRUE,0.687615839338061,3,0.227957658824136,0.786206896551724,0.522666666666667,114,392,358,31,0.926828105543852,-0.0251180175649211
20,3,60,500,0.25,0.05,0.5,FALSE,0.687615839338061,4,0.239672871144538,0.664383561643836,0.653333333333333,97,490,260,49,1.30422869749449,0.279775955821883
20,3,60,500,0.25,0.05,1.1,FALSE,0.687615839338061,5,0.23258113965433,0.821917808219178,0.490666666666667,120,368,382,26,1.27384398794356,0.232385866380548
20,3,60,500,0.25,0.05,0.1,FALSE,0.687615839338061,6,0.228899804336014,0.60958904109589,0.688,89,516,234,57,1.0272148820641,0.146379545503761
20,3,60,500,0.25,0.05,0.7,TRUE,0.687615839338061,7,0.284903458876952,0.801369863013699,0.584,117,438,312,29,1.25245005669028,-0.0584615817983958
20,3,60,500,0.25,0.05,0.7,TRUE,0.687615839338061,8,0.226156741043209,0.76551724137931,0.541333333333333,111,406,344,34,1.0260248297719,0.0779123950368392
20,3,60,500,0.25,0.05,0.1,FALSE,0.687615839338061,9,0.234617613520223,0.657534246575342,0.653333333333333,96,490,260,50,0.912274645230954,-0.016991361852734
20,3,60,500,0.25,0.05,1.1,FALSE,0.687615839338061,10,0.293796384388002,0.883561643835616,0.512,129,384,366,17,1.19529431374702,-0.0590096342569682
20,3,60,500,0.25,0.1,0.5,FALSE,0.687615839338061,1,0.244833705871094,0.732876712328767,0.597333333333333,107,448,302,39,1.09179471013982,0.107495797357433
20,3,60,500,0.25,0.1,0.3,FALSE,0.687615839338061,2,0.1996841709511,0.636986301369863,0.629333333333333,93,472,278,53,1.02405152375796,0.25307806704644
20,3,60,500,0.25,0.1,0.1,FALSE,0.687615839338061,3,0.214766883090103,0.606896551724138,0.674666666666667,88,506,244,57,0.942779904230586,0.0369239008953333
20,3,60,500,0.25,0.1,0.1,FALSE,0.687615839338061,4,0.263667028631347,0.568493150684932,0.757333333333333,83,568,182,63,1.28272889542028,0.240241390504291
20,3,60,500,0.25,0.1,0.7,TRUE,0.687615839338061,5,0.192200464059939,0.678082191780822,0.581333333333333,99,436,314,47,1.19261123376604,0.320927387783315
20,3,60,500,0.25,0.1,0.3,FALSE,0.687615839338061,6,0.238048313220054,0.671232876712329,0.645333333333333,98,484,266,48,1.02785094629184,0.135762903485235
20,3,60,500,0.25,0.1,0.7,TRUE,0.687615839338061,7,0.298390540971807,0.794520547945205,0.608,116,456,294,30,1.28984799420315,-0.0184843305201769
20,3,60,500,0.25,0.1,0.5,FALSE,0.687615839338061,8,0.18915727436815,0.668965517241379,0.586666666666667,97,440,310,48,1.04375833393033,0.170516533762988
20,3,60,500,0.25,0.1,0.9,FALSE,0.687615839338061,9,0.22252918194446,0.842465753424658,0.453333333333333,123,340,410,23,0.882020888897756,0.0556619068559775
20,3,60,500,0.25,0.1,0.7,TRUE,0.687615839338061,10,0.271829749461357,0.780821917808219,0.586666666666667,114,440,310,32,1.21364940720868,0.0311427311164073
20,6,120,100,0.05,0.03,1.1,FALSE,0.687615839338061,1,0.7374684055082,1,0.978947368421053,5,186,4,0,3.82097682634228,0.427647403174936
20,6,120,100,0.05,0.03,0.5,FALSE,0.687615839338061,2,0.647869511762196,0.428571428571429,1,3,190,0,4,3.71293574207765,0.396419066834855
20,6,120,100,0.05,0.03,1.5,FALSE,0.687615839338061,3,0.431502644921454,0.857142857142857,0.905263157894737,6,172,18,1,3.64562868183494,1.09449720134547
20,6,120,100,0.05,0.03,0.1,FALSE,0.687615839338061,4,0.627520823096484,0.4,1,2,190,0,3,3.28171753571993,0.730412350341511
20,6,120,100,0.05,0.03,0.1,FALSE,0.687615839338061,5,0.361199062766819,0.285714285714286,0.989473684210526,2,188,2,5,3.37203410160513,1.75357001791182
20,6,120,100,0.05,0.03,1.1,FALSE,0.687615839338061,6,0.461822968118691,0.714285714285714,0.947368421052632,5,180,10,2,3.25459399566792,1.27259694112882
20,6,120,100,0.05,0.03,0.7,TRUE,0.687615839338061,7,0.604255619766888,0.571428571428571,0.989473684210526,4,188,2,3,3.6696348964331,1.65007298511633
20,6,120,100,0.05,0.03,0.1,FALSE,0.687615839338061,8,0.750030840717985,0.571428571428571,1,4,190,0,3,3.70795387934223,0.431263499347905
20,6,120,100,0.05,0.03,0.1,FALSE,0.687615839338061,9,0.510114416838276,0.625,0.968421052631579,5,184,6,3,3.77233149786477,0.447166777207749
20,6,120,100,0.05,0.03,1.3,FALSE,0.687615839338061,10,0.668523230308423,0.833333333333333,0.978947368421053,5,186,4,1,3.52858705004545,0.80463204206369
20,6,120,100,0.05,0.05,1.1,FALSE,0.687615839338061,1,0.620731979409592,0.8,0.978947368421053,4,186,4,1,3.88741781315439,1.17812252694716
20,6,120,100,0.05,0.05,0.3,FALSE,0.687615839338061,2,0.492054666156328,0.428571428571429,0.989473684210526,3,188,2,4,3.81666640289246,1.01030098927149
20,6,120,100,0.05,0.05,2.1,FALSE,0.687615839338061,3,0.293562453415701,0.714285714285714,0.863157894736842,5,164,26,2,3.77301394567441,1.84231413355586
20,6,120,100,0.05,0.05,0.7,TRUE,0.687615839338061,4,0.589473684210526,0.6,0.989473684210526,3,188,2,2,3.48615643678352,1.07852999540515
20,6,120,100,0.05,0.05,2.5,FALSE,0.687615839338061,5,0.30841468386716,1,0.747368421052632,7,142,48,0,3.47028317470801,1.85094051926499
20,6,120,100,0.05,0.05,0.1,FALSE,0.687615839338061,6,0.527625130550354,0.285714285714286,1,2,190,0,5,3.55820777920508,1.23454705552579
20,6,120,100,0.05,0.05,1.5,FALSE,0.687615839338061,7,0.550436485629426,0.714285714285714,0.968421052631579,5,184,6,2,3.8580789712711,1.80631713728509
20,6,120,100,0.05,0.05,2.3,FALSE,0.687615839338061,8,0.480220026599871,0.857142857142857,0.926315789473684,6,176,14,1,3.68249824847721,1.67456204246639
20,6,120,100,0.05,0.05,0.1,FALSE,0.687615839338061,9,0.604470524826989,0.375,1,3,190,0,5,3.90503166920335,1.49437474184762
20,6,120,100,0.05,0.05,0.3,FALSE,0.687615839338061,10,0.571367203381202,0.333333333333333,1,2,190,0,4,3.71819755468885,1.40985173775234
20,6,120,100,0.05,0.1,2.5,FALSE,0.687615839338061,1,0.294899298761561,0.6,0.926315789473684,3,176,14,2,4.15054331235888,2.5504158344828
20,6,120,100,0.05,0.1,2.7,FALSE,0.687615839338061,2,0.281039025855018,0.714285714285714,0.852631578947368,5,162,28,2,4.17424494711813,2.32234673547511
20,6,120,100,0.05,0.1,0.7,TRUE,0.687615839338061,3,0.372134337322663,0.142857142857143,1,1,190,0,6,3.92608720796122,2.10305030737885
20,6,120,100,0.05,0.1,0.5,FALSE,0.687615839338061,4,0.442579132652901,0.2,1,1,190,0,4,3.62780194960734,1.79857779929082
20,6,120,100,0.05,0.1,0.5,FALSE,0.687615839338061,5,0.361199062766819,0.285714285714286,0.989473684210526,2,188,2,5,3.77862869063741,2.72660552464833
20,6,120,100,0.05,0.1,0.1,FALSE,0.687615839338061,6,0.527625130550354,0.285714285714286,1,2,190,0,5,3.72292641746749,2.25447241280818
20,6,120,100,0.05,0.1,0.1,FALSE,0.687615839338061,7,0.527625130550354,0.285714285714286,1,2,190,0,5,4.0285104682657,2.30695284890953
20,6,120,100,0.05,0.1,1.7,FALSE,0.687615839338061,8,0.351971843378749,0.428571428571429,0.968421052631579,3,184,6,4,3.9571699278287,2.69920222811839
20,6,120,100,0.05,0.1,0.7,TRUE,0.687615839338061,9,0.492287455431794,0.25,1,2,190,0,6,4.04499777968673,2.19998309488799
20,6,120,100,0.05,0.1,0.3,FALSE,0.687615839338061,10,0.402980349884659,0.166666666666667,1,1,190,0,5,4.00455945660539,2.58460853486431
20,6,120,100,0.1,0.03,2.5,FALSE,0.687615839338061,1,0.281691489524432,0.846153846153846,0.688888888888889,11,124,56,2,3.32505155281978,1.97274599538287
20,6,120,100,0.1,0.03,0.1,FALSE,0.687615839338061,2,0.470826976370345,0.363636363636364,0.988888888888889,4,178,2,7,3.72607100632076,1.37225847095072
20,6,120,100,0.1,0.03,0.1,FALSE,0.687615839338061,3,0.564932682866032,0.333333333333333,1,4,180,0,8,3.43543701559182,1.37051171182974
20,6,120,100,0.1,0.03,0.9,FALSE,0.687615839338061,4,0.368584532947513,0.583333333333333,0.911111111111111,7,164,16,5,3.40335317825409,1.14967437510643
20,6,120,100,0.1,0.03,1.7,FALSE,0.687615839338061,5,0.614764468200566,0.909090909090909,0.933333333333333,10,168,12,1,3.91320055958061,1.24807492868065
20,6,120,100,0.1,0.03,2.7,FALSE,0.687615839338061,6,0.281846681186095,0.833333333333333,0.711111111111111,10,128,52,2,3.57029271877964,2.01523221649894
20,6,120,100,0.1,0.03,2.7,FALSE,0.687615839338061,7,0.288080540483408,1,0.611111111111111,11,110,70,0,2.94761351197866,1.31204567645032
20,6,120,100,0.1,0.03,2.1,FALSE,0.687615839338061,8,0.470015709818232,0.9,0.877777777777778,9,158,22,1,3.85467026595534,1.31186317019251
20,6,120,100,0.1,0.03,1.7,FALSE,0.687615839338061,9,0.419780217634647,0.9,0.844444444444444,9,152,28,1,3.58691477630512,0.948040628928454
20,6,120,100,0.1,0.03,0.5,FALSE,0.687615839338061,10,0.38172947088638,0.272727272727273,0.988888888888889,3,178,2,8,3.44522843505704,1.69366025236971
20,6,120,100,0.1,0.05,1.3,FALSE,0.687615839338061,1,0.238025943291074,0.384615384615385,0.911111111111111,5,164,16,8,3.3153853625464,2.54224292272565
20,6,120,100,0.1,0.05,0.1,FALSE,0.687615839338061,2,0.416125189288239,0.181818181818182,1,2,180,0,9,3.8353007164636,2.32641242272938
20,6,120,100,0.1,0.05,0.5,FALSE,0.687615839338061,3,0.633300496381124,0.416666666666667,1,5,180,0,7,3.57279911948813,1.40653942571063
20,6,120,100,0.1,0.05,0.5,FALSE,0.687615839338061,4,0.451716463736496,0.416666666666667,0.977777777777778,5,176,4,7,3.6994200063626,1.19049232493288
20,6,120,100,0.1,0.05,1.3,FALSE,0.687615839338061,5,0.47531795596263,0.454545454545455,0.977777777777778,5,176,4,6,4.03458131314274,2.08955455954982
20,6,120,100,0.1,0.05,0.1,FALSE,0.687615839338061,6,0.280239239603615,0.0833333333333333,1,1,180,0,11,3.80263987486494,2.14741277623215
20,6,120,100,0.1,0.05,2.3,FALSE,0.687615839338061,7,0.289468824013265,0.818181818181818,0.744444444444444,9,134,46,2,3.16024824009561,1.55390758152369
20,6,120,100,0.1,0.05,0.5,FALSE,0.687615839338061,8,0.437594974493684,0.2,1,2,180,0,8,3.8718690643156,2.13114654319728
20,6,120,100,0.1,0.05,2.9,FALSE,0.687615839338061,9,0.284587203270749,0.9,0.7,9,126,54,1,3.76564672604667,1.94499659257646
20,6,120,100,0.1,0.05,0.1,FALSE,0.687615839338061,10,0.293469592826711,0.0909090909090909,1,1,180,0,10,3.48264698408266,1.92792748861492
20,6,120,100,0.1,0.1,2.3,FALSE,0.687615839338061,1,0.276542608127975,0.538461538461538,0.866666666666667,7,156,24,6,3.66485058704006,2.69709381475773
20,6,120,100,0.1,0.1,2.9,FALSE,0.687615839338061,2,0.261765074490624,0.727272727272727,0.766666666666667,8,138,42,3,3.96268405102444,2.67077890479173
20,6,120,100,0.1,0.1,1.5,FALSE,0.687615839338061,3,0.52049567809517,0.5,0.977777777777778,6,176,4,6,3.79308087428907,2.16184763106389
20,6,120,100,0.1,0.1,0.1,FALSE,0.687615839338061,4,0.487950036474267,0.25,1,3,180,0,9,3.65018809750386,1.76246778015731
20,6,120,100,0.1,0.1,1.7,FALSE,0.687615839338061,5,0.591628521323608,0.363636363636364,1,4,180,0,7,4.25542154543945,2.59672450694073
20,6,120,100,0.1,0.1,2.9,FALSE,0.687615839338061,6,0.232987336828382,0.583333333333333,0.811111111111111,7,146,34,5,3.97844609059314,2.9743170048204
20,6,120,100,0.1,0.1,1.5,FALSE,0.687615839338061,7,0.263201765334447,0.272727272727273,0.966666666666667,3,174,6,8,3.35689969548319,2.329455718406
20,6,120,100,0.1,0.1,0.5,FALSE,0.687615839338061,8,0.437594974493684,0.2,1,2,180,0,8,4.01601516552002,2.29042429747946
20,6,120,100,0.1,0.1,2.7,FALSE,0.687615839338061,9,0.221286803823188,0.7,0.744444444444444,7,134,46,3,3.68800398245279,2.23004145442791
20,6,120,100,0.1,0.1,0.1,FALSE,0.687615839338061,10,0.293469592826711,0.0909090909090909,1,1,180,0,10,3.68232260491824,2.12607925784763
20,6,120,100,0.25,0.03,2.3,FALSE,0.687615839338061,1,0.472272669815201,0.8,0.786666666666667,24,118,32,6,3.85494365527242,1.81374836924999
20,6,120,100,0.25,0.03,2.9,FALSE,0.687615839338061,2,0.473478520949956,0.928571428571429,0.706666666666667,26,106,44,2,3.72886061834678,1.63062660493884
20,6,120,100,0.25,0.03,2.5,FALSE,0.687615839338061,3,0.347954054164517,0.642857142857143,0.786666666666667,18,118,32,10,3.47599558028986,2.1892899415648
20,6,120,100,0.25,0.03,2.3,FALSE,0.687615839338061,4,0.376141147917959,0.655172413793103,0.8,19,120,30,10,3.22958612085351,1.6778331841497
20,6,120,100,0.25,0.03,1.1,FALSE,0.687615839338061,5,0.517842981303813,0.482758620689655,0.96,14,144,6,15,3.30595412954492,1.60232841017032
20,6,120,100,0.25,0.03,1.1,FALSE,0.687615839338061,6,0.48701813719463,0.483870967741935,0.946666666666667,15,142,8,16,3.47659570897034,1.60173371010674
20,6,120,100,0.25,0.03,0.7,TRUE,0.687615839338061,7,0.478091443733757,0.333333333333333,0.986666666666667,10,148,2,20,3.29522571246974,1.65632524867054
20,6,120,100,0.25,0.03,2.9,FALSE,0.687615839338061,8,0.430560494162509,0.862068965517241,0.706666666666667,25,106,44,4,3.53795505789981,2.03967687782516
20,6,120,100,0.25,0.03,1.3,FALSE,0.687615839338061,9,0.470291146999298,0.466666666666667,0.946666666666667,14,142,8,16,3.99392102250768,1.64223132041577
20,6,120,100,0.25,0.03,0.5,FALSE,0.687615839338061,10,0.488395634430098,0.344827586206897,0.986666666666667,10,148,2,19,3.51011623187827,1.94268773901649
20,6,120,100,0.25,0.05,2.9,FALSE,0.687615839338061,1,0.457214017719131,0.8,0.773333333333333,24,116,34,6,4.18428226335118,2.38721459096227
20,6,120,100,0.25,0.05,2.1,FALSE,0.687615839338061,2,0.432977638715362,0.5,0.92,14,138,12,14,3.85589055571697,1.97325608118549
20,6,120,100,0.25,0.05,1.5,FALSE,0.687615839338061,3,0.337694210471371,0.25,0.973333333333333,7,146,4,21,3.76897320335006,2.58186809208214
20,6,120,100,0.25,0.05,2.1,FALSE,0.687615839338061,4,0.455655144304757,0.586206896551724,0.893333333333333,17,134,16,12,3.53578917582987,1.85185260489714
20,6,120,100,0.25,0.05,1.3,FALSE,0.687615839338061,5,0.426441793343722,0.379310344827586,0.96,11,144,6,18,3.44205341021383,2.23090436753252
20,6,120,100,0.25,0.05,1.3,FALSE,0.687615839338061,6,0.430589505293165,0.419354838709677,0.946666666666667,13,142,8,18,3.54349898230825,2.13542695223251
20,6,120,100,0.25,0.05,1.5,FALSE,0.687615839338061,7,0.230708155719473,0.3,0.906666666666667,9,136,14,21,3.27445392339322,2.28939205126842
20,6,120,100,0.25,0.05,1.3,FALSE,0.687615839338061,8,0.423544653784288,0.206896551724138,1,6,150,0,23,3.83946573719437,2.44433460616619
20,6,120,100,0.25,0.05,1.3,FALSE,0.687615839338061,9,0.518234796421759,0.433333333333333,0.973333333333333,13,146,4,17,4.02443892996212,1.91921254653876
20,6,120,100,0.25,0.05,1.1,FALSE,0.687615839338061,10,0.402758589315292,0.310344827586207,0.973333333333333,9,146,4,20,3.73983355968598,2.08660522191757
20,6,120,100,0.25,0.1,2.7,FALSE,0.687615839338061,1,0.379938835632268,0.566666666666667,0.853333333333333,17,128,22,13,4.33642031156252,2.98251851971526
20,6,120,100,0.25,0.1,1.5,FALSE,0.687615839338061,2,0.353141166494915,0.214285714285714,0.986666666666667,6,148,2,22,3.90640325168912,2.55491205160657
20,6,120,100,0.25,0.1,0.7,TRUE,0.687615839338061,3,0.303045763365663,0.107142857142857,1,3,150,0,25,3.81211288390169,3.0681379446465
20,6,120,100,0.25,0.1,0.9,FALSE,0.687615839338061,4,0.423544653784288,0.206896551724138,1,6,150,0,23,3.83042140662991,2.22830942594246
20,6,120,100,0.25,0.1,2.7,FALSE,0.687615839338061,5,0.25447840384621,0.517241379310345,0.786666666666667,15,118,32,14,3.62818787591161,2.63165140370254
20,6,120,100,0.25,0.1,0.7,TRUE,0.687615839338061,6,0.503178196143542,0.290322580645161,1,9,150,0,22,3.71098761658032,2.46446718556415
20,6,120,100,0.25,0.1,2.5,FALSE,0.687615839338061,7,0.243225275484392,0.5,0.786666666666667,15,118,32,15,3.51986032914817,2.75571143862069
20,6,120,100,0.25,0.1,1.5,FALSE,0.687615839338061,8,0.423544653784288,0.206896551724138,1,6,150,0,23,4.08798274521984,2.87003878203612
20,6,120,100,0.25,0.1,0.7,TRUE,0.687615839338061,9,0.482242822170412,0.266666666666667,1,8,150,0,22,4.2019367679308,2.14314863928827
20,6,120,100,0.25,0.1,2.9,FALSE,0.687615839338061,10,0.266946925703026,0.551724137931034,0.773333333333333,16,116,34,13,3.93639604689914,2.58599800917675
20,6,120,300,0.05,0.03,0.1,FALSE,0.687615839338061,1,0.354774373594808,0.529411764705882,0.957894736842105,9,546,24,8,3.34586335947623,0.223079888711124
20,6,120,300,0.05,0.03,0.5,FALSE,0.687615839338061,2,0.403383557905133,0.823529411764706,0.91578947368421,14,522,48,3,3.21740910063501,-0.0316752336202975
20,6,120,300,0.05,0.03,0.9,FALSE,0.687615839338061,3,0.403258356241363,0.882352941176471,0.901754385964912,15,514,56,2,3.6994310659901,0.496370363259503
20,6,120,300,0.05,0.03,0.1,FALSE,0.687615839338061,4,0.422454532177314,0.5,0.975438596491228,9,556,14,9,4.08757462133198,0.632702359802808
20,6,120,300,0.05,0.03,1.3,FALSE,0.687615839338061,5,0.332454538438856,0.8125,0.884210526315789,13,504,66,3,3.657322986352,0.648432361080279
20,6,120,300,0.05,0.03,0.5,FALSE,0.687615839338061,6,0.512599547623901,0.6875,0.971929824561404,11,554,16,5,3.80488348663043,0.020659365839221
20,6,120,300,0.05,0.03,0.1,FALSE,0.687615839338061,7,0.636532507739938,0.647058823529412,0.989473684210526,11,564,6,6,3.99366066289347,0.124691377504724
20,6,120,300,0.05,0.03,0.9,FALSE,0.687615839338061,8,0.348065030415757,0.833333333333333,0.87719298245614,15,500,70,3,3.67080762909305,0.562770743839084
20,6,120,300,0.05,0.03,0.3,FALSE,0.687615839338061,9,0.425029354182778,0.705882352941177,0.947368421052632,12,540,30,5,3.8398289810724,0.0546587054137269
20,6,120,300,0.05,0.03,0.1,FALSE,0.687615839338061,10,0.416348936659727,0.529411764705882,0.971929824561404,9,554,16,8,3.79497654421583,0.247325537851052
20,6,120,300,0.05,0.05,0.5,FALSE,0.687615839338061,1,0.413786748018686,0.705882352941177,0.943859649122807,12,538,32,5,3.23936102327898,0.116109452187047
20,6,120,300,0.05,0.05,0.1,FALSE,0.687615839338061,2,0.449991568729078,0.705882352941177,0.954385964912281,12,544,26,5,3.04289508077815,-0.07030283123057
20,6,120,300,0.05,0.05,1.3,FALSE,0.687615839338061,3,0.318863818577604,0.764705882352941,0.884210526315789,13,504,66,4,3.59408884625608,0.87638165216079
20,6,120,300,0.05,0.05,0.3,FALSE,0.687615839338061,4,0.402927494196083,0.5,0.971929824561404,9,554,16,9,3.93100265892686,0.527619750700719
20,6,120,300,0.05,0.05,0.1,FALSE,0.687615839338061,5,0.472443133019071,0.4375,0.989473684210526,7,564,6,9,3.44155694711826,0.829317244384189
20,6,120,300,0.05,0.05,0.7,TRUE,0.687615839338061,6,0.440590979619901,0.75,0.947368421052632,12,540,30,4,3.6703286477606,0.424132982894874
20,6,120,300,0.05,0.05,0.5,FALSE,0.687615839338061,7,0.541049559075267,0.647058823529412,0.978947368421053,11,558,12,6,3.68172626443699,0.37681031872933
20,6,120,300,0.05,0.05,1.1,FALSE,0.687615839338061,8,0.308335293118221,0.777777777777778,0.866666666666667,14,494,76,4,3.49596952196353,0.696935832459111
20,6,120,300,0.05,0.05,0.9,FALSE,0.687615839338061,9,0.42804776222202,0.823529411764706,0.926315789473684,14,528,42,3,3.61666209005892,0.276817694785353
20,6,120,300,0.05,0.05,0.7,TRUE,0.687615839338061,10,0.446617781976987,0.764705882352941,0.943859649122807,13,538,32,4,3.65855691619388,0.262447700792526
20,6,120,300,0.05,0.1,0.5,FALSE,0.687615839338061,1,0.238437877027491,0.470588235294118,0.926315789473684,8,528,42,9,2.92930001546627,0.923453536652228
20,6,120,300,0.05,0.1,0.3,FALSE,0.687615839338061,2,0.354774373594808,0.529411764705882,0.957894736842105,9,546,24,8,2.8817897760373,0.61530095100256
20,6,120,300,0.05,0.1,1.9,FALSE,0.687615839338061,3,0.234553186591112,0.823529411764706,0.775438596491228,14,442,128,3,3.28350856176074,1.0980498650911
20,6,120,300,0.05,0.1,1.5,FALSE,0.687615839338061,4,0.253495259133492,0.666666666666667,0.863157894736842,12,492,78,6,3.38515893555025,0.852553299243011
20,6,120,300,0.05,0.1,0.5,FALSE,0.687615839338061,5,0.388061952849195,0.5,0.971929824561404,8,554,16,8,3.12797161994904,1.16552954696187
20,6,120,300,0.05,0.1,1.5,FALSE,0.687615839338061,6,0.242462271406633,0.6875,0.856140350877193,11,488,82,5,3.26733168285016,1.14738937939125
20,6,120,300,0.05,0.1,1.1,FALSE,0.687615839338061,7,0.303676945742509,0.588235294117647,0.926315789473684,10,528,42,7,3.35864736271255,1.13829552001199
20,6,120,300,0.05,0.1,0.7,TRUE,0.687615839338061,8,0.307585847362882,0.555555555555556,0.933333333333333,10,532,38,8,3.20001807431693,1.15239451803933
20,6,120,300,0.05,0.1,1.5,FALSE,0.687615839338061,9,0.264853321748208,0.705882352941177,0.863157894736842,12,492,78,5,3.22027215425921,1.23722718815207
20,6,120,300,0.05,0.1,0.3,FALSE,0.687615839338061,10,0.239458800021073,0.411764705882353,0.943859649122807,7,538,32,10,3.22270360364777,1.21623037196705
20,6,120,300,0.1,0.03,1.5,FALSE,0.687615839338061,1,0.432680569974581,0.888888888888889,0.837037037037037,32,452,88,4,3.4851503648391,0.367552298600359
20,6,120,300,0.1,0.03,0.7,TRUE,0.687615839338061,2,0.458155345557915,0.722222222222222,0.911111111111111,26,492,48,10,3.33885753207698,0.133298673271039
20,6,120,300,0.1,0.03,0.3,FALSE,0.687615839338061,3,0.511227504729611,0.742857142857143,0.92962962962963,26,502,38,9,3.02910148641602,0.147361992145386
20,6,120,300,0.1,0.03,1.5,FALSE,0.687615839338061,4,0.442039542692415,0.914285714285714,0.837037037037037,32,452,88,3,3.36606774350407,0.163428514452173
20,6,120,300,0.1,0.03,0.5,FALSE,0.687615839338061,5,0.492873443615056,0.764705882352941,0.918518518518519,26,496,44,8,3.51902152642375,0.259812088766987
20,6,120,300,0.1,0.03,0.3,FALSE,0.687615839338061,6,0.557814827647938,0.636363636363636,0.966666666666667,21,522,18,12,3.64248950300884,0.350965959516735
20,6,120,300,0.1,0.03,0.3,FALSE,0.687615839338061,7,0.36843435839089,0.472222222222222,0.944444444444444,17,510,30,19,3.62719325784408,0.605325279209222
20,6,120,300,0.1,0.03,0.5,FALSE,0.687615839338061,8,0.394615882369731,0.628571428571429,0.911111111111111,22,492,48,13,3.38842396451135,0.308015765867775
20,6,120,300,0.1,0.03,1.1,FALSE,0.687615839338061,9,0.512149721943566,0.735294117647059,0.933333333333333,25,504,36,9,4.08396415018145,0.491575734293333
20,6,120,300,0.1,0.03,0.1,FALSE,0.687615839338061,10,0.51479156167023,0.628571428571429,0.955555555555556,22,516,24,13,3.6938762726978,0.328506419050319
20,6,120,300,0.1,0.05,0.5,FALSE,0.687615839338061,1,0.419444944344721,0.611111111111111,0.925925925925926,22,500,40,14,3.37681345650943,0.632093454833734
20,6,120,300,0.1,0.05,0.9,FALSE,0.687615839338061,2,0.357676656425179,0.638888888888889,0.885185185185185,23,478,62,13,3.16563012952208,0.634363635706591
20,6,120,300,0.1,0.05,1.1,FALSE,0.687615839338061,3,0.414944022445902,0.8,0.862962962962963,28,466,74,7,3.09612889478417,0.293594507765703
20,6,120,300,0.1,0.05,0.3,FALSE,0.687615839338061,4,0.473974347701224,0.571428571428571,0.955555555555556,20,516,24,15,3.25536509861769,0.428094019146901
20,6,120,300,0.1,0.05,0.5,FALSE,0.687615839338061,5,0.484254431795955,0.676470588235294,0.937037037037037,23,506,34,11,3.50637078630082,0.47402332075146
20,6,120,300,0.1,0.05,0.7,TRUE,0.687615839338061,6,0.484343387496909,0.666666666666667,0.940740740740741,22,508,32,11,3.45630222233934,0.431695229982391
20,6,120,300,0.1,0.05,0.1,FALSE,0.687615839338061,7,0.448651585048471,0.388888888888889,0.981481481481482,14,530,10,22,3.58043057369613,0.976587887138609
20,6,120,300,0.1,0.05,1.3,FALSE,0.687615839338061,8,0.338920044686112,0.742857142857143,0.82962962962963,26,448,92,9,3.35375653429179,0.756991955524624
20,6,120,300,0.1,0.05,1.1,FALSE,0.687615839338061,9,0.492873443615056,0.764705882352941,0.918518518518519,26,496,44,8,3.77891386848071,0.812754417933753
20,6,120,300,0.1,0.05,0.7,TRUE,0.687615839338061,10,0.554301165101683,0.685714285714286,0.955555555555556,24,516,24,11,3.41090354748664,0.254777741019251
20,6,120,300,0.1,0.1,1.1,FALSE,0.687615839338061,1,0.435519711786779,0.722222222222222,0.9,26,486,54,10,3.24424887055133,0.632746209511839
20,6,120,300,0.1,0.1,0.5,FALSE,0.687615839338061,2,0.359863746032873,0.5,0.933333333333333,18,504,36,18,2.96138803027421,0.745423933940273
20,6,120,300,0.1,0.1,1.9,FALSE,0.687615839338061,3,0.304832800092882,0.828571428571429,0.748148148148148,29,404,136,6,2.96096207958211,0.982161791993651
20,6,120,300,0.1,0.1,0.1,FALSE,0.687615839338061,4,0.369047619047619,0.257142857142857,0.988888888888889,9,534,6,26,3.06796457759009,1.12884496045893
20,6,120,300,0.1,0.1,0.3,FALSE,0.687615839338061,5,0.337116000123139,0.411764705882353,0.951851851851852,14,514,26,20,3.25987428830751,0.828123896069531
20,6,120,300,0.1,0.1,1.1,FALSE,0.687615839338061,6,0.403493620576201,0.666666666666667,0.907407407407407,22,490,50,11,3.14018970956581,0.799567730987246
20,6,120,300,0.1,0.1,0.3,FALSE,0.687615839338061,7,0.350283207333784,0.305555555555556,0.977777777777778,11,528,12,25,3.3225022955986,1.40088138784245
20,6,120,300,0.1,0.1,1.9,FALSE,0.687615839338061,8,0.32247911002256,0.857142857142857,0.751851851851852,30,406,134,5,3.14624589845041,1.20281802782073
20,6,120,300,0.1,0.1,1.5,FALSE,0.687615839338061,9,0.347171922099891,0.764705882352941,0.82962962962963,26,448,92,8,3.31071738851843,1.26188343594466
20,6,120,300,0.1,0.1,1.7,FALSE,0.687615839338061,10,0.29160731068692,0.714285714285714,0.8,25,432,108,10,3.01150840011608,1.3865250608596
20,6,120,300,0.25,0.03,0.7,TRUE,0.687615839338061,1,0.622040699792878,0.71264367816092,0.928888888888889,62,418,32,25,3.49334498450303,0.505401877737991
20,6,120,300,0.25,0.03,0.1,FALSE,0.687615839338061,2,0.559480799269911,0.563218390804598,0.951111111111111,49,428,22,38,3.22691168562294,0.329493104633776
20,6,120,300,0.25,0.03,0.3,FALSE,0.687615839338061,3,0.515870034684504,0.574712643678161,0.928888888888889,50,418,32,37,3.15106484499086,0.557205128073273
20,6,120,300,0.25,0.03,1.3,FALSE,0.687615839338061,4,0.612054513107348,0.724137931034483,0.92,63,414,36,24,4.07556317687443,0.584917296149781
20,6,120,300,0.25,0.03,1.3,FALSE,0.687615839338061,5,0.569378544610198,0.772727272727273,0.875555555555556,68,394,56,20,3.36534684722084,0.375360739126325
20,6,120,300,0.25,0.03,0.1,FALSE,0.687615839338061,6,0.514460743512997,0.534090909090909,0.942222222222222,47,424,26,41,3.44088111875874,0.450008963287159
20,6,120,300,0.25,0.03,0.5,FALSE,0.687615839338061,7,0.510909090909091,0.590909090909091,0.92,52,414,36,36,3.23312153346702,0.690035795495144
20,6,120,300,0.25,0.03,1.1,FALSE,0.687615839338061,8,0.579020064713838,0.795454545454545,0.871111111111111,70,392,58,18,3.33893163013502,0.529221902524263
20,6,120,300,0.25,0.03,1.1,FALSE,0.687615839338061,9,0.654894490565238,0.770114942528736,0.924444444444444,67,416,34,20,3.66944267410485,0.361025643017345
20,6,120,300,0.25,0.03,1.5,FALSE,0.687615839338061,10,0.558145442229331,0.829545454545455,0.84,73,378,72,15,3.32426043001626,0.388069063900702
20,6,120,300,0.25,0.05,0.7,TRUE,0.687615839338061,1,0.551565631001196,0.632183908045977,0.924444444444444,55,416,34,32,3.45136412071817,0.675922544552654
20,6,120,300,0.25,0.05,1.3,FALSE,0.687615839338061,2,0.509624895883121,0.781609195402299,0.831111111111111,68,374,76,19,3.36015154118446,0.651765438518591
20,6,120,300,0.25,0.05,0.7,TRUE,0.687615839338061,3,0.486960027505298,0.655172413793103,0.88,57,396,54,30,3.09742257935138,0.677819759180987
20,6,120,300,0.25,0.05,1.5,FALSE,0.687615839338061,4,0.500712976634394,0.64367816091954,0.893333333333333,56,402,48,31,4.02973593188197,1.08277420141558
20,6,120,300,0.25,0.05,0.5,FALSE,0.687615839338061,5,0.566791707120549,0.556818181818182,0.955555555555556,49,430,20,39,3.3428383379029,0.584922474191816
20,6,120,300,0.25,0.05,0.3,FALSE,0.687615839338061,6,0.551531435755032,0.522727272727273,0.96,46,432,18,42,3.33683688775936,0.788087680831423
20,6,120,300,0.25,0.05,1.5,FALSE,0.687615839338061,7,0.451462425101877,0.761363636363636,0.795555555555556,67,358,92,21,3.17375377781689,0.919289538568628
20,6,120,300,0.25,0.05,0.9,FALSE,0.687615839338061,8,0.529674987040789,0.659090909090909,0.902222222222222,58,406,44,30,3.20273081090433,0.587562662700083
20,6,120,300,0.25,0.05,1.7,FALSE,0.687615839338061,9,0.563981953484797,0.804597701149425,0.857777777777778,70,386,64,17,3.57220007746438,0.79383638147026
20,6,120,300,0.25,0.05,0.9,FALSE,0.687615839338061,10,0.537736650291521,0.625,0.92,55,414,36,33,3.31875827986188,0.695546922612277
20,6,120,300,0.25,0.1,1.7,FALSE,0.687615839338061,1,0.534205080542046,0.781609195402299,0.848888888888889,68,382,68,19,3.40154454122194,0.96037237600405
20,6,120,300,0.25,0.1,1.3,FALSE,0.687615839338061,2,0.395017434525159,0.597701149425287,0.848888888888889,52,382,68,35,3.24195231265028,1.22475651451498
20,6,120,300,0.25,0.1,1.5,FALSE,0.687615839338061,3,0.369333760095509,0.632183908045977,0.808888888888889,55,364,86,32,3.07728752038248,1.28427056270614
20,6,120,300,0.25,0.1,1.5,FALSE,0.687615839338061,4,0.412837884989331,0.551724137931034,0.884444444444444,48,398,52,39,3.71654324979459,1.47234188549441
20,6,120,300,0.25,0.1,0.3,FALSE,0.687615839338061,5,0.429083200327629,0.352272727272727,0.968888888888889,31,436,14,57,3.17738382044462,1.18068838664649
20,6,120,300,0.25,0.1,1.1,FALSE,0.687615839338061,6,0.437168163456695,0.511363636363636,0.915555555555556,45,412,38,43,3.13604382469493,1.15919409189263
20,6,120,300,0.25,0.1,1.7,FALSE,0.687615839338061,7,0.459073201112867,0.727272727272727,0.822222222222222,64,370,80,24,3.04532851081134,1.31473996339394
20,6,120,300,0.25,0.1,0.7,TRUE,0.687615839338061,8,0.456327448843562,0.477272727272727,0.937777777777778,42,422,28,46,3.08522285052262,1.02139833810184
20,6,120,300,0.25,0.1,1.9,FALSE,0.687615839338061,9,0.476733098625985,0.71264367816092,0.844444444444444,62,380,70,25,3.32442478582349,1.38507814126328
20,6,120,300,0.25,0.1,0.7,TRUE,0.687615839338061,10,0.39123950297112,0.477272727272727,0.906666666666667,42,408,42,46,3.09190913138782,1.22813472874245
20,6,120,500,0.05,0.03,0.1,FALSE,0.687615839338061,1,0.219395027870875,0.464285714285714,0.917894736842105,13,872,78,15,3.12742988287108,0.680677748394751
20,6,120,500,0.05,0.03,0.3,FALSE,0.687615839338061,2,0.350350272655082,0.5,0.96,15,912,38,15,4.03091331191741,0.611215394911082
20,6,120,500,0.05,0.03,0.5,FALSE,0.687615839338061,3,0.252550389162691,0.642857142857143,0.877894736842105,18,834,116,10,3.3684209229385,0.462833524963723
20,6,120,500,0.05,0.03,0.3,FALSE,0.687615839338061,4,0.336400640300738,0.642857142857143,0.928421052631579,18,882,68,10,3.69615453804401,-0.0135132864468214
20,6,120,500,0.05,0.03,0.7,TRUE,0.687615839338061,5,0.369889124537825,0.785714285714286,0.909473684210526,22,864,86,6,3.5359272089172,0.0756454666797652
20,6,120,500,0.05,0.03,1.3,FALSE,0.687615839338061,6,0.391605047941722,0.821428571428571,0.911578947368421,23,866,84,5,4.20017083931204,0.622792751209028
20,6,120,500,0.05,0.03,1.3,FALSE,0.687615839338061,7,0.279222165505813,0.821428571428571,0.831578947368421,23,790,160,5,3.55314846315373,0.498070738344868
20,6,120,500,0.05,0.03,0.3,FALSE,0.687615839338061,8,0.436766105673709,0.655172413793103,0.957894736842105,19,910,40,10,3.76765880437288,0.323450316637717
20,6,120,500,0.05,0.03,0.5,FALSE,0.687615839338061,9,0.290708130589859,0.75,0.869473684210526,21,826,124,7,3.38993867362371,0.25644139674648
20,6,120,500,0.05,0.03,0.1,FALSE,0.687615839338061,10,0.444641752716667,0.758620689655172,0.943157894736842,22,896,54,7,3.41513227190299,-0.215063831666805
20,6,120,500,0.05,0.05,0.5,FALSE,0.687615839338061,1,0.238517255944707,0.607142857142857,0.88,17,836,114,11,2.92154397534225,0.659621810337352
20,6,120,500,0.05,0.05,1.3,FALSE,0.687615839338061,2,0.352207320306005,0.866666666666667,0.869473684210526,26,826,124,4,3.76486540013455,0.332062620217459
20,6,120,500,0.05,0.05,0.9,FALSE,0.687615839338061,3,0.247779531324502,0.75,0.829473684210526,21,788,162,7,3.09980462863537,0.425546618125515
20,6,120,500,0.05,0.05,0.9,FALSE,0.687615839338061,4,0.343296423836671,0.821428571428571,0.884210526315789,23,840,110,5,3.36104108490035,0.362489904120616
20,6,120,500,0.05,0.05,0.1,FALSE,0.687615839338061,5,0.329586960037448,0.535714285714286,0.949473684210526,15,902,48,13,3.28603751518058,0.182540776001613
20,6,120,500,0.05,0.05,0.1,FALSE,0.687615839338061,6,0.353915543638881,0.392857142857143,0.978947368421053,11,930,20,17,3.80599752692712,0.846225493394934
20,6,120,500,0.05,0.05,0.1,FALSE,0.687615839338061,7,0.2568132766979,0.392857142857143,0.955789473684211,11,908,42,17,3.39171915846959,0.78082824117989
20,6,120,500,0.05,0.05,0.5,FALSE,0.687615839338061,8,0.315384867169278,0.620689655172414,0.922105263157895,18,876,74,11,3.54457990965547,0.553837476682482
20,6,120,500,0.05,0.05,0.1,FALSE,0.687615839338061,9,0.269419584570967,0.571428571428571,0.913684210526316,16,868,82,12,3.15738158525074,0.510691284904953
20,6,120,500,0.05,0.05,0.1,FALSE,0.687615839338061,10,0.291032057221988,0.448275862068966,0.953684210526316,13,906,44,16,3.29966817392108,0.415540113962735
20,6,120,500,0.05,0.1,0.3,FALSE,0.687615839338061,1,0.249232615970438,0.607142857142857,0.888421052631579,17,844,106,11,2.60822232715026,0.679619687392082
20,6,120,500,0.05,0.1,0.1,FALSE,0.687615839338061,2,0.350866903871716,0.566666666666667,0.947368421052632,17,900,50,13,3.30197114445033,0.344480146395849
20,6,120,500,0.05,0.1,0.3,FALSE,0.687615839338061,3,0.234464936386894,0.535714285714286,0.903157894736842,15,858,92,13,2.81936807844806,0.557000635413825
20,6,120,500,0.05,0.1,0.5,FALSE,0.687615839338061,4,0.361856794255644,0.785714285714286,0.905263157894737,22,860,90,6,2.9971764239415,0.121422088510549
20,6,120,500,0.05,0.1,1.7,FALSE,0.687615839338061,5,0.197889821123787,0.821428571428571,0.72,23,684,266,5,2.90617315040938,0.853522600725689
20,6,120,500,0.05,0.1,0.1,FALSE,0.687615839338061,6,0.276757506010444,0.392857142857143,0.962105263157895,11,914,36,17,3.23713781794562,0.63488311689267
20,6,120,500,0.05,0.1,1.1,FALSE,0.687615839338061,7,0.212996287635174,0.607142857142857,0.856842105263158,17,814,136,11,3.06599001669191,1.32289209177052
20,6,120,500,0.05,0.1,0.3,FALSE,0.687615839338061,8,0.22068234737059,0.448275862068966,0.922105263157895,13,876,74,16,3.12638233608381,0.880124612123157
20,6,120,500,0.05,0.1,0.1,FALSE,0.687615839338061,9,0.234464936386894,0.535714285714286,0.903157894736842,15,858,92,13,2.84219553030162,0.618072418534664
20,6,120,500,0.05,0.1,0.5,FALSE,0.687615839338061,10,0.263028097679451,0.517241379310345,0.924210526315789,15,878,72,14,2.93724559577472,0.808233176485895
20,6,120,500,0.1,0.03,0.1,FALSE,0.687615839338061,1,0.506019652198709,0.677966101694915,0.942222222222222,40,848,52,19,3.33406530679589,0.0477397512788465
20,6,120,500,0.1,0.03,0.3,FALSE,0.687615839338061,2,0.605766946891537,0.684210526315789,0.968888888888889,39,872,28,18,4.29058744694716,0.205327747821536
20,6,120,500,0.1,0.03,0.1,FALSE,0.687615839338061,3,0.512635851567935,0.637931034482759,0.953333333333333,37,858,42,21,3.60884124843625,0.114146667106206
20,6,120,500,0.1,0.03,0.1,FALSE,0.687615839338061,4,0.46480918497806,0.620689655172414,0.942222222222222,36,848,52,22,3.43904176652117,0.498543682240546
20,6,120,500,0.1,0.03,0.1,FALSE,0.687615839338061,5,0.521100986265239,0.672413793103448,0.948888888888889,39,854,46,19,3.4593675873641,0.178300853419981
20,6,120,500,0.1,0.03,1.3,FALSE,0.687615839338061,6,0.533444079680762,0.862068965517241,0.908888888888889,50,818,82,8,4.05611464111973,0.229874413218941
20,6,120,500,0.1,0.03,0.7,TRUE,0.687615839338061,7,0.459286025774346,0.724137931034483,0.913333333333333,42,822,78,16,3.69441457047913,0.550012990290761
20,6,120,500,0.1,0.03,0.1,FALSE,0.687615839338061,8,0.626746692905402,0.661016949152542,0.975555555555556,39,878,22,20,4.05359944167268,0.238892871045449
20,6,120,500,0.1,0.03,1.1,FALSE,0.687615839338061,9,0.517891961458536,0.847457627118644,0.904444444444444,50,814,86,9,4.19574185380211,0.0582269027433948
20,6,120,500,0.1,0.03,0.3,FALSE,0.687615839338061,10,0.507571171738134,0.666666666666667,0.946666666666667,38,852,48,19,3.75789745792568,0.268496043290753
20,6,120,500,0.1,0.05,0.9,FALSE,0.687615839338061,1,0.451555152431595,0.813559322033898,0.88,48,792,108,11,3.37248902088411,0.27783960097091
20,6,120,500,0.1,0.05,0.9,FALSE,0.687615839338061,2,0.463708414985964,0.719298245614035,0.917777777777778,41,826,74,16,3.96976457883896,0.350044464405706
20,6,120,500,0.1,0.05,0.5,FALSE,0.687615839338061,3,0.506994416759822,0.758620689655172,0.924444444444444,44,832,68,14,3.44135742262671,0.132701196122337
20,6,120,500,0.1,0.05,0.5,FALSE,0.687615839338061,4,0.367423783705047,0.620689655172414,0.9,36,810,90,22,3.26515013575965,0.741629018284654
20,6,120,500,0.1,0.05,0.7,TRUE,0.687615839338061,5,0.403081109222909,0.741379310344828,0.877777777777778,43,790,110,15,3.27391278454765,0.476732630585708
20,6,120,500,0.1,0.05,0.1,FALSE,0.687615839338061,6,0.540648830151547,0.603448275862069,0.966666666666667,35,870,30,23,3.79593070228029,0.348673872695063
20,6,120,500,0.1,0.05,1.5,FALSE,0.687615839338061,7,0.358278114545925,0.862068965517241,0.788888888888889,50,710,190,8,3.43533604910678,0.576226100680768
20,6,120,500,0.1,0.05,0.5,FALSE,0.687615839338061,8,0.520058698207911,0.728813559322034,0.935555555555556,43,842,58,16,3.82262231355599,0.285469714023612
20,6,120,500,0.1,0.05,0.5,FALSE,0.687615839338061,9,0.531306034263822,0.694915254237288,0.946666666666667,41,852,48,18,3.98168102056441,0.159024720832935
20,6,120,500,0.1,0.05,1.5,FALSE,0.687615839338061,10,0.347554532523595,0.807017543859649,0.808888888888889,46,728,172,11,3.61912349028589,0.579080038353083
20,6,120,500,0.1,0.1,0.1,FALSE,0.687615839338061,1,0.406960157115698,0.593220338983051,0.926666666666667,35,834,66,24,3.05590245461446,0.375043656251107
20,6,120,500,0.1,0.1,0.1,FALSE,0.687615839338061,2,0.41709739318422,0.421052631578947,0.971111111111111,24,874,26,33,3.35711056424236,0.665092953501006
20,6,120,500,0.1,0.1,0.7,TRUE,0.687615839338061,3,0.4546515098391,0.775862068965517,0.895555555555556,45,806,94,13,3.10384196469788,0.177542792468984
20,6,120,500,0.1,0.1,0.9,FALSE,0.687615839338061,4,0.294514257541333,0.620689655172414,0.851111111111111,36,766,134,22,3.10744329794182,0.744115932602648
20,6,120,500,0.1,0.1,0.9,FALSE,0.687615839338061,5,0.330340717564319,0.672413793103448,0.855555555555556,39,770,130,19,2.9647244224533,0.569738130572919
20,6,120,500,0.1,0.1,0.7,TRUE,0.687615839338061,6,0.425564229382317,0.706896551724138,0.902222222222222,41,812,88,17,3.30069013000478,0.473992989643819
20,6,120,500,0.1,0.1,0.9,FALSE,0.687615839338061,7,0.276036594420425,0.551724137931034,0.868888888888889,32,782,118,26,3.06622539330821,0.810971719719543
20,6,120,500,0.1,0.1,0.1,FALSE,0.687615839338061,8,0.383641736065785,0.440677966101695,0.957777777777778,26,862,38,33,3.35540724985109,0.591599046881734
20,6,120,500,0.1,0.1,0.1,FALSE,0.687615839338061,9,0.525654820717666,0.593220338983051,0.964444444444444,35,868,32,24,3.48755847228933,0.158637304183418
20,6,120,500,0.1,0.1,0.1,FALSE,0.687615839338061,10,0.345034637358362,0.543859649122807,0.915555555555556,31,824,76,26,3.13470336584425,0.556241497705941
20,6,120,500,0.25,0.03,0.9,FALSE,0.687615839338061,1,0.582344247698671,0.751724137931034,0.893333333333333,109,670,80,36,3.75546355779499,0.341289891053014
20,6,120,500,0.25,0.03,1.1,FALSE,0.687615839338061,2,0.734649982901618,0.863013698630137,0.930666666666667,126,698,52,20,4.49735120028147,0.0862811455223289
20,6,120,500,0.25,0.03,0.5,FALSE,0.687615839338061,3,0.589180800763901,0.678082191780822,0.925333333333333,99,694,56,47,3.74854681430811,0.297468164156564
20,6,120,500,0.25,0.03,0.5,FALSE,0.687615839338061,4,0.647092821899784,0.664383561643836,0.954666666666667,97,716,34,49,4.03000812683408,0.395415760937146
20,6,120,500,0.25,0.03,0.3,FALSE,0.687615839338061,5,0.588798635483977,0.684931506849315,0.922666666666667,100,692,58,46,3.33891111780648,0.132374610177372
20,6,120,500,0.25,0.03,0.7,TRUE,0.687615839338061,6,0.668093347411116,0.753424657534247,0.936,110,702,48,36,4.02781688934158,0.204094918101704
20,6,120,500,0.25,0.03,1.3,FALSE,0.687615839338061,7,0.530695927685678,0.787671232876712,0.842666666666667,115,632,118,31,3.77570112062053,0.451532785950908
20,6,120,500,0.25,0.03,1.1,FALSE,0.687615839338061,8,0.618583795745884,0.773972602739726,0.904,113,678,72,33,4.40328274420563,0.387837468230325
20,6,120,500,0.25,0.03,1.5,FALSE,0.687615839338061,9,0.633491284715685,0.83448275862069,0.888,121,666,84,24,4.31151313692792,0.348473610118691
20,6,120,500,0.25,0.03,1.1,FALSE,0.687615839338061,10,0.562071728229998,0.815068493150685,0.850666666666667,119,638,112,27,3.39689590454504,0.229924088911057
20,6,120,500,0.25,0.05,1.5,FALSE,0.687615839338061,1,0.591376815486063,0.862068965517241,0.848,125,636,114,20,3.68339140329125,0.315679558586284
20,6,120,500,0.25,0.05,1.5,FALSE,0.687615839338061,2,0.66327098509766,0.842465753424658,0.901333333333333,123,676,74,23,4.13951902201751,0.407297450005954
20,6,120,500,0.25,0.05,0.1,FALSE,0.687615839338061,3,0.58463421056196,0.554794520547945,0.962666666666667,81,722,28,65,3.68045524634161,0.335640912716839
20,6,120,500,0.25,0.05,1.1,FALSE,0.687615839338061,4,0.598548214043311,0.712328767123288,0.917333333333333,104,688,62,42,3.94992087212108,0.507281137408337
20,6,120,500,0.25,0.05,0.9,FALSE,0.687615839338061,5,0.585017270235904,0.808219178082192,0.869333333333333,118,652,98,28,3.21849488833985,0.10057779591668
20,6,120,500,0.25,0.05,1.3,FALSE,0.687615839338061,6,0.595846838577974,0.787671232876712,0.885333333333333,115,664,86,31,3.78641695606146,0.523792072821323
20,6,120,500,0.25,0.05,1.3,FALSE,0.687615839338061,7,0.525663150717117,0.780821917808219,0.842666666666667,114,632,118,32,3.7540169475742,0.580786893624876
20,6,120,500,0.25,0.05,0.7,TRUE,0.687615839338061,8,0.599810051863523,0.636986301369863,0.944,93,708,42,53,4.314981238073,0.478543386424793
20,6,120,500,0.25,0.05,1.5,FALSE,0.687615839338061,9,0.634495557481368,0.848275862068966,0.882666666666667,123,662,88,22,4.10710662094243,0.380221643982771
20,6,120,500,0.25,0.05,1.5,FALSE,0.687615839338061,10,0.502915864370343,0.842465753424658,0.789333333333333,123,592,158,23,3.34346473964656,0.532681483129397
20,6,120,500,0.25,0.1,1.1,FALSE,0.687615839338061,1,0.513942378895621,0.724137931034483,0.864,105,648,102,40,3.48981211028297,0.656916861112975
20,6,120,500,0.25,0.1,0.9,FALSE,0.687615839338061,2,0.553846556024475,0.60958904109589,0.933333333333333,89,700,50,57,3.5213262575772,0.638429325316359
20,6,120,500,0.25,0.1,0.9,FALSE,0.687615839338061,3,0.534177736340261,0.698630136986301,0.888,102,666,84,44,3.46389597032463,0.562742606920349
20,6,120,500,0.25,0.1,1.3,FALSE,0.687615839338061,4,0.482924122158499,0.671232876712329,0.869333333333333,98,652,98,48,3.52716230383611,0.853577237597424
20,6,120,500,0.25,0.1,0.9,FALSE,0.687615839338061,5,0.469476037430312,0.664383561643836,0.864,97,648,102,49,2.99473413697608,0.57033432710525
20,6,120,500,0.25,0.1,0.9,FALSE,0.687615839338061,6,0.555281307713804,0.595890410958904,0.938666666666667,87,704,46,59,3.4294098777166,0.948885459381448
20,6,120,500,0.25,0.1,1.3,FALSE,0.687615839338061,7,0.494729880361743,0.664383561643836,0.88,97,660,90,49,3.58738614235431,0.914019030305519
20,6,120,500,0.25,0.1,1.1,FALSE,0.687615839338061,8,0.562426855646792,0.691780821917808,0.906666666666667,101,680,70,45,3.89648213180324,0.703883206494165
20,6,120,500,0.25,0.1,1.3,FALSE,0.687615839338061,9,0.564170908188216,0.751724137931034,0.882666666666667,109,662,88,36,3.78656559653316,0.640918473332137
20,6,120,500,0.25,0.1,1.1,FALSE,0.687615839338061,10,0.410019827586159,0.650684931506849,0.829333333333333,95,622,128,51,3.13409267700914,0.827505154755035
20,10,200,100,0.05,0.03,2.3,FALSE,0.687615839338061,1,0.491895604975496,0.6,0.978947368421053,3,186,4,2,5.79104431830104,2.41239475327526
20,10,200,100,0.05,0.03,2.5,FALSE,0.687615839338061,2,0.703759398496241,0.714285714285714,0.989473684210526,5,188,2,2,5.4458836659567,1.95444875217466
20,10,200,100,0.05,0.03,0.9,FALSE,0.687615839338061,3,0.442579132652901,0.2,1,1,190,0,4,5.24571812270667,2.77365411680825
20,10,200,100,0.05,0.03,2.1,FALSE,0.687615839338061,4,0.840740886418187,0.714285714285714,1,5,190,0,2,5.66542299134089,1.72797906691885
20,10,200,100,0.05,0.03,1.7,FALSE,0.687615839338061,5,0.877263155087944,1,0.989473684210526,7,188,2,0,5.67197001072079,0.421190133635071
20,10,200,100,0.05,0.03,2.9,FALSE,0.687615839338061,6,0.231461414105516,0.666666666666667,0.842105263157895,4,160,30,2,5.0326470683165,2.82174587541347
20,10,200,100,0.05,0.03,2.1,FALSE,0.687615839338061,7,0.794029567091355,0.857142857142857,0.989473684210526,6,188,2,1,5.55174540309723,1.59838591980814
20,10,200,100,0.05,0.03,2.9,FALSE,0.687615839338061,8,0.547717845128601,0.833333333333333,0.957894736842105,5,182,8,1,5.75572070996064,2.39227949727342
20,10,200,100,0.05,0.03,0.1,FALSE,0.687615839338061,9,0.527625130550354,0.285714285714286,1,2,190,0,5,5.59727202927045,2.83179167443725
20,10,200,100,0.05,0.03,0.5,FALSE,0.687615839338061,10,0.70158960887018,0.5,1,3,190,0,3,6.05400070087003,1.84260115549085
20,10,200,100,0.05,0.05,2.9,FALSE,0.687615839338061,1,0.293589449720753,0.4,0.968421052631579,2,184,6,3,6.01342679602522,3.80636147128262
20,10,200,100,0.05,0.05,2.3,FALSE,0.687615839338061,2,0.492054666156328,0.428571428571429,0.989473684210526,3,188,2,4,5.74370204633766,2.73874318193867
20,10,200,100,0.05,0.05,1.9,FALSE,0.687615839338061,3,0.627520823096484,0.4,1,2,190,0,3,5.61652178681587,2.98783256752595
20,10,200,100,0.05,0.05,1.9,FALSE,0.687615839338061,4,0.647869511762196,0.428571428571429,1,3,190,0,4,6.11946577711442,2.40845825946621
20,10,200,100,0.05,0.05,2.3,FALSE,0.687615839338061,5,1,1,1,7,190,0,0,6.06524594816621,1.26404157099473
20,10,200,100,0.05,0.05,1.5,FALSE,0.687615839338061,6,0.227997028015724,0.333333333333333,0.957894736842105,2,182,8,4,5.28019148645394,3.29220839607147
20,10,200,100,0.05,0.05,1.9,FALSE,0.687615839338061,7,0.647869511762196,0.428571428571429,1,3,190,0,4,5.81125843040743,2.57231513270944
20,10,200,100,0.05,0.05,2.9,FALSE,0.687615839338061,8,0.562084320300818,0.666666666666667,0.978947368421053,4,186,4,2,5.9325123365877,2.65104982160859
20,10,200,100,0.05,0.05,1.1,FALSE,0.687615839338061,9,0.527625130550354,0.285714285714286,1,2,190,0,5,5.74952417211015,3.54997133211478
20,10,200,100,0.05,0.05,1.5,FALSE,0.687615839338061,10,0.534786071422892,0.5,0.989473684210526,3,188,2,3,6.27023408174767,3.00627009757675
20,10,200,100,0.05,0.1,2.5,FALSE,0.687615839338061,1,0.243332131696144,0.2,0.989473684210526,1,188,2,4,6.73618313683459,4.68047803028716
20,10,200,100,0.05,0.1,0.9,FALSE,0.687615839338061,2,0.372134337322663,0.142857142857143,1,1,190,0,6,6.33006073356763,4.66192534485587
20,10,200,100,0.05,0.1,2.3,FALSE,0.687615839338061,3,0.434303412829269,0.4,0.989473684210526,2,188,2,3,6.28559736646726,4.1417217751511
20,10,200,100,0.05,0.1,2.1,FALSE,0.687615839338061,4,0.372134337322663,0.142857142857143,1,1,190,0,6,6.49034139117786,3.09367550709026
20,10,200,100,0.05,0.1,2.5,FALSE,0.687615839338061,5,0.840740886418187,0.714285714285714,1,5,190,0,2,6.90725410816142,2.17966970225745
20,10,200,100,0.05,0.1,0.1,FALSE,0.687615839338061,6,-0.0180431748436169,0,0.989473684210526,0,188,2,6,5.55079064668287,3.58205523382791
20,10,200,100,0.05,0.1,0.1,FALSE,0.687615839338061,7,0,0,1,0,190,0,7,6.57700533765027,3.79421183240119
20,10,200,100,0.05,0.1,0.9,FALSE,0.687615839338061,8,0.393291701632642,0.333333333333333,0.989473684210526,2,188,2,4,6.43534957415292,3.37221796062183
20,10,200,100,0.05,0.1,2.7,FALSE,0.687615839338061,9,0.205446329445181,0.285714285714286,0.957894736842105,2,182,8,5,6.01944414699429,4.43026632631906
20,10,200,100,0.05,0.1,2.3,FALSE,0.687615839338061,10,0.4445906192369,0.5,0.978947368421053,3,186,4,3,6.64045885675672,3.43521357887781
20,10,200,100,0.1,0.03,2.1,FALSE,0.687615839338061,1,0.721843360611535,0.769230769230769,0.977777777777778,10,176,4,3,5.50013742034481,2.07276821070557
20,10,200,100,0.1,0.03,1.9,FALSE,0.687615839338061,2,0.448280932568163,0.333333333333333,0.988888888888889,4,178,2,8,5.39196725104527,2.48354364528672
20,10,200,100,0.1,0.03,1.5,FALSE,0.687615839338061,3,0.695608343640252,0.5,1,6,180,0,6,5.39002345002936,1.68875590804471
20,10,200,100,0.1,0.03,1.9,FALSE,0.687615839338061,4,0.511000838420582,0.272727272727273,1,3,180,0,8,5.33454600096062,2.8538883295319
20,10,200,100,0.1,0.03,2.1,FALSE,0.687615839338061,5,0.695608343640252,0.5,1,6,180,0,6,5.34282907611968,1.95988456545712
20,10,200,100,0.1,0.03,2.5,FALSE,0.687615839338061,6,0.544949260913066,0.666666666666667,0.955555555555556,8,172,8,4,5.48898273324327,2.12561610005748
20,10,200,100,0.1,0.03,2.5,FALSE,0.687615839338061,7,0.717668181716048,0.9,0.966666666666667,9,174,6,1,5.94093618644083,1.89770321778472
20,10,200,100,0.1,0.03,2.3,FALSE,0.687615839338061,8,0.549799055284787,0.454545454545455,0.988888888888889,5,178,2,6,5.68052455521364,2.68530486451122
20,10,200,100,0.1,0.03,2.3,FALSE,0.687615839338061,9,0.695608343640252,0.5,1,6,180,0,6,5.52464261021287,2.14489613524668
20,10,200,100,0.1,0.03,2.9,FALSE,0.687615839338061,10,0.503744769448522,0.818181818181818,0.911111111111111,9,164,16,2,5.44673902394634,2.09945260546669
20,10,200,100,0.1,0.05,1.1,FALSE,0.687615839338061,1,0.380770146083182,0.153846153846154,1,2,180,0,11,5.76930712312411,3.02076071324414
20,10,200,100,0.1,0.05,2.9,FALSE,0.687615839338061,2,0.177324138986715,0.333333333333333,0.9,4,162,18,8,5.49509572682237,3.26407072581197
20,10,200,100,0.1,0.05,2.3,FALSE,0.687615839338061,3,0.523772082433948,0.416666666666667,0.988888888888889,5,178,2,7,5.62781479285019,2.47359358398935
20,10,200,100,0.1,0.05,0.7,TRUE,0.687615839338061,4,0.416125189288239,0.181818181818182,1,2,180,0,9,5.85260283529986,3.48228640067423
20,10,200,100,0.1,0.05,2.9,FALSE,0.687615839338061,5,0.655306982603649,0.583333333333333,0.988888888888889,7,178,2,5,5.62642313642341,2.58222475984335
20,10,200,100,0.1,0.05,1.9,FALSE,0.687615839338061,6,0.655306982603649,0.583333333333333,0.988888888888889,7,178,2,5,5.87705238552397,2.40603231158646
20,10,200,100,0.1,0.05,2.9,FALSE,0.687615839338061,7,0.577777777777778,0.6,0.977777777777778,6,176,4,4,6.20404404074379,2.66689969996544
20,10,200,100,0.1,0.05,2.9,FALSE,0.687615839338061,8,0.38172947088638,0.272727272727273,0.988888888888889,3,178,2,8,6.02532214223527,3.80161173271451
20,10,200,100,0.1,0.05,2.7,FALSE,0.687615839338061,9,0.753370803500884,0.583333333333333,1,7,180,0,5,6.02722531889628,2.81079387992156
20,10,200,100,0.1,0.05,2.5,FALSE,0.687615839338061,10,0.557814827647938,0.636363636363636,0.966666666666667,7,174,6,4,5.86699424546966,2.59772945858226
20,10,200,100,0.1,0.1,2.3,FALSE,0.687615839338061,1,0.606835045547051,0.384615384615385,1,5,180,0,8,6.2293178050146,3.13040139474919
20,10,200,100,0.1,0.1,2.1,FALSE,0.687615839338061,2,0.0928840728025648,0.0833333333333333,0.977777777777778,1,176,4,11,5.83456330985442,4.53306070096855
20,10,200,100,0.1,0.1,1.7,FALSE,0.687615839338061,3,0.487950036474267,0.25,1,3,180,0,9,6.22979774396384,3.7570144863972
20,10,200,100,0.1,0.1,2.9,FALSE,0.687615839338061,4,0.511000838420582,0.272727272727273,1,3,180,0,8,6.4095283966823,4.50536781927332
20,10,200,100,0.1,0.1,1.5,FALSE,0.687615839338061,5,0.487950036474267,0.25,1,3,180,0,9,6.2842271636365,3.68859053780149
20,10,200,100,0.1,0.1,2.9,FALSE,0.687615839338061,6,0.523772082433948,0.416666666666667,0.988888888888889,5,178,2,7,6.54243170456361,3.78884765229822
20,10,200,100,0.1,0.1,2.9,FALSE,0.687615839338061,7,0.420041279441291,0.4,0.977777777777778,4,176,4,6,6.6382880324124,3.40368669925806
20,10,200,100,0.1,0.1,0.1,FALSE,0.687615839338061,8,0,0,1,0,180,0,11,6.39594975400568,5.09074624995632
20,10,200,100,0.1,0.1,2.9,FALSE,0.687615839338061,9,0.263635252004148,0.166666666666667,0.988888888888889,2,178,2,10,6.77111164519914,3.81683621400344
20,10,200,100,0.1,0.1,2.7,FALSE,0.687615839338061,10,0.416125189288239,0.181818181818182,1,2,180,0,9,6.43258653166989,3.97137081426787
20,10,200,100,0.25,0.03,2.7,FALSE,0.687615839338061,1,0.64067496607718,0.586206896551724,0.973333333333333,17,146,4,12,5.60939442327491,2.85644742045574
20,10,200,100,0.25,0.03,2.5,FALSE,0.687615839338061,2,0.597614304667197,0.4,1,12,150,0,18,5.30714827183177,2.96709017228165
20,10,200,100,0.25,0.03,2.7,FALSE,0.687615839338061,3,0.521853575904291,0.566666666666667,0.933333333333333,17,140,10,13,5.34611655018083,2.4544996880357
20,10,200,100,0.25,0.03,2.9,FALSE,0.687615839338061,4,0.494727444918154,0.533333333333333,0.933333333333333,16,140,10,14,5.86226760343033,2.76705634275558
20,10,200,100,0.25,0.03,2.9,FALSE,0.687615839338061,5,0.494122408070059,0.5,0.946666666666667,14,142,8,14,5.34584692565369,2.79328331093879
20,10,200,100,0.25,0.03,2.9,FALSE,0.687615839338061,6,0.645437163566853,0.689655172413793,0.946666666666667,20,142,8,9,6.0087880836382,2.6054209007225
20,10,200,100,0.25,0.03,2.5,FALSE,0.687615839338061,7,0.61394061351492,0.6,0.96,18,144,6,12,5.52932717053237,2.66317699502675
20,10,200,100,0.25,0.03,1.7,FALSE,0.687615839338061,8,0.458808470399168,0.241379310344828,1,7,150,0,22,5.31255031621779,2.77204912206488
20,10,200,100,0.25,0.03,2.7,FALSE,0.687615839338061,9,0.719763363329487,0.633333333333333,0.986666666666667,19,148,2,11,5.44958517103954,2.2622936518542
20,10,200,100,0.25,0.03,2.7,FALSE,0.687615839338061,10,0.432601505647364,0.428571428571429,0.946666666666667,12,142,8,16,5.41764319064338,3.19993679471017
20,10,200,100,0.25,0.05,2.9,FALSE,0.687615839338061,1,0.517842981303813,0.482758620689655,0.96,14,144,6,15,5.87146856378934,3.06856720829265
20,10,200,100,0.25,0.05,2.9,FALSE,0.687615839338061,2,0.376192062431223,0.233333333333333,0.986666666666667,7,148,2,23,5.8795441471227,3.63770497874693
20,10,200,100,0.25,0.05,1.7,FALSE,0.687615839338061,3,0.337569975519289,0.2,0.986666666666667,6,148,2,24,5.72259036137984,3.19165805539489
20,10,200,100,0.25,0.05,1.9,FALSE,0.687615839338061,4,0.377964473009227,0.166666666666667,1,5,150,0,25,6.19225318358317,3.53696655583599
20,10,200,100,0.25,0.05,2.9,FALSE,0.687615839338061,5,0.4658596037846,0.321428571428571,0.986666666666667,9,148,2,19,5.92360633263674,3.45807458954549
20,10,200,100,0.25,0.05,2.9,FALSE,0.687615839338061,6,0.529874152433866,0.448275862068966,0.973333333333333,13,146,4,16,6.25086933726365,3.29375438806808
20,10,200,100,0.25,0.05,2.7,FALSE,0.687615839338061,7,0.478091443733757,0.333333333333333,0.986666666666667,10,148,2,20,5.89514138099568,3.52216848129881
20,10,200,100,0.25,0.05,2.5,FALSE,0.687615839338061,8,0.402758589315292,0.310344827586207,0.973333333333333,9,146,4,20,5.70466497088147,3.48054907233293
20,10,200,100,0.25,0.05,2.9,FALSE,0.687615839338061,9,0.566327884469123,0.433333333333333,0.986666666666667,13,148,2,17,5.75635436408982,3.23870720910939
20,10,200,100,0.25,0.05,2.9,FALSE,0.687615839338061,10,0.332329665348854,0.285714285714286,0.96,8,144,6,20,5.61152466516698,3.90449122144424
20,10,200,100,0.25,0.1,2.9,FALSE,0.687615839338061,1,0.436601749566508,0.344827586206897,0.973333333333333,10,146,4,19,6.35666300492114,4.01958812729773
20,10,200,100,0.25,0.1,2.9,FALSE,0.687615839338061,2,0.482242822170412,0.266666666666667,1,8,150,0,22,6.35377153539541,4.48918934852354
20,10,200,100,0.25,0.1,2.7,FALSE,0.687615839338061,3,0.482242822170412,0.266666666666667,1,8,150,0,22,6.45411031690364,3.87660001224168
20,10,200,100,0.25,0.1,2.9,FALSE,0.687615839338061,4,0.337099931231621,0.133333333333333,1,4,150,0,26,6.53933142090349,4.30297439273344
20,10,200,100,0.25,0.1,2.7,FALSE,0.687615839338061,5,0.432292813278176,0.214285714285714,1,6,150,0,22,6.5104823633036,4.09968021281234
20,10,200,100,0.25,0.1,2.1,FALSE,0.687615839338061,6,0.343840953036752,0.137931034482759,1,4,150,0,25,6.67816067044447,4.33616500972015
20,10,200,100,0.25,0.1,2.3,FALSE,0.687615839338061,7,0.291111254869791,0.1,1,3,150,0,27,6.48422283906528,4.37511978005792
20,10,200,100,0.25,0.1,2.9,FALSE,0.687615839338061,8,0.296927843424336,0.103448275862069,1,3,150,0,26,6.44191477919675,4.44078159558305
20,10,200,100,0.25,0.1,2.9,FALSE,0.687615839338061,9,0.449791216819897,0.233333333333333,1,7,150,0,23,6.36438371122517,4.25849453215261
20,10,200,100,0.25,0.1,0.9,FALSE,0.687615839338061,10,0.246731885609913,0.0714285714285714,1,2,150,0,26,6.35411601789143,4.64095736855313
20,10,200,300,0.05,0.03,1.1,FALSE,0.687615839338061,1,0.541049559075267,0.647058823529412,0.978947368421053,11,558,12,6,5.942963351427,1.22320093265963
20,10,200,300,0.05,0.03,0.7,TRUE,0.687615839338061,2,0.735294829739091,0.722222222222222,0.992982456140351,13,566,4,5,5.41085369741708,0.459234992925372
20,10,200,300,0.05,0.03,1.1,FALSE,0.687615839338061,3,0.838088238332358,0.888888888888889,0.992982456140351,16,566,4,2,6.41263229380191,0.267116351830333
20,10,200,300,0.05,0.03,0.3,FALSE,0.687615839338061,4,0.650369170997345,0.529411764705882,0.996491228070175,9,568,2,8,5.95982606581361,1.00316877717652
20,10,200,300,0.05,0.03,1.5,FALSE,0.687615839338061,5,0.705075388308715,0.875,0.982456140350877,14,560,10,2,6.48013029633318,0.204249144018001
20,10,200,300,0.05,0.03,1.3,FALSE,0.687615839338061,6,0.838088238332358,0.888888888888889,0.992982456140351,16,566,4,2,5.95487488665528,0.317876981257
20,10,200,300,0.05,0.03,0.7,TRUE,0.687615839338061,7,0.369862069843925,0.5,0.964912280701754,9,550,20,9,4.71053301720477,1.13649412525347
20,10,200,300,0.05,0.03,1.3,FALSE,0.687615839338061,8,0.60008333113871,0.833333333333333,0.968421052631579,15,552,18,3,5.46322323861789,0.702897679278858
20,10,200,300,0.05,0.03,0.7,TRUE,0.687615839338061,9,0.672585808589157,0.555555555555556,0.996491228070175,10,568,2,8,5.84786257589087,0.695403010634534
20,10,200,300,0.05,0.03,1.3,FALSE,0.687615839338061,10,0.804983165587275,0.833333333333333,0.992982456140351,15,566,4,3,6.98006869308487,0.781878967448917
20,10,200,300,0.05,0.05,1.9,FALSE,0.687615839338061,1,0.442979607521175,0.647058823529412,0.96140350877193,11,548,22,6,5.60839344901474,1.58113780646921
20,10,200,300,0.05,0.05,1.3,FALSE,0.687615839338061,2,0.60928488424992,0.777777777777778,0.975438596491228,14,556,14,4,5.06270815848719,0.753630107456762
20,10,200,300,0.05,0.05,0.5,FALSE,0.687615839338061,3,0.660016740477715,0.611111111111111,0.992982456140351,11,566,4,7,5.88439491279379,0.914272650128164
20,10,200,300,0.05,0.05,1.3,FALSE,0.687615839338061,4,0.437989938466206,0.588235294117647,0.968421052631579,10,552,18,7,5.43484056055542,1.26218268799635
20,10,200,300,0.05,0.05,0.7,TRUE,0.687615839338061,5,0.657337807766807,0.6875,0.989473684210526,11,564,6,5,5.92978469801111,0.248483877514466
20,10,200,300,0.05,0.05,0.5,FALSE,0.687615839338061,6,0.660894552251267,0.444444444444444,1,8,570,0,10,5.58117070021428,1.02546259821829
20,10,200,300,0.05,0.05,1.5,FALSE,0.687615839338061,7,0.448774357105238,0.666666666666667,0.957894736842105,12,546,24,6,4.4493437913023,1.9118595333712
20,10,200,300,0.05,0.05,1.1,FALSE,0.687615839338061,8,0.511300516754489,0.555555555555556,0.982456140350877,10,560,10,8,5.17035922064877,1.30103858827187
20,10,200,300,0.05,0.05,0.7,TRUE,0.687615839338061,9,0.660894552251267,0.444444444444444,1,8,570,0,10,5.45005542299548,0.927102895578042
20,10,200,300,0.05,0.05,0.9,FALSE,0.687615839338061,10,0.749325755980065,0.666666666666667,0.996491228070175,12,568,2,6,6.40646755768745,1.04787684283062
20,10,200,300,0.05,0.1,1.7,FALSE,0.687615839338061,1,0.342661761276862,0.470588235294118,0.964912280701754,8,550,20,9,5.12895307490111,2.07504363703014
20,10,200,300,0.05,0.1,0.9,FALSE,0.687615839338061,2,0.4700007867017,0.5,0.982456140350877,9,560,10,9,4.70145135454802,1.28794295265211
20,10,200,300,0.05,0.1,0.7,TRUE,0.687615839338061,3,0.490299568727697,0.444444444444444,0.989473684210526,8,564,6,10,5.24342287989875,1.45382740902945
20,10,200,300,0.05,0.1,1.3,FALSE,0.687615839338061,4,0.398537796269419,0.529411764705882,0.968421052631579,9,552,18,8,4.99930263512204,1.36065624496289
20,10,200,300,0.05,0.1,0.5,FALSE,0.687615839338061,5,0.553699807444611,0.3125,1,5,570,0,11,5.23277058760009,1.15398871208794
20,10,200,300,0.05,0.1,0.5,FALSE,0.687615839338061,6,0.490453325618045,0.333333333333333,0.996491228070175,6,568,2,12,5.15405651451933,1.98137312903071
20,10,200,300,0.05,0.1,1.1,FALSE,0.687615839338061,7,0.231795109174794,0.277777777777778,0.971929824561404,5,554,16,13,4.10471940646826,2.14675907567545
20,10,200,300,0.05,0.1,0.7,TRUE,0.687615839338061,8,0.490453325618045,0.333333333333333,0.996491228070175,6,568,2,12,4.76788625637098,1.72139653655813
20,10,200,300,0.05,0.1,0.7,TRUE,0.687615839338061,9,0.587469057192378,0.444444444444444,0.996491228070175,8,568,2,10,4.88182258261134,1.8304207205451
20,10,200,300,0.05,0.1,1.5,FALSE,0.687615839338061,10,0.729158997806402,0.777777777777778,0.989473684210526,14,564,6,4,5.61907691928457,1.20108484625678
20,10,200,300,0.1,0.03,1.1,FALSE,0.687615839338061,1,0.754575476695505,0.638888888888889,0.996296296296296,23,538,2,13,5.98393799219443,0.709242938757138
20,10,200,300,0.1,0.03,1.5,FALSE,0.687615839338061,2,0.812418300653595,0.823529411764706,0.988888888888889,28,534,6,6,6.45622133865017,0.467124067396723
20,10,200,300,0.1,0.03,0.5,FALSE,0.687615839338061,3,0.620505227994023,0.4,1,14,540,0,21,6.0107159176555,1.23988123088615
20,10,200,300,0.1,0.03,0.1,FALSE,0.687615839338061,4,0.634995274804145,0.472222222222222,0.996296296296296,17,538,2,19,5.96300172499277,1.29680806413825
20,10,200,300,0.1,0.03,1.7,FALSE,0.687615839338061,5,0.735798173363639,0.833333333333333,0.974074074074074,30,526,14,6,5.66594532784863,0.609073775443835
20,10,200,300,0.1,0.03,0.3,FALSE,0.687615839338061,6,0.58517308083534,0.411764705882353,0.996296296296296,14,538,2,20,5.15978401138478,1.1274545493394
20,10,200,300,0.1,0.03,0.3,FALSE,0.687615839338061,7,0.764746719591757,0.6,1,21,540,0,14,6.16452410788153,0.721867890859159
20,10,200,300,0.1,0.03,1.3,FALSE,0.687615839338061,8,0.665632017788616,0.705882352941177,0.977777777777778,24,528,12,10,6.00987511806068,0.989639020462117
20,10,200,300,0.1,0.03,1.3,FALSE,0.687615839338061,9,0.769609431712963,0.75,0.988888888888889,27,534,6,9,6.14595681493691,0.576966313333473
20,10,200,300,0.1,0.03,2.3,FALSE,0.687615839338061,10,0.5759301119743,0.805555555555556,0.937037037037037,29,506,34,7,5.20661016781234,1.15770709600157
20,10,200,300,0.1,0.05,1.1,FALSE,0.687615839338061,1,0.613780052472437,0.527777777777778,0.988888888888889,19,534,6,17,5.59697406536155,1.34437895748771
20,10,200,300,0.1,0.05,1.1,FALSE,0.687615839338061,2,0.67626566557711,0.617647058823529,0.988888888888889,21,534,6,13,5.90446945289878,0.978196166871476
20,10,200,300,0.1,0.05,1.3,FALSE,0.687615839338061,3,0.532085680562519,0.428571428571429,0.988888888888889,15,534,6,20,5.68394077910668,1.70354458228188
20,10,200,300,0.1,0.05,2.7,FALSE,0.687615839338061,4,0.526645588750876,0.833333333333333,0.911111111111111,30,492,48,6,5.57545340905578,1.51404616730037
20,10,200,300,0.1,0.05,1.5,FALSE,0.687615839338061,5,0.646163307327927,0.638888888888889,0.981481481481482,23,530,10,13,5.34808488228817,1.24544715137979
20,10,200,300,0.1,0.05,0.5,FALSE,0.687615839338061,6,0.495506944049573,0.352941176470588,0.992592592592593,12,536,4,22,4.82560505558705,1.48659927229801
20,10,200,300,0.1,0.05,1.9,FALSE,0.687615839338061,7,0.747604116705445,0.857142857142857,0.974074074074074,30,526,14,5,5.72548084572552,0.9842187222814
20,10,200,300,0.1,0.05,2.1,FALSE,0.687615839338061,8,0.545146493860921,0.735294117647059,0.944444444444444,25,510,30,9,5.57114471656881,1.3488788002202
20,10,200,300,0.1,0.05,1.5,FALSE,0.687615839338061,9,0.703888632852675,0.611111111111111,0.992592592592593,22,536,4,14,5.69212339337973,1.0524383329449
20,10,200,300,0.1,0.05,2.5,FALSE,0.687615839338061,10,0.535111072254278,0.833333333333333,0.914814814814815,30,494,46,6,4.94669146457044,1.5256329837196
20,10,200,300,0.1,0.1,2.7,FALSE,0.687615839338061,1,0.519452670638687,0.861111111111111,0.9,31,486,54,5,5.11783944012338,1.89921095303189
20,10,200,300,0.1,0.1,1.7,FALSE,0.687615839338061,2,0.46634510911611,0.617647058823529,0.944444444444444,21,510,30,13,5.26121696399136,1.38136510566261
20,10,200,300,0.1,0.1,1.9,FALSE,0.687615839338061,3,0.551167878727751,0.542857142857143,0.977777777777778,19,528,12,16,5.21000795907226,2.06557331045599
20,10,200,300,0.1,0.1,1.5,FALSE,0.687615839338061,4,0.444703002571868,0.472222222222222,0.966666666666667,17,522,18,19,5.12302449200393,2.33836136881956
20,10,200,300,0.1,0.1,1.7,FALSE,0.687615839338061,5,0.466666666666667,0.5,0.966666666666667,18,522,18,18,4.99173412349994,1.79547854359853
20,10,200,300,0.1,0.1,0.5,FALSE,0.687615839338061,6,0.417847074083828,0.235294117647059,0.996296296296296,8,538,2,26,4.40761266713209,2.25279608788626
20,10,200,300,0.1,0.1,2.1,FALSE,0.687615839338061,7,0.583426255302912,0.685714285714286,0.962962962962963,24,520,20,11,5.21094808388674,1.48992406451681
20,10,200,300,0.1,0.1,1.9,FALSE,0.687615839338061,8,0.415210498104878,0.529411764705882,0.948148148148148,18,512,28,16,5.00324248478052,2.22352609652728
20,10,200,300,0.1,0.1,1.7,FALSE,0.687615839338061,9,0.52049567809517,0.5,0.977777777777778,18,528,12,18,5.08838383824924,1.6898706712435
20,10,200,300,0.1,0.1,1.9,FALSE,0.687615839338061,10,0.519579970025547,0.472222222222222,0.981481481481482,17,530,10,19,4.69212526603802,2.08998718440042
20,10,200,300,0.25,0.03,2.1,FALSE,0.687615839338061,1,0.765829952591827,0.827586206896552,0.955555555555556,72,430,20,15,6.16117735358561,1.05956238106031
20,10,200,300,0.25,0.03,1.1,FALSE,0.687615839338061,2,0.782302390032498,0.67816091954023,0.995555555555556,59,448,2,28,6.1322563468777,0.903412260145027
20,10,200,300,0.25,0.03,2.7,FALSE,0.687615839338061,3,0.788394100089301,0.827586206896552,0.964444444444444,72,434,16,15,5.93405462691954,1.19641748032352
20,10,200,300,0.25,0.03,2.5,FALSE,0.687615839338061,4,0.714773766246972,0.852272727272727,0.924444444444444,75,416,34,13,6.23934467576044,1.25988899031531
20,10,200,300,0.25,0.03,2.9,FALSE,0.687615839338061,5,0.851986527222434,0.886363636363636,0.973333333333333,78,438,12,10,7.23085490273335,1.09588643835371
20,10,200,300,0.25,0.03,2.7,FALSE,0.687615839338061,6,0.873136067279841,0.919540229885057,0.973333333333333,80,438,12,7,7.01649949626661,0.963765262018495
20,10,200,300,0.25,0.03,2.3,FALSE,0.687615839338061,7,0.697233124227154,0.852272727272727,0.915555555555556,75,412,38,13,5.32364217499953,0.836319742550118
20,10,200,300,0.25,0.03,2.7,FALSE,0.687615839338061,8,0.846653566311235,0.931034482758621,0.96,81,432,18,6,6.82437719611592,0.871277202859567
20,10,200,300,0.25,0.03,2.3,FALSE,0.687615839338061,9,0.780536398467433,0.816091954022989,0.964444444444444,71,434,16,16,6.00934395925993,0.803867303833689
20,10,200,300,0.25,0.03,2.5,FALSE,0.687615839338061,10,0.79621657580927,0.839080459770115,0.964444444444444,73,434,16,14,6.39643246905798,1.0401915053009
20,10,200,300,0.25,0.05,2.7,FALSE,0.687615839338061,1,0.701839040879542,0.781609195402299,0.942222222222222,68,424,26,19,5.84915803837961,1.8240889818668
20,10,200,300,0.25,0.05,2.7,FALSE,0.687615839338061,2,0.690254197508644,0.793103448275862,0.933333333333333,69,420,30,18,5.83306015140975,1.56838853595344
20,10,200,300,0.25,0.05,2.9,FALSE,0.687615839338061,3,0.636871854604608,0.804597701149425,0.902222222222222,70,406,44,17,5.55789276087759,1.86193899558015
20,10,200,300,0.25,0.05,2.7,FALSE,0.687615839338061,4,0.646767676767677,0.704545454545455,0.942222222222222,62,424,26,26,5.97301457117371,1.78755393034797
20,10,200,300,0.25,0.05,2.9,FALSE,0.687615839338061,5,0.774822069920911,0.806818181818182,0.964444444444444,71,434,16,17,6.91878843455,1.59522104734968
20,10,200,300,0.25,0.05,2.9,FALSE,0.687615839338061,6,0.792656481263831,0.850574712643678,0.96,74,432,18,13,6.4427886067631,1.57723091868233
20,10,200,300,0.25,0.05,2.5,FALSE,0.687615839338061,7,0.615218286957577,0.784090909090909,0.897777777777778,69,404,46,19,5.00615490267001,1.53669877049514
20,10,200,300,0.25,0.05,2.3,FALSE,0.687615839338061,8,0.756740874817784,0.781609195402299,0.964444444444444,68,434,16,19,6.55221371046438,1.51322499468987
20,10,200,300,0.25,0.05,2.5,FALSE,0.687615839338061,9,0.763001406543132,0.839080459770115,0.951111111111111,73,428,22,14,5.6105430592079,1.44744310412604
20,10,200,300,0.25,0.05,2.9,FALSE,0.687615839338061,10,0.68899067980081,0.804597701149425,0.928888888888889,70,418,32,17,5.97889713516394,1.49541742181696
20,10,200,300,0.25,0.1,2.7,FALSE,0.687615839338061,1,0.589785307941387,0.64367816091954,0.937777777777778,56,422,28,31,5.38977722603118,2.4092029320276
20,10,200,300,0.25,0.1,2.7,FALSE,0.687615839338061,2,0.584397896887659,0.609195402298851,0.946666666666667,53,426,24,34,5.40176564809438,2.52127116443285
20,10,200,300,0.25,0.1,1.3,FALSE,0.687615839338061,3,0.533416880297612,0.32183908045977,1,28,450,0,59,5.06276598414468,2.34362993725722
20,10,200,300,0.25,0.1,2.9,FALSE,0.687615839338061,4,0.529148016973687,0.602272727272727,0.924444444444444,53,416,34,35,5.52891343411515,2.43280249696077
20,10,200,300,0.25,0.1,2.9,FALSE,0.687615839338061,5,0.640434671793293,0.681818181818182,0.946666666666667,60,426,24,28,6.19936192706506,2.35933241468123
20,10,200,300,0.25,0.1,2.9,FALSE,0.687615839338061,6,0.624552137338545,0.689655172413793,0.937777777777778,60,422,28,27,5.71297961512532,2.23002314007163
20,10,200,300,0.25,0.1,2.9,FALSE,0.687615839338061,7,0.497458587792983,0.738636363636364,0.844444444444444,65,380,70,23,4.80321280766283,2.3393697940253
20,10,200,300,0.25,0.1,2.7,FALSE,0.687615839338061,8,0.598273607253698,0.597701149425287,0.955555555555556,52,430,20,35,5.884767497576,2.37747438795676
20,10,200,300,0.25,0.1,2.3,FALSE,0.687615839338061,9,0.550280517819169,0.551724137931034,0.951111111111111,48,428,22,39,4.98769422185738,2.15282810531047
20,10,200,300,0.25,0.1,2.7,FALSE,0.687615839338061,10,0.643371647509579,0.701149425287356,0.942222222222222,61,424,26,26,5.3719671269888,2.03166663708569
20,10,200,500,0.05,0.03,0.9,FALSE,0.687615839338061,1,0.633487375613336,0.758620689655172,0.981052631578947,22,932,18,7,5.87832522219533,0.0598346182866371
20,10,200,500,0.05,0.03,0.3,FALSE,0.687615839338061,2,0.67357541645956,0.620689655172414,0.993684210526316,18,944,6,11,6.3816353037448,0.753929056049955
20,10,200,500,0.05,0.03,1.3,FALSE,0.687615839338061,3,0.685765230247954,0.896551724137931,0.976842105263158,26,928,22,3,6.88529282913315,0.220035572868684
20,10,200,500,0.05,0.03,0.7,TRUE,0.687615839338061,4,0.611922559405421,0.766666666666667,0.976842105263158,23,928,22,7,5.49645222096586,0.140026527764864
20,10,200,500,0.05,0.03,0.9,FALSE,0.687615839338061,5,0.66118760617331,0.607142857142857,0.993684210526316,17,944,6,11,6.93025390117714,0.692898302977975
20,10,200,500,0.05,0.03,0.3,FALSE,0.687615839338061,6,0.751494633370101,0.689655172413793,0.995789473684211,20,946,4,9,6.79778118810804,0.382820990369529
20,10,200,500,0.05,0.03,0.5,FALSE,0.687615839338061,7,0.656417342481286,0.7,0.987368421052632,21,938,12,9,6.2464695599065,0.648553107839712
20,10,200,500,0.05,0.03,0.5,FALSE,0.687615839338061,8,0.609497653284633,0.642857142857143,0.987368421052632,18,938,12,10,5.97510141303075,0.708166930910024
20,10,200,500,0.05,0.03,0.1,FALSE,0.687615839338061,9,0.576362448767734,0.448275862068966,0.995789473684211,13,946,4,16,6.33991914566777,0.942243248944761
20,10,200,500,0.05,0.03,1.1,FALSE,0.687615839338061,10,0.622123374807334,0.655172413793103,0.987368421052632,19,938,12,10,6.91119630692343,0.837010320057285
20,10,200,500,0.05,0.05,0.7,TRUE,0.687615839338061,1,0.458326716126113,0.482758620689655,0.983157894736842,14,934,16,15,5.35297339347971,0.852680593220011
20,10,200,500,0.05,0.05,0.7,TRUE,0.687615839338061,2,0.62390041370719,0.551724137931034,0.993684210526316,16,944,6,13,5.79380159419584,1.19462947630918
20,10,200,500,0.05,0.05,1.3,FALSE,0.687615839338061,3,0.540127431459046,0.724137931034483,0.970526315789474,21,922,28,8,6.14687010896363,0.866543122632035
20,10,200,500,0.05,0.05,1.1,FALSE,0.687615839338061,4,0.491692664606575,0.766666666666667,0.953684210526316,23,906,44,7,5.11514218255411,0.688143763746396
20,10,200,500,0.05,0.05,1.5,FALSE,0.687615839338061,5,0.55433778416682,0.714285714285714,0.974736842105263,20,926,24,8,6.26299752640478,0.962981941104363
20,10,200,500,0.05,0.05,1.1,FALSE,0.687615839338061,6,0.611323460570515,0.724137931034483,0.981052631578947,21,932,18,8,6.23498481447269,0.703947039316669
20,10,200,500,0.05,0.05,1.7,FALSE,0.687615839338061,7,0.547605563838527,0.8,0.962105263157895,24,914,36,6,5.74927980909385,0.80338000958841
20,10,200,500,0.05,0.05,0.7,TRUE,0.687615839338061,8,0.584478864288045,0.607142857142857,0.987368421052632,17,938,12,11,5.48478505702096,0.880595422799985
20,10,200,500,0.05,0.05,0.3,FALSE,0.687615839338061,9,0.544603496130865,0.517241379310345,0.989473684210526,15,940,10,14,5.72366596130655,1.09185740451454
20,10,200,500,0.05,0.05,2.1,FALSE,0.687615839338061,10,0.559460328709075,0.896551724137931,0.953684210526316,26,906,44,3,6.26615749857397,0.811718658280593
20,10,200,500,0.05,0.1,1.5,FALSE,0.687615839338061,1,0.419165333369376,0.689655172413793,0.947368421052632,20,900,50,9,4.56766797588275,1.01504901978239
20,10,200,500,0.05,0.1,0.7,TRUE,0.687615839338061,2,0.403764773159052,0.413793103448276,0.983157894736842,12,934,16,17,4.86757299203052,1.32775218094735
20,10,200,500,0.05,0.1,0.5,FALSE,0.687615839338061,3,0.468218564510218,0.448275862068966,0.987368421052632,13,938,12,16,5.33207273448261,1.33210771157089
20,10,200,500,0.05,0.1,0.5,FALSE,0.687615839338061,4,0.418358166865553,0.5,0.974736842105263,15,926,24,15,4.47015989767195,1.16551498899535
20,10,200,500,0.05,0.1,1.1,FALSE,0.687615839338061,5,0.48418608063749,0.607142857142857,0.974736842105263,17,926,24,11,5.36991338827901,1.15343447567651
20,10,200,500,0.05,0.1,1.1,FALSE,0.687615839338061,6,0.549712829738876,0.655172413793103,0.978947368421053,19,930,20,10,5.17736316717231,1.09372114249999
20,10,200,500,0.05,0.1,0.5,FALSE,0.687615839338061,7,0.418358166865553,0.5,0.974736842105263,15,926,24,15,4.93646545464303,1.29181930680301
20,10,200,500,0.05,0.1,1.1,FALSE,0.687615839338061,8,0.521783537361814,0.642857142857143,0.976842105263158,18,928,22,10,4.6668390150795,1.23270094206224
20,10,200,500,0.05,0.1,1.5,FALSE,0.687615839338061,9,0.366228895735411,0.620689655172414,0.943157894736842,18,896,54,11,4.9476285321528,1.48447874857456
20,10,200,500,0.05,0.1,0.7,TRUE,0.687615839338061,10,0.502504537205082,0.517241379310345,0.985263157894737,15,936,14,14,5.28433105953644,1.01477157660055
20,10,200,500,0.1,0.03,0.3,FALSE,0.687615839338061,1,0.767190866741006,0.637931034482759,0.997777777777778,37,898,2,21,6.65708244870106,0.523067499875321
20,10,200,500,0.1,0.03,1.3,FALSE,0.687615839338061,2,0.753232345000349,0.813559322033898,0.98,48,882,18,11,6.77225598727487,0.442316063491445
20,10,200,500,0.1,0.03,0.9,FALSE,0.687615839338061,3,0.61026463381891,0.672413793103448,0.971111111111111,39,874,26,19,5.62971722583043,0.600016719422123
20,10,200,500,0.1,0.03,0.7,TRUE,0.687615839338061,4,0.737299080778825,0.677966101694915,0.991111111111111,40,892,8,19,6.20367569500525,0.522188870396294
20,10,200,500,0.1,0.03,0.3,FALSE,0.687615839338061,5,0.684834635833275,0.603448275862069,0.991111111111111,35,892,8,23,6.82617588624983,0.72542127163357
20,10,200,500,0.1,0.03,1.3,FALSE,0.687615839338061,6,0.673874485342887,0.711864406779661,0.977777777777778,42,880,20,17,6.02576100818968,0.682726667783753
20,10,200,500,0.1,0.03,1.5,FALSE,0.687615839338061,7,0.729938073345618,0.796610169491525,0.977777777777778,47,880,20,12,6.60579500029905,0.658123182352548
20,10,200,500,0.1,0.03,1.7,FALSE,0.687615839338061,8,0.713797534981267,0.844827586206897,0.968888888888889,49,872,28,9,6.40483838888029,0.670597442182806
20,10,200,500,0.1,0.03,0.1,FALSE,0.687615839338061,9,0.590965976668512,0.559322033898305,0.982222222222222,33,884,16,26,5.66122091389966,0.500656843802439
20,10,200,500,0.1,0.03,1.3,FALSE,0.687615839338061,10,0.772476689725022,0.779661016949153,0.986666666666667,46,888,12,13,6.93432871546415,0.539370440474174
20,10,200,500,0.1,0.05,1.1,FALSE,0.687615839338061,1,0.772984736615004,0.758620689655172,0.988888888888889,44,890,10,14,6.17477874809238,0.5613082111485
20,10,200,500,0.1,0.05,1.1,FALSE,0.687615839338061,2,0.696640301524125,0.745762711864407,0.977777777777778,44,880,20,15,6.13136251006984,0.638484159272606
20,10,200,500,0.1,0.05,0.3,FALSE,0.687615839338061,3,0.584924811275367,0.53448275862069,0.984444444444444,31,886,14,27,5.20843948078028,0.81166360439576
20,10,200,500,0.1,0.05,0.5,FALSE,0.687615839338061,4,0.80414365350683,0.661016949152542,1,39,900,0,20,5.77701741328399,0.463295339967483
20,10,200,500,0.1,0.05,0.5,FALSE,0.687615839338061,5,0.666027001835742,0.551724137931034,0.993333333333333,32,894,6,26,6.12016373658882,0.887399692136135
20,10,200,500,0.1,0.05,0.7,TRUE,0.687615839338061,6,0.597769000434314,0.508474576271186,0.988888888888889,30,890,10,29,5.51203825621459,0.99518604415083
20,10,200,500,0.1,0.05,1.7,FALSE,0.687615839338061,7,0.64297691682222,0.76271186440678,0.964444444444444,45,868,32,14,6.02568087834816,0.901432567744181
20,10,200,500,0.1,0.05,0.3,FALSE,0.687615839338061,8,0.613692264793755,0.482758620689655,0.993333333333333,28,894,6,30,5.93165111230407,0.828480305539444
20,10,200,500,0.1,0.05,0.7,TRUE,0.687615839338061,9,0.602487095790581,0.610169491525424,0.977777777777778,36,880,20,23,5.24692922937956,0.815321942132796
20,10,200,500,0.1,0.05,2.1,FALSE,0.687615839338061,10,0.652744877374985,0.76271186440678,0.966666666666667,45,870,30,14,6.4167265428016,0.962668763436659
20,10,200,500,0.1,0.1,1.3,FALSE,0.687615839338061,1,0.608660877663264,0.603448275862069,0.98,35,882,18,23,5.43441887966406,1.15689523029482
20,10,200,500,0.1,0.1,0.9,FALSE,0.687615839338061,2,0.641181379943326,0.542372881355932,0.991111111111111,32,892,8,27,5.14573533399022,1.09480951582074
20,10,200,500,0.1,0.1,0.5,FALSE,0.687615839338061,3,0.501457455522702,0.448275862068966,0.982222222222222,26,884,16,32,4.44379770086294,1.10612912521777
20,10,200,500,0.1,0.1,1.1,FALSE,0.687615839338061,4,0.494312617702448,0.525423728813559,0.968888888888889,31,872,28,28,4.85489110726311,1.22112114135291
20,10,200,500,0.1,0.1,1.5,FALSE,0.687615839338061,5,0.557361564452809,0.551724137931034,0.977777777777778,32,880,20,26,5.15996477748496,1.49707664849525
20,10,200,500,0.1,0.1,0.7,TRUE,0.687615839338061,6,0.421886874067522,0.355932203389831,0.982222222222222,21,884,16,38,4.74042699841998,1.50740070861153
20,10,200,500,0.1,0.1,2.3,FALSE,0.687615839338061,7,0.512127851894991,0.76271186440678,0.924444444444444,45,832,68,14,5.24036682258283,1.38315340057283
20,10,200,500,0.1,0.1,1.9,FALSE,0.687615839338061,8,0.541174489047502,0.724137931034483,0.944444444444444,42,850,50,16,5.12690887106721,1.2554308193403
20,10,200,500,0.1,0.1,1.1,FALSE,0.687615839338061,9,0.507265246205113,0.542372881355932,0.968888888888889,32,872,28,27,4.53927274515436,1.4492855689922
20,10,200,500,0.1,0.1,2.7,FALSE,0.687615839338061,10,0.582415360416658,0.966101694915254,0.902222222222222,57,812,88,2,5.53104884292491,1.20865992269921
20,10,200,500,0.25,0.03,1.7,FALSE,0.687615839338061,1,0.709009260570338,0.73972602739726,0.957333333333333,108,718,32,38,6.19181991359274,0.8974838291046
20,10,200,500,0.25,0.03,2.3,FALSE,0.687615839338061,2,0.748547189394757,0.875862068965517,0.933333333333333,127,700,50,18,6.44621336071609,0.732338483592703
20,10,200,500,0.25,0.03,1.9,FALSE,0.687615839338061,3,0.768408514379486,0.83448275862069,0.954666666666667,121,716,34,24,6.3342238677078,0.648180658629935
20,10,200,500,0.25,0.03,2.3,FALSE,0.687615839338061,4,0.768330041131509,0.86986301369863,0.944,127,708,42,19,6.04840107825929,0.708122617686042
20,10,200,500,0.25,0.03,2.1,FALSE,0.687615839338061,5,0.819701110497247,0.86986301369863,0.965333333333333,127,724,26,19,7.75718688606919,0.670001059747792
20,10,200,500,0.25,0.03,1.3,FALSE,0.687615839338061,6,0.798977401200413,0.828767123287671,0.968,121,726,24,25,6.00014166280942,0.297630844759448
20,10,200,500,0.25,0.03,2.5,FALSE,0.687615839338061,7,0.805757899685119,0.924657534246575,0.944,135,708,42,11,6.47052491484251,0.590504722544322
20,10,200,500,0.25,0.03,2.3,FALSE,0.687615839338061,8,0.788481903741169,0.863013698630137,0.954666666666667,126,716,34,20,6.64540132236299,0.944098056067564
20,10,200,500,0.25,0.03,1.9,FALSE,0.687615839338061,9,0.808884372844369,0.821917808219178,0.973333333333333,120,730,20,26,7.36948252104886,0.674601154481486
20,10,200,500,0.25,0.03,2.9,FALSE,0.687615839338061,10,0.68763302330458,0.876712328767123,0.901333333333333,128,676,74,18,6.62374353290841,0.946144483667369
20,10,200,500,0.25,0.05,2.1,FALSE,0.687615839338061,1,0.707269388209786,0.773972602739726,0.946666666666667,113,710,40,33,5.79268757096642,1.20180458306529
20,10,200,500,0.25,0.05,2.9,FALSE,0.687615839338061,2,0.68616058711723,0.868965517241379,0.904,126,678,72,19,6.03027880701625,1.12802715247878
20,10,200,500,0.25,0.05,1.5,FALSE,0.687615839338061,3,0.681519268520494,0.682758620689655,0.962666666666667,99,722,28,46,5.81979381997511,0.975340849437058
20,10,200,500,0.25,0.05,2.3,FALSE,0.687615839338061,4,0.694083445920807,0.828767123287671,0.922666666666667,121,692,58,25,5.69468034564296,1.01098857066726
20,10,200,500,0.25,0.05,2.3,FALSE,0.687615839338061,5,0.796582359966535,0.835616438356164,0.965333333333333,122,724,26,24,7.09708294171873,1.14375143399853
20,10,200,500,0.25,0.05,1.3,FALSE,0.687615839338061,6,0.721826318441795,0.684931506849315,0.976,100,732,18,46,5.72278225702582,0.832136401197827
20,10,200,500,0.25,0.05,2.3,FALSE,0.687615839338061,7,0.725878818070719,0.842465753424658,0.933333333333333,123,700,50,23,5.96585202238627,0.994189956537358
20,10,200,500,0.25,0.05,2.7,FALSE,0.687615839338061,8,0.742603052854368,0.815068493150685,0.949333333333333,119,712,38,27,6.34774571999885,1.33571261707039
20,10,200,500,0.25,0.05,2.3,FALSE,0.687615839338061,9,0.76876518539684,0.815068493150685,0.96,119,720,30,27,6.83169021161221,1.13614986742129
20,10,200,500,0.25,0.05,2.1,FALSE,0.687615839338061,10,0.721789954337899,0.767123287671233,0.954666666666667,112,716,34,34,6.23526566895867,1.09792371112461
20,10,200,500,0.25,0.1,2.5,FALSE,0.687615839338061,1,0.551788768611689,0.664383561643836,0.912,97,684,66,49,5.12807465522466,1.8303025302643
20,10,200,500,0.25,0.1,2.1,FALSE,0.687615839338061,2,0.646844676971216,0.682758620689655,0.949333333333333,99,712,38,46,5.41020683975005,1.54928785098664
20,10,200,500,0.25,0.1,2.5,FALSE,0.687615839338061,3,0.651706469800475,0.806896551724138,0.909333333333333,117,682,68,28,5.15563194971859,1.58092772241786
20,10,200,500,0.25,0.1,2.7,FALSE,0.687615839338061,4,0.60699225653288,0.815068493150685,0.88,119,660,90,27,4.98624836087056,1.46852694586325
20,10,200,500,0.25,0.1,2.7,FALSE,0.687615839338061,5,0.687880183369954,0.780821917808219,0.936,114,702,48,32,6.33566597090264,1.66089416296403
20,10,200,500,0.25,0.1,2.3,FALSE,0.687615839338061,6,0.624238208025007,0.73972602739726,0.92,108,690,60,38,5.28205747160822,1.42330158132754
20,10,200,500,0.25,0.1,1.9,FALSE,0.687615839338061,7,0.609153994101979,0.623287671232877,0.952,91,714,36,55,5.18894083376962,1.62210261970816
20,10,200,500,0.25,0.1,2.1,FALSE,0.687615839338061,8,0.6030303591932,0.547945205479452,0.970666666666667,80,728,22,66,5.61006978761056,2.11872283548092
20,10,200,500,0.25,0.1,1.7,FALSE,0.687615839338061,9,0.649781660363602,0.575342465753425,0.978666666666667,84,734,16,62,6.10899016077992,1.86802320467552
20,10,200,500,0.25,0.1,2.3,FALSE,0.687615839338061,10,0.665682422367,0.698630136986301,0.952,102,714,36,44,5.72426285019775,1.67640173461681
25,3,75,100,0.05,0.03,1.3,FALSE,0.833799115883709,1,0.218610002846724,0.833333333333333,0.736842105263158,5,140,50,1,2.1336337481939,0.680428904096625
25,3,75,100,0.05,0.03,1.9,FALSE,0.833799115883709,2,0.146023558378091,0.857142857142857,0.536842105263158,6,102,88,1,1.90279049828375,1.15341775297246
25,3,75,100,0.05,0.03,0.1,FALSE,0.833799115883709,3,0.14725221515648,0.4,0.894736842105263,2,170,20,3,1.86261236086365,0.782563422408252
25,3,75,100,0.05,0.03,0.5,FALSE,0.833799115883709,4,0.110674314218572,0.4,0.852631578947368,2,162,28,3,2.12352224480195,1.46328775510678
25,3,75,100,0.05,0.03,0.1,FALSE,0.833799115883709,5,0.295024242538762,0.666666666666667,0.894736842105263,4,170,20,2,1.82858877677116,0.477537814960091
25,3,75,100,0.05,0.03,2.3,FALSE,0.833799115883709,6,0.138189773863237,1,0.431578947368421,5,82,108,0,1.92004420507759,0.953498258835054
25,3,75,100,0.05,0.03,1.1,FALSE,0.833799115883709,7,0.144337946942788,0.666666666666667,0.715789473684211,4,136,54,2,2.08356847764022,1.42975261625071
25,3,75,100,0.05,0.03,1.3,FALSE,0.833799115883709,8,0.185112175064805,1,0.536842105263158,6,102,88,0,1.67459644850499,0.408475583600822
25,3,75,100,0.05,0.03,0.9,FALSE,0.833799115883709,9,0.315793768024821,0.833333333333333,0.852631578947368,5,162,28,1,2.16306508878598,0.964649851652798
25,3,75,100,0.05,0.03,0.1,FALSE,0.833799115883709,10,0.135782920851248,0.333333333333333,0.905263157894737,2,172,18,4,1.95112338463474,1.54932782371005
25,3,75,100,0.05,0.05,0.5,FALSE,0.833799115883709,1,0.379699275691979,0.666666666666667,0.936842105263158,4,178,12,2,2.32299695898812,1.16062840842315
25,3,75,100,0.05,0.05,2.9,FALSE,0.833799115883709,2,0.120964149625364,1,0.294736842105263,7,56,134,0,2.1665795455587,1.76847744067664
25,3,75,100,0.05,0.05,0.1,FALSE,0.833799115883709,3,0.086710996952412,0.2,0.936842105263158,1,178,12,4,2.11708565212677,1.44295493843067
25,3,75,100,0.05,0.05,1.9,FALSE,0.833799115883709,4,0.12853691738343,0.8,0.6,4,114,76,1,2.27224785940647,1.60771459429289
25,3,75,100,0.05,0.05,0.3,FALSE,0.833799115883709,5,0.353710552452148,0.666666666666667,0.926315789473684,4,176,14,2,2.02223741725732,0.822301308323035
25,3,75,100,0.05,0.05,0.5,FALSE,0.833799115883709,6,0.195660825723824,0.6,0.852631578947368,3,162,28,2,2.07214527606729,0.681082847782261
25,3,75,100,0.05,0.05,1.3,FALSE,0.833799115883709,7,0.181128479432503,0.666666666666667,0.778947368421053,4,148,42,2,2.37686439729384,1.76300110343117
25,3,75,100,0.05,0.05,0.7,FALSE,0.833799115883709,8,0.18832274929793,0.666666666666667,0.789473684210526,4,150,40,2,1.84520003054537,0.779241588551892
25,3,75,100,0.05,0.05,0.1,FALSE,0.833799115883709,9,0.242081990891721,0.5,0.91578947368421,3,174,16,3,2.21362191274481,0.699914775478712
25,3,75,100,0.05,0.05,0.3,FALSE,0.833799115883709,10,0.135782920851248,0.333333333333333,0.905263157894737,2,172,18,4,2.1673541661839,1.79619879813308
25,3,75,100,0.05,0.1,1.1,FALSE,0.833799115883709,1,0.198405462647819,0.5,0.884210526315789,3,168,22,3,2.49545177259466,1.78302424344773
25,3,75,100,0.05,0.1,1.3,FALSE,0.833799115883709,2,0.292087894744912,0.857142857142857,0.8,6,152,38,1,2.35323863611219,1.10715689459261
25,3,75,100,0.05,0.1,0.1,FALSE,0.833799115883709,3,0.178947368421053,0.2,0.978947368421053,1,186,4,4,2.41965464762923,1.31356557075782
25,3,75,100,0.05,0.1,2.1,FALSE,0.833799115883709,4,0.205195670417031,1,0.631578947368421,5,120,70,0,2.58897406466539,1.44151990697022
25,3,75,100,0.05,0.1,1.1,FALSE,0.833799115883709,5,0.1664756841666,0.5,0.852631578947368,3,162,28,3,2.29044230737352,1.75440769039471
25,3,75,100,0.05,0.1,0.1,FALSE,0.833799115883709,6,0.118946517017452,0.2,0.957894736842105,1,182,8,4,2.38232421748796,1.98312314215249
25,3,75,100,0.05,0.1,1.3,FALSE,0.833799115883709,7,0.135782920851248,0.333333333333333,0.905263157894737,2,172,18,4,2.65235303546725,2.16557625576358
25,3,75,100,0.05,0.1,0.1,FALSE,0.833799115883709,8,0.201696340272017,0.333333333333333,0.947368421052632,2,180,10,4,2.05474342872896,1.08509304960143
25,3,75,100,0.05,0.1,0.1,FALSE,0.833799115883709,9,0.38551987579341,0.5,0.968421052631579,3,184,6,3,2.47248838217658,0.88643952144393
25,3,75,100,0.05,0.1,1.1,FALSE,0.833799115883709,10,0.0149073777653398,0.166666666666667,0.863157894736842,1,164,26,5,2.36692346375197,3.02376581527582
25,3,75,100,0.1,0.03,1.5,FALSE,0.833799115883709,1,0.117534589985621,0.636363636363636,0.611111111111111,7,110,70,4,1.83116371530998,1.41082073538202
25,3,75,100,0.1,0.03,0.3,FALSE,0.833799115883709,2,0.32881335013854,0.583333333333333,0.888888888888889,7,160,20,5,2.35426278848083,0.537624586417452
25,3,75,100,0.1,0.03,0.1,FALSE,0.833799115883709,3,0.306455446749303,0.363636363636364,0.955555555555556,4,172,8,7,2.17525501735456,1.00356294663413
25,3,75,100,0.1,0.03,1.3,FALSE,0.833799115883709,4,0.269540164476984,0.8,0.744444444444444,8,134,46,2,2.23735723303726,0.560499068281273
25,3,75,100,0.1,0.03,1.3,FALSE,0.833799115883709,5,0.133565314042545,0.583333333333333,0.677777777777778,7,122,58,5,1.82311152575933,1.27652313024413
25,3,75,100,0.1,0.03,0.9,FALSE,0.833799115883709,6,0.203298791512571,0.583333333333333,0.777777777777778,7,140,40,5,2.14485873690511,1.06511882836455
25,3,75,100,0.1,0.03,2.9,FALSE,0.833799115883709,7,0.171380371387196,1,0.344444444444444,11,62,118,0,1.99955658629944,1.25530299846655
25,3,75,100,0.1,0.03,0.3,FALSE,0.833799115883709,8,0.295078257383137,0.545454545454545,0.888888888888889,6,160,20,5,2.06316577088534,0.461909026547017
25,3,75,100,0.1,0.03,1.7,FALSE,0.833799115883709,9,0.244444444444444,0.833333333333333,0.655555555555556,10,118,62,2,2.25075760435732,1.07578100905772
25,3,75,100,0.1,0.03,2.5,FALSE,0.833799115883709,10,0.116005171154445,0.916666666666667,0.3,11,54,126,1,1.81001291654191,1.43876740531571
25,3,75,100,0.1,0.05,0.1,FALSE,0.833799115883709,1,0.128635074646596,0.272727272727273,0.9,3,162,18,8,2.10796711520195,1.37434559676645
25,3,75,100,0.1,0.05,0.1,FALSE,0.833799115883709,2,0.298230073048625,0.416666666666667,0.933333333333333,5,168,12,7,2.49312733030918,1.13428484364749
25,3,75,100,0.1,0.05,0.3,FALSE,0.833799115883709,3,0.209051482412858,0.363636363636364,0.911111111111111,4,164,16,7,2.2975450050949,1.46142413917162
25,3,75,100,0.1,0.05,0.3,FALSE,0.833799115883709,4,0.314269680527354,0.5,0.922222222222222,5,166,14,5,2.38697666726043,0.932806127442199
25,3,75,100,0.1,0.05,0.7,FALSE,0.833799115883709,5,0.1466074753085,0.416666666666667,0.822222222222222,5,148,32,7,1.95293325568689,1.62022989566708
25,3,75,100,0.1,0.05,1.3,FALSE,0.833799115883709,6,0.194325082689389,0.583333333333333,0.766666666666667,7,138,42,5,2.36316685366756,1.45755878605217
25,3,75,100,0.1,0.05,2.7,FALSE,0.833799115883709,7,0.166658163916021,0.909090909090909,0.444444444444444,10,80,100,1,2.26511676612982,1.3395737614896
25,3,75,100,0.1,0.05,0.7,FALSE,0.833799115883709,8,0.222223248745268,0.454545454545455,0.877777777777778,5,158,22,6,2.34646754175999,0.98325625232606
25,3,75,100,0.1,0.05,1.5,FALSE,0.833799115883709,9,0.298736402171716,0.833333333333333,0.733333333333333,10,132,48,2,2.47933099073249,1.26132832140606
25,3,75,100,0.1,0.05,2.3,FALSE,0.833799115883709,10,0.0898595649225765,0.75,0.433333333333333,9,78,102,3,2.06688145870434,1.8686288078659
25,3,75,100,0.1,0.1,2.3,FALSE,0.833799115883709,1,0.206168217978351,0.909090909090909,0.533333333333333,10,96,84,1,2.37863901652669,1.47063360178034
25,3,75,100,0.1,0.1,1.5,FALSE,0.833799115883709,2,0.255710712747384,0.583333333333333,0.833333333333333,7,150,30,5,2.70737669227355,1.88376903603022
25,3,75,100,0.1,0.1,0.3,FALSE,0.833799115883709,3,0.345466440885364,0.363636363636364,0.966666666666667,4,174,6,7,2.60541557373222,1.34582506504126
25,3,75,100,0.1,0.1,0.1,FALSE,0.833799115883709,4,0.437594974493684,0.2,1,2,180,0,8,2.63846612122401,1.09561143814958
25,3,75,100,0.1,0.1,0.3,FALSE,0.833799115883709,5,0.200953521496073,0.166666666666667,0.977777777777778,2,176,4,10,2.33182203198201,1.67300199053564
25,3,75,100,0.1,0.1,0.1,FALSE,0.833799115883709,6,0.397359707119513,0.166666666666667,1,2,180,0,10,2.57863710147336,1.85951487561659
25,3,75,100,0.1,0.1,1.1,FALSE,0.833799115883709,7,0.17335881879293,0.454545454545455,0.833333333333333,5,150,30,6,2.53658458089143,1.49185381685882
25,3,75,100,0.1,0.1,1.5,FALSE,0.833799115883709,8,0.184248346125195,0.454545454545455,0.844444444444444,5,152,28,6,2.58213881545134,1.59711619784513
25,3,75,100,0.1,0.1,0.5,FALSE,0.833799115883709,9,0.294173361367012,0.25,0.977777777777778,3,176,4,9,2.53135936549237,1.33695281609847
25,3,75,100,0.1,0.1,0.5,FALSE,0.833799115883709,10,0.111111111111111,0.166666666666667,0.944444444444444,2,170,10,10,2.3820167140186,2.65810672283596
25,3,75,100,0.25,0.03,1.3,FALSE,0.833799115883709,1,0.427858481655493,0.724137931034483,0.8,21,120,30,8,2.27919692203504,0.526292960839753
25,3,75,100,0.25,0.03,0.1,FALSE,0.833799115883709,2,0.409320921437774,0.433333333333333,0.933333333333333,13,140,10,17,2.11692465180467,0.829216434013624
25,3,75,100,0.25,0.03,0.5,FALSE,0.833799115883709,3,0.427983541322348,0.551724137931034,0.893333333333333,16,134,16,13,2.2266119670726,0.587262175710739
25,3,75,100,0.25,0.03,0.1,FALSE,0.833799115883709,4,0.409320921437774,0.433333333333333,0.933333333333333,13,140,10,17,2.24536671281733,1.02598169034067
25,3,75,100,0.25,0.03,0.1,FALSE,0.833799115883709,5,0.249047815974056,0.344827586206897,0.893333333333333,10,134,16,19,1.78924652559533,1.34276101286743
25,3,75,100,0.25,0.03,1.1,FALSE,0.833799115883709,6,0.323391617595789,0.586206896551724,0.8,17,120,30,12,2.03338680010023,0.787800366185365
25,3,75,100,0.25,0.03,1.7,FALSE,0.833799115883709,7,0.263766478950523,0.766666666666667,0.586666666666667,23,88,62,7,1.92215580132709,1.06647336653139
25,3,75,100,0.25,0.03,0.1,FALSE,0.833799115883709,8,0.350823207722812,0.4,0.92,12,138,12,18,2.09575523680864,0.864395899980787
25,3,75,100,0.25,0.03,0.1,FALSE,0.833799115883709,9,0.230708155719473,0.3,0.906666666666667,9,136,14,21,1.72605232867644,1.18548618930874
25,3,75,100,0.25,0.03,1.3,FALSE,0.833799115883709,10,0.228375069597785,0.6,0.693333333333333,18,104,46,12,1.95205172975971,1.18478897661036
25,3,75,100,0.25,0.05,0.3,FALSE,0.833799115883709,1,0.488384127773767,0.448275862068966,0.96,13,144,6,16,2.40810663353436,0.856753671957321
25,3,75,100,0.25,0.05,0.7,FALSE,0.833799115883709,2,0.36,0.466666666666667,0.893333333333333,14,134,16,16,2.28801152812118,1.00195235436957
25,3,75,100,0.25,0.05,1.1,FALSE,0.833799115883709,3,0.339348932663034,0.586206896551724,0.813333333333333,17,122,28,12,2.39372811525818,1.09564370664414
25,3,75,100,0.25,0.05,0.5,FALSE,0.833799115883709,4,0.350823207722812,0.4,0.92,12,138,12,18,2.29079833307783,1.35822362189397
25,3,75,100,0.25,0.05,1.3,FALSE,0.833799115883709,5,0.227184264190224,0.482758620689655,0.786666666666667,14,118,32,15,2.14450379344695,1.68673684713309
25,3,75,100,0.25,0.05,0.3,FALSE,0.833799115883709,6,0.389937327242794,0.379310344827586,0.946666666666667,11,142,8,18,2.27819560085354,1.05215682767432
25,3,75,100,0.25,0.05,0.3,FALSE,0.833799115883709,7,0.380034581451546,0.366666666666667,0.946666666666667,11,142,8,19,2.17653423170143,1.24013665219857
25,3,75,100,0.25,0.05,0.1,FALSE,0.833799115883709,8,0.288242961064086,0.333333333333333,0.92,10,138,12,20,2.2650479713041,1.39554983055141
25,3,75,100,0.25,0.05,0.5,FALSE,0.833799115883709,9,0.219363398842833,0.333333333333333,0.88,10,132,18,20,2.03638274036632,1.34160748704027
25,3,75,100,0.25,0.05,1.3,FALSE,0.833799115883709,10,0.243225275484392,0.5,0.786666666666667,15,118,32,15,2.20802811719402,1.51318979753481
25,3,75,100,0.25,0.1,0.1,FALSE,0.833799115883709,1,0.423544653784288,0.206896551724138,1,6,150,0,23,2.63573348097623,1.38333439183041
25,3,75,100,0.25,0.1,0.5,FALSE,0.833799115883709,2,0.412167869855447,0.266666666666667,0.986666666666667,8,148,2,22,2.4336838441838,1.30471692308616
25,3,75,100,0.25,0.1,0.3,FALSE,0.833799115883709,3,0.458808470399168,0.241379310344828,1,7,150,0,22,2.5512305337178,1.60600006392798
25,3,75,100,0.25,0.1,0.1,FALSE,0.833799115883709,4,0.350583928480886,0.3,0.96,9,144,6,21,2.43367353830384,1.60086753381872
25,3,75,100,0.25,0.1,1.1,FALSE,0.833799115883709,5,0.271957614820864,0.344827586206897,0.906666666666667,10,136,14,19,2.373005343506,1.94667530634273
25,3,75,100,0.25,0.1,1.3,FALSE,0.833799115883709,6,0.328227904292906,0.482758620689655,0.866666666666667,14,130,20,15,2.53436624401078,1.39428415005241
25,3,75,100,0.25,0.1,0.7,FALSE,0.833799115883709,7,0.239045721866879,0.2,0.96,6,144,6,24,2.48604924266872,1.66449756623346
25,3,75,100,0.25,0.1,0.3,FALSE,0.833799115883709,8,0.393521932991973,0.3,0.973333333333333,9,146,4,21,2.47411876157381,1.8188937749292
25,3,75,100,0.25,0.1,0.1,FALSE,0.833799115883709,9,0.337569975519289,0.2,0.986666666666667,6,148,2,24,2.33623500910388,1.65296504203989
25,3,75,100,0.25,0.1,1.3,FALSE,0.833799115883709,10,0.148100211256216,0.366666666666667,0.8,11,120,30,19,2.36115411524921,2.13353902681776
25,3,75,300,0.05,0.03,0.3,FALSE,0.833799115883709,1,0.225170500701057,0.777777777777778,0.778947368421053,14,444,126,4,1.55622226988892,0.0310517951380196
25,3,75,300,0.05,0.03,0.1,FALSE,0.833799115883709,2,0.189399519910747,0.705882352941177,0.775438596491228,12,442,128,5,1.53605436309061,0.167349098850626
25,3,75,300,0.05,0.03,0.5,FALSE,0.833799115883709,3,0.0781507316084446,0.529411764705882,0.687719298245614,9,392,178,8,1.48710778629587,0.656944009837395
25,3,75,300,0.05,0.03,0.5,FALSE,0.833799115883709,4,0.117127259570148,0.588235294117647,0.726315789473684,10,414,156,7,1.63997992497545,0.611422979727484
25,3,75,300,0.05,0.03,0.3,FALSE,0.833799115883709,5,0.11425624941754,0.5,0.778947368421053,9,444,126,9,1.46611844182547,0.41597198076045
25,3,75,300,0.05,0.03,0.3,FALSE,0.833799115883709,6,0.14059526114417,0.647058823529412,0.729824561403509,11,416,154,6,1.35502862466883,0.321248555045747
25,3,75,300,0.05,0.03,0.1,FALSE,0.833799115883709,7,0.21069493921722,0.722222222222222,0.789473684210526,13,450,120,5,1.59615100802476,-0.113599311521452
25,3,75,300,0.05,0.03,0.7,FALSE,0.833799115883709,8,0.126130216543596,0.6875,0.67719298245614,11,386,184,5,1.50174927129791,0.34324908696653
25,3,75,300,0.05,0.03,0.1,FALSE,0.833799115883709,9,0.196512712029991,0.705882352941177,0.785964912280702,12,448,122,5,1.50218132341667,0.280712302243365
25,3,75,300,0.05,0.03,0.1,FALSE,0.833799115883709,10,0.128376460472014,0.555555555555556,0.764912280701754,10,436,134,8,1.43936312532694,0.571432127730966
25,3,75,300,0.05,0.05,0.3,FALSE,0.833799115883709,1,0.176533540691771,0.666666666666667,0.771929824561403,12,440,130,6,1.57624251357017,0.291444916934944
25,3,75,300,0.05,0.05,1.1,FALSE,0.833799115883709,2,0.133615182723682,0.823529411764706,0.571929824561404,14,326,244,3,1.54986426891217,0.516098467824101
25,3,75,300,0.05,0.05,2.3,FALSE,0.833799115883709,3,0.0913342545987464,0.941176470588235,0.308771929824561,16,176,394,1,1.48018440811039,1.03781610869207
25,3,75,300,0.05,0.05,0.3,FALSE,0.833799115883709,4,0.148106097694445,0.588235294117647,0.782456140350877,10,446,124,7,1.68222169860996,0.220271719725229
25,3,75,300,0.05,0.05,1.1,FALSE,0.833799115883709,5,0.193159469536464,0.944444444444444,0.607017543859649,17,346,224,1,1.58743623489841,0.228887990541801
25,3,75,300,0.05,0.05,0.7,FALSE,0.833799115883709,6,0.121007376980057,0.705882352941177,0.642105263157895,12,366,204,5,1.38678933240379,0.832764294092614
25,3,75,300,0.05,0.05,0.1,FALSE,0.833799115883709,7,0.212521084827904,0.666666666666667,0.821052631578947,12,468,102,6,1.57863514709972,0.33808868481257
25,3,75,300,0.05,0.05,2.3,FALSE,0.833799115883709,8,0.103561216299108,1,0.284210526315789,16,162,408,0,1.51342674114124,0.536069739567234
25,3,75,300,0.05,0.05,0.3,FALSE,0.833799115883709,9,0.196133969815344,0.764705882352941,0.750877192982456,13,428,142,4,1.57831245563892,0.16330267998077
25,3,75,300,0.05,0.05,1.3,FALSE,0.833799115883709,10,0.0739883280241279,0.666666666666667,0.547368421052632,12,312,258,6,1.46691251415491,1.10418700579405
25,3,75,300,0.05,0.1,0.1,FALSE,0.833799115883709,1,0.117773157005504,0.388888888888889,0.856140350877193,7,488,82,11,1.63430226666518,0.71306789381578
25,3,75,300,0.05,0.1,1.7,FALSE,0.833799115883709,2,0.131927734409914,0.941176470588235,0.449122807017544,16,256,314,1,1.60468082867061,0.588881532946364
25,3,75,300,0.05,0.1,0.9,FALSE,0.833799115883709,3,0.136216483529455,0.705882352941177,0.67719298245614,12,386,184,5,1.598874380018,0.69601550688822
25,3,75,300,0.05,0.1,1.5,FALSE,0.833799115883709,4,0.162967586513948,0.941176470588235,0.543859649122807,16,310,260,1,1.72156735694685,0.577444007690444
25,3,75,300,0.05,0.1,0.1,FALSE,0.833799115883709,5,0.212521084827904,0.666666666666667,0.821052631578947,12,468,102,6,1.56148413247987,0.0337447360425348
25,3,75,300,0.05,0.1,1.3,FALSE,0.833799115883709,6,0.102517710177187,0.764705882352941,0.540350877192982,13,308,262,4,1.45322561323549,0.81846070063016
25,3,75,300,0.05,0.1,1.7,FALSE,0.833799115883709,7,0.151416906643869,0.944444444444444,0.494736842105263,17,282,288,1,1.60544409349856,0.662040283014884
25,3,75,300,0.05,0.1,1.9,FALSE,0.833799115883709,8,0.0576419457257787,0.75,0.424561403508772,12,242,328,4,1.57356738842055,1.25742408549684
25,3,75,300,0.05,0.1,0.7,FALSE,0.833799115883709,9,0.135639378292317,0.588235294117647,0.76140350877193,10,434,136,7,1.67409106610937,0.58171670669336
25,3,75,300,0.05,0.1,0.7,FALSE,0.833799115883709,10,0.106146391979259,0.555555555555556,0.72280701754386,10,412,158,8,1.52210266239227,1.11228952350899
25,3,75,300,0.1,0.03,0.1,FALSE,0.833799115883709,1,0.28042328042328,0.694444444444444,0.796296296296296,25,430,110,11,1.59885551488082,-0.0903146539539417
25,3,75,300,0.1,0.03,0.7,FALSE,0.833799115883709,2,0.286257393676848,0.885714285714286,0.685185185185185,31,370,170,4,1.46150478529686,0.00410306482970114
25,3,75,300,0.1,0.03,0.7,FALSE,0.833799115883709,3,0.252991526874198,0.771428571428571,0.718518518518519,27,388,152,8,1.81838258833624,0.098486546208587
25,3,75,300,0.1,0.03,1.1,FALSE,0.833799115883709,4,0.193500451789529,0.8,0.6,28,324,216,7,1.62994386352527,0.496282753795948
25,3,75,300,0.1,0.03,0.1,FALSE,0.833799115883709,5,0.184860641760542,0.514285714285714,0.803703703703704,18,434,106,17,1.51328055728075,0.672035019615414
25,3,75,300,0.1,0.03,1.5,FALSE,0.833799115883709,6,0.17817416127495,0.942857142857143,0.422222222222222,33,228,312,2,1.18560875868615,0.278066890833439
25,3,75,300,0.1,0.03,0.1,FALSE,0.833799115883709,7,0.238182841327611,0.628571428571429,0.792592592592593,22,428,112,13,1.72371618090341,0.232947088244017
25,3,75,300,0.1,0.03,1.1,FALSE,0.833799115883709,8,0.252369636857772,0.914285714285714,0.607407407407407,32,328,212,3,1.58890720919054,0.0619000992255517
25,3,75,300,0.1,0.03,0.5,FALSE,0.833799115883709,9,0.183174864855748,0.628571428571429,0.722222222222222,22,390,150,13,1.42966866041204,0.418204270262164
25,3,75,300,0.1,0.03,0.5,FALSE,0.833799115883709,10,0.143927225788733,0.638888888888889,0.648148148148148,23,350,190,13,1.22836705265631,0.433874531020088
25,3,75,300,0.1,0.05,1.5,FALSE,0.833799115883709,1,0.256412024750755,1,0.52962962962963,36,286,254,0,1.56733288706746,0.0547556757925097
25,3,75,300,0.1,0.05,0.7,FALSE,0.833799115883709,2,0.192434980363733,0.714285714285714,0.67037037037037,25,362,178,10,1.49272979305584,0.276187191285731
25,3,75,300,0.1,0.05,0.3,FALSE,0.833799115883709,3,0.206951561417806,0.571428571428571,0.792592592592593,20,428,112,15,1.78429475323733,0.362459884790201
25,3,75,300,0.1,0.05,1.3,FALSE,0.833799115883709,4,0.181740611718332,0.8,0.577777777777778,28,312,228,7,1.63386208733722,0.6361097343406
25,3,75,300,0.1,0.05,0.9,FALSE,0.833799115883709,5,0.187909849925438,0.714285714285714,0.662962962962963,25,358,182,10,1.55974786038344,0.828324765291615
25,3,75,300,0.1,0.05,1.3,FALSE,0.833799115883709,6,0.154056275195019,0.857142857142857,0.462962962962963,30,250,290,5,1.19765573398733,0.437422016576408
25,3,75,300,0.1,0.05,1.1,FALSE,0.833799115883709,7,0.165134558450356,0.685714285714286,0.648148148148148,24,350,190,11,1.76007755533323,0.578189085165221
25,3,75,300,0.1,0.05,0.7,FALSE,0.833799115883709,8,0.21144342935375,0.714285714285714,0.7,25,378,162,10,1.7258730661469,0.290200125992503
25,3,75,300,0.1,0.05,1.3,FALSE,0.833799115883709,9,0.133947506914467,0.742857142857143,0.537037037037037,26,290,250,9,1.53491375046975,0.614523781449205
25,3,75,300,0.1,0.05,0.7,FALSE,0.833799115883709,10,0.148479997912685,0.694444444444444,0.607407407407407,25,328,212,11,1.22721728042168,0.342088981946712
25,3,75,300,0.1,0.1,0.1,FALSE,0.833799115883709,1,0.27180218285308,0.638888888888889,0.818518518518519,23,442,98,13,1.71560999098981,0.214883706336386
25,3,75,300,0.1,0.1,0.1,FALSE,0.833799115883709,2,0.207445409965341,0.485714285714286,0.844444444444444,17,456,84,18,1.56726247008898,0.628517441787222
25,3,75,300,0.1,0.1,1.3,FALSE,0.833799115883709,3,0.177792685713536,0.771428571428571,0.596296296296296,27,322,218,8,1.70078657469749,0.683075188220474
25,3,75,300,0.1,0.1,2.1,FALSE,0.833799115883709,4,0.102465490969817,0.828571428571429,0.377777777777778,29,204,336,6,1.65046184634805,1.0621887771242
25,3,75,300,0.1,0.1,0.1,FALSE,0.833799115883709,5,0.184492361651234,0.428571428571429,0.855555555555556,15,462,78,20,1.65072382802234,0.75156779803465
25,3,75,300,0.1,0.1,2.5,FALSE,0.833799115883709,6,0.132527115684736,0.971428571428571,0.27037037037037,34,146,394,1,1.44708130806538,0.711063780091948
25,3,75,300,0.1,0.1,0.9,FALSE,0.833799115883709,7,0.171017269420047,0.657142857142857,0.681481481481481,23,368,172,12,1.84309748321111,0.818545006644109
25,3,75,300,0.1,0.1,0.1,FALSE,0.833799115883709,8,0.325396825396825,0.628571428571429,0.87037037037037,22,470,70,13,1.77985508348728,0.0131602854373908
25,3,75,300,0.1,0.1,0.3,FALSE,0.833799115883709,9,0.188123764550911,0.514285714285714,0.807407407407407,18,436,104,17,1.57913167317519,0.608323589276699
25,3,75,300,0.1,0.1,0.3,FALSE,0.833799115883709,10,0.189430669242688,0.611111111111111,0.740740740740741,22,400,140,14,1.34038154221613,0.145069146521479
25,3,75,300,0.25,0.03,0.1,FALSE,0.833799115883709,1,0.337326538562238,0.540229885057471,0.84,47,378,72,40,1.63514413740304,0.264223930384611
25,3,75,300,0.25,0.03,1.5,FALSE,0.833799115883709,2,0.140611053248575,0.795454545454545,0.386666666666667,70,174,276,18,1.14146508233841,0.595150745577134
25,3,75,300,0.25,0.03,0.1,FALSE,0.833799115883709,3,0.261959734126178,0.568181818181818,0.755555555555556,50,340,110,38,1.30735065252206,0.381724122127989
25,3,75,300,0.25,0.03,0.3,FALSE,0.833799115883709,4,0.304143780322158,0.659090909090909,0.728888888888889,58,328,122,30,1.54219802462831,0.136091310916942
25,3,75,300,0.25,0.03,0.7,FALSE,0.833799115883709,5,0.216502953182996,0.64367816091954,0.644444444444444,56,290,160,31,1.31039768607223,0.504081435202206
25,3,75,300,0.25,0.03,0.5,FALSE,0.833799115883709,6,0.23765384010785,0.629213483146067,0.68,56,306,144,33,1.17317151015264,0.246796816264108
25,3,75,300,0.25,0.03,0.5,FALSE,0.833799115883709,7,0.338075548277226,0.685393258426966,0.742222222222222,61,334,116,28,1.68376862044429,0.250333738474676
25,3,75,300,0.25,0.03,0.5,FALSE,0.833799115883709,8,0.36451826184485,0.724137931034483,0.742222222222222,63,334,116,24,1.69675234654243,0.0788246974867127
25,3,75,300,0.25,0.03,0.1,FALSE,0.833799115883709,9,0.314286733911552,0.632183908045977,0.76,55,342,108,32,1.29142284766745,-0.0715620221453365
25,3,75,300,0.25,0.03,0.7,FALSE,0.833799115883709,10,0.250419348569998,0.724137931034483,0.613333333333333,63,276,174,24,1.28845832796958,0.181057127802435
25,3,75,300,0.25,0.05,0.1,FALSE,0.833799115883709,1,0.307217147507266,0.517241379310345,0.831111111111111,45,374,76,42,1.64186666137765,0.285727475993538
25,3,75,300,0.25,0.05,1.1,FALSE,0.833799115883709,2,0.215923800318424,0.727272727272727,0.564444444444444,64,254,196,24,1.41880666668056,0.570789839252552
25,3,75,300,0.25,0.05,1.3,FALSE,0.833799115883709,3,0.230651264058258,0.795454545454545,0.515555555555556,70,232,218,18,1.3917054231054,0.504208304660754
25,3,75,300,0.25,0.05,0.9,FALSE,0.833799115883709,4,0.255993561254174,0.715909090909091,0.626666666666667,63,282,168,25,1.49434382752108,0.367744832121915
25,3,75,300,0.25,0.05,1.9,FALSE,0.833799115883709,5,0.249959602927098,0.919540229885057,0.404444444444444,80,182,268,7,1.52358311867391,0.420733496131697
25,3,75,300,0.25,0.05,0.1,FALSE,0.833799115883709,6,0.240901073364152,0.528089887640449,0.764444444444444,47,344,106,42,1.26371527339814,0.28107855113264
25,3,75,300,0.25,0.05,1.3,FALSE,0.833799115883709,7,0.3492304436501,0.865168539325843,0.604444444444444,77,272,178,12,1.70888666575714,0.341612165516143
25,3,75,300,0.25,0.05,0.1,FALSE,0.833799115883709,8,0.41207528100749,0.586206896551724,0.866666666666667,51,390,60,36,1.85212442625213,0.0107496188861694
25,3,75,300,0.25,0.05,1.1,FALSE,0.833799115883709,9,0.311075649202377,0.862068965517241,0.56,75,252,198,12,1.38551557517869,-0.0266401834910286
25,3,75,300,0.25,0.05,0.7,FALSE,0.833799115883709,10,0.23985865892688,0.655172413793103,0.662222222222222,57,298,152,30,1.38226512513851,0.425566109623365
25,3,75,300,0.25,0.1,0.1,FALSE,0.833799115883709,1,0.325322336969264,0.471264367816092,0.871111111111111,41,392,58,46,1.66882429044231,0.430377548118915
25,3,75,300,0.25,0.1,2.1,FALSE,0.833799115883709,2,0.171846569450097,0.886363636363636,0.324444444444444,78,146,304,10,1.47967855337282,0.758394277661685
25,3,75,300,0.25,0.1,1.7,FALSE,0.833799115883709,3,0.239468309950674,0.852272727272727,0.466666666666667,75,210,240,13,1.51443862310425,0.803834164615971
25,3,75,300,0.25,0.1,1.1,FALSE,0.833799115883709,4,0.271696494794535,0.761363636363636,0.604444444444444,67,272,178,21,1.59080182670133,0.456124620491993
25,3,75,300,0.25,0.1,0.3,FALSE,0.833799115883709,5,0.215638811027694,0.425287356321839,0.817777777777778,37,368,82,50,1.59711974550317,0.651460869031792
25,3,75,300,0.25,0.1,0.3,FALSE,0.833799115883709,6,0.279782660021171,0.528089887640449,0.8,47,360,90,42,1.35297888279301,0.566114739929055
25,3,75,300,0.25,0.1,0.5,FALSE,0.833799115883709,7,0.334557089961309,0.617977528089888,0.786666666666667,55,354,96,34,1.73240434275353,0.295319298987979
25,3,75,300,0.25,0.1,0.9,FALSE,0.833799115883709,8,0.338424021905126,0.724137931034483,0.715555555555556,63,322,128,24,1.75937906162477,0.418988922010836
25,3,75,300,0.25,0.1,0.7,FALSE,0.833799115883709,9,0.24665732283636,0.689655172413793,0.64,60,288,162,27,1.46755460532381,0.421385887402231
25,3,75,300,0.25,0.1,1.3,FALSE,0.833799115883709,10,0.192840144107914,0.758620689655172,0.502222222222222,66,226,224,21,1.48274110728894,0.747320319199366
25,3,75,500,0.05,0.03,0.3,FALSE,0.833799115883709,1,0.16184324922318,0.758620689655172,0.688421052631579,22,654,296,7,1.21912702095614,0.0226131312708589
25,3,75,500,0.05,0.03,0.3,FALSE,0.833799115883709,2,0.19925508728224,0.75,0.766315789473684,21,728,222,7,1.69377288684104,-0.18016820685071
25,3,75,500,0.05,0.03,0.3,FALSE,0.833799115883709,3,0.221917585584171,0.758620689655172,0.789473684210526,22,750,200,7,1.81509536516275,-0.293505963789292
25,3,75,500,0.05,0.03,1.5,FALSE,0.833799115883709,4,0.158491694498104,1,0.473684210526316,28,450,500,0,1.57847764138636,-0.154798492845971
25,3,75,500,0.05,0.03,0.1,FALSE,0.833799115883709,5,0.224991192142366,0.8,0.766315789473684,24,728,222,6,1.43195992834916,-0.384330662449519
25,3,75,500,0.05,0.03,0.5,FALSE,0.833799115883709,6,0.18058061194422,0.793103448275862,0.701052631578947,23,666,284,6,1.500183528127,-0.0358238348096281
25,3,75,500,0.05,0.03,2.3,FALSE,0.833799115883709,7,0.109612839919335,1,0.277894736842105,31,264,686,0,1.26429424415254,0.418559667325662
25,3,75,500,0.05,0.03,1.3,FALSE,0.833799115883709,8,0.137884574483477,0.928571428571429,0.484210526315789,26,460,490,2,1.34407671977594,0.0396467032481116
25,3,75,500,0.05,0.03,0.7,FALSE,0.833799115883709,9,0.133745148021385,0.75,0.637894736842105,21,606,344,7,1.37923832379258,0.206613036133207
25,3,75,500,0.05,0.03,0.1,FALSE,0.833799115883709,10,0.238172829094811,0.857142857142857,0.764210526315789,24,726,224,4,1.37922877344563,-0.337085246430867
25,3,75,500,0.05,0.05,0.3,FALSE,0.833799115883709,1,0.134738998008085,0.655172413793103,0.709473684210526,19,674,276,10,1.2146472307366,0.153190736562228
25,3,75,500,0.05,0.05,0.1,FALSE,0.833799115883709,2,0.181979252933892,0.642857142857143,0.802105263157895,18,762,188,10,1.67321108346166,-0.159335938380022
25,3,75,500,0.05,0.05,1.1,FALSE,0.833799115883709,3,0.196951304815561,0.931034482758621,0.633684210526316,27,602,348,2,1.67220076045165,-0.214008475957607
25,3,75,500,0.05,0.05,0.1,FALSE,0.833799115883709,4,0.16240734305238,0.642857142857143,0.772631578947368,18,734,216,10,1.43236950677556,-0.0433300111042181
25,3,75,500,0.05,0.05,0.5,FALSE,0.833799115883709,5,0.184137887415187,0.833333333333333,0.673684210526316,25,640,310,5,1.42637892556707,-0.0361995415046758
25,3,75,500,0.05,0.05,1.5,FALSE,0.833799115883709,6,0.143460544253637,0.96551724137931,0.454736842105263,28,432,518,1,1.36151643258144,-0.0216833151430169
25,3,75,500,0.05,0.05,0.9,FALSE,0.833799115883709,7,0.0984500048062588,0.741935483870968,0.538947368421053,23,512,438,8,1.26505450706004,0.394363328805971
25,3,75,500,0.05,0.05,0.3,FALSE,0.833799115883709,8,0.13490259242042,0.678571428571429,0.696842105263158,19,662,288,9,1.30550727522808,-0.0258638635053316
25,3,75,500,0.05,0.05,0.7,FALSE,0.833799115883709,9,0.138189178829571,0.785714285714286,0.618947368421053,22,588,362,6,1.31899900646958,0.182122396214106
25,3,75,500,0.05,0.05,0.1,FALSE,0.833799115883709,10,0.164608486623833,0.678571428571429,0.753684210526316,19,716,234,9,1.38897650450742,-0.187299853296639
25,3,75,500,0.05,0.1,0.9,FALSE,0.833799115883709,1,0.123000003284166,0.827586206896552,0.534736842105263,24,508,442,5,1.12887731509628,0.133364743549301
25,3,75,500,0.05,0.1,0.7,FALSE,0.833799115883709,2,0.164750894209583,0.785714285714286,0.68,22,646,304,6,1.52010636117926,0.162094840349011
25,3,75,500,0.05,0.1,0.1,FALSE,0.833799115883709,3,0.175860054426694,0.620689655172414,0.802105263157895,18,762,188,11,1.5183243891103,0.155683064963909
25,3,75,500,0.05,0.1,0.9,FALSE,0.833799115883709,4,0.154020222450967,0.892857142857143,0.566315789473684,25,538,412,3,1.30244191126595,0.0942813877667321
25,3,75,500,0.05,0.1,0.1,FALSE,0.833799115883709,5,0.142895676642995,0.633333333333333,0.736842105263158,19,700,250,11,1.24277734805415,-0.0229351976455061
25,3,75,500,0.05,0.1,0.7,FALSE,0.833799115883709,6,0.143131371457105,0.827586206896552,0.589473684210526,24,560,390,5,1.19500261008234,0.00483852072445891
25,3,75,500,0.05,0.1,0.7,FALSE,0.833799115883709,7,0.165491370003143,0.870967741935484,0.595789473684211,27,566,384,4,1.21048392759668,-0.0509418452758003
25,3,75,500,0.05,0.1,0.7,FALSE,0.833799115883709,8,0.0921749433946107,0.678571428571429,0.593684210526316,19,564,386,9,1.20643257221997,0.251971228093398
25,3,75,500,0.05,0.1,0.7,FALSE,0.833799115883709,9,0.114731228997178,0.714285714285714,0.621052631578947,20,590,360,8,1.27982480521488,0.22516232472623
25,3,75,500,0.05,0.1,0.1,FALSE,0.833799115883709,10,0.178805329852006,0.678571428571429,0.776842105263158,19,738,212,9,1.316220454524,0.0627829822472952
25,3,75,500,0.1,0.03,0.3,FALSE,0.833799115883709,1,0.27262918547218,0.758620689655172,0.753333333333333,44,678,222,14,1.52147778813016,-0.113737644426641
25,3,75,500,0.1,0.03,0.3,FALSE,0.833799115883709,2,0.209331562188439,0.627118644067797,0.757777777777778,37,682,218,22,1.66242308540135,0.175670932481393
25,3,75,500,0.1,0.03,1.9,FALSE,0.833799115883709,3,0.1191706961689,0.913793103448276,0.315555555555556,53,284,616,5,1.05573498408886,0.229915001968916
25,3,75,500,0.1,0.03,0.9,FALSE,0.833799115883709,4,0.194400433549683,0.810344827586207,0.593333333333333,47,534,366,11,1.39340800542876,0.0142297089788208
25,3,75,500,0.1,0.03,0.9,FALSE,0.833799115883709,5,0.168171629705711,0.847457627118644,0.502222222222222,50,452,448,9,1.01159152891954,0.0134862180058583
25,3,75,500,0.1,0.03,0.1,FALSE,0.833799115883709,6,0.277884035445955,0.728813559322034,0.775555555555556,43,698,202,16,1.50579397673558,0.0272491791187874
25,3,75,500,0.1,0.03,0.7,FALSE,0.833799115883709,7,0.207663961315427,0.796610169491525,0.626666666666667,47,564,336,12,1.45295194405556,0.0877121510033117
25,3,75,500,0.1,0.03,1.1,FALSE,0.833799115883709,8,0.212434935311998,0.864406779661017,0.575555555555556,51,518,382,8,1.55500833528012,0.100554885438132
25,3,75,500,0.1,0.03,1.1,FALSE,0.833799115883709,9,0.213273723016659,0.844827586206897,0.597777777777778,49,538,362,9,1.59537695493083,0.179122980594839
25,3,75,500,0.1,0.03,0.9,FALSE,0.833799115883709,10,0.233392838087128,0.879310344827586,0.604444444444444,51,544,356,7,1.54375437172026,-0.0592085099826346
25,3,75,500,0.1,0.05,0.1,FALSE,0.833799115883709,1,0.269652146030509,0.724137931034483,0.771111111111111,42,694,206,16,1.4314032414354,-0.17078182555898
25,3,75,500,0.1,0.05,0.5,FALSE,0.833799115883709,2,0.220652184791572,0.677966101694915,0.737777777777778,40,664,236,19,1.62159233566432,0.196712517160038
25,3,75,500,0.1,0.05,1.5,FALSE,0.833799115883709,3,0.125599973052073,0.913793103448276,0.331111111111111,53,298,602,5,0.987567327067073,0.223903523155203
25,3,75,500,0.1,0.05,1.7,FALSE,0.833799115883709,4,0.163092660440647,0.948275862068966,0.38,55,342,558,3,1.30575612714088,0.256766844787236
25,3,75,500,0.1,0.05,0.1,FALSE,0.833799115883709,5,0.180743593102678,0.610169491525424,0.731111111111111,36,658,242,23,1.20438293740601,0.0942361611770931
25,3,75,500,0.1,0.05,0.1,FALSE,0.833799115883709,6,0.257261904894077,0.745762711864407,0.74,44,666,234,15,1.28891842311355,-0.199668736023384
25,3,75,500,0.1,0.05,1.1,FALSE,0.833799115883709,7,0.203301857069317,0.864406779661017,0.557777777777778,51,502,398,8,1.4538978747044,0.231560645132203
25,3,75,500,0.1,0.05,0.7,FALSE,0.833799115883709,8,0.195661389216707,0.779661016949153,0.62,46,558,342,13,1.48553134924518,-0.0360336162023982
25,3,75,500,0.1,0.05,0.1,FALSE,0.833799115883709,9,0.215205589245013,0.586206896551724,0.793333333333333,34,714,186,24,1.61427938149556,0.112045485978873
25,3,75,500,0.1,0.05,0.1,FALSE,0.833799115883709,10,0.264092798553422,0.672413793103448,0.795555555555556,39,716,184,19,1.49169347553559,-0.0557672972449558
25,3,75,500,0.1,0.1,0.5,FALSE,0.833799115883709,1,0.204239232770961,0.724137931034483,0.682222222222222,42,614,286,16,1.32674706264427,0.298580930618559
25,3,75,500,0.1,0.1,0.5,FALSE,0.833799115883709,2,0.208628126856105,0.661016949152542,0.733333333333333,39,660,240,20,1.52524420150639,0.372840972448963
25,3,75,500,0.1,0.1,1.7,FALSE,0.833799115883709,3,0.106775696740451,0.879310344827586,0.328888888888889,51,296,604,7,1.08203930290133,0.423311000081264
25,3,75,500,0.1,0.1,1.1,FALSE,0.833799115883709,4,0.165722796524016,0.862068965517241,0.484444444444444,50,436,464,8,1.18880341634946,0.183971447516264
25,3,75,500,0.1,0.1,0.1,FALSE,0.833799115883709,5,0.17004220547277,0.559322033898305,0.753333333333333,33,678,222,26,1.17803869245615,0.140163274982227
25,3,75,500,0.1,0.1,0.3,FALSE,0.833799115883709,6,0.181293332967321,0.661016949152542,0.693333333333333,39,624,276,20,1.15457850747735,0.0420034492056912
25,3,75,500,0.1,0.1,0.1,FALSE,0.833799115883709,7,0.211071082444947,0.627118644067797,0.76,37,684,216,22,1.38231627651779,0.171036642530087
25,3,75,500,0.1,0.1,0.9,FALSE,0.833799115883709,8,0.170550482046125,0.779661016949153,0.573333333333333,46,516,384,13,1.2996701880102,-0.00443733698763004
25,3,75,500,0.1,0.1,0.5,FALSE,0.833799115883709,9,0.209779095987514,0.672413793103448,0.728888888888889,39,656,244,19,1.51169440407696,0.0929452099883987
25,3,75,500,0.1,0.1,1.1,FALSE,0.833799115883709,10,0.195777991391637,0.879310344827586,0.531111111111111,51,478,422,7,1.34236403654916,0.172172067616585
25,3,75,500,0.25,0.03,0.9,FALSE,0.833799115883709,1,0.399813082684658,0.821917808219178,0.704,120,528,222,26,1.83229248930406,0.100067150447224
25,3,75,500,0.25,0.03,1.3,FALSE,0.833799115883709,2,0.28067519714618,0.856164383561644,0.522666666666667,125,392,358,21,1.46066329701847,0.102674066078026
25,3,75,500,0.25,0.03,0.1,FALSE,0.833799115883709,3,0.348990035574569,0.650684931506849,0.778666666666667,95,584,166,51,1.50115372827527,-0.123310363202012
25,3,75,500,0.25,0.03,1.5,FALSE,0.833799115883709,4,0.25471173319055,0.875862068965517,0.464,127,348,402,18,1.34742331757803,0.223471281534959
25,3,75,500,0.25,0.03,2.1,FALSE,0.833799115883709,5,0.295981755371941,0.958904109589041,0.426666666666667,140,320,430,6,1.75714920969189,0.258565572189636
25,3,75,500,0.25,0.03,0.1,FALSE,0.833799115883709,6,0.329704314164406,0.60958904109589,0.789333333333333,89,592,158,57,1.54375111460278,0.0834700719415508
25,3,75,500,0.25,0.03,0.1,FALSE,0.833799115883709,7,0.303860030117833,0.602739726027397,0.770666666666667,88,578,172,58,1.45618334222398,0.180224168439596
25,3,75,500,0.25,0.03,0.1,FALSE,0.833799115883709,8,0.391038850824273,0.643835616438356,0.818666666666667,94,614,136,52,1.68507521731724,0.00610286968695356
25,3,75,500,0.25,0.03,0.1,FALSE,0.833799115883709,9,0.29932992965163,0.655172413793103,0.728,95,546,204,50,1.20381278192234,-0.010943128529492
25,3,75,500,0.25,0.03,0.9,FALSE,0.833799115883709,10,0.283935090192837,0.794520547945205,0.589333333333333,116,442,308,30,1.28823836168157,0.118499126641436
25,3,75,500,0.25,0.05,0.1,FALSE,0.833799115883709,1,0.353579639660207,0.582191780821918,0.826666666666667,85,620,130,61,1.74696215623166,0.134969598843689
25,3,75,500,0.25,0.05,2.3,FALSE,0.833799115883709,2,0.227551763283238,0.958904109589041,0.314666666666667,140,236,514,6,1.41873122679633,0.325963530429777
25,3,75,500,0.25,0.05,0.1,FALSE,0.833799115883709,3,0.385826242232417,0.671232876712329,0.797333333333333,98,598,152,48,1.50162784329205,-0.0985258973546998
25,3,75,500,0.25,0.05,0.5,FALSE,0.833799115883709,4,0.23176050377449,0.648275862068965,0.658666666666667,94,494,256,51,1.31578212754574,0.312868034583468
25,3,75,500,0.25,0.05,0.9,FALSE,0.833799115883709,5,0.316253635498224,0.780821917808219,0.642666666666667,114,482,268,32,1.62449916048797,0.265257750574686
25,3,75,500,0.25,0.05,1.1,FALSE,0.833799115883709,6,0.331267848787303,0.856164383561644,0.592,125,444,306,21,1.54501447165251,0.162193897272371
25,3,75,500,0.25,0.05,0.9,FALSE,0.833799115883709,7,0.249653971404653,0.753424657534247,0.584,110,438,312,36,1.35459449043712,0.325297905877553
25,3,75,500,0.25,0.05,0.7,FALSE,0.833799115883709,8,0.34380380743639,0.787671232876712,0.669333333333333,115,502,248,31,1.52669941055139,0.076990429985929
25,3,75,500,0.25,0.05,0.1,FALSE,0.833799115883709,9,0.258245057424845,0.613793103448276,0.717333333333333,89,538,212,56,1.13269068360928,0.08500862610885
25,3,75,500,0.25,0.05,0.5,FALSE,0.833799115883709,10,0.213764178734211,0.623287671232877,0.658666666666667,91,494,256,55,1.29679471143127,0.40023361766059
25,3,75,500,0.25,0.1,0.1,FALSE,0.833799115883709,1,0.369404154102835,0.589041095890411,0.834666666666667,86,626,124,60,1.76710994300152,0.146761624456317
25,3,75,500,0.25,0.1,0.9,FALSE,0.833799115883709,2,0.215529992421139,0.698630136986301,0.592,102,444,306,44,1.34644735442966,0.41813872588476
25,3,75,500,0.25,0.1,0.1,FALSE,0.833799115883709,3,0.301038777684833,0.568493150684932,0.792,83,594,156,63,1.44522476670624,0.10590615968689
25,3,75,500,0.25,0.1,0.1,FALSE,0.833799115883709,4,0.280464181629714,0.56551724137931,0.776,82,582,168,63,1.3823130837823,0.279476205650272
25,3,75,500,0.25,0.1,0.9,FALSE,0.833799115883709,5,0.220565660021158,0.705479452054795,0.592,103,444,306,43,1.37316985661498,0.381317322578229
25,3,75,500,0.25,0.1,0.9,FALSE,0.833799115883709,6,0.281235774645999,0.773972602739726,0.605333333333333,113,454,296,33,1.38589549137816,0.276316997253193
25,3,75,500,0.25,0.1,0.5,FALSE,0.833799115883709,7,0.222338856317057,0.616438356164384,0.674666666666667,90,506,244,56,1.39663699300597,0.4406240388602
25,3,75,500,0.25,0.1,0.1,FALSE,0.833799115883709,8,0.335452743322638,0.554794520547945,0.829333333333333,81,622,128,65,1.70314699192712,0.168083939777411
25,3,75,500,0.25,0.1,0.7,FALSE,0.833799115883709,9,0.216447757450832,0.717241379310345,0.576,104,432,318,41,1.05138093693998,0.2536829849007
25,3,75,500,0.25,0.1,0.9,FALSE,0.833799115883709,10,0.170966818766215,0.671232876712329,0.56,98,420,330,48,1.23105667887594,0.575465498254032
25,6,150,100,0.05,0.03,2.1,FALSE,0.833799115883709,1,0.206245684639948,0.4,0.936842105263158,2,178,12,3,3.84031799287106,2.48968287459144
25,6,150,100,0.05,0.03,0.3,FALSE,0.833799115883709,2,0.243332131696144,0.2,0.989473684210526,1,188,2,4,4.11967354672949,2.3056583516065
25,6,150,100,0.05,0.03,0.7,FALSE,0.833799115883709,3,0.243332131696144,0.2,0.989473684210526,1,188,2,4,3.92730871380526,2.18122992065068
25,6,150,100,0.05,0.03,0.7,FALSE,0.833799115883709,4,0.219092895401565,0.166666666666667,0.989473684210526,1,188,2,5,4.09645253184145,2.41725781708252
25,6,150,100,0.05,0.03,1.3,FALSE,0.833799115883709,5,0.491895604975496,0.6,0.978947368421053,3,186,4,2,4.48053549761404,1.62831789020391
25,6,150,100,0.05,0.03,0.3,FALSE,0.833799115883709,6,0.442579132652901,0.2,1,1,190,0,4,3.97019958741909,1.96866950953294
25,6,150,100,0.05,0.03,0.1,FALSE,0.833799115883709,7,0.442579132652901,0.2,1,1,190,0,4,4.18636282407813,2.51055310464592
25,6,150,100,0.05,0.03,0.3,FALSE,0.833799115883709,8,0.527625130550354,0.285714285714286,1,2,190,0,5,4.55623247568002,1.54216672017851
25,6,150,100,0.05,0.03,0.1,FALSE,0.833799115883709,9,0.571367203381202,0.333333333333333,1,2,190,0,4,4.15982090351567,1.18869415440445
25,6,150,100,0.05,0.03,2.9,FALSE,0.833799115883709,10,0.272700451384066,0.833333333333333,0.810526315789474,5,154,36,1,4.24402652516786,2.18857906695262
25,6,150,100,0.05,0.05,0.9,FALSE,0.833799115883709,1,0.442579132652901,0.2,1,1,190,0,4,4.21643727134888,2.58634398056284
25,6,150,100,0.05,0.05,0.1,FALSE,0.833799115883709,2,0.442579132652901,0.2,1,1,190,0,4,4.4286401947856,2.67492366440304
25,6,150,100,0.05,0.05,1.5,FALSE,0.833799115883709,3,0.346843987809648,0.4,0.978947368421053,2,186,4,3,4.19372416157346,2.38886108682519
25,6,150,100,0.05,0.05,2.9,FALSE,0.833799115883709,4,0.1664756841666,0.5,0.852631578947368,3,162,28,3,4.3315759043838,3.15727458287428
25,6,150,100,0.05,0.05,2.7,FALSE,0.833799115883709,5,0.457607612794884,0.8,0.947368421052632,4,180,10,1,4.5887092941645,2.27215114825569
25,6,150,100,0.05,0.05,1.3,FALSE,0.833799115883709,6,0.434303412829269,0.4,0.989473684210526,2,188,2,3,4.27140248858951,2.78653275798296
25,6,150,100,0.05,0.05,0.7,FALSE,0.833799115883709,7,0.442579132652901,0.2,1,1,190,0,4,4.40528531274143,2.44229774794422
25,6,150,100,0.05,0.05,2.1,FALSE,0.833799115883709,8,0.455279211548271,0.571428571428571,0.968421052631579,4,184,6,3,4.55916761932511,2.58551509175819
25,6,150,100,0.05,0.05,2.7,FALSE,0.833799115883709,9,0.272700451384066,0.833333333333333,0.810526315789474,5,154,36,1,4.26320051809883,2.22480991904641
25,6,150,100,0.05,0.05,2.7,FALSE,0.833799115883709,10,0.395341764470776,0.833333333333333,0.905263157894737,5,172,18,1,4.43611213746296,2.29479708816326
25,6,150,100,0.05,0.1,2.5,FALSE,0.833799115883709,1,0.491895604975496,0.6,0.978947368421053,3,186,4,2,4.75768616213151,3.46839396900817
25,6,150,100,0.05,0.1,2.5,FALSE,0.833799115883709,2,0.100962705289487,0.2,0.947368421052632,1,180,10,4,4.68974577697217,3.81760989116797
25,6,150,100,0.05,0.1,2.3,FALSE,0.833799115883709,3,0.228473570818495,0.4,0.947368421052632,2,180,10,3,4.42032842752025,3.96993543263338
25,6,150,100,0.05,0.1,2.3,FALSE,0.833799115883709,4,0.70158960887018,0.5,1,3,190,0,3,4.81181963291624,3.01910699237471
25,6,150,100,0.05,0.1,2.5,FALSE,0.833799115883709,5,0.293589449720753,0.4,0.968421052631579,2,184,6,3,4.88327662744652,2.85251423581301
25,6,150,100,0.05,0.1,1.9,FALSE,0.833799115883709,6,0.434303412829269,0.4,0.989473684210526,2,188,2,3,4.64184208305716,3.64186759976755
25,6,150,100,0.05,0.1,1.3,FALSE,0.833799115883709,7,0.442579132652901,0.2,1,1,190,0,4,4.75300490065997,2.75345503330979
25,6,150,100,0.05,0.1,1.3,FALSE,0.833799115883709,8,0.527625130550354,0.285714285714286,1,2,190,0,5,5.0184200883644,2.96785138752772
25,6,150,100,0.05,0.1,2.9,FALSE,0.833799115883709,9,0.0889751571793053,0.333333333333333,0.852631578947368,2,162,28,4,4.56893570698997,3.21667255766403
25,6,150,100,0.05,0.1,2.1,FALSE,0.833799115883709,10,0.159094064258423,0.166666666666667,0.978947368421053,1,186,4,5,4.85819517408101,3.37333659521108
25,6,150,100,0.1,0.03,0.3,FALSE,0.833799115883709,1,0.467571900119518,0.230769230769231,1,3,180,0,10,4.36937815234034,2.21774310649313
25,6,150,100,0.1,0.03,1.1,FALSE,0.833799115883709,2,0.0928840728025648,0.0833333333333333,0.977777777777778,1,176,4,11,3.92747591797613,3.36404861823773
25,6,150,100,0.1,0.03,0.9,FALSE,0.833799115883709,3,0.564932682866032,0.333333333333333,1,4,180,0,8,4.27374819531822,2.11848962891224
25,6,150,100,0.1,0.03,1.1,FALSE,0.833799115883709,4,0.448280932568163,0.333333333333333,0.988888888888889,4,178,2,8,4.0286361700568,1.75902874348023
25,6,150,100,0.1,0.03,0.9,FALSE,0.833799115883709,5,0.633300496381124,0.416666666666667,1,5,180,0,7,4.35061130511079,1.97395911582163
25,6,150,100,0.1,0.03,1.3,FALSE,0.833799115883709,6,0.216201207205694,0.3,0.944444444444444,3,170,10,7,3.85326843163184,2.36537471560884
25,6,150,100,0.1,0.03,1.9,FALSE,0.833799115883709,7,0.502645843742681,0.727272727272727,0.933333333333333,8,168,12,3,3.96720417215639,1.85989873669768
25,6,150,100,0.1,0.03,1.5,FALSE,0.833799115883709,8,0.263635252004148,0.166666666666667,0.988888888888889,2,178,2,10,4.14932598621009,2.56228252987685
25,6,150,100,0.1,0.03,1.7,FALSE,0.833799115883709,9,0.579524571775306,0.5,0.988888888888889,5,178,2,5,4.13729480479925,2.16233411299545
25,6,150,100,0.1,0.03,2.3,FALSE,0.833799115883709,10,0.574202502353058,0.727272727272727,0.955555555555556,8,172,8,3,4.10217338951125,1.58152231266158
25,6,150,100,0.1,0.05,1.7,FALSE,0.833799115883709,1,0.566372064792496,0.461538461538462,0.988888888888889,6,178,2,7,4.60824784074997,2.67106146295409
25,6,150,100,0.1,0.05,1.7,FALSE,0.833799115883709,2,0.140963343870344,0.0833333333333333,0.988888888888889,1,178,2,11,4.33274079915179,3.80793977298958
25,6,150,100,0.1,0.05,0.9,FALSE,0.833799115883709,3,0.564932682866032,0.333333333333333,1,4,180,0,8,4.47759666992807,2.18314083275314
25,6,150,100,0.1,0.05,0.1,FALSE,0.833799115883709,4,0.280239239603615,0.0833333333333333,1,1,180,0,11,4.18337505280009,2.94075645992299
25,6,150,100,0.1,0.05,2.1,FALSE,0.833799115883709,5,0.424125323453634,0.5,0.955555555555556,6,172,8,6,4.42872686220332,2.63931440994759
25,6,150,100,0.1,0.05,2.3,FALSE,0.833799115883709,6,0.339008695483961,0.5,0.933333333333333,5,168,12,5,4.18468884546467,2.85349753128365
25,6,150,100,0.1,0.05,2.3,FALSE,0.833799115883709,7,0.4739730851954,0.727272727272727,0.922222222222222,8,166,14,3,4.23233794341918,2.26522299649083
25,6,150,100,0.1,0.05,2.7,FALSE,0.833799115883709,8,0.359863746032873,0.5,0.933333333333333,6,168,12,6,4.35966386712707,2.88155849888842
25,6,150,100,0.1,0.05,2.7,FALSE,0.833799115883709,9,0.379972479223588,0.6,0.922222222222222,6,166,14,4,4.32647446341701,2.78060854500258
25,6,150,100,0.1,0.05,1.5,FALSE,0.833799115883709,10,0.591628521323608,0.363636363636364,1,4,180,0,7,4.33901498354388,2.37865073170654
25,6,150,100,0.1,0.1,2.3,FALSE,0.833799115883709,1,0.541331961960767,0.307692307692308,1,4,180,0,9,4.77483231500687,3.15358834545027
25,6,150,100,0.1,0.1,1.7,FALSE,0.833799115883709,2,0.280239239603615,0.0833333333333333,1,1,180,0,11,4.7980569468655,4.09812779327794
25,6,150,100,0.1,0.1,1.9,FALSE,0.833799115883709,3,0.564932682866032,0.333333333333333,1,4,180,0,8,4.8125416208977,3.14831564742014
25,6,150,100,0.1,0.1,1.5,FALSE,0.833799115883709,4,0.397359707119513,0.166666666666667,1,2,180,0,10,4.49987305578628,3.44700010686253
25,6,150,100,0.1,0.1,1.1,FALSE,0.833799115883709,5,0.280239239603615,0.0833333333333333,1,1,180,0,11,4.76450211942989,3.43679738752806
25,6,150,100,0.1,0.1,2.7,FALSE,0.833799115883709,6,0.157134840263677,0.3,0.911111111111111,3,164,16,7,4.6480446268257,3.90239069868043
25,6,150,100,0.1,0.1,1.9,FALSE,0.833799115883709,7,0.31059263259824,0.272727272727273,0.977777777777778,3,176,4,8,4.58149992371575,3.10420276963211
25,6,150,100,0.1,0.1,2.1,FALSE,0.833799115883709,8,0.140963343870344,0.0833333333333333,0.988888888888889,1,178,2,11,4.81054874281739,4.12214509372541
25,6,150,100,0.1,0.1,1.9,FALSE,0.833799115883709,9,0.537373290623879,0.3,1,3,180,0,7,4.85431751857423,3.1736884716716
25,6,150,100,0.1,0.1,2.3,FALSE,0.833799115883709,10,0.416125189288239,0.181818181818182,1,2,180,0,9,4.84456791432291,3.52041717632458
25,6,150,100,0.25,0.03,1.7,FALSE,0.833799115883709,1,0.508699084111575,0.366666666666667,0.986666666666667,11,148,2,19,4.12589134181377,2.22869064381106
25,6,150,100,0.25,0.03,2.9,FALSE,0.833799115883709,2,0.511150219176352,0.821428571428571,0.813333333333333,23,122,28,5,4.0722665714404,2.10192930663413
25,6,150,100,0.25,0.03,2.9,FALSE,0.833799115883709,3,0.461218045094947,0.724137931034483,0.826666666666667,21,124,26,8,4.14100624212585,2.11193978665923
25,6,150,100,0.25,0.03,2.7,FALSE,0.833799115883709,4,0.550757731262436,0.714285714285714,0.893333333333333,20,134,16,8,4.36238417218306,2.14044940432798
25,6,150,100,0.25,0.03,2.3,FALSE,0.833799115883709,5,0.432977638715362,0.5,0.92,14,138,12,14,4.21911174703204,2.16306410998736
25,6,150,100,0.25,0.03,2.9,FALSE,0.833799115883709,6,0.284808985705755,0.533333333333333,0.8,16,120,30,14,4.04288312570243,3.3572412593791
25,6,150,100,0.25,0.03,0.9,FALSE,0.833799115883709,7,0.491918967943282,0.275862068965517,1,8,150,0,21,4.00873565956729,2.26894210559862
25,6,150,100,0.25,0.03,1.5,FALSE,0.833799115883709,8,0.491918967943282,0.275862068965517,1,8,150,0,21,4.13749594985429,2.19951681526203
25,6,150,100,0.25,0.03,2.3,FALSE,0.833799115883709,9,0.47991955687183,0.586206896551724,0.906666666666667,17,136,14,12,4.06381624501978,2.33539252482577
25,6,150,100,0.25,0.03,2.7,FALSE,0.833799115883709,10,0.602464076076709,0.833333333333333,0.866666666666667,25,130,20,5,3.89668032265739,2.15337663841905
25,6,150,100,0.25,0.05,2.9,FALSE,0.833799115883709,1,0.548408497107082,0.6,0.933333333333333,18,140,10,12,4.48392710210864,2.27358516807203
25,6,150,100,0.25,0.05,2.5,FALSE,0.833799115883709,2,0.462537482748745,0.535714285714286,0.92,15,138,12,13,4.31776018882559,2.69685571928152
25,6,150,100,0.25,0.05,0.7,FALSE,0.833799115883709,3,0.385528961637895,0.172413793103448,1,5,150,0,24,4.54766455889561,2.58919031055463
25,6,150,100,0.25,0.05,2.9,FALSE,0.833799115883709,4,0.446250733809404,0.607142857142857,0.88,17,132,18,11,4.56424027726063,2.68271730189259
25,6,150,100,0.25,0.05,2.3,FALSE,0.833799115883709,5,0.400331273109382,0.392857142857143,0.946666666666667,11,142,8,17,4.52864658776815,2.64012398061475
25,6,150,100,0.25,0.05,0.7,FALSE,0.833799115883709,6,0.291111254869791,0.1,1,3,150,0,27,4.28134676085906,3.46450749159365
25,6,150,100,0.25,0.05,2.7,FALSE,0.833799115883709,7,0.534884649790894,0.586206896551724,0.933333333333333,17,140,10,12,4.46505861724492,2.53121155862118
25,6,150,100,0.25,0.05,2.7,FALSE,0.833799115883709,8,0.391460114249099,0.448275862068966,0.92,13,138,12,16,4.40197399086609,2.64822776494857
25,6,150,100,0.25,0.05,2.5,FALSE,0.833799115883709,9,0.341609195402299,0.448275862068966,0.893333333333333,13,134,16,16,4.18898564790322,3.26406914614681
25,6,150,100,0.25,0.05,1.7,FALSE,0.833799115883709,10,0.597614304667197,0.4,1,12,150,0,18,4.25203088724179,2.68606565910606
25,6,150,100,0.25,0.1,2.9,FALSE,0.833799115883709,1,0.505964425626941,0.466666666666667,0.96,14,144,6,16,4.76873970895873,2.91389083245853
25,6,150,100,0.25,0.1,2.3,FALSE,0.833799115883709,2,0.393275717595691,0.25,0.986666666666667,7,148,2,21,4.71495021542017,3.07176972963232
25,6,150,100,0.25,0.1,1.9,FALSE,0.833799115883709,3,0.345163142506869,0.206896551724138,0.986666666666667,6,148,2,23,4.95930080896407,3.2995748790901
25,6,150,100,0.25,0.1,2.9,FALSE,0.833799115883709,4,0.227106038229217,0.25,0.933333333333333,7,140,10,21,4.92060957049831,3.57850946603365
25,6,150,100,0.25,0.1,1.1,FALSE,0.833799115883709,5,0.393485347140822,0.178571428571429,1,5,150,0,23,4.80385666053007,3.36602507161165
25,6,150,100,0.25,0.1,0.1,FALSE,0.833799115883709,6,0.291111254869791,0.1,1,3,150,0,27,4.4953061982692,3.74753063250776
25,6,150,100,0.25,0.1,2.7,FALSE,0.833799115883709,7,0.529874152433866,0.448275862068966,0.973333333333333,13,146,4,16,4.73099237879767,3.14127729024491
25,6,150,100,0.25,0.1,2.5,FALSE,0.833799115883709,8,0.393681586378323,0.344827586206897,0.96,10,144,6,19,4.59068665080799,3.05728006832941
25,6,150,100,0.25,0.1,1.9,FALSE,0.833799115883709,9,0.20150313728274,0.103448275862069,0.986666666666667,3,148,2,26,4.85596575576411,3.72107730289348
25,6,150,100,0.25,0.1,2.7,FALSE,0.833799115883709,10,0.438529009653515,0.466666666666667,0.933333333333333,14,140,10,16,4.53006922052761,3.36436836877654
25,6,150,300,0.05,0.03,0.9,FALSE,0.833799115883709,1,0.562084320300818,0.666666666666667,0.978947368421053,12,558,12,6,4.10613847635505,0.679775625846402
25,6,150,300,0.05,0.03,0.1,FALSE,0.833799115883709,2,0.660016740477715,0.611111111111111,0.992982456140351,11,566,4,7,4.08871134140877,0.254330009939962
25,6,150,300,0.05,0.03,0.7,FALSE,0.833799115883709,3,0.331422724868541,0.529411764705882,0.950877192982456,9,542,28,8,4.33096561285369,1.06062390388207
25,6,150,300,0.05,0.03,0.7,FALSE,0.833799115883709,4,0.468373648790681,0.722222222222222,0.954385964912281,13,544,26,5,3.55311836595881,0.469666350053001
25,6,150,300,0.05,0.03,0.3,FALSE,0.833799115883709,5,0.500782646781208,0.588235294117647,0.978947368421053,10,558,12,7,3.82407635591351,0.461327084502128
25,6,150,300,0.05,0.03,1.3,FALSE,0.833799115883709,6,0.250038043241495,0.6875,0.863157894736842,11,492,78,5,3.65412445123205,0.780984731439501
25,6,150,300,0.05,0.03,0.1,FALSE,0.833799115883709,7,0.532938755110899,0.444444444444444,0.992982456140351,8,566,4,10,3.99616958569204,0.992437120113586
25,6,150,300,0.05,0.03,0.9,FALSE,0.833799115883709,8,0.60008333113871,0.833333333333333,0.968421052631579,15,552,18,3,4.30289025055364,0.306032514104261
25,6,150,300,0.05,0.03,1.7,FALSE,0.833799115883709,9,0.263026863904732,0.722222222222222,0.849122807017544,13,484,86,5,3.51431648779635,1.1329228427646
25,6,150,300,0.05,0.03,0.5,FALSE,0.833799115883709,10,0.40599229623884,0.588235294117647,0.96140350877193,10,548,22,7,4.03969190634808,0.671749316835961
25,6,150,300,0.05,0.05,1.1,FALSE,0.833799115883709,1,0.497731919992516,0.722222222222222,0.96140350877193,13,548,22,5,3.8606103125232,1.1781112275741
25,6,150,300,0.05,0.05,0.1,FALSE,0.833799115883709,2,0.577563242787417,0.5,0.992982456140351,9,566,4,9,3.90225480404524,0.586706811310532
25,6,150,300,0.05,0.05,1.7,FALSE,0.833799115883709,3,0.291525178528663,0.705882352941177,0.884210526315789,12,504,66,5,4.01286032219868,1.27978745183253
25,6,150,300,0.05,0.05,1.5,FALSE,0.833799115883709,4,0.358653970942588,0.833333333333333,0.884210526315789,15,504,66,3,3.43751235336689,1.08215569034915
25,6,150,300,0.05,0.05,0.7,FALSE,0.833799115883709,5,0.357822373737858,0.470588235294118,0.968421052631579,8,552,18,9,3.6682227954481,1.21418015560627
25,6,150,300,0.05,0.05,1.7,FALSE,0.833799115883709,6,0.258077778009292,0.6875,0.870175438596491,11,496,74,5,3.59583882588668,1.3971165060477
25,6,150,300,0.05,0.05,0.3,FALSE,0.833799115883709,7,0.381776138090207,0.388888888888889,0.982456140350877,7,560,10,11,3.72866867585722,1.32074085795276
25,6,150,300,0.05,0.05,1.3,FALSE,0.833799115883709,8,0.57932978440919,0.888888888888889,0.957894736842105,16,546,24,2,4.00641146729677,0.493260688604802
25,6,150,300,0.05,0.05,2.3,FALSE,0.833799115883709,9,0.258366789573566,0.888888888888889,0.764912280701754,16,436,134,2,3.47694811509461,1.13251269087364
25,6,150,300,0.05,0.05,0.7,FALSE,0.833799115883709,10,0.27716950759179,0.411764705882353,0.957894736842105,7,546,24,10,3.87764659503795,1.04666153192853
25,6,150,300,0.05,0.1,0.7,FALSE,0.833799115883709,1,0.277094890068397,0.333333333333333,0.971929824561404,6,554,16,12,3.50151210918441,1.68528934714956
25,6,150,300,0.05,0.1,1.1,FALSE,0.833799115883709,2,0.414279861550657,0.611111111111111,0.957894736842105,11,546,24,7,3.44743660242869,1.06217217267679
25,6,150,300,0.05,0.1,2.3,FALSE,0.833799115883709,3,0.262049253409806,0.823529411764706,0.810526315789474,14,462,108,3,3.58092853436092,1.70244356126779
25,6,150,300,0.05,0.1,0.9,FALSE,0.833799115883709,4,0.267315301356706,0.388888888888889,0.957894736842105,7,546,24,11,3.32024912545461,1.47498149415544
25,6,150,300,0.05,0.1,0.1,FALSE,0.833799115883709,5,0.232663879521096,0.117647058823529,0.996491228070175,2,568,2,15,3.41287959466884,1.9326768712863
25,6,150,300,0.05,0.1,1.5,FALSE,0.833799115883709,6,0.219740438711522,0.5,0.908771929824561,8,518,52,8,3.41713098617978,1.69251766630119
25,6,150,300,0.05,0.1,1.9,FALSE,0.833799115883709,7,0.303802497166359,0.833333333333333,0.842105263157895,15,480,90,3,3.35575841284073,1.56112728956015
25,6,150,300,0.05,0.1,1.1,FALSE,0.833799115883709,8,0.389029452452761,0.611111111111111,0.950877192982456,11,542,28,7,3.58199164615099,0.840416961214712
25,6,150,300,0.05,0.1,1.5,FALSE,0.833799115883709,9,0.235767506199316,0.611111111111111,0.870175438596491,11,496,74,7,3.33701620590695,1.43123718341118
25,6,150,300,0.05,0.1,0.7,FALSE,0.833799115883709,10,0.316500190383715,0.470588235294118,0.957894736842105,8,546,24,9,3.47513178959384,1.47111525921155
25,6,150,300,0.1,0.03,1.3,FALSE,0.833799115883709,1,0.484145299770508,0.685714285714286,0.933333333333333,24,504,36,11,4.09877765054385,0.743035837331157
25,6,150,300,0.1,0.03,0.3,FALSE,0.833799115883709,2,0.649733952643596,0.617647058823529,0.985185185185185,21,532,8,13,3.90287015985386,0.265127130836631
25,6,150,300,0.1,0.03,0.3,FALSE,0.833799115883709,3,0.615582823904267,0.6,0.981481481481482,21,530,10,14,3.93078106373232,0.498609523234923
25,6,150,300,0.1,0.03,1.5,FALSE,0.833799115883709,4,0.689464423000035,0.909090909090909,0.955555555555556,30,516,24,3,4.20655518159953,0.319087721594938
25,6,150,300,0.1,0.03,0.5,FALSE,0.833799115883709,5,0.551167878727751,0.542857142857143,0.977777777777778,19,528,12,16,4.14601515191295,0.842594838221919
25,6,150,300,0.1,0.03,1.7,FALSE,0.833799115883709,6,0.419632312990281,0.714285714285714,0.896296296296296,25,484,56,10,4.14773168488548,1.01407321584496
25,6,150,300,0.1,0.03,1.1,FALSE,0.833799115883709,7,0.521249227596088,0.742857142857143,0.933333333333333,26,504,36,9,3.97536500045369,0.838511240034498
25,6,150,300,0.1,0.03,0.7,FALSE,0.833799115883709,8,0.437314281832331,0.5,0.959259259259259,18,518,22,18,3.92346958630118,1.02471940559211
25,6,150,300,0.1,0.03,1.7,FALSE,0.833799115883709,9,0.572579907752159,0.857142857142857,0.925925925925926,30,500,40,5,4.45105576501455,0.810730332043195
25,6,150,300,0.1,0.03,0.9,FALSE,0.833799115883709,10,0.648749120134602,0.777777777777778,0.962962962962963,28,520,20,8,3.84745694939889,0.425568576758017
25,6,150,300,0.1,0.05,0.5,FALSE,0.833799115883709,1,0.509326056809915,0.514285714285714,0.974074074074074,18,526,14,17,3.92741923968629,0.8914630954737
25,6,150,300,0.1,0.05,1.9,FALSE,0.833799115883709,2,0.430049407201047,0.882352941176471,0.844444444444444,30,456,84,4,3.76586474004344,0.970929894746633
25,6,150,300,0.1,0.05,0.7,FALSE,0.833799115883709,3,0.487620304370781,0.571428571428571,0.959259259259259,20,518,22,15,3.79890287059485,0.929146221236565
25,6,150,300,0.1,0.05,0.7,FALSE,0.833799115883709,4,0.523889903173599,0.515151515151515,0.977777777777778,17,528,12,16,3.99098687843464,0.817097263130612
25,6,150,300,0.1,0.05,0.3,FALSE,0.833799115883709,5,0.399181642205513,0.285714285714286,0.988888888888889,10,534,6,25,3.84885831663909,1.39769742811174
25,6,150,300,0.1,0.05,1.7,FALSE,0.833799115883709,6,0.377814534832671,0.657142857142857,0.892592592592593,23,482,58,12,4.06481439208064,1.22474246190445
25,6,150,300,0.1,0.05,0.3,FALSE,0.833799115883709,7,0.399181642205513,0.285714285714286,0.988888888888889,10,534,6,25,3.85409896697641,1.36519464097222
25,6,150,300,0.1,0.05,2.1,FALSE,0.833799115883709,8,0.384858502529282,0.75,0.859259259259259,27,464,76,9,3.79175569230711,1.24613616883966
25,6,150,300,0.1,0.05,2.3,FALSE,0.833799115883709,9,0.334642611545314,0.742857142857143,0.825925925925926,26,446,94,9,4.16448497299187,1.67845657930945
25,6,150,300,0.1,0.05,1.1,FALSE,0.833799115883709,10,0.496286576788418,0.666666666666667,0.940740740740741,24,508,32,12,3.72938042983219,0.849006486473269
25,6,150,300,0.1,0.1,1.3,FALSE,0.833799115883709,1,0.481601150905128,0.6,0.951851851851852,21,514,26,14,3.68539766764089,1.34894805662032
25,6,150,300,0.1,0.1,0.3,FALSE,0.833799115883709,2,0.341736596555015,0.205882352941176,0.992592592592593,7,536,4,27,3.53695746572023,1.47931610783911
25,6,150,300,0.1,0.1,2.3,FALSE,0.833799115883709,3,0.269113704187328,0.685714285714286,0.792592592592593,24,428,112,11,3.52468364303007,1.84574269608706
25,6,150,300,0.1,0.1,1.1,FALSE,0.833799115883709,4,0.421212121212121,0.454545454545455,0.966666666666667,15,522,18,18,3.79302353127721,1.64570836463514
25,6,150,300,0.1,0.1,2.5,FALSE,0.833799115883709,5,0.293305950053546,0.8,0.751851851851852,28,406,134,7,3.46344602754182,1.83870580062274
25,6,150,300,0.1,0.1,0.7,FALSE,0.833799115883709,6,0.306243666055409,0.342857142857143,0.959259259259259,12,518,22,23,3.65121299368242,1.88326976830855
25,6,150,300,0.1,0.1,1.3,FALSE,0.833799115883709,7,0.372460007379717,0.571428571428571,0.918518518518519,20,496,44,15,3.5998424001607,1.71570264207853
25,6,150,300,0.1,0.1,2.1,FALSE,0.833799115883709,8,0.385462176962466,0.777777777777778,0.848148148148148,28,458,82,8,3.57263898986492,1.52032114965928
25,6,150,300,0.1,0.1,0.7,FALSE,0.833799115883709,9,0.221870961856868,0.2,0.974074074074074,7,526,14,28,3.70204586915792,2.28950812668828
25,6,150,300,0.1,0.1,0.5,FALSE,0.833799115883709,10,0.435597566580355,0.25,0.996296296296296,9,538,2,27,3.52127876158871,1.63780794903181
25,6,150,300,0.25,0.03,1.9,FALSE,0.833799115883709,1,0.620531923570561,0.793103448275862,0.897777777777778,69,404,46,18,4.242670185925,0.87695889342104
25,6,150,300,0.25,0.03,1.1,FALSE,0.833799115883709,2,0.615457185107035,0.727272727272727,0.92,64,414,36,24,3.90973986804337,0.64004229507016
25,6,150,300,0.25,0.03,1.3,FALSE,0.833799115883709,3,0.659196050133321,0.67816091954023,0.955555555555556,59,430,20,28,4.45615852617024,0.782428964444857
25,6,150,300,0.25,0.03,1.1,FALSE,0.833799115883709,4,0.691436846236294,0.689655172413793,0.964444444444444,60,434,16,27,4.11837656492385,0.865632035485942
25,6,150,300,0.25,0.03,1.9,FALSE,0.833799115883709,5,0.539242869493991,0.724137931034483,0.88,63,396,54,24,3.89834011481333,1.08510295700879
25,6,150,300,0.25,0.03,1.5,FALSE,0.833799115883709,6,0.67916612492213,0.735632183908046,0.946666666666667,64,426,24,23,4.47143578736463,0.783858399051369
25,6,150,300,0.25,0.03,1.5,FALSE,0.833799115883709,7,0.586035885205338,0.724137931034483,0.906666666666667,63,408,42,24,4.03588639609573,0.755392777013114
25,6,150,300,0.25,0.03,1.7,FALSE,0.833799115883709,8,0.64511293428586,0.793103448275862,0.911111111111111,69,410,40,18,4.92007413382172,0.802824938288154
25,6,150,300,0.25,0.03,1.3,FALSE,0.833799115883709,9,0.654894490565238,0.770114942528736,0.924444444444444,67,416,34,20,4.11422839847406,0.685181616934667
25,6,150,300,0.25,0.03,1.5,FALSE,0.833799115883709,10,0.682200559639593,0.738636363636364,0.946666666666667,65,426,24,23,4.50881522422329,0.794955659433631
25,6,150,300,0.25,0.05,2.7,FALSE,0.833799115883709,1,0.42514979842072,0.781609195402299,0.76,68,342,108,19,3.96857057516464,1.41972554089269
25,6,150,300,0.25,0.05,1.7,FALSE,0.833799115883709,2,0.529195581601924,0.647727272727273,0.906666666666667,57,408,42,31,3.78183052596043,1.17654821116894
25,6,150,300,0.25,0.05,1.5,FALSE,0.833799115883709,3,0.63688219254003,0.67816091954023,0.946666666666667,59,426,24,28,4.36700881807792,1.24779156468844
25,6,150,300,0.25,0.05,2.1,FALSE,0.833799115883709,4,0.52368507917842,0.758620689655172,0.853333333333333,66,384,66,21,3.97603144408161,1.29718394458858
25,6,150,300,0.25,0.05,2.5,FALSE,0.833799115883709,5,0.481786813492216,0.804597701149425,0.795555555555556,70,358,92,17,3.93298956713927,1.45250268274187
25,6,150,300,0.25,0.05,1.1,FALSE,0.833799115883709,6,0.601565644471464,0.517241379310345,0.977777777777778,45,440,10,42,4.2074197438068,1.4052913732978
25,6,150,300,0.25,0.05,1.1,FALSE,0.833799115883709,7,0.555801006708429,0.528735632183908,0.96,46,432,18,41,4.07272017284089,1.09212478619935
25,6,150,300,0.25,0.05,2.1,FALSE,0.833799115883709,8,0.645050118341524,0.804597701149425,0.906666666666667,70,408,42,17,4.72849289211332,1.28982264871908
25,6,150,300,0.25,0.05,2.1,FALSE,0.833799115883709,9,0.598809180140341,0.896551724137931,0.835555555555556,78,376,74,9,3.99890502527086,1.09802063671227
25,6,150,300,0.25,0.05,1.5,FALSE,0.833799115883709,10,0.542233804083794,0.511363636363636,0.96,45,432,18,43,4.24834521837062,1.48210572576247
25,6,150,300,0.25,0.1,1.1,FALSE,0.833799115883709,1,0.379800629522833,0.35632183908046,0.951111111111111,31,428,22,56,3.59142944506781,1.89265908241402
25,6,150,300,0.25,0.1,1.9,FALSE,0.833799115883709,2,0.482371571689436,0.647727272727273,0.88,57,396,54,31,3.5630095095299,1.58377070077239
25,6,150,300,0.25,0.1,1.9,FALSE,0.833799115883709,3,0.49702861953316,0.574712643678161,0.92,50,414,36,37,4.03557515532547,1.78478846941553
25,6,150,300,0.25,0.1,2.1,FALSE,0.833799115883709,4,0.370752465142865,0.574712643678161,0.844444444444444,50,380,70,37,3.67827356726942,1.82732029313221
25,6,150,300,0.25,0.1,2.3,FALSE,0.833799115883709,5,0.392304831345368,0.655172413793103,0.813333333333333,57,366,84,30,3.72274735082504,1.69886964524528
25,6,150,300,0.25,0.1,1.9,FALSE,0.833799115883709,6,0.524995371233115,0.64367816091954,0.906666666666667,56,408,42,31,3.93843349860568,1.79257707335612
25,6,150,300,0.25,0.1,1.9,FALSE,0.833799115883709,7,0.470015316065171,0.563218390804598,0.911111111111111,49,410,40,38,3.75950042088558,1.70226856714202
25,6,150,300,0.25,0.1,2.9,FALSE,0.833799115883709,8,0.517433532200912,0.816091954022989,0.817777777777778,71,368,82,16,4.28270284288833,1.85564322875871
25,6,150,300,0.25,0.1,1.9,FALSE,0.833799115883709,9,0.478773946360153,0.563218390804598,0.915555555555556,49,412,38,38,3.8953504966816,1.68196033243692
25,6,150,300,0.25,0.1,2.1,FALSE,0.833799115883709,10,0.492859612804697,0.579545454545455,0.915555555555556,51,412,38,37,4.04593503405713,1.90437586684304
25,6,150,500,0.05,0.03,1.1,FALSE,0.833799115883709,1,0.370549386323963,0.793103448275862,0.905263157894737,23,860,90,6,3.81297282848004,0.250770571269635
25,6,150,500,0.05,0.03,0.7,FALSE,0.833799115883709,2,0.407630744907081,0.678571428571429,0.947368421052632,19,900,50,9,4.24562273772076,0.266413143333359
25,6,150,500,0.05,0.03,0.1,FALSE,0.833799115883709,3,0.430963330035543,0.5,0.976842105263158,15,928,22,15,3.80394941260286,0.545615718266627
25,6,150,500,0.05,0.03,0.1,FALSE,0.833799115883709,4,0.549712829738876,0.655172413793103,0.978947368421053,19,930,20,10,4.55143031559007,0.0484468359429045
25,6,150,500,0.05,0.03,0.3,FALSE,0.833799115883709,5,0.606562094815927,0.75,0.978947368421053,21,930,20,7,4.92019279451791,0.0822046694675987
25,6,150,500,0.05,0.03,0.3,FALSE,0.833799115883709,6,0.542262949576862,0.7,0.972631578947368,21,924,26,9,4.38839250145293,0.475053710061677
25,6,150,500,0.05,0.03,0.1,FALSE,0.833799115883709,7,0.542081064252972,0.620689655172414,0.981052631578947,18,932,18,11,4.27728966063999,0.565474000886056
25,6,150,500,0.05,0.03,0.7,FALSE,0.833799115883709,8,0.560381631777752,0.678571428571429,0.978947368421053,19,930,20,9,4.36917693912181,0.480937979754491
25,6,150,500,0.05,0.03,0.5,FALSE,0.833799115883709,9,0.461579780916499,0.724137931034483,0.953684210526316,21,906,44,8,4.25193249872358,0.337532470186411
25,6,150,500,0.05,0.03,0.7,FALSE,0.833799115883709,10,0.385525167447072,0.620689655172414,0.949473684210526,18,902,48,11,4.05146820251907,0.430696873724201
25,6,150,500,0.05,0.05,0.7,FALSE,0.833799115883709,1,0.346053905867951,0.586206896551724,0.943157894736842,17,896,54,12,3.48886430268933,0.6692612966486
25,6,150,500,0.05,0.05,0.5,FALSE,0.833799115883709,2,0.428568914187496,0.607142857142857,0.96421052631579,17,916,34,11,3.89643316630985,0.366348042052209
25,6,150,500,0.05,0.05,0.3,FALSE,0.833799115883709,3,0.328919204890408,0.433333333333333,0.966315789473684,13,918,32,17,3.533690901947,0.664034814143471
25,6,150,500,0.05,0.05,0.1,FALSE,0.833799115883709,4,0.502460004087302,0.586206896551724,0.978947368421053,17,930,20,12,4.11396869026211,0.0519922076584141
25,6,150,500,0.05,0.05,0.3,FALSE,0.833799115883709,5,0.45986843186074,0.571428571428571,0.974736842105263,16,926,24,12,4.53686872989445,0.54545694024724
25,6,150,500,0.05,0.05,0.1,FALSE,0.833799115883709,6,0.442120546696413,0.566666666666667,0.970526315789474,17,922,28,13,3.93038747674127,0.647950871711961
25,6,150,500,0.05,0.05,0.7,FALSE,0.833799115883709,7,0.478387386703358,0.724137931034483,0.957894736842105,21,910,40,8,3.96388658209211,0.589896286533652
25,6,150,500,0.05,0.05,0.5,FALSE,0.833799115883709,8,0.495177771845219,0.642857142857143,0.972631578947368,18,924,26,10,3.9134876907707,0.729820036403683
25,6,150,500,0.05,0.05,0.7,FALSE,0.833799115883709,9,0.451462468027131,0.758620689655172,0.945263157894737,22,898,52,7,3.91845694441137,0.441584410663649
25,6,150,500,0.05,0.05,0.3,FALSE,0.833799115883709,10,0.508282526531303,0.655172413793103,0.972631578947368,19,924,26,10,3.85499161820572,0.276458129947524
25,6,150,500,0.05,0.1,1.9,FALSE,0.833799115883709,1,0.259192839478357,0.827586206896552,0.802105263157895,24,762,188,5,3.12101470759371,0.93906699489773
25,6,150,500,0.05,0.1,0.1,FALSE,0.833799115883709,2,0.338195488721804,0.357142857142857,0.981052631578947,10,932,18,18,3.48914212605958,0.629146088811988
25,6,150,500,0.05,0.1,2.1,FALSE,0.833799115883709,3,0.139403007071465,0.6,0.753684210526316,18,716,234,12,3.19531823880091,1.66034227746694
25,6,150,500,0.05,0.1,0.3,FALSE,0.833799115883709,4,0.4264915680756,0.517241379310345,0.974736842105263,15,926,24,14,3.53504878121178,0.423433694635486
25,6,150,500,0.05,0.1,1.1,FALSE,0.833799115883709,5,0.380465292314287,0.642857142857143,0.945263157894737,18,898,52,10,3.94633859484433,0.835282130432038
25,6,150,500,0.05,0.1,0.7,FALSE,0.833799115883709,6,0.364565532716506,0.533333333333333,0.957894736842105,16,910,40,14,3.44464609319994,0.922720377926285
25,6,150,500,0.05,0.1,0.1,FALSE,0.833799115883709,7,0.360362976406534,0.379310344827586,0.981052631578947,11,932,18,18,3.48733896113229,0.876902631799269
25,6,150,500,0.05,0.1,0.3,FALSE,0.833799115883709,8,0.302131530372353,0.357142857142857,0.974736842105263,10,926,24,18,3.35595631977068,1.40168948869512
25,6,150,500,0.05,0.1,0.1,FALSE,0.833799115883709,9,0.359798519538273,0.482758620689655,0.966315789473684,14,918,32,15,3.44563086532001,0.651250548987003
25,6,150,500,0.05,0.1,0.5,FALSE,0.833799115883709,10,0.393947131818458,0.586206896551724,0.957894736842105,17,910,40,12,3.52660743903608,0.568161898585525
25,6,150,500,0.1,0.03,0.5,FALSE,0.833799115883709,1,0.512977505708236,0.603448275862069,0.96,35,864,36,23,3.75302900814202,0.284545451366996
25,6,150,500,0.1,0.03,0.3,FALSE,0.833799115883709,2,0.676514658233012,0.677966101694915,0.982222222222222,40,884,16,19,4.32356321367032,0.368252570585725
25,6,150,500,0.1,0.03,0.1,FALSE,0.833799115883709,3,0.532591736503571,0.655172413793103,0.955555555555556,38,860,40,20,4.02047371946046,0.277860522932395
25,6,150,500,0.1,0.03,0.7,FALSE,0.833799115883709,4,0.608348296462496,0.793103448275862,0.951111111111111,46,856,44,12,4.16426221937164,0.255899122778649
25,6,150,500,0.1,0.03,0.9,FALSE,0.833799115883709,5,0.552808261388637,0.672413793103448,0.957777777777778,39,862,38,19,4.56113960749009,0.564992696820294
25,6,150,500,0.1,0.03,1.5,FALSE,0.833799115883709,6,0.574948890984402,0.864406779661017,0.924444444444444,51,832,68,8,4.48952783316749,0.432312037888879
25,6,150,500,0.1,0.03,0.1,FALSE,0.833799115883709,7,0.684834635833275,0.603448275862069,0.991111111111111,35,892,8,23,4.61935203496484,0.144519752682964
25,6,150,500,0.1,0.03,0.1,FALSE,0.833799115883709,8,0.629722739179897,0.551724137931034,0.988888888888889,32,890,10,26,4.41615474036826,0.48640077801398
25,6,150,500,0.1,0.03,0.5,FALSE,0.833799115883709,9,0.622351901769948,0.745762711864407,0.962222222222222,44,866,34,15,4.44901953052807,0.151103464556813
25,6,150,500,0.1,0.03,0.5,FALSE,0.833799115883709,10,0.605766946891537,0.684210526315789,0.968888888888889,39,872,28,18,4.43875710905102,0.170655290975308
25,6,150,500,0.1,0.05,0.3,FALSE,0.833799115883709,1,0.503451798892944,0.482758620689655,0.977777777777778,28,880,20,30,3.57024749870565,0.662795452251328
25,6,150,500,0.1,0.05,0.7,FALSE,0.833799115883709,2,0.581903050677801,0.711864406779661,0.957777777777778,42,862,38,17,4.0301212677143,0.497474659909378
25,6,150,500,0.1,0.05,0.1,FALSE,0.833799115883709,3,0.550687738758099,0.603448275862069,0.968888888888889,35,872,28,23,3.70403286218787,0.382878368029767
25,6,150,500,0.1,0.05,0.3,FALSE,0.833799115883709,4,0.57366839637896,0.620689655172414,0.971111111111111,36,874,26,22,3.95019109745535,0.421617683212301
25,6,150,500,0.1,0.05,1.7,FALSE,0.833799115883709,5,0.468744233301655,0.827586206896552,0.886666666666667,48,798,102,10,4.21719551440179,0.63686965892974
25,6,150,500,0.1,0.05,1.3,FALSE,0.833799115883709,6,0.475412935087295,0.661016949152542,0.935555555555556,39,842,58,20,4.21237397721015,0.876014782669834
25,6,150,500,0.1,0.05,0.1,FALSE,0.833799115883709,7,0.634301127649055,0.53448275862069,0.991111111111111,31,892,8,27,4.15114144740513,0.464578004278292
25,6,150,500,0.1,0.05,1.1,FALSE,0.833799115883709,8,0.543187058492974,0.758620689655172,0.937777777777778,44,844,56,14,4.11433829379902,0.535757418488643
25,6,150,500,0.1,0.05,0.7,FALSE,0.833799115883709,9,0.51386153652933,0.728813559322034,0.933333333333333,43,840,60,16,3.9435582119686,0.326797301906791
25,6,150,500,0.1,0.05,0.9,FALSE,0.833799115883709,10,0.493670463280709,0.614035087719298,0.953333333333333,35,858,42,22,4.09890122470924,0.523285276238821
25,6,150,500,0.1,0.1,1.5,FALSE,0.833799115883709,1,0.338507160824707,0.655172413793103,0.868888888888889,38,782,118,20,3.20015263543216,1.10541912363062
25,6,150,500,0.1,0.1,0.1,FALSE,0.833799115883709,2,0.454152360635701,0.406779661016949,0.98,24,882,18,35,3.53230408819821,0.758392607949696
25,6,150,500,0.1,0.1,0.3,FALSE,0.833799115883709,3,0.400443978743022,0.362068965517241,0.977777777777778,21,880,20,37,3.32889165555612,0.922995733783543
25,6,150,500,0.1,0.1,1.1,FALSE,0.833799115883709,4,0.440659898400683,0.655172413793103,0.924444444444444,38,832,68,20,3.54184250572473,0.957915828713198
25,6,150,500,0.1,0.1,0.1,FALSE,0.833799115883709,5,0.400443978743022,0.362068965517241,0.977777777777778,21,880,20,37,3.74494027917247,0.810322436696528
25,6,150,500,0.1,0.1,1.5,FALSE,0.833799115883709,6,0.370929822754128,0.694915254237288,0.873333333333333,41,786,114,18,3.70633559907493,1.3571401242792
25,6,150,500,0.1,0.1,0.1,FALSE,0.833799115883709,7,0.456040842182767,0.362068965517241,0.986666666666667,21,888,12,37,3.58219105692964,0.917090454567737
25,6,150,500,0.1,0.1,0.3,FALSE,0.833799115883709,8,0.441452943885705,0.448275862068966,0.971111111111111,26,874,26,32,3.60788931932123,0.821588585990588
25,6,150,500,0.1,0.1,0.7,FALSE,0.833799115883709,9,0.348071300884473,0.542372881355932,0.915555555555556,32,824,76,27,3.35543447884245,0.663650845668401
25,6,150,500,0.1,0.1,0.5,FALSE,0.833799115883709,10,0.47766081871345,0.508771929824561,0.968888888888889,29,872,28,28,3.55425342862788,0.784209070769018
25,6,150,500,0.25,0.03,1.3,FALSE,0.833799115883709,1,0.699811232181972,0.780821917808219,0.941333333333333,114,706,44,32,4.13789181976327,0.391347976759014
25,6,150,500,0.25,0.03,0.9,FALSE,0.833799115883709,2,0.667392158370451,0.691780821917808,0.954666666666667,101,716,34,45,4.6325832620679,0.403281924973496
25,6,150,500,0.25,0.03,1.5,FALSE,0.833799115883709,3,0.75692008343416,0.835616438356164,0.949333333333333,122,712,38,24,5.14335861743682,0.299430695639827
25,6,150,500,0.25,0.03,1.1,FALSE,0.833799115883709,4,0.721199715306066,0.717241379310345,0.968,104,726,24,41,4.92233963255255,0.467706379817193
25,6,150,500,0.25,0.03,0.9,FALSE,0.833799115883709,5,0.624238208025007,0.73972602739726,0.92,108,690,60,38,3.64821502360546,0.441405152209772
25,6,150,500,0.25,0.03,1.5,FALSE,0.833799115883709,6,0.552000697918808,0.758620689655172,0.872,110,654,96,35,4.01343704062182,0.583516122702339
25,6,150,500,0.25,0.03,0.7,FALSE,0.833799115883709,7,0.751869791504111,0.76027397260274,0.968,111,726,24,35,4.45415404787215,0.267317706653697
25,6,150,500,0.25,0.03,0.9,FALSE,0.833799115883709,8,0.691081481148808,0.801369863013699,0.930666666666667,117,698,52,29,4.52307871940192,0.226686367449982
25,6,150,500,0.25,0.03,1.1,FALSE,0.833799115883709,9,0.645218098575086,0.753424657534247,0.925333333333333,110,694,56,36,4.1013591408751,0.545144765725348
25,6,150,500,0.25,0.03,0.3,FALSE,0.833799115883709,10,0.660117969445765,0.589041095890411,0.978666666666667,86,734,16,60,4.43060030959405,0.373926750295851
25,6,150,500,0.25,0.05,0.7,FALSE,0.833799115883709,1,0.590048894466535,0.561643835616438,0.962666666666667,82,722,28,64,3.94023158112651,0.719424442913358
25,6,150,500,0.25,0.05,1.1,FALSE,0.833799115883709,2,0.609153994101979,0.623287671232877,0.952,91,714,36,55,4.37297259183698,0.752646383675814
25,6,150,500,0.25,0.05,1.3,FALSE,0.833799115883709,3,0.689988994954837,0.767123287671233,0.941333333333333,112,706,44,34,4.83996620912089,0.488820122465338
25,6,150,500,0.25,0.05,1.7,FALSE,0.833799115883709,4,0.686195981956446,0.779310344827586,0.936,113,702,48,32,4.55213708092045,0.732541314858105
25,6,150,500,0.25,0.05,0.7,FALSE,0.833799115883709,5,0.536006799941043,0.623287671232877,0.92,91,690,60,55,3.52282644767533,0.706831995804467
25,6,150,500,0.25,0.05,1.1,FALSE,0.833799115883709,6,0.506807804187127,0.613793103448276,0.909333333333333,89,682,68,56,3.80089545432032,0.872886835463109
25,6,150,500,0.25,0.05,2.1,FALSE,0.833799115883709,7,0.639315850401887,0.883561643835616,0.869333333333333,129,652,98,17,4.2960025718438,0.647900782363718
25,6,150,500,0.25,0.05,1.1,FALSE,0.833799115883709,8,0.654291852533321,0.780821917808219,0.92,114,690,60,32,4.3103627971815,0.483832952631802
25,6,150,500,0.25,0.05,1.1,FALSE,0.833799115883709,9,0.610899340534819,0.691780821917808,0.930666666666667,101,698,52,45,4.05502666248354,0.66022165633375
25,6,150,500,0.25,0.05,1.3,FALSE,0.833799115883709,10,0.632882663329278,0.705479452054795,0.936,103,702,48,43,4.0364762712305,0.697702482166678
25,6,150,500,0.25,0.1,1.5,FALSE,0.833799115883709,1,0.54124309478414,0.636986301369863,0.917333333333333,93,688,62,53,3.53962218476491,1.21728059574739
25,6,150,500,0.25,0.1,1.1,FALSE,0.833799115883709,2,0.600245080138003,0.602739726027397,0.954666666666667,88,716,34,58,4.03337983698054,1.15827949999505
25,6,150,500,0.25,0.1,1.9,FALSE,0.833799115883709,3,0.599885877383263,0.780821917808219,0.890666666666667,114,668,82,32,4.32199667508682,1.07908391407133
25,6,150,500,0.25,0.1,1.9,FALSE,0.833799115883709,4,0.552043034733302,0.717241379310345,0.890666666666667,104,668,82,41,4.0401596728603,1.15071151642605
25,6,150,500,0.25,0.1,1.7,FALSE,0.833799115883709,5,0.463408387960575,0.726027397260274,0.826666666666667,106,620,130,40,3.20925333649253,1.05057999437127
25,6,150,500,0.25,0.1,0.5,FALSE,0.833799115883709,6,0.453418031393634,0.4,0.962666666666667,58,722,28,87,3.48301959328632,1.23630337077409
25,6,150,500,0.25,0.1,1.5,FALSE,0.833799115883709,7,0.593963184436697,0.691780821917808,0.922666666666667,101,692,58,45,3.91765913080455,1.03075385279814
25,6,150,500,0.25,0.1,1.5,FALSE,0.833799115883709,8,0.562873372048166,0.705479452054795,0.901333333333333,103,676,74,43,3.84480239624562,1.01581024715805
25,6,150,500,0.25,0.1,0.7,FALSE,0.833799115883709,9,0.501929412171136,0.445205479452055,0.965333333333333,65,724,26,81,3.71660607930045,1.30052284373652
25,6,150,500,0.25,0.1,1.7,FALSE,0.833799115883709,10,0.546666160221055,0.767123287671233,0.864,112,648,102,34,3.66056149299709,1.07992256544942
25,10,250,100,0.05,0.03,2.5,FALSE,0.833799115883709,1,0.703759398496241,0.714285714285714,0.989473684210526,5,188,2,2,6.48524413211129,2.98669238434552
25,10,250,100,0.05,0.03,0.1,FALSE,0.833799115883709,2,0,0,1,0,190,0,6,6.45978351220621,4.02732540576885
25,10,250,100,0.05,0.03,0.7,FALSE,0.833799115883709,3,0.402980349884659,0.166666666666667,1,1,190,0,5,6.43911067559443,3.22274655828284
25,10,250,100,0.05,0.03,1.9,FALSE,0.833799115883709,4,0.402980349884659,0.166666666666667,1,1,190,0,5,6.55106272382041,3.22964735122404
25,10,250,100,0.05,0.03,1.7,FALSE,0.833799115883709,5,0.442579132652901,0.2,1,1,190,0,4,6.50386388606566,2.86806692640034
25,10,250,100,0.05,0.03,0.3,FALSE,0.833799115883709,6,0.70158960887018,0.5,1,3,190,0,3,6.40512864401576,2.16780403383775
25,10,250,100,0.05,0.03,2.1,FALSE,0.833799115883709,7,0.627520823096484,0.4,1,2,190,0,3,6.85255092054455,2.94299994254089
25,10,250,100,0.05,0.03,1.3,FALSE,0.833799115883709,8,0.571367203381202,0.333333333333333,1,2,190,0,4,6.35910582622556,3.32321286754381
25,10,250,100,0.05,0.03,1.7,FALSE,0.833799115883709,9,0.571367203381202,0.333333333333333,1,2,190,0,4,6.43155428307054,3.3160077154838
25,10,250,100,0.05,0.03,0.1,FALSE,0.833799115883709,10,0,0,1,0,190,0,5,6.41257030952905,5.0916898913824
25,10,250,100,0.05,0.05,1.9,FALSE,0.833799115883709,1,0.361199062766819,0.285714285714286,0.989473684210526,2,188,2,5,6.83612750081162,4.40364617129611
25,10,250,100,0.05,0.05,0.1,FALSE,0.833799115883709,2,0,0,1,0,190,0,6,7.16999713041758,4.42124597979076
25,10,250,100,0.05,0.05,1.1,FALSE,0.833799115883709,3,0.402980349884659,0.166666666666667,1,1,190,0,5,6.88864429816363,3.38455267426267
25,10,250,100,0.05,0.05,2.9,FALSE,0.833799115883709,4,0.402980349884659,0.166666666666667,1,1,190,0,5,7.14522992639974,3.70564548831398
25,10,250,100,0.05,0.05,2.1,FALSE,0.833799115883709,5,0.442579132652901,0.2,1,1,190,0,4,7.14947303482787,3.6934960314521
25,10,250,100,0.05,0.05,1.7,FALSE,0.833799115883709,6,0.70158960887018,0.5,1,3,190,0,3,6.99320266777052,2.82077106602241
25,10,250,100,0.05,0.05,1.5,FALSE,0.833799115883709,7,0.442579132652901,0.2,1,1,190,0,4,7.38720226453065,3.59679946933354
25,10,250,100,0.05,0.05,2.7,FALSE,0.833799115883709,8,0.534786071422892,0.5,0.989473684210526,3,188,2,3,6.91816244441019,4.28357315765858
25,10,250,100,0.05,0.05,2.7,FALSE,0.833799115883709,9,0.159094064258423,0.166666666666667,0.978947368421053,1,186,4,5,6.68572603195233,3.96901144723842
25,10,250,100,0.05,0.05,0.1,FALSE,0.833799115883709,10,0,0,1,0,190,0,5,7.10360826340528,5.11155278093363
25,10,250,100,0.05,0.1,0.1,FALSE,0.833799115883709,1,0,0,1,0,190,0,7,7.71919595063907,5.92007732554441
25,10,250,100,0.05,0.1,0.1,FALSE,0.833799115883709,2,0,0,1,0,190,0,6,8.22850068325919,5.52712162886063
25,10,250,100,0.05,0.1,1.7,FALSE,0.833799115883709,3,0.402980349884659,0.166666666666667,1,1,190,0,5,7.63203292709164,4.25814599960605
25,10,250,100,0.05,0.1,0.1,FALSE,0.833799115883709,4,0,0,1,0,190,0,6,8.12699945251257,4.91977929211494
25,10,250,100,0.05,0.1,0.1,FALSE,0.833799115883709,5,0,0,1,0,190,0,5,8.09475850523831,5.63481275739325
25,10,250,100,0.05,0.1,0.1,FALSE,0.833799115883709,6,0.402980349884659,0.166666666666667,1,1,190,0,5,7.69515055680475,4.13381983191406
25,10,250,100,0.05,0.1,2.9,FALSE,0.833799115883709,7,0.442579132652901,0.2,1,1,190,0,4,8.35728799589925,4.99545972089106
25,10,250,100,0.05,0.1,0.1,FALSE,0.833799115883709,8,0,0,1,0,190,0,6,7.90608401896668,5.85528265624651
25,10,250,100,0.05,0.1,2.9,FALSE,0.833799115883709,9,0.219092895401565,0.166666666666667,0.989473684210526,1,188,2,5,7.34678632988333,5.13207872651876
25,10,250,100,0.05,0.1,2.5,FALSE,0.833799115883709,10,0.442579132652901,0.2,1,1,190,0,4,8.14799931327889,6.10164740726661
25,10,250,100,0.1,0.03,2.7,FALSE,0.833799115883709,1,0.807572853087248,0.666666666666667,1,8,180,0,4,7.087179239278,2.06343156565699
25,10,250,100,0.1,0.03,2.5,FALSE,0.833799115883709,2,0.487950036474267,0.25,1,3,180,0,9,6.75478390718634,3.99502202484437
25,10,250,100,0.1,0.03,2.5,FALSE,0.833799115883709,3,0.523772082433948,0.416666666666667,0.988888888888889,5,178,2,7,6.62907180218118,3.11427452070889
25,10,250,100,0.1,0.03,2.9,FALSE,0.833799115883709,4,0.549799055284787,0.454545454545455,0.988888888888889,5,178,2,6,6.53711460988036,3.07195445624399
25,10,250,100,0.1,0.03,2.7,FALSE,0.833799115883709,5,0.626869391426366,0.538461538461538,0.988888888888889,7,178,2,6,6.86305681653564,2.71525947567443
25,10,250,100,0.1,0.03,2.7,FALSE,0.833799115883709,6,0.564932682866032,0.333333333333333,1,4,180,0,8,6.33570013136161,3.89375685376003
25,10,250,100,0.1,0.03,2.5,FALSE,0.833799115883709,7,0.766130877682874,0.6,1,6,180,0,4,6.57797431221823,2.75439649652304
25,10,250,100,0.1,0.03,2.7,FALSE,0.833799115883709,8,0.695608343640252,0.5,1,6,180,0,6,7.05640873216615,2.65286673387393
25,10,250,100,0.1,0.03,2.1,FALSE,0.833799115883709,9,0.591628521323608,0.363636363636364,1,4,180,0,7,6.33122911703273,2.76121192991361
25,10,250,100,0.1,0.03,2.9,FALSE,0.833799115883709,10,0.807572853087248,0.666666666666667,1,8,180,0,4,6.96632987149986,2.87595470691966
25,10,250,100,0.1,0.05,2.7,FALSE,0.833799115883709,1,0.633300496381124,0.416666666666667,1,5,180,0,7,7.58159694166718,3.20696855876779
25,10,250,100,0.1,0.05,2.7,FALSE,0.833799115883709,2,0.397359707119513,0.166666666666667,1,2,180,0,10,7.37435888227245,4.69754060000996
25,10,250,100,0.1,0.05,2.9,FALSE,0.833799115883709,3,0.564932682866032,0.333333333333333,1,4,180,0,8,7.39522995670284,4.30105392102268
25,10,250,100,0.1,0.05,1.5,FALSE,0.833799115883709,4,0.293469592826711,0.0909090909090909,1,1,180,0,10,7.19227738453157,3.99868636092485
25,10,250,100,0.1,0.05,2.3,FALSE,0.833799115883709,5,0.467571900119518,0.230769230769231,1,3,180,0,10,7.58490757452795,3.67723036634805
25,10,250,100,0.1,0.05,1.7,FALSE,0.833799115883709,6,0.397359707119513,0.166666666666667,1,2,180,0,10,6.72845284093223,5.1318596140119
25,10,250,100,0.1,0.05,2.7,FALSE,0.833799115883709,7,0.622171016838255,0.4,1,4,180,0,6,7.30808433623998,3.68198567149914
25,10,250,100,0.1,0.05,1.7,FALSE,0.833799115883709,8,0.280239239603615,0.0833333333333333,1,1,180,0,11,7.59233061763723,3.60251291051767
25,10,250,100,0.1,0.05,1.7,FALSE,0.833799115883709,9,0.293469592826711,0.0909090909090909,1,1,180,0,10,6.73067225120699,3.98047739859833
25,10,250,100,0.1,0.05,2.5,FALSE,0.833799115883709,10,0.564932682866032,0.333333333333333,1,4,180,0,8,7.60787168648636,3.6738411545535
25,10,250,100,0.1,0.1,0.1,FALSE,0.833799115883709,1,0.397359707119513,0.166666666666667,1,2,180,0,10,8.23729393224889,4.53868048655148
25,10,250,100,0.1,0.1,0.1,FALSE,0.833799115883709,2,0,0,1,0,180,0,12,8.32103170085507,5.99346683925981
25,10,250,100,0.1,0.1,2.9,FALSE,0.833799115883709,3,0.397359707119513,0.166666666666667,1,2,180,0,10,8.22112237600987,5.39044057012424
25,10,250,100,0.1,0.1,1.7,FALSE,0.833799115883709,4,0.293469592826711,0.0909090909090909,1,1,180,0,10,8.34530455974635,5.16146388327896
25,10,250,100,0.1,0.1,0.1,FALSE,0.833799115883709,5,0,0,1,0,180,0,13,8.31799870251335,5.46854122705845
25,10,250,100,0.1,0.1,1.1,FALSE,0.833799115883709,6,0.397359707119513,0.166666666666667,1,2,180,0,10,7.58880731325601,6.07967132715317
25,10,250,100,0.1,0.1,0.1,FALSE,0.833799115883709,7,0,0,1,0,180,0,10,8.01444282041502,4.95081252837427
25,10,250,100,0.1,0.1,2.9,FALSE,0.833799115883709,8,0.280239239603615,0.0833333333333333,1,1,180,0,11,8.42239871306438,5.19928811122803
25,10,250,100,0.1,0.1,2.9,FALSE,0.833799115883709,9,0.293469592826711,0.0909090909090909,1,1,180,0,10,7.6388678025994,4.49057271180344
25,10,250,100,0.1,0.1,1.9,FALSE,0.833799115883709,10,0.397359707119513,0.166666666666667,1,2,180,0,10,8.47411418901769,5.39257197191047
25,10,250,100,0.25,0.03,2.7,FALSE,0.833799115883709,1,0.446970518899427,0.357142857142857,0.973333333333333,10,146,4,18,6.48450332314364,3.33019591577749
25,10,250,100,0.25,0.03,2.9,FALSE,0.833799115883709,2,0.491918967943282,0.275862068965517,1,8,150,0,21,6.76374066474489,3.56123222883436
25,10,250,100,0.25,0.03,2.9,FALSE,0.833799115883709,3,0.385528961637895,0.172413793103448,1,5,150,0,24,6.16076843293767,3.70707263969704
25,10,250,100,0.25,0.03,2.9,FALSE,0.833799115883709,4,0.432292813278176,0.214285714285714,1,6,150,0,22,6.52739128916573,3.84518882570288
25,10,250,100,0.25,0.03,2.7,FALSE,0.833799115883709,5,0.303045763365663,0.107142857142857,1,3,150,0,25,6.28758071552473,4.22794711241519
25,10,250,100,0.25,0.03,1.7,FALSE,0.833799115883709,6,0.473027864724182,0.258064516129032,1,8,150,0,23,6.72226034377189,3.44565356334067
25,10,250,100,0.25,0.03,2.9,FALSE,0.833799115883709,7,0.377964473009227,0.166666666666667,1,5,150,0,25,6.41197717329565,3.92395505514305
25,10,250,100,0.25,0.03,2.9,FALSE,0.833799115883709,8,0.623876235231178,0.433333333333333,1,13,150,0,17,6.36595911188012,3.34105976453081
25,10,250,100,0.25,0.03,2.9,FALSE,0.833799115883709,9,0.488901207038705,0.4,0.973333333333333,12,146,4,18,6.80565064787966,3.34155756676999
25,10,250,100,0.25,0.03,2.5,FALSE,0.833799115883709,10,0.4152273992687,0.2,1,6,150,0,24,6.38865143443181,3.56896812717548
25,10,250,100,0.25,0.05,2.5,FALSE,0.833799115883709,1,0.393485347140822,0.178571428571429,1,5,150,0,23,7.07033731964105,4.28591761097595
25,10,250,100,0.25,0.05,2.9,FALSE,0.833799115883709,2,0.296927843424336,0.103448275862069,1,3,150,0,26,7.44447549931003,4.58595931643742
25,10,250,100,0.25,0.05,0.1,FALSE,0.833799115883709,3,0.241754738514862,0.0689655172413793,1,2,150,0,27,6.7614834981105,4.74866716542051
25,10,250,100,0.25,0.05,0.3,FALSE,0.833799115883709,4,0.246731885609913,0.0714285714285714,1,2,150,0,26,7.01399869682551,4.74943865271794
25,10,250,100,0.25,0.05,0.1,FALSE,0.833799115883709,5,0,0,1,0,150,0,28,7.10693849681647,5.02203032800719
25,10,250,100,0.25,0.05,2.9,FALSE,0.833799115883709,6,0.473027864724182,0.258064516129032,1,8,150,0,23,7.2951718976812,4.25113713151304
25,10,250,100,0.25,0.05,2.9,FALSE,0.833799115883709,7,0.291111254869791,0.1,1,3,150,0,27,7.00035750382727,4.52776522685101
25,10,250,100,0.25,0.05,2.9,FALSE,0.833799115883709,8,0.376192062431223,0.233333333333333,0.986666666666667,7,148,2,23,6.87818742027563,4.13446132558382
25,10,250,100,0.25,0.05,2.9,FALSE,0.833799115883709,9,0.512989176042577,0.3,1,9,150,0,21,7.34246744570717,4.01400427302564
25,10,250,100,0.25,0.05,1.3,FALSE,0.833799115883709,10,0.291111254869791,0.1,1,3,150,0,27,7.12445666195283,4.21128719004333
25,10,250,100,0.25,0.1,2.7,FALSE,0.833799115883709,1,0.303045763365663,0.107142857142857,1,3,150,0,25,7.98448332486168,5.45759681217778
25,10,250,100,0.25,0.1,2.3,FALSE,0.833799115883709,2,0.241754738514862,0.0689655172413793,1,2,150,0,27,8.29185586489645,5.71746460441512
25,10,250,100,0.25,0.1,1.9,FALSE,0.833799115883709,3,0.296927843424336,0.103448275862069,1,3,150,0,26,7.86223610593526,5.93735895664407
25,10,250,100,0.25,0.1,2.5,FALSE,0.833799115883709,4,0.303045763365663,0.107142857142857,1,3,150,0,25,7.84958813396594,5.71220054398905
25,10,250,100,0.25,0.1,2.9,FALSE,0.833799115883709,5,0.173972250159805,0.0357142857142857,1,1,150,0,27,7.99231339899064,6.25029912772351
25,10,250,100,0.25,0.1,2.5,FALSE,0.833799115883709,6,0.370760492917604,0.161290322580645,1,5,150,0,26,8.11200197538832,5.30632080955631
25,10,250,100,0.25,0.1,0.1,FALSE,0.833799115883709,7,0,0,1,0,150,0,30,7.76775405197644,6.15512149976209
25,10,250,100,0.25,0.1,2.7,FALSE,0.833799115883709,8,0.377964473009227,0.166666666666667,1,5,150,0,25,7.80539066175234,5.55784654144028
25,10,250,100,0.25,0.1,2.9,FALSE,0.833799115883709,9,0.291111254869791,0.1,1,3,150,0,27,8.06602375118107,5.36162357600026
25,10,250,100,0.25,0.1,2.1,FALSE,0.833799115883709,10,0.291111254869791,0.1,1,3,150,0,27,8.12842751626538,5.27072647568878
25,10,250,300,0.05,0.03,1.3,FALSE,0.833799115883709,1,0.660016740477715,0.611111111111111,0.992982456140351,11,566,4,7,6.19957953716217,1.26758447664941
25,10,250,300,0.05,0.03,1.9,FALSE,0.833799115883709,2,0.861455316982776,1,0.989473684210526,18,564,6,0,6.33048999375156,0.441017999706021
25,10,250,300,0.05,0.03,1.9,FALSE,0.833799115883709,3,0.878844169246646,0.882352941176471,0.996491228070175,15,568,2,2,6.84766178356166,0.898794598212228
25,10,250,300,0.05,0.03,1.9,FALSE,0.833799115883709,4,0.870181639361112,0.944444444444444,0.992982456140351,17,566,4,1,6.57206422339232,1.0532150333995
25,10,250,300,0.05,0.03,1.5,FALSE,0.833799115883709,5,0.620229757280445,0.666666666666667,0.985964912280702,12,562,8,6,6.26697779398612,1.3626750166511
25,10,250,300,0.05,0.03,0.5,FALSE,0.833799115883709,6,0.785247409532538,0.722222222222222,0.996491228070175,13,568,2,5,6.58728189857219,1.14490980049196
25,10,250,300,0.05,0.03,2.1,FALSE,0.833799115883709,7,0.749325755980065,0.666666666666667,0.996491228070175,12,568,2,6,6.38490415592344,1.75318349687535
25,10,250,300,0.05,0.03,0.7,FALSE,0.833799115883709,8,0.785247409532538,0.722222222222222,0.996491228070175,13,568,2,5,7.20149922867358,1.08745353937722
25,10,250,300,0.05,0.03,1.5,FALSE,0.833799115883709,9,0.871491228070175,0.875,0.996491228070175,14,568,2,2,6.27471176404423,0.474349303356595
25,10,250,300,0.05,0.03,1.3,FALSE,0.833799115883709,10,0.812232862067414,0.666666666666667,1,12,570,0,6,6.30185056441094,0.984033324663167
25,10,250,300,0.05,0.05,2.3,FALSE,0.833799115883709,1,0.448774357105238,0.666666666666667,0.957894736842105,12,546,24,6,5.98153920639107,2.01433568353225
25,10,250,300,0.05,0.05,1.3,FALSE,0.833799115883709,2,0.776979590984519,0.611111111111111,1,11,570,0,7,6.08348987591686,1.0492561694217
25,10,250,300,0.05,0.05,2.7,FALSE,0.833799115883709,3,0.568102390386519,0.941176470588235,0.950877192982456,16,542,28,1,6.348987555827,1.74913446445442
25,10,250,300,0.05,0.05,1.9,FALSE,0.833799115883709,4,0.656140350877193,0.666666666666667,0.989473684210526,12,564,6,6,6.17575846469521,1.72240500851857
25,10,250,300,0.05,0.05,1.5,FALSE,0.833799115883709,5,0.619812662353881,0.555555555555556,0.992982456140351,10,566,4,8,5.92939306198167,1.65529661927401
25,10,250,300,0.05,0.05,2.1,FALSE,0.833799115883709,6,0.657386129299006,0.722222222222222,0.985964912280702,13,562,8,5,6.0121139656447,2.04066675659024
25,10,250,300,0.05,0.05,2.5,FALSE,0.833799115883709,7,0.479854327298415,0.611111111111111,0.971929824561404,11,554,16,7,5.93898538224443,2.64445126905424
25,10,250,300,0.05,0.05,2.3,FALSE,0.833799115883709,8,0.693322372625416,0.722222222222222,0.989473684210526,13,564,6,5,6.65816268361598,1.91292433604096
25,10,250,300,0.05,0.05,2.3,FALSE,0.833799115883709,9,0.698408830831869,0.75,0.989473684210526,12,564,6,4,5.92242993113279,1.54423112401234
25,10,250,300,0.05,0.05,1.9,FALSE,0.833799115883709,10,0.617455265856129,0.611111111111111,0.989473684210526,11,564,6,7,6.00926195304824,1.67248675897492
25,10,250,300,0.05,0.1,2.7,FALSE,0.833799115883709,1,0.420881579218375,0.722222222222222,0.940350877192982,13,536,34,5,5.62055512603503,2.83335666714123
25,10,250,300,0.05,0.1,2.5,FALSE,0.833799115883709,2,0.702002149244473,0.888888888888889,0.978947368421053,16,558,12,2,6.06915770210276,1.73427110138961
25,10,250,300,0.05,0.1,2.9,FALSE,0.833799115883709,3,0.478850498840164,0.823529411764706,0.943859649122807,14,538,32,3,5.83007889731439,2.41726606279496
25,10,250,300,0.05,0.1,2.9,FALSE,0.833799115883709,4,0.563793890369511,0.833333333333333,0.96140350877193,15,548,22,3,5.67441172763813,2.30009472022107
25,10,250,300,0.05,0.1,0.7,FALSE,0.833799115883709,5,0.465719848373408,0.222222222222222,1,4,570,0,14,5.67139990239257,2.1740118135322
25,10,250,300,0.05,0.1,1.7,FALSE,0.833799115883709,6,0.577563242787417,0.5,0.992982456140351,9,566,4,9,5.5711709460432,2.41078024935039
25,10,250,300,0.05,0.1,1.5,FALSE,0.833799115883709,7,0.402980349884659,0.166666666666667,1,3,570,0,15,5.70640460444705,3.3451906020834
25,10,250,300,0.05,0.1,1.3,FALSE,0.833799115883709,8,0.521136989811508,0.277777777777778,1,5,570,0,13,6.14796857119777,2.81666368528302
25,10,250,300,0.05,0.1,2.1,FALSE,0.833799115883709,9,0.58736750969825,0.6875,0.982456140350877,11,560,10,5,5.56662778852081,2.18024384518749
25,10,250,300,0.05,0.1,2.7,FALSE,0.833799115883709,10,0.428505894372573,0.611111111111111,0.96140350877193,11,548,22,7,5.71875813542378,2.61230702488772
25,10,250,300,0.1,0.03,1.9,FALSE,0.833799115883709,1,0.814091578410694,0.777777777777778,0.992592592592593,28,536,4,8,6.74866773352523,1.08709130298718
25,10,250,300,0.1,0.03,1.5,FALSE,0.833799115883709,2,0.821093899000004,0.742857142857143,0.996296296296296,26,538,2,9,6.95130262113618,0.847131341077665
25,10,250,300,0.1,0.03,1.9,FALSE,0.833799115883709,3,0.772289687630358,0.714285714285714,0.992592592592593,25,536,4,10,6.61579900239976,1.58464779028622
25,10,250,300,0.1,0.03,1.9,FALSE,0.833799115883709,4,0.725304553819612,0.685714285714286,0.988888888888889,24,534,6,11,6.79943489280486,1.46293276430226
25,10,250,300,0.1,0.03,2.1,FALSE,0.833799115883709,5,0.78070507203451,0.805555555555556,0.985185185185185,29,532,8,7,6.4797465035879,1.13528712496292
25,10,250,300,0.1,0.03,2.1,FALSE,0.833799115883709,6,0.72657195684932,0.722222222222222,0.985185185185185,26,532,8,10,7.1011295632414,1.55619412175399
25,10,250,300,0.1,0.03,1.7,FALSE,0.833799115883709,7,0.791033995181751,0.694444444444444,0.996296296296296,25,538,2,11,6.33588197898369,1.64506694589765
25,10,250,300,0.1,0.03,2.3,FALSE,0.833799115883709,8,0.823071959421468,0.914285714285714,0.981481481481482,32,530,10,3,6.25204651543029,0.876295374731608
25,10,250,300,0.1,0.03,1.3,FALSE,0.833799115883709,9,0.77811675683448,0.676470588235294,0.996296296296296,23,538,2,11,6.47863269053591,0.99014972248932
25,10,250,300,0.1,0.03,1.9,FALSE,0.833799115883709,10,0.725304553819612,0.685714285714286,0.988888888888889,24,534,6,11,6.64911188586402,1.3280838915513
25,10,250,300,0.1,0.05,2.7,FALSE,0.833799115883709,1,0.755149966149153,0.833333333333333,0.977777777777778,30,528,12,6,6.29232364719308,1.54753545070978
25,10,250,300,0.1,0.05,1.5,FALSE,0.833799115883709,2,0.666246471323509,0.514285714285714,0.996296296296296,18,538,2,17,6.53969881019821,1.53969521226331
25,10,250,300,0.1,0.05,2.1,FALSE,0.833799115883709,3,0.67428714842781,0.571428571428571,0.992592592592593,20,536,4,15,6.13568554565684,2.10003092316718
25,10,250,300,0.1,0.05,2.9,FALSE,0.833799115883709,4,0.592622826137297,0.742857142857143,0.955555555555556,26,516,24,9,6.31751151584155,1.92038970448173
25,10,250,300,0.1,0.05,2.7,FALSE,0.833799115883709,5,0.71945252817577,0.777777777777778,0.977777777777778,28,528,12,8,6.0395611849703,1.69549734092202
25,10,250,300,0.1,0.05,1.9,FALSE,0.833799115883709,6,0.71659244376127,0.583333333333333,0.996296296296296,21,538,2,15,6.49672877329777,2.03292158167227
25,10,250,300,0.1,0.05,2.3,FALSE,0.833799115883709,7,0.644083429382774,0.694444444444444,0.974074074074074,25,526,14,11,5.96104809415845,2.24817217291243
25,10,250,300,0.1,0.05,2.1,FALSE,0.833799115883709,8,0.714869738412638,0.742857142857143,0.981481481481482,26,530,10,9,5.90759945160774,1.42244895029252
25,10,250,300,0.1,0.05,2.3,FALSE,0.833799115883709,9,0.66722912203583,0.676470588235294,0.981481481481482,23,530,10,11,6.08505974430092,1.67854576710577
25,10,250,300,0.1,0.05,1.9,FALSE,0.833799115883709,10,0.644751278235397,0.571428571428571,0.988888888888889,20,534,6,15,6.28879265977585,1.81616645349087
25,10,250,300,0.1,0.1,2.3,FALSE,0.833799115883709,1,0.496806901904778,0.416666666666667,0.985185185185185,15,532,8,21,5.83649624002001,2.48591884320299
25,10,250,300,0.1,0.1,1.9,FALSE,0.833799115883709,2,0.642857142857143,0.428571428571429,1,15,540,0,20,6.09981168156409,2.34064250763212
25,10,250,300,0.1,0.1,1.3,FALSE,0.833799115883709,3,0.495308632158131,0.257142857142857,1,9,540,0,26,5.72562443402605,2.58788386719168
25,10,250,300,0.1,0.1,2.5,FALSE,0.833799115883709,4,0.46883470298557,0.485714285714286,0.97037037037037,17,524,16,18,5.88688482617954,2.28640696485236
25,10,250,300,0.1,0.1,2.3,FALSE,0.833799115883709,5,0.565701907384665,0.5,0.985185185185185,18,532,8,18,5.72365048196219,2.32594866945394
25,10,250,300,0.1,0.1,1.3,FALSE,0.833799115883709,6,0.543231092451364,0.361111111111111,0.996296296296296,13,538,2,23,6.04821396608692,2.452659488124
25,10,250,300,0.1,0.1,2.7,FALSE,0.833799115883709,7,0.604842623764617,0.611111111111111,0.977777777777778,22,528,12,14,5.73006938884411,2.42987256500214
25,10,250,300,0.1,0.1,2.9,FALSE,0.833799115883709,8,0.575293972237296,0.828571428571429,0.933333333333333,29,504,36,6,5.63589693262052,2.09185012179584
25,10,250,300,0.1,0.1,2.9,FALSE,0.833799115883709,9,0.506304417308995,0.676470588235294,0.944444444444444,23,510,30,11,5.75880007895485,2.34841415355454
25,10,250,300,0.1,0.1,2.5,FALSE,0.833799115883709,10,0.459259508423557,0.428571428571429,0.977777777777778,15,528,12,20,5.84729936070883,2.78939386984573
25,10,250,300,0.25,0.03,2.1,FALSE,0.833799115883709,1,0.760430316303601,0.71264367816092,0.982222222222222,62,442,8,25,6.32145109661364,1.52498161722809
25,10,250,300,0.25,0.03,2.7,FALSE,0.833799115883709,2,0.860354868759683,0.840909090909091,0.986666666666667,74,444,6,14,7.01461864711683,1.35391470846892
25,10,250,300,0.25,0.03,2.7,FALSE,0.833799115883709,3,0.815127918487639,0.793103448275862,0.982222222222222,69,442,8,18,6.89763965813542,1.64875816297604
25,10,250,300,0.25,0.03,1.7,FALSE,0.833799115883709,4,0.760448740828542,0.620689655172414,1,54,450,0,33,6.57096069184889,1.32939231707025
25,10,250,300,0.25,0.03,2.9,FALSE,0.833799115883709,5,0.831067096014828,0.873563218390805,0.968888888888889,76,436,14,11,6.18023294746291,1.43458640505562
25,10,250,300,0.25,0.03,2.7,FALSE,0.833799115883709,6,0.815701093881094,0.850574712643678,0.968888888888889,74,436,14,13,6.78178650745583,1.42371830826882
25,10,250,300,0.25,0.03,2.5,FALSE,0.833799115883709,7,0.774809537911856,0.71264367816092,0.986666666666667,62,444,6,25,6.91255625847001,1.8570310505069
25,10,250,300,0.25,0.03,2.7,FALSE,0.833799115883709,8,0.802119186915047,0.829545454545455,0.968888888888889,73,436,14,15,6.78355299445023,1.56088741980511
25,10,250,300,0.25,0.03,1.9,FALSE,0.833799115883709,9,0.820563816430356,0.735632183908046,0.995555555555556,64,448,2,23,6.12964075492862,1.46378694841401
25,10,250,300,0.25,0.03,2.7,FALSE,0.833799115883709,10,0.808236828995094,0.873563218390805,0.96,76,432,18,11,6.48632799951478,1.45463850590381
25,10,250,300,0.25,0.05,2.9,FALSE,0.833799115883709,1,0.741849699185254,0.793103448275862,0.955555555555556,69,430,20,18,6.13981740218566,1.98398656180044
25,10,250,300,0.25,0.05,2.7,FALSE,0.833799115883709,2,0.784940960921464,0.727272727272727,0.986666666666667,64,444,6,24,6.77413913713823,1.97410861114784
25,10,250,300,0.25,0.05,2.9,FALSE,0.833799115883709,3,0.754623672468667,0.724137931034483,0.977777777777778,63,440,10,24,6.57483304280486,2.29275687908802
25,10,250,300,0.25,0.05,2.3,FALSE,0.833799115883709,4,0.70205586096379,0.609195402298851,0.986666666666667,53,444,6,34,6.09063379386687,1.95002417945654
25,10,250,300,0.25,0.05,2.9,FALSE,0.833799115883709,5,0.733780112505716,0.781609195402299,0.955555555555556,68,430,20,19,5.88002313878334,2.09402061996233
25,10,250,300,0.25,0.05,2.7,FALSE,0.833799115883709,6,0.736335147157994,0.67816091954023,0.982222222222222,59,442,8,28,6.4400284268809,2.01004976139499
25,10,250,300,0.25,0.05,2.5,FALSE,0.833799115883709,7,0.676792806714815,0.574712643678161,0.986666666666667,50,444,6,37,6.51655592733896,2.40266899759568
25,10,250,300,0.25,0.05,2.9,FALSE,0.833799115883709,8,0.733422548065038,0.795454545454545,0.951111111111111,70,428,22,18,6.32893792904069,2.01278468205414
25,10,250,300,0.25,0.05,2.9,FALSE,0.833799115883709,9,0.720327021461543,0.793103448275862,0.946666666666667,69,426,24,18,5.92784898947778,2.09692794816644
25,10,250,300,0.25,0.05,2.3,FALSE,0.833799115883709,10,0.734377877196434,0.632183908045977,0.991111111111111,55,446,4,32,6.12079539740512,1.99277328647127
25,10,250,300,0.25,0.1,2.5,FALSE,0.833799115883709,1,0.601565644471464,0.517241379310345,0.977777777777778,45,440,10,42,5.98509472519521,2.62921625377901
25,10,250,300,0.25,0.1,2.9,FALSE,0.833799115883709,2,0.615171475464702,0.534090909090909,0.977777777777778,47,440,10,41,6.33228469744442,2.54670804862809
25,10,250,300,0.25,0.1,2.9,FALSE,0.833799115883709,3,0.596001711374535,0.528735632183908,0.973333333333333,46,438,12,41,6.0854722465181,2.93111454620738
25,10,250,300,0.25,0.1,2.1,FALSE,0.833799115883709,4,0.56887448352252,0.436781609195402,0.986666666666667,38,444,6,49,5.75338143930122,2.35213542986156
25,10,250,300,0.25,0.1,2.7,FALSE,0.833799115883709,5,0.619646528481731,0.540229885057471,0.977777777777778,47,440,10,40,5.62538017886455,2.66388480274884
25,10,250,300,0.25,0.1,2.7,FALSE,0.833799115883709,6,0.657603787696031,0.64367816091954,0.964444444444444,56,434,16,31,5.98586550006615,2.67731474996627
25,10,250,300,0.25,0.1,2.9,FALSE,0.833799115883709,7,0.562046804840728,0.551724137931034,0.955555555555556,48,430,20,39,6.00977718988662,3.01942892800755
25,10,250,300,0.25,0.1,2.5,FALSE,0.833799115883709,8,0.609604044783378,0.545454545454545,0.973333333333333,48,438,12,40,5.96991593796257,2.5970644477661
25,10,250,300,0.25,0.1,2.9,FALSE,0.833799115883709,9,0.529639600500748,0.540229885057471,0.946666666666667,47,426,24,40,5.56066430810597,2.85495831818268
25,10,250,300,0.25,0.1,2.9,FALSE,0.833799115883709,10,0.627938697474865,0.620689655172414,0.96,54,432,18,33,5.78167128797793,2.74622992082487
25,10,250,500,0.05,0.03,1.5,FALSE,0.833799115883709,1,0.815156306582711,1,0.985263157894737,29,936,14,0,6.49550749814644,-0.046822792031907
25,10,250,500,0.05,0.03,1.3,FALSE,0.833799115883709,2,0.829413850280642,0.758620689655172,0.997894736842105,22,948,2,7,6.90256975401025,0.658357672262641
25,10,250,500,0.05,0.03,0.9,FALSE,0.833799115883709,3,0.705334488290632,0.566666666666667,0.997894736842105,17,948,2,13,6.69024844543945,1.03599209731457
25,10,250,500,0.05,0.03,1.5,FALSE,0.833799115883709,4,0.787767826530629,0.833333333333333,0.991578947368421,25,942,8,5,6.53804447660482,0.464205901909634
25,10,250,500,0.05,0.03,0.5,FALSE,0.833799115883709,5,0.754975667652327,0.642857142857143,0.997894736842105,18,948,2,10,7.55157248036587,0.59027028537907
25,10,250,500,0.05,0.03,0.7,FALSE,0.833799115883709,6,0.741370768022577,0.620689655172414,0.997894736842105,18,948,2,11,7.05296396166968,1.17207935987483
25,10,250,500,0.05,0.03,1.1,FALSE,0.833799115883709,7,0.713291767352341,0.758620689655172,0.989473684210526,22,940,10,7,7.0451316901973,0.658772578298438
25,10,250,500,0.05,0.03,0.5,FALSE,0.833799115883709,8,0.795490885202324,0.758620689655172,0.995789473684211,22,946,4,7,7.3751258785035,0.379836003556933
25,10,250,500,0.05,0.03,0.3,FALSE,0.833799115883709,9,0.693655404837319,0.607142857142857,0.995789473684211,17,946,4,11,7.06959444343749,0.424854341397643
25,10,250,500,0.05,0.03,1.5,FALSE,0.833799115883709,10,0.793684210526316,0.8,0.993684210526316,24,944,6,6,7.21827211141014,0.648333979698807
25,10,250,500,0.05,0.05,1.9,FALSE,0.833799115883709,1,0.611473848918461,0.862068965517241,0.968421052631579,25,920,30,4,5.89266603548189,0.836640527002554
25,10,250,500,0.05,0.05,1.3,FALSE,0.833799115883709,2,0.760851197286162,0.586206896551724,1,17,950,0,12,6.20100615579492,1.2967301678801
25,10,250,500,0.05,0.05,0.5,FALSE,0.833799115883709,3,0.605090266176457,0.433333333333333,0.997894736842105,13,948,2,17,6.08903726425448,0.938646135871602
25,10,250,500,0.05,0.05,1.7,FALSE,0.833799115883709,4,0.679583823595415,0.766666666666667,0.985263157894737,23,936,14,7,5.89974411642893,1.01253268861445
25,10,250,500,0.05,0.05,1.5,FALSE,0.833799115883709,5,0.703894716216055,0.75,0.989473684210526,21,940,10,7,6.68164186809426,0.876053523476292
25,10,250,500,0.05,0.05,1.1,FALSE,0.833799115883709,6,0.737750736041718,0.551724137931034,1,16,950,0,13,6.2851004657089,1.49838820622143
25,10,250,500,0.05,0.05,0.7,FALSE,0.833799115883709,7,0.630509839485298,0.517241379310345,0.995789473684211,15,946,4,14,6.27649745897783,0.990265680833361
25,10,250,500,0.05,0.05,1.1,FALSE,0.833799115883709,8,0.795490885202324,0.758620689655172,0.995789473684211,22,946,4,7,6.57121422049451,0.67513013446142
25,10,250,500,0.05,0.05,0.7,FALSE,0.833799115883709,9,0.718226040991799,0.642857142857143,0.995789473684211,18,946,4,10,6.31677302876668,0.708295446577424
25,10,250,500,0.05,0.05,1.9,FALSE,0.833799115883709,10,0.643333690228596,0.766666666666667,0.981052631578947,23,932,18,7,6.51322256640792,1.24357173856795
25,10,250,500,0.05,0.1,1.3,FALSE,0.833799115883709,1,0.601635853433344,0.655172413793103,0.985263157894737,19,936,14,10,5.1938306293107,1.25993235071536
25,10,250,500,0.05,0.1,0.9,FALSE,0.833799115883709,2,0.581434657538707,0.344827586206897,1,10,950,0,19,5.46028568751098,1.60462769217908
25,10,250,500,0.05,0.1,1.1,FALSE,0.833799115883709,3,0.532876602855361,0.466666666666667,0.991578947368421,14,942,8,16,5.11543053644217,1.68136405199668
25,10,250,500,0.05,0.1,0.9,FALSE,0.833799115883709,4,0.487109981756493,0.3,0.997894736842105,9,948,2,21,5.18013085726222,1.58881215690163
25,10,250,500,0.05,0.1,1.1,FALSE,0.833799115883709,5,0.587061332540341,0.464285714285714,0.995789473684211,13,946,4,15,5.66442649612528,1.31179007746728
25,10,250,500,0.05,0.1,1.1,FALSE,0.833799115883709,6,0.598152785022175,0.620689655172414,0.987368421052632,18,938,12,11,5.39167452280378,1.2735581856635
25,10,250,500,0.05,0.1,1.7,FALSE,0.833799115883709,7,0.549712829738876,0.655172413793103,0.978947368421053,19,930,20,10,5.48808184148182,1.68853579807723
25,10,250,500,0.05,0.1,2.5,FALSE,0.833799115883709,8,0.469125279571072,0.827586206896552,0.938947368421053,24,892,58,5,5.61884791341549,1.56232173122331
25,10,250,500,0.05,0.1,0.5,FALSE,0.833799115883709,9,0.49323129769405,0.392857142857143,0.993684210526316,11,944,6,17,5.39819522456401,1.0717910541145
25,10,250,500,0.05,0.1,2.1,FALSE,0.833799115883709,10,0.464307295682036,0.733333333333333,0.951578947368421,22,904,46,8,5.46997486590371,1.60241993366402
25,10,250,500,0.1,0.03,1.1,FALSE,0.833799115883709,1,0.84067477904276,0.719298245614035,1,41,900,0,16,7.68127734152066,0.636235868076471
25,10,250,500,0.1,0.03,2.3,FALSE,0.833799115883709,2,0.839943751228596,0.913793103448276,0.984444444444444,53,886,14,5,7.31107513459455,0.770151201646466
25,10,250,500,0.1,0.03,1.9,FALSE,0.833799115883709,3,0.76027088995823,0.88135593220339,0.973333333333333,52,876,24,7,6.7575108301954,0.518213155971615
25,10,250,500,0.1,0.03,1.7,FALSE,0.833799115883709,4,0.798879349712966,0.745762711864407,0.993333333333333,44,894,6,15,7.17204200426734,1.17473156581553
25,10,250,500,0.1,0.03,1.9,FALSE,0.833799115883709,5,0.821655341538462,0.810344827586207,0.991111111111111,47,892,8,11,7.66927752866597,0.611019934489546
25,10,250,500,0.1,0.03,1.9,FALSE,0.833799115883709,6,0.746257871608281,0.862068965517241,0.973333333333333,50,876,24,8,6.40775354465679,0.777597042314064
25,10,250,500,0.1,0.03,1.1,FALSE,0.833799115883709,7,0.78065648042648,0.689655172413793,0.995555555555556,40,896,4,18,6.85323867610979,0.783778355977727
25,10,250,500,0.1,0.03,2.7,FALSE,0.833799115883709,8,0.840124627404998,0.864406779661017,0.988888888888889,51,890,10,8,8.39557692100988,0.667572619226937
25,10,250,500,0.1,0.03,2.1,FALSE,0.833799115883709,9,0.770230299319461,0.915254237288136,0.971111111111111,54,874,26,5,6.43422229996754,0.499562845958229
25,10,250,500,0.1,0.03,2.7,FALSE,0.833799115883709,10,0.793805592955122,0.898305084745763,0.977777777777778,53,880,20,6,7.32022131976434,0.943704034144847
25,10,250,500,0.1,0.05,1.9,FALSE,0.833799115883709,1,0.824829539623354,0.789473684210526,0.993333333333333,45,894,6,12,6.95139950764664,0.804552430608878
25,10,250,500,0.1,0.05,2.5,FALSE,0.833799115883709,2,0.756653790400623,0.913793103448276,0.968888888888889,53,872,28,5,6.70537890793072,1.0936375784958
25,10,250,500,0.1,0.05,1.9,FALSE,0.833799115883709,3,0.707849306486527,0.76271186440678,0.977777777777778,45,880,20,14,6.16582647265776,1.05921422190984
25,10,250,500,0.1,0.05,1.7,FALSE,0.833799115883709,4,0.743544720237357,0.711864406779661,0.988888888888889,42,890,10,17,6.54180178540403,1.44296020565148
25,10,250,500,0.1,0.05,2.7,FALSE,0.833799115883709,5,0.778193244418319,0.913793103448276,0.973333333333333,53,876,24,5,6.84172903633176,1.12786183790988
25,10,250,500,0.1,0.05,1.7,FALSE,0.833799115883709,6,0.731756528700437,0.741379310344828,0.984444444444444,43,886,14,15,5.8293278869562,1.19632385611623
25,10,250,500,0.1,0.05,1.7,FALSE,0.833799115883709,7,0.757637954331551,0.758620689655172,0.986666666666667,44,888,12,14,6.20605559539918,1.054418712318
25,10,250,500,0.1,0.05,2.1,FALSE,0.833799115883709,8,0.798274456371565,0.796610169491525,0.988888888888889,47,890,10,12,7.37963396942939,1.15706772525281
25,10,250,500,0.1,0.05,1.9,FALSE,0.833799115883709,9,0.599619606803386,0.711864406779661,0.962222222222222,42,866,34,17,5.87031470353148,1.1565289472373
25,10,250,500,0.1,0.05,1.7,FALSE,0.833799115883709,10,0.814985345101121,0.711864406779661,0.997777777777778,42,898,2,17,6.71743282433076,1.15538009330574
25,10,250,500,0.1,0.1,1.7,FALSE,0.833799115883709,1,0.692788856452637,0.56140350877193,0.995555555555556,32,896,4,25,6.0058462118422,1.37561947068014
25,10,250,500,0.1,0.1,1.7,FALSE,0.833799115883709,2,0.51619457317061,0.482758620689655,0.98,28,882,18,30,5.84968055834299,1.95846043491883
25,10,250,500,0.1,0.1,1.5,FALSE,0.833799115883709,3,0.579329720820868,0.525423728813559,0.984444444444444,31,886,14,28,5.43928286916619,1.54581104342868
25,10,250,500,0.1,0.1,2.1,FALSE,0.833799115883709,4,0.599619606803386,0.711864406779661,0.962222222222222,42,866,34,17,5.7733204047247,1.75235861580176
25,10,250,500,0.1,0.1,2.1,FALSE,0.833799115883709,5,0.586004304143711,0.637931034482759,0.971111111111111,37,874,26,21,5.93334706101668,1.70778619252776
25,10,250,500,0.1,0.1,0.7,FALSE,0.833799115883709,6,0.513975474216082,0.310344827586207,0.997777777777778,18,898,2,40,5.06895491515196,1.81982334393393
25,10,250,500,0.1,0.1,1.5,FALSE,0.833799115883709,7,0.573443000901225,0.5,0.986666666666667,29,888,12,29,5.3879492699579,1.68487542283326
25,10,250,500,0.1,0.1,1.9,FALSE,0.833799115883709,8,0.664743630036501,0.661016949152542,0.982222222222222,39,884,16,20,6.33649047934466,1.60425029870535
25,10,250,500,0.1,0.1,1.1,FALSE,0.833799115883709,9,0.537639670669246,0.389830508474576,0.993333333333333,23,894,6,36,5.23484858293691,1.57465663878318
25,10,250,500,0.1,0.1,1.9,FALSE,0.833799115883709,10,0.590965976668512,0.559322033898305,0.982222222222222,33,884,16,26,5.75195362752245,2.01948665681173
25,10,250,500,0.25,0.03,2.5,FALSE,0.833799115883709,1,0.85084433633601,0.813793103448276,0.989333333333333,118,742,8,27,8.03814954378865,1.15800151276672
25,10,250,500,0.25,0.03,2.3,FALSE,0.833799115883709,2,0.86897594457758,0.815068493150685,0.994666666666667,119,746,4,27,8.29439086768287,1.10792821398392
25,10,250,500,0.25,0.03,2.9,FALSE,0.833799115883709,3,0.847307601074599,0.89041095890411,0.970666666666667,130,728,22,16,7.58742990296146,0.984505636674654
25,10,250,500,0.25,0.03,2.7,FALSE,0.833799115883709,4,0.822965001881813,0.820689655172414,0.978666666666667,119,734,16,26,8.66343762596424,1.22377585577339
25,10,250,500,0.25,0.03,2.5,FALSE,0.833799115883709,5,0.824563793024408,0.856164383561644,0.970666666666667,125,728,22,21,7.01646092988436,1.06295689400829
25,10,250,500,0.25,0.03,2.7,FALSE,0.833799115883709,6,0.844277271738018,0.828767123287671,0.984,121,738,12,25,8.19054638249245,1.30042216260367
25,10,250,500,0.25,0.03,2.7,FALSE,0.833799115883709,7,0.848765727611187,0.835616438356164,0.984,122,738,12,24,7.60736185671942,1.25962527434038
25,10,250,500,0.25,0.03,2.1,FALSE,0.833799115883709,8,0.838344809774994,0.794520547945205,0.989333333333333,116,742,8,30,7.86836189468702,1.0162162984169
25,10,250,500,0.25,0.03,2.3,FALSE,0.833799115883709,9,0.82482565957268,0.773972602739726,0.989333333333333,113,742,8,33,8.37243842715885,1.15836450618855
25,10,250,500,0.25,0.03,2.5,FALSE,0.833799115883709,10,0.900254902819227,0.903448275862069,0.986666666666667,131,740,10,14,7.66075425894117,0.63369301790355
25,10,250,500,0.25,0.05,2.9,FALSE,0.833799115883709,1,0.743370173734456,0.737931034482759,0.970666666666667,107,728,22,38,7.39544805400213,1.84607783760372
25,10,250,500,0.25,0.05,2.7,FALSE,0.833799115883709,2,0.82482565957268,0.773972602739726,0.989333333333333,113,742,8,33,7.67470255346726,1.71681357871065
25,10,250,500,0.25,0.05,2.9,FALSE,0.833799115883709,3,0.825530224890041,0.835616438356164,0.976,122,732,18,24,6.97091355622946,1.51404118183681
25,10,250,500,0.25,0.05,2.7,FALSE,0.833799115883709,4,0.789189569934014,0.758620689655172,0.981333333333333,110,736,14,35,7.8656224376231,1.71180215289755
25,10,250,500,0.25,0.05,2.9,FALSE,0.833799115883709,5,0.774400254133072,0.842465753424658,0.954666666666667,123,716,34,23,6.36037447117683,1.38475077142122
25,10,250,500,0.25,0.05,2.7,FALSE,0.833799115883709,6,0.721826318441795,0.684931506849315,0.976,100,732,18,46,7.40171215001835,1.9498975479417
25,10,250,500,0.25,0.05,2.9,FALSE,0.833799115883709,7,0.754513055124577,0.753424657534247,0.970666666666667,110,728,22,36,6.91243013141259,1.76279300684269
25,10,250,500,0.25,0.05,2.7,FALSE,0.833799115883709,8,0.792238520798697,0.808219178082192,0.970666666666667,118,728,22,28,7.20178981527711,1.4835455178102
25,10,250,500,0.25,0.05,2.7,FALSE,0.833799115883709,9,0.733327061211513,0.712328767123288,0.973333333333333,104,730,20,42,7.83545986865649,1.88737851758473
25,10,250,500,0.25,0.05,2.7,FALSE,0.833799115883709,10,0.839910904945984,0.83448275862069,0.981333333333333,121,736,14,24,6.94397420654619,1.21654693582044
25,10,250,500,0.25,0.1,2.9,FALSE,0.833799115883709,1,0.621868782426879,0.593103448275862,0.965333333333333,86,724,26,59,6.40192941513349,2.54052391027299
25,10,250,500,0.25,0.1,2.7,FALSE,0.833799115883709,2,0.746262567668361,0.671232876712329,0.986666666666667,98,740,10,48,6.76759615610137,2.22596244701703
25,10,250,500,0.25,0.1,2.9,FALSE,0.833799115883709,3,0.679292515519636,0.698630136986301,0.957333333333333,102,718,32,44,6.18647374068887,2.26950369796289
25,10,250,500,0.25,0.1,2.7,FALSE,0.833799115883709,4,0.600298865388123,0.544827586206897,0.970666666666667,79,728,22,66,6.7599934684768,2.5551305668311
25,10,250,500,0.25,0.1,2.5,FALSE,0.833799115883709,5,0.650941661471522,0.650684931506849,0.96,95,720,30,51,5.58792974598717,1.91603784406113
25,10,250,500,0.25,0.1,2.9,FALSE,0.833799115883709,6,0.57041185940839,0.582191780821918,0.949333333333333,85,712,38,61,6.42028869820593,2.57103406200249
25,10,250,500,0.25,0.1,2.5,FALSE,0.833799115883709,7,0.645300459586233,0.602739726027397,0.970666666666667,88,728,22,58,6.10507964844685,2.39661827566508
25,10,250,500,0.25,0.1,2.9,FALSE,0.833799115883709,8,0.696239836728791,0.712328767123288,0.96,104,720,30,42,6.30756166115146,2.10494474360161
25,10,250,500,0.25,0.1,2.7,FALSE,0.833799115883709,9,0.60061614107154,0.534246575342466,0.973333333333333,78,730,20,68,6.9459650671073,2.49215395310737
25,10,250,500,0.25,0.1,2.9,FALSE,0.833799115883709,10,0.721199715306066,0.717241379310345,0.968,104,726,24,41,5.94764230448994,2.1272367887027
30,3,90,100,0.05,0.03,2.5,FALSE,1.25333805539459,1,0.158465974480353,0.857142857142857,0.568421052631579,6,108,82,1,2.55425944212766,1.80957072591186
30,3,90,100,0.05,0.03,0.9,FALSE,1.25333805539459,2,0.442284818802174,0.833333333333333,0.926315789473684,5,176,14,1,2.66555675163852,0.160412564871645
30,3,90,100,0.05,0.03,2.3,FALSE,1.25333805539459,3,0.209529088730873,1,0.6,6,114,76,0,2.61800030522549,1.74016710639809
30,3,90,100,0.05,0.03,0.1,FALSE,1.25333805539459,4,0.516189736332923,0.571428571428571,0.978947368421053,4,186,4,3,2.26625542282272,0.669303202485974
30,3,90,100,0.05,0.03,0.1,FALSE,1.25333805539459,5,0.294899298761561,0.6,0.926315789473684,3,176,14,2,2.36436805782987,0.906562304852521
30,3,90,100,0.05,0.03,0.1,FALSE,1.25333805539459,6,0.256466857377603,0.4,0.957894736842105,2,182,8,3,2.43806452564953,0.86479226438461
30,3,90,100,0.05,0.03,1.9,FALSE,1.25333805539459,7,0.243808786671449,1,0.673684210526316,6,128,62,0,2.41689033127357,0.997347770386432
30,3,90,100,0.05,0.03,1.1,FALSE,1.25333805539459,8,0.257299910530404,0.8,0.831578947368421,4,158,32,1,2.22367689447188,0.599467620712911
30,3,90,100,0.05,0.03,1.9,FALSE,1.25333805539459,9,0.0867713549760843,0.5,0.726315789473684,3,138,52,3,2.76526564785802,2.05330401719147
30,3,90,100,0.05,0.03,0.3,FALSE,1.25333805539459,10,0.233967462486525,0.428571428571429,0.926315789473684,3,176,14,4,2.34737576948248,1.42045472420986
30,3,90,100,0.05,0.05,2.1,FALSE,1.25333805539459,1,0.0913438814531876,0.571428571428571,0.663157894736842,4,126,64,3,2.68485947177299,2.3300869890174
30,3,90,100,0.05,0.05,0.9,FALSE,1.25333805539459,2,0.448774357105238,0.666666666666667,0.957894736842105,4,182,8,2,2.88169982525223,0.759291108315947
30,3,90,100,0.05,0.05,2.1,FALSE,1.25333805539459,3,0.206222296155195,0.833333333333333,0.715789473684211,5,136,54,1,2.78538137714392,1.8291460588808
30,3,90,100,0.05,0.05,1.9,FALSE,1.25333805539459,4,0.267366194298921,1,0.684210526315789,7,130,60,0,2.58913780882554,1.33046379060701
30,3,90,100,0.05,0.05,1.3,TRUE,1.25333805539459,5,0.195660825723824,0.6,0.852631578947368,3,162,28,2,2.61118073107287,1.41322148888218
30,3,90,100,0.05,0.05,1.9,FALSE,1.25333805539459,6,0.201950560875954,0.8,0.757894736842105,4,144,46,1,2.83432294618218,1.36054622607571
30,3,90,100,0.05,0.05,0.1,FALSE,1.25333805539459,7,0.312280701754386,0.333333333333333,0.978947368421053,2,186,4,4,2.60101085140507,1.48375296025796
30,3,90,100,0.05,0.05,0.5,FALSE,1.25333805539459,8,0.294899298761561,0.6,0.926315789473684,3,176,14,2,2.45661789445874,0.956292010405061
30,3,90,100,0.05,0.05,0.1,FALSE,1.25333805539459,9,0.219092895401565,0.166666666666667,0.989473684210526,1,188,2,5,3.06499450422045,1.70548566544967
30,3,90,100,0.05,0.05,0.5,FALSE,1.25333805539459,10,0.351971843378749,0.428571428571429,0.968421052631579,3,184,6,4,2.63021917708038,1.65260272563397
30,3,90,100,0.05,0.1,2.5,FALSE,1.25333805539459,1,0.101050225982824,0.571428571428571,0.684210526315789,4,130,60,3,3.05432678104678,2.75758206044963
30,3,90,100,0.05,0.1,0.1,FALSE,1.25333805539459,2,0.402980349884659,0.166666666666667,1,1,190,0,5,3.11840706192927,0.99417475060294
30,3,90,100,0.05,0.1,0.1,FALSE,1.25333805539459,3,0.402980349884659,0.166666666666667,1,1,190,0,5,3.02212330392004,1.4361282907327
30,3,90,100,0.05,0.1,0.1,FALSE,1.25333805539459,4,0.372134337322663,0.142857142857143,1,1,190,0,6,2.95511243872148,1.4680083166132
30,3,90,100,0.05,0.1,1.5,FALSE,1.25333805539459,5,0.10332305579382,0.4,0.842105263157895,2,160,30,3,2.76869914827453,2.22953350093863
30,3,90,100,0.05,0.1,2.1,FALSE,1.25333805539459,6,0.230697395987484,0.8,0.8,4,152,38,1,3.08421372218732,1.89304106201226
30,3,90,100,0.05,0.1,1.3,TRUE,1.25333805539459,7,0.283068797591357,0.5,0.936842105263158,3,178,12,3,2.78083236313691,1.6032214139448
30,3,90,100,0.05,0.1,0.1,FALSE,1.25333805539459,8,0.346843987809648,0.4,0.978947368421053,2,186,4,3,2.77115598375125,0.969230175037353
30,3,90,100,0.05,0.1,1.5,FALSE,1.25333805539459,9,0.342717175989504,0.5,0.957894736842105,3,182,8,3,3.26708606902677,2.84217200789975
30,3,90,100,0.05,0.1,0.7,FALSE,1.25333805539459,10,0.372134337322663,0.142857142857143,1,1,190,0,6,3.02624579000614,2.40983635438143
30,3,90,100,0.1,0.03,0.1,FALSE,1.25333805539459,1,0.379351457328413,0.454545454545455,0.955555555555556,5,172,8,6,2.48805410643978,0.684339515321398
30,3,90,100,0.1,0.03,0.1,FALSE,1.25333805539459,2,0.326394699393122,0.4,0.955555555555556,4,172,8,6,2.60198283754524,1.05057510146738
30,3,90,100,0.1,0.03,1.3,TRUE,1.25333805539459,3,0.203862523391744,0.538461538461538,0.8,7,144,36,6,2.44456691395323,1.45704199053271
30,3,90,100,0.1,0.03,0.3,FALSE,1.25333805539459,4,0.243642781899774,0.307692307692308,0.944444444444444,4,170,10,9,2.31271407637633,1.82987000840159
30,3,90,100,0.1,0.03,0.5,FALSE,1.25333805539459,5,0.177489862423549,0.363636363636364,0.888888888888889,4,160,20,7,2.05348608341127,1.26471834488458
30,3,90,100,0.1,0.03,0.5,FALSE,1.25333805539459,6,0.474835735248491,0.6,0.955555555555556,6,172,8,4,2.58369664535184,0.435563238262169
30,3,90,100,0.1,0.03,0.5,FALSE,1.25333805539459,7,0.233549683248457,0.333333333333333,0.933333333333333,4,168,12,8,2.60384847143253,1.39756304760354
30,3,90,100,0.1,0.03,2.9,FALSE,1.25333805539459,8,0.134620687344845,0.909090909090909,0.366666666666667,10,66,114,1,2.289036458832,1.70696941533793
30,3,90,100,0.1,0.03,0.3,FALSE,1.25333805539459,9,0.444457134918221,0.461538461538462,0.966666666666667,6,174,6,7,2.49947488907196,1.23863144584992
30,3,90,100,0.1,0.03,2.9,FALSE,1.25333805539459,10,0.12113567079694,0.909090909090909,0.333333333333333,10,60,120,1,2.32397321395293,1.78185650149911
30,3,90,100,0.1,0.05,0.1,FALSE,1.25333805539459,1,0.263201765334447,0.272727272727273,0.966666666666667,3,174,6,8,2.77392333402226,1.6167664066517
30,3,90,100,0.1,0.05,1.5,FALSE,1.25333805539459,2,0.235702260395516,0.6,0.822222222222222,6,148,32,4,2.73584819493057,1.63530924883491
30,3,90,100,0.1,0.05,0.1,FALSE,1.25333805539459,3,0.201440376274494,0.230769230769231,0.955555555555556,3,172,8,10,2.63294287973116,1.92543531024677
30,3,90,100,0.1,0.05,0.3,FALSE,1.25333805539459,4,0.273239116875872,0.307692307692308,0.955555555555556,4,172,8,9,2.534637259337,2.06288465053815
30,3,90,100,0.1,0.05,1.1,FALSE,1.25333805539459,5,0.184248346125195,0.454545454545455,0.844444444444444,5,152,28,6,2.41271304077104,1.58500466245708
30,3,90,100,0.1,0.05,1.7,FALSE,1.25333805539459,6,0.317603102958263,0.8,0.8,8,144,36,2,2.74763617815348,1.20150741743678
30,3,90,100,0.1,0.05,1.7,FALSE,1.25333805539459,7,0.0713534818420892,0.25,0.855555555555556,3,154,26,9,2.73512163389071,2.32543818976904
30,3,90,100,0.1,0.05,2.7,FALSE,1.25333805539459,8,0.138326399382559,0.818181818181818,0.477777777777778,9,86,94,2,2.48262225298317,2.00677688428009
30,3,90,100,0.1,0.05,0.7,FALSE,1.25333805539459,9,0.427060810725366,0.538461538461538,0.944444444444444,7,170,10,6,2.78588457798352,1.68865284610444
30,3,90,100,0.1,0.05,0.1,FALSE,1.25333805539459,10,0.293469592826711,0.0909090909090909,1,1,180,0,10,2.61416189887189,2.06863532490671
30,3,90,100,0.1,0.1,0.1,FALSE,1.25333805539459,1,0.293469592826711,0.0909090909090909,1,1,180,0,10,2.96595603862475,2.45591292802868
30,3,90,100,0.1,0.1,0.3,FALSE,1.25333805539459,2,0.437594974493684,0.2,1,2,180,0,8,2.91749131217482,1.85270341905065
30,3,90,100,0.1,0.1,0.1,FALSE,1.25333805539459,3,0.151534081851503,0.153846153846154,0.966666666666667,2,174,6,11,2.89843945375242,2.54956179756939
30,3,90,100,0.1,0.1,2.1,FALSE,1.25333805539459,4,0.161989633485975,0.615384615384615,0.688888888888889,8,124,56,5,2.68852157253068,2.33826604992076
30,3,90,100,0.1,0.1,0.9,FALSE,1.25333805539459,5,0.275388999894386,0.363636363636364,0.944444444444444,4,170,10,7,2.78071207250708,1.70279560443625
30,3,90,100,0.1,0.1,0.1,FALSE,1.25333805539459,6,0.308606699924184,0.1,1,1,180,0,9,2.86031492875092,1.96020583152168
30,3,90,100,0.1,0.1,0.5,FALSE,1.25333805539459,7,0.280239239603615,0.0833333333333333,1,1,180,0,11,2.92704681460598,2.41825737092943
30,3,90,100,0.1,0.1,0.1,FALSE,1.25333805539459,8,0.149515060130467,0.0909090909090909,0.988888888888889,1,178,2,10,2.77367785739481,2.58415191882157
30,3,90,100,0.1,0.1,0.5,FALSE,1.25333805539459,9,0.175213675213675,0.230769230769231,0.944444444444444,3,170,10,10,2.95235668882912,2.52402641301243
30,3,90,100,0.1,0.1,0.7,FALSE,1.25333805539459,10,0.31059263259824,0.272727272727273,0.977777777777778,3,176,4,8,2.86537310917229,2.67700823697646
30,3,90,100,0.25,0.03,0.3,FALSE,1.25333805539459,1,0.293853110158205,0.25,0.96,7,144,6,21,2.3265025420017,2.02574054033572
30,3,90,100,0.25,0.03,1.7,FALSE,1.25333805539459,2,0.345842269262589,0.655172413793103,0.773333333333333,19,116,34,10,2.58176586371732,1.30740886204259
30,3,90,100,0.25,0.03,2.3,FALSE,1.25333805539459,3,0.161146085845293,0.714285714285714,0.506666666666667,20,76,74,8,2.30278123501966,1.44033138755831
30,3,90,100,0.25,0.03,1.3,TRUE,1.25333805539459,4,0.37370906257569,0.586206896551724,0.84,17,126,24,12,2.52608961476122,1.24074611156538
30,3,90,100,0.25,0.03,1.7,FALSE,1.25333805539459,5,0.362822880254976,0.633333333333333,0.8,19,120,30,11,2.55982116678862,1.27998707227658
30,3,90,100,0.25,0.03,1.3,TRUE,1.25333805539459,6,0.377455459903461,0.517241379310345,0.88,15,132,18,14,2.69487472356119,1.63092303274447
30,3,90,100,0.25,0.03,1.7,FALSE,1.25333805539459,7,0.241416619162799,0.620689655172414,0.693333333333333,18,104,46,11,2.24037063903958,1.64827696698294
30,3,90,100,0.25,0.03,2.3,FALSE,1.25333805539459,8,0.333393628498994,0.793103448275862,0.653333333333333,23,98,52,6,2.65151231168403,1.45987411574988
30,3,90,100,0.25,0.03,0.7,FALSE,1.25333805539459,9,0.239512092282117,0.379310344827586,0.866666666666667,11,130,20,18,2.08289659169755,1.75483251517599
30,3,90,100,0.25,0.03,2.9,FALSE,1.25333805539459,10,0.183429947383565,0.827586206896552,0.413333333333333,24,62,88,5,2.46523621105435,1.91759645083404
30,3,90,100,0.25,0.05,0.1,FALSE,1.25333805539459,1,0.173972250159805,0.0357142857142857,1,1,150,0,27,2.67745045604311,2.4096790491329
30,3,90,100,0.25,0.05,0.9,FALSE,1.25333805539459,2,0.421587640023042,0.413793103448276,0.946666666666667,12,142,8,17,2.7264422138452,1.68839385299234
30,3,90,100,0.25,0.05,0.5,FALSE,1.25333805539459,3,0.204185887736396,0.142857142857143,0.973333333333333,4,146,4,24,2.66815024210613,1.98005219418149
30,3,90,100,0.25,0.05,0.9,FALSE,1.25333805539459,4,0.499969676818323,0.413793103448276,0.973333333333333,12,146,4,17,2.68435668435445,1.37956193353779
30,3,90,100,0.25,0.05,0.5,FALSE,1.25333805539459,5,0.512989176042577,0.3,1,9,150,0,21,2.72949146673008,1.64636836982587
30,3,90,100,0.25,0.05,1.5,FALSE,1.25333805539459,6,0.221056091100869,0.379310344827586,0.853333333333333,11,128,22,18,3.03508588236362,2.04389444794371
30,3,90,100,0.25,0.05,0.3,FALSE,1.25333805539459,7,0.289153252588109,0.206896551724138,0.973333333333333,6,146,4,23,2.5582262380856,1.98392170147129
30,3,90,100,0.25,0.05,2.9,FALSE,1.25333805539459,8,0.2289106699876,0.827586206896552,0.48,24,72,78,5,2.80795417077098,1.93865950441004
30,3,90,100,0.25,0.05,0.7,FALSE,1.25333805539459,9,0.297198548478653,0.344827586206897,0.92,10,138,12,19,2.41422886722032,1.78329212635119
30,3,90,100,0.25,0.05,0.1,FALSE,1.25333805539459,10,0.170465552108446,0.0344827586206897,1,1,150,0,28,2.77105762678351,2.4237417122736
30,3,90,100,0.25,0.1,2.9,FALSE,1.25333805539459,1,0.0405798922691999,0.535714285714286,0.52,15,78,72,13,2.88172385119981,2.87494518559605
30,3,90,100,0.25,0.1,0.3,FALSE,1.25333805539459,2,0.289153252588109,0.206896551724138,0.973333333333333,6,146,4,23,2.8100127960237,1.99388050150871
30,3,90,100,0.25,0.1,0.7,FALSE,1.25333805539459,3,0.303045763365663,0.107142857142857,1,3,150,0,25,2.91745267915283,2.29856606292952
30,3,90,100,0.25,0.1,0.7,FALSE,1.25333805539459,4,0.345163142506869,0.206896551724138,0.986666666666667,6,148,2,23,2.82099542745921,1.64772552451751
30,3,90,100,0.25,0.1,0.7,FALSE,1.25333805539459,5,0.449791216819897,0.233333333333333,1,7,150,0,23,2.95362333253755,2.01362644631093
30,3,90,100,0.25,0.1,0.7,FALSE,1.25333805539459,6,0.289153252588109,0.206896551724138,0.973333333333333,6,146,4,23,3.16632609663036,2.27028823979459
30,3,90,100,0.25,0.1,0.1,FALSE,1.25333805539459,7,0.241754738514862,0.0689655172413793,1,2,150,0,27,2.84589492028833,2.27196608621377
30,3,90,100,0.25,0.1,2.3,FALSE,1.25333805539459,8,0.187636673779882,0.517241379310345,0.72,15,108,42,14,3.05272198707796,2.3699354519299
30,3,90,100,0.25,0.1,0.1,FALSE,1.25333805539459,9,0.385528961637895,0.172413793103448,1,5,150,0,24,2.573318299554,1.86506523140254
30,3,90,100,0.25,0.1,0.9,FALSE,1.25333805539459,10,0.157116435717518,0.137931034482759,0.96,4,144,6,25,3.02184835899164,2.57936395519982
30,3,90,300,0.05,0.03,0.3,FALSE,1.25333805539459,1,0.191784349504941,0.611111111111111,0.824561403508772,11,470,100,7,1.77482175561802,0.401630679836644
30,3,90,300,0.05,0.03,0.1,FALSE,1.25333805539459,2,0.224220109247676,0.611111111111111,0.859649122807018,11,490,80,7,1.9745251416111,0.446548771361964
30,3,90,300,0.05,0.03,0.5,FALSE,1.25333805539459,3,0.202311612734782,0.833333333333333,0.708771929824561,15,404,166,3,1.41251321603613,0.0625731699971586
30,3,90,300,0.05,0.03,0.3,FALSE,1.25333805539459,4,0.303802497166359,0.833333333333333,0.842105263157895,15,480,90,3,2.17672657812662,-0.00934974417822454
30,3,90,300,0.05,0.03,0.1,FALSE,1.25333805539459,5,0.191784349504941,0.611111111111111,0.824561403508772,11,470,100,7,1.77782011451465,0.227658183960611
30,3,90,300,0.05,0.03,0.9,FALSE,1.25333805539459,6,0.0993738301300828,0.611111111111111,0.663157894736842,11,378,192,7,1.52473180507751,0.935019497667006
30,3,90,300,0.05,0.03,0.7,FALSE,1.25333805539459,7,0.214455639179968,0.764705882352941,0.778947368421053,13,444,126,4,1.95358339252681,0.333271765056907
30,3,90,300,0.05,0.03,0.5,FALSE,1.25333805539459,8,0.270444612257438,0.666666666666667,0.87719298245614,12,500,70,6,2.51685644282625,0.326677933796019
30,3,90,300,0.05,0.03,0.9,FALSE,1.25333805539459,9,0.165364570874903,0.764705882352941,0.694736842105263,13,396,174,4,1.89906961137901,0.415040431324812
30,3,90,300,0.05,0.03,0.1,FALSE,1.25333805539459,10,0.201971153481393,0.647058823529412,0.824561403508772,11,470,100,6,1.77933973426295,0.429728200537556
30,3,90,300,0.05,0.05,0.1,FALSE,1.25333805539459,1,0.153156097245447,0.444444444444444,0.866666666666667,8,494,76,10,1.82224441004727,0.748605720921575
30,3,90,300,0.05,0.05,0.1,FALSE,1.25333805539459,2,0.153766966099473,0.388888888888889,0.894736842105263,7,510,60,11,1.88843804174376,0.838689352021499
30,3,90,300,0.05,0.05,0.7,FALSE,1.25333805539459,3,0.228773632155607,0.888888888888889,0.719298245614035,16,410,160,2,1.57935943509226,-0.0400142108926968
30,3,90,300,0.05,0.05,1.1,FALSE,1.25333805539459,4,0.216472166437675,0.833333333333333,0.733333333333333,15,418,152,3,2.20872283754621,0.256444117657577
30,3,90,300,0.05,0.05,1.3,TRUE,1.25333805539459,5,0.166307265339392,0.833333333333333,0.635087719298246,15,362,208,3,1.84016626970631,0.71976821274774
30,3,90,300,0.05,0.05,0.3,FALSE,1.25333805539459,6,0.136386807964471,0.5,0.814035087719298,9,464,106,9,1.59222893334787,0.648377481527144
30,3,90,300,0.05,0.05,0.1,FALSE,1.25333805539459,7,0.256997182452965,0.705882352941177,0.856140350877193,12,488,82,5,2.00461963072447,0.564143976699107
30,3,90,300,0.05,0.05,0.1,FALSE,1.25333805539459,8,0.23638115216478,0.5,0.912280701754386,9,520,50,9,2.44823953382611,0.318565307386316
30,3,90,300,0.05,0.05,1.3,TRUE,1.25333805539459,9,0.22057680562669,0.941176470588235,0.680701754385965,16,388,182,1,2.05469957203029,0.238093471634373
30,3,90,300,0.05,0.05,1.7,FALSE,1.25333805539459,10,0.129760861041687,0.823529411764706,0.56140350877193,14,320,250,3,1.90434998437479,0.845389267792565
30,3,90,300,0.05,0.1,0.1,FALSE,1.25333805539459,1,0.148600291266879,0.333333333333333,0.91578947368421,6,522,48,12,1.81969243669161,1.06990544344169
30,3,90,300,0.05,0.1,0.5,FALSE,1.25333805539459,2,0.15464324926159,0.5,0.83859649122807,9,478,92,9,1.91508811428452,1.07950260262836
30,3,90,300,0.05,0.1,0.1,FALSE,1.25333805539459,3,0.190530649451538,0.5,0.87719298245614,9,500,70,9,1.77835137197682,0.613575480769755
30,3,90,300,0.05,0.1,0.3,FALSE,1.25333805539459,4,0.248057165276089,0.5,0.919298245614035,9,524,46,9,2.20114872281643,0.365228201580918
30,3,90,300,0.05,0.1,0.7,FALSE,1.25333805539459,5,0.206756634799821,0.666666666666667,0.814035087719298,12,464,106,6,1.90525829393329,0.789506485046677
30,3,90,300,0.05,0.1,1.3,TRUE,1.25333805539459,6,0.10744560671484,0.722222222222222,0.585964912280702,13,334,236,5,1.62486372630629,0.788640491676588
30,3,90,300,0.05,0.1,0.1,FALSE,1.25333805539459,7,0.23167023631239,0.588235294117647,0.880701754385965,10,502,68,7,1.94765202970731,0.450659539027159
30,3,90,300,0.05,0.1,1.5,FALSE,1.25333805539459,8,0.150793857429105,0.722222222222222,0.687719298245614,13,392,178,5,2.27632881148321,0.830058557874308
30,3,90,300,0.05,0.1,1.7,FALSE,1.25333805539459,9,0.20261799558377,1,0.596491228070175,17,340,230,0,2.02782985601769,0.552691491660358
30,3,90,300,0.05,0.1,1.5,FALSE,1.25333805539459,10,0.135475683598895,0.764705882352941,0.628070175438596,13,358,212,4,1.99847262709897,1.21029629128861
30,3,90,300,0.1,0.03,0.5,FALSE,1.25333805539459,1,0.342391627071441,0.823529411764706,0.796296296296296,28,430,110,6,1.85447692735467,-0.113109854681742
30,3,90,300,0.1,0.03,1.1,FALSE,1.25333805539459,2,0.224178641144442,0.714285714285714,0.718518518518519,25,388,152,10,2.0384935144183,0.804659703383499
30,3,90,300,0.1,0.03,0.9,FALSE,1.25333805539459,3,0.279218833125017,0.848484848484849,0.711111111111111,28,384,156,5,1.98284681604711,0.172844774365104
30,3,90,300,0.1,0.03,0.7,FALSE,1.25333805539459,4,0.23147223797443,0.685714285714286,0.748148148148148,24,404,136,11,1.69814920010159,0.384286024935074
30,3,90,300,0.1,0.03,0.1,FALSE,1.25333805539459,5,0.368400209915905,0.694444444444444,0.87037037037037,25,470,70,11,1.96615861048419,0.030248856655116
30,3,90,300,0.1,0.03,0.1,FALSE,1.25333805539459,6,0.305280877700368,0.617647058823529,0.862962962962963,21,466,74,13,1.94997469173453,0.162903859075031
30,3,90,300,0.1,0.03,0.1,FALSE,1.25333805539459,7,0.32158612660671,0.666666666666667,0.848148148148148,24,458,82,12,1.86631833229395,-0.0242345207406547
30,3,90,300,0.1,0.03,0.1,FALSE,1.25333805539459,8,0.238968914201464,0.575757575757576,0.82962962962963,19,448,92,14,1.7090644717705,0.274293040636699
30,3,90,300,0.1,0.03,0.3,FALSE,1.25333805539459,9,0.222605580791867,0.6,0.792592592592593,21,428,112,14,1.5632396363138,0.456272775041186
30,3,90,300,0.1,0.03,1.1,FALSE,1.25333805539459,10,0.170241464751345,0.722222222222222,0.622222222222222,26,336,204,10,1.66220444465156,0.483045916814134
30,3,90,300,0.1,0.05,0.9,FALSE,1.25333805539459,1,0.287596860414277,0.852941176470588,0.714814814814815,29,386,154,5,1.85550322594704,0.122006132497167
30,3,90,300,0.1,0.05,0.1,FALSE,1.25333805539459,2,0.207745045530135,0.371428571428571,0.903703703703704,13,488,52,22,2.066875056708,0.828040798435471
30,3,90,300,0.1,0.05,0.1,FALSE,1.25333805539459,3,0.265226937205599,0.515151515151515,0.881481481481482,17,476,64,16,2.08461357340765,0.485504365030383
30,3,90,300,0.1,0.05,0.5,FALSE,1.25333805539459,4,0.213475216979914,0.571428571428571,0.8,20,432,108,15,1.8531812583422,0.574649817270612
30,3,90,300,0.1,0.05,0.9,FALSE,1.25333805539459,5,0.256076255699242,0.75,0.733333333333333,27,396,144,9,2.02295328959375,0.462925486093562
30,3,90,300,0.1,0.05,0.7,FALSE,1.25333805539459,6,0.26994089409095,0.705882352941177,0.785185185185185,24,424,116,10,1.97507107021603,0.405401054730326
30,3,90,300,0.1,0.05,0.3,FALSE,1.25333805539459,7,0.315312750073557,0.694444444444444,0.82962962962963,25,448,92,11,1.84722628197913,0.182213811068353
30,3,90,300,0.1,0.05,1.1,FALSE,1.25333805539459,8,0.242119990792376,0.818181818181818,0.677777777777778,27,366,174,6,1.80811929492742,0.348248789009498
30,3,90,300,0.1,0.05,0.3,FALSE,1.25333805539459,9,0.219708263315446,0.485714285714286,0.855555555555556,17,462,78,18,1.68624834836366,0.559883054540676
30,3,90,300,0.1,0.05,2.3,FALSE,1.25333805539459,10,0.131522693612348,0.916666666666667,0.337037037037037,33,182,358,3,1.65198848842392,0.73745976204024
30,3,90,300,0.1,0.1,1.1,FALSE,1.25333805539459,1,0.254730471097845,0.764705882352941,0.72962962962963,26,394,146,8,1.89883039002565,0.62844376425225
30,3,90,300,0.1,0.1,0.5,FALSE,1.25333805539459,2,0.22840790770033,0.485714285714286,0.862962962962963,17,466,74,18,2.04485258860273,1.00213242163497
30,3,90,300,0.1,0.1,1.1,FALSE,1.25333805539459,3,0.241228503573141,0.727272727272727,0.740740740740741,24,400,140,9,2.07258546574398,0.787322980025395
30,3,90,300,0.1,0.1,1.3,TRUE,1.25333805539459,4,0.185734220866159,0.628571428571429,0.725925925925926,22,392,148,13,2.08227494717903,1.0333215469794
30,3,90,300,0.1,0.1,0.7,FALSE,1.25333805539459,5,0.231284926894151,0.611111111111111,0.792592592592593,22,428,112,14,2.08786692225143,0.827571740104352
30,3,90,300,0.1,0.1,0.3,FALSE,1.25333805539459,6,0.306049849581523,0.529411764705882,0.9,18,486,54,16,1.98870915934435,0.527195215534863
30,3,90,300,0.1,0.1,0.1,FALSE,1.25333805539459,7,0.3463759532323,0.611111111111111,0.888888888888889,22,480,60,14,1.83927005600382,0.358512764340022
30,3,90,300,0.1,0.1,1.3,TRUE,1.25333805539459,8,0.268701266502983,0.878787878787879,0.674074074074074,29,364,176,4,1.95019387993898,0.549081913677718
30,3,90,300,0.1,0.1,0.3,FALSE,1.25333805539459,9,0.186948038175958,0.371428571428571,0.888888888888889,13,480,60,22,1.86425197717958,1.12589271224205
30,3,90,300,0.1,0.1,0.1,FALSE,1.25333805539459,10,0.171291883210963,0.416666666666667,0.848148148148148,15,458,82,21,1.74566391127804,0.708530028161383
30,3,90,300,0.25,0.03,0.5,FALSE,1.25333805539459,1,0.461834829721302,0.770114942528736,0.8,67,360,90,20,2.21163570665491,0.033206774401947
30,3,90,300,0.25,0.03,1.1,FALSE,1.25333805539459,2,0.336347070373346,0.781609195402299,0.666666666666667,68,300,150,19,1.71656936761744,0.338943586112177
30,3,90,300,0.25,0.03,0.3,FALSE,1.25333805539459,3,0.358713622680242,0.574712643678161,0.835555555555556,50,376,74,37,1.93823282047409,0.396152873775307
30,3,90,300,0.25,0.03,0.3,FALSE,1.25333805539459,4,0.358691353551854,0.551724137931034,0.848888888888889,48,382,68,39,1.75067500509604,0.559201997104819
30,3,90,300,0.25,0.03,0.3,FALSE,1.25333805539459,5,0.414782264882976,0.563218390804598,0.88,49,396,54,38,2.09431738315565,0.388567587900593
30,3,90,300,0.25,0.03,1.5,FALSE,1.25333805539459,6,0.355158796449198,0.875,0.604444444444444,77,272,178,11,1.89584740927971,0.331839754937969
30,3,90,300,0.25,0.03,1.1,FALSE,1.25333805539459,7,0.351263157573584,0.724137931034483,0.728888888888889,63,328,122,24,2.11819094478152,0.386064602035426
30,3,90,300,0.25,0.03,0.1,FALSE,1.25333805539459,8,0.409245123561774,0.528735632183908,0.893333333333333,46,402,48,41,2.035134372819,0.441669715285873
30,3,90,300,0.25,0.03,0.7,FALSE,1.25333805539459,9,0.390971717050719,0.659090909090909,0.808888888888889,58,364,86,30,2.00631918349866,0.288492030654306
30,3,90,300,0.25,0.03,0.3,FALSE,1.25333805539459,10,0.328043621879615,0.590909090909091,0.8,52,360,90,36,1.71618366790995,0.286535445997244
30,3,90,300,0.25,0.05,0.1,FALSE,1.25333805539459,1,0.479258267121522,0.574712643678161,0.911111111111111,50,410,40,37,2.23263686520463,0.183211785987481
30,3,90,300,0.25,0.05,1.7,FALSE,1.25333805539459,2,0.322804962588977,0.873563218390805,0.564444444444444,76,254,196,11,1.83705539791123,0.475576617368134
30,3,90,300,0.25,0.05,0.9,FALSE,1.25333805539459,3,0.330801575205963,0.609195402298851,0.791111111111111,53,356,94,34,2.10895878787135,0.630025443773294
30,3,90,300,0.25,0.05,0.5,FALSE,1.25333805539459,4,0.33776356632068,0.494252873563218,0.866666666666667,43,390,60,44,1.87455885370543,0.717353230406253
30,3,90,300,0.25,0.05,0.9,FALSE,1.25333805539459,5,0.385949208034483,0.632183908045977,0.822222222222222,55,370,80,32,2.16548417362186,0.500346270960035
30,3,90,300,0.25,0.05,1.3,TRUE,1.25333805539459,6,0.329632824861228,0.738636363636364,0.693333333333333,65,312,138,23,1.97506109499123,0.609280558009537
30,3,90,300,0.25,0.05,0.3,FALSE,1.25333805539459,7,0.375222484919662,0.505747126436782,0.884444444444444,44,398,52,43,2.21738080440554,0.600145704684206
30,3,90,300,0.25,0.05,0.5,FALSE,1.25333805539459,8,0.385646137922157,0.609195402298851,0.835555555555556,53,376,74,34,2.00292942067056,0.509592741581271
30,3,90,300,0.25,0.05,0.7,FALSE,1.25333805539459,9,0.328043621879615,0.590909090909091,0.8,52,360,90,36,1.99339475595752,0.574087515703592
30,3,90,300,0.25,0.05,0.3,FALSE,1.25333805539459,10,0.301509305899477,0.556818181818182,0.8,49,360,90,39,1.75273582870545,0.483021552001076
30,3,90,300,0.25,0.1,0.5,FALSE,1.25333805539459,1,0.467812342672039,0.666666666666667,0.862222222222222,58,388,62,29,2.25661282088969,0.295567502932166
30,3,90,300,0.25,0.1,0.7,FALSE,1.25333805539459,2,0.247050691014204,0.482758620689655,0.804444444444444,42,362,88,45,1.81881540006789,1.02639845695178
30,3,90,300,0.25,0.1,1.7,FALSE,1.25333805539459,3,0.287709541141993,0.735632183908046,0.648888888888889,64,292,158,23,2.22499032051121,0.974402576200765
30,3,90,300,0.25,0.1,0.3,FALSE,1.25333805539459,4,0.245660362999435,0.333333333333333,0.897777777777778,29,404,46,58,1.92863796912541,1.15747379805018
30,3,90,300,0.25,0.1,0.9,FALSE,1.25333805539459,5,0.310742208067045,0.528735632183908,0.826666666666667,46,372,78,41,2.16855437713078,0.954119080794329
30,3,90,300,0.25,0.1,0.5,FALSE,1.25333805539459,6,0.305289802642035,0.477272727272727,0.853333333333333,42,384,66,46,1.9700992689326,0.960120271104867
30,3,90,300,0.25,0.1,0.1,FALSE,1.25333805539459,7,0.411157714869997,0.402298850574713,0.946666666666667,35,426,24,52,2.32916762536321,0.855470273022428
30,3,90,300,0.25,0.1,1.7,FALSE,1.25333805539459,8,0.316320050411116,0.804597701149425,0.622222222222222,70,280,170,17,2.06500715198054,0.812072023606286
30,3,90,300,0.25,0.1,0.3,FALSE,1.25333805539459,9,0.249421252588402,0.375,0.875555555555556,33,394,56,55,2.00054654456881,1.04586353312492
30,3,90,300,0.25,0.1,0.1,FALSE,1.25333805539459,10,0.255231851086674,0.318181818181818,0.911111111111111,28,410,40,60,1.8863102494834,0.851342969411184
30,3,90,500,0.05,0.03,0.7,FALSE,1.25333805539459,1,0.187255012933786,0.833333333333333,0.68,25,646,304,5,1.66648369894478,0.189418851193967
30,3,90,500,0.05,0.03,0.7,FALSE,1.25333805539459,2,0.201434156086054,0.821428571428571,0.726315789473684,23,690,260,5,1.81935986467164,0.050419508832726
30,3,90,500,0.05,0.03,0.1,FALSE,1.25333805539459,3,0.224416155447418,0.724137931034483,0.810526315789474,21,770,180,8,1.76583450891864,-0.298195353897133
30,3,90,500,0.05,0.03,0.9,FALSE,1.25333805539459,4,0.216849378661588,0.931034482758621,0.67578947368421,27,642,308,2,1.79037717968788,-0.129403419704094
30,3,90,500,0.05,0.03,0.5,FALSE,1.25333805539459,5,0.164814055343378,0.714285714285714,0.730526315789474,20,694,256,8,1.71496211760012,0.258081616557551
30,3,90,500,0.05,0.03,0.1,FALSE,1.25333805539459,6,0.146165450980981,0.5,0.833684210526316,14,792,158,14,1.85527180897873,0.413415647723247
30,3,90,500,0.05,0.03,0.1,FALSE,1.25333805539459,7,0.258173833140878,0.709677419354839,0.846315789473684,22,804,146,9,1.81358094843253,-0.108715607002092
30,3,90,500,0.05,0.03,0.1,FALSE,1.25333805539459,8,0.154353164385948,0.517241379310345,0.831578947368421,15,790,160,14,1.86484958524816,0.43078228710653
30,3,90,500,0.05,0.03,0.3,FALSE,1.25333805539459,9,0.258448198180259,0.766666666666667,0.825263157894737,23,784,166,7,2.13660121906461,-0.0270507648501735
30,3,90,500,0.05,0.03,0.3,FALSE,1.25333805539459,10,0.211662922835212,0.655172413793103,0.829473684210526,19,788,162,10,1.95104367655561,0.0515644792485563
30,3,90,500,0.05,0.05,0.9,FALSE,1.25333805539459,1,0.157618455376128,0.8,0.642105263157895,24,610,340,6,1.56727391785802,0.381725545871768
30,3,90,500,0.05,0.05,0.5,FALSE,1.25333805539459,2,0.204811358231733,0.75,0.774736842105263,21,736,214,7,1.74731088196713,0.142278774191796
30,3,90,500,0.05,0.05,0.3,FALSE,1.25333805539459,3,0.245419034271122,0.793103448275862,0.802105263157895,23,762,188,6,1.78292087191964,-0.0852018821695085
30,3,90,500,0.05,0.05,0.3,FALSE,1.25333805539459,4,0.208288311139379,0.724137931034483,0.789473684210526,21,750,200,8,1.78185837137177,0.00400745489746576
30,3,90,500,0.05,0.05,0.9,FALSE,1.25333805539459,5,0.142723942431943,0.75,0.658947368421053,21,626,324,7,1.64441609736136,0.282609621424161
30,3,90,500,0.05,0.05,1.3,TRUE,1.25333805539459,6,0.171083030075686,0.892857142857143,0.610526315789474,25,580,370,3,1.78072875300694,0.166563942070047
30,3,90,500,0.05,0.05,0.1,FALSE,1.25333805539459,7,0.222034399540725,0.67741935483871,0.823157894736842,21,782,168,10,1.72824784513294,0.0468816885376874
30,3,90,500,0.05,0.05,0.1,FALSE,1.25333805539459,8,0.213499305815339,0.655172413793103,0.831578947368421,19,790,160,10,1.70993315817805,0.0731188737650117
30,3,90,500,0.05,0.05,0.9,FALSE,1.25333805539459,9,0.203544038717666,0.8,0.732631578947368,24,696,254,6,2.00630204542474,0.120887119740215
30,3,90,500,0.05,0.05,1.1,FALSE,1.25333805539459,10,0.150944669806334,0.758620689655172,0.665263157894737,22,632,318,7,1.88029270785743,0.358251207430745
30,3,90,500,0.05,0.1,0.3,FALSE,1.25333805539459,1,0.134150360004608,0.533333333333333,0.789473684210526,16,750,200,14,1.51778720845209,0.456248105871633
30,3,90,500,0.05,0.1,0.3,FALSE,1.25333805539459,2,0.184364814285026,0.678571428571429,0.785263157894737,19,746,204,9,1.64571450107821,0.125766509188398
30,3,90,500,0.05,0.1,0.3,FALSE,1.25333805539459,3,0.136880663544929,0.551724137931034,0.785263157894737,16,746,204,13,1.61944815135897,0.309330245793982
30,3,90,500,0.05,0.1,0.1,FALSE,1.25333805539459,4,0.181601279638415,0.551724137931034,0.846315789473684,16,804,146,13,1.68630853800244,0.399570786332287
30,3,90,500,0.05,0.1,0.7,FALSE,1.25333805539459,5,0.175536020149806,0.75,0.726315789473684,21,690,260,7,1.68087970655112,0.190861214662664
30,3,90,500,0.05,0.1,0.3,FALSE,1.25333805539459,6,0.170633523530944,0.607142857142857,0.806315789473684,17,766,184,11,1.71351321574414,0.204389480965425
30,3,90,500,0.05,0.1,1.3,TRUE,1.25333805539459,7,0.220958865877346,1,0.618947368421053,31,588,362,0,1.74768507534181,0.0135960079906668
30,3,90,500,0.05,0.1,0.5,FALSE,1.25333805539459,8,0.178045031877889,0.655172413793103,0.785263157894737,19,746,204,10,1.68123222404555,0.24779895424022
30,3,90,500,0.05,0.1,0.5,FALSE,1.25333805539459,9,0.216343266665737,0.766666666666667,0.772631578947368,23,734,216,7,1.71417477061616,0.130717951267004
30,3,90,500,0.05,0.1,0.1,FALSE,1.25333805539459,10,0.159544867682923,0.551724137931034,0.818947368421053,16,778,172,13,1.83316372031437,0.421180158461497
30,3,90,500,0.1,0.03,0.3,FALSE,1.25333805539459,1,0.254859479856806,0.724137931034483,0.753333333333333,42,678,222,16,1.4693817324746,0.0164791378304567
30,3,90,500,0.1,0.03,0.1,FALSE,1.25333805539459,2,0.209738891379815,0.578947368421053,0.793333333333333,33,714,186,24,1.62620608736847,0.158041694958464
30,3,90,500,0.1,0.03,0.1,FALSE,1.25333805539459,3,0.236985721543129,0.593220338983051,0.811111111111111,35,730,170,24,1.61647073484408,0.0479106734339495
30,3,90,500,0.1,0.03,0.5,FALSE,1.25333805539459,4,0.28943093691001,0.711864406779661,0.797777777777778,42,718,182,17,2.03890543129066,0.156793779118317
30,3,90,500,0.1,0.03,0.1,FALSE,1.25333805539459,5,0.30049833643643,0.694915254237288,0.817777777777778,41,736,164,18,1.76524545670805,-0.216898878185245
30,3,90,500,0.1,0.03,1.7,FALSE,1.25333805539459,6,0.20366632387116,0.88135593220339,0.542222222222222,52,488,412,7,1.9235240076135,0.509772959496872
30,3,90,500,0.1,0.03,0.1,FALSE,1.25333805539459,7,0.266396429626084,0.586206896551724,0.844444444444444,34,760,140,24,1.99998809298266,0.32662273979606
30,3,90,500,0.1,0.03,1.3,TRUE,1.25333805539459,8,0.195016109504424,0.813559322033898,0.588888888888889,48,530,370,11,1.79842164880029,0.37798330987311
30,3,90,500,0.1,0.03,0.3,FALSE,1.25333805539459,9,0.245403661243032,0.637931034482759,0.795555555555556,37,716,184,21,1.95063565628213,0.272530179917324
30,3,90,500,0.1,0.03,1.7,FALSE,1.25333805539459,10,0.20293044223029,0.896551724137931,0.528888888888889,52,476,424,6,1.78694657511371,0.216881716282511
30,3,90,500,0.1,0.05,0.9,FALSE,1.25333805539459,1,0.216022553991407,0.827586206896552,0.617777777777778,48,556,344,10,1.4122314572521,-0.0829024811750258
30,3,90,500,0.1,0.05,0.3,FALSE,1.25333805539459,2,0.209999986153442,0.614035087719298,0.771111111111111,35,694,206,22,1.62989921411055,0.0569293838414976
30,3,90,500,0.1,0.05,0.5,FALSE,1.25333805539459,3,0.219002748998377,0.677966101694915,0.735555555555556,40,662,238,19,1.55208335109388,0.22810825678191
30,3,90,500,0.1,0.05,0.1,FALSE,1.25333805539459,4,0.318732773230448,0.644067796610169,0.857777777777778,38,772,128,21,1.88598733519574,0.0426888333318057
30,3,90,500,0.1,0.05,0.1,FALSE,1.25333805539459,5,0.312180410854556,0.745762711864407,0.802222222222222,44,722,178,15,1.62053557329307,-0.244477172576145
30,3,90,500,0.1,0.05,0.3,FALSE,1.25333805539459,6,0.240083837725238,0.610169491525424,0.804444444444444,36,724,176,23,1.88000750242546,0.26024535498665
30,3,90,500,0.1,0.05,1.1,FALSE,1.25333805539459,7,0.249619444548868,0.810344827586207,0.686666666666667,47,618,282,11,1.96301103153233,0.390673630599473
30,3,90,500,0.1,0.05,0.5,FALSE,1.25333805539459,8,0.220652184791572,0.677966101694915,0.737777777777778,40,664,236,19,1.7581625200857,0.234256584593091
30,3,90,500,0.1,0.05,0.5,FALSE,1.25333805539459,9,0.235483647065348,0.637931034482759,0.784444444444444,37,706,194,21,1.89366833391455,0.315470833976238
30,3,90,500,0.1,0.05,0.1,FALSE,1.25333805539459,10,0.195221480145241,0.5,0.824444444444444,29,742,158,29,1.73551364591251,0.490787585274385
30,3,90,500,0.1,0.1,0.7,FALSE,1.25333805539459,1,0.185791072767701,0.689655172413793,0.68,40,612,288,18,1.41641779411857,0.312863367205588
30,3,90,500,0.1,0.1,1.1,FALSE,1.25333805539459,2,0.156850167059203,0.736842105263158,0.591111111111111,42,532,368,15,1.51630306495365,0.426905824236921
30,3,90,500,0.1,0.1,0.1,FALSE,1.25333805539459,3,0.213757245679663,0.559322033898305,0.806666666666667,33,726,174,26,1.5466288815806,0.333808269614819
30,3,90,500,0.1,0.1,0.1,FALSE,1.25333805539459,4,0.249910033168605,0.542372881355932,0.851111111111111,32,766,134,27,1.88091863156141,0.19981506851157
30,3,90,500,0.1,0.1,0.1,FALSE,1.25333805539459,5,0.291153114979544,0.661016949152542,0.826666666666667,39,744,156,20,1.63960810903437,-0.0405238809358328
30,3,90,500,0.1,0.1,0.5,FALSE,1.25333805539459,6,0.200847679530479,0.627118644067797,0.746666666666667,37,672,228,22,1.80269433993362,0.389161275714802
30,3,90,500,0.1,0.1,0.1,FALSE,1.25333805539459,7,0.218638847589152,0.517241379310345,0.837777777777778,30,754,146,28,1.88626742366216,0.573971017523905
30,3,90,500,0.1,0.1,0.1,FALSE,1.25333805539459,8,0.209164098218049,0.525423728813559,0.822222222222222,31,740,160,28,1.69180064598931,0.357993893277021
30,3,90,500,0.1,0.1,0.1,FALSE,1.25333805539459,9,0.223364770417421,0.517241379310345,0.842222222222222,30,758,142,28,1.80337696393443,0.412655231375703
30,3,90,500,0.1,0.1,2.3,FALSE,1.25333805539459,10,0.158160635178039,0.982758620689655,0.322222222222222,57,290,610,1,1.69868555575188,0.476215460674515
30,3,90,500,0.25,0.03,0.7,FALSE,1.25333805539459,1,0.367839767032065,0.73972602739726,0.733333333333333,108,550,200,38,1.77840632366846,0.265751358427196
30,3,90,500,0.25,0.03,0.7,FALSE,1.25333805539459,2,0.28177349404689,0.73972602739726,0.637333333333333,108,478,272,38,1.35781153756849,0.210338710113071
30,3,90,500,0.25,0.03,0.1,FALSE,1.25333805539459,3,0.461881413669509,0.643835616438356,0.869333333333333,94,652,98,52,2.16706978762472,0.0784341108471603
30,3,90,500,0.25,0.03,0.7,FALSE,1.25333805539459,4,0.372492526864363,0.76027397260274,0.722666666666667,111,542,208,35,1.76212966609991,0.0389464934423358
30,3,90,500,0.25,0.03,0.9,FALSE,1.25333805539459,5,0.384847750824782,0.801369863013699,0.704,117,528,222,29,1.80090354339091,0.0733002971219323
30,3,90,500,0.25,0.03,0.9,FALSE,1.25333805539459,6,0.351655557798293,0.793103448275862,0.674666666666667,115,506,244,30,1.89687924775298,0.250661015628193
30,3,90,500,0.25,0.03,0.5,FALSE,1.25333805539459,7,0.350539166823581,0.664383561643836,0.770666666666667,97,578,172,49,1.73746874676567,0.211075543106723
30,3,90,500,0.25,0.03,0.9,FALSE,1.25333805539459,8,0.319821311109095,0.827586206896552,0.605333333333333,120,454,296,25,1.59028710050641,0.11368375819701
30,3,90,500,0.25,0.03,0.3,FALSE,1.25333805539459,9,0.291082923470757,0.579310344827586,0.776,84,582,168,61,1.49005494352404,0.26216042993034
30,3,90,500,0.25,0.03,0.5,FALSE,1.25333805539459,10,0.3074938210375,0.703448275862069,0.698666666666667,102,524,226,43,1.58442776001477,0.211546829274014
30,3,90,500,0.25,0.05,0.5,FALSE,1.25333805539459,1,0.323291484600517,0.650684931506849,0.754666666666667,95,566,184,51,1.80555891727935,0.293162869688726
30,3,90,500,0.25,0.05,0.7,FALSE,1.25333805539459,2,0.26103696471428,0.705479452054795,0.642666666666667,103,482,268,43,1.37531962387232,0.311501683356191
30,3,90,500,0.25,0.05,0.3,FALSE,1.25333805539459,3,0.421202063283767,0.636986301369863,0.845333333333333,93,634,116,53,2.15003789335757,0.18909564218885
30,3,90,500,0.25,0.05,0.3,FALSE,1.25333805539459,4,0.334150854882598,0.623287671232877,0.784,91,588,162,55,1.7018731409655,0.245197187883058
30,3,90,500,0.25,0.05,0.5,FALSE,1.25333805539459,5,0.302992500463648,0.616438356164384,0.76,90,570,180,56,1.829482731138,0.315025303762192
30,3,90,500,0.25,0.05,1.7,FALSE,1.25333805539459,6,0.308752386869948,0.889655172413793,0.528,129,396,354,16,1.88602405903756,0.445135681131712
30,3,90,500,0.25,0.05,0.3,FALSE,1.25333805539459,7,0.347296368814178,0.616438356164384,0.8,90,600,150,56,1.81028446008622,0.288364827198232
30,3,90,500,0.25,0.05,1.5,FALSE,1.25333805539459,8,0.261074782001792,0.848275862068966,0.504,123,378,372,22,1.67450863012969,0.321016825742709
30,3,90,500,0.25,0.05,0.7,FALSE,1.25333805539459,9,0.329994957028388,0.717241379310345,0.712,104,534,216,41,1.5915592241355,0.331878449059739
30,3,90,500,0.25,0.05,1.5,FALSE,1.25333805539459,10,0.304643248823892,0.868965517241379,0.544,126,408,342,19,1.69342544548975,0.345097611049915
30,3,90,500,0.25,0.1,0.3,FALSE,1.25333805539459,1,0.251759402796523,0.520547945205479,0.781333333333333,76,586,164,70,1.64543360177415,0.557179170108077
30,3,90,500,0.25,0.1,0.7,FALSE,1.25333805539459,2,0.214940856106905,0.60958904109589,0.672,89,504,246,57,1.48498504908475,0.569388428041985
30,3,90,500,0.25,0.1,0.3,FALSE,1.25333805539459,3,0.360507495572568,0.554794520547945,0.848,81,636,114,65,2.05881431794514,0.559824912303618
30,3,90,500,0.25,0.1,0.5,FALSE,1.25333805539459,4,0.253591412941307,0.541095890410959,0.768,79,576,174,67,1.64586866728838,0.53891049780927
30,3,90,500,0.25,0.1,0.1,FALSE,1.25333805539459,5,0.293700022041202,0.472602739726027,0.848,69,636,114,77,1.70830499722412,0.56297322962639
30,3,90,500,0.25,0.1,0.9,FALSE,1.25333805539459,6,0.332817230948457,0.737931034482759,0.698666666666667,107,524,226,38,1.86475748776094,0.419820704858521
30,3,90,500,0.25,0.1,1.1,FALSE,1.25333805539459,7,0.316058803554069,0.746575342465753,0.672,109,504,246,37,1.88997960152512,0.384858443238875
30,3,90,500,0.25,0.1,1.3,TRUE,1.25333805539459,8,0.261838015457784,0.813793103448276,0.541333333333333,118,406,344,27,1.62909171268953,0.480466717763247
30,3,90,500,0.25,0.1,1.3,TRUE,1.25333805539459,9,0.267084246553419,0.772413793103448,0.589333333333333,112,442,308,33,1.57813122582637,0.526976227456915
30,3,90,500,0.25,0.1,0.7,FALSE,1.25333805539459,10,0.307057451462451,0.662068965517241,0.730666666666667,96,548,202,49,1.71062903436664,0.484061803205135
30,6,180,100,0.05,0.03,2.5,FALSE,1.25333805539459,1,0.498487790876717,0.8,0.957894736842105,4,182,8,1,4.81549431309451,2.26014893288749
30,6,180,100,0.05,0.03,1.9,FALSE,1.25333805539459,2,0.118946517017452,0.2,0.957894736842105,1,182,8,4,4.58735901622028,3.84174124796957
30,6,180,100,0.05,0.03,1.3,TRUE,1.25333805539459,3,0.492054666156328,0.428571428571429,0.989473684210526,3,188,2,4,4.94094390468601,2.33217554369566
30,6,180,100,0.05,0.03,0.9,FALSE,1.25333805539459,4,0.892082685811471,0.8,1,4,190,0,1,4.83210085242249,1.14927148999383
30,6,180,100,0.05,0.03,0.1,FALSE,1.25333805539459,5,0.571367203381202,0.333333333333333,1,2,190,0,4,4.76526114931613,1.34143166670941
30,6,180,100,0.05,0.03,0.7,FALSE,1.25333805539459,6,0.372134337322663,0.142857142857143,1,1,190,0,6,4.75494972546571,3.01506731759132
30,6,180,100,0.05,0.03,0.9,FALSE,1.25333805539459,7,0.527625130550354,0.285714285714286,1,2,190,0,5,4.73975340000398,2.45140652583493
30,6,180,100,0.05,0.03,1.7,FALSE,1.25333805539459,8,0.699779052022483,0.5,1,4,190,0,4,4.86639266940389,2.57290983348521
30,6,180,100,0.05,0.03,1.3,TRUE,1.25333805539459,9,0.527625130550354,0.285714285714286,1,2,190,0,5,4.90178541465164,2.42486630444314
30,6,180,100,0.05,0.03,2.5,FALSE,1.25333805539459,10,0.346843987809648,0.4,0.978947368421053,2,186,4,3,4.72451096755058,2.67528281616131
30,6,180,100,0.05,0.05,1.7,FALSE,1.25333805539459,1,0.243332131696144,0.2,0.989473684210526,1,188,2,4,5.14974861217894,3.04542370291189
30,6,180,100,0.05,0.05,0.1,FALSE,1.25333805539459,2,0,0,1,0,190,0,5,4.87498137339215,5.5235008763857
30,6,180,100,0.05,0.05,2.9,FALSE,1.25333805539459,3,0.550436485629426,0.714285714285714,0.968421052631579,5,184,6,2,5.25013653360403,2.37289722814358
30,6,180,100,0.05,0.05,2.1,FALSE,1.25333805539459,4,0.770551750371122,0.6,1,3,190,0,2,5.12254988314569,2.66099380249284
30,6,180,100,0.05,0.05,1.3,TRUE,1.25333805539459,5,0.70158960887018,0.5,1,3,190,0,3,4.96913359694044,2.28590715263232
30,6,180,100,0.05,0.05,1.3,TRUE,1.25333805539459,6,0.372134337322663,0.142857142857143,1,1,190,0,6,5.0585406328288,4.12176027632302
30,6,180,100,0.05,0.05,2.9,FALSE,1.25333805539459,7,0.238349905574492,0.285714285714286,0.968421052631579,2,184,6,5,5.07084686202644,3.48622161898328
30,6,180,100,0.05,0.05,2.7,FALSE,1.25333805539459,8,0.421191186609468,0.5,0.968421052631579,4,184,6,4,5.21025026277944,3.26849367823485
30,6,180,100,0.05,0.05,1.9,FALSE,1.25333805539459,9,0.492054666156328,0.428571428571429,0.989473684210526,3,188,2,4,5.18103458758405,2.71809043980297
30,6,180,100,0.05,0.05,2.9,FALSE,1.25333805539459,10,0.627520823096484,0.4,1,2,190,0,3,5.08469218334806,3.2985292191586
30,6,180,100,0.05,0.1,2.5,FALSE,1.25333805539459,1,0.442579132652901,0.2,1,1,190,0,4,5.54680902785411,3.69154697724073
30,6,180,100,0.05,0.1,0.1,FALSE,1.25333805539459,2,0,0,1,0,190,0,5,5.49976223528351,5.710322655981
30,6,180,100,0.05,0.1,0.1,FALSE,1.25333805539459,3,0,0,1,0,190,0,7,5.63446846419914,3.81213701333854
30,6,180,100,0.05,0.1,2.7,FALSE,1.25333805539459,4,0.627520823096484,0.4,1,2,190,0,3,5.62044923979876,3.81645187328923
30,6,180,100,0.05,0.1,0.7,FALSE,1.25333805539459,5,0.571367203381202,0.333333333333333,1,2,190,0,4,5.49084682351168,3.24229372170999
30,6,180,100,0.05,0.1,2.7,FALSE,1.25333805539459,6,0.14336844589447,0.142857142857143,0.978947368421053,1,186,4,6,5.71368932367394,5.33551865879737
30,6,180,100,0.05,0.1,0.1,FALSE,1.25333805539459,7,0,0,1,0,190,0,7,5.78981166977003,4.68546615215055
30,6,180,100,0.05,0.1,0.1,FALSE,1.25333805539459,8,0,0,1,0,190,0,8,5.89826548668704,4.4470196777394
30,6,180,100,0.05,0.1,2.7,FALSE,1.25333805539459,9,0.238349905574492,0.285714285714286,0.968421052631579,2,184,6,5,5.81563878859434,3.44651452253212
30,6,180,100,0.05,0.1,0.1,FALSE,1.25333805539459,10,0,0,1,0,190,0,5,5.89608212723939,3.79984160380804
30,6,180,100,0.1,0.03,2.5,FALSE,1.25333805539459,1,0.491686428803471,0.545454545454545,0.966666666666667,6,174,6,5,4.9425450718011,2.21581397219371
30,6,180,100,0.1,0.03,1.5,FALSE,1.25333805539459,2,0.633300496381124,0.416666666666667,1,5,180,0,7,4.71489610931781,2.3876138959727
30,6,180,100,0.1,0.03,1.9,FALSE,1.25333805539459,3,0.470826976370345,0.363636363636364,0.988888888888889,4,178,2,7,4.87408178968447,2.44271860715165
30,6,180,100,0.1,0.03,1.3,TRUE,1.25333805539459,4,0.807572853087248,0.666666666666667,1,8,180,0,4,4.89158421682506,1.4924425210314
30,6,180,100,0.1,0.03,2.5,FALSE,1.25333805539459,5,0.451716463736496,0.416666666666667,0.977777777777778,5,176,4,7,4.94313370799641,2.99366434877982
30,6,180,100,0.1,0.03,2.9,FALSE,1.25333805539459,6,0.219780329450961,0.416666666666667,0.888888888888889,5,160,20,7,4.67122219012475,2.97392226776398
30,6,180,100,0.1,0.03,1.3,TRUE,1.25333805539459,7,0.437594974493684,0.2,1,2,180,0,8,4.52420427959628,2.80372616011789
30,6,180,100,0.1,0.03,1.5,FALSE,1.25333805539459,8,0.487950036474267,0.25,1,3,180,0,9,4.74325253976355,2.39058250252389
30,6,180,100,0.1,0.03,2.9,FALSE,1.25333805539459,9,0.620302435827682,0.727272727272727,0.966666666666667,8,174,6,3,4.97683567664296,2.53692858365863
30,6,180,100,0.1,0.03,1.9,FALSE,1.25333805539459,10,0.721866893141937,0.538461538461538,1,7,180,0,6,4.79145005613501,1.93065153256779
30,6,180,100,0.1,0.05,1.9,FALSE,1.25333805539459,1,0.416125189288239,0.181818181818182,1,2,180,0,9,5.23486616397993,2.99425759692563
30,6,180,100,0.1,0.05,2.5,FALSE,1.25333805539459,2,0.448280932568163,0.333333333333333,0.988888888888889,4,178,2,8,5.13033947064994,3.41506697127214
30,6,180,100,0.1,0.05,2.7,FALSE,1.25333805539459,3,0.421212121212121,0.454545454545455,0.966666666666667,5,174,6,6,5.2125339982116,3.12618955533525
30,6,180,100,0.1,0.05,2.3,FALSE,1.25333805539459,4,0.714168488549187,0.666666666666667,0.988888888888889,8,178,2,4,5.03752702164649,2.41823432824506
30,6,180,100,0.1,0.05,1.5,FALSE,1.25333805539459,5,0.564932682866032,0.333333333333333,1,4,180,0,8,5.21647192236514,3.18330146152654
30,6,180,100,0.1,0.05,2.7,FALSE,1.25333805539459,6,0.0645746403000758,0.0833333333333333,0.966666666666667,1,174,6,11,5.07205640270913,3.8886617051522
30,6,180,100,0.1,0.05,2.7,FALSE,1.25333805539459,7,0.420041279441291,0.4,0.977777777777778,4,176,4,6,4.98578025282111,3.56583752756032
30,6,180,100,0.1,0.05,0.1,FALSE,1.25333805539459,8,0.397359707119513,0.166666666666667,1,2,180,0,10,4.98625420272705,3.19392049946698
30,6,180,100,0.1,0.05,2.9,FALSE,1.25333805539459,9,0.447845717861034,0.545454545454545,0.955555555555556,6,172,8,5,5.12161617124219,2.90540647255749
30,6,180,100,0.1,0.05,2.7,FALSE,1.25333805539459,10,0.67008547008547,0.692307692307692,0.977777777777778,9,176,4,4,5.04011758193789,2.64405214995515
30,6,180,100,0.1,0.1,2.9,FALSE,1.25333805539459,1,0.228282828282828,0.272727272727273,0.955555555555556,3,172,8,8,5.61775738599595,3.70674020492937
30,6,180,100,0.1,0.1,0.7,FALSE,1.25333805539459,2,0.280239239603615,0.0833333333333333,1,1,180,0,11,5.57432549583631,3.95338729206732
30,6,180,100,0.1,0.1,2.5,FALSE,1.25333805539459,3,0.293469592826711,0.0909090909090909,1,1,180,0,10,5.83548577598277,4.61530945103918
30,6,180,100,0.1,0.1,0.1,FALSE,1.25333805539459,4,0.397359707119513,0.166666666666667,1,2,180,0,10,5.73822226198704,4.04952815612407
30,6,180,100,0.1,0.1,0.1,FALSE,1.25333805539459,5,0.397359707119513,0.166666666666667,1,2,180,0,10,5.84515198894658,3.73805170699591
30,6,180,100,0.1,0.1,0.1,FALSE,1.25333805539459,6,0,0,1,0,180,0,12,5.72263369479056,4.14003124581356
30,6,180,100,0.1,0.1,2.3,FALSE,1.25333805539459,7,0.437594974493684,0.2,1,2,180,0,8,5.42177202687393,4.00555821993348
30,6,180,100,0.1,0.1,2.3,FALSE,1.25333805539459,8,0.487950036474267,0.25,1,3,180,0,9,5.49009735457562,4.03543746744617
30,6,180,100,0.1,0.1,1.3,TRUE,1.25333805539459,9,0.416125189288239,0.181818181818182,1,2,180,0,9,5.64469349409706,3.57845504696603
30,6,180,100,0.1,0.1,2.9,FALSE,1.25333805539459,10,0.558119207659608,0.538461538461538,0.977777777777778,7,176,4,6,5.52925206180213,3.20702552826277
30,6,180,100,0.25,0.03,1.7,FALSE,1.25333805539459,1,0.393485347140822,0.178571428571429,1,5,150,0,23,4.56031995516158,3.24930752164189
30,6,180,100,0.25,0.03,2.9,FALSE,1.25333805539459,2,0.446250733809404,0.607142857142857,0.88,17,132,18,11,4.59644954596313,2.57560985094127
30,6,180,100,0.25,0.03,2.7,FALSE,1.25333805539459,3,0.559495511000388,0.535714285714286,0.96,15,144,6,13,4.75710663418794,2.82574899366674
30,6,180,100,0.25,0.03,2.5,FALSE,1.25333805539459,4,0.619496343947734,0.5,0.986666666666667,14,148,2,14,4.74301025683814,2.70049540519855
30,6,180,100,0.25,0.03,2.5,FALSE,1.25333805539459,5,0.313863111738307,0.392857142857143,0.906666666666667,11,136,14,17,4.56169225858277,2.87992392444866
30,6,180,100,0.25,0.03,2.9,FALSE,1.25333805539459,6,0.492077312054333,0.689655172413793,0.866666666666667,20,130,20,9,4.54573019406187,2.58987354358787
30,6,180,100,0.25,0.03,2.5,FALSE,1.25333805539459,7,0.561315239966903,0.533333333333333,0.96,16,144,6,14,4.8298195447579,2.72907823375902
30,6,180,100,0.25,0.03,2.7,FALSE,1.25333805539459,8,0.478939964998898,0.517241379310345,0.933333333333333,15,140,10,14,5.10973150092617,2.77774312644602
30,6,180,100,0.25,0.03,2.9,FALSE,1.25333805539459,9,0.640191199931639,0.724137931034483,0.933333333333333,21,140,10,8,4.64473289682238,2.47061516856529
30,6,180,100,0.25,0.03,2.9,FALSE,1.25333805539459,10,0.57186276940104,0.666666666666667,0.92,20,138,12,10,5.0493946834198,2.71212267014462
30,6,180,100,0.25,0.05,2.7,FALSE,1.25333805539459,1,0.4658596037846,0.321428571428571,0.986666666666667,9,148,2,19,5.06023107862773,3.70890414460832
30,6,180,100,0.25,0.05,1.3,TRUE,1.25333805539459,2,0.303045763365663,0.107142857142857,1,3,150,0,25,4.88545978532397,3.34580688994431
30,6,180,100,0.25,0.05,2.7,FALSE,1.25333805539459,3,0.376148715519077,0.285714285714286,0.973333333333333,8,146,4,20,4.90546608328486,3.28785141693173
30,6,180,100,0.25,0.05,2.7,FALSE,1.25333805539459,4,0.53106786575077,0.392857142857143,0.986666666666667,11,148,2,17,5.122301668644,3.32198293265879
30,6,180,100,0.25,0.05,2.1,FALSE,1.25333805539459,5,0.261296989359253,0.142857142857143,0.986666666666667,4,148,2,24,4.94938839125928,3.45344793837463
30,6,180,100,0.25,0.05,2.3,FALSE,1.25333805539459,6,0.499969676818323,0.413793103448276,0.973333333333333,12,146,4,17,4.80325394990256,3.01640866086406
30,6,180,100,0.25,0.05,2.7,FALSE,1.25333805539459,7,0.488901207038705,0.4,0.973333333333333,12,146,4,18,5.19021546515399,3.52583123293318
30,6,180,100,0.25,0.05,2.1,FALSE,1.25333805539459,8,0.455687275626755,0.310344827586207,0.986666666666667,9,148,2,20,5.40529452489475,3.08958001264536
30,6,180,100,0.25,0.05,2.7,FALSE,1.25333805539459,9,0.558789000668084,0.482758620689655,0.973333333333333,14,146,4,15,5.07070357928866,2.95809229333943
30,6,180,100,0.25,0.05,2.9,FALSE,1.25333805539459,10,0.477064687354069,0.433333333333333,0.96,13,144,6,17,5.1161432934918,3.4791351440348
30,6,180,100,0.25,0.1,2.9,FALSE,1.25333805539459,1,0.309519311065569,0.178571428571429,0.986666666666667,5,148,2,23,5.58532360392864,4.62334644246855
30,6,180,100,0.25,0.1,2.3,FALSE,1.25333805539459,2,0.303045763365663,0.107142857142857,1,3,150,0,25,5.34560766181756,4.1572637082936
30,6,180,100,0.25,0.1,2.9,FALSE,1.25333805539459,3,0.257760265488873,0.25,0.946666666666667,7,142,8,21,5.32157841757829,3.83148770069079
30,6,180,100,0.25,0.1,2.9,FALSE,1.25333805539459,4,0.393485347140822,0.178571428571429,1,5,150,0,23,5.71033675869941,4.28126624782519
30,6,180,100,0.25,0.1,1.9,FALSE,1.25333805539459,5,0.173972250159805,0.0357142857142857,1,1,150,0,27,5.62717525971925,4.22854175584443
30,6,180,100,0.25,0.1,2.3,FALSE,1.25333805539459,6,0.385528961637895,0.172413793103448,1,5,150,0,24,5.36832488601123,3.63397407897471
30,6,180,100,0.25,0.1,1.5,FALSE,1.25333805539459,7,0.237022731569989,0.0666666666666667,1,2,150,0,28,5.57018642130398,4.29293600694565
30,6,180,100,0.25,0.1,2.9,FALSE,1.25333805539459,8,0.367143458891974,0.275862068965517,0.973333333333333,8,146,4,21,5.84698154415891,4.02487578366232
30,6,180,100,0.25,0.1,2.9,FALSE,1.25333805539459,9,0.323665747872281,0.275862068965517,0.96,8,144,6,21,5.48219532374269,3.75534357307066
30,6,180,100,0.25,0.1,1.7,FALSE,1.25333805539459,10,0.377964473009227,0.166666666666667,1,5,150,0,25,5.46629250103552,3.98106908114868
30,6,180,300,0.05,0.03,1.5,FALSE,1.25333805539459,1,0.518888288858767,0.833333333333333,0.950877192982456,15,542,28,3,4.34646899074694,0.93343335697794
30,6,180,300,0.05,0.03,0.3,FALSE,1.25333805539459,2,0.614637111421319,0.5625,0.992982456140351,9,566,4,7,5.01503654382653,0.703213558590194
30,6,180,300,0.05,0.03,0.7,FALSE,1.25333805539459,3,0.808938258243765,0.764705882352941,0.996491228070175,13,568,2,4,4.84734584276402,0.237272177641923
30,6,180,300,0.05,0.03,0.7,FALSE,1.25333805539459,4,0.698439292789418,0.666666666666667,0.992982456140351,12,566,4,6,4.4456880024812,0.690250796060109
30,6,180,300,0.05,0.03,0.3,FALSE,1.25333805539459,5,0.735294829739091,0.722222222222222,0.992982456140351,13,566,4,5,4.31845020328779,0.311301724542155
30,6,180,300,0.05,0.03,1.1,FALSE,1.25333805539459,6,0.541049559075267,0.647058823529412,0.978947368421053,11,558,12,6,4.43079189964803,1.19613226888221
30,6,180,300,0.05,0.03,0.3,FALSE,1.25333805539459,7,0.581661579663558,0.611111111111111,0.985964912280702,11,562,8,7,4.35985026147635,0.780115390043119
30,6,180,300,0.05,0.03,0.5,FALSE,1.25333805539459,8,0.620229757280445,0.666666666666667,0.985964912280702,12,562,8,6,4.60914506573039,0.761914308307461
30,6,180,300,0.05,0.03,2.1,FALSE,1.25333805539459,9,0.403383557905133,0.823529411764706,0.91578947368421,14,522,48,3,4.69449337119174,1.23582684186937
30,6,180,300,0.05,0.03,0.3,FALSE,1.25333805539459,10,0.485519304222862,0.388888888888889,0.992982456140351,7,566,4,11,4.34372729932573,1.53198842796972
30,6,180,300,0.05,0.05,1.9,FALSE,1.25333805539459,1,0.420881579218375,0.722222222222222,0.940350877192982,13,536,34,5,4.1375553508368,1.43342047458566
30,6,180,300,0.05,0.05,0.3,FALSE,1.25333805539459,2,0.463505901127913,0.3125,0.996491228070175,5,568,2,11,4.59052616265108,1.2564469265021
30,6,180,300,0.05,0.05,0.9,FALSE,1.25333805539459,3,0.617581399252777,0.764705882352941,0.978947368421053,13,558,12,4,4.47242923901435,0.811751842728557
30,6,180,300,0.05,0.05,1.3,TRUE,1.25333805539459,4,0.524300889258192,0.611111111111111,0.978947368421053,11,558,12,7,4.26536806775774,1.17085625479515
30,6,180,300,0.05,0.05,0.5,FALSE,1.25333805539459,5,0.541520467836257,0.555555555555556,0.985964912280702,10,562,8,8,4.12421263797355,0.549020717772515
30,6,180,300,0.05,0.05,0.1,FALSE,1.25333805539459,6,0.448285007856558,0.352941176470588,0.992982456140351,6,566,4,11,4.16128793838533,1.76270845748245
30,6,180,300,0.05,0.05,0.1,FALSE,1.25333805539459,7,0.490453325618045,0.333333333333333,0.996491228070175,6,568,2,12,4.18130314727451,1.30483595515755
30,6,180,300,0.05,0.05,0.9,FALSE,1.25333805539459,8,0.619812662353881,0.555555555555556,0.992982456140351,10,566,4,8,4.25369296853105,1.2974309537762
30,6,180,300,0.05,0.05,2.5,FALSE,1.25333805539459,9,0.286740169341786,0.764705882352941,0.859649122807018,13,490,80,4,4.43581442303957,1.88424193772515
30,6,180,300,0.05,0.05,1.3,TRUE,1.25333805539459,10,0.305066541454531,0.388888888888889,0.968421052631579,7,552,18,11,4.17172078940146,2.346298124214
30,6,180,300,0.05,0.1,2.1,FALSE,1.25333805539459,1,0.300497453853446,0.666666666666667,0.898245614035088,12,512,58,6,3.91437938839476,2.12450516656395
30,6,180,300,0.05,0.1,1.9,FALSE,1.25333805539459,2,0.417396511733739,0.6875,0.950877192982456,11,542,28,5,4.13359740238881,1.41275382524844
30,6,180,300,0.05,0.1,0.3,FALSE,1.25333805539459,3,0.636133094880012,0.411764705882353,1,7,570,0,10,4.11735605152183,1.17263777868394
30,6,180,300,0.05,0.1,0.9,FALSE,1.25333805539459,4,0.338192864205847,0.388888888888889,0.975438596491228,7,556,14,11,3.90208295398115,1.63935622258131
30,6,180,300,0.05,0.1,1.3,TRUE,1.25333805539459,5,0.552234310571999,0.722222222222222,0.971929824561404,13,554,16,5,3.89878413459288,1.39652967498617
30,6,180,300,0.05,0.1,1.1,FALSE,1.25333805539459,6,0.293920082984448,0.294117647058824,0.982456140350877,5,560,10,12,3.84893531619647,2.50652418719796
30,6,180,300,0.05,0.1,0.5,FALSE,1.25333805539459,7,0.393291701632642,0.333333333333333,0.989473684210526,6,564,6,12,3.86275571308734,1.80139091606912
30,6,180,300,0.05,0.1,1.3,TRUE,1.25333805539459,8,0.516567619255367,0.666666666666667,0.971929824561404,12,554,16,6,4.04222057282916,1.55508908385344
30,6,180,300,0.05,0.1,0.9,FALSE,1.25333805539459,9,0.45723213465806,0.411764705882353,0.989473684210526,7,564,6,10,4.10007624795162,1.90624515764053
30,6,180,300,0.05,0.1,2.1,FALSE,1.25333805539459,10,0.211287166284857,0.5,0.894736842105263,9,510,60,9,3.85925704396639,2.43650732268324
30,6,180,300,0.1,0.03,0.7,FALSE,1.25333805539459,1,0.572858593144974,0.542857142857143,0.981481481481482,19,530,10,16,4.46421601838484,0.640377063066399
30,6,180,300,0.1,0.03,0.7,FALSE,1.25333805539459,2,0.56116127508756,0.5,0.985185185185185,17,532,8,17,4.09177484496742,1.07512997533506
30,6,180,300,0.1,0.03,0.7,FALSE,1.25333805539459,3,0.797089347556315,0.705882352941177,0.996296296296296,24,538,2,10,5.03533431266174,0.546978094548447
30,6,180,300,0.1,0.03,0.9,FALSE,1.25333805539459,4,0.754575476695505,0.638888888888889,0.996296296296296,23,538,2,13,4.77476534559725,0.623809311667674
30,6,180,300,0.1,0.03,0.5,FALSE,1.25333805539459,5,0.56333660143055,0.428571428571429,0.992592592592593,15,536,4,20,4.19096265206728,0.848077033970805
30,6,180,300,0.1,0.03,1.1,FALSE,1.25333805539459,6,0.719024915715689,0.714285714285714,0.985185185185185,25,532,8,10,4.40450194651499,0.722648991067239
30,6,180,300,0.1,0.03,0.5,FALSE,1.25333805539459,7,0.656200823211685,0.5,0.996296296296296,18,538,2,18,4.71909483095873,0.832855532250017
30,6,180,300,0.1,0.03,0.9,FALSE,1.25333805539459,8,0.655306982603649,0.583333333333333,0.988888888888889,21,534,6,15,4.90464265002224,0.724360056966956
30,6,180,300,0.1,0.03,1.1,FALSE,1.25333805539459,9,0.534466871018807,0.611111111111111,0.962962962962963,22,520,20,14,4.30971027586794,0.885118079585161
30,6,180,300,0.1,0.03,0.7,FALSE,1.25333805539459,10,0.7231704888927,0.638888888888889,0.992592592592593,23,536,4,13,4.28996177434475,0.687127111267233
30,6,180,300,0.1,0.05,0.5,FALSE,1.25333805539459,1,0.504720311290976,0.457142857142857,0.981481481481482,16,530,10,19,4.31388545347127,1.27389208661225
30,6,180,300,0.1,0.05,0.5,FALSE,1.25333805539459,2,0.408244595160734,0.264705882352941,0.992592592592593,9,536,4,25,3.95991796973392,1.64209796474182
30,6,180,300,0.1,0.05,1.1,FALSE,1.25333805539459,3,0.59623440502493,0.470588235294118,0.992592592592593,16,536,4,18,4.58570421801124,1.27798497221524
30,6,180,300,0.1,0.05,1.1,FALSE,1.25333805539459,4,0.60030498945626,0.472222222222222,0.992592592592593,17,536,4,19,4.55989018715958,1.22597363562959
30,6,180,300,0.1,0.05,1.9,FALSE,1.25333805539459,5,0.513187765561319,0.714285714285714,0.937037037037037,25,506,34,10,4.08397474563616,1.47559501257376
30,6,180,300,0.1,0.05,0.7,FALSE,1.25333805539459,6,0.507451975567647,0.4,0.988888888888889,14,534,6,21,4.2040236865113,1.19963699878873
30,6,180,300,0.1,0.05,1.3,TRUE,1.25333805539459,7,0.525925925925926,0.555555555555556,0.97037037037037,20,524,16,16,4.39972144640119,1.21247615587634
30,6,180,300,0.1,0.05,1.9,FALSE,1.25333805539459,8,0.672655586686434,0.861111111111111,0.955555555555556,31,516,24,5,4.55405607134991,1.10655074493653
30,6,180,300,0.1,0.05,1.3,TRUE,1.25333805539459,9,0.458502068808074,0.527777777777778,0.959259259259259,19,518,22,17,4.1510232739499,1.43688981963969
30,6,180,300,0.1,0.05,1.9,FALSE,1.25333805539459,10,0.565275467411157,0.805555555555556,0.933333333333333,29,504,36,7,4.14716376496338,1.31505329998962
30,6,180,300,0.1,0.1,1.9,FALSE,1.25333805539459,1,0.437732769305958,0.571428571428571,0.944444444444444,20,510,30,15,4.01400905889011,2.05966254129117
30,6,180,300,0.1,0.1,0.5,FALSE,1.25333805539459,2,0.308325182373218,0.147058823529412,0.996296296296296,5,538,2,29,3.76470511765476,2.25511711264707
30,6,180,300,0.1,0.1,1.9,FALSE,1.25333805539459,3,0.544148135129541,0.676470588235294,0.955555555555556,23,516,24,11,4.26774742448309,1.88251551606292
30,6,180,300,0.1,0.1,2.1,FALSE,1.25333805539459,4,0.474604715746209,0.694444444444444,0.925925925925926,25,500,40,11,4.31556484399812,2.00386607676104
30,6,180,300,0.1,0.1,0.9,FALSE,1.25333805539459,5,0.409413052575327,0.371428571428571,0.977777777777778,13,528,12,22,3.88505712056602,1.76514477496775
30,6,180,300,0.1,0.1,1.3,TRUE,1.25333805539459,6,0.456061007520123,0.4,0.981481481481482,14,530,10,21,3.89404083101136,1.6359300960412
30,6,180,300,0.1,0.1,2.5,FALSE,1.25333805539459,7,0.375774602298862,0.777777777777778,0.840740740740741,28,454,86,8,4.03109296931444,1.77718462939797
30,6,180,300,0.1,0.1,0.9,FALSE,1.25333805539459,8,0.577848486111782,0.444444444444444,0.992592592592593,16,536,4,20,4.22115121120935,1.4806922769053
30,6,180,300,0.1,0.1,2.7,FALSE,1.25333805539459,9,0.356109000699373,0.805555555555556,0.811111111111111,29,438,102,7,3.94073514655841,1.94975310504863
30,6,180,300,0.1,0.1,1.5,FALSE,1.25333805539459,10,0.49660854465066,0.444444444444444,0.981481481481482,16,530,10,20,3.96043858195264,1.8485222811034
30,6,180,300,0.25,0.03,1.5,FALSE,1.25333805539459,1,0.730930222963616,0.793103448275862,0.951111111111111,69,428,22,18,4.53389888317319,0.86790749091321
30,6,180,300,0.25,0.03,1.7,FALSE,1.25333805539459,2,0.790451716087091,0.735632183908046,0.986666666666667,64,444,6,23,4.84074652979786,1.03622580331302
30,6,180,300,0.25,0.03,2.3,FALSE,1.25333805539459,3,0.79621657580927,0.839080459770115,0.964444444444444,73,434,16,14,5.36533222332887,1.14120096635828
30,6,180,300,0.25,0.03,2.1,FALSE,1.25333805539459,4,0.764710929626438,0.793103448275862,0.964444444444444,69,434,16,18,4.70678502773879,1.32163608865534
30,6,180,300,0.25,0.03,2.5,FALSE,1.25333805539459,5,0.570767352152471,0.863636363636364,0.831111111111111,76,374,76,12,4.28976324359986,1.31994307567997
30,6,180,300,0.25,0.03,2.3,FALSE,1.25333805539459,6,0.729613917482247,0.862068965517241,0.928888888888889,75,418,32,12,5.47587104654904,1.03726910785793
30,6,180,300,0.25,0.03,1.3,TRUE,1.25333805539459,7,0.523381006191946,0.488636363636364,0.96,43,432,18,45,4.41873603215037,1.52048291643022
30,6,180,300,0.25,0.03,1.5,FALSE,1.25333805539459,8,0.629856853509514,0.681818181818182,0.942222222222222,60,424,26,28,4.09692739358375,1.06775553641344
30,6,180,300,0.25,0.03,1.7,FALSE,1.25333805539459,9,0.739160435702112,0.681818181818182,0.982222222222222,60,442,8,28,4.95327978213782,1.16237534796524
30,6,180,300,0.25,0.03,1.9,FALSE,1.25333805539459,10,0.595423621862219,0.636363636363636,0.942222222222222,56,424,26,32,4.27441835041184,1.34836087173334
30,6,180,300,0.25,0.05,2.3,FALSE,1.25333805539459,1,0.562717434413221,0.735632183908046,0.888888888888889,64,400,50,23,4.22483035860206,1.66569344310961
30,6,180,300,0.25,0.05,2.7,FALSE,1.25333805539459,2,0.586353143711533,0.862068965517241,0.844444444444444,75,380,70,12,4.59121738610562,1.65571576038675
30,6,180,300,0.25,0.05,2.5,FALSE,1.25333805539459,3,0.701839040879542,0.781609195402299,0.942222222222222,68,424,26,19,5.00050316891011,1.68187607482497
30,6,180,300,0.25,0.05,1.7,FALSE,1.25333805539459,4,0.605089812265859,0.540229885057471,0.973333333333333,47,438,12,40,4.41321676567139,1.63470468408593
30,6,180,300,0.25,0.05,2.1,FALSE,1.25333805539459,5,0.495180239916488,0.625,0.897777777777778,55,404,46,33,4.23799278703912,1.79339983457495
30,6,180,300,0.25,0.05,2.3,FALSE,1.25333805539459,6,0.733780112505716,0.781609195402299,0.955555555555556,68,430,20,19,5.27706735525378,1.55675060919464
30,6,180,300,0.25,0.05,2.1,FALSE,1.25333805539459,7,0.383032081358894,0.477272727272727,0.902222222222222,42,406,44,46,4.31593942148891,2.21691350384811
30,6,180,300,0.25,0.05,2.3,FALSE,1.25333805539459,8,0.556880875613902,0.715909090909091,0.893333333333333,63,402,48,25,4.07070465830497,1.64874683026393
30,6,180,300,0.25,0.05,2.3,FALSE,1.25333805539459,9,0.648882669351219,0.693181818181818,0.946666666666667,61,426,24,27,4.70606646387136,1.56828513550631
30,6,180,300,0.25,0.05,1.7,FALSE,1.25333805539459,10,0.527441679932858,0.522727272727273,0.951111111111111,46,428,22,42,4.08611227825037,1.79740502663128
30,6,180,300,0.25,0.1,2.3,FALSE,1.25333805539459,1,0.479258267121522,0.574712643678161,0.911111111111111,50,410,40,37,4.04482844839582,2.18343667124224
30,6,180,300,0.25,0.1,1.3,TRUE,1.25333805539459,2,0.509353070858571,0.367816091954023,0.986666666666667,32,444,6,55,4.25899006908404,2.14248656178101
30,6,180,300,0.25,0.1,2.5,FALSE,1.25333805539459,3,0.579712748619067,0.64367816091954,0.933333333333333,56,420,30,31,4.60964201703504,2.15083061091144
30,6,180,300,0.25,0.1,2.3,FALSE,1.25333805539459,4,0.604870780559807,0.689655172413793,0.928888888888889,60,418,32,27,4.14743414916314,2.13608317935271
30,6,180,300,0.25,0.1,1.9,FALSE,1.25333805539459,5,0.468235190303651,0.465909090909091,0.946666666666667,41,426,24,47,4.01439735140561,2.13096951541827
30,6,180,300,0.25,0.1,1.9,FALSE,1.25333805539459,6,0.495612410427777,0.471264367816092,0.955555555555556,41,430,20,46,4.7958111657108,2.18454238968149
30,6,180,300,0.25,0.1,2.9,FALSE,1.25333805539459,7,0.336511641580563,0.647727272727273,0.768888888888889,57,346,104,31,4.00203919116306,2.52782486192156
30,6,180,300,0.25,0.1,1.9,FALSE,1.25333805539459,8,0.437397813344003,0.443181818181818,0.942222222222222,39,424,26,49,3.96308375115407,2.20445274397717
30,6,180,300,0.25,0.1,2.3,FALSE,1.25333805539459,9,0.561936592346199,0.579545454545455,0.946666666666667,51,426,24,37,4.41813361278545,2.07083311393557
30,6,180,300,0.25,0.1,1.9,FALSE,1.25333805539459,10,0.40661693079195,0.443181818181818,0.928888888888889,39,418,32,49,3.93608531464389,2.2188067835596
30,6,180,500,0.05,0.03,0.1,FALSE,1.25333805539459,1,0.538411070566117,0.533333333333333,0.987368421052632,16,938,12,14,5.0612804109298,0.707209230556521
30,6,180,500,0.05,0.03,1.1,FALSE,1.25333805539459,2,0.656732943096152,0.806451612903226,0.978947368421053,25,930,20,6,4.88330027556218,0.509318156492048
30,6,180,500,0.05,0.03,0.1,FALSE,1.25333805539459,3,0.597896559931908,0.517241379310345,0.993684210526316,15,944,6,14,4.48843697534252,0.269342471225698
30,6,180,500,0.05,0.03,0.7,FALSE,1.25333805539459,4,0.656417342481286,0.7,0.987368421052632,21,938,12,9,4.68531916301516,0.553907671502462
30,6,180,500,0.05,0.03,0.3,FALSE,1.25333805539459,5,0.477268363116294,0.535714285714286,0.981052631578947,15,932,18,13,4.65741626483162,0.61018042887921
30,6,180,500,0.05,0.03,1.1,FALSE,1.25333805539459,6,0.589231766590666,0.806451612903226,0.968421052631579,25,920,30,6,5.12983129322459,0.404090112001462
30,6,180,500,0.05,0.03,0.5,FALSE,1.25333805539459,7,0.678619244862313,0.7,0.989473684210526,21,940,10,9,5.09866827284308,0.434331709299531
30,6,180,500,0.05,0.03,0.3,FALSE,1.25333805539459,8,0.663497423322427,0.785714285714286,0.983157894736842,22,934,16,6,4.28470981982878,0.235383341208433
30,6,180,500,0.05,0.03,1.5,FALSE,1.25333805539459,9,0.438072931725057,0.758620689655172,0.941052631578947,22,894,56,7,4.56343744479966,0.999745849419227
30,6,180,500,0.05,0.03,0.1,FALSE,1.25333805539459,10,0.497711164553207,0.607142857142857,0.976842105263158,17,928,22,11,4.63088723033406,0.324306040558682
30,6,180,500,0.05,0.05,0.7,FALSE,1.25333805539459,1,0.381052631578947,0.4,0.981052631578947,12,932,18,18,4.62064878695818,1.55993054902445
30,6,180,500,0.05,0.05,0.1,FALSE,1.25333805539459,2,0.608852671360837,0.483870967741935,0.995789473684211,15,946,4,16,4.47793548709489,0.611626930088644
30,6,180,500,0.05,0.05,0.1,FALSE,1.25333805539459,3,0.455819268420884,0.379310344827586,0.991578947368421,11,942,8,18,4.179702360321,0.693899685037573
30,6,180,500,0.05,0.05,0.7,FALSE,1.25333805539459,4,0.605825491779898,0.733333333333333,0.978947368421053,22,930,20,8,4.30204198135785,0.49233492024298
30,6,180,500,0.05,0.05,0.1,FALSE,1.25333805539459,5,0.382713596374503,0.392857142857143,0.983157894736842,11,934,16,17,4.15623432821008,1.1209707469686
30,6,180,500,0.05,0.05,1.1,FALSE,1.25333805539459,6,0.580228970335887,0.709677419354839,0.976842105263158,22,928,22,9,4.74550240312688,0.680085578732312
30,6,180,500,0.05,0.05,0.3,FALSE,1.25333805539459,7,0.532876602855361,0.466666666666667,0.991578947368421,14,942,8,16,4.64268349238563,1.08158369076663
30,6,180,500,0.05,0.05,0.1,FALSE,1.25333805539459,8,0.587061332540341,0.464285714285714,0.995789473684211,13,946,4,15,3.99511765547508,0.383591742437229
30,6,180,500,0.05,0.05,1.5,FALSE,1.25333805539459,9,0.3490765839021,0.620689655172414,0.936842105263158,18,890,60,11,4.12813656079965,1.42294609540526
30,6,180,500,0.05,0.05,1.5,FALSE,1.25333805539459,10,0.43045969170888,0.821428571428571,0.928421052631579,23,882,68,5,4.22141446816004,0.8703194015363
30,6,180,500,0.05,0.1,0.3,FALSE,1.25333805539459,1,0.223411030739873,0.233333333333333,0.978947368421053,7,930,20,23,4.05803878570947,1.95669094767682
30,6,180,500,0.05,0.1,0.7,FALSE,1.25333805539459,2,0.48421913435751,0.548387096774194,0.978947368421053,17,930,20,14,3.91800260980575,1.15667220965138
30,6,180,500,0.05,0.1,0.7,FALSE,1.25333805539459,3,0.323297190345354,0.379310344827586,0.974736842105263,11,926,24,18,3.66155473498157,1.13937404386922
30,6,180,500,0.05,0.1,1.1,FALSE,1.25333805539459,4,0.391013574091911,0.633333333333333,0.947368421052632,19,900,50,11,3.75259783810458,0.898504210670296
30,6,180,500,0.05,0.1,0.3,FALSE,1.25333805539459,5,0.426428115569432,0.285714285714286,0.995789473684211,8,946,4,20,3.70592613011186,1.80970050699153
30,6,180,500,0.05,0.1,1.1,FALSE,1.25333805539459,6,0.422358664003896,0.516129032258065,0.972631578947368,16,924,26,15,4.2335672713285,1.37826889522588
30,6,180,500,0.05,0.1,0.5,FALSE,1.25333805539459,7,0.452904310236945,0.4,0.989473684210526,12,940,10,18,4.06704726424284,1.20667367905247
30,6,180,500,0.05,0.1,0.3,FALSE,1.25333805539459,8,0.477232876644147,0.464285714285714,0.987368421052632,13,938,12,15,3.66013708477428,0.838082151256281
30,6,180,500,0.05,0.1,1.7,FALSE,1.25333805539459,9,0.312228850861985,0.689655172413793,0.901052631578947,20,856,94,9,3.70380862703018,1.34268360822313
30,6,180,500,0.05,0.1,0.7,FALSE,1.25333805539459,10,0.383735500443089,0.464285714285714,0.974736842105263,13,926,24,15,3.77329457722173,1.48184525334223
30,6,180,500,0.1,0.03,0.7,FALSE,1.25333805539459,1,0.559702029488992,0.627118644067797,0.966666666666667,37,870,30,22,4.45789661945237,0.40957322525426
30,6,180,500,0.1,0.03,0.9,FALSE,1.25333805539459,2,0.724858469446576,0.728813559322034,0.984444444444444,43,886,14,16,5.0796937252809,0.462674450534025
30,6,180,500,0.1,0.03,1.1,FALSE,1.25333805539459,3,0.514848169474839,0.666666666666667,0.948888888888889,38,854,46,19,4.22223401817243,0.758693622842535
30,6,180,500,0.1,0.03,0.7,FALSE,1.25333805539459,4,0.561188854183795,0.603448275862069,0.971111111111111,35,874,26,23,4.31882431231729,0.55718373335685
30,6,180,500,0.1,0.03,1.3,TRUE,1.25333805539459,5,0.602140851570813,0.779661016949153,0.951111111111111,46,856,44,13,5.09563739516069,0.616634992579743
30,6,180,500,0.1,0.03,1.1,FALSE,1.25333805539459,6,0.620816924485355,0.655172413793103,0.975555555555556,38,878,22,20,5.31345232720464,0.703777459514698
30,6,180,500,0.1,0.03,0.3,FALSE,1.25333805539459,7,0.558000330936714,0.5,0.984444444444444,29,886,14,29,4.83215723708941,0.748441874028925
30,6,180,500,0.1,0.03,0.7,FALSE,1.25333805539459,8,0.626835257414731,0.644067796610169,0.977777777777778,38,880,20,21,4.88486835107686,0.423335882396928
30,6,180,500,0.1,0.03,0.5,FALSE,1.25333805539459,9,0.782403258323039,0.627118644067797,1,37,900,0,22,5.82362980583547,0.4573702668066
30,6,180,500,0.1,0.03,0.1,FALSE,1.25333805539459,10,0.704352578493861,0.576271186440678,0.995555555555556,34,896,4,25,4.82572742338311,0.185894293423706
30,6,180,500,0.1,0.05,0.3,FALSE,1.25333805539459,1,0.47810317412685,0.491525423728814,0.971111111111111,29,874,26,30,4.14752959351428,0.770534056380906
30,6,180,500,0.1,0.05,1.1,FALSE,1.25333805539459,2,0.605565166110327,0.677966101694915,0.968888888888889,40,872,28,19,4.59195217492612,0.849885075323581
30,6,180,500,0.1,0.05,0.3,FALSE,1.25333805539459,3,0.49182891951152,0.43859649122807,0.982222222222222,25,884,16,32,3.98773092647594,0.897891595339472
30,6,180,500,0.1,0.05,0.7,FALSE,1.25333805539459,4,0.517227033839733,0.5,0.977777777777778,29,880,20,29,4.00416064780419,1.05044416711041
30,6,180,500,0.1,0.05,0.3,FALSE,1.25333805539459,5,0.540494503519463,0.457627118644068,0.986666666666667,27,888,12,32,4.61731458932554,1.24994772045427
30,6,180,500,0.1,0.05,1.5,FALSE,1.25333805539459,6,0.485927683268913,0.689655172413793,0.933333333333333,40,840,60,18,4.79296421716558,1.0498363433166
30,6,180,500,0.1,0.05,1.3,TRUE,1.25333805539459,7,0.516740109408449,0.620689655172414,0.957777777777778,36,862,38,22,4.41115500864112,1.15934309211277
30,6,180,500,0.1,0.05,0.7,FALSE,1.25333805539459,8,0.630382889425857,0.593220338983051,0.984444444444444,35,886,14,24,4.45933565603866,0.6351109490314
30,6,180,500,0.1,0.05,0.9,FALSE,1.25333805539459,9,0.653790444995778,0.559322033898305,0.991111111111111,33,892,8,26,5.43433439860998,1.06176668041763
30,6,180,500,0.1,0.05,1.1,FALSE,1.25333805539459,10,0.685070327279587,0.796610169491525,0.968888888888889,47,872,28,12,4.5942756187351,0.509510081371184
30,6,180,500,0.1,0.1,1.5,FALSE,1.25333805539459,1,0.379685897195863,0.610169491525424,0.908888888888889,36,818,82,23,3.75679785237193,1.18840364194117
30,6,180,500,0.1,0.1,0.7,FALSE,1.25333805539459,2,0.47810317412685,0.491525423728814,0.971111111111111,29,874,26,30,3.9926069634051,1.12993310037501
30,6,180,500,0.1,0.1,0.9,FALSE,1.25333805539459,3,0.432737168902282,0.508771929824561,0.957777777777778,29,862,38,28,3.56976400605809,1.3391567584475
30,6,180,500,0.1,0.1,1.3,TRUE,1.25333805539459,4,0.434501044547283,0.586206896551724,0.94,34,846,54,24,3.60173539316949,1.32920388052337
30,6,180,500,0.1,0.1,0.9,FALSE,1.25333805539459,5,0.429909713987089,0.406779661016949,0.975555555555556,24,878,22,35,4.10560348078934,1.67795561871334
30,6,180,500,0.1,0.1,1.1,FALSE,1.25333805539459,6,0.462952230400272,0.5,0.966666666666667,29,870,30,29,4.19721334156081,1.25426128358712
30,6,180,500,0.1,0.1,1.5,FALSE,1.25333805539459,7,0.429648224037051,0.551724137931034,0.946666666666667,32,852,48,26,3.95506213025846,1.59198216266531
30,6,180,500,0.1,0.1,1.3,TRUE,1.25333805539459,8,0.424024882456535,0.559322033898305,0.942222222222222,33,848,52,26,3.86781500571839,1.26170115069587
30,6,180,500,0.1,0.1,1.1,FALSE,1.25333805539459,9,0.497246954732781,0.457627118644068,0.98,27,882,18,32,4.80951054602848,1.57984358797358
30,6,180,500,0.1,0.1,1.3,TRUE,1.25333805539459,10,0.43721828028152,0.559322033898305,0.946666666666667,33,852,48,26,4.02839021410699,1.24489666261962
30,6,180,500,0.25,0.03,0.9,FALSE,1.25333805539459,1,0.676011780800011,0.643835616438356,0.970666666666667,94,728,22,52,4.55729296715303,0.663800509277376
30,6,180,500,0.25,0.03,1.9,FALSE,1.25333805539459,2,0.691111868213145,0.862068965517241,0.909333333333333,125,682,68,20,4.45249669268199,0.509107630326797
30,6,180,500,0.25,0.03,1.1,FALSE,1.25333805539459,3,0.676292533463459,0.684931506849315,0.96,100,720,30,46,4.79337770213279,0.820005860480492
30,6,180,500,0.25,0.03,1.3,TRUE,1.25333805539459,4,0.684102535640296,0.732876712328767,0.949333333333333,107,712,38,39,4.88079228965733,0.854202433449527
30,6,180,500,0.25,0.03,1.5,FALSE,1.25333805539459,5,0.713187157937946,0.726027397260274,0.962666666666667,106,722,28,40,5.00390303918797,0.834525925941551
30,6,180,500,0.25,0.03,1.7,FALSE,1.25333805539459,6,0.791922950127508,0.828767123287671,0.965333333333333,121,724,26,25,5.79377659663704,0.544708019231171
30,6,180,500,0.25,0.03,1.5,FALSE,1.25333805539459,7,0.579719040847152,0.753424657534247,0.890666666666667,110,668,82,36,4.1698880033468,0.812339044338121
30,6,180,500,0.25,0.03,1.3,TRUE,1.25333805539459,8,0.800556133608138,0.724137931034483,0.992,105,744,6,40,5.67582040763265,0.78710991239544
30,6,180,500,0.25,0.03,1.5,FALSE,1.25333805539459,9,0.754181565961402,0.773972602739726,0.965333333333333,113,724,26,33,5.3078456376559,0.638720052068862
30,6,180,500,0.25,0.03,1.7,FALSE,1.25333805539459,10,0.793129015536697,0.820689655172414,0.968,119,726,24,26,5.37165448264053,0.60055449436577
30,6,180,500,0.25,0.05,2.1,FALSE,1.25333805539459,1,0.601409661131879,0.801369863013699,0.882666666666667,117,662,88,29,4.34239560207301,1.03075476832594
30,6,180,500,0.25,0.05,1.9,FALSE,1.25333805539459,2,0.652202996864419,0.786206896551724,0.917333333333333,114,688,62,31,4.20379605877064,0.896405346364228
30,6,180,500,0.25,0.05,1.5,FALSE,1.25333805539459,3,0.559875581340679,0.60958904109589,0.936,89,702,48,57,4.55301362363018,1.24679515466275
30,6,180,500,0.25,0.05,2.1,FALSE,1.25333805539459,4,0.618918976589433,0.787671232876712,0.898666666666667,115,674,76,31,4.66022996319717,1.18541091619583
30,6,180,500,0.25,0.05,2.1,FALSE,1.25333805539459,5,0.588720325232761,0.746575342465753,0.898666666666667,109,674,76,37,4.63586699693423,1.33559265551875
30,6,180,500,0.25,0.05,2.3,FALSE,1.25333805539459,6,0.736406280456291,0.849315068493151,0.936,124,702,48,22,5.39159346602455,0.872495744427486
30,6,180,500,0.25,0.05,1.3,TRUE,1.25333805539459,7,0.542550740113619,0.602739726027397,0.930666666666667,88,698,52,58,4.0829484512435,1.13948559723906
30,6,180,500,0.25,0.05,2.3,FALSE,1.25333805539459,8,0.741184986100299,0.813793103448276,0.949333333333333,118,712,38,27,5.2784593406547,1.20148505635209
30,6,180,500,0.25,0.05,2.1,FALSE,1.25333805539459,9,0.640201441692287,0.746575342465753,0.925333333333333,109,694,56,37,4.88677168670725,1.20958589292358
30,6,180,500,0.25,0.05,2.1,FALSE,1.25333805539459,10,0.682720402808408,0.813793103448276,0.922666666666667,118,692,58,27,4.95746947243246,1.04257773646517
30,6,180,500,0.25,0.1,1.7,FALSE,1.25333805539459,1,0.418087194532987,0.458904109589041,0.928,67,696,54,79,3.88229245882119,1.76352658857152
30,6,180,500,0.25,0.1,1.5,FALSE,1.25333805539459,2,0.556588251574548,0.613793103448276,0.933333333333333,89,700,50,56,3.91654422648537,1.39921357139159
30,6,180,500,0.25,0.1,1.1,FALSE,1.25333805539459,3,0.495984581394063,0.376712328767123,0.981333333333333,55,736,14,91,4.14910253848385,1.79827428592764
30,6,180,500,0.25,0.1,2.1,FALSE,1.25333805539459,4,0.472678018329558,0.63013698630137,0.882666666666667,92,662,88,54,4.30256614598407,1.82669158232828
30,6,180,500,0.25,0.1,1.7,FALSE,1.25333805539459,5,0.472177799711815,0.486301369863014,0.941333333333333,71,706,44,75,4.26294728952196,1.81655609231443
30,6,180,500,0.25,0.1,1.9,FALSE,1.25333805539459,6,0.628718735643011,0.691780821917808,0.938666666666667,101,704,46,45,4.83907226963056,1.48930970755571
30,6,180,500,0.25,0.1,2.3,FALSE,1.25333805539459,7,0.425842964670128,0.698630136986301,0.813333333333333,102,610,140,44,3.94748845410964,1.64253919585901
30,6,180,500,0.25,0.1,1.9,FALSE,1.25333805539459,8,0.553427807775055,0.586206896551724,0.941333333333333,85,706,44,60,4.61965826236238,1.72182034416149
30,6,180,500,0.25,0.1,2.3,FALSE,1.25333805539459,9,0.538214453136955,0.691780821917808,0.893333333333333,101,670,80,45,4.30698088826687,1.64752566535692
30,6,180,500,0.25,0.1,2.3,FALSE,1.25333805539459,10,0.561391232381338,0.717241379310345,0.896,104,672,78,41,4.47308935052112,1.67554208033622
30,10,300,100,0.05,0.03,2.7,FALSE,1.25333805539459,1,0.627520823096484,0.4,1,2,190,0,3,7.67981694894929,3.41291216875762
30,10,300,100,0.05,0.03,2.9,FALSE,1.25333805539459,2,0.770551750371122,0.6,1,3,190,0,2,7.73420389320699,3.2324577138957
30,10,300,100,0.05,0.03,2.9,FALSE,1.25333805539459,3,0.910478078587361,0.833333333333333,1,5,190,0,1,7.6109068062782,2.3137772129792
30,10,300,100,0.05,0.03,2.7,FALSE,1.25333805539459,4,0.442579132652901,0.2,1,1,190,0,4,7.99143940214583,3.54690118313844
30,10,300,100,0.05,0.03,1.3,TRUE,1.25333805539459,5,0.442579132652901,0.2,1,1,190,0,4,7.92443951453562,3.91008408297343
30,10,300,100,0.05,0.03,2.5,FALSE,1.25333805539459,6,0.402980349884659,0.166666666666667,1,1,190,0,5,8.13711415291619,3.92755119932502
30,10,300,100,0.05,0.03,2.7,FALSE,1.25333805539459,7,0.812232862067414,0.666666666666667,1,4,190,0,2,7.76326485913903,3.4152267311664
30,10,300,100,0.05,0.03,0.1,FALSE,1.25333805539459,8,0,0,1,0,190,0,5,7.54492393033029,4.3006905380472
30,10,300,100,0.05,0.03,0.1,FALSE,1.25333805539459,9,0,0,1,0,190,0,6,8.08820297569727,4.43081109638486
30,10,300,100,0.05,0.03,0.7,FALSE,1.25333805539459,10,0.402980349884659,0.166666666666667,1,1,190,0,5,8.00330647350099,3.38149500423702
30,10,300,100,0.05,0.05,0.1,FALSE,1.25333805539459,1,0,0,1,0,190,0,5,8.64482567493769,4.62505666089629
30,10,300,100,0.05,0.05,2.7,FALSE,1.25333805539459,2,0.442579132652901,0.2,1,1,190,0,4,8.45553823868526,4.36385423127592
30,10,300,100,0.05,0.05,1.7,FALSE,1.25333805539459,3,0.70158960887018,0.5,1,3,190,0,3,8.20260996431421,3.71497805030857
30,10,300,100,0.05,0.05,2.5,FALSE,1.25333805539459,4,0.442579132652901,0.2,1,1,190,0,4,8.99002934458294,4.24202967405533
30,10,300,100,0.05,0.05,0.1,FALSE,1.25333805539459,5,0,0,1,0,190,0,5,8.555131711855,5.29518032250587
30,10,300,100,0.05,0.05,0.1,FALSE,1.25333805539459,6,0,0,1,0,190,0,6,8.86906927250361,5.07216380967736
30,10,300,100,0.05,0.05,2.5,FALSE,1.25333805539459,7,0.571367203381202,0.333333333333333,1,2,190,0,4,8.5431980727492,4.49765812951613
30,10,300,100,0.05,0.05,0.1,FALSE,1.25333805539459,8,0,0,1,0,190,0,5,8.2085039577709,5.7675264568269
30,10,300,100,0.05,0.05,0.1,FALSE,1.25333805539459,9,0,0,1,0,190,0,6,8.73537119717309,5.58914333390383
30,10,300,100,0.05,0.05,2.9,FALSE,1.25333805539459,10,0.402980349884659,0.166666666666667,1,1,190,0,5,8.74195340144498,5.74715075070067
30,10,300,100,0.05,0.1,0.1,FALSE,1.25333805539459,1,0,0,1,0,190,0,5,9.97147300558054,6.70064541821636
30,10,300,100,0.05,0.1,0.1,FALSE,1.25333805539459,2,0,0,1,0,190,0,5,9.54661612829856,5.94562665635409
30,10,300,100,0.05,0.1,2.9,FALSE,1.25333805539459,3,0.70158960887018,0.5,1,3,190,0,3,9.24908296569448,5.59726974626077
30,10,300,100,0.05,0.1,0.1,FALSE,1.25333805539459,4,0,0,1,0,190,0,5,9.9744554618548,6.99455101234601
30,10,300,100,0.05,0.1,0.1,FALSE,1.25333805539459,5,0,0,1,0,190,0,5,9.5672903354428,8.09776650873282
30,10,300,100,0.05,0.1,0.1,FALSE,1.25333805539459,6,0,0,1,0,190,0,6,10.0938363804659,6.84742307918344
30,10,300,100,0.05,0.1,1.7,FALSE,1.25333805539459,7,0.571367203381202,0.333333333333333,1,2,190,0,4,9.74370170746207,5.21830701360312
30,10,300,100,0.05,0.1,0.1,FALSE,1.25333805539459,8,0,0,1,0,190,0,5,9.35368951287871,6.5456166679626
30,10,300,100,0.05,0.1,0.1,FALSE,1.25333805539459,9,0,0,1,0,190,0,6,10.0121651527998,6.75549048697087
30,10,300,100,0.05,0.1,2.7,FALSE,1.25333805539459,10,0.402980349884659,0.166666666666667,1,1,190,0,5,9.95590158799795,6.6193664017482
30,10,300,100,0.1,0.03,2.9,FALSE,1.25333805539459,1,0.773791056262993,0.615384615384615,1,8,180,0,5,7.33246993119175,3.39852645332914
30,10,300,100,0.1,0.03,2.7,FALSE,1.25333805539459,2,0.663236532428073,0.454545454545455,1,5,180,0,6,8.24747297705565,3.2036817962636
30,10,300,100,0.1,0.03,2.9,FALSE,1.25333805539459,3,0.591628521323608,0.363636363636364,1,4,180,0,7,7.31532468672911,4.33243584404007
30,10,300,100,0.1,0.03,2.7,FALSE,1.25333805539459,4,0.467571900119518,0.230769230769231,1,3,180,0,10,7.74697229736308,3.22771331789315
30,10,300,100,0.1,0.03,2.5,FALSE,1.25333805539459,5,0.416125189288239,0.181818181818182,1,2,180,0,9,7.64393100845775,3.84706790382333
30,10,300,100,0.1,0.03,2.7,FALSE,1.25333805539459,6,0.487950036474267,0.25,1,3,180,0,9,7.36228062776749,3.94301959576438
30,10,300,100,0.1,0.03,2.9,FALSE,1.25333805539459,7,0.695608343640252,0.5,1,6,180,0,6,7.73098193694646,2.77025923881286
30,10,300,100,0.1,0.03,2.7,FALSE,1.25333805539459,8,0.537373290623879,0.3,1,3,180,0,7,7.67639121369025,3.94727447225104
30,10,300,100,0.1,0.03,0.9,FALSE,1.25333805539459,9,0.308606699924184,0.1,1,1,180,0,9,7.5231325598274,4.13184876437467
30,10,300,100,0.1,0.03,2.5,FALSE,1.25333805539459,10,0.564932682866032,0.333333333333333,1,4,180,0,8,8.24621766215174,3.74359891905601
30,10,300,100,0.1,0.05,2.9,FALSE,1.25333805539459,1,0.606835045547051,0.384615384615385,1,5,180,0,8,8.28636004416016,4.60259045917966
30,10,300,100,0.1,0.05,2.9,FALSE,1.25333805539459,2,0.416125189288239,0.181818181818182,1,2,180,0,9,9.04284359155812,4.68420620195023
30,10,300,100,0.1,0.05,0.1,FALSE,1.25333805539459,3,0,0,1,0,180,0,11,8.21801278301335,4.92668885102953
30,10,300,100,0.1,0.05,0.1,FALSE,1.25333805539459,4,0.380770146083182,0.153846153846154,1,2,180,0,11,8.37168957001471,4.70531118433907
30,10,300,100,0.1,0.05,2.9,FALSE,1.25333805539459,5,0.293469592826711,0.0909090909090909,1,1,180,0,10,8.30897493282589,5.23051642478278
30,10,300,100,0.1,0.05,2.9,FALSE,1.25333805539459,6,0.280239239603615,0.0833333333333333,1,1,180,0,11,8.2984735126735,5.01978393807281
30,10,300,100,0.1,0.05,1.5,FALSE,1.25333805539459,7,0.487950036474267,0.25,1,3,180,0,9,8.43636621098386,3.8988570213311
30,10,300,100,0.1,0.05,2.9,FALSE,1.25333805539459,8,0.437594974493684,0.2,1,2,180,0,8,8.34902763357675,5.12495307937678
30,10,300,100,0.1,0.05,0.1,FALSE,1.25333805539459,9,0.308606699924184,0.1,1,1,180,0,9,8.28289948728955,4.95066004974557
30,10,300,100,0.1,0.05,0.1,FALSE,1.25333805539459,10,0,0,1,0,180,0,12,8.99488697245638,5.27788743201838
30,10,300,100,0.1,0.1,1.9,FALSE,1.25333805539459,1,0.380770146083182,0.153846153846154,1,2,180,0,11,9.41117609257228,5.78687752005865
30,10,300,100,0.1,0.1,0.1,FALSE,1.25333805539459,2,0,0,1,0,180,0,11,9.94735920690099,6.21452851261429
30,10,300,100,0.1,0.1,0.1,FALSE,1.25333805539459,3,0,0,1,0,180,0,11,9.36512017193741,6.10343423815571
30,10,300,100,0.1,0.1,0.1,FALSE,1.25333805539459,4,0.380770146083182,0.153846153846154,1,2,180,0,11,9.26614679398205,5.53192880581118
30,10,300,100,0.1,0.1,0.1,FALSE,1.25333805539459,5,0,0,1,0,180,0,11,9.45583047107189,6.91015007975488
30,10,300,100,0.1,0.1,0.1,FALSE,1.25333805539459,6,0,0,1,0,180,0,12,9.50505139582196,7.19495621179963
30,10,300,100,0.1,0.1,0.7,FALSE,1.25333805539459,7,0.397359707119513,0.166666666666667,1,2,180,0,10,9.42503615352703,5.72840435986448
30,10,300,100,0.1,0.1,0.1,FALSE,1.25333805539459,8,0,0,1,0,180,0,10,9.5069081538723,7.04971212959566
30,10,300,100,0.1,0.1,0.1,FALSE,1.25333805539459,9,0.308606699924184,0.1,1,1,180,0,9,9.37144477319243,6.02809452953439
30,10,300,100,0.1,0.1,0.1,FALSE,1.25333805539459,10,0,0,1,0,180,0,12,10.1345126013426,7.15322131131345
30,10,300,100,0.25,0.03,2.7,FALSE,1.25333805539459,1,0.350931203171798,0.142857142857143,1,4,150,0,24,7.23541226331892,4.29498976578846
30,10,300,100,0.25,0.03,2.1,FALSE,1.25333805539459,2,0.337099931231621,0.133333333333333,1,4,150,0,26,7.67481707903576,4.06716536157916
30,10,300,100,0.25,0.03,2.5,FALSE,1.25333805539459,3,0.330680164571623,0.129032258064516,1,4,150,0,27,7.51632899595299,4.62952626621026
30,10,300,100,0.25,0.03,2.9,FALSE,1.25333805539459,4,0.458808470399168,0.241379310344828,1,7,150,0,22,7.61737196661685,3.9610554809239
30,10,300,100,0.25,0.03,2.9,FALSE,1.25333805539459,5,0.407306539981278,0.193548387096774,1,6,150,0,25,7.77568706462257,4.44404960881387
30,10,300,100,0.25,0.03,2.9,FALSE,1.25333805539459,6,0.377964473009227,0.166666666666667,1,5,150,0,25,7.48209640141664,4.82479287144244
30,10,300,100,0.25,0.03,2.3,FALSE,1.25333805539459,7,0.291111254869791,0.1,1,3,150,0,27,7.60077640805994,4.22452232953414
30,10,300,100,0.25,0.03,2.9,FALSE,1.25333805539459,8,0.337099931231621,0.133333333333333,1,4,150,0,26,7.17173006830701,4.75223060138845
30,10,300,100,0.25,0.03,2.5,FALSE,1.25333805539459,9,0.246731885609913,0.0714285714285714,1,2,150,0,26,7.82132486478869,4.47035174428913
30,10,300,100,0.25,0.03,2.7,FALSE,1.25333805539459,10,0.4152273992687,0.2,1,6,150,0,24,7.25579591748124,4.42462991324281
30,10,300,100,0.25,0.05,1.9,FALSE,1.25333805539459,1,0.173972250159805,0.0357142857142857,1,1,150,0,27,7.88649529246884,5.29085150801471
30,10,300,100,0.25,0.05,2.9,FALSE,1.25333805539459,2,0.377964473009227,0.166666666666667,1,5,150,0,25,8.44963501044646,4.98556269734611
30,10,300,100,0.25,0.05,2.5,FALSE,1.25333805539459,3,0.232516225839034,0.0645161290322581,1,2,150,0,29,8.22800979908099,5.72781772833124
30,10,300,100,0.25,0.05,0.1,FALSE,1.25333805539459,4,0.241754738514862,0.0689655172413793,1,2,150,0,27,8.35511713741565,5.11346285848183
30,10,300,100,0.25,0.05,2.5,FALSE,1.25333805539459,5,0.370760492917604,0.161290322580645,1,5,150,0,26,8.56014623716937,5.29669068209279
30,10,300,100,0.25,0.05,2.1,FALSE,1.25333805539459,6,0.167131567616219,0.0333333333333333,1,1,150,0,29,8.37410199793929,5.78613226255243
30,10,300,100,0.25,0.05,2.3,FALSE,1.25333805539459,7,0.291111254869791,0.1,1,3,150,0,27,8.48248829843276,5.16761863581728
30,10,300,100,0.25,0.05,2.7,FALSE,1.25333805539459,8,0.167131567616219,0.0333333333333333,1,1,150,0,29,7.97482462864981,5.62404870452479
30,10,300,100,0.25,0.05,2.7,FALSE,1.25333805539459,9,0.173972250159805,0.0357142857142857,1,1,150,0,27,8.69601116085154,5.37483983775572
30,10,300,100,0.25,0.05,2.7,FALSE,1.25333805539459,10,0.337099931231621,0.133333333333333,1,4,150,0,26,8.24439615311029,5.32479043376849
30,10,300,100,0.25,0.1,2.9,FALSE,1.25333805539459,1,0.173972250159805,0.0357142857142857,1,1,150,0,27,9.00510841527872,6.82992647297792
30,10,300,100,0.25,0.1,2.7,FALSE,1.25333805539459,2,0.167131567616219,0.0333333333333333,1,1,150,0,29,9.46976144309078,6.63015412216514
30,10,300,100,0.25,0.1,0.1,FALSE,1.25333805539459,3,0,0,1,0,150,0,31,9.35340271461583,6.93471004037637
30,10,300,100,0.25,0.1,0.1,FALSE,1.25333805539459,4,0.241754738514862,0.0689655172413793,1,2,150,0,27,9.32117437219098,6.69485339998606
30,10,300,100,0.25,0.1,2.3,FALSE,1.25333805539459,5,0.232516225839034,0.0645161290322581,1,2,150,0,29,9.57604421984743,6.54889159929905
30,10,300,100,0.25,0.1,0.1,FALSE,1.25333805539459,6,0,0,1,0,150,0,30,9.2707554690324,6.8980585577042
30,10,300,100,0.25,0.1,2.3,FALSE,1.25333805539459,7,0.237022731569989,0.0666666666666667,1,2,150,0,28,9.36345985587228,6.46051891043018
30,10,300,100,0.25,0.1,0.1,FALSE,1.25333805539459,8,0,0,1,0,150,0,30,9.25945544755394,7.20786096127244
30,10,300,100,0.25,0.1,2.9,FALSE,1.25333805539459,9,0.173972250159805,0.0357142857142857,1,1,150,0,27,9.84450247591773,7.17636132736205
30,10,300,100,0.25,0.1,2.7,FALSE,1.25333805539459,10,0.237022731569989,0.0666666666666667,1,2,150,0,28,9.26899254755069,7.13861461192541
30,10,300,300,0.05,0.03,2.7,FALSE,1.25333805539459,1,0.78718018546848,0.882352941176471,0.989473684210526,15,564,6,2,7.24779381850741,1.57939339706556
30,10,300,300,0.05,0.03,1.9,FALSE,1.25333805539459,2,0.804983165587275,0.833333333333333,0.992982456140351,15,566,4,3,7.5671892913089,1.11760918476114
30,10,300,300,0.05,0.03,1.5,FALSE,1.25333805539459,3,0.67123121852872,0.5625,0.996491228070175,9,568,2,7,6.76630019098013,1.69631772149437
30,10,300,300,0.05,0.03,2.3,FALSE,1.25333805539459,4,0.654073055520825,0.823529411764706,0.978947368421053,14,558,12,3,6.56216480700538,1.91943987375302
30,10,300,300,0.05,0.03,2.5,FALSE,1.25333805539459,5,0.661874652528137,0.777777777777778,0.982456140350877,14,560,10,4,6.60376889319153,1.64805781614882
30,10,300,300,0.05,0.03,2.3,FALSE,1.25333805539459,6,0.700034403538897,0.8125,0.985964912280702,13,562,8,3,7.07689639481277,1.59045780129614
30,10,300,300,0.05,0.03,1.5,FALSE,1.25333805539459,7,0.800199117377032,0.647058823529412,1,11,570,0,6,6.60954450744352,1.64685432224195
30,10,300,300,0.05,0.03,1.5,FALSE,1.25333805539459,8,0.762298491880186,0.588235294117647,1,10,570,0,7,7.21108098003223,1.44959297914781
30,10,300,300,0.05,0.03,2.9,FALSE,1.25333805539459,9,0.620730472121727,0.833333333333333,0.971929824561404,15,554,16,3,7.06473755686636,1.83672379085877
30,10,300,300,0.05,0.03,1.9,FALSE,1.25333805539459,10,0.808938258243765,0.764705882352941,0.996491228070175,13,568,2,4,7.16347448227961,1.31493751107037
30,10,300,300,0.05,0.05,2.5,FALSE,1.25333805539459,1,0.594967112356293,0.588235294117647,0.989473684210526,10,564,6,7,6.82236873469379,2.49851607838453
30,10,300,300,0.05,0.05,2.9,FALSE,1.25333805539459,2,0.727993603419948,0.833333333333333,0.985964912280702,15,562,8,3,7.13072689321496,2.1778277760988
30,10,300,300,0.05,0.05,2.5,FALSE,1.25333805539459,3,0.614637111421319,0.5625,0.992982456140351,9,566,4,7,6.5071718516398,2.16564772503157
30,10,300,300,0.05,0.05,2.1,FALSE,1.25333805539459,4,0.500539224617658,0.411764705882353,0.992982456140351,7,566,4,10,6.31907564898172,2.73120659494292
30,10,300,300,0.05,0.05,2.3,FALSE,1.25333805539459,5,0.740179846595171,0.555555555555556,1,10,570,0,8,6.46967404669293,2.31180427094951
30,10,300,300,0.05,0.05,1.3,TRUE,1.25333805539459,6,0.521719500475097,0.375,0.996491228070175,6,568,2,10,6.71661383697142,2.18581818599674
30,10,300,300,0.05,0.05,1.5,FALSE,1.25333805539459,7,0.680641897225301,0.470588235294118,1,8,570,0,9,6.34273581079163,2.32461734785413
30,10,300,300,0.05,0.05,2.5,FALSE,1.25333805539459,8,0.677787484504939,0.764705882352941,0.985964912280702,13,562,8,4,6.92954258248928,1.99411791492705
30,10,300,300,0.05,0.05,1.3,TRUE,1.25333805539459,9,0.571367203381203,0.333333333333333,1,6,570,0,12,6.73321704904554,2.50527158564627
30,10,300,300,0.05,0.05,1.9,FALSE,1.25333805539459,10,0.605291749868372,0.470588235294118,0.996491228070175,8,568,2,9,6.79120634013347,2.16953736403653
30,10,300,300,0.05,0.1,1.9,FALSE,1.25333805539459,1,0.505406461404577,0.352941176470588,0.996491228070175,6,568,2,11,6.66597635164571,3.30741630349578
30,10,300,300,0.05,0.1,2.9,FALSE,1.25333805539459,2,0.4700007867017,0.5,0.982456140350877,9,560,10,9,6.79445910107127,2.94722390567124
30,10,300,300,0.05,0.1,2.1,FALSE,1.25333805539459,3,0.607070410050285,0.375,1,6,570,0,10,6.34810545771793,2.92757144761275
30,10,300,300,0.05,0.1,2.7,FALSE,1.25333805539459,4,0.386441867340105,0.235294117647059,0.996491228070175,4,568,2,13,6.36903898951371,3.56159999901179
30,10,300,300,0.05,0.1,2.9,FALSE,1.25333805539459,5,0.589224766237396,0.666666666666667,0.982456140350877,12,560,10,6,6.37119342113619,2.69156010128787
30,10,300,300,0.05,0.1,2.1,FALSE,1.25333805539459,6,0.463505901127913,0.3125,0.996491228070175,5,568,2,11,6.45101278773982,3.20966725453026
30,10,300,300,0.05,0.1,2.9,FALSE,1.25333805539459,7,0.459002082577857,0.529411764705882,0.978947368421053,9,558,12,8,6.31762370218366,2.945986816434
30,10,300,300,0.05,0.1,2.1,FALSE,1.25333805539459,8,0.588437749912359,0.352941176470588,1,6,570,0,11,6.73192035814907,3.08375441040022
30,10,300,300,0.05,0.1,2.9,FALSE,1.25333805539459,9,0.540757371047308,0.388888888888889,0.996491228070175,7,568,2,11,6.73455869839851,3.10993757283099
30,10,300,300,0.05,0.1,1.9,FALSE,1.25333805539459,10,0.415018227224159,0.176470588235294,1,3,570,0,14,6.68936053414778,3.15728557475701
30,10,300,300,0.1,0.03,2.1,FALSE,1.25333805539459,1,0.832495122113185,0.705882352941177,1,24,540,0,10,7.22642156957348,1.27516460224984
30,10,300,300,0.1,0.03,2.5,FALSE,1.25333805539459,2,0.839685770320536,0.823529411764706,0.992592592592593,28,536,4,6,6.9609420308268,1.48770572755525
30,10,300,300,0.1,0.03,2.7,FALSE,1.25333805539459,3,0.860128164695286,0.805555555555556,0.996296296296296,29,538,2,7,7.79897743931524,1.5289636639282
30,10,300,300,0.1,0.03,2.5,FALSE,1.25333805539459,4,0.81536323331836,0.861111111111111,0.985185185185185,31,532,8,5,6.90791050933534,1.53636882679282
30,10,300,300,0.1,0.03,2.7,FALSE,1.25333805539459,5,0.769638060096454,0.916666666666667,0.97037037037037,33,524,16,3,6.90911106157495,1.40660285619647
30,10,300,300,0.1,0.03,2.9,FALSE,1.25333805539459,6,0.815391078297637,0.941176470588235,0.977777777777778,32,528,12,2,7.0994468433992,1.65548317058435
30,10,300,300,0.1,0.03,2.9,FALSE,1.25333805539459,7,0.724078430810655,0.794117647058823,0.977777777777778,27,528,12,7,7.64338991219279,1.94448382430492
30,10,300,300,0.1,0.03,1.9,FALSE,1.25333805539459,8,0.808754669475227,0.722222222222222,0.996296296296296,26,538,2,10,6.92383516989289,1.5944101236954
30,10,300,300,0.1,0.03,2.7,FALSE,1.25333805539459,9,0.865013013441482,0.861111111111111,0.992592592592593,31,536,4,5,7.11493317901591,1.54883927950707
30,10,300,300,0.1,0.03,2.5,FALSE,1.25333805539459,10,0.758752498642048,0.647058823529412,0.996296296296296,22,538,2,12,7.00466789267292,1.84970850143472
30,10,300,300,0.1,0.05,2.5,FALSE,1.25333805539459,1,0.717125945563261,0.676470588235294,0.988888888888889,23,534,6,11,6.87885097110471,2.0504094638764
30,10,300,300,0.1,0.05,2.7,FALSE,1.25333805539459,2,0.70711678460702,0.735294117647059,0.981481481481482,25,530,10,9,6.52141072227698,2.27947749129858
30,10,300,300,0.1,0.05,2.7,FALSE,1.25333805539459,3,0.76056374256028,0.694444444444444,0.992592592592593,25,536,4,11,7.2481954051027,2.31896317187501
30,10,300,300,0.1,0.05,2.9,FALSE,1.25333805539459,4,0.624835864373132,0.638888888888889,0.977777777777778,23,528,12,13,6.67232286535869,2.46006550458031
30,10,300,300,0.1,0.05,2.5,FALSE,1.25333805539459,5,0.649610885064515,0.611111111111111,0.985185185185185,22,532,8,14,6.59018024932744,2.27494891476516
30,10,300,300,0.1,0.05,2.7,FALSE,1.25333805539459,6,0.655131765956153,0.588235294117647,0.988888888888889,20,534,6,14,6.79573622132992,2.50522863492855
30,10,300,300,0.1,0.05,2.7,FALSE,1.25333805539459,7,0.784517938482926,0.735294117647059,0.992592592592593,25,536,4,9,7.24292357869847,2.18428708841798
30,10,300,300,0.1,0.05,2.9,FALSE,1.25333805539459,8,0.831332493905482,0.805555555555556,0.992592592592593,29,536,4,7,6.6631696491825,2.33584110159416
30,10,300,300,0.1,0.05,2.9,FALSE,1.25333805539459,9,0.751469149302179,0.722222222222222,0.988888888888889,26,534,6,10,6.77639357755912,2.33224418404599
30,10,300,300,0.1,0.05,2.9,FALSE,1.25333805539459,10,0.717125945563261,0.676470588235294,0.988888888888889,23,534,6,11,6.63924713526701,2.42386236406691
30,10,300,300,0.1,0.1,2.7,FALSE,1.25333805539459,1,0.489857713805572,0.382352941176471,0.988888888888889,13,534,6,21,6.6142676688319,3.30931098954378
30,10,300,300,0.1,0.1,2.3,FALSE,1.25333805539459,2,0.417847074083828,0.235294117647059,0.996296296296296,8,538,2,26,6.2440563289929,3.14565580787572
30,10,300,300,0.1,0.1,2.9,FALSE,1.25333805539459,3,0.590648178373807,0.416666666666667,0.996296296296296,15,538,2,21,6.98080315289145,2.98458707841607
30,10,300,300,0.1,0.1,2.9,FALSE,1.25333805539459,4,0.498159001191774,0.472222222222222,0.977777777777778,17,528,12,19,6.61339357974187,3.0991987125864
30,10,300,300,0.1,0.1,2.9,FALSE,1.25333805539459,5,0.475247589279257,0.444444444444444,0.977777777777778,16,528,12,20,6.39283053268344,3.13890695542013
30,10,300,300,0.1,0.1,1.9,FALSE,1.25333805539459,6,0.417847074083828,0.235294117647059,0.996296296296296,8,538,2,26,6.51462956464495,3.24242172117504
30,10,300,300,0.1,0.1,2.7,FALSE,1.25333805539459,7,0.540752565081918,0.441176470588235,0.988888888888889,15,534,6,19,6.91044837489525,2.7535922383924
30,10,300,300,0.1,0.1,2.9,FALSE,1.25333805539459,8,0.554679666923779,0.416666666666667,0.992592592592593,15,536,4,21,6.67371423383666,3.2843682898717
30,10,300,300,0.1,0.1,2.7,FALSE,1.25333805539459,9,0.505891489100436,0.361111111111111,0.992592592592593,13,536,4,23,6.48113597541987,3.37611602204422
30,10,300,300,0.1,0.1,2.7,FALSE,1.25333805539459,10,0.652825555516149,0.441176470588235,1,15,540,0,19,6.63010575615448,3.02716068384234
30,10,300,300,0.25,0.03,2.9,FALSE,1.25333805539459,1,0.768781363314065,0.781609195402299,0.968888888888889,68,436,14,19,7.28587423288362,1.87964889655422
30,10,300,300,0.25,0.03,2.9,FALSE,1.25333805539459,2,0.800312141060148,0.75,0.986666666666667,66,444,6,22,7.57680755130893,2.02231066606147
30,10,300,300,0.25,0.03,2.5,FALSE,1.25333805539459,3,0.750908929189696,0.632183908045977,0.995555555555556,55,448,2,32,7.32603393895236,2.29852710716625
30,10,300,300,0.25,0.03,2.9,FALSE,1.25333805539459,4,0.828859367998092,0.793103448275862,0.986666666666667,69,444,6,18,7.34883520340767,1.90542449017547
30,10,300,300,0.25,0.03,2.9,FALSE,1.25333805539459,5,0.782001849330069,0.701149425287356,0.991111111111111,61,446,4,26,8.10257191280938,2.37229646625357
30,10,300,300,0.25,0.03,2.9,FALSE,1.25333805539459,6,0.796173702492864,0.784090909090909,0.977777777777778,69,440,10,19,7.08039260702587,2.1814795848756
30,10,300,300,0.25,0.03,2.9,FALSE,1.25333805539459,7,0.807252180994068,0.738636363636364,0.991111111111111,65,446,4,23,7.48194432372191,2.01537381319521
30,10,300,300,0.25,0.03,2.7,FALSE,1.25333805539459,8,0.820563816430356,0.735632183908046,0.995555555555556,64,448,2,23,6.87288017796565,2.03623208769821
30,10,300,300,0.25,0.03,2.9,FALSE,1.25333805539459,9,0.80187572724803,0.793103448275862,0.977777777777778,69,440,10,18,7.01941726777035,2.01216489950548
30,10,300,300,0.25,0.03,2.9,FALSE,1.25333805539459,10,0.836431217693999,0.804597701149425,0.986666666666667,70,444,6,17,7.79210702068925,1.89498750303438
30,10,300,300,0.25,0.05,2.9,FALSE,1.25333805539459,1,0.726777422068315,0.64367816091954,0.986666666666667,56,444,6,31,7.08779677542598,2.50103249543848
30,10,300,300,0.25,0.05,2.9,FALSE,1.25333805539459,2,0.645965560031959,0.511363636363636,0.991111111111111,45,446,4,43,7.25558013568127,2.68919927794903
30,10,300,300,0.25,0.05,2.9,FALSE,1.25333805539459,3,0.66000351640807,0.505747126436782,0.995555555555556,44,448,2,43,7.11645691764946,2.90070589428751
30,10,300,300,0.25,0.05,2.9,FALSE,1.25333805539459,4,0.726777422068315,0.64367816091954,0.986666666666667,56,444,6,31,6.96777742427347,2.62468735946261
30,10,300,300,0.25,0.05,2.9,FALSE,1.25333805539459,5,0.643719939556215,0.551724137931034,0.982222222222222,48,442,8,39,7.67525847460962,2.99822899626361
30,10,300,300,0.25,0.05,2.7,FALSE,1.25333805539459,6,0.639142995868428,0.545454545454545,0.982222222222222,48,442,8,40,6.89718704372352,2.7168737614579
30,10,300,300,0.25,0.05,2.9,FALSE,1.25333805539459,7,0.699637539401317,0.534090909090909,1,47,450,0,41,7.10081480887066,2.68352734903995
30,10,300,300,0.25,0.05,2.9,FALSE,1.25333805539459,8,0.668240722093997,0.563218390804598,0.986666666666667,49,444,6,38,6.60812156655072,2.76088943918415
30,10,300,300,0.25,0.05,2.9,FALSE,1.25333805539459,9,0.692034370429748,0.655172413793103,0.973333333333333,57,438,12,30,6.78496311926942,2.59326199057412
30,10,300,300,0.25,0.05,2.9,FALSE,1.25333805539459,10,0.624828419056886,0.459770114942529,0.995555555555556,40,448,2,47,7.4523100747033,2.78658302694945
30,10,300,300,0.25,0.1,2.9,FALSE,1.25333805539459,1,0.587183085158811,0.436781609195402,0.991111111111111,38,446,4,49,6.8627009785578,3.41003062757603
30,10,300,300,0.25,0.1,2.9,FALSE,1.25333805539459,2,0.504727974002357,0.340909090909091,0.991111111111111,30,446,4,58,7.08069539004016,3.45898980303497
30,10,300,300,0.25,0.1,2.9,FALSE,1.25333805539459,3,0.523291191784836,0.310344827586207,1,27,450,0,60,6.95345583290681,3.64823430317527
30,10,300,300,0.25,0.1,2.9,FALSE,1.25333805539459,4,0.588189387057174,0.413793103448276,0.995555555555556,36,448,2,51,6.88702907882598,3.39683435812376
30,10,300,300,0.25,0.1,2.7,FALSE,1.25333805539459,5,0.394081750985674,0.229885057471264,0.991111111111111,20,446,4,67,7.37016895708874,3.87587942199128
30,10,300,300,0.25,0.1,2.9,FALSE,1.25333805539459,6,0.539765383336172,0.329545454545455,1,29,450,0,59,6.64783771129729,3.52176944529704
30,10,300,300,0.25,0.1,2.9,FALSE,1.25333805539459,7,0.519800092949677,0.306818181818182,1,27,450,0,61,6.84440516265331,3.45561306031178
30,10,300,300,0.25,0.1,2.9,FALSE,1.25333805539459,8,0.498952939078151,0.35632183908046,0.986666666666667,31,444,6,56,6.45347786398823,3.37440966272224
30,10,300,300,0.25,0.1,2.7,FALSE,1.25333805539459,9,0.407560850738016,0.298850574712644,0.977777777777778,26,440,10,61,6.6459333081149,3.31164566323944
30,10,300,300,0.25,0.1,2.7,FALSE,1.25333805539459,10,0.470061147537038,0.252873563218391,1,22,450,0,65,7.03930664997738,3.80422675119664
30,10,300,500,0.05,0.03,1.7,FALSE,1.25333805539459,1,0.802433338508669,0.766666666666667,0.995789473684211,23,946,4,7,7.87051865553659,0.952989428468802
30,10,300,500,0.05,0.03,1.1,FALSE,1.25333805539459,2,0.783316658129399,0.620689655172414,1,18,950,0,11,7.33775737498396,1.0861088435503
30,10,300,500,0.05,0.03,0.9,FALSE,1.25333805539459,3,0.791254662128397,0.633333333333333,1,19,950,0,11,7.14254634762136,1.00503964898803
30,10,300,500,0.05,0.03,2.3,FALSE,1.25333805539459,4,0.810152435000335,0.785714285714286,0.995789473684211,22,946,4,6,7.18095482272027,1.18353679866384
30,10,300,500,0.05,0.03,1.7,FALSE,1.25333805539459,5,0.717589584066398,0.67741935483871,0.993684210526316,21,944,6,10,6.6389387579977,1.13121581211069
30,10,300,500,0.05,0.03,1.5,FALSE,1.25333805539459,6,0.669572790284885,0.655172413793103,0.991578947368421,19,942,8,10,7.4912056046125,1.43781394151336
30,10,300,500,0.05,0.03,2.3,FALSE,1.25333805539459,7,0.655233333306592,0.793103448275862,0.981052631578947,23,932,18,6,7.18427722189992,1.34510945622627
30,10,300,500,0.05,0.03,1.3,TRUE,1.25333805539459,8,0.862852308673432,0.75,1,21,950,0,7,8.07103802371544,0.842945485037768
30,10,300,500,0.05,0.03,1.5,FALSE,1.25333805539459,9,0.715716878402904,0.724137931034483,0.991578947368421,21,942,8,8,7.09847429577821,1.29342524439876
30,10,300,500,0.05,0.03,1.5,FALSE,1.25333805539459,10,0.741370768022577,0.620689655172414,0.997894736842105,18,948,2,11,7.12826225669342,1.37453751085092
30,10,300,500,0.05,0.05,2.3,FALSE,1.25333805539459,1,0.658067245364645,0.733333333333333,0.985263157894737,22,936,14,8,7.00398156922333,1.28428973395165
30,10,300,500,0.05,0.05,2.1,FALSE,1.25333805539459,2,0.795490885202324,0.758620689655172,0.995789473684211,22,946,4,7,6.61096043220601,1.7371856370356
30,10,300,500,0.05,0.05,1.5,FALSE,1.25333805539459,3,0.728444629980459,0.6,0.997894736842105,18,948,2,12,6.43186713143275,1.4694653035051
30,10,300,500,0.05,0.05,1.7,FALSE,1.25333805539459,4,0.731033155643298,0.607142857142857,0.997894736842105,17,948,2,11,6.52585449407822,1.71705505669861
30,10,300,500,0.05,0.05,1.7,FALSE,1.25333805539459,5,0.626689469291321,0.548387096774194,0.993684210526316,17,944,6,14,6.11665504496704,1.79891211419662
30,10,300,500,0.05,0.05,1.1,FALSE,1.25333805539459,6,0.571014710777159,0.482758620689655,0.993684210526316,14,944,6,15,6.61152829067243,1.82013060944001
30,10,300,500,0.05,0.05,2.3,FALSE,1.25333805539459,7,0.623363144818571,0.793103448275862,0.976842105263158,23,928,22,6,6.49801660665582,1.66717747760887
30,10,300,500,0.05,0.05,2.7,FALSE,1.25333805539459,8,0.728938108994365,0.892857142857143,0.983157894736842,25,934,16,3,7.26686084269399,1.69933766217977
30,10,300,500,0.05,0.05,2.3,FALSE,1.25333805539459,9,0.601851525617061,0.758620689655172,0.976842105263158,22,928,22,7,6.51277093760677,1.93572787936467
30,10,300,500,0.05,0.05,1.9,FALSE,1.25333805539459,10,0.697373359372159,0.655172413793103,0.993684210526316,19,944,6,10,6.51023842639593,1.77539250805699
30,10,300,500,0.05,0.1,0.7,FALSE,1.25333805539459,1,0.51052032415149,0.266666666666667,1,8,950,0,22,6.09416558774825,1.60156169997146
30,10,300,500,0.05,0.1,1.5,FALSE,1.25333805539459,2,0.486406671457488,0.344827586206897,0.995789473684211,10,946,4,19,5.87508976931729,2.41627144897468
30,10,300,500,0.05,0.1,1.5,FALSE,1.25333805539459,3,0.518825439472614,0.333333333333333,0.997894736842105,10,948,2,20,5.84124460568759,2.36597014624491
30,10,300,500,0.05,0.1,1.5,FALSE,1.25333805539459,4,0.504965675846515,0.321428571428571,0.997894736842105,9,948,2,19,5.99880001838511,2.25650094927148
30,10,300,500,0.05,0.1,2.9,FALSE,1.25333805539459,5,0.402284319653867,0.67741935483871,0.941052631578947,21,894,56,10,5.61907854766137,2.56523134621327
30,10,300,500,0.05,0.1,1.3,TRUE,1.25333805539459,6,0.391873700249306,0.310344827586207,0.991578947368421,9,942,8,20,5.88145320283869,2.20507626398607
30,10,300,500,0.05,0.1,2.3,FALSE,1.25333805539459,7,0.445404669116692,0.655172413793103,0.96,19,912,38,10,5.79473972055387,1.88109203629139
30,10,300,500,0.05,0.1,1.9,FALSE,1.25333805539459,8,0.504965675846515,0.321428571428571,0.997894736842105,9,948,2,19,6.40278948312097,2.40147918515913
30,10,300,500,0.05,0.1,2.7,FALSE,1.25333805539459,9,0.436766105673709,0.655172413793103,0.957894736842105,19,910,40,10,5.79629195189884,2.43139260590101
30,10,300,500,0.05,0.1,1.9,FALSE,1.25333805539459,10,0.622123374807334,0.655172413793103,0.987368421052632,19,938,12,10,5.79886751833577,2.08088613119955
30,10,300,500,0.1,0.03,1.9,FALSE,1.25333805539459,1,0.88170776395774,0.88135593220339,0.993333333333333,52,894,6,7,7.17954273237389,0.806011872496212
30,10,300,500,0.1,0.03,1.7,FALSE,1.25333805539459,2,0.757988022837092,0.655172413793103,0.995555555555556,38,896,4,20,7.16920900932784,1.45755609229813
30,10,300,500,0.1,0.03,2.1,FALSE,1.25333805539459,3,0.785783117172756,0.666666666666667,0.997777777777778,38,898,2,19,8.05381177859635,1.40223997763089
30,10,300,500,0.1,0.03,1.7,FALSE,1.25333805539459,4,0.822474245369925,0.724137931034483,0.997777777777778,42,898,2,16,9.00501936619214,1.21965155060982
30,10,300,500,0.1,0.03,2.3,FALSE,1.25333805539459,5,0.848896512901747,0.827586206896552,0.993333333333333,48,894,6,10,7.97619411856537,1.00789037180861
30,10,300,500,0.1,0.03,1.7,FALSE,1.25333805539459,6,0.762338736018725,0.661016949152542,0.995555555555556,39,896,4,20,7.93202347441091,1.42451419031835
30,10,300,500,0.1,0.03,1.5,FALSE,1.25333805539459,7,0.88663885361237,0.796610169491525,1,47,900,0,12,7.50257998834113,0.809458112692327
30,10,300,500,0.1,0.03,2.3,FALSE,1.25333805539459,8,0.893282547108822,0.842105263157895,0.997777777777778,48,898,2,9,7.85666702910062,0.975493704800567
30,10,300,500,0.1,0.03,2.7,FALSE,1.25333805539459,9,0.794951195142245,0.793103448275862,0.988888888888889,46,890,10,12,7.83462788180346,1.78629092734704
30,10,300,500,0.1,0.03,2.7,FALSE,1.25333805539459,10,0.81939736346516,0.830508474576271,0.988888888888889,49,890,10,10,8.15307135232399,1.20018829198234
30,10,300,500,0.1,0.05,2.1,FALSE,1.25333805539459,1,0.748633627697891,0.694915254237288,0.991111111111111,41,892,8,18,6.52959209604218,1.51379086424185
30,10,300,500,0.1,0.05,2.7,FALSE,1.25333805539459,2,0.713480341476693,0.810344827586207,0.973333333333333,47,876,24,11,6.50359721061027,1.90555408646259
30,10,300,500,0.1,0.05,2.7,FALSE,1.25333805539459,3,0.764914869034442,0.771929824561403,0.986666666666667,44,888,12,13,7.33373738620382,1.85306375877843
30,10,300,500,0.1,0.05,2.1,FALSE,1.25333805539459,4,0.732629432638523,0.672413793103448,0.991111111111111,39,892,8,19,7.99914251662947,1.93688012990134
30,10,300,500,0.1,0.05,1.7,FALSE,1.25333805539459,5,0.715232928284694,0.620689655172414,0.993333333333333,36,894,6,22,7.20872462608122,1.51195596047937
30,10,300,500,0.1,0.05,1.9,FALSE,1.25333805539459,6,0.69669348569312,0.593220338983051,0.993333333333333,35,894,6,24,7.13784031786911,1.85135764582469
30,10,300,500,0.1,0.05,2.5,FALSE,1.25333805539459,7,0.811434375396076,0.864406779661017,0.984444444444444,51,886,14,8,6.86758861562604,1.29234267249453
30,10,300,500,0.1,0.05,2.7,FALSE,1.25333805539459,8,0.798247336557338,0.824561403508772,0.986666666666667,47,888,12,10,7.26320795140883,1.56696832209239
30,10,300,500,0.1,0.05,2.5,FALSE,1.25333805539459,9,0.666027001835742,0.551724137931034,0.993333333333333,32,894,6,26,7.09035629210789,2.24656969337991
30,10,300,500,0.1,0.05,2.3,FALSE,1.25333805539459,10,0.825578019085127,0.728813559322034,0.997777777777778,43,898,2,16,7.31316674805008,1.62252807515646
30,10,300,500,0.1,0.1,1.9,FALSE,1.25333805539459,1,0.557080518163341,0.457627118644068,0.988888888888889,27,890,10,32,5.90266507617836,2.18983045073085
30,10,300,500,0.1,0.1,2.1,FALSE,1.25333805539459,2,0.600037917598419,0.46551724137931,0.993333333333333,27,894,6,31,5.87028172260482,2.60843937102106
30,10,300,500,0.1,0.1,2.7,FALSE,1.25333805539459,3,0.640855967583365,0.631578947368421,0.982222222222222,36,884,16,21,6.49376575968477,2.40020479421056
30,10,300,500,0.1,0.1,2.9,FALSE,1.25333805539459,4,0.647893116379782,0.758620689655172,0.966666666666667,44,870,30,14,6.94393062570645,2.07223933576214
30,10,300,500,0.1,0.1,1.5,FALSE,1.25333805539459,5,0.550194896990034,0.379310344827586,0.995555555555556,22,896,4,36,6.32359597990803,2.14587060417191
30,10,300,500,0.1,0.1,2.9,FALSE,1.25333805539459,6,0.424024882456535,0.559322033898305,0.942222222222222,33,848,52,26,6.27848118238765,2.50385225672223
30,10,300,500,0.1,0.1,1.9,FALSE,1.25333805539459,7,0.725828137656954,0.661016949152542,0.991111111111111,39,892,8,20,6.05812466390493,1.70902513327148
30,10,300,500,0.1,0.1,2.7,FALSE,1.25333805539459,8,0.727294171652082,0.736842105263158,0.984444444444444,42,886,14,15,6.4860673685179,2.12332504061118
30,10,300,500,0.1,0.1,1.7,FALSE,1.25333805539459,9,0.534997453065107,0.362068965517241,0.995555555555556,21,896,4,37,6.28916361794708,2.59822233207873
30,10,300,500,0.1,0.1,2.7,FALSE,1.25333805539459,10,0.690483538456635,0.677966101694915,0.984444444444444,40,886,14,19,6.47393653427868,2.09348328937214
30,10,300,500,0.25,0.03,2.9,FALSE,1.25333805539459,1,0.847297083210167,0.808219178082192,0.989333333333333,118,742,8,28,8.57996877578286,1.44941051429704
30,10,300,500,0.25,0.03,2.9,FALSE,1.25333805539459,2,0.829911057777192,0.794520547945205,0.986666666666667,116,740,10,30,8.23823755036739,1.61489004131463
30,10,300,500,0.25,0.03,2.9,FALSE,1.25333805539459,3,0.874049235073133,0.794520547945205,1,116,750,0,30,8.9804529821055,1.4204994457343
30,10,300,500,0.25,0.03,2.9,FALSE,1.25333805539459,4,0.829064982232849,0.767123287671233,0.992,112,744,6,34,9.65563932879441,1.64517513280134
30,10,300,500,0.25,0.03,2.3,FALSE,1.25333805539459,5,0.837341632797806,0.793103448275862,0.989333333333333,115,742,8,30,7.66243052487254,1.38528728346964
30,10,300,500,0.25,0.03,2.9,FALSE,1.25333805539459,6,0.818159168467573,0.801369863013699,0.981333333333333,117,736,14,29,7.93053229549924,1.60586890106763
30,10,300,500,0.25,0.03,2.9,FALSE,1.25333805539459,7,0.820959902607044,0.828767123287671,0.976,121,732,18,25,7.61240275613066,1.38756166952194
30,10,300,500,0.25,0.03,2.9,FALSE,1.25333805539459,8,0.838344809774994,0.794520547945205,0.989333333333333,116,742,8,30,8.5190547943742,1.74728611056314
30,10,300,500,0.25,0.03,2.5,FALSE,1.25333805539459,9,0.8155065001045,0.746575342465753,0.992,109,744,6,37,7.59937340013792,1.55572270386087
30,10,300,500,0.25,0.03,2.9,FALSE,1.25333805539459,10,0.85620307979523,0.821917808219178,0.989333333333333,120,742,8,26,8.4978677764383,1.54074640710173
30,10,300,500,0.25,0.05,2.9,FALSE,1.25333805539459,1,0.769989396764571,0.705479452054795,0.986666666666667,103,740,10,43,7.99250994473164,2.23859775655103
30,10,300,500,0.25,0.05,2.9,FALSE,1.25333805539459,2,0.774079042570812,0.684931506849315,0.992,100,744,6,46,7.51412155880778,2.38307280217547
30,10,300,500,0.25,0.05,2.9,FALSE,1.25333805539459,3,0.774079042570812,0.684931506849315,0.992,100,744,6,46,8.01024742627581,2.09650434959637
30,10,300,500,0.25,0.05,2.9,FALSE,1.25333805539459,4,0.755263986533373,0.657534246575342,0.992,96,744,6,50,8.83462547701225,2.34900648382449
30,10,300,500,0.25,0.05,2.9,FALSE,1.25333805539459,5,0.781093415244118,0.758620689655172,0.978666666666667,110,734,16,35,7.00818978976908,2.03469252183596
30,10,300,500,0.25,0.05,2.9,FALSE,1.25333805539459,6,0.765277109380782,0.698630136986301,0.986666666666667,102,740,10,44,7.21025757124765,2.2680065623407
30,10,300,500,0.25,0.05,2.9,FALSE,1.25333805539459,7,0.79794031570407,0.746575342465753,0.986666666666667,109,740,10,37,7.01746242231509,1.91499321672152
30,10,300,500,0.25,0.05,2.9,FALSE,1.25333805539459,8,0.713027349384169,0.636986301369863,0.984,93,738,12,53,7.77298248225964,2.37044691960235
30,10,300,500,0.25,0.05,2.7,FALSE,1.25333805539459,9,0.752807212044119,0.705479452054795,0.981333333333333,103,736,14,43,7.03950608193382,1.96872824494527
30,10,300,500,0.25,0.05,2.9,FALSE,1.25333805539459,10,0.775445650337322,0.726027397260274,0.984,106,738,12,40,7.70595001001513,2.1537300464347
30,10,300,500,0.25,0.1,2.9,FALSE,1.25333805539459,1,0.614125559524728,0.479452054794521,0.989333333333333,70,742,8,76,7.17905106613257,3.14811181712693
30,10,300,500,0.25,0.1,2.9,FALSE,1.25333805539459,2,0.544891938799862,0.465753424657534,0.973333333333333,68,730,20,78,6.61713661430861,3.03666122079041
30,10,300,500,0.25,0.1,2.9,FALSE,1.25333805539459,3,0.668976054656289,0.589041095890411,0.981333333333333,86,736,14,60,6.99719097894448,2.77329812040587
30,10,300,500,0.25,0.1,2.7,FALSE,1.25333805539459,4,0.563994914240426,0.417808219178082,0.989333333333333,61,742,8,85,7.7076951739104,3.27838815242812
30,10,300,500,0.25,0.1,2.9,FALSE,1.25333805539459,5,0.640198193270681,0.606896551724138,0.968,88,726,24,57,6.35271618681738,2.60696875007863
30,10,300,500,0.25,0.1,2.9,FALSE,1.25333805539459,6,0.613751877786038,0.561643835616438,0.970666666666667,82,728,22,64,6.46610069199064,2.8356967885742
30,10,300,500,0.25,0.1,2.9,FALSE,1.25333805539459,7,0.64827560157896,0.595890410958904,0.973333333333333,87,730,20,59,6.24905049364792,2.72954616728369
30,10,300,500,0.25,0.1,2.9,FALSE,1.25333805539459,8,0.621979797891295,0.527397260273973,0.981333333333333,77,736,14,69,6.86427880846904,2.97931241441324
30,10,300,500,0.25,0.1,2.9,FALSE,1.25333805539459,9,0.584001155775679,0.534246575342466,0.968,78,726,24,68,6.26835302717403,2.72263777458452
30,10,300,500,0.25,0.1,2.9,FALSE,1.25333805539459,10,0.548295651060344,0.424657534246575,0.984,62,738,12,84,6.7924062878808,3.05890021359765
