y,rr,longstring,person_total,eta
0,0.362093,0.674491,0.394446,2.166120
0,1.431259,-2.023472,-0.165158,0.869233
0,-1.218935,3.372454,-0.591974,-0.131419
0,-1.809305,0.674491,1.203740,-2.479020
0,1.090300,-1.348982,0.328903,1.506021
0,0.599639,0.000000,0.449616,2.043037
0,1.617088,0.674491,0.435324,5.582810
0,-0.915912,2.023472,-0.170837,-0.390701
0,-0.370330,0.674491,-0.457925,-1.020200
0,-0.052223,1.348982,-0.354693,0.817541
0,0.537201,2.023472,0.131129,3.931806
0,-1.387653,1.348982,2.945243,1.993404
0,-0.055650,-1.348982,-0.789734,-3.169913
0,-1.998461,0.000000,0.972921,-4.155353
0,-0.229913,0.674491,0.916109,1.332871
0,-1.073416,-0.674491,2.429522,-0.422162
0,0.287547,0.000000,0.209790,0.862869
0,-0.198227,1.348982,2.679275,4.793079
0,0.323348,-0.674491,0.737100,0.879457
0,0.098803,0.000000,-0.758048,-1.034950
0,-0.361641,0.000000,-0.242106,-1.524423
0,-0.468982,0.674491,3.577603,4.523376
0,0.151882,1.348982,0.314170,2.326205
0,-1.866368,0.000000,1.808976,-2.598756
0,0.707364,0.674491,-0.249866,2.162695
0,0.987333,0.674491,-1.661863,0.879774
0,-1.542126,1.348982,0.413865,-2.062811
0,-0.058414,-0.674491,-0.502508,-1.925905
0,0.088592,0.000000,-0.709340,-0.992173
0,0.659647,-0.674491,0.666119,1.677108
0,-0.249611,0.000000,0.341701,-0.384518
0,1.041754,1.348982,-0.028199,4.214446
0,-1.084959,2.697963,-0.254315,-0.125083
0,0.425146,0.674491,0.861006,3.006250
0,0.026525,0.674491,-0.615636,-0.185336
0,0.526247,2.697963,2.240740,7.776493
0,0.492668,-1.348982,-0.257386,-0.936731
0,-0.080509,0.000000,0.134968,-0.229576
0,0.859142,0.000000,-0.539455,1.313991
0,1.517494,-0.674491,0.507252,3.743738
0,1.373253,0.000000,1.193913,5.184037
0,-0.265436,0.674491,-1.018097,-1.545689
0,0.451248,0.000000,0.586533,1.843038
0,-0.081953,1.348982,-0.197221,0.964617
0,0.833339,0.674491,1.035789,4.349940
0,-0.701274,-1.348982,0.973322,-2.360132
0,1.005069,1.348982,-0.167558,3.915738
0,-1.408101,0.000000,-0.000612,-3.976797
0,-0.023704,0.000000,-0.511788,-1.008336
0,-0.418975,0.674491,-1.508947,-2.662882
0,-0.862701,0.674491,-1.137319,-3.315305
0,0.409899,0.000000,0.180743,1.148434
0,1.591671,-0.674491,1.070363,4.752580
0,0.108400,0.000000,0.423131,0.690563
0,1.391717,0.674491,-0.102425,4.205932
0,0.002504,0.674491,1.322769,2.539953
0,-0.703389,0.674491,0.055056,-1.173101
0,0.320662,-0.674491,-0.717934,-1.221669
0,-0.078364,0.674491,1.266801,2.243038
0,-1.769703,0.000000,-0.695514,-5.944333
0,1.395486,2.023472,0.737410,7.100733
0,-0.560147,1.348982,1.095066,1.544891
0,-0.769272,1.348982,0.088348,-0.463413
0,1.521448,-0.674491,1.337605,4.949280
0,0.465907,2.023472,1.228319,5.320018
0,0.851129,0.674491,-0.182891,2.643736
0,-0.553903,-1.348982,1.166259,-1.688169
0,-0.961637,0.674491,-1.355979,-3.894691
0,0.999822,2.023472,0.407288,5.567017
0,0.187744,2.023472,-0.294128,2.384813
0,1.164702,1.348982,-0.642120,3.659912
0,-0.234995,2.697963,0.107563,2.669859
0,-0.694369,2.023472,1.393992,2.454004
0,-0.820792,1.348982,0.578122,0.103573
0,-0.955122,0.674491,-0.657361,-2.871877
0,1.101490,-0.674491,-0.154535,1.678301
0,-0.845644,-0.674491,-0.276274,-3.706646
0,1.589944,0.000000,2.508530,7.655679
0,0.308556,-0.674491,0.110526,-0.061825
0,0.049855,0.000000,-1.125565,-1.694809
0,0.089068,-1.348982,-0.158246,-1.873931
0,-1.523188,2.023472,1.959734,1.050576
0,1.582560,2.023472,-0.578276,5.707864
0,0.666390,0.674491,-0.868511,1.162773
0,0.239644,0.674491,-0.666619,0.311514
0,0.720847,0.674491,0.002447,2.561875
0,0.037156,0.000000,-1.206981,-1.845952
0,-0.964596,0.674491,-0.506542,-2.680184
0,-0.320440,0.000000,1.461987,1.038177
0,0.058870,1.348982,-1.637093,-0.730719
0,-0.070464,-1.348982,-1.593675,-4.366500
0,0.391239,2.023472,-0.776014,2.235802
0,0.141531,2.023472,-1.095041,1.108570
0,-0.329176,-0.674491,0.213783,-1.619543
0,-1.031741,0.674491,-0.084604,-2.252626
0,0.254271,0.000000,0.877063,1.734109
0,-0.247774,0.000000,0.738426,0.191324
0,1.045797,0.000000,0.585571,3.432430
0,-0.671109,-0.674491,-1.313216,-4.731924
0,0.330303,0.674491,-0.652312,0.574671
0,0.674871,0.000000,-0.400212,1.021339
0,2.340806,-0.674491,1.377574,7.199073
0,0.957495,-0.674491,0.019651,1.543700
0,0.915435,0.674491,-0.421605,2.472262
0,0.422777,0.000000,-0.135807,0.727341
0,0.530804,1.348982,-0.644887,1.959872
0,0.034948,0.674491,-0.023399,0.689488
0,-0.159522,2.023472,-0.646765,0.948189
0,1.594565,-0.674491,1.922760,5.987009
0,0.407035,-0.674491,1.948245,2.846326
0,-0.237321,0.000000,0.180999,-0.582900
0,-1.516671,0.000000,-0.957889,-5.644904
0,1.320189,0.000000,1.463236,5.429640
0,-0.716784,1.348982,1.058664,1.073406
0,-0.331081,-0.674491,0.165787,-1.693711
0,0.233885,0.674491,-1.135637,-0.378858
0,0.519040,0.000000,0.447151,1.823837
0,1.336963,4.046945,-0.810256,7.231068
0,-0.737435,0.000000,-0.743779,-3.251853
0,-0.258506,0.000000,0.257992,-0.528782
0,0.511331,-1.348982,-0.519461,-1.263950
0,0.712678,0.674491,-0.357573,2.021912
0,0.331063,0.674491,-0.305474,1.075840
0,-1.447338,-0.674491,-1.356524,-6.871126
0,0.759830,0.000000,-1.017023,0.361004
0,0.845574,1.348982,2.403658,7.189231
0,-0.523067,-1.348982,1.719022,-0.810184
0,0.309684,-1.348982,-0.358837,-1.572321
0,-0.751609,0.000000,-1.497320,-4.374198
0,-0.858617,-0.674491,-0.221857,-3.663045
1,0.769933,-1.348982,-0.324786,-0.291876
0,-0.939029,0.000000,-0.261804,-3.097630
0,-0.011378,0.000000,-0.536130,-1.010387
0,-0.238092,0.000000,-0.737884,-1.907328
0,2.008617,0.000000,-0.470387,4.488922
0,-1.420694,2.697963,0.974444,0.744933
0,0.049359,-1.348982,-1.162998,-3.426115
0,-0.326400,0.674491,-0.873869,-1.501244
0,0.601499,0.000000,0.487242,2.102159
0,0.675053,0.000000,-0.629956,0.691204
0,-0.089039,0.674491,-0.871857,-0.863267
0,1.308307,2.023472,0.743199,6.875810
0,0.146688,0.674491,-0.600088,0.158547
0,0.393611,3.372454,1.562789,7.284031
0,1.097879,0.000000,1.858485,5.403629
0,0.080489,0.674491,-0.685706,-0.141789
0,-0.469534,1.348982,-1.333799,-1.708047
0,-2.380895,1.348982,2.604289,-1.154782
0,0.577320,-1.348982,0.674214,0.630431
0,0.325557,0.000000,0.333700,1.142888
0,0.621899,1.348982,0.131640,3.321106
0,0.154182,1.348982,-1.061280,0.352953
0,0.934091,0.674491,-0.438579,2.497751
0,0.372871,-0.674491,-0.253346,-0.413391
0,-0.011882,1.348982,1.423362,3.484278
0,1.068216,0.000000,-1.431078,0.590255
0,-2.091129,-0.674491,2.851087,-2.538479
0,0.042131,0.000000,-0.130784,-0.283886
0,-0.347400,-0.674491,0.150585,-1.759252
0,0.901730,-1.348982,0.257255,0.898374
0,-0.836539,-0.674491,0.604988,-2.414059
0,0.305840,-0.674491,-0.723552,-1.269413
0,0.231960,1.348982,-0.910371,0.778228
0,1.180921,-0.674491,-0.599740,1.250130
0,0.961600,-0.674491,1.860159,4.203357
0,0.974141,-1.348982,-0.543492,-0.060237
0,0.894078,0.000000,-0.481684,1.490604
0,-0.121015,0.674491,-0.676146,-0.667176
0,0.951383,1.348982,-0.363129,3.490652
0,1.488347,1.348982,0.125900,5.631112
0,0.466565,1.348982,-0.067289,2.619214
0,-0.354349,2.697963,1.841281,4.845509
0,0.975094,-0.674491,-1.328918,-0.349938
0,-0.111338,0.674491,-1.539088,-1.883142
0,-0.643296,-0.674491,1.325905,-0.859549
0,0.915970,0.000000,0.231889,2.576080
0,0.103967,-1.348982,-0.328306,-2.078800
0,0.126475,0.674491,-0.873530,-0.289046
0,1.047296,-0.674491,-0.758888,0.663575
0,0.596038,-0.674491,-0.316710,0.092528
0,0.315784,0.000000,0.300175,1.068493
0,-0.146787,2.023472,0.283896,2.321576
0,-0.142114,-0.674491,-0.219144,-1.742066
0,-1.616409,-1.348982,0.107217,-6.055078
0,-0.004362,1.348982,-0.934272,0.111528
0,0.066986,-0.674491,-0.977354,-2.273736
0,0.875724,-0.674491,0.036243,1.348790
0,-0.777779,0.674491,0.812488,-0.282118
0,1.025553,-0.674491,-1.632460,-0.651759
0,0.587065,0.000000,1.166005,3.040349
0,-1.796099,2.023472,2.231492,0.711460
0,1.162572,-1.348982,1.138710,2.864785
0,0.599854,0.674491,3.033534,6.600181
0,-0.853799,2.023472,-1.079580,-1.532283
0,-1.075631,-1.348982,1.314688,-2.870501
0,0.661313,1.348982,0.927391,4.571726
0,-1.560784,0.674491,0.498853,-2.828480
0,-0.217131,4.046945,-0.670460,3.274115
0,0.302776,0.000000,-0.825047,-0.585618
0,-1.096742,-0.674491,-0.508919,-4.713284
0,0.801640,0.674491,-0.246653,2.419564
0,-1.467400,0.000000,0.022517,-4.102170
0,0.344146,0.000000,0.474219,1.394845
0,-1.628833,3.372454,2.034244,2.551247
0,-0.735763,0.674491,0.825667,-0.150735
0,-0.700982,-1.348982,-0.511031,-4.495481
0,1.826912,0.000000,-0.707169,3.661999
0,-0.445468,0.674491,0.909998,0.747338
0,-2.304849,0.674491,1.384859,-3.544250
0,-1.089666,-0.674491,2.949338,0.282427
0,-0.694578,-0.674491,1.767775,-0.360862
0,-0.010119,1.348982,-1.079437,-0.112784
0,-1.552036,-1.348982,0.829379,-4.843577
0,-1.401726,0.000000,-0.530594,-4.722436
0,1.494296,0.000000,-1.335542,1.867760
0,0.644863,0.000000,0.521465,2.267436
0,1.170301,2.023472,-0.528305,4.676738
0,-2.027017,0.000000,1.271965,-3.801403
0,0.549928,0.000000,-1.049311,-0.247075
0,0.491392,0.674491,-0.676042,0.971530
0,0.403480,0.674491,-1.255443,-0.097501
0,-1.029886,-0.674491,0.335274,-3.319525
0,-1.379966,0.000000,-0.471673,-4.579422
0,-1.143758,2.697963,1.387977,2.081018
0,0.598332,1.348982,0.133361,3.260525
0,-0.355084,3.372454,-0.023137,2.998515
0,2.075937,0.674491,0.354957,6.694851
0,-2.471184,2.023472,1.824716,-1.680187
0,0.874293,0.674491,-0.312689,2.518924
0,0.426480,0.674491,0.436919,2.399516
0,-0.681493,2.023472,0.238362,0.825390
0,0.619192,-0.674491,-0.035919,0.558564
0,0.568468,0.000000,-0.572757,0.488339
0,-0.969780,0.000000,-0.208678,-3.103451
0,0.247449,-1.348982,-1.081911,-2.779414
0,1.318358,0.000000,3.197727,7.920848
0,-1.585567,1.348982,2.565009,0.916670
0,-1.530703,1.348982,0.673150,-1.659108
0,1.495542,0.000000,0.389343,4.353375
0,0.585740,-1.348982,0.501804,0.404842
0,-0.460794,0.674491,0.012096,-0.585837
0,0.070738,2.023472,0.160237,2.725629
0,0.296657,-0.674491,-0.582355,-1.090786
0,0.540232,1.348982,-1.272441,1.081985
0,-0.197935,2.023472,0.828947,2.969107
0,-0.480958,-0.674491,1.121059,-0.719989
0,0.155972,0.000000,1.090396,1.778108
0,0.311684,0.000000,-0.582567,-0.212829
0,-0.672744,4.721435,-0.882274,2.588310
0,1.133371,-0.674491,-0.267580,1.600917
0,-0.597420,1.348982,-0.385409,-0.685388
0,0.396606,0.674491,-0.218673,1.376120
0,0.587848,0.674491,0.585493,3.045084
0,0.019343,-0.674491,2.053871,1.961023
0,1.320486,0.000000,-0.901147,2.027852
0,-0.302908,0.000000,0.292942,-0.597287
0,-0.640339,0.000000,5.719333,6.309001
0,-1.611265,1.348982,0.720341,-1.806748
0,1.421784,1.348982,1.107534,6.865688
0,1.381440,-0.674491,-1.162617,0.976604
0,-1.429341,-0.674491,0.098131,-4.729579
0,-1.168646,0.000000,-0.801563,-4.488759
0,-1.187776,-0.674491,-0.536877,-4.997088
0,0.820731,0.000000,-0.347672,1.487214
0,0.106019,-0.674491,1.410227,1.266667
0,-0.875861,-0.674491,-0.415354,-3.987644
0,-0.600289,-1.348982,-0.333968,-3.971255
0,-0.072272,0.674491,0.511638,1.172584
0,0.944380,-0.674491,-1.022020,0.009540
0,-1.577379,0.000000,0.295436,-4.003674
0,-0.284373,1.348982,0.667921,1.668046
0,-0.361907,1.348982,1.781749,3.063507
0,-0.892870,-0.674491,-0.607952,-4.310321
0,0.962713,0.674491,-1.817627,0.589743
0,1.737169,-0.674491,0.199748,3.888971
0,0.754761,-1.348982,-0.240862,-0.211696
0,-0.354684,0.000000,0.732748,-0.102893
0,0.144602,0.000000,-0.204803,-0.116235
0,-0.451984,0.674491,-1.039563,-2.075708
0,1.360348,0.000000,0.279711,3.833881
0,0.499506,-0.674491,1.560316,2.535475
0,2.673063,105.895049,3.093303,142.969818
0,1.202775,1.348982,-0.247467,4.329723
0,-1.037406,-0.674491,-0.159238,-4.051299
0,-0.070337,-0.674491,0.228568,-0.905716
0,-0.402817,-0.674491,-0.625980,-3.025081
0,-1.498359,0.000000,0.265973,-3.834649
0,1.115998,-0.674491,-0.709662,0.918234
0,-1.187607,-0.674491,1.882642,-1.514706
0,-0.137420,-0.674491,-0.432848,-2.037049
0,1.527420,-1.348982,1.036796,3.694308
0,-0.062090,-0.674491,-0.006660,-1.222168
0,1.016653,-0.674491,-1.032034,0.188502
0,-0.430907,0.674491,0.311677,-0.074746
0,0.255071,0.674491,-0.384817,0.758332
0,0.529255,2.023472,-0.802909,2.566372
0,0.408543,0.000000,0.324119,1.351137
0,-2.139958,0.000000,2.008727,-3.043314
0,0.631959,-0.674491,-2.045443,-2.299183
0,-1.089851,-0.674491,0.379164,-3.416806
0,0.219772,-0.674491,-1.098328,-2.039035
0,0.223125,0.000000,-0.836354,-0.815005
0,1.911286,0.674491,1.381626,7.731788
0,-1.148186,-0.674491,0.616609,-3.231179
0,-2.065360,-0.674491,0.218137,-6.258612
0,-0.431975,0.674491,0.548672,0.263456
0,-0.197981,-0.674491,1.324088,0.329322
0,-1.215256,-1.348982,0.743237,-4.066455
0,1.295107,-0.674491,0.351547,2.924645
0,-0.370634,2.023472,-0.537496,0.540586
0,0.072031,0.000000,-0.455000,-0.670464
0,-2.058339,0.674491,2.405424,-1.415992
0,0.915862,0.674491,1.504296,5.244967
0,2.386068,-1.348982,-0.978274,3.091820
0,-0.426053,2.697963,0.102360,2.151177
0,-0.550028,-1.348982,-0.121461,-3.530958
0,0.379454,-0.674491,-1.282403,-1.876695
0,0.570132,1.348982,1.190162,4.705918
0,1.357982,-0.674491,3.412639,7.498091
0,1.341466,2.023472,0.541157,6.673770
0,0.884093,-1.348982,0.854686,1.710949
0,0.301599,-0.674491,2.628850,3.543680
0,-0.418631,0.674491,-0.179730,-0.749083
0,-1.103650,1.348982,-0.155720,-1.709313
0,-0.552146,-0.674491,1.234032,-0.747880
0,0.206799,0.674491,-0.979392,-0.226476
0,-0.307923,1.348982,-1.333296,-1.274916
0,-0.483525,-0.674491,-0.453910,-2.993396
0,-0.675059,0.674491,-0.478949,-1.865788
0,-1.393580,0.000000,-0.109739,-4.094989
0,-0.870698,0.000000,0.083201,-2.418306
0,0.819788,0.000000,0.816854,3.160559
0,-0.996400,-0.674491,-0.179290,-3.970439
0,-0.188476,0.674491,-0.459487,-0.535880
0,-0.780687,0.000000,1.019198,-0.830478
0,-0.623066,1.348982,-0.167233,-0.440030
1,1.159888,1.348982,1.071081,6.112498
0,-0.150683,-0.674491,0.725108,-0.406119
0,0.351300,-0.674491,-1.165758,-1.784160
0,0.335616,-0.674491,-0.408834,-0.736834
0,0.856393,-0.674491,-0.774055,0.130966
0,-0.629370,-1.348982,-0.374194,-4.106955
0,-1.702609,0.674491,1.339920,-1.997566
0,-1.271693,-0.674491,0.163183,-4.214161
0,0.428391,1.348982,-0.860936,1.374940
0,-0.234152,0.674491,-1.019236,-1.463623
0,-1.244208,0.000000,0.864361,-2.293501
0,-0.407972,-0.674491,-0.052693,-2.213854
0,-0.256917,0.674491,3.225933,4.584689
0,-1.137371,-1.348982,0.902144,-3.629384
0,-1.896214,0.674491,0.135875,-4.248318
0,1.741615,1.348982,3.108019,10.600323
0,0.614202,-0.674491,-0.192906,0.319293
0,0.797518,2.697963,0.799262,6.427877
0,1.180774,0.000000,-0.311940,2.501967
0,-0.232246,-1.348982,-0.431992,-3.127586
0,-0.830514,5.395926,-0.871616,3.019572
0,0.190627,0.000000,-1.940665,-2.491170
0,-0.497868,0.674491,-0.758507,-1.794008
0,-0.288657,0.000000,1.308341,0.902102
0,0.484857,-1.348982,0.142145,-0.382665
0,-0.369771,0.000000,-1.431867,-3.258359
0,0.517406,3.372454,0.128817,5.551626
0,0.343875,0.674491,0.277532,1.949123
0,0.872059,0.000000,0.646568,3.055357
0,0.278910,-1.348982,3.576020,4.007993
0,0.029966,0.000000,2.685918,3.737082
0,0.381756,0.000000,0.160106,1.043434
0,-0.216015,-0.674491,0.160377,-1.393627
0,-0.719207,-0.674491,0.439705,-2.337985
0,0.982050,-1.348982,1.062805,2.272547
0,0.848506,-0.674491,-0.476605,0.537925
0,2.673063,105.895049,3.093303,142.969818
0,-0.609522,0.000000,1.599462,0.462547
0,-2.286226,0.674491,0.716487,-4.456274
0,-0.343532,1.348982,-0.158295,0.320753
0,0.243150,2.697963,-0.585324,2.952052
0,-0.024050,0.000000,-0.730875,-1.324549
0,0.685379,2.023472,-0.509904,3.405762
0,-0.743162,-0.674491,0.688385,-2.044204
0,-0.662606,-0.674491,-0.849768,-4.042225
0,0.115534,0.000000,1.526528,2.297549
0,0.399068,0.000000,0.858243,2.094443
0,-0.496517,-0.674491,1.216293,-0.624569
0,-0.175828,0.000000,0.717058,0.353072
0,-0.363981,-1.348982,1.438595,-0.788094
0,0.198513,0.674491,-0.879931,-0.105513
0,-1.268180,-0.674491,1.747796,-1.924344
0,-0.330051,0.000000,0.195453,-0.810207
0,0.818422,0.674491,-0.030850,2.775027
0,0.099465,-0.674491,-0.641374,-1.703327
0,0.305071,2.023472,0.114619,3.286962
0,0.538159,0.674491,-0.375508,1.529158
0,-0.874557,0.000000,2.776205,1.446872
0,0.969520,-1.348982,-1.417247,-1.330023
0,0.116185,-0.674491,-0.177673,-0.991281
0,0.552489,0.674491,0.035264,2.158642
0,-0.659514,-0.674491,-0.685347,-3.797334
0,-1.582001,-0.674491,2.021538,-2.370062
0,0.550585,0.674491,1.200290,3.830139
0,0.771389,3.372454,-0.931843,4.704787
0,-0.417668,0.000000,0.961924,0.058393
0,-0.319240,0.000000,0.049156,-0.991817
0,0.957672,0.674491,-0.968178,1.798697
0,-0.806267,0.674491,0.515397,-0.785884
0,0.557755,0.674491,-0.382429,1.571631
0,-0.192520,0.000000,-0.385796,-1.278705
0,-0.210091,2.697963,-0.553020,1.785849
0,0.275572,-0.674491,-0.399866,-0.884582
0,0.455753,-0.674491,-0.472264,-0.506677
0,0.063133,-0.674491,0.084562,-0.755843
0,-1.016548,0.674491,-0.839474,-3.298308
0,-1.016244,0.000000,-0.425748,-3.540157
0,0.416870,-1.348982,-0.945632,-2.129993
0,0.349051,-0.674491,-1.698738,-2.557188
0,-0.875997,0.000000,-1.015779,-4.014026
0,-1.006918,-0.674491,-0.750264,-4.820268
0,-1.733568,-0.674491,-0.646245,-6.614799
0,0.425463,0.000000,-0.773159,-0.182685
0,-2.637909,0.000000,1.677567,-4.852201
0,-1.487091,0.674491,2.046939,-0.403454
0,0.256037,0.674491,-1.008171,-0.136153
0,1.882222,0.674491,-0.250758,5.304861
1,0.967123,-1.348982,0.326564,1.173084
0,-0.238956,0.674491,-1.141112,-1.651871
0,0.958057,-2.023472,0.247187,0.196538
0,0.742635,0.674491,0.490877,3.323071
0,-0.749910,0.000000,-0.961891,-3.599117
0,0.971536,-0.674491,0.624858,2.452219
0,-0.230470,0.674491,-0.231750,-0.320503
0,-2.009027,-0.674491,0.773874,-5.308125
0,0.928236,0.674491,-0.607328,2.239238
0,-0.503553,1.348982,1.708629,2.579291
0,-0.001204,0.674491,-0.488864,-0.077090
0,-0.217706,1.348982,-0.577888,0.053575
0,-0.336727,0.674491,0.199237,0.015430
0,0.246833,-0.674491,-1.382389,-2.375423
0,-1.853319,-1.348982,0.833216,-5.644170
0,-0.293983,0.000000,-0.020867,-1.025009
0,-1.019854,0.000000,-1.468984,-5.051137
0,-0.261124,-1.348982,1.112956,-0.981517
0,-1.199983,-0.674491,2.243145,-1.029021
0,-1.547287,0.000000,1.538292,-2.134565
0,-0.595046,1.348982,0.588744,0.722866
0,-0.331766,2.023472,-0.262099,1.040904
0,-2.223685,0.674491,1.808880,-2.716878
0,0.254302,0.674491,-0.047381,1.241881
0,1.722201,-0.674491,-0.479346,2.871640
0,0.089548,0.000000,-1.070835,-1.509844
0,0.580218,0.000000,-0.273588,0.950312
0,0.583365,0.674491,-0.195746,1.908809
0,1.120559,1.348982,-0.690496,3.472184
0,0.399030,-0.674491,0.927039,1.355292
0,-1.165796,1.348982,1.442791,0.424825
0,1.678148,-0.674491,-0.584578,2.602331
0,0.409499,0.674491,1.028855,3.205935
0,0.444315,-0.674491,0.628726,1.047156
0,1.336652,-1.348982,-0.159100,1.462876
0,0.490990,2.697963,-0.171735,4.210368
0,2.673063,105.895049,3.093303,142.969818
0,-0.185370,-0.674491,-1.357756,-3.496378
0,-0.738136,-0.674491,0.607030,-2.147834
0,1.196966,0.000000,-0.828239,1.802282
0,1.137941,-1.348982,0.466224,1.831108
0,0.312963,0.674491,-0.887333,0.190056
0,-0.763358,0.674491,0.881865,-0.143694
0,0.243295,0.674491,-1.243257,-0.508556
0,0.505098,0.000000,-0.603131,0.275075
0,1.074955,-0.674491,-1.153001,0.170412
0,0.025891,-0.674491,-1.723376,-3.457291
0,1.042360,0.000000,-0.073775,2.474368
0,0.632111,3.372454,0.010372,5.688075
0,0.137201,0.674491,1.145737,2.645581
0,-1.041391,0.000000,-0.339425,-3.483214
0,-0.800923,-1.348982,0.455756,-3.371580
0,-1.232846,2.023472,-0.016639,-1.016784
0,-0.382323,2.023472,-0.485653,0.583917
0,0.865615,-0.674491,-0.465769,0.599297
0,0.418531,1.348982,-0.282640,2.180785
0,-0.319450,0.000000,-0.491442,-1.770353
0,0.743886,-0.674491,0.647259,1.875357
0,1.519975,1.348982,0.721427,6.572760
0,0.817667,0.000000,-0.067773,1.881817
0,0.122191,1.348982,-0.647042,0.863485
0,-0.655286,0.000000,1.571959,0.300521
0,-1.289774,-0.674491,0.465924,-3.826863
0,2.244335,2.697963,2.021252,12.057545
0,0.149238,0.674491,1.022944,2.501074
0,-2.355165,0.674491,1.146511,-4.021880
0,0.247016,-0.674491,-0.955024,-1.759914
0,-0.282982,0.000000,-1.129406,-2.590876
0,-0.706705,-0.674491,-0.724834,-3.980422
0,0.212346,1.348982,2.086860,5.039064
0,-0.332917,0.674491,0.842919,0.951948
0,-0.070861,0.674491,0.835204,1.642000
0,-0.099140,-1.348982,1.510071,0.023374
0,0.709010,-0.674491,-1.111901,-0.749565
0,0.671776,0.000000,-0.506525,0.860063
0,0.515934,0.674491,-0.477155,1.323415
0,-0.762387,0.000000,2.427183,1.244716
0,0.538777,-0.674491,1.021012,1.864435
0,-0.828767,-1.348982,1.580148,-1.827967
0,0.406492,-1.348982,-0.532827,-1.563691
0,-1.441847,0.674491,1.015955,-1.766090
0,0.625504,-0.674491,-0.636085,-0.288246
0,1.040528,0.674491,0.750961,4.494400
0,0.701802,0.674491,0.224407,2.830339
0,-0.599082,2.023472,-0.272391,0.310863
0,-0.448126,-0.674491,-0.146531,-2.456333
0,-1.295404,0.000000,-0.012130,-3.691840
0,-0.965544,2.023472,1.748956,2.239276
0,0.280164,-0.674491,0.485332,0.401593
0,0.153718,0.000000,0.076395,0.312828
0,-2.554813,0.000000,0.857294,-5.810326
0,0.630747,2.023472,-0.869312,2.742365
0,0.548046,-0.674491,-0.000182,0.419635
0,0.290079,-0.674491,0.147008,-0.058761
0,-2.355833,0.000000,2.580961,-2.797406
0,-0.050155,0.000000,0.571849,0.480353
0,0.711682,-1.348982,-0.510452,-0.714924
0,0.084704,0.674491,0.165806,1.094901
0,1.876330,-1.348982,-0.663861,2.180436
0,-0.493037,0.000000,1.785359,1.041741
0,-0.603711,-0.674491,2.438009,0.846795
0,-0.624207,-0.674491,0.235805,-2.377237
0,-1.021453,-1.348982,-0.063436,-4.708801
0,1.496791,1.348982,-0.013431,5.453196
0,-0.838401,-0.674491,0.157294,-3.063320
0,-0.602909,0.000000,0.939215,-0.469919
0,-2.043059,2.697963,0.970016,-0.926639
0,0.467998,-1.348982,-0.351717,-1.138490
0,-1.779673,0.674491,2.406903,-0.668263
0,0.491833,-1.348982,1.151893,1.089129
0,-0.847071,-0.674491,-0.230766,-3.644975
0,-0.181390,0.674491,-0.219118,-0.171007
0,0.091033,-0.674491,1.120926,0.810237
0,1.023885,0.000000,-1.032124,1.045777
0,-1.445916,1.348982,0.608273,-1.525619
0,0.747810,0.000000,0.166861,2.032570
0,-1.898320,2.023472,1.212123,-1.029014
0,1.410180,0.674491,1.066671,5.937778
0,-0.292922,0.674491,-0.050039,-0.226099
0,1.466495,-0.674491,1.491234,5.023333
0,0.049969,1.348982,-0.426277,0.987950
0,0.272889,0.674491,-0.517648,0.614849
0,-0.753119,0.000000,-0.578790,-3.056382
0,1.609586,0.674491,-0.278920,4.534869
0,-0.790280,0.000000,-1.130169,-3.949300
0,-1.612333,0.000000,-0.294494,-4.946164
0,0.892561,0.674491,-0.790238,1.880561
0,-1.895729,0.674491,1.062872,-2.912978
0,-0.782293,-1.348982,-1.334746,-5.898445
0,-0.683564,-0.674491,0.473602,-2.193837
0,-0.706921,0.674491,-0.616362,-2.148790
0,0.259728,1.348982,0.076130,2.272195
0,-3.396810,1.348982,1.819148,-5.002858
0,-0.126437,0.000000,0.728786,0.502100
0,1.064776,0.000000,-0.753949,1.555506
0,-0.530468,-0.674491,-0.499145,-3.184095
0,-0.983472,0.000000,1.873362,-0.143824
0,-0.671977,-0.674491,-1.527442,-5.042538
0,0.369165,-1.348982,0.184180,-0.631716
0,0.954725,0.674491,-0.261263,2.808132
0,0.645411,0.674491,-0.863751,1.113491
0,-0.931796,-0.674491,0.231989,-3.205713
0,-0.729305,0.000000,-1.477362,-4.285799
0,2.673063,54.633752,3.044474,79.207387
0,0.470751,0.674491,-0.879267,0.623844
0,-1.054118,0.000000,1.396393,-1.019249
0,0.052928,-0.674491,-0.693585,-1.902979
0,0.257470,1.348982,-0.483231,1.461180
0,-0.451049,2.023472,0.141834,1.303050
0,0.154588,0.000000,-0.337772,-0.280871
0,0.021508,1.348982,-0.438986,0.893512
0,-0.104069,0.674491,-0.666577,-0.608063
0,0.443900,0.674491,0.837137,3.022077
0,-1.485487,0.000000,-0.476272,-4.868371
0,0.252300,0.000000,-1.525342,-1.728465
0,-0.115956,0.000000,-0.407524,-1.105121
0,-1.365126,1.348982,0.639524,-1.264482
0,0.344578,2.023472,-0.068072,3.129753
0,-0.565774,-0.674491,0.366591,-2.032678
0,-0.511730,0.674491,0.779439,0.382161
0,0.197813,2.023472,1.445275,4.914928
0,-0.142823,-0.674491,-1.050549,-2.940438
0,0.988764,0.000000,-0.605875,1.565222
0,-0.776701,1.348982,-0.581305,-1.446987
0,-0.014663,1.348982,1.060600,2.954786
0,0.156417,0.674491,-1.376101,-0.932182
0,0.685089,2.697963,-1.012617,3.519585
0,0.235770,0.000000,0.477442,1.109512
0,0.305713,0.000000,-0.022586,0.577061
0,0.220577,0.674491,-0.878962,-0.045082
0,-1.030287,0.674491,-0.818940,-3.305519
0,0.414650,-0.674491,-0.308335,-0.380743
0,0.443145,-1.348982,-0.130028,-0.885954
0,0.889727,-1.348982,1.643455,2.861140
0,0.301781,0.674491,-0.452246,0.786273
0,1.287291,0.000000,-1.233609,1.460590
0,-0.461118,4.046945,-0.884470,2.313321
0,-0.421119,-0.674491,-0.693801,-3.171651
0,-0.745294,2.697963,-1.459983,-0.951353
0,0.420852,0.000000,-1.339085,-1.009446
0,0.884967,1.348982,-0.607882,2.960725
0,-0.523212,1.348982,0.734721,1.125140
0,1.215533,-1.348982,0.880559,2.634982
0,0.341017,4.046945,0.780290,6.855268
0,-1.103190,0.000000,-0.466796,-3.831861
0,0.570007,0.000000,-1.046775,-0.189704
0,-0.217831,-0.674491,-0.569525,-2.448888
0,-1.039550,1.348982,-0.036912,-1.366830
0,0.800146,-1.348982,-1.080271,-1.298255
0,-1.221838,1.348982,1.782847,0.764254
0,1.179567,0.000000,-1.638827,0.589213
0,-1.305227,0.000000,0.266086,-3.317742
0,-0.489040,-0.674491,0.385275,-1.800480
0,0.188113,0.000000,-1.479495,-1.834227
0,0.181573,0.674491,0.087122,1.240850
0,0.207937,1.348982,-0.355585,1.512344
0,0.195714,0.000000,-0.482204,-0.378688
0,1.509639,-1.348982,-0.773863,1.041016
0,0.869201,1.348982,-1.080667,2.238157
0,-1.922847,-0.674491,0.122618,-6.014765
0,-0.005026,-1.348982,1.814114,0.712733
0,-0.291497,1.348982,-0.546559,-0.098775
0,0.225022,-0.674491,-0.207794,-0.743422
0,-0.214820,0.000000,-0.036355,-0.835492
0,-0.160352,0.674491,-0.746464,-0.873618
0,-1.549772,0.000000,-0.519657,-5.102809
0,-0.116154,-0.674491,1.249162,0.440433
0,-0.950033,0.000000,-0.978881,-4.159014
0,0.269071,-0.674491,-0.135299,-0.521236
0,0.172640,1.348982,-0.136123,1.733731
0,0.284265,0.674491,0.957320,2.767914
0,-1.614518,0.674491,-0.872940,-4.946398
0,0.485062,-0.674491,-0.068638,0.152601
0,0.014582,0.000000,-0.065941,-0.264280
0,0.200171,0.000000,0.071991,0.430780
0,-0.593513,0.674491,0.572859,-0.133946
0,-0.365101,1.348982,-0.212195,0.185475
0,0.235243,-0.674491,-0.020183,-0.446082
0,-0.710038,0.674491,-0.093550,-1.404750
0,-0.847273,0.000000,0.083951,-2.354549
0,-0.653750,2.023472,-0.335543,0.073710
0,-0.222601,2.697963,0.508304,3.279727
0,-1.670108,1.348982,1.451841,-0.911488
0,0.776633,1.348982,-0.286607,3.133212
0,-2.496563,0.674491,1.282503,-4.204498
0,0.597846,-1.348982,0.063519,-0.193502
0,0.814044,-0.674491,0.949751,2.498388
0,0.784120,-0.674491,-0.732748,-0.002960
0,0.221611,0.000000,0.019176,0.412137
0,1.024602,0.000000,0.170363,2.778195
0,1.093477,0.000000,-1.286848,0.865404
0,0.320621,0.674491,-0.932534,0.145499
0,-1.173040,0.000000,-0.010282,-3.361783
0,-0.891184,-0.674491,0.061576,-3.342294
0,0.229766,-0.674491,-0.679566,-1.409657
0,0.477011,-0.674491,0.391968,0.793917
0,-0.084863,-0.674491,0.917193,0.046417
0,-1.125886,-0.674491,0.394124,-3.491692
0,1.076888,0.674491,-0.430299,2.891733
0,0.666360,0.000000,-1.231891,-0.198301
0,-0.502298,0.000000,0.599430,-0.689708
0,-1.206864,0.000000,-0.837052,-4.642088
0,0.717380,4.046945,-0.985658,5.320889
0,0.264700,-1.348982,1.310139,0.709142
0,0.023425,-0.674491,1.180494,0.715071
0,0.297904,1.348982,-0.177704,2.009048
0,1.083470,-1.348982,1.471656,3.132283
0,1.375264,-0.674491,-0.412086,2.040169
0,0.699373,-1.348982,0.670579,0.951763
0,-0.762634,-0.674491,-0.150473,-3.303503
0,0.459167,-0.674491,-0.177381,-0.073176
0,-1.263518,-1.348982,2.165735,-2.148467
0,0.089058,-0.674491,2.896523,3.360214
0,-0.021987,-0.674491,-0.537580,-1.878915
0,-0.789852,0.674491,-0.422524,-2.091729
0,1.093011,1.348982,0.049002,4.462689
0,-0.247409,-0.674491,0.217270,-1.395751
0,-0.685695,0.674491,1.124948,0.413921
0,0.905767,-0.674491,-1.228155,-0.390423
0,0.473275,-0.674491,0.491403,0.927017
0,0.293123,0.000000,-0.667821,-0.385182
0,-1.416550,0.674491,-0.977242,-4.566815
0,-0.211771,0.674491,0.286949,0.475988
0,0.744357,0.000000,2.011584,4.678073
0,-0.651926,1.348982,0.693927,0.722046
0,-0.738657,0.000000,-0.164836,-2.421967
0,1.330418,3.372454,0.815470,8.715084
0,-0.262263,0.000000,-0.129033,-1.095801
0,1.363100,0.000000,1.435607,5.504692
0,0.406566,0.674491,1.037796,3.210955
0,0.719899,4.721435,0.729653,8.634189
0,-0.125885,-0.674491,-0.969242,-2.778110
0,1.272029,2.023472,-0.024323,5.674202
0,-1.791664,1.348982,0.240966,-2.979292
0,0.790168,0.674491,-1.275411,0.908386
0,0.833661,2.023472,-0.612962,3.654194
0,-0.661166,-0.674491,-0.550654,-3.607918
0,0.914648,0.674491,-0.017826,3.051235
0,0.977955,2.023472,0.327884,5.394239
0,-1.527251,2.023472,0.818310,-0.602920
0,-0.528682,0.674491,0.120517,-0.611449
0,1.329003,0.000000,-0.198084,3.062419
0,0.914855,0.000000,-0.307897,1.796292
0,0.023784,-0.674491,0.396410,-0.412345
0,0.421062,1.348982,0.248516,2.951941
0,1.025421,-0.674491,0.546402,2.483488
0,0.443042,-0.674491,0.503675,0.863787
0,-0.095963,0.000000,-1.246156,-2.258503
0,0.455738,-0.674491,-0.442912,-0.464475
0,0.766392,0.674491,0.617356,3.568651
0,0.815327,0.000000,-0.742956,0.903899
0,-0.422099,-0.674491,-0.482437,-2.870098
0,1.796057,0.000000,2.518154,8.221005
0,1.239579,-1.348982,1.096427,3.009977
0,-1.812307,0.000000,1.053138,-3.541837
0,1.161585,-0.674491,0.455589,2.717121
0,-1.245363,0.674491,0.027197,-2.663300
0,-1.546218,1.348982,-0.074252,-2.776206
0,1.026623,-0.674491,-0.420429,1.095339
0,-1.358749,2.697963,-0.441787,-1.127425
0,-0.196766,0.674491,0.645018,1.031433
0,-1.638494,-0.674491,0.239442,-5.085828
0,1.197817,-0.674491,0.168393,2.400758
0,-0.944988,2.023472,1.357069,1.730314
0,-1.387678,-0.674491,-0.435038,-5.385389
0,-0.781525,1.348982,-0.227440,-0.950649
0,-0.103801,2.023472,-0.868578,0.778063
0,0.187213,0.674491,-0.849314,-0.091685
0,1.397993,3.372454,1.467466,9.834175
0,-0.713557,-0.674491,0.260505,-2.580756
0,-0.635645,-0.674491,0.857245,-1.513525
1,1.304058,-1.348982,0.302696,2.040236
0,-0.183307,0.674491,0.775276,1.254897
0,-1.721041,-0.674491,2.066116,-2.677925
0,0.724180,0.000000,-1.183480,0.026071
0,1.113703,0.000000,0.847062,3.990429
0,1.000872,-0.674491,0.161876,1.864435
0,0.444255,0.674491,-0.370533,1.285069
0,0.104206,1.348982,-0.672813,0.778279
0,0.164075,-0.674491,0.315393,-0.153573
0,0.855681,0.000000,0.756192,3.169295
0,-1.521640,0.000000,2.837054,-0.196896
0,-1.856123,0.674491,0.344346,-3.841039
0,0.295255,0.000000,-0.449580,-0.065405
0,0.874010,0.674491,-1.015809,1.506304
0,-1.255355,0.674491,1.940384,0.063233
0,0.319435,0.000000,0.460737,1.309327
0,-0.002773,0.000000,-1.078096,-1.767308
0,0.010175,-0.674491,1.132088,0.609956
0,-0.009970,0.000000,0.164527,0.001696
0,0.248872,2.023472,-0.331806,2.494143
0,-0.438559,-1.348982,0.286327,-2.645865
0,-1.352222,-0.674491,-0.734836,-5.721964
0,-0.930671,-0.674491,2.014324,-0.637743
0,-0.692564,-0.674491,-0.217109,-3.211920
0,-0.575151,-0.674491,-0.018853,-2.612460
0,-0.878411,-0.674491,-0.580622,-4.232303
0,-1.409657,-0.674491,-0.669008,-5.780901
0,0.362526,1.348982,-0.266052,2.054807
0,-1.077832,0.674491,-1.271443,-4.083926
0,0.508621,-1.348982,-0.415265,-1.121250
0,0.832672,0.000000,-0.923768,0.690103
0,-0.410612,2.697963,0.000081,2.045302
0,-0.259168,0.000000,0.240237,-0.556104
0,1.493835,-1.348982,0.557988,2.915394
0,-0.064859,0.674491,0.295679,0.881629
0,0.797624,0.674491,-0.603545,1.895216
0,0.128862,-0.674491,-0.331414,-1.178609
0,1.008310,0.000000,1.247659,4.284939
0,1.711676,-0.674491,0.907772,4.839680
0,-0.111984,-0.674491,1.334622,0.574575
0,0.407664,-1.348982,-0.597457,-1.653565
0,-0.184154,0.674491,-0.518844,-0.609735
0,0.358191,0.674491,0.469826,2.264158
0,0.569582,0.000000,1.108711,2.911119
0,1.494466,-0.674491,0.996835,4.386683
0,0.653122,-0.674491,-0.304533,0.262785
0,-1.595331,1.348982,1.243818,-1.010781
0,0.089810,0.000000,0.455345,0.687182
0,0.637816,0.000000,0.362782,2.020221
0,-1.018141,1.348982,-1.334845,-3.177404
0,0.189743,-1.348982,-0.366868,-1.904792
0,-0.082648,0.000000,-0.571136,-1.251456
0,1.920388,0.674491,-0.548734,4.978162
0,-0.399680,-1.348982,1.155515,-1.290991
0,1.318409,0.000000,0.356275,3.831850
0,-0.432148,-0.674491,1.516948,-0.019671
0,-0.018581,1.348982,-0.823839,0.232408
0,-1.752026,-0.674491,0.496420,-5.019776
0,0.686199,-0.674491,-0.324893,0.321986
0,0.229681,0.674491,0.988923,2.667349
0,0.170673,0.674491,0.992457,2.514552
0,-1.402239,0.674491,-0.079974,-3.237267
0,-1.044054,-0.674491,0.749610,-2.761162
0,-0.737298,-0.674491,-0.883469,-4.290569
0,0.704782,0.000000,-1.562836,-0.571763
0,0.511784,0.000000,-0.562082,0.352038
0,1.718970,0.000000,-0.487544,3.689251
0,0.558946,1.348982,-0.946343,1.601342
0,0.994723,-1.348982,0.585487,1.619546
0,-0.970618,-1.348982,0.753301,-3.397420
0,0.034905,-0.674491,-0.685231,-1.939178
0,-0.534555,0.674491,-0.996644,-2.234870
0,0.649717,0.000000,-0.216122,1.218963
0,1.877492,0.674491,-0.665420,4.695466
0,0.270303,-0.674491,1.035967,1.167628
0,0.729544,0.000000,-0.092748,1.610095
0,1.095655,-0.674491,0.885681,3.159663
0,-0.169490,0.000000,-0.353305,-1.170327
0,-1.223215,-0.674491,4.390533,1.999127
0,-0.670773,-1.348982,0.538071,-2.904892
0,0.158618,2.697963,0.100678,3.713103
0,1.966502,-1.348982,1.782246,5.941894
0,0.200982,0.000000,1.231409,2.101468
0,2.424568,-1.348982,-0.310137,4.156346
0,0.294874,-0.674491,-0.216477,-0.569021
0,0.304680,0.000000,-0.102220,0.459696
0,-0.188864,0.000000,-0.695042,-1.713960
0,0.070961,0.000000,0.987534,1.402624
0,0.587961,0.000000,0.417398,1.965427
0,0.900540,-0.674491,-0.247827,1.006382
0,-0.006734,0.000000,-1.082393,-1.784090
0,-0.763216,0.000000,-1.343373,-4.183707
0,-0.556072,-0.674491,-0.267937,-2.919868
0,-0.123626,0.000000,0.806734,0.621797
0,0.802908,-0.674491,0.601060,1.966791
0,0.052388,-0.674491,2.085535,2.095009
0,0.477948,0.000000,1.119167,2.680992
0,0.626696,0.000000,-1.191990,-0.247003
0,0.516946,0.000000,-0.401808,0.596498
0,-0.510138,-1.348982,-0.038594,-3.304974
0,0.429484,0.674491,-0.153213,1.558294
0,-1.502796,-0.674491,0.419060,-4.464265
0,0.850191,0.674491,-0.278756,2.503267
0,-1.167963,0.000000,-1.038362,-4.827708
0,-1.351319,-0.674491,0.024035,-4.627454
0,0.446804,0.674491,-0.919786,0.501460
0,-0.561782,-0.674491,0.043374,-2.487141
0,1.840688,-0.674491,1.365280,5.843264
0,-0.360370,-1.348982,-0.047552,-2.917147
0,0.304396,-1.348982,-0.183650,-1.334360
0,1.497834,1.348982,0.694582,6.474888
0,1.771643,0.000000,1.082398,6.089486
0,-0.676794,0.000000,-1.143307,-3.664563
0,1.253859,0.674491,0.053406,4.061338
0,-1.005570,0.674491,-0.063168,-2.151754
0,-0.761951,1.348982,-1.094825,-2.146529
0,-0.535424,-0.674491,0.712122,-1.454220
0,-0.314958,0.000000,-0.089664,-1.180137
0,0.283882,0.000000,0.374943,1.090736
0,-0.060611,-0.674491,-0.836590,-2.412564
0,0.954677,-1.348982,0.689527,1.662124
0,0.811311,1.348982,-0.129510,3.452075
0,-0.680207,0.000000,0.997826,-0.592391
0,-0.817481,0.000000,0.674336,-1.425216
0,-1.167274,1.348982,0.460530,-0.992702
0,-0.575380,-0.674491,0.050824,-2.512800
0,0.229081,0.000000,-0.405225,-0.178629
0,0.213022,0.000000,-0.376776,-0.180658
0,-0.625254,1.348982,-0.363397,-0.728186
0,0.151165,0.000000,-0.397477,-0.375952
0,-0.102350,-0.674491,-1.052164,-2.834472
0,-1.155624,-0.674491,1.117377,-2.530424
0,-0.085946,0.000000,0.216252,-0.127148
0,-1.436606,-0.674491,-0.245945,-5.244177
0,0.530235,-1.348982,0.877532,0.797045
0,0.862997,0.674491,-0.532861,2.171849
0,0.211504,1.348982,-0.662567,1.080109
0,0.548251,0.000000,-0.096267,1.119964
0,0.852262,0.000000,-1.082833,0.513606
0,1.301216,-0.674491,1.032774,3.921344
0,-0.634504,0.674491,-1.140956,-2.709973
0,-0.530778,0.674491,-1.202456,-2.520951
0,-1.001056,1.348982,-0.352922,-1.718607
0,0.201921,0.674491,0.784459,2.298830
0,-0.867094,-0.674491,-0.710623,-4.389109
0,0.298419,0.674491,-1.114162,-0.175286
0,-0.926865,-0.674491,-0.663550,-4.481289
0,0.698360,1.348982,0.630603,4.243741
0,0.588042,-0.674491,0.471870,1.205980
0,-0.066475,-1.348982,-0.258994,-2.435088
0,1.247542,-0.674491,-0.694041,1.292675
0,0.422131,0.000000,-0.576386,0.091576
0,-0.590638,0.000000,-0.934336,-3.133314
0,0.956671,0.000000,-0.267988,1.965607
0,-0.736466,-0.674491,-1.007889,-4.467396
0,-1.453778,0.674491,0.131443,-3.070915
0,-0.180581,-0.674491,-0.565475,-2.343393
0,0.445952,2.023472,0.390899,4.061497
0,1.527788,-0.674491,-1.100475,1.457600
0,0.272346,1.348982,0.780929,3.320234
0,0.358706,3.372454,-0.228972,4.612114
0,-0.136580,0.000000,-0.775280,-1.689539
0,-0.753071,0.674491,-1.307813,-3.267335
0,1.093484,0.674491,-0.723135,2.514717
0,0.141916,-1.348982,0.453808,-0.851723
0,-0.002575,0.674491,0.008386,0.634835
0,0.265097,-1.348982,-1.009230,-2.627598
0,-0.066551,0.000000,-1.578393,-2.657929
0,0.064708,-1.348982,0.185190,-1.444870
0,1.183276,2.023472,0.685582,6.458359
0,1.101813,0.000000,-0.562190,1.930564
0,0.322735,-1.348982,-0.132742,-1.212029
0,0.865402,-0.674491,0.933400,2.612272
0,-0.947422,0.674491,-0.628759,-2.810113
0,1.482340,0.000000,1.082783,5.315982
0,-1.161925,0.000000,-0.723166,-4.357954
0,-1.173502,-0.674491,-0.854679,-5.416245
0,-1.402200,-0.674491,0.776205,-3.681144
0,1.178417,0.000000,-0.560024,2.138643
0,-1.064687,-0.674491,0.173719,-3.645133
0,-1.623891,2.697963,2.860382,2.915313
0,0.849458,-1.348982,-0.398110,-0.184620
0,0.637107,0.000000,-0.354952,0.985433
0,0.684591,0.000000,1.788347,4.196903
0,1.080039,-1.348982,-0.488566,0.302149
0,-0.637780,0.000000,-1.240391,-3.699891
0,0.693880,1.348982,-0.654582,2.382247
0,-0.453948,2.697963,0.149645,2.144592
0,1.413621,2.697963,-0.807038,5.764694
0,-1.504941,1.348982,-0.028344,-2.599702
0,1.130581,2.697963,0.115315,6.334752
0,-0.599299,0.674491,-1.630786,-3.320694
0,0.217025,0.674491,0.763367,2.308889
0,0.866156,-0.674491,-1.338568,-0.655300
0,0.916689,0.000000,0.346490,2.742926
0,2.673063,105.895049,3.093303,142.969818
0,0.998119,0.000000,-0.231250,2.129374
0,-1.117331,-0.674491,-0.757220,-5.125702
0,1.874529,0.674491,-0.341734,5.153355
0,-1.026382,0.000000,1.105523,-1.363630
0,0.257331,1.348982,2.223000,5.355342
0,-0.693497,0.000000,0.732415,-1.009902
0,-1.479980,0.674491,0.195180,-3.049298
0,-0.644050,2.697963,-0.564744,0.607875
0,-0.132172,0.674491,0.822355,1.459465
0,-0.122088,2.697963,-0.294598,2.393206
0,0.907895,-1.348982,0.310715,0.991806
0,1.383146,3.372454,1.772270,10.233094
0,0.016248,0.674491,-0.176376,0.419306
0,-0.207634,2.023472,2.375702,5.169091
0,0.279064,-0.674491,0.760974,0.795326
0,0.503069,0.674491,-1.304089,0.098952
0,-0.634861,0.674491,-0.314883,-1.522128
0,-1.405299,0.674491,-0.517856,-3.875611
0,-0.880246,-0.674491,1.130455,-1.774804
0,0.919397,0.000000,-0.579965,1.416912
0,1.616681,-1.348982,0.845379,3.657669
1,2.673063,105.895049,3.093303,142.969818
0,1.297729,0.000000,0.643085,4.189267
0,-0.322447,0.674491,1.573472,2.031298
0,-0.504223,-0.674491,0.248122,-2.038481
0,-0.055152,1.348982,-1.544947,-0.903188
0,-1.190700,0.674491,-0.031596,-2.601651
0,-1.435788,0.674491,0.824429,-2.025503
0,-0.759015,-1.348982,1.315040,-2.022855
0,0.315162,0.674491,-0.367491,0.944046
0,-0.872392,0.674491,-1.747821,-4.219807
0,0.942781,0.674491,0.088248,3.279158
0,-0.512527,-1.348982,0.124030,-3.077337
0,-0.089528,-0.674491,0.305095,-0.846933
0,0.804430,0.000000,-0.191967,1.667672
0,1.048043,0.000000,-1.392631,0.591608
0,2.258530,10.791852,1.854269,21.911877
0,-1.157406,-0.674491,1.089164,-2.575794
0,0.600928,-0.674491,1.085852,2.124040
0,1.588649,2.023472,0.661110,7.507757
0,-0.287990,0.674491,-0.484082,-0.837535
0,-0.048601,0.000000,-0.067859,-0.436092
0,0.764704,-1.348982,-0.085338,0.038723
0,0.784948,0.674491,0.387491,3.287499
0,0.395323,1.348982,-1.642066,0.162338
0,-0.315328,0.674491,0.171654,0.032991
0,-0.587787,2.697963,0.026539,1.609329
0,0.675376,0.000000,-0.645878,0.669152
0,0.085620,0.674491,-0.895726,-0.430300
0,-0.855702,0.000000,2.282464,0.786777
0,-0.118958,-0.674491,-1.001869,-2.806529
0,-0.673615,-0.674491,1.074477,-1.302498
0,1.734255,0.000000,-0.832417,3.233843
0,-0.548635,2.023472,-0.624828,-0.061352
0,1.128493,2.023472,1.060046,6.850673
0,0.448589,-0.674491,-0.751153,-0.927195
0,-0.093442,-1.348982,1.847065,0.523587
0,0.527863,-0.674491,-0.875816,-0.894490
0,-0.091886,0.674491,-0.575723,-0.444718
0,-1.259000,0.000000,2.145234,-0.489775
0,0.387721,0.000000,-0.717245,-0.203201
0,-1.278702,0.000000,0.343740,-3.135018
0,0.048734,0.000000,0.280235,0.325277
0,1.411189,-0.674491,0.585779,3.572318
0,-0.080454,0.000000,0.089277,-0.295185
0,-0.206319,-0.674491,0.519505,-0.850862
0,-0.210616,0.000000,-0.288511,-1.187120
0,-1.049037,2.697963,-0.138632,0.137511
0,0.615910,0.000000,-1.178224,-0.256053
0,1.012970,-0.674491,0.643742,2.590256
0,-0.874969,-0.674491,0.593271,-2.533746
0,-0.329924,-0.674491,-1.126287,-3.550039
0,-0.765074,1.348982,-0.629792,-1.485657
0,-0.201517,-0.674491,-1.330050,-3.499707
0,1.038036,0.000000,0.933807,3.912810
0,-1.590669,-1.348982,1.834612,-3.500314
0,-0.615926,2.023472,-1.765579,-1.883051
0,0.255443,0.674491,-1.094852,-0.262482
0,-1.106467,-0.674491,2.208865,-0.828141
0,-1.985070,-0.674491,0.286479,-5.945438
0,-0.291452,1.348982,-0.439290,0.055720
0,1.553067,0.674491,-1.261748,2.969259
0,0.336775,0.000000,0.087712,0.818902
0,-0.273841,-1.348982,1.627744,-0.274711
0,0.244513,0.000000,-0.003161,0.441271
0,0.941636,-0.674491,-1.222950,-0.286960
0,0.752181,-1.348982,1.063239,1.658133
0,-1.045235,-0.674491,1.669736,-1.440169
0,-2.168912,2.697963,0.919875,-1.335531
0,-1.146617,0.674491,-0.124002,-2.616685
0,-0.135108,0.674491,-0.864530,-0.975985
0,-0.657269,-0.674491,0.739232,-1.741216
0,0.397993,0.674491,-0.309206,1.249546
0,1.990249,0.000000,1.363476,7.078889
0,1.306115,1.348982,1.055633,6.481512
0,-0.131413,-1.348982,-0.748724,-3.313607
0,0.003978,-0.674491,2.915016,3.159187
0,-0.887773,0.674491,1.707285,0.711284
0,-1.523094,3.372454,0.138220,0.105596
0,0.566731,-0.674491,-0.259149,0.096949
0,0.867642,-1.348982,0.139803,0.638144
0,-0.728440,-1.348982,1.653725,-1.453649
0,-1.810710,0.000000,0.583367,-4.213613
0,0.725297,0.674491,-0.871322,1.316340
0,-1.966676,0.000000,0.531004,-4.706271
0,0.875144,-0.674491,-1.288159,-0.558708
0,0.218944,-0.674491,-0.469998,-1.137022
0,0.120097,2.697963,-0.109885,3.307015
0,-0.363036,0.000000,3.202887,3.429534
0,-0.443157,2.023472,0.268335,1.506214
0,0.720648,-0.674491,0.470574,1.558914
0,0.287939,-0.674491,0.310544,0.170859
0,-0.116876,0.000000,1.947301,2.281247
0,1.072628,0.000000,-0.420108,2.056946
0,-0.481794,1.348982,-0.274901,-0.216989
0,-2.025547,-0.674491,2.200607,-3.299115
0,-1.839952,-0.674491,-1.212502,-7.714342
0,0.773885,0.000000,0.963171,3.248306
0,-1.705341,1.348982,1.153472,-1.435138
0,-0.688984,0.000000,-0.666852,-3.011512
0,-0.953832,0.674491,-0.506815,-2.651774
0,-2.373487,-0.674491,0.363728,-6.873514
0,0.525671,1.348982,-0.067617,2.776886
0,0.960632,0.000000,-1.164841,0.685543
0,0.090095,-1.348982,1.021303,-0.173693
0,-0.400693,0.674491,0.841089,0.767971
0,1.070087,2.697963,2.050527,8.957858
0,0.390676,-0.674491,1.836714,2.642054
0,-0.974834,0.000000,1.300134,-0.945643
0,0.938752,-0.674491,-0.497611,0.749159
0,1.481980,1.348982,-0.547223,4.645386
0,0.053278,0.000000,-1.099577,-1.648252
0,-1.009254,-0.674491,0.132733,-3.555800
0,-1.218751,-0.674491,-0.672226,-5.274746
0,-1.131259,0.674491,0.798495,-1.248028
0,-0.498961,-2.023472,1.945323,-1.258071
0,-0.000459,-0.674491,-0.056113,-1.128435
0,-0.028443,1.348982,-0.273566,0.997920
0,-0.573881,0.674491,-0.069950,-1.006487
0,0.154734,2.023472,1.447843,4.803362
0,0.592366,0.000000,-1.888937,-1.341835
0,-0.712778,1.348982,-0.250413,-0.799768
0,1.199918,-1.348982,-0.501958,0.603625
0,0.656145,-0.674491,0.389168,1.269179
0,0.946015,-0.674491,-0.497537,0.768697
0,0.831325,2.023472,-0.180453,4.270368
0,-0.794362,-0.674491,0.146853,-2.960515
0,0.099110,0.000000,-1.513483,-2.121274
0,0.016009,0.674491,-0.443480,0.034276
0,-0.454172,-0.674491,-1.091569,-3.832514
0,-0.116759,-0.674491,-0.777863,-2.478278
0,1.562015,-1.348982,-1.608104,-0.019405
0,1.118698,1.348982,-0.549091,3.670701
0,-1.369519,0.674491,0.620630,-2.141481
0,-0.693874,-0.674491,1.488171,-0.761357
0,1.241820,0.000000,0.935426,4.460386
0,-0.562107,1.348982,-0.605770,-0.908028
0,0.634185,0.000000,1.993310,4.356998
0,1.029308,-0.674491,-0.800669,0.555318
0,1.080269,0.674491,-0.950437,2.152248
0,0.266965,0.674491,1.199830,3.070621
0,-1.775517,0.000000,-0.479400,-5.648878
0,0.048395,-0.674491,0.096116,-0.778648
0,-1.029731,-0.674491,-0.382608,-4.352214
0,1.063896,-1.348982,-0.600561,0.097784
0,-0.322997,-0.674491,1.317036,-0.015320
0,0.736491,0.674491,0.023563,2.634120
0,0.814938,0.000000,0.942616,3.328566
0,0.706880,-1.348982,0.043870,0.069951
0,-0.093237,0.674491,-1.025934,-1.096232
0,0.897552,0.674491,-0.400838,2.454299
0,1.801100,0.674491,-0.830974,4.252823
0,-0.780170,0.000000,-0.026130,-2.333427
0,-2.166347,0.674491,0.645274,-4.238008
0,0.029087,-0.674491,-0.108585,-1.124893
0,-0.027178,2.023472,-0.833443,1.033640
0,-0.059738,1.348982,-0.919726,-0.015702
0,1.198316,-1.348982,0.162842,1.556051
0,-1.008279,-0.674491,0.389215,-3.184088
0,0.903472,4.046945,-0.049371,7.166208
0,-0.220819,-0.674491,-0.733481,-2.692829
0,-2.279840,0.674491,2.195837,-2.310256
0,1.195966,1.348982,1.649622,7.041606
0,1.627456,-0.674491,0.030809,3.352304
0,0.236745,-0.674491,0.535536,0.357670
0,1.274668,0.674491,0.778901,5.161073
0,-1.232205,0.000000,0.881653,-2.236500
0,1.435091,-0.674491,-1.109264,1.196933
0,-0.866429,1.348982,0.608689,0.025456
0,0.755141,0.000000,-1.061789,0.284034
0,-0.124050,-0.674491,0.664837,-0.421596
0,1.730897,0.674491,-0.903333,3.960857
0,-0.464203,0.674491,1.587437,1.672115
0,0.929044,0.000000,-1.703113,-0.173600
0,1.323024,4.046945,0.669812,9.323737
0,0.205510,-1.348982,-0.407633,-1.921271
0,0.699513,2.023472,3.630701,9.402323
0,0.137382,0.000000,0.011647,0.175942
0,-1.652164,0.000000,1.324526,-2.722805
0,0.056949,-0.674491,-0.344472,-1.389812
0,0.350009,-0.674491,1.352553,1.836489
0,0.147109,-0.674491,-1.545832,-2.877457
0,0.376874,-0.674491,0.689085,0.953571
0,-1.209928,0.000000,2.639050,0.352175
0,-1.182760,-0.674491,0.688583,-3.220109
0,-0.111561,-0.674491,-1.547294,-3.571658
0,-1.242355,1.348982,2.298707,1.451735
0,-0.841071,0.000000,-0.098284,-2.600210
0,-0.180058,-0.674491,-0.008146,-1.539941
0,1.040406,-0.674491,-0.500360,1.017187
0,-0.984759,-0.674491,1.798653,-1.092835
0,0.555592,2.697963,-0.148041,4.417315
0,0.373312,0.000000,-0.959778,-0.590783
0,0.732204,3.372454,-0.319639,5.480966
0,1.219966,-0.674491,-0.923203,0.889105
0,-0.816823,0.674491,-0.387304,-2.113204
0,-0.175512,-1.348982,-0.905710,-3.657517
0,0.601316,-0.674491,1.523257,2.754546
0,0.864559,0.674491,2.068488,5.919630
0,1.421170,0.674491,-1.012427,2.975155
0,-0.753534,-0.674491,2.669892,0.779632
0,-1.115945,-0.674491,0.739259,-2.968409
0,-0.810996,-0.674491,-0.104604,-3.366892
0,-1.248669,-1.348982,0.376478,-4.683659
0,-1.574677,0.000000,1.081755,-2.864853
0,-1.578634,-0.674491,-0.588999,-6.117875
0,1.085345,0.000000,-1.429599,0.638212
0,0.468350,-0.674491,-0.238418,-0.136446
0,-0.048828,-0.674491,-0.255716,-1.545099
0,-2.459896,0.674491,0.747984,-4.875620
0,1.430146,0.674491,-1.344009,2.521990
0,-1.343922,2.023472,-0.475859,-1.974842
0,0.070537,0.000000,-0.197145,-0.303383
0,0.535653,0.674491,-1.037326,0.570032
0,-0.861942,0.674491,-0.449122,-2.322890
0,-0.381389,0.000000,-0.034921,-1.279098
0,2.673063,105.895049,3.093303,142.969818
0,0.364472,1.348982,-0.316677,1.987160
0,-0.673429,1.348982,-0.511727,-1.070543
0,0.432155,1.348982,-0.635106,1.710002
0,-0.593185,-0.674491,2.369799,0.776796
0,-1.036641,0.674491,-0.070813,-2.245890
0,-1.627569,-0.674491,1.864008,-2.718685
0,-1.071126,0.000000,0.180224,-2.814943
0,-0.950763,2.023472,-0.658145,-1.185234
0,1.352182,-0.674491,-1.157283,0.905997
0,-0.697248,-1.348982,-0.240439,-4.096082
1,-0.008155,0.674491,0.008198,0.619633
0,0.392356,-0.674491,-0.096069,-0.134920
0,-0.589252,-2.023472,0.888479,-3.020557
0,0.749845,-0.674491,1.844690,3.614525
0,0.669553,-1.348982,0.775895,1.023537
0,-1.058945,0.674491,2.243124,1.024420
0,0.757190,-1.348982,0.117032,0.309850
0,1.385747,0.000000,1.673749,5.907996
0,0.617375,0.000000,-1.495765,-0.709108
0,1.795440,1.348982,1.584419,8.551725
0,2.238545,-0.674491,3.298831,9.690343
0,0.505932,-1.348982,1.725116,1.951776
0,-0.849339,0.000000,2.748572,1.474578
0,0.427863,-1.348982,-0.629258,-1.645284
0,0.726106,2.697963,-0.148368,4.873073
0,1.175116,-0.674491,0.480880,2.789720
0,1.726462,0.674491,-0.202563,4.957470
0,0.137311,-1.348982,1.633345,0.833425
0,1.058500,1.348982,-0.843990,3.085247
0,-1.130342,-0.674491,1.502046,-1.909204
0,-1.068700,0.674491,-0.183039,-2.493170
0,-0.855675,1.348982,-0.531773,-1.587008
0,0.115718,0.674491,-0.273168,0.546154
0,0.154665,0.674491,0.073818,1.149709
0,-1.246425,0.000000,-0.631471,-4.452083
0,-0.677281,-0.674491,0.023633,-2.824578
0,-1.260764,1.348982,-0.499887,-2.624979
0,0.481382,0.000000,0.117888,1.249238
0,-0.957840,-0.674491,-0.828995,-4.802257
0,1.007229,-1.348982,-0.529705,0.048135
0,-0.034588,-0.674491,2.149343,1.954122
0,1.706679,2.697963,0.844446,8.925453
0,-0.149668,-0.674491,-0.606038,-2.319054
0,0.060829,-0.674491,0.706536,0.133076
0,-0.578757,1.348982,1.133260,1.550063
0,0.848769,1.348982,-1.273406,1.906119
0,0.611589,0.674491,0.253469,2.630789
0,-0.275404,0.674491,-0.033926,-0.156040
0,0.375442,0.674491,-0.264498,1.253549
0,-1.028601,0.000000,0.488990,-2.256818
0,1.571571,1.348982,0.717682,6.705421
0,-0.688892,0.674491,-1.362641,-3.174521
0,-0.344990,4.046945,-0.294802,3.472624
0,0.523334,0.000000,-0.962554,-0.193380
0,-0.845743,-0.674491,0.947824,-1.945312
0,-0.764414,1.348982,0.891734,0.705738
0,-1.384079,2.023472,-0.903279,-2.697386
0,-0.563899,2.023472,3.162371,5.347966
0,-1.451707,0.000000,0.683333,-3.109203
0,-0.501831,0.674491,-1.243070,-2.501948
0,-1.882964,0.000000,0.872624,-3.990665
0,1.124505,-0.674491,-1.658980,-0.425168
0,0.903171,2.697963,2.527466,9.197619
0,1.390918,4.721435,-1.523896,7.186486
0,0.680407,0.674491,-0.119669,2.277935
0,1.412127,0.674491,0.075544,4.516656
0,0.184037,0.000000,-1.231158,-1.487748
0,0.015621,0.000000,2.255364,3.079090
0,0.148771,-0.674491,0.451681,0.001611
0,1.175585,1.348982,-0.441132,3.978273
0,0.273077,0.674491,-0.405711,0.776442
0,-0.522524,0.000000,0.087596,-1.480406
0,-0.670862,0.000000,1.484676,0.133239
0,0.038409,-1.348982,-0.496400,-2.496114
0,0.619090,-0.674491,-1.076379,-0.939034
0,0.037824,0.000000,0.614084,0.776531
0,0.773033,0.000000,1.093291,3.433282
0,0.142349,0.000000,-0.039164,0.116106
0,-0.573821,-0.674491,-0.133564,-2.773982
0,1.025203,-0.674491,-0.903054,0.396993
0,-0.969903,0.000000,-1.024641,-4.278033
0,0.239451,-0.674491,-0.860221,-1.643723
0,-0.738891,1.348982,-1.390555,-2.510415
0,-1.609113,0.674491,0.424310,-3.065064
0,0.639152,0.674491,-0.552814,1.544215
0,-1.499231,0.000000,-0.005119,-4.227111
0,0.573522,-1.348982,1.065088,1.182774
0,1.933545,1.348982,-0.576110,5.812021
0,-0.491664,-0.674491,-0.709018,-3.382299
0,0.201259,0.000000,0.061047,0.417941
0,-0.206989,1.348982,-0.887827,-0.363783
0,-1.109090,0.000000,-0.162490,-3.409720
0,-0.694795,0.674491,-1.300171,-3.100416
0,0.418819,0.000000,-1.143198,-0.732986
0,0.276569,0.000000,0.156065,0.756180
0,0.084219,0.000000,0.073178,0.122245
0,0.792732,-1.348982,-1.333421,-1.682402
0,0.240009,0.674491,-0.474394,0.589124
0,-0.715320,0.000000,1.800206,0.468365
0,0.444974,0.674491,-1.371626,-0.153680
0,0.007031,-0.674491,-1.132119,-2.656876
0,-0.103651,0.674491,-0.781414,-0.772206
0,0.931278,0.674491,-0.298364,2.692008
0,1.575561,-0.674491,0.907022,4.474412
0,0.468801,2.023472,1.975853,6.403539
0,0.020976,0.000000,2.043766,2.788908
0,0.740382,0.000000,0.122623,1.949032
0,-1.357092,-0.674491,-1.161545,-6.349069
0,0.620703,-0.674491,-0.694414,-0.385033
0,-0.835415,-0.674491,-1.086046,-4.844621
0,-0.472182,2.023472,-0.820545,-0.138453
0,-0.116553,0.000000,-1.280329,-2.362770
0,0.318852,1.348982,0.642498,3.245449
0,0.648118,0.000000,-1.460259,-0.575756
0,0.872929,-1.348982,0.938362,1.801495
0,-1.990998,1.348982,0.013146,-3.840486
0,-0.627450,3.372454,0.755609,3.390465
0,0.931162,0.674491,-0.555526,2.321614
0,0.527749,1.348982,-0.000834,2.878554
0,0.380249,0.000000,-0.929745,-0.529003
0,-0.454401,0.674491,0.834488,0.614772
0,0.808743,0.000000,-0.450442,1.307241
0,-0.154572,2.023472,-0.172492,1.643957
0,-0.555835,0.674491,0.709174,0.163034
0,-1.128704,0.674491,-0.550805,-3.182969
0,1.084780,0.000000,0.741091,3.760542
0,-2.216552,0.000000,2.018991,-3.233478
0,1.053709,-1.348982,1.485494,3.072568
0,-1.074808,1.348982,-0.368969,-1.939030
0,1.327238,-1.348982,0.423904,2.276690
1,0.758656,-0.674491,-0.606289,0.110895
0,0.247612,0.674491,-0.343446,0.797911
0,-0.279384,-0.674491,0.541231,-1.015089
0,1.276223,0.000000,0.087849,3.332687
0,0.663572,-1.348982,-0.651429,-1.046528
0,-0.335245,2.023472,-0.789340,0.272844
0,0.038591,2.697963,2.727532,7.172263
0,1.758709,0.000000,1.168796,6.179217
0,-0.554870,-0.674491,-0.211985,-2.836133
0,-0.554762,-0.674491,0.264715,-2.149823
0,-1.116933,0.674491,0.936332,-1.011336
0,-0.891531,0.674491,0.541647,-0.976241
0,-0.024189,0.000000,0.310379,0.173546
0,-1.922287,0.674491,1.996326,-1.640703
0,-1.748373,0.674491,2.089014,-1.041991
0,0.251124,0.000000,-0.333639,-0.016634
0,-0.628047,2.697963,-0.193412,1.185076
0,1.430593,0.000000,0.698068,4.623885
0,1.757826,0.000000,0.531060,5.259087
0,-0.646864,0.674491,-1.860676,-3.778793
1,0.314363,0.000000,0.764592,1.733035
0,0.997042,-1.348982,-0.486906,0.082470
0,0.801536,2.023472,-0.285485,4.039512
0,-2.171575,2.023472,0.691985,-2.508667
0,-0.120413,0.000000,-0.007204,-0.540945
1,1.562507,-1.348982,1.557129,4.537000
0,0.349680,0.674491,-0.803637,0.408745
0,-0.046205,-1.348982,0.050579,-1.935348
0,1.422394,-1.348982,-0.852012,0.695117
0,-1.572646,-0.674491,-0.288214,-5.668995
0,0.036883,-0.674491,-1.073693,-2.492922
0,-0.892665,1.348982,-0.872573,-2.176424
0,0.241099,-1.348982,1.448750,0.845470
0,0.262318,-0.674491,-0.196300,-0.627091
0,0.169174,-1.348982,0.301952,-0.997329
0,0.161842,3.372454,-0.039216,4.358463
0,0.504871,1.348982,-0.339957,2.329309
0,0.711391,-0.674491,0.660855,1.807978
0,-1.903922,0.000000,0.412302,-4.709188
0,-0.213764,0.674491,-0.900690,-1.238474
0,-1.291999,1.348982,2.905330,2.191897
0,0.729360,-2.023472,0.475374,-0.086979
0,-0.861601,0.000000,-0.090865,-2.644465
0,-0.094047,-0.674491,1.146880,0.352387
0,-0.362569,-0.674491,0.239439,-1.671969
0,0.222454,0.674491,-1.197951,-0.499118
0,-0.966315,3.372454,0.268734,1.783137
0,0.112336,-0.674491,0.437432,-0.116380
0,2.113666,-0.674491,-0.204392,4.314731
0,-0.775604,-0.674491,-0.398081,-3.694541
0,0.533748,-2.023472,1.509329,0.877608
0,0.809160,0.000000,0.447862,2.601107
0,0.301509,0.674491,-0.063864,1.344466
0,0.264833,0.000000,0.479253,1.189880
0,-1.257988,0.000000,-1.318567,-5.471822
0,-0.391777,2.023472,-1.158926,-0.410284
0,0.899470,-0.674491,-0.607752,0.485551
0,-0.131748,0.000000,-0.361253,-1.080784
0,0.092353,0.674491,-0.806068,-0.283257
0,0.334699,0.000000,0.111468,0.847534
0,-0.445809,0.674491,-1.059955,-2.088533
0,-0.194704,1.348982,-0.464279,0.278614
0,0.078583,-0.674491,1.211799,0.907703
0,-0.307766,0.000000,0.256353,-0.662940
0,-1.398615,-0.674491,1.450344,-2.701398
0,0.423076,0.674491,-0.145447,1.552325
0,-0.190944,1.348982,0.017230,0.981616
0,-1.672880,0.674491,-0.031282,-3.891320
0,0.890462,0.674491,0.185131,3.278596
0,-0.829310,3.372454,-0.024429,1.727817
0,-0.176286,1.348982,1.105919,2.587567
0,-0.126803,-0.674491,0.425581,-0.773275
0,-0.493032,-0.674491,-0.541523,-3.144917
0,1.923872,4.046945,0.798024,11.115877
0,0.015372,1.348982,1.584226,3.788698
0,-1.941924,0.000000,0.107353,-5.249721
0,0.285633,1.348982,1.158985,3.899845
0,-0.590718,0.000000,3.065350,2.622421
0,0.394488,0.000000,-0.586320,0.003319
0,-0.405311,0.000000,0.190378,-1.018877
0,-0.948808,-0.674491,-0.428985,-4.202438
0,-0.863071,0.000000,0.992402,-1.089466
0,2.149955,0.000000,0.604952,6.414606
0,1.072658,-1.348982,-0.153056,0.765231
0,-0.838609,-0.674491,1.593405,-0.997168
0,0.294649,0.000000,0.333298,1.059612
0,1.296726,0.674491,1.099357,5.681259
0,1.106749,-1.348982,1.968149,3.909071
0,-1.322291,1.348982,-0.479188,-2.759812
0,0.502592,0.674491,-0.113185,1.811506
0,-0.798789,2.023472,0.484042,0.865110
0,-0.156310,0.000000,2.187254,2.521054
0,0.131619,-0.674491,-1.370385,-2.666416
0,1.135202,0.674491,-0.727123,2.620600
0,0.456721,-0.674491,0.327105,0.646284
0,0.146993,2.023472,0.049940,2.770927
0,1.264460,0.000000,-1.200808,1.446707
0,1.039620,-0.674491,-1.030891,0.251597
0,0.728998,0.674491,-0.444659,1.940252
0,1.041584,-0.674491,-0.218287,1.426270
0,-0.609837,-0.674491,-1.278645,-4.518232
0,-0.294428,0.674491,-0.171024,-0.404237
0,-0.030655,0.674491,-0.068136,0.449580
0,-0.619986,0.674491,-1.405126,-3.051297
0,0.606858,-0.674491,0.307379,1.019603
0,1.070909,-0.674491,2.096272,4.835614
0,0.277305,0.000000,-0.861465,-0.706176
0,0.149821,-0.674491,-0.696666,-1.648165
0,1.414595,-0.674491,-0.346633,2.239596
0,-1.581575,2.023472,3.156902,2.617200
0,-1.239661,3.372454,0.153265,0.885601
0,0.077464,-1.348982,2.438509,1.832012
0,0.803989,1.348982,-1.507222,1.449820
0,-1.629117,-0.674491,-0.459684,-6.066852
0,1.443128,-1.348982,0.715826,3.006870
0,-1.034740,-0.674491,-0.690479,-4.808674
0,-0.029146,0.674491,-0.735874,-0.507325
0,-1.594790,2.023472,0.762214,-0.864353
0,0.372364,-0.674491,-0.056902,-0.132044
0,1.409845,0.674491,-0.746373,3.327730
0,-0.528730,0.674491,-0.747489,-1.860725
0,0.120835,-1.348982,0.247191,-1.205472
0,-0.898693,1.348982,0.040894,-0.877982
0,1.343358,-0.674491,-0.563786,1.736488
0,0.569601,0.674491,-0.163389,1.918545
0,-1.760127,0.674491,1.664891,-1.683796
0,-1.563708,0.674491,1.435711,-1.488070
0,-1.030632,-0.674491,-1.004293,-5.249292
0,-1.019304,2.697963,4.158219,6.400662
0,-0.543343,0.000000,-1.012192,-3.118813
0,-0.156968,2.023472,-1.819282,-0.732348
0,-2.023788,0.000000,-0.318069,-6.080982
0,-1.003731,1.348982,-0.177460,-1.473256
0,-1.625984,0.000000,0.538834,-3.783448
0,0.839586,-1.348982,-0.501678,-0.360079
0,-0.022598,0.674491,-0.234787,0.231310
0,-0.160208,-0.674491,0.401766,-0.896926
0,-0.674491,2.023472,-0.450675,-0.147470
0,-0.052184,0.674491,-0.991657,-0.937061
0,0.483596,0.674491,-0.802828,0.768215
0,1.199523,-0.674491,-0.159026,1.934136
0,-0.042876,-1.348982,1.032777,-0.512960
0,-0.281094,-0.674491,-0.818420,-2.976339
0,-1.672583,0.000000,-0.118092,-4.853510
0,0.876672,4.046945,-0.128169,6.981104
0,-0.404771,0.674491,-0.230533,-0.785110
0,0.541477,1.348982,0.035894,2.968140
0,0.749869,2.023472,0.491479,5.019402
0,-0.092288,0.000000,-0.885058,-1.729014
0,0.856039,-0.674491,-0.964290,-0.143746
0,0.398329,0.000000,2.512032,4.472434
0,1.160980,-0.674491,0.450312,2.707908
0,0.539503,-0.674491,3.348841,5.216356
0,0.158568,1.348982,-0.877024,0.629847
0,1.458335,0.000000,0.159970,3.923733
0,-0.842107,2.697963,0.786945,2.023169
0,0.198270,0.674491,2.133860,4.230984
0,1.365407,0.000000,0.116194,3.612098
0,1.313675,0.674491,-0.534157,3.375818
0,-0.741560,-0.674491,0.622309,-2.135007
0,0.055420,0.674491,-1.118080,-0.831093
0,0.886841,0.674491,0.250307,3.362703
0,0.892919,1.348982,0.972222,5.255929
0,1.844516,-0.674491,0.687245,4.877746
0,1.069885,0.000000,-0.434838,2.028411
0,-0.501481,-0.674491,1.367381,-0.420418
0,-1.060978,0.000000,-0.394088,-3.614284
0,0.095374,1.348982,-0.778058,0.603189
0,1.340279,-0.674491,1.173219,4.227974
0,-0.266342,-0.674491,-1.405787,-3.782149
0,0.091574,0.000000,0.086565,0.161191
0,0.420128,0.000000,0.276504,1.313611
0,0.087700,0.674491,-1.886899,-1.851130
0,0.112221,2.023472,-0.833437,1.406622
0,0.912220,0.000000,0.310347,2.678955
0,1.632956,0.000000,0.343533,4.655115
0,1.419841,1.348982,0.453231,5.918882
0,-0.727559,1.348982,-0.925982,-1.811528
0,-0.505679,0.000000,-0.032312,-1.607895
0,-0.184450,2.023472,-0.123559,1.634436
0,0.671004,-0.674491,0.080045,0.864077
0,-0.256408,0.674491,-0.400280,-0.632434
0,0.896613,0.000000,0.621605,3.085131
0,-0.686834,0.674491,3.018213,3.135473
0,0.789349,0.674491,0.796141,3.887363
0,0.272965,-0.674491,-0.704345,-1.329731
0,0.866452,-0.674491,-0.191671,0.995990
0,-1.826927,1.348982,-0.043113,-3.482460
0,1.687485,-0.674491,1.920726,6.232696
0,0.096245,-1.348982,-0.616084,-2.513602
0,0.359303,2.023472,0.065744,3.361727
0,-1.462244,-1.348982,0.072117,-5.693107
0,0.482549,0.000000,0.372400,1.618630
0,-0.161381,-0.674491,-0.512586,-2.215909
0,1.051216,-0.674491,-0.652822,0.826704
0,-0.287647,0.000000,1.816466,1.636047
0,0.521208,1.348982,0.040832,2.921014
0,0.480045,-1.348982,-0.833092,-1.799005
0,-0.237755,0.000000,0.008619,-0.832134
0,-0.536747,2.697963,2.877248,5.848345
0,-0.684457,3.372454,0.530206,2.913561
0,-0.841281,-0.674491,-0.055624,-3.377434
0,0.352509,0.674491,-1.238077,-0.208888
0,1.240394,3.372454,0.082118,7.418849
0,2.011797,-0.674491,2.520350,7.963344
0,-0.285141,0.000000,1.192383,0.744635
0,-0.933676,-1.348982,3.370793,0.468256
0,-0.070697,0.000000,0.810250,0.768475
0,-0.082943,2.023472,-0.725437,1.039865
0,-0.824241,-0.674491,-0.089410,-3.380463
0,0.694144,0.000000,-1.115402,0.043675
0,1.413330,2.023472,-0.658479,5.139654
0,-0.733569,0.000000,-0.086974,-2.296302
0,-0.361688,-0.674491,-0.300926,-2.447248
0,-0.093260,0.000000,-0.098577,-0.599788
0,-1.127130,0.000000,0.631771,-2.314966
0,0.792187,-0.674491,-0.306700,0.631750
0,-0.627107,-0.674491,0.435363,-2.097812
0,0.402917,-1.348982,-1.243795,-2.596412
0,-0.283829,-0.674491,-0.981316,-3.218081
0,-0.061221,-0.674491,-1.672758,-3.617523
0,0.928656,2.697963,0.096832,5.767883
0,0.927149,0.000000,-0.757591,1.182029
0,-1.088266,-0.674491,-0.881177,-5.226320
0,-1.911408,0.674491,0.904535,-3.182792
0,-0.330455,0.674491,-0.935221,-1.600386
0,-0.133884,0.000000,-1.018040,-2.031683
0,-0.676318,0.000000,0.388531,-1.458821
0,-1.965714,0.000000,-0.169868,-5.712321
0,0.904881,0.674491,-0.159151,2.821719
0,-0.974667,-0.674491,1.776909,-1.097125
0,-1.578417,0.000000,-0.569401,-5.251037
0,0.385138,0.674491,-0.748918,0.582361
0,0.294122,-0.674491,-1.059823,-1.784692
1,0.188201,0.000000,-0.705808,-0.720578
0,0.275737,4.721435,-0.310556,5.948823
0,0.283974,-1.348982,0.214439,-0.816109
0,-0.347003,2.697963,-0.226202,1.889850
0,0.389903,-0.674491,-0.986028,-1.422224
0,-0.085855,-0.674491,7.796126,9.943236
0,1.218129,0.000000,-1.224373,1.288830
0,0.238478,-1.348982,0.172375,-0.998373
0,-0.329477,-0.674491,0.052028,-1.853131
0,-0.398399,0.000000,-0.459334,-1.935382
0,0.853259,0.674491,0.211313,3.216733
0,0.257470,1.348982,-0.976264,0.751654
0,0.614550,-1.348982,-0.180181,-0.499517
0,-1.705763,0.674491,-0.321571,-4.397058
0,0.631355,0.000000,0.685515,2.467379
0,-0.090348,0.000000,0.265840,-0.067564
0,-0.044106,0.000000,-0.759368,-1.419217
0,0.714660,0.000000,-1.445319,-0.376214
0,1.714395,2.023472,-0.792509,5.752299
0,1.212187,0.000000,-0.484428,2.337787
0,-0.199765,0.674491,0.938901,1.446335
0,0.801148,1.348982,1.183913,5.315029
0,-0.091822,0.000000,0.581367,0.382567
0,-1.242012,0.000000,-0.463985,-4.199249
0,1.117251,-0.674491,0.084508,2.064477
0,0.265872,-0.674491,0.135106,-0.140655
0,1.087606,-0.674491,-0.371271,1.329247
0,0.086898,0.000000,0.995905,1.457312
0,-0.687551,0.674491,0.147649,-0.997476
0,0.667043,-1.348982,1.901993,2.637390
0,1.239870,1.348982,-1.491069,2.639308
0,0.012606,0.674491,1.822389,3.285984
0,1.368744,0.674491,-1.150389,2.636341
0,0.365925,0.000000,-0.093680,0.635855
0,-0.187493,-0.674491,-0.319584,-2.008025
0,-0.864386,-0.674491,-0.147711,-3.571775
0,-1.201242,0.000000,0.153532,-3.201494
0,0.385655,0.000000,-0.063075,0.732686
0,-0.192526,2.023472,-1.651501,-0.586032
0,0.688421,1.348982,1.126476,4.930760
0,-0.080389,-0.674491,-1.372663,-3.236944
0,-0.830650,-0.674491,1.113424,-1.666615
0,-0.561634,-0.674491,-0.468867,-3.223910
0,-0.091189,0.674491,0.231258,0.718472
0,2.623561,-0.674491,1.086920,7.537331
0,1.503595,0.674491,-1.265418,2.831611
0,1.703245,3.372454,3.924058,14.186188
0,1.684839,1.348982,3.151768,10.511375
0,-0.075046,-0.674491,0.022573,-1.214763
0,0.282891,0.000000,-0.437844,-0.081599
0,-0.320427,-1.348982,-0.360333,-3.260399
0,-0.189761,0.674491,-1.285436,-1.727942
0,-0.135399,0.000000,-0.944321,-1.929646
0,-0.456725,1.348982,-0.907166,-1.059806
0,-0.533510,-0.674491,3.295059,2.268005
0,-0.199053,0.000000,-0.421658,-1.347794
0,1.321574,0.000000,-0.053344,3.250836
0,2.028167,-1.348982,2.131421,6.609383
0,2.413650,0.000000,3.137781,10.765143
0,-0.773982,0.674491,-0.453498,-2.093840
0,0.395885,0.000000,1.522266,3.041524
0,-2.024281,0.674491,0.996446,-3.352526
0,0.655644,0.674491,-1.149773,0.729257
0,-1.347776,0.000000,-0.383373,-4.366221
0,0.243259,1.348982,-0.212031,1.813439
0,-0.854860,0.674491,0.730971,-0.605669
0,-0.775411,0.000000,-0.028099,-2.323526
0,0.723879,-1.348982,0.394420,0.619910
0,1.356232,3.372454,-0.509528,6.877346
0,-0.278526,0.000000,-1.038633,-2.448321
0,-0.963419,2.023472,0.538582,0.503113
0,-1.484378,-0.674491,2.685876,-1.152814
0,0.473229,-0.674491,0.825410,1.407563
0,1.377913,-1.348982,1.659637,4.190617
0,-0.816107,-0.674491,1.971516,-0.392821
0,0.646334,1.348982,0.049082,3.267673
0,0.953364,0.674491,-1.175413,1.488939
0,0.504449,-0.674491,-0.519535,-0.444413
0,-0.086610,2.023472,-0.234207,1.736983
0,0.367997,-1.348982,0.090049,-0.770307
0,-0.090682,4.046945,1.872096,7.271433
0,-0.694230,1.348982,-0.738472,-1.452508
0,0.883009,-0.674491,-0.802943,0.160609
0,0.042630,1.348982,3.319110,6.358301
0,-1.035357,-1.348982,-0.940457,-6.008122
0,0.132771,-1.348982,0.100927,-1.384022
0,-0.290932,-0.674491,-0.558681,-2.628870
0,-0.205549,0.674491,2.063141,3.048755
0,-0.740451,3.372454,-0.547501,1.212815
0,0.330296,1.348982,-0.587224,1.506377
0,1.223805,-0.674491,0.280045,2.630970
0,1.275719,0.674491,-0.891664,2.759776
0,0.655373,0.000000,0.445045,2.185578
0,-0.278942,0.674491,-0.594492,-0.972217
0,0.870387,-0.674491,-1.513286,-0.895415
0,0.898611,2.023472,-0.927269,3.375654
0,1.086290,0.000000,-0.365781,2.171681
0,0.929232,-0.674491,-1.225787,-0.324232
0,-0.696672,1.348982,1.054837,1.121708
0,-1.233233,0.000000,0.508374,-2.776436
0,0.470372,-0.674491,-0.429139,-0.405501
0,-0.417598,0.674491,0.071881,-0.384227
0,1.913234,8.093889,2.604430,18.715342
0,0.327415,-0.674491,-0.745984,-1.243970
0,-1.545907,-0.674491,1.263499,-3.364383
0,-0.693435,-0.674491,1.109447,-1.305203
0,-0.887041,0.674491,1.488953,0.399041
0,-0.495939,0.674491,0.317802,-0.239931
0,-1.068354,2.023472,0.372900,-0.016084
0,-0.185167,0.674491,-1.056257,-1.385837
0,1.096913,-0.674491,-1.261388,0.073184
0,0.960735,-0.674491,-0.187152,1.254759
0,-0.123522,-1.348982,-0.440066,-2.848304
0,-0.693994,4.046945,1.728196,5.450126
0,0.582651,0.000000,-0.767810,0.245584
0,0.457682,-2.023472,-0.155097,-1.721190
0,0.881540,1.348982,-1.036525,2.334695
0,0.275081,0.000000,-1.148880,-1.125747
0,1.163505,0.674491,-1.369563,1.771791
0,-1.238955,-0.674491,-0.752043,-5.443666
0,1.701125,-0.674491,0.267807,3.890477
0,-1.307581,0.000000,-0.562816,-4.516914
0,0.433136,2.023472,-1.134187,1.832456
0,-0.855332,1.348982,0.074385,-0.713770
0,0.791951,-0.674491,-1.518493,-1.112774
0,0.656283,0.000000,0.432053,2.169317
0,-0.250151,0.674491,-0.826091,-1.228478
0,-0.747026,1.348982,-0.903866,-1.831787
1,1.994737,-1.348982,3.559404,8.574948
0,1.605531,-1.348982,0.514716,3.151978
0,-0.188032,-2.023472,-0.673292,-4.194596
0,-0.329513,-2.023472,-0.131057,-3.792814
0,0.645125,0.674491,0.207535,2.654414
0,-0.137691,-1.348982,-0.434557,-2.878287
0,0.911403,1.348982,0.531000,4.670423
0,-1.262332,-1.348982,0.117910,-5.092320
0,0.558222,-1.348982,-1.432177,-2.451976
0,-1.154327,0.000000,3.333968,1.500997
0,-1.412376,0.000000,1.857660,-1.313995
0,-0.524632,0.674491,0.461312,-0.110177
0,-0.974581,0.674491,0.992201,-0.550057
0,-2.013376,0.000000,-0.145238,-5.804401
0,0.657188,0.674491,0.120371,2.561252
0,1.065701,-0.674491,0.755882,2.892726
0,0.400875,0.674491,0.413235,2.296923
0,1.037587,0.000000,-1.793334,-0.013018
0,0.198663,0.674491,0.294379,1.584839
0,-0.479342,-0.674491,0.263856,-1.949267
0,0.777857,-1.348982,-0.641318,-0.726197
0,0.749082,-0.674491,-1.269596,-0.869286
0,-1.922469,-0.674491,1.141172,-4.547952
0,0.915042,-0.674491,0.890708,2.683650
0,1.567564,2.023472,2.320911,9.839962
0,0.487809,0.674491,0.270050,2.323464
0,-0.533253,-0.674491,-0.731545,-3.525993
0,-0.587909,-1.348982,0.513479,-2.718572
0,-1.434874,0.000000,-0.742179,-5.115620
0,-0.946786,-0.674491,0.349914,-3.076114
0,1.080555,0.000000,-0.507155,1.952886
0,-2.044414,-0.674491,0.492870,-5.807200
0,0.385587,0.674491,-1.081866,0.104418
0,-0.864311,0.000000,-0.119464,-2.692870
0,1.155405,0.000000,-0.273445,2.489486
0,1.543769,4.721435,1.086877,11.352617
0,-0.997861,0.000000,1.044959,-1.374476
0,0.136608,0.674491,-0.115968,0.828273
0,-2.184579,-0.674491,2.910001,-2.703732
0,0.547986,0.000000,-0.904646,-0.044084
0,1.493835,3.372454,0.454346,8.632629
0,-0.700694,-0.674491,2.411804,0.549597
0,-0.424113,0.674491,-0.221862,-0.824383
0,-1.055732,-1.348982,0.145841,-4.499345
0,-0.412493,-1.348982,-0.510463,-3.722783
0,-0.596391,2.023472,-1.259917,-1.103086
0,-0.219709,-0.674491,1.738741,0.867914
0,-2.112619,2.697963,1.161309,-0.837464
0,-0.747714,-0.674491,-1.267618,-4.871267
0,-0.797206,0.000000,-0.688760,-3.332600
0,1.109533,0.000000,0.586948,3.604944
0,0.894545,0.000000,-0.724814,1.141964
0,0.084606,1.348982,0.817157,2.870052
1,0.014071,-1.348982,2.543367,1.813297
0,-0.852735,0.000000,0.075541,-2.381267
0,-0.671542,-0.674491,2.105920,0.187397
0,0.234785,0.674491,-0.263736,0.878304
0,0.242261,0.674491,-0.142094,1.073361
0,-1.766235,0.674491,-0.770551,-5.204983
0,0.180591,0.000000,-0.517502,-0.469949
0,2.027139,4.046945,3.623519,15.458350
0,1.171432,0.000000,0.080452,3.041661
0,1.645258,2.697963,0.606202,8.418257
0,-0.207076,-0.674491,-0.258017,-1.971819
0,-0.616170,0.000000,-1.614287,-4.180145
0,-0.876913,0.674491,-0.053997,-1.794321
0,-0.086302,-0.674491,-0.292670,-1.698545
0,-1.108121,-1.348982,1.591914,-2.558473
0,0.276711,0.674491,2.592566,5.100984
0,0.558795,2.697963,-0.742909,3.569812
0,0.498463,0.674491,1.178731,3.659653
0,-0.482186,1.348982,-0.184808,-0.088386
0,-0.581696,0.000000,-0.566946,-2.580679
0,-1.526779,0.000000,2.411981,-0.822367
0,0.097660,0.674491,0.131352,1.079982
0,-1.520695,0.000000,0.369766,-3.745041
0,0.500469,0.674491,1.180115,3.667013
0,0.310772,0.000000,1.219676,2.378337
0,0.977067,-0.674491,0.087391,1.693551
0,-0.536279,-0.674491,-0.279723,-2.883874
0,0.471451,-0.674491,-0.998984,-1.222679
0,0.370414,-1.348982,-0.913009,-2.207341
0,0.073147,-0.674491,-0.830671,-2.046161
0,-0.452332,-0.674491,-0.873112,-3.513209
0,-0.316350,0.000000,0.216333,-0.743502
0,0.139759,-0.674491,-0.090497,-0.802750
0,-0.042887,-1.348982,0.038898,-1.943281
0,0.529368,-1.348982,-0.984173,-1.884456
0,0.527753,0.674491,-1.309148,0.157715
0,-1.040974,-0.674491,-1.175085,-5.522751
0,0.328564,0.000000,-1.006228,-0.777358
0,-0.258312,2.023472,-0.109611,1.456882
0,0.336164,-0.674491,1.124598,1.471395
0,0.883932,0.000000,-0.485573,1.457860
0,-0.874220,0.000000,0.197482,-2.263267
0,0.597306,-0.674491,0.863562,1.794450
0,-1.948976,0.674491,2.458478,-1.047029
0,0.184470,-0.674491,0.909877,0.756517
0,0.031174,-0.674491,0.331644,-0.485777
0,-0.037877,0.000000,-2.027937,-3.228147
0,-0.429045,1.348982,0.273427,0.713246
0,0.185474,0.674491,-0.250311,0.765687
0,1.167465,0.000000,2.248898,6.151658
0,-0.045417,1.348982,-0.093707,1.211339
0,-1.825815,-0.674491,0.935252,-4.585684
0,-1.451829,0.000000,0.254758,-3.726292
0,-0.967057,-1.348982,-0.186688,-4.740631
0,-0.618085,0.000000,0.404290,-1.280335
0,1.180252,-0.674491,0.938330,3.461779
0,0.829533,0.674491,0.026659,2.887517
0,0.133145,-0.674491,-0.099691,-0.833677
0,0.147110,-0.674491,-0.081474,-0.770096
0,-0.084619,1.348982,0.888192,2.519500
0,0.743174,-1.348982,2.604257,3.851713
0,0.309432,0.000000,-0.043832,0.556439
0,-0.074422,0.674491,-0.263921,0.050723
0,-0.609112,0.000000,-0.583892,-2.678418
0,0.587928,-0.674491,-1.065895,-1.007324
0,-0.189185,0.674491,-0.849573,-1.099150
0,-0.389062,2.023472,-1.289716,-0.591242
0,-0.550797,0.674491,1.916592,1.914110
0,1.803469,2.697963,0.895457,9.257833
0,-0.900402,2.697963,1.845039,3.389900
0,-0.491294,0.000000,0.314171,-1.070783
0,-0.172395,2.023472,-0.657187,0.898747
0,-0.511466,0.000000,0.030701,-1.532696
0,-0.921209,0.674491,0.433102,-1.211855
0,0.102425,-0.674491,-0.215819,-1.082990
0,-0.081935,2.697963,0.803849,4.081413
0,1.394847,0.000000,0.034169,3.572825
0,0.495483,-0.674491,1.254832,2.085087
0,0.851343,2.697963,-0.947012,4.058827
0,0.789694,0.000000,1.691137,4.338222
0,-0.477523,0.000000,1.268896,0.340007
0,-0.604299,0.000000,0.030533,-1.781323
0,-0.939560,0.000000,1.877546,-0.020311
0,-1.113888,0.000000,0.305323,-2.749328
0,0.086227,0.000000,1.201930,1.752005
0,0.474146,-1.348982,2.148292,2.475724
0,-1.276357,1.348982,0.344842,-1.451049
0,-0.490374,1.348982,0.981425,1.568032
0,0.460861,0.000000,-0.510034,0.290689
0,-0.556334,3.372454,1.074448,4.039585
0,-0.195722,0.000000,1.162888,0.941440
0,0.032239,0.000000,-1.242905,-1.910805
0,-0.522852,1.348982,0.963646,1.455550
0,-0.711442,0.674491,-0.610986,-2.153150
0,0.130874,-0.674491,-1.856952,-3.368627
0,-1.946516,0.000000,0.688239,-4.426052
0,0.058047,0.674491,-1.056539,-0.735500
0,-1.928425,-0.674491,1.442294,-4.130543
0,-2.292354,-2.023472,1.673951,-6.447005
0,0.047206,-0.674491,-1.292107,-2.779623
0,1.358347,1.348982,-1.128762,3.477701
0,0.779043,1.348982,-0.226126,3.226698
0,-0.661355,2.697963,-0.153109,1.153959
0,0.228149,0.000000,-1.208269,-1.336785
0,-1.140070,-1.348982,1.474560,-2.812842
0,1.595970,-1.348982,-0.747699,1.309653
0,0.012996,-0.674491,1.697167,1.430710
0,1.941385,0.000000,-0.064749,4.892789
0,0.888041,-1.348982,-1.389868,-1.508626
0,0.480940,-0.674491,-0.175813,-0.012664
0,-0.368261,0.674491,-0.457039,-1.013391
0,-0.446162,0.674491,0.445076,0.076414
0,-0.189433,-0.674491,-0.270423,-1.942468
0,0.263233,0.674491,0.784366,2.462743
0,-0.118222,0.000000,0.491901,0.183180
0,-1.541275,0.674491,1.828694,-0.862507
0,-0.090265,0.000000,-0.341781,-0.941770
0,-0.824072,0.000000,-0.851869,-3.639211
0,-0.346992,-0.674491,1.336206,-0.051932
0,0.657345,1.348982,1.885988,5.940628
0,0.479129,-0.674491,0.308328,0.679217
0,-0.527582,0.000000,1.203709,0.112258
0,0.517187,-0.674491,-0.122340,0.161270
0,-0.062539,-1.348982,0.257476,-1.681306
0,-1.306116,0.000000,-0.553659,-4.499816
0,-0.009457,-1.348982,0.036856,-1.856773
0,1.587471,-0.674491,0.297431,3.629016
0,0.053523,0.000000,-0.510437,-0.799764
0,0.749446,0.000000,-1.000583,0.356879
0,-0.696380,0.000000,-1.354431,-4.020797
0,-1.071058,0.674491,-0.957297,-3.613713
0,-0.600017,2.697963,-0.091775,1.406340
0,-0.412731,-0.674491,0.391193,-1.587792
0,-0.857507,2.023472,0.934194,1.355818
0,0.247159,-1.348982,0.928276,0.112670
0,0.236757,-0.674491,0.068725,-0.314086
0,-1.073731,1.348982,4.713074,5.377421
0,-0.509080,0.000000,-1.984468,-4.426342
0,0.805554,-0.674491,-0.661757,0.156551
0,0.673106,2.023472,0.215814,4.417304
0,-0.091076,-0.674491,-0.660328,-2.240416
0,0.526131,0.000000,-0.340466,0.709353
0,-1.771066,1.348982,-0.212649,-3.576977
0,-1.543475,0.674491,0.306713,-3.058677
0,0.925822,-0.674491,0.029154,1.472630
1,0.156675,0.000000,0.716968,1.242589
0,0.574684,0.000000,-1.133730,-0.302328
0,-0.045493,1.348982,-0.247886,0.989256
0,-0.202108,-0.674491,1.041975,-0.087708
0,-1.198020,0.674491,0.059687,-2.489873
0,-0.882484,3.372454,-0.370701,1.087222
0,0.154488,-0.674491,0.494978,0.079217
0,-1.751749,-0.674491,0.092410,-5.600446
0,0.567350,0.000000,0.135586,1.504725
0,0.279284,0.000000,-0.203970,0.245320
0,0.536935,-0.674491,0.389157,0.950205
0,-1.347172,1.348982,0.669755,-1.172939
0,-0.169307,0.674491,0.383620,0.728723
0,-0.045813,0.674491,-0.114829,0.341828
0,0.353157,0.000000,0.325091,1.204345
0,-1.181002,2.023472,1.720751,1.622208
0,0.046853,1.348982,1.157835,3.259309
0,-0.467965,0.674491,-0.216335,-0.933761
0,1.598681,-0.674491,1.184217,4.935182
0,0.378491,1.348982,0.197242,2.764251
0,-0.597604,0.000000,0.171504,-1.560538
0,0.008883,0.000000,-0.677588,-1.159751
0,1.694751,0.000000,-1.089611,2.758017
0,-0.666221,-1.348982,2.856986,0.444437
0,-0.130320,0.674491,0.638130,1.199302
0,-0.307319,0.000000,-0.425401,-1.642858
0,-2.077325,-0.674491,1.262583,-4.787562
0,-0.023127,-0.674491,-0.628271,-2.012477
0,0.119657,1.348982,0.787487,2.921137
0,0.141459,-0.674491,-1.642131,-3.031157
0,0.044142,1.348982,1.156502,3.250138
0,-0.299105,-0.674491,-0.602237,-2.713419
0,-1.067887,0.000000,0.365450,-2.539720
0,-1.104661,0.000000,0.389721,-2.603185
0,-2.071278,0.674491,3.689483,0.397279
0,0.658343,1.348982,-0.961237,1.845856
0,-0.908681,-0.674491,-0.055088,-3.556998
0,1.656721,-0.674491,0.572594,4.210288
0,-1.742409,0.674491,1.531940,-1.827721
0,-0.576181,2.023472,-0.135002,0.569851
0,0.643426,-0.674491,-0.365391,0.149262
0,-0.767230,0.674491,-1.291718,-3.282058
0,-0.695339,0.000000,0.952468,-0.698153
0,-0.857976,-0.674491,-1.450727,-5.429797
0,-0.943624,0.000000,1.598092,-0.433345
0,1.234347,0.674491,-1.349038,1.990872
0,0.588694,3.372454,1.516782,7.739785
0,0.240345,-0.674491,-1.075872,-1.951675
0,-0.417448,4.046945,1.888798,6.421173
0,-1.000523,0.000000,-0.459473,-3.546627
0,-0.217066,-0.674491,-1.673032,-4.034898
0,-0.796211,0.674491,0.612748,-0.618880
0,0.086992,-0.674491,-0.970470,-2.210303
0,-0.515474,0.000000,0.161272,-1.355517
0,-0.061104,-1.348982,-1.353335,-3.995584
0,-0.932585,0.674491,-0.744938,-2.937610
0,0.704427,4.721435,0.223604,7.864536
1,-0.066724,-0.674491,2.372074,2.188672
0,0.082498,-1.348982,-0.478445,-2.352309
0,-1.023547,1.348982,1.976881,1.574036
0,1.091126,0.000000,1.633427,5.061681
0,-0.594997,0.674491,0.768854,0.144140
0,-0.758191,-1.348982,2.259077,-0.662088
0,-1.166288,-1.348982,0.906444,-3.700568
0,-0.142616,0.674491,0.681261,1.228474
0,-0.857760,-0.674491,-0.527818,-4.101061
0,1.398535,-1.348982,0.737397,2.918600
0,0.641081,0.674491,-0.770098,1.236682
0,-0.639949,-0.674491,-0.297466,-3.186787
0,-2.796235,-0.674491,0.885053,-7.254382
0,1.565590,-0.674491,0.838001,4.348404
0,-1.317590,0.674491,-0.202406,-3.186971
0,-1.104378,0.674491,2.117608,0.722229
0,0.321336,2.023472,-0.688951,2.174062
0,-0.729368,-0.674491,-1.006916,-4.447004
0,-0.158442,0.674491,-0.026514,0.167571
0,0.179529,0.000000,-0.181693,0.010474
0,-1.545460,0.000000,-0.948521,-5.708448
0,-0.413584,-0.674491,0.534719,-1.383527
0,-0.620159,-0.674491,0.703017,-1.694040
0,-0.945801,1.348982,1.975505,1.780073
0,-0.978389,-0.674491,0.224658,-3.340926
0,-0.760146,0.674491,0.690829,-0.410021
0,0.260065,-1.348982,0.284494,-0.779263
0,-0.861092,0.000000,0.009354,-2.498876
0,-2.123015,-0.674491,2.089837,-3.719308
0,-0.069287,1.348982,-1.576381,-0.986245
0,-0.059609,-0.674491,-0.803755,-2.362628
0,-1.234222,0.674491,-0.448553,-3.318142
0,0.752599,-0.674491,-0.565481,0.153415
0,1.785327,1.348982,1.833037,8.882454
0,-0.186494,1.348982,1.540134,3.185135
0,1.521685,-0.674491,1.207937,4.763308
0,0.772584,0.674491,-0.256094,2.328234
0,0.355560,-0.674491,0.762434,1.002101
0,0.493500,0.674491,-0.965952,0.559963
0,-0.340896,0.000000,-0.078401,-1.233330
0,-0.569063,-0.674491,-0.427345,-3.184031
0,0.562202,0.674491,-1.026525,0.656610
0,0.030490,0.000000,-0.605270,-0.997865
0,-0.619095,0.000000,1.184418,-0.160355
0,-1.424065,-1.348982,0.703651,-4.682113
0,0.195012,0.000000,0.450347,0.961468
0,1.849180,2.697963,-1.206632,6.355022
0,-0.105331,0.000000,1.161719,1.181606
0,-0.659431,-0.674491,0.468801,-2.136177
0,0.389782,0.674491,1.383216,3.663141
0,1.635043,-0.674491,-1.082994,1.769730
0,0.023741,-0.674491,-0.509353,-1.715943
0,0.690450,0.000000,-0.165388,1.400959
0,-1.630356,-0.674491,2.126453,-2.348457
0,-1.313770,0.674491,0.805186,-1.726724
0,0.331580,0.674491,0.581293,2.353370
0,0.504813,1.348982,0.469932,3.494666
0,0.263726,-0.674491,-0.804913,-1.499180
0,0.594613,1.348982,-0.859744,1.821398
0,0.787425,0.000000,-0.871135,0.644783
0,-2.852156,0.674491,2.782589,-2.997151
0,1.288150,-0.674491,1.052761,3.915149
0,0.609453,0.674491,0.585897,3.103471
0,0.136663,-0.674491,-0.743065,-1.750143
0,1.233597,-1.348982,0.514234,2.156137
0,0.797044,-0.674491,0.868249,2.335613
0,-0.993774,1.348982,-1.203629,-2.923375
0,-0.643983,0.000000,-1.285720,-3.781720
0,-0.420528,-0.674491,0.514682,-1.430942
0,1.001733,0.674491,-0.603772,2.441004
0,-0.808801,2.023472,0.457285,0.799814
0,-0.180628,0.000000,0.906026,0.612175
0,-0.037325,0.000000,-0.784593,-1.437374
0,0.705012,0.000000,-1.671057,-0.726888
0,-0.929185,-1.348982,0.607913,-3.495789
0,-0.437530,0.674491,-0.576446,-1.370563
0,-1.597279,-0.674491,0.623572,-4.422751
0,0.191157,1.348982,0.238598,2.322537
0,-0.528759,-0.674491,0.531937,-1.695692
0,0.388183,-0.674491,1.368564,1.961667
0,-0.630178,2.023472,-0.307898,0.176565
0,1.137645,0.000000,0.479874,3.526068
0,-0.830383,-0.674491,0.974812,-1.865375
0,-0.627370,0.674491,-0.130968,-1.237414
0,0.421044,0.000000,1.280515,2.760935
0,-1.641719,-1.348982,2.350356,-2.894696
0,-0.166659,0.000000,-0.909197,-1.962737
0,0.227058,-1.348982,-0.109541,-1.434634
0,-1.076008,2.697963,-0.557348,-0.537228
0,0.648426,0.674491,-0.920197,1.040329
0,0.513815,0.000000,1.576779,3.435507
0,0.960251,0.674491,1.893207,5.923416
0,-0.311211,0.000000,-0.308577,-1.485149
0,-0.711532,0.000000,1.180109,-0.413880
0,-0.214922,-1.348982,0.732374,-1.405596
0,0.559800,0.000000,-0.438131,0.658887
0,-0.919176,0.674491,2.613069,1.930775
0,0.067833,-0.674491,-0.110127,-1.023446
0,0.426430,0.000000,1.142346,2.576506
0,0.714047,0.674491,-0.433112,1.916868
0,-0.149984,0.000000,-1.247169,-2.404498
0,-0.769790,1.348982,-0.271148,-0.982149
0,-0.769497,0.000000,1.959219,0.552245
0,-0.121042,-0.674491,0.174630,-1.119006
0,-1.186895,-0.674491,-0.793270,-5.363707
0,0.257133,0.674491,-1.264248,-0.501738
0,-0.646513,0.674491,0.554965,-0.301506
0,-0.763557,-1.348982,1.521028,-1.738571
0,-0.175463,1.348982,3.552751,6.111006
0,-1.384185,0.674491,-0.136806,-3.270748
0,0.341264,0.000000,0.798624,1.853986
0,-1.739349,0.674491,0.810406,-2.857893
0,1.221482,-0.674491,0.048655,2.291761
0,-1.120678,-0.674491,-0.326507,-4.514818
0,0.056690,0.000000,0.529897,0.705854
0,0.221397,-0.674491,0.102474,-0.306614
0,1.610960,2.023472,0.030322,6.659686
0,-0.208225,0.000000,-0.634434,-1.678541
0,-1.568186,0.674491,1.019014,-2.099720
0,-0.251887,0.000000,1.714393,1.584836
1,2.594801,2.023472,2.900421,13.422409
0,0.121480,0.674491,0.192891,1.232276
0,-0.741311,0.000000,1.225548,-0.428165
0,-0.474829,1.348982,-0.704078,-0.815980
0,0.981068,0.674491,-0.364159,2.730539
0,-0.613887,0.000000,-0.451382,-2.500499
0,0.456890,0.000000,0.440623,1.648154
0,0.623251,-1.348982,1.137599,1.420181
0,0.332522,0.674491,0.882663,2.789593
0,0.583894,2.023472,2.379851,7.292876
0,-0.510831,-0.674491,-0.320249,-2.874105
0,0.426173,2.023472,0.869916,4.697929
0,-1.047784,-1.348982,0.805306,-3.529045
0,0.546569,0.000000,0.748198,2.330733
0,1.324447,-0.674491,0.437023,3.126155
0,-0.330489,1.348982,-0.976706,-0.822124
0,0.850870,0.000000,0.340562,2.558291
0,-0.528896,0.000000,0.331887,-1.145896
0,-0.134940,0.000000,0.964385,0.818401
0,0.493244,-0.674491,-0.750297,-0.806483
0,0.577025,-2.023472,0.517011,-0.434647
0,0.554483,0.674491,-0.641376,1.190226
0,-1.045810,0.000000,1.340025,-1.078140
0,0.378353,-0.674491,-0.368540,-0.564498
0,-1.077272,0.000000,-0.912187,-4.403478
0,0.537666,0.674491,1.808191,4.670403
0,1.239834,0.674491,0.120426,4.120259
0,-0.593867,0.000000,1.299267,0.072424
0,-1.641340,0.000000,1.074546,-3.053591
0,0.712442,-0.674491,0.214780,1.168844
0,-0.537140,1.348982,-0.889310,-1.249268
0,-0.449216,-0.674491,-1.257804,-4.058481
0,0.508796,1.348982,-0.314501,2.376447
0,-1.235246,0.000000,0.376223,-2.972001
0,-1.031805,-1.348982,0.282573,-4.238557
0,1.295659,0.674491,-0.336063,3.612692
0,1.125528,2.023472,-0.586599,4.473051
0,-1.011832,-1.348982,1.631477,-2.243909
0,-0.675147,0.674491,-0.628781,-2.081647
0,-0.669337,2.697963,0.731960,2.406305
0,0.615707,0.674491,-0.504369,1.551204
0,1.108156,-1.348982,-0.771414,-0.029670
0,0.767430,1.348982,-0.112695,3.358866
0,0.509199,0.674491,-0.279733,1.589503
0,-2.833292,0.000000,1.398323,-5.776829
0,-1.705169,0.000000,0.682168,-3.789043
0,0.758424,-0.674491,-1.274327,-0.851098
0,0.004417,0.000000,-0.892400,-1.480835
0,0.903997,-2.023472,0.299628,0.127363
0,0.456136,-1.348982,0.220481,-0.346779
0,0.616080,-0.674491,0.219389,0.917652
0,-1.031908,0.674491,0.961192,-0.748068
0,0.255772,1.348982,0.001589,2.154339
0,-0.897058,1.348982,-0.023125,-0.965738
0,-1.169782,0.674491,0.042183,-2.439508
0,-0.289409,-0.674491,-0.385093,-2.374985
0,-0.433616,0.674491,0.303777,-0.093362
0,-1.481736,0.000000,0.930331,-2.834093
0,-0.085890,0.674491,-0.264516,0.019182
0,1.049023,-0.674491,-0.040091,1.702616
0,0.532803,0.000000,1.153753,2.877535
0,0.324678,1.348982,-1.685142,-0.088670
0,-0.105801,0.000000,-1.354349,-2.440526
0,0.319833,0.000000,0.474871,1.330732
0,0.490863,0.674491,-0.318579,1.484541
0,-0.378399,-0.674491,0.797669,-0.910974
0,0.420440,0.674491,-0.191285,1.479306
0,0.346296,0.674491,-0.572863,0.731798
0,0.745227,0.674491,-0.313994,2.171715
0,-0.502803,0.000000,0.575311,-0.725771
0,-0.025479,0.000000,-0.349426,-0.779430
0,-1.394106,1.348982,-0.493949,-2.973202
0,1.434024,1.348982,-1.359979,3.347438
0,-1.944935,0.000000,0.939144,-4.060745
0,-0.991731,0.000000,-0.840016,-4.070744
0,0.469304,2.023472,-0.588637,2.714327
0,-0.875038,1.348982,-0.843000,-2.086704
0,0.310933,4.046945,1.589107,7.938744
0,-0.375584,0.674491,-0.889225,-1.654942
0,-0.718752,-0.674491,-0.814359,-4.141491
0,0.566179,-0.674491,-0.907628,-0.837754
0,-1.141822,2.023472,1.044945,0.754486
0,-1.451830,-0.674491,-0.785972,-6.062063
0,-1.219433,-0.674491,0.485904,-3.609906
0,1.550115,0.674491,0.767651,5.881869
0,-0.241769,2.697963,-0.438916,1.865299
0,-2.192863,0.674491,1.875359,-2.538740
0,-0.840390,0.000000,-0.049993,-2.528892
0,-0.607044,-0.674491,1.818028,-0.054338
0,1.290857,0.674491,0.152323,4.302679
0,0.058910,-0.674491,-0.047164,-0.956710
0,2.217506,0.674491,1.416100,8.600722
0,0.959914,0.674491,-0.379820,2.651401
0,1.151332,-1.348982,0.659118,2.144532
0,-0.742726,0.674491,0.036527,-1.305018
0,-0.467400,1.348982,1.803531,2.812597
0,-0.907781,1.348982,1.421053,1.083888
0,-1.345508,-0.674491,0.623390,-3.749377
0,0.272614,2.023472,-0.267727,2.649884
0,-1.090657,-0.674491,-0.953385,-5.336634
0,0.637394,1.348982,-1.076278,1.624247
0,0.445129,0.000000,0.798511,2.131723
0,0.917510,-1.348982,0.375357,1.110558
0,-0.332204,-1.348982,-1.444375,-4.851954
0,1.032618,0.674491,-0.310314,2.945956
0,-0.437472,0.674491,-0.745254,-1.613340
0,-1.692431,0.000000,0.863881,-3.493457
0,0.605000,0.674491,0.429448,2.866410
0,-0.381811,2.023472,-0.674150,0.314022
0,-0.026784,-1.348982,-0.561323,-2.763972
0,0.581864,-0.674491,-0.874762,-0.748489
0,-0.006945,-0.674491,-1.165694,-2.742587
0,-1.119526,2.023472,-0.572949,-1.514171
0,-0.961355,0.000000,0.684015,-1.796235
0,0.049638,0.674491,-0.887517,-0.514758
0,-0.116302,0.000000,0.718441,0.514329
0,-1.712672,0.674491,1.018950,-2.486401
0,2.317771,-0.674491,1.837607,7.799472
0,0.675544,0.000000,-1.336743,-0.324622
0,-0.348249,-0.674491,1.814029,0.632339
0,-1.077140,-0.674491,-0.640596,-4.850332
0,1.547611,-0.674491,-0.871383,1.840325
0,-1.538679,2.697963,1.795132,1.610303
0,1.230471,-0.674491,-1.259556,0.433166
0,0.188329,-0.674491,-0.921154,-1.868195
0,0.492965,-0.674491,0.038134,0.327401
0,-1.838131,0.000000,0.484790,-4.428844
0,0.015211,0.674491,-1.655130,-1.711545
0,-0.371447,0.000000,0.297336,-0.774349
0,-1.203569,-0.674491,0.767458,-3.162275
0,0.779618,1.348982,-0.707016,2.536189
0,0.560145,0.000000,0.975247,2.693801
0,-0.401412,-0.674491,-1.341851,-4.051531
0,0.000000,-0.674491,0.871675,0.207973
0,-0.819064,0.000000,-0.850648,-3.624056
0,0.670822,0.000000,-0.040866,1.527641
0,-0.831584,-0.674491,-0.746039,-4.345066
0,0.590840,-0.674491,-0.570801,-0.287042
0,0.742035,0.000000,-0.993530,0.347200
0,1.030584,0.000000,-0.389382,1.988672
0,-0.826003,0.674491,0.833538,-0.380855
0,-0.191239,0.674491,-0.822897,-1.066254
0,-1.119542,1.348982,-0.317338,-1.984419
0,-1.377784,0.000000,0.150592,-3.678083
0,0.097715,1.348982,-0.516896,0.985290
0,0.560817,-1.348982,0.483442,0.311733
0,0.686400,0.674491,-0.220509,2.148852
0,-0.214419,0.000000,-0.479757,-1.472518
0,-0.304214,0.674491,0.224183,0.138322
0,-0.294999,2.023472,1.740751,4.021580
0,-0.342663,0.674491,-1.010257,-1.741035
0,0.715006,0.000000,1.217232,3.456388
0,1.121809,3.372454,-0.250685,6.622626
0,0.306923,0.000000,0.218030,0.926570
0,-1.856931,1.348982,1.369364,-1.530042
0,-1.788867,0.000000,0.340610,-4.504520
0,1.498069,-0.674491,0.663038,3.915956
0,-0.334984,0.674491,0.231416,0.066403
0,-0.524857,0.000000,0.738922,-0.549325
0,-0.521053,0.000000,-0.446992,-2.245795
0,-0.146001,1.348982,-0.347718,0.576669
0,-0.803095,1.348982,-1.617342,-3.008568
0,-1.131441,4.046945,0.526213,2.549919
0,0.086359,0.000000,-1.151650,-1.634678
0,1.241693,0.674491,0.371785,4.486964
0,1.558899,0.674491,0.365396,5.326485
0,-1.288402,0.000000,0.035942,-3.603924
0,2.019654,0.000000,-0.086357,5.071109
0,0.420388,-0.674491,-0.286948,-0.334611
0,-2.033027,2.697963,1.582349,-0.018590
0,1.074894,0.000000,0.517029,3.411643
0,0.067339,0.000000,1.916583,2.729927
0,-2.079856,-0.674491,1.625819,-4.271602
0,-1.181301,0.674491,0.818026,-1.353812
0,0.595750,-1.348982,0.212726,0.015615
0,1.111494,-1.348982,0.789283,2.225261
0,0.605285,-0.674491,1.403774,2.593216
0,-1.425944,2.023472,-0.123095,-1.686638
0,-0.376659,0.000000,0.104091,-1.066391
0,0.899128,1.348982,1.085313,5.435290
0,0.022440,0.674491,0.674491,1.660355
0,1.531245,0.000000,0.768421,4.994435
0,-1.777885,0.674491,2.364384,-0.724669
0,0.491678,-0.674491,-0.674937,-0.702223
0,0.933157,0.000000,-0.582386,1.450244
0,0.159999,0.674491,-0.038162,1.002829
0,0.591483,-0.674491,0.062003,0.625346
0,1.660469,-0.674491,-0.691528,2.401119
0,1.278441,0.674491,0.720228,5.086730
0,0.797381,0.000000,-1.107287,0.331574
0,-1.610196,1.348982,1.144503,-1.193477
0,-1.146373,-0.674491,-0.193730,-4.392486
0,0.988849,-1.348982,-1.864531,-1.921990
0,-1.208698,-0.674491,-0.308030,-4.723734
0,0.239398,0.000000,0.052601,0.507833
0,-1.305693,-0.674491,-0.567524,-5.356690
0,-0.714601,-0.674491,-1.240682,-4.743906
0,0.270094,0.000000,0.291455,0.933697
0,1.885424,-0.674491,0.026471,4.036280
0,1.010177,-0.674491,-0.472888,0.975840
0,0.273701,-0.674491,-0.966740,-1.705377
0,0.763490,0.674491,0.677005,3.646728
0,1.380707,-1.348982,1.059584,3.334556
0,0.576252,-0.674491,-0.372262,-0.040358
0,-0.798925,-0.674491,0.974353,-1.781867
0,-0.957576,-0.674491,-0.343969,-4.103549
0,0.686949,0.674491,0.670988,3.433276
0,0.996588,0.674491,0.490031,4.001330
0,0.138765,-1.348982,3.056338,2.885147
0,-0.472724,0.000000,1.131095,0.154539
0,1.104378,-0.674491,0.575246,2.736257
0,-0.143118,1.348982,-0.054382,1.006522
0,0.911058,0.000000,0.141222,2.432459
0,-0.519400,1.348982,-1.471241,-2.039261
0,-1.932100,0.674491,1.166312,-2.861431
0,0.378117,0.000000,-1.206051,-0.932338
0,0.755972,0.000000,-0.054112,1.736406
0,1.137871,0.000000,0.797543,3.983832
0,0.116715,0.000000,0.908823,1.411770
0,-0.941592,-1.348982,0.699725,-3.396859
0,0.012445,0.000000,-1.520652,-2.363471
0,-0.323369,0.674491,1.204112,1.497286
0,-1.106222,-1.348982,0.624605,-3.945448
0,1.216838,2.697963,0.396315,6.969927
0,0.978663,-0.674491,-0.802519,0.417150
0,0.554227,-1.348982,-0.366250,-0.928689
0,-0.719144,-0.674491,-0.241152,-3.317639
0,-0.615571,2.023472,0.143743,0.865603
0,-0.136870,-0.674491,0.026839,-1.374040
0,0.855795,-1.348982,-0.209919,0.103159
0,1.135347,0.674491,0.808877,4.831443
0,1.096564,0.000000,-0.491669,2.018006
0,0.111670,1.348982,-1.424519,-0.283532
0,-0.384891,-1.348982,-0.751037,-3.995142
1,1.091949,14.838797,1.800767,23.741908
0,1.046096,1.348982,1.203687,5.998868
0,-0.150888,-0.674491,-0.306683,-1.891519
0,-0.103634,0.674491,1.469577,2.467241
0,-1.305299,1.348982,-0.296926,-2.452053
0,-1.339925,-1.348982,2.327855,-2.119598
0,1.042074,-0.674491,0.424707,2.352916
0,-0.553819,1.348982,-0.371604,-0.548865
0,0.581832,1.348982,-0.954098,1.651416
0,0.167785,0.674491,-0.404319,0.496724
0,-0.853468,-0.674491,-0.447326,-3.973742
0,-0.338220,-1.348982,2.186576,0.357251
0,-0.033674,-0.674491,-1.339276,-3.063906
0,0.057334,-0.674491,2.389232,2.545293
0,0.193004,-0.674491,-1.556747,-2.770369
0,-0.285877,1.348982,-0.097069,0.563125
0,-1.590565,2.023472,3.673816,3.337037
0,-0.256770,0.000000,-0.598721,-1.757034
0,0.276192,-1.348982,0.151119,-0.928055
0,0.481663,0.674491,-1.659537,-0.469847
0,0.937612,0.000000,0.169082,2.543601
0,0.761871,-0.674491,0.920655,2.316922
0,-1.594440,3.372454,-0.438348,-0.915036
0,0.371363,-1.348982,2.421506,2.593898
0,-0.121511,1.348982,-1.234079,-0.633368
0,-1.232240,1.348982,-0.552290,-2.624073
0,0.710479,-0.674491,0.140833,1.057176
0,0.296719,0.000000,2.841372,4.674520
0,1.287181,-0.674491,-0.225189,2.073457
0,1.128747,0.674491,-0.018641,3.622904
0,0.118101,0.000000,0.498899,0.825555
0,-0.285093,-1.348982,-0.570100,-3.467734
0,-0.124958,-0.674491,-1.197179,-3.103653
0,0.535715,0.674491,-1.337420,0.138332
0,0.274313,-0.674491,-0.915272,-1.629670
0,-1.307140,0.000000,2.344697,-0.331531
0,1.673698,-0.674491,0.198529,3.717394
0,1.391384,-0.674491,1.355864,4.627557
0,0.999216,0.000000,-0.990428,1.039777
0,0.751405,1.348982,0.242248,3.826787
0,-0.556801,0.674491,-0.803422,-2.016326
0,0.107274,0.674491,-0.850162,-0.306792
0,-0.618861,-1.348982,-0.151577,-3.758468
0,-0.974861,-0.674491,-0.692713,-4.651676
0,0.059987,-1.348982,0.270336,-1.334969
0,-0.826369,0.000000,0.348692,-1.917630
0,0.131117,-0.674491,-0.123713,-0.873673
0,-1.511978,-1.348982,1.085332,-4.368056
0,0.640008,0.000000,-0.040917,1.445122
0,1.797001,0.000000,0.729497,5.649475
0,-0.573038,-0.674491,1.259692,-0.766853
0,0.666406,0.000000,-0.662276,0.621554
0,-0.412900,0.000000,-0.092494,-1.446263
0,-1.748591,0.674491,0.855466,-2.817774
0,-0.117110,-0.674491,1.874775,1.338194
0,-2.256575,0.674491,0.209087,-5.107141
0,-0.339238,-0.674491,1.015803,-0.492278
0,1.563545,-0.674491,0.047136,3.204801
0,0.049024,0.674491,-0.545928,-0.024822
0,1.416634,4.721435,-1.232349,7.674855
0,1.019407,0.674491,0.534020,4.125688
0,-1.937470,0.000000,2.341334,-2.022881
0,0.111295,3.372454,-1.284280,2.431446
0,-1.200718,1.348982,-0.845221,-2.961291
0,-0.588937,0.000000,-0.263445,-2.163284
0,0.131733,0.674491,0.774781,2.097107
0,0.712029,-1.348982,1.066939,1.556026
0,-1.476375,-1.348982,3.302890,-1.081509
0,-2.482564,0.674491,2.260956,-2.758952
0,-0.108398,-0.674491,0.739096,-0.272851
0,-0.220663,-0.674491,0.763017,-0.538803
0,-0.788963,-0.674491,-0.423718,-3.767177
0,0.286963,0.674491,1.455279,3.491745
0,1.234333,0.000000,0.362627,3.616039
0,-0.466795,-0.674491,0.971406,-0.897462
0,-0.292492,-0.674491,1.464313,0.278246
0,-0.971438,0.674491,-1.552034,-4.203057
0,-0.585230,-0.674491,0.767762,-1.507411
0,-0.162450,0.000000,0.309978,-0.196963
0,-0.850988,-0.674491,0.560341,-2.516972
0,-0.968174,-0.674491,-0.998955,-5.074498
0,1.506756,0.674491,-1.117275,3.053262
0,-0.530725,0.674491,0.065099,-0.696668
0,0.734769,-0.674491,-0.926914,-0.414428
0,-0.059306,0.000000,-0.893773,-1.653308
0,-0.247658,-0.674491,-0.888239,-2.987354
0,0.970958,1.348982,0.903298,5.365540
0,-0.215314,-1.348982,0.249032,-2.102223
0,-1.328753,0.000000,0.225835,-3.438613
0,1.584713,-0.674491,-0.619250,2.302441
0,-0.283320,0.000000,1.557984,1.275643
0,-0.817543,3.372454,0.385108,2.348665
0,-1.006610,1.348982,-0.743605,-2.295699
0,0.208856,3.372454,-0.351379,4.035019
0,1.324348,0.000000,0.700557,4.343197
0,0.476239,-0.674491,-1.492692,-1.920364
0,1.018804,0.000000,-0.376064,1.976317
0,1.596799,0.674491,0.789034,6.037549
0,-0.389597,0.000000,0.185685,-0.983586
0,1.105481,-0.674491,-1.596020,-0.385462
0,-0.022335,-0.674491,-1.494169,-3.256472
0,-0.328528,1.348982,-0.029505,0.546238
0,0.067350,0.000000,0.629036,0.877047
0,0.051572,-1.348982,0.934283,-0.401996
0,1.273359,-0.674491,0.114928,2.525937
0,0.878786,-0.674491,-0.803874,0.147969
0,-0.433623,0.674491,0.111884,-0.369535
0,-0.103716,0.674491,1.231442,2.124321
0,1.201305,1.348982,-0.077315,4.570657
0,-1.653014,0.000000,2.028761,-1.711615
0,1.675387,1.348982,-0.375798,5.409565
0,-1.729292,-0.674491,0.956994,-4.296139
0,0.663678,-2.023472,1.534704,1.261764
0,-1.556177,0.000000,1.383383,-2.381280
0,-0.565129,-0.674491,0.623115,-1.661791
0,-0.621649,0.674491,0.386295,-0.477713
0,-0.753217,1.348982,1.202933,1.183543
0,0.078743,1.348982,1.788678,4.252481
0,-0.970550,0.674491,-0.568675,-2.785528
0,1.247053,0.000000,-0.760868,2.033248
0,1.535767,1.348982,-0.238121,5.234128
0,1.269684,1.348982,1.170330,6.549098
0,0.170806,-0.674491,-0.628340,-1.493691
0,-1.126170,1.348982,0.254042,-1.179879
0,-0.125533,0.674491,0.133913,0.486492
0,0.733826,0.000000,-0.804865,0.596744
0,-0.661186,4.721435,-1.388023,1.891410
0,-0.502728,1.348982,2.288586,3.416115
0,-1.157626,0.000000,1.650133,-0.931039
0,-0.439110,0.674491,1.649504,1.828573
0,-1.658497,0.674491,0.837284,-2.602883
0,-1.245443,0.674491,-1.087591,-4.267806
0,0.422739,1.348982,-0.339177,2.110682
0,-0.820395,1.348982,-1.037668,-2.220648
0,-0.826126,-0.674491,0.811960,-2.088345
0,-0.691100,0.000000,0.924661,-0.726828
0,0.371466,0.000000,-0.048995,0.714987
0,0.867081,0.674491,1.500554,5.109064
0,-0.468404,-1.348982,-0.438834,-3.769299
0,0.483966,0.674491,-0.313091,1.473985
0,1.772700,-0.674491,2.180030,6.833862
0,1.049260,-0.674491,-0.040059,1.703297
0,-1.461067,0.674491,1.618935,-0.949767
0,0.996599,-1.348982,0.175129,1.034018
0,0.738140,0.674491,0.209620,2.906286
0,-1.526126,0.674491,-1.135906,-5.088329
0,-0.174257,-0.674491,-0.445392,-2.153661
0,1.382457,0.674491,0.517483,5.073266
0,0.414576,0.000000,-1.123847,-0.716489
0,-0.019510,1.348982,-0.222692,1.095032
0,0.157713,0.000000,-0.649728,-0.721447
0,0.068061,-0.674491,0.883777,0.407491
0,-0.630144,0.000000,-0.761055,-2.989646
0,-0.775789,0.674491,-1.506445,-3.613973
0,-0.506870,-0.674491,-0.126547,-2.584750
0,-1.166950,-0.674491,-0.587665,-5.014453
0,-0.393233,0.000000,0.995486,0.172070
0,1.140576,0.000000,-0.869950,1.591381
0,-2.279283,0.674491,0.279867,-5.066037
0,-0.220299,1.348982,0.391548,1.441754
0,-0.837687,0.000000,-0.316868,-2.905720
0,1.685843,30.352084,3.166444,46.571537
0,-0.647271,2.697963,-0.184501,1.146466
0,0.246882,-0.674491,0.748790,0.691685
0,-1.704795,0.000000,1.515631,-2.588605
0,0.514025,0.000000,1.462136,3.271085
0,-1.644777,-0.674491,1.472565,-3.328051
0,-0.080295,1.348982,-0.320858,0.791125
0,-0.924704,-0.674491,-0.612677,-4.402296
0,0.247193,-1.348982,-0.704221,-2.236565
0,1.415606,0.000000,-1.031821,2.094301
0,-1.065482,0.674491,1.014025,-0.761865
0,-0.204351,0.674491,-0.668530,-0.879188
0,-0.378696,0.674491,0.148008,-0.170587
0,0.030514,-0.674491,0.832538,0.233295
0,0.306071,0.674491,-0.930133,0.110022
0,-1.238746,0.674491,0.598466,-1.823481
0,0.273092,-0.674491,1.027059,1.162270
0,0.056583,0.674491,-0.548702,-0.008590
0,0.580770,-0.674491,0.580883,1.343404
0,1.583738,-0.674491,0.178655,3.448098
0,0.838796,-1.348982,-0.816340,-0.815022
0,1.414240,-0.674491,-0.297307,2.309630
0,-0.051309,0.000000,0.073305,-0.240188
0,-0.258225,0.000000,-0.432473,-1.521679
0,-2.552660,1.348982,2.106177,-2.331188
0,-1.537737,-0.674491,-0.845472,-6.377544
0,-0.757762,0.000000,0.172831,-1.987147
0,1.888321,0.000000,4.944997,11.960336
0,0.820857,-1.348982,1.160452,1.981782
0,-0.369379,-0.674491,-0.502482,-2.757887
0,-0.383828,-0.674491,-0.463481,-2.740420
0,-0.243779,-1.348982,-0.028264,-2.577439
0,0.342443,0.674491,-0.590518,0.696081
0,0.493169,-0.674491,0.113545,0.436470
0,0.672013,1.348982,-0.370064,2.733189
0,1.984851,0.674491,2.029744,8.861327
0,0.236996,-0.674491,-1.301378,-2.285162
0,-0.824215,-0.674491,-0.538784,-4.027088
0,0.599099,0.000000,-0.331733,0.917151
0,-0.820462,-0.674491,0.387123,-2.684573
0,0.743084,-1.348982,0.262799,0.481881
0,0.827592,-0.674491,-0.728566,0.119369
0,-1.462692,0.674491,1.350786,-1.340009
0,1.835320,1.348982,0.636613,7.294443
0,-0.669402,0.000000,-1.207013,-3.736464
0,1.104299,-0.674491,-1.763751,-0.630008
0,-0.126688,0.674491,-0.188994,0.018707
0,-0.605553,-0.674491,-1.142883,-4.311395
0,0.279301,0.000000,0.337810,1.025040
1,0.688154,-0.674491,-0.768387,-0.311014
0,-1.804680,0.674491,0.643356,-3.273094
0,-1.475481,4.046945,0.311941,1.321047
1,2.374209,-0.674491,-0.624127,4.407796
0,0.904230,0.674491,1.578698,5.320919
0,-0.570349,-0.674491,-1.305247,-4.450861
0,0.432832,0.674491,0.254480,2.153963
0,1.005969,0.674491,-0.057094,3.239060
0,1.315482,2.697963,-0.276823,6.265145
0,1.045103,0.000000,-0.574801,1.760680
0,0.045293,0.000000,-0.201930,-0.377812
0,0.629263,0.674491,-1.483520,0.178376
0,-0.834616,1.348982,2.652111,3.051265
0,-0.114450,0.000000,-0.694310,-1.513803
0,-1.503032,0.000000,2.719775,-0.315885
0,-0.571076,2.023472,-0.006041,0.769100
0,0.292190,0.000000,-1.317437,-1.322539
0,0.294577,-1.348982,0.750762,-0.015918
0,0.400735,-1.348982,0.481067,-0.120000
0,1.080049,1.348982,-1.183899,2.653739
0,-0.431845,-0.674491,0.753229,-1.117928
0,-1.185281,1.348982,-1.430181,-3.761803
0,-1.186026,2.697963,0.111403,0.130808
0,1.142645,0.674491,0.514471,4.427292
0,-2.176155,2.697963,1.694938,-0.239516
0,-0.887354,-0.674491,1.408237,-1.394065
0,1.330272,1.348982,1.698914,7.471893
0,0.287933,-0.674491,0.521216,0.474021
0,0.798611,0.000000,-0.818627,0.750276
0,-0.359066,0.000000,-0.798123,-2.317697
0,-0.639404,2.023472,-0.963171,-0.791124
0,2.144118,1.348982,3.569661,12.341610
0,-0.464355,-1.348982,1.079979,-1.572739
0,0.191339,2.697963,-0.654761,2.713499
0,0.208499,2.023472,1.328201,4.775040
0,-0.922116,0.000000,2.381672,0.751849
0,1.311655,-0.674491,-0.504181,1.737444
0,-0.035262,-0.674491,-0.498063,-1.857565
0,1.067857,0.674491,-0.448430,2.841477
0,2.311681,0.000000,1.109867,7.573943
0,1.200358,-1.348982,-0.869328,0.076117
0,0.939095,-1.348982,0.473477,1.309514
0,-1.184267,0.674491,-0.292026,-2.959225
0,-1.107632,0.000000,1.268663,-1.346246
0,0.253741,4.721435,-0.004178,6.330881
0,1.672764,2.697963,0.046539,7.686440
0,0.238502,0.674491,-1.134964,-0.365536
0,0.150001,0.000000,1.341830,2.123971
0,0.505484,3.372454,-1.028748,3.853875
0,1.239064,1.348982,-1.273466,2.950305
0,0.070328,-1.348982,2.490950,1.888388
0,0.102073,2.023472,4.802490,9.490135
0,1.449487,0.000000,-1.476227,1.545408
0,-0.365281,0.000000,-0.727483,-2.232666
0,0.956022,2.023472,-1.342471,2.931746
0,-0.973853,0.674491,-0.247323,-2.331909
0,-0.112173,0.674491,2.113055,3.370422
0,-0.375884,0.000000,0.640219,-0.292775
0,-0.303349,-0.674491,0.031363,-1.812962
0,0.798914,1.348982,-0.822129,2.422158
0,-1.271652,0.674491,1.353672,-0.824708
0,-0.585540,-0.674491,-0.385499,-3.167897
0,-1.210330,-0.674491,-0.819440,-5.464069
0,-0.734651,0.000000,-0.354676,-2.684446
0,0.647432,0.674491,1.630594,4.708513
0,0.221683,-0.674491,0.608839,0.422861
0,-1.017887,0.674491,2.377562,1.327744
0,0.928214,0.674491,-0.106956,2.959263
0,0.504163,-0.674491,-0.902691,-0.996580
0,2.584056,4.721435,-0.838397,11.365347
0,0.730745,0.000000,-0.988799,0.323801
0,-1.254719,1.348982,0.646002,-0.959756
0,-1.780882,1.348982,0.861188,-2.057884
0,-1.512396,-0.674491,1.282809,-3.246932
0,0.802901,-0.674491,-0.026046,1.064303
0,0.711168,0.674491,-0.318859,2.073585
0,0.934332,0.674491,0.147294,3.341525
0,0.957424,1.348982,-0.074782,3.921774
0,0.805261,-0.674491,-0.449029,0.461903
0,0.911562,-0.674491,0.139648,1.593488
0,-0.141400,0.000000,-1.273709,-2.419724
0,0.584519,2.697963,0.005642,4.715877
0,0.548323,1.348982,-0.309540,2.489342
0,0.814362,2.023472,-0.050499,4.411999
0,-0.947287,-0.674491,0.069883,-3.480447
0,-1.145594,2.023472,4.501452,5.718651
0,0.858910,3.372454,-0.003457,6.274998
0,0.780826,2.697963,0.330940,5.709252
0,-0.410794,0.674491,2.019213,2.436384
0,0.893009,0.674491,0.345163,3.515714
0,-0.729671,0.674491,-0.492611,-2.031570
0,0.391817,0.000000,-0.869696,-0.411633
0,-0.341646,-0.674491,-0.147322,-2.172575
0,-0.248497,0.674491,-0.910265,-1.345186
0,1.438194,0.000000,-1.099719,2.057027
0,-0.071414,-0.674491,3.936898,4.428060
0,1.073463,0.000000,0.207510,2.962385
0,-0.185575,1.348982,0.129367,1.157358
0,-0.694312,2.023472,1.522098,2.638514
0,1.279965,-0.674491,-0.582912,1.539352
0,0.730645,2.697963,-0.188313,4.827732
0,0.675177,0.000000,-0.817852,0.421133
0,0.036217,0.000000,-0.295815,-0.537206
0,-1.165463,0.000000,-0.934084,-4.670954
0,0.928787,-0.674491,1.840745,4.087623
0,-1.651459,-0.674491,0.333614,-4.984994
0,0.387976,2.023472,-0.601075,2.478827
0,0.643258,0.674491,0.784102,3.479155
0,-1.433230,0.674491,0.570499,-2.384090
0,-0.090486,2.023472,0.939520,3.415722
0,-0.363120,-0.674491,-0.658137,-2.965143
0,-0.716444,0.674491,-0.065783,-1.381932
0,-0.481811,-0.674491,0.074180,-2.228835
0,0.968025,0.674491,0.078438,3.332583
0,0.260175,-0.674491,-0.621946,-1.245373
0,-1.020934,2.697963,0.445439,1.053240
0,0.335070,1.348982,1.890163,5.084356
0,0.113241,2.697963,0.953640,4.819190
0,-0.519302,0.000000,-1.137269,-3.234489
0,0.412855,0.674491,-1.783096,-0.831762
0,-0.344511,0.000000,-0.851872,-2.356103
0,-0.547139,4.046945,-0.747445,2.280355
0,0.000343,0.000000,-0.438557,-0.838609
0,-0.824249,0.674491,-0.222231,-1.895519
0,-1.873526,0.674491,1.543883,-2.161348
0,-2.420140,0.674491,1.466530,-3.735188
0,0.935030,1.348982,-0.172219,3.721635
0,-0.427923,-1.348982,2.126175,0.030319
0,0.229733,0.674491,0.192742,1.521703
0,0.956440,0.000000,-1.206935,0.613751
0,1.063672,-1.348982,0.466727,1.633117
0,-0.177883,-1.348982,0.095147,-2.223528
0,0.172658,-0.674491,-0.339200,-1.072633
0,-0.844149,-0.674491,-0.782128,-4.430620
0,1.250870,1.348982,-1.337311,2.890013
0,0.191583,-0.674491,-0.023604,-0.567824
0,-0.526254,2.023472,-0.400051,0.322007
0,-0.313698,1.348982,2.189065,3.778661
0,1.076041,-0.674491,-1.183013,0.130128
0,-0.232202,0.000000,0.911662,0.482292
0,-0.129485,0.674491,-0.352202,-0.223650
0,-0.677651,0.000000,0.531242,-1.257012
0,1.132378,0.000000,-1.310400,0.935593
0,0.754062,0.674491,-0.704011,1.634080
0,-0.756095,0.000000,1.173739,-0.542279
0,0.501984,0.000000,-0.262654,0.756722
0,0.532046,1.348982,-0.856543,1.658601
0,-0.170698,0.000000,2.801998,3.367235
0,-1.336354,0.000000,-1.186811,-5.491889
0,1.765648,1.348982,-0.295194,5.767063
0,0.618754,0.000000,0.147577,1.659516
0,-0.760522,-0.674491,-0.915417,-4.398683
0,0.985197,0.674491,-0.477506,2.578469
0,-0.864240,3.372454,1.475104,3.792337
0,-0.990369,0.000000,-0.573968,-3.684228
0,-0.874557,-0.674491,0.252668,-3.022806
0,1.825387,0.000000,0.148286,4.889003
0,0.004729,-0.674491,1.227675,0.732946
0,1.164311,1.348982,-0.239147,4.238784
0,-0.574223,-1.348982,0.978116,-2.013293
0,0.152017,-0.674491,0.420861,-0.034058
0,0.536823,-0.674491,-0.640551,-0.531948
0,-0.725165,0.000000,-0.081731,-2.266272
0,0.263714,0.000000,0.565786,1.311416
0,0.981346,-1.348982,0.364261,1.265389
0,-1.013514,-0.674491,-0.497985,-4.474864
0,1.063321,-0.674491,-1.056536,0.278106
0,-1.011692,2.023472,0.289236,0.015121
0,-0.655914,0.000000,0.207334,-1.664988
0,-0.123193,0.000000,-1.493740,-2.687656
0,-0.394597,0.674491,0.125805,-0.245083
0,0.289854,0.000000,1.033664,2.054680
0,0.505220,0.674491,3.052748,6.374631
0,-1.009651,-1.348982,0.565429,-3.772223
0,-1.235576,0.674491,2.782879,1.328589
0,-0.161351,0.000000,1.339155,1.287069
0,0.719387,0.674491,1.998542,5.430549
0,-0.928420,0.000000,-0.779071,-3.813640
0,-0.404124,0.000000,-0.315385,-1.743544
0,-0.170201,0.000000,0.199287,-0.376997
0,-0.099300,0.000000,-0.380493,-1.021655
0,-0.116869,0.000000,-0.218073,-0.834925
0,1.220592,0.674491,-0.778625,2.774951
0,-1.001085,0.674491,1.334353,-0.128581
0,-0.469456,0.674491,1.320308,1.273634
0,1.217136,0.000000,1.570379,5.308103
0,-0.668324,0.674491,3.755656,4.246251
0,0.546677,-1.348982,0.946656,0.940512
0,-0.371256,1.348982,-1.218396,-1.279017
0,0.667555,-0.674491,0.820062,1.919808
0,0.879071,0.000000,0.549197,2.933991
0,1.347382,1.348982,-1.406148,3.049177
0,-0.387693,0.000000,0.063538,-1.154275
0,-0.050771,0.674491,-0.856644,-0.738986
0,-1.021535,-0.674491,1.828697,-1.147996
0,0.265625,0.674491,-0.030105,1.297035
0,-1.743203,0.000000,2.009908,-1.980056
0,-1.484819,0.000000,0.511960,-3.444420
0,2.625335,3.372454,1.458591,13.105278
0,-0.424145,0.674491,-0.284543,-0.914674
0,0.503543,0.000000,1.269477,2.965785
0,0.345395,0.000000,0.586293,1.559473
0,-0.787075,0.674491,0.627662,-0.572975
0,-0.385248,0.674491,-0.617818,-1.290217
0,-0.818301,0.000000,-0.568725,-3.216298
0,-0.537100,1.348982,1.068967,1.568995
0,-0.767809,0.674491,-1.187500,-3.133626
0,-0.377290,-0.674491,-0.224792,-2.379429
0,0.266620,-1.348982,-0.251295,-1.532779
0,1.190445,0.000000,-0.987177,1.556109
0,-0.323131,-1.348982,1.454670,-0.655665
0,-0.072126,0.000000,-0.662412,-1.354657
0,-0.667716,0.674491,-0.720833,-2.194237
0,0.410349,2.023472,-1.123609,1.786708
0,1.448851,0.674491,1.594665,6.801083
0,1.019432,-0.674491,-0.743718,0.610854
0,-1.233599,1.348982,1.059796,-0.307754
0,1.567706,-1.348982,0.987580,3.731269
0,-0.357825,-0.674491,-0.271305,-2.394286
0,0.675794,-0.674491,-0.302496,0.326379
0,-0.315848,-0.674491,-1.390611,-3.892766
0,-0.839401,0.674491,-0.925674,-2.948382
0,-0.884561,-0.674491,-0.404236,-3.994922
0,-0.690005,2.697963,-0.243709,0.946919
0,0.032031,-0.674491,0.596363,-0.102528
0,0.037499,-0.674491,-1.069905,-2.485823
0,-0.337559,0.000000,-0.233642,-1.447806
0,-0.504706,0.000000,-0.194332,-1.838454
0,-0.020491,0.000000,-0.626231,-1.164434
0,0.920402,0.674491,-0.676966,2.118060
0,1.098041,0.674491,-0.845108,2.351379
0,-1.189831,-0.674491,0.030626,-4.185893
0,-0.109943,2.697963,-0.550722,2.057113
0,-0.650189,-0.674491,0.622591,-1.890128
0,0.200408,-0.674491,-0.942429,-1.866492
0,0.654412,-1.348982,0.164247,0.102803
0,-0.849735,0.000000,1.519812,-0.294790
0,0.246348,-1.348982,1.421266,0.819962
0,0.291639,-0.674491,-0.416635,-0.865725
0,0.048708,0.000000,0.180785,0.182091
0,1.502486,0.674491,1.159988,6.319046
0,-0.084664,2.023472,-0.657194,1.133469
0,1.472786,-2.023472,0.282255,1.624216
0,-0.123814,1.348982,-1.286432,-0.714872
0,-1.675509,0.674491,0.342954,-3.359792
0,-0.415283,0.000000,0.411808,-0.726899
0,0.592555,0.000000,-0.332587,0.898415
0,0.012206,-0.674491,0.988222,0.408353
0,-1.337509,1.348982,-0.843453,-3.324744
0,-1.180049,-0.674491,2.224052,-1.003159
0,2.162527,-2.023472,3.208869,7.681376
0,-0.958459,0.000000,-0.022521,-2.805262
0,-0.537308,4.046945,0.118205,3.552416
0,1.302335,2.697963,3.646953,11.876676
0,1.468521,-1.348982,1.632158,4.393503
0,0.458492,1.348982,-1.311159,0.807561
0,2.673063,105.895049,3.093303,142.969818
0,0.925944,0.000000,-0.279653,1.866607
0,0.808062,-0.674491,0.153702,1.336788
0,-1.510789,0.674491,-1.007398,-4.862359
0,-0.084703,-1.348982,0.397095,-1.539682
0,0.615936,0.674491,1.089421,3.845440
0,-0.792994,-0.674491,0.507407,-2.437979
0,-0.926309,2.023472,1.756531,2.355154
0,0.080015,0.000000,0.259061,0.378501
0,0.681051,0.674491,-1.186203,0.744809
0,0.274661,3.372454,-0.549757,3.925603
0,-0.279961,0.674491,-0.586888,-0.963998
0,-1.219477,-0.674491,0.341984,-3.817139
0,-0.590101,0.674491,-0.125318,-1.129565
0,-1.017294,0.000000,0.028516,-2.889235
0,0.881056,-0.674491,2.129825,4.375930
0,-1.456773,0.000000,-0.975655,-5.510206
0,-0.775934,-0.674491,1.023876,-1.649083
0,-0.396615,1.348982,0.890619,1.688216
0,-0.053216,-0.674491,0.268434,-0.802536
0,-0.767820,2.023472,-0.901886,-1.046519
0,-0.600085,0.674491,-0.160053,-1.206264
0,1.426465,0.000000,-1.332054,1.691290
0,0.849263,1.348982,-0.356561,3.226871
0,0.173019,-0.674491,-0.709144,-1.604055
0,-0.903601,1.348982,0.632715,-0.039425
0,-1.504665,1.348982,-0.810869,-3.725094
0,-0.247752,0.674491,-1.576119,-2.301423
0,-1.912065,0.000000,1.310086,-3.438977
0,-0.004990,1.348982,1.389647,3.454198
0,-1.587634,0.000000,-0.369687,-4.988290
0,1.151255,0.000000,-0.497030,2.156623
0,-0.480938,-0.674491,1.403652,-0.313257
0,-0.121290,-0.674491,0.210096,-1.068629
0,0.773404,0.000000,0.785730,2.991665
0,0.044113,0.000000,-0.343686,-0.584969
0,-1.115890,2.023472,-0.468185,-1.353676
0,-0.599183,-1.348982,1.453504,-1.395944
0,-1.696431,0.674491,2.456031,-0.374841
0,0.445971,0.674491,-0.331919,1.345231
0,-0.271122,0.674491,0.689649,0.896715
0,0.974583,1.348982,-1.496156,1.922186
0,-1.204494,1.348982,1.928490,1.020256
0,1.333484,0.000000,0.404689,3.941859
0,-0.405299,-0.674491,1.246849,-0.336532
0,-0.958947,0.674491,0.628368,-1.031820
0,0.111160,0.000000,-1.153090,-1.570391
0,-0.408517,-0.674491,0.342104,-1.647161
0,0.144043,-0.674491,0.776052,0.455762
0,-2.593463,0.674491,1.942475,-3.513999
0,-1.037772,2.023472,-0.949613,-1.837487
0,-2.888534,-0.674491,0.553689,-7.978202
0,0.141566,-0.674491,-0.316971,-1.123833
0,0.120786,5.395926,0.472409,7.499056
0,0.977630,1.348982,-0.368431,3.553248
0,-1.027155,0.674491,-0.703010,-3.130304
0,-0.023488,0.000000,0.441228,0.363727
0,1.247559,0.674491,0.988248,5.389812
0,0.770901,2.023472,-0.529205,3.606808
0,-1.121803,0.000000,-0.773347,-4.322819
0,0.473687,0.000000,0.031805,1.104767
0,-0.681399,-0.674491,-0.293040,-3.291320
0,-0.660110,0.674491,2.448592,2.387233
0,-0.306706,0.674491,-0.931661,-1.531720
0,0.563770,0.000000,-0.884339,0.027372
0,0.762623,-0.674491,-0.879946,-0.272312
0,0.452836,1.348982,-0.866647,1.432127
0,-1.261600,0.674491,0.249735,-2.386488
0,-0.421164,0.674491,-0.304199,-0.934984
0,0.341343,-1.348982,0.443343,-0.333196
0,-0.048999,1.348982,-0.791967,0.196888
0,0.296149,2.023472,1.505203,5.264277
0,0.543523,-0.674491,-0.082685,0.288804
0,0.280329,0.674491,0.201017,1.668986
0,-0.457383,0.000000,1.932217,1.348480
0,-0.065739,0.000000,-0.012108,-0.401717
0,-0.685867,0.000000,1.320966,-0.142503
0,0.449675,2.023472,-0.930481,2.169858
0,-0.786832,-1.348982,0.916996,-2.670107
0,1.483276,0.000000,-1.418167,1.719370
0,-0.564125,0.674491,0.277652,-0.480148
0,0.609136,-0.674491,0.035035,0.633769
0,-0.329572,0.000000,1.603070,1.216774
1,-0.636970,-0.674491,-0.177756,-3.006541
0,-0.349948,1.348982,0.499288,1.249914
0,-2.407323,0.000000,0.559884,-5.843705
0,0.020233,-0.674491,0.280291,-0.588951
0,0.577468,0.674491,-0.549652,1.383725
0,1.729053,0.000000,0.912453,5.730966
0,0.327455,-0.674491,-0.919759,-1.493940
0,0.365184,0.000000,0.749700,1.847580
0,-1.361030,0.674491,0.088913,-2.883962
0,0.355064,0.000000,0.042734,0.803106
0,0.730987,0.674491,1.895369,5.313109
0,-0.949930,0.674491,-0.203830,-2.205310
0,-0.738190,0.000000,1.419889,-0.140140
0,0.778784,0.000000,-0.288821,1.459671
0,-0.727387,-0.674491,0.352140,-2.485887
0,-1.001914,0.000000,0.733853,-1.833033
0,0.611352,0.000000,-1.234475,-0.349201
0,-1.597216,0.000000,0.575007,-3.654418
1,2.512815,0.674491,1.812395,9.961161
0,-0.097641,-0.674491,0.142622,-1.102457
0,1.134232,0.674491,-0.462257,2.999173
0,-1.295972,1.348982,1.337694,-0.074718
0,-1.013989,0.000000,0.709660,-1.900157
0,-0.142956,-0.674491,1.259226,0.383204
0,-1.043361,-0.674491,-0.852321,-5.064647
0,0.826627,-0.674491,0.172607,1.413666
0,0.355585,-0.674491,1.773561,2.457280
0,0.973973,3.372454,-0.244150,6.236480
0,0.625868,0.674491,-0.129904,2.117284
0,1.427647,0.000000,-0.215140,3.301805
0,0.743112,-0.674491,0.483527,1.637659
0,0.928867,2.697963,-0.131553,5.439777
0,0.091535,-1.348982,-0.508602,-2.371528
0,-0.438019,0.000000,0.088814,-1.252551
0,0.712831,-0.674491,1.542549,3.080677
0,1.003342,-0.674491,-1.128291,0.014364
0,-0.262772,0.000000,-0.012667,-0.929701
0,0.161714,-0.674491,-1.156066,-2.277468
0,-0.311208,-0.674491,-0.601372,-2.744557
0,-0.390257,1.348982,-0.802303,-0.731056
0,-1.218852,1.348982,1.558080,0.448781
0,0.237212,0.674491,-0.872098,0.009305
0,-1.715949,0.674491,0.924237,-2.631470
0,-0.593311,-0.674491,0.058182,-2.550187
0,2.673063,105.895049,3.093303,142.969818
0,-0.485872,0.674491,-0.525934,-1.427218
0,0.344733,0.000000,0.808601,1.877625
0,0.224443,-0.674491,-0.263340,-0.824908
0,-0.973194,0.674491,-0.109115,-2.131252
0,0.149838,-0.674491,0.333044,-0.166265
0,-0.451290,1.348982,-0.729972,-0.790265
0,-0.534419,0.674491,-0.054625,-0.878848
0,-1.522495,0.674491,-0.517841,-4.189158
0,0.178476,0.674491,-1.314806,-0.784951
0,-1.142513,0.000000,1.109357,-1.668833
0,1.018531,-0.674491,1.669999,4.082021
0,1.220072,-0.674491,-1.047444,0.710594
0,-1.291736,0.000000,1.045118,-2.160541
0,-0.041774,-0.674491,-0.257373,-1.528610
0,-1.654048,1.348982,0.842572,-1.745316
0,-0.825509,-1.348982,0.474563,-3.410299
0,0.968682,-0.674491,1.274247,3.379119
0,-1.407603,1.348982,0.009111,-2.285360
0,-0.541211,0.674491,0.475154,-0.134615
0,0.978092,0.000000,-0.037925,2.354007
0,-0.129141,-0.674491,0.154597,-1.169503
0,0.684149,-0.674491,-0.036669,0.731283
0,-0.414952,0.000000,-0.502388,-2.041633
0,-0.045329,2.697963,-0.001974,3.019696
0,0.208751,0.674491,0.837509,2.393448
0,-0.280168,0.674491,-0.300222,-0.552013
0,0.044042,-0.674491,0.433616,-0.304598
0,-0.282069,0.674491,0.337262,0.360304
0,0.720845,2.023472,0.749455,5.312998
0,-0.302416,-0.674491,-0.787308,-2.988615
0,-2.214675,0.674491,1.481307,-3.164180
0,-0.606404,1.348982,-0.948204,-1.519345
0,1.158013,0.674491,-0.622391,2.832351
0,1.016451,-1.348982,0.304231,1.272927
0,-0.594092,-1.348982,2.071645,-0.492757
0,0.073115,0.000000,1.095372,1.563575
0,0.490576,2.697963,-1.149298,2.802450
0,-1.011921,0.000000,-1.019998,-4.383774
0,-0.605435,-1.348982,0.541874,-2.724599
0,-0.715624,0.674491,0.227485,-0.957694
0,-0.472304,0.674491,0.011026,-0.618174
0,-2.302518,-0.674491,0.528733,-6.446173
0,-1.886076,1.348982,0.985183,-2.160899
0,-0.756738,-0.674491,-0.161609,-3.303755
0,-1.078319,-0.674491,0.997627,-2.495918
0,1.354578,-1.348982,0.173095,1.988900
0,-0.750765,0.674491,-0.086806,-1.504015
0,0.277696,-0.674491,-0.664190,-1.259286
0,0.530464,0.674491,0.893686,3.335069
0,-0.323953,-1.348982,-1.011650,-4.207144
0,0.522022,0.000000,-1.414039,-0.846621
0,0.830075,-1.348982,-0.564415,-0.475810
0,0.504528,0.674491,-1.804334,-0.617047
0,-1.559983,0.000000,0.394725,-3.814242
0,0.489006,-1.348982,-0.582763,-1.414778
0,-0.451665,0.674491,-0.242300,-0.927513
0,1.092156,0.000000,-0.032692,2.666724
0,-0.494098,2.023472,-0.328781,0.510607
0,-0.720648,2.023472,0.308384,0.821393
0,0.280583,-1.348982,-0.039833,-1.191106
0,-1.737611,0.674491,0.133262,-3.827719
0,0.404110,-1.348982,-0.621700,-1.697962
0,0.697669,-1.348982,2.013235,2.879419
0,-0.295583,0.674491,-0.485534,-0.859938
0,-1.030211,-0.674491,0.633062,-2.891849
0,0.960825,0.000000,-1.489320,0.219102
0,-1.136378,0.000000,1.503340,-1.085437
0,-1.172143,0.000000,-0.740984,-4.410935
0,-1.618517,1.348982,1.594189,-0.568596
0,0.218684,0.000000,-1.037713,-1.116660
0,-1.774518,1.348982,0.733245,-2.224978
0,-0.347580,0.674491,1.873221,2.395422
0,0.703592,0.000000,0.741015,2.740525
0,0.164598,0.674491,5.446775,8.908507
0,-1.637274,0.674491,-0.123660,-3.928996
0,-0.211736,1.348982,-0.393752,0.334540
0,-0.929021,0.000000,-0.338432,-3.181127
0,0.691203,2.023472,0.336672,4.639653
0,0.825545,-0.674491,-0.645634,0.233242
0,-0.218202,-0.674491,-1.073058,-3.174513
0,0.826162,2.697963,-0.247097,4.998700
0,-0.544290,0.000000,-0.533186,-2.432011
0,-0.629089,2.023472,-0.188107,0.351868
0,-1.467046,1.348982,-0.903987,-3.758446
0,-0.945735,0.674491,0.002376,-1.897336
0,1.610066,1.348982,-0.404720,5.193171
0,1.044396,0.674491,-1.273618,1.591177
0,-1.641461,0.000000,2.397431,-1.150152
0,-1.368965,1.348982,-1.176653,-3.888413
0,-0.644666,2.023472,-0.525686,-0.175618
0,-1.255725,-0.674491,1.796072,-1.821546
0,-0.975631,0.674491,-0.954334,-3.354127
0,-0.551396,0.674491,-0.008680,-0.858152
0,0.859367,-0.674491,-0.471505,0.574324
0,0.030309,0.000000,-1.463099,-2.232852
0,0.401451,0.674491,-0.174827,1.452184
0,0.529179,1.348982,-0.729735,1.833420
0,0.523034,1.348982,-0.945310,1.506743
0,0.331031,-1.348982,-1.136993,-2.635049
1,0.272310,-0.674491,1.210139,1.423651
0,-0.073978,-0.674491,-1.291144,-3.102475
0,0.051437,-0.674491,-0.906030,-2.212697
0,-0.538873,0.674491,-0.230451,-1.143795
0,-0.224103,-1.348982,-0.318649,-2.942688
0,-0.132077,2.023472,-0.905777,0.648875
0,-0.215022,0.000000,-0.886211,-2.059058
0,-0.510283,-1.348982,0.714508,-2.221574
0,0.274536,2.023472,-1.449189,0.954784
0,-0.098921,-0.674491,-0.382623,-1.861760
0,-1.573569,0.000000,0.590127,-3.569389
0,-1.823452,0.674491,-0.302841,-4.684991
0,-0.346381,1.348982,-0.020855,0.510921
0,0.075784,0.000000,-0.207412,-0.304120
0,1.118088,-0.674491,-0.620377,1.052317
0,-0.910462,0.674491,-0.707413,-2.824414
0,-0.419056,0.674491,-0.966792,-1.882883
0,-0.850329,0.674491,-1.141478,-3.288186
0,0.538147,0.674491,-0.303167,1.633234
0,-0.151519,0.000000,0.269410,-0.226097
0,1.380994,0.000000,-0.891522,2.203599
0,0.831737,-1.348982,1.202614,2.071569
0,0.737862,0.674491,0.842021,3.815631
0,0.702112,0.000000,-0.728938,0.621157
0,-0.279417,0.000000,0.452588,-0.304689
0,0.556038,0.000000,0.763673,2.378336
0,0.196689,0.674491,-0.014314,1.135317
0,0.089399,0.674491,-0.730107,-0.181846
0,-0.494851,0.000000,0.027178,-1.493312
0,0.848803,-1.348982,-0.981846,-1.026426
0,-2.120570,0.674491,0.135579,-4.849032
0,0.001336,-0.674491,0.202390,-0.751621
0,-0.255816,-1.348982,2.474664,0.992317
0,0.470275,-0.674491,0.436925,0.840593
0,0.357119,0.000000,-0.553700,-0.049723
0,0.123757,-0.674491,0.258886,-0.342767
0,-1.156684,0.000000,0.071898,-3.199755
0,0.549826,0.000000,-0.809289,0.098066
0,-0.190626,-1.348982,0.853296,-1.166570
0,0.557945,0.000000,-1.560777,-0.961677
0,-1.220346,1.348982,-1.022296,-3.268634
0,1.176133,0.000000,-0.325271,2.470364
0,0.699096,0.674491,0.290913,2.918808
0,-0.322774,0.674491,-1.287090,-2.086210
0,1.616333,-0.674491,-0.638700,2.359052
0,0.086792,0.000000,-0.898083,-1.268610
0,-0.170880,-0.674491,0.437586,-0.873932
0,0.485016,-0.674491,-1.274227,-1.582487
0,-0.057504,-0.674491,-0.376146,-1.741624
0,0.179480,0.000000,-0.955298,-1.102952
0,2.413402,-1.348982,2.918169,8.772326
0,0.628105,0.674491,-1.219231,0.555616
0,1.510622,0.674491,-1.365134,2.706910
0,-1.376293,0.674491,0.091612,-2.920917
0,-0.623097,2.023472,-0.002362,0.635206
0,2.673063,105.895049,3.093303,142.969818
0,0.867147,0.000000,1.615771,4.436993
0,-0.148480,-0.674491,-0.684513,-2.428811
0,0.115170,-2.023472,1.070124,-0.874399
0,1.671883,1.348982,1.216063,7.691034
0,-0.183462,0.674491,1.324925,2.045483
0,-0.379001,-0.674491,0.726096,-1.015584
0,0.236931,0.000000,0.101896,0.572171
0,-0.199888,2.023472,0.113896,1.934853
0,-0.253554,0.674491,0.073903,0.057601
0,-2.605106,0.000000,1.325229,-5.271485
0,1.047174,-0.674491,0.084602,1.877114
0,1.246351,-0.674491,0.351257,2.793777
0,-0.046587,1.348982,-0.618370,0.453166
0,-0.282447,0.674491,-0.211763,-0.430808
0,-0.352697,0.674491,0.049381,-0.242958
0,0.942589,-0.674491,-0.299318,1.044788
0,-0.364830,-0.674491,0.836630,-0.818600
0,-1.073799,0.674491,0.039282,-2.186872
0,0.556315,-0.674491,-0.721074,-0.595675
0,1.152179,-0.674491,-0.429056,1.418860
0,-1.223414,0.000000,0.714876,-2.452987
0,0.365303,1.348982,0.875594,3.705182
0,0.748891,1.348982,-0.740447,2.405866
0,0.474430,1.348982,-0.675339,1.765214
0,-0.780204,1.348982,-1.035656,-2.110218
0,1.528555,-0.674491,0.548323,3.832438
0,-1.161230,0.000000,1.984941,-0.458857
0,1.549344,-0.674491,-0.425626,2.486452
0,1.466358,-0.674491,-0.390126,2.315503
0,-0.205636,0.000000,-0.483088,-1.453812
0,0.393980,0.674491,-0.518520,0.937585
0,-0.016153,-1.348982,-0.021322,-1.958413
0,0.579933,-0.674491,-0.777934,-0.614311
0,0.620003,0.000000,0.449387,2.097193
0,0.762942,0.674491,-0.662920,1.716976
0,-0.851245,2.023472,-0.929127,-1.308934
0,0.821683,0.000000,0.294838,2.414398
0,-1.116508,0.674491,0.168902,-2.114607
0,1.202163,-1.348982,-0.474743,0.648795
0,1.654782,-1.348982,-0.830477,1.347885
0,1.216017,0.000000,0.287246,3.458551
0,0.454830,0.000000,-0.143350,0.802247
0,0.074772,0.674491,-0.528868,0.068622
0,1.160803,3.372454,0.935152,8.433494
0,0.249571,0.000000,-0.520683,-0.289962
0,0.658806,0.000000,-0.673444,0.585147
0,0.462229,-0.674491,-0.358782,-0.326039
1,-0.766230,0.674491,-0.433539,-2.044376
0,0.833900,1.348982,-0.803893,2.542010
0,0.197743,-0.674491,-0.382496,-1.067823
0,-0.199730,-0.674491,1.391310,0.421382
0,-1.538788,0.000000,0.592019,-3.473608
0,0.694207,0.000000,-0.217562,1.335925
0,0.092733,0.000000,0.747597,1.115584
0,0.120170,-1.348982,-0.114783,-1.728166
0,-0.360238,0.000000,0.643485,-0.246214
0,-1.664092,-0.674491,0.768305,-4.393231
0,-1.118433,-0.674491,-1.388366,-6.036932
0,-1.444166,0.000000,-1.152177,-5.730508
0,-0.385366,0.674491,-0.468822,-1.076111
0,0.137128,-0.674491,1.706358,1.776065
0,-0.165193,0.674491,-0.413644,-0.407612
0,-0.099959,0.674491,-0.849596,-0.860450
0,-2.119411,0.000000,1.812491,-3.270741
0,-0.796842,-0.674491,-0.598917,-4.040387
0,-1.359412,0.674491,1.167886,-1.326883
0,-0.081512,0.000000,1.806803,2.173676
0,0.212728,0.000000,0.067911,0.458508
0,0.487999,-1.348982,0.355326,-0.067469
0,-0.911390,1.348982,-1.134562,-2.603552
0,0.021574,-0.674491,-0.188328,-1.259754
0,0.668362,0.674491,-0.330433,1.942397
0,-1.780433,-0.674491,2.090424,-2.801853
0,0.943389,-1.348982,-0.053620,0.562457
0,-1.159321,2.023472,-1.175246,-2.487411
0,0.615280,1.348982,-1.081701,1.557278
0,0.474407,0.000000,-0.432572,0.438410
0,0.711470,-0.674491,-0.867045,-0.390609
0,-1.678200,0.000000,1.058808,-3.174862
0,-0.799974,0.000000,0.638054,-1.430586
0,0.355328,-1.348982,-1.335567,-2.855809
0,0.556243,-0.674491,-1.097036,-1.136918
0,0.619413,1.348982,-0.796278,1.979086
0,0.690024,0.000000,-0.049993,1.565884
0,-0.600879,0.674491,0.305237,-0.538791
0,-0.237827,-1.348982,0.690449,-1.527214
0,-0.390140,-0.674491,-0.401853,-2.668620
0,0.329983,1.348982,-0.844259,1.135639
0,1.226757,2.023472,-0.354618,5.077745
0,-1.721179,-0.674491,0.320582,-5.190290
0,1.068871,0.000000,-1.117811,1.042829
0,-0.555575,0.674491,-0.260298,-1.231436
0,-1.402311,0.000000,0.572638,-3.136341
0,0.354875,-0.674491,0.042972,-0.035112
0,-1.354245,1.348982,1.122243,-0.540688
0,1.700179,3.372454,0.597317,9.390471
0,0.459807,-0.674491,1.167573,1.864060
0,0.244622,0.000000,-0.628290,-0.458061
0,1.057751,2.023472,-0.402438,4.556734
0,-0.002240,1.348982,0.125836,1.642808
0,0.185015,0.000000,-0.976851,-1.119161
0,0.661876,-1.348982,1.775400,2.441383
0,1.676954,0.674491,0.783568,6.244144
0,0.625089,0.000000,-0.444368,0.824597
0,-0.463603,0.674491,-0.920952,-1.936102
0,0.512948,2.023472,-0.779544,2.556367
0,-0.736013,0.000000,0.557539,-1.375321
0,1.050277,-1.348982,-0.765758,-0.176391
0,1.397247,2.697963,0.006785,6.892057
0,-0.299611,0.674491,0.579505,0.661980
0,-0.333217,1.348982,-1.317619,-1.320031
0,0.495045,0.000000,-0.837837,-0.089587
0,-0.792952,0.000000,-1.241759,-4.117039
0,-0.694790,-0.674491,-0.335715,-3.388563
0,-1.349387,1.348982,1.046733,-0.636358
0,0.209341,1.348982,1.386537,4.023188
0,0.319480,0.000000,-1.215265,-1.102488
0,0.829309,-1.348982,-0.100433,0.189857
0,0.845143,0.000000,0.883764,3.324689
0,-1.141740,0.000000,1.424097,-1.213821
0,-1.699842,0.000000,0.017123,-4.731856
0,-1.355326,3.372454,1.385286,2.349130
0,-0.688806,1.348982,-0.789919,-1.512032
0,0.115866,1.348982,-1.974467,-1.063734
0,0.387640,-0.674491,0.603498,0.859210
0,-0.674717,0.000000,-0.117741,-2.183114
0,-1.518008,-1.348982,0.749531,-4.867442
0,0.550562,2.023472,-0.182412,3.516339
0,-0.188235,2.023472,0.713747,2.829275
0,-0.141094,0.000000,-0.278045,-0.986046
0,1.424033,-0.674491,-0.611635,1.883482
0,-0.098498,0.674491,0.824324,1.552398
0,-0.085357,0.674491,2.130561,3.467362
0,1.070581,-0.674491,-1.591617,-0.472506
0,-1.788005,0.674491,1.185863,-2.447758
0,0.770110,1.348982,-0.321373,3.065728
0,0.354847,1.348982,-0.167554,2.176012
0,0.698438,0.000000,-0.242565,1.311265
0,-1.680691,0.674491,-0.153808,-4.088546
0,0.218284,-0.674491,0.366760,0.065392
0,0.733190,-0.674491,0.481397,1.608046
0,0.166808,0.674491,0.109567,1.233644
0,-1.276138,0.674491,0.366347,-2.257571
0,0.648534,0.674491,0.062213,2.454402
0,0.694001,0.000000,-0.052072,1.573533
0,-0.678300,0.674491,-0.088680,-1.312823
0,-0.544641,0.000000,-1.442301,-3.741255
0,-1.227309,0.000000,-0.288285,-3.907057
0,-0.108526,0.674491,-0.029389,0.296988
0,-0.280332,0.000000,1.087142,0.606050
0,1.487646,-0.674491,1.158442,4.601005
0,-0.792647,0.674491,-0.811856,-2.659494
0,0.592980,1.348982,0.157686,3.281214
0,-0.358521,0.000000,-0.950147,-2.535016
0,1.373198,-1.348982,0.609259,2.666404
0,0.005902,0.674491,-1.047033,-0.861340
0,0.178764,-0.674491,-1.001159,-2.008921
0,-0.627702,-0.674491,-0.490919,-3.432416
0,2.028512,-2.023472,0.181936,2.966746
0,0.552714,0.000000,-0.339992,0.781159
0,0.743721,0.674491,0.392659,3.184630
0,-0.529426,0.674491,2.531128,2.855669
0,0.126819,1.348982,-0.924324,0.476831
0,-0.294032,0.000000,0.752723,0.088133
0,-0.381403,1.348982,-0.759798,-0.646197
0,-1.520306,1.348982,-0.677171,-3.574539
0,-1.387752,0.674491,0.666456,-2.124317
0,-0.658577,-0.674491,-0.333287,-3.288179
0,0.589005,1.348982,0.900758,4.339932
0,-0.071373,-0.674491,0.338137,-0.750808
0,1.590430,-0.674491,3.157205,7.752434
0,1.293478,0.000000,0.120875,3.426380
0,-0.735660,1.348982,-0.690513,-1.494339
0,-0.449860,0.000000,-1.466423,-3.522375
0,-0.357617,-0.674491,-0.949161,-3.369232
0,0.167761,-1.348982,0.847074,-0.216624
0,-0.156999,0.674491,0.059493,0.295205
0,-0.030711,0.674491,1.085314,2.109361
0,1.379492,-0.674491,0.102795,2.792445
0,1.017870,-1.348982,1.649802,3.213133
0,0.841723,0.000000,0.692472,3.040250
0,-0.594046,-0.674491,0.381432,-2.086967
0,-2.298380,2.023472,1.013854,-2.384744
0,0.682389,0.000000,-1.854549,-1.051482
0,0.988236,-0.674491,-0.908726,0.289922
0,0.209963,0.674491,0.961387,2.574963
0,-2.049068,0.000000,2.664056,-1.857044
0,-0.235854,0.674491,-0.199085,-0.287901
0,-1.245709,0.674491,1.587034,-0.419465
0,0.584537,0.000000,-0.377664,0.812092
0,-0.409200,1.348982,-1.043129,-1.128315
0,0.241278,2.023472,1.786294,5.521985
0,1.202321,0.000000,-0.192631,2.731315
0,-0.234192,0.674491,-0.716908,-1.028652
0,0.083264,-0.674491,-0.985505,-2.241914
0,-1.007828,0.000000,-0.466510,-3.576299
0,-0.320293,0.000000,1.842017,1.585472
0,0.722915,-1.348982,1.200517,1.777387
0,-0.525158,0.000000,2.425508,1.877037
0,0.902227,1.348982,-0.571036,3.059931
0,-1.500454,2.697963,1.104247,0.718328
0,-1.701654,0.674491,1.532613,-1.717708
0,-0.484420,0.000000,0.880349,-0.237603
0,-0.248488,0.000000,0.020945,-0.843112
0,-0.055846,0.674491,1.117722,2.088746
0,-0.503986,1.348982,-0.847132,-1.099862
0,-0.792923,0.674491,0.256903,-1.122182
0,0.674594,0.674491,-0.794604,1.291084
0,-0.833932,1.348982,0.229614,-0.433122
0,1.188713,-1.348982,-0.703622,0.283429
0,-1.452620,0.000000,1.044668,-2.591650
0,2.074608,0.000000,-0.121502,5.167567
0,2.125160,-0.674491,1.912457,7.391840
0,-1.088625,0.000000,1.582528,-0.843708
0,1.083484,-0.674491,0.139794,2.053692
0,0.720623,-0.674491,-0.279094,0.480002
0,-0.523439,1.348982,1.185801,1.773682
0,-1.050441,0.000000,0.651995,-2.080673
0,-1.693207,-0.674491,0.658635,-4.628958
0,-1.189632,1.348982,-0.625712,-2.615731
0,-0.757039,-0.674491,0.883976,-1.799858
0,2.514530,-0.674491,2.016136,8.582844
0,0.257476,-1.348982,0.166301,-0.956283
1,0.598760,-1.348982,1.463665,1.823894
0,0.590411,-0.674491,1.018764,1.999351
0,-1.548212,0.000000,2.663065,-0.518379
0,-0.639723,-0.674491,-0.215362,-3.068026
0,1.591716,0.674491,0.289008,5.304362
0,0.261353,0.674491,0.587221,2.174001
0,1.223158,1.348982,-0.144014,4.533140
0,-0.965674,-0.674491,0.040932,-3.571307
0,0.959453,-0.674491,-0.621095,0.626838
0,1.443480,1.348982,-0.142398,5.124961
0,-1.021796,0.000000,1.848976,-0.281455
0,-2.701252,-1.348982,1.029994,-7.629714
0,1.022666,-0.674491,0.900836,2.986184
0,-1.248201,0.674491,-0.072894,-2.814933
0,1.166498,0.674491,-0.029146,3.708793
0,0.823543,0.674491,-0.678433,1.856792
0,2.020665,-0.674491,-0.216772,4.048081
0,-0.575102,-1.348982,0.775342,-2.307457
0,1.104383,0.000000,0.413913,3.342151
0,-0.993964,-0.674491,0.921832,-2.379298
0,0.207557,0.000000,-0.623277,-0.550017
0,0.276280,-0.674491,-0.073653,-0.413234
0,0.456669,0.000000,0.739642,2.077882
0,-0.321994,0.000000,-0.488542,-1.772987
0,-0.871411,-0.674491,-1.032628,-4.864057
0,0.097556,0.674491,0.919950,2.214576
0,0.852739,0.674491,-0.666531,1.952040
0,-0.003547,0.000000,-0.849328,-1.440158
0,-0.443973,0.000000,-0.456916,-2.053843
0,0.207138,-0.674491,1.151585,1.165010
0,-0.835985,-0.674491,-0.204133,-3.576983
0,-0.076398,0.674491,-1.350466,-1.518210
0,-1.237403,0.000000,-1.058528,-5.042523
0,-0.609922,1.348982,-0.081244,-0.281115
0,-0.079966,0.000000,0.101192,-0.276731
0,0.134184,-0.674491,0.142487,-0.482378
0,1.168484,-0.674491,-1.280178,0.237637
0,1.180226,-0.674491,1.768006,4.655695
0,-0.635628,0.000000,0.027043,-1.870170
0,-1.249778,0.674491,-0.901651,-4.011817
0,0.866929,0.674491,-0.813317,1.778767
0,1.068976,-0.674491,-1.366978,-0.153521
0,-1.205639,1.348982,1.550401,0.473082
0,-2.968335,0.674491,4.189348,-1.283531
0,1.483744,-1.348982,0.139500,2.286149
0,-0.708304,-1.348982,1.044491,-2.276520
0,0.107635,-0.674491,-0.422947,-1.367130
0,-1.001253,0.674491,-0.318791,-2.508071
0,-0.550048,1.348982,-0.245750,-0.357658
0,-1.030005,1.348982,-0.670704,-2.253380
0,0.234208,-0.674491,-0.574604,-1.246719
0,0.301706,0.674491,-0.435263,0.810511
0,-0.160713,0.674491,-1.018132,-1.265541
0,-0.104531,0.674491,-0.737484,-0.711342
0,-2.052127,1.348982,2.975973,0.259761
0,-2.139518,0.674491,1.835423,-2.453482
0,0.001156,0.000000,-0.935112,-1.551028
0,-1.650044,0.674491,1.620160,-1.453630
0,-0.545508,3.372454,-0.091809,2.390189
0,0.089004,0.000000,0.170194,0.274664
0,-1.157992,0.674491,-0.397312,-3.040441
0,0.101590,0.674491,-0.353487,0.392765
0,-0.673658,-2.023472,-0.162062,-4.758227
0,0.993326,0.674491,-0.826547,2.097916
0,0.595481,1.348982,-0.642243,2.136726
0,-0.584216,2.023472,-1.262074,-1.073613
0,-0.475699,0.674491,1.074042,0.902527
0,-0.075331,-0.674491,0.498856,-0.530108
0,-0.128201,2.697963,1.287804,4.654084
0,-1.071687,0.000000,-0.568531,-3.893979
0,0.047424,-0.674491,1.447613,1.163691
0,-0.093305,2.023472,0.172961,2.305025
0,-0.593719,0.674491,-0.021881,-0.990389
0,0.599454,-0.674491,-0.372162,0.021865
0,1.689286,0.000000,1.405643,6.334315
0,0.607634,-0.674491,-1.049675,-0.931257
0,0.358745,-0.674491,-0.592886,-0.939820
0,-0.077709,0.674491,-0.999320,-1.016383
0,-0.124433,0.000000,-1.569717,-2.800312
0,-0.925189,-0.674491,0.626801,-2.619861
0,0.043513,0.674491,-1.144057,-0.900335
0,-0.242786,1.348982,-0.699696,-0.188822
0,1.635632,-0.674491,-0.253403,2.965171
0,-0.617231,0.000000,0.399519,-1.284915
0,-0.524186,0.674491,0.744636,0.298749
0,0.824123,0.000000,-1.124030,0.379032
0,-0.961844,2.023472,1.347832,1.671920
0,0.531061,-1.348982,3.026658,3.892061
0,-1.175274,0.000000,0.704842,-2.338626
0,-0.609694,-0.674491,-1.294838,-4.541153
0,-1.689048,1.348982,1.220384,-1.295251
0,-0.202166,-0.674491,0.113023,-1.424718
0,-1.167558,-1.348982,0.618063,-4.118974
0,1.132955,1.348982,3.450949,9.465305
0,0.112285,-0.674491,-0.573629,-1.571535
0,-1.391003,0.000000,0.701862,-2.920118
0,-0.516122,-0.674491,-1.289773,-4.283503
0,-0.881083,-0.674491,1.303959,-1.527353
0,-0.582981,0.000000,-0.612994,-2.650383
0,0.260772,-2.023472,1.128453,-0.400886
0,1.563125,-0.674491,-0.652676,2.196576
0,-1.505369,0.674491,1.147944,-1.746104
0,0.506268,-0.674491,1.093630,1.881960
0,1.281167,-0.674491,-0.355963,1.869168
0,0.194510,-0.674491,-1.226411,-2.290951
0,0.105703,-0.674491,-0.334180,-1.244555
0,1.532397,-1.348982,3.727271,7.579488
0,1.137112,0.674491,-0.444203,3.032860
0,0.747211,-0.674491,0.672851,1.921082
0,-0.734815,0.674491,-1.512299,-3.512766
0,0.331289,3.372454,0.222509,5.188482
1,-1.770977,0.674491,0.679423,-3.131015
0,-1.033158,0.000000,-0.085360,-3.095560
0,-0.086377,0.000000,0.726907,0.606582
0,0.986972,-1.348982,0.902753,2.055384
0,1.619821,0.674491,1.461329,7.066646
0,-2.771926,2.023472,1.012772,-3.653322
0,0.223083,0.000000,0.229754,0.719121
0,-1.212577,1.348982,0.273828,-1.382596
0,1.600360,-0.674491,1.698758,5.680150
0,-1.256021,0.674491,1.120872,-1.117907
0,-0.205254,-0.674491,0.834163,-0.395189
0,-2.059619,0.000000,-0.745700,-6.792253
0,0.864972,0.000000,-1.562095,-0.142091
0,0.424114,1.348982,-0.419081,1.999368
0,0.534381,-0.674491,1.130958,2.010897
0,-0.088802,0.000000,-0.144687,-0.654217
0,0.493909,-0.674491,-0.321245,-0.187256
0,0.209632,0.000000,0.183276,0.616243
0,-0.337376,0.674491,-0.456279,-0.929660
0,-0.039889,0.000000,0.070507,-0.213660
0,-0.642749,0.000000,-0.238238,-2.270988
0,-0.303270,2.697963,-0.515956,1.589878
0,-1.454282,-0.674491,-0.437883,-5.567689
0,0.567176,0.000000,0.714454,2.337306
0,1.446448,0.000000,-1.314422,1.770130
0,-0.484814,-0.674491,0.006634,-2.334076
0,-1.994799,-0.674491,0.094277,-6.248066
0,-1.336757,0.000000,2.067915,-0.809090
0,0.639396,0.000000,-0.153105,1.282034
1,1.941276,-1.348982,2.344816,6.683994
0,-0.067283,0.674491,0.369947,0.982023
0,-1.004719,0.000000,0.837959,-1.690718
0,0.287822,0.000000,0.601146,1.426805
0,0.279148,0.000000,-0.840914,-0.671671
0,-1.718691,0.674491,1.268701,-2.143086
0,-1.402716,0.000000,0.511819,-3.224949
0,-0.483011,0.000000,0.321389,-1.038234
0,1.904829,-1.348982,-0.658795,2.263980
0,1.824079,-0.674491,3.018763,8.178354
0,0.227362,0.000000,-0.993243,-1.029445
0,-1.440852,2.697963,-0.159251,-0.940502
0,0.277019,-0.674491,-1.453639,-2.397196
0,0.060409,1.348982,-1.223785,-0.131810
0,-1.941000,4.046945,0.168458,-0.130982
0,0.758999,-0.674491,-0.947423,-0.379113
0,-0.857291,-0.674491,-0.330332,-3.815604
0,0.092507,1.348982,0.015621,1.737701
0,0.320248,0.000000,0.000000,0.648455
0,1.353479,4.046945,0.831560,9.637996
0,1.694999,1.348982,1.689919,8.434812
0,0.033482,-0.674491,3.259848,3.734377
0,-0.056435,-1.348982,0.706387,-1.018944
0,1.411543,2.023472,0.383578,6.634495
0,-1.232194,0.000000,-0.405132,-4.088284
0,1.647511,0.674491,1.519199,7.224014
0,0.362714,0.000000,-1.823641,-1.862324
0,-1.264294,-0.674491,0.555667,-3.629539
0,0.427675,0.000000,-1.151121,-0.720690
0,-0.263883,-1.348982,1.010443,-1.136427
0,-1.234542,1.348982,0.524812,-1.080173
0,0.281308,-0.674491,-0.496287,-1.007993
0,-1.600525,0.000000,-0.013745,-4.510544
0,0.376816,-1.348982,0.033682,-0.827831
0,-1.121093,0.674491,-0.965427,-3.759288
0,-1.131313,1.348982,0.610289,-0.680965
0,0.639723,0.674491,0.305836,2.781427
0,0.014938,0.674491,-0.890713,-0.612203
0,0.803960,0.674491,1.208017,4.519187
0,0.143263,-1.348982,-0.078264,-1.613825
0,1.884324,0.674491,0.864662,6.915688
0,0.581524,0.000000,-1.159341,-0.320882
0,-0.332618,-0.674491,-1.863000,-4.617449
0,-0.897818,-0.674491,1.275848,-1.612584
0,0.160203,0.000000,-1.143469,-1.425328
1,-1.155266,-0.674491,-0.061247,-4.225627
0,-1.259385,0.000000,2.670851,0.265611
0,0.376835,0.000000,-0.772455,-0.311781
0,0.959803,-1.348982,0.707900,1.702277
0,0.339909,0.674491,-0.848874,0.317500
0,-0.653926,1.348982,-1.081887,-1.838878
0,0.982919,0.674491,0.517206,4.003863
0,-0.517622,-1.348982,1.400125,-1.254538
0,0.575569,-0.674491,0.241883,0.841630
0,0.315991,-1.348982,1.716737,1.431512
0,-0.077242,0.000000,-0.455835,-1.071061
0,1.517601,1.348982,-0.626656,4.626382
0,0.241598,2.697963,0.758146,4.881285
0,-0.170980,-0.674491,-0.213825,-1.811644
0,0.067610,-0.674491,-0.549880,-1.656890
0,-0.493144,-0.674491,0.106055,-2.213286
0,1.092188,0.000000,-0.786749,1.581648
0,-1.319692,0.674491,0.471823,-2.222314
1,1.460691,0.000000,-0.015961,3.676855
0,-1.643408,0.674491,0.909559,-2.458500
0,0.242363,-2.023472,-0.514730,-2.814845
0,0.377346,-1.348982,-1.431551,-2.935028
0,1.590889,-0.674491,-0.054485,3.131719
0,0.070837,-0.674491,-0.914852,-2.173486
0,0.311353,0.674491,2.093968,4.476141
0,0.378914,0.674491,0.083312,1.763371
0,2.068950,1.348982,1.079835,8.557381
0,0.626500,0.000000,-1.192321,-0.248006
1,0.569863,0.000000,0.113436,1.479571
0,0.290191,0.000000,0.292781,0.989378
0,-1.246244,-0.674491,-0.581336,-5.217507
0,-0.047165,0.000000,-0.774102,-1.448605
0,-0.399840,0.674491,0.413959,0.155572
0,0.105580,2.697963,0.779248,4.547725
0,0.643794,-0.674491,-0.125691,0.495198
0,-0.560254,0.674491,0.486633,-0.169048
0,1.225773,0.000000,2.190547,6.223695
0,-1.503170,0.000000,0.193495,-3.951823
0,-0.925216,3.372454,0.831225,2.702582
0,0.927480,-0.674491,1.637097,3.791058
0,-0.828369,3.372454,3.795674,7.227845
0,-0.314001,-0.674491,0.507022,-1.156941
0,0.874484,-0.674491,1.577867,3.564023
0,0.340950,2.697963,-0.833268,2.856909
0,1.276330,0.674491,-0.910299,2.734593
0,-0.863653,0.000000,0.053351,-2.442413
0,-1.014346,-1.348982,2.117657,-1.550974
0,1.019351,-1.348982,-0.153271,0.622293
0,1.177955,-0.674491,1.085460,3.667367
0,0.187050,-0.674491,-0.429117,-1.163526
0,-0.093668,0.000000,-0.192246,-0.735679
0,0.767610,-0.674491,-0.647659,0.075316
0,1.278464,1.348982,-0.060501,4.801301
0,-0.465537,-0.674491,0.542143,-1.511849
0,-1.702627,1.348982,0.339265,-2.599604
0,-0.697706,0.000000,0.153127,-1.854816
0,-1.981467,0.674491,-0.046274,-4.738552
0,0.510632,0.000000,0.340392,1.647706
0,1.196751,-1.348982,-1.209052,-0.422428
0,0.953535,0.000000,2.287653,5.635040
0,0.319664,0.674491,0.075593,1.593734
0,-0.662039,0.674491,1.069123,0.396877
0,1.296837,1.348982,-0.468368,4.263499
0,0.395334,0.000000,0.826440,2.038684
0,-1.446630,0.674491,-0.179916,-3.499865
0,1.049280,0.674491,2.436272,6.943146
0,-0.224127,-1.348982,-0.604018,-3.353425
0,-1.450312,1.348982,-0.796202,-3.558559
0,0.042615,-0.674491,-1.222591,-2.691865
0,0.807095,1.348982,0.272870,4.019859
0,0.192956,-0.674491,-0.561548,-1.338305
0,-0.090636,0.674491,-0.802599,-0.767870
0,-0.220040,0.000000,0.364408,-0.272720
0,-1.117656,0.000000,-0.684274,-4.183537
0,0.497589,0.000000,-0.055743,1.042728
0,-1.741459,-1.348982,0.260800,-6.168640
0,-0.145533,2.697963,0.113574,2.917877
0,-0.781330,0.000000,2.738325,1.641798
0,0.637034,0.674491,-0.811916,1.165675
0,0.283732,1.348982,-0.148243,2.013527
0,1.008475,-0.674491,0.539265,2.427878
0,-0.335815,-1.348982,2.900760,1.391469
0,0.517179,0.000000,1.420843,3.220098
0,-1.479259,0.674491,-0.948739,-4.693580
0,-1.897160,0.674491,0.268662,-4.059755
0,-1.324299,0.674491,0.943275,-1.556172
0,-1.053047,-0.674491,0.702415,-2.853141
0,0.682566,1.348982,-1.015293,1.832875
0,1.069880,1.348982,-0.228101,4.002021
0,0.384198,0.000000,-0.142970,0.613813
0,0.298926,0.000000,0.152723,0.811190
0,0.370619,0.674491,-0.671636,0.654732
0,0.412444,1.348982,-0.276080,2.173937
0,-0.888339,1.348982,-0.019972,-0.937872
0,-0.300768,1.348982,0.665343,1.620471
0,-1.793586,0.674491,-0.458696,-4.829375
0,0.521303,1.348982,1.050421,4.374169
0,-0.684694,0.000000,-1.386998,-4.036398
0,1.583163,0.000000,0.240524,4.373649
0,0.473948,0.674491,-1.182503,0.196011
0,-0.055028,-0.674491,1.505970,0.973554
0,2.407532,-2.023472,1.853559,6.386485
0,-1.514912,0.674491,0.046244,-3.357095
0,-1.777980,0.000000,0.626898,-4.063395
0,0.938271,1.348982,0.630385,4.885334
0,1.084853,0.000000,-0.481835,2.000823
0,-0.454215,0.000000,1.035487,0.066473
0,-1.683252,0.674491,1.002185,-2.431810
0,0.371916,-0.674491,2.317578,3.283869
0,0.822574,-0.674491,0.351753,1.660631
0,-1.041909,1.348982,0.277190,-0.921118
0,0.917144,1.348982,0.260869,4.297037
0,-0.556889,0.674491,1.746188,1.652581
0,-0.430832,-0.674491,-0.729904,-3.249593
0,-0.477724,0.000000,0.924348,-0.156370
0,0.780944,-1.348982,0.092283,0.337789
0,-0.247828,0.000000,-1.700722,-3.318997
0,0.254470,0.000000,-0.998610,-0.964640
0,-0.698194,-1.348982,0.511494,-3.016506
0,1.065242,0.674491,-0.560246,2.673567
0,0.417908,0.674491,-0.134581,1.554136
0,-0.517762,-0.674491,-0.854095,-3.660908
0,-0.171225,-0.674491,-0.074495,-1.611790
0,1.302868,-0.674491,1.573489,4.703905
0,0.496721,-0.674491,0.305500,0.722217
0,-0.506897,-0.674491,2.221916,0.794851
0,-1.272625,1.348982,-0.178296,-2.193910
0,-0.961810,0.674491,-0.012805,-1.962191
0,-1.150434,1.348982,0.521612,-0.859740
0,-0.213141,0.674491,0.053243,0.135998
0,0.242613,0.000000,0.253896,0.806116
0,0.543504,-1.348982,-0.605252,-1.301329
0,-0.543163,0.674491,0.712596,0.201864
0,-1.204636,0.000000,0.572114,-2.608194
0,-0.132162,0.674491,-0.380128,-0.270999
0,-0.737002,2.023472,-0.188839,0.062084
0,-0.097135,0.000000,-1.562584,-2.717008
0,-0.515720,-1.348982,-0.048940,-3.334800
0,0.197287,1.348982,-0.721316,0.957525
0,0.125593,0.674491,-0.577499,0.134612
0,-2.329884,0.674491,0.415474,-5.006274
0,-0.305190,0.000000,0.385310,-0.470467
0,-1.134102,-0.674491,1.756867,-1.552552
0,-0.971054,0.674491,0.469991,-1.292133
0,-0.409483,-0.674491,-0.764168,-3.241781
0,-0.195035,0.000000,-0.784029,-1.858531
0,-0.086719,-0.674491,0.284473,-0.869094
0,-0.713081,0.000000,1.547348,0.110468
0,-0.741522,0.000000,0.413792,-1.596928
0,-0.149652,1.348982,0.577028,1.897700
0,-1.423325,-0.674491,-1.019889,-6.322424
0,0.414588,1.348982,1.291571,4.435681
0,-0.691553,3.372454,0.577145,2.962125
0,-1.176897,0.674491,-0.102665,-2.666995
0,-0.044918,-0.674491,0.547860,-0.378212
0,1.693143,-1.348982,0.789026,3.781152
0,-0.857082,-1.348982,-0.336534,-4.662024
0,0.326496,2.023472,-1.275031,1.344439
0,1.614065,0.000000,-0.836449,2.906457
0,-1.045488,0.674491,0.177180,-1.912673
0,-0.599157,2.023472,0.049764,0.774274
0,-0.478562,0.000000,-0.549047,-2.278974
0,1.112223,0.000000,-0.155379,2.543857
0,-0.245329,0.000000,0.293565,-0.442333
0,-0.831498,-0.674491,1.260101,-1.457799
0,-1.253996,-1.348982,0.258374,-4.867876
0,0.469437,-0.674491,0.965765,1.599405
0,1.208332,-0.674491,-0.452728,1.535038
0,0.846052,-0.674491,0.636686,2.133496
0,-0.916822,-0.674491,0.533201,-2.732175
0,-0.874010,-0.674491,-1.004773,-4.830926
0,-0.063304,-0.674491,0.946841,0.146768
0,0.797493,-1.348982,0.225688,0.574049
0,-2.020509,0.674491,3.378136,0.085057
0,-0.738626,-0.674491,1.805767,-0.424044
0,-1.189868,2.023472,-1.093450,-2.451431
0,0.248799,0.674491,0.386142,1.851039
0,0.622127,-0.674491,-1.164069,-1.057102
0,-1.783411,1.348982,1.423433,-1.255522
0,-0.046532,-0.674491,0.531893,-0.405509
0,0.002746,-0.674491,-1.325515,-2.946656
0,-0.146033,0.000000,-0.299309,-1.029861
0,0.720242,0.674491,-1.303186,0.681319
0,1.526875,0.674491,0.850622,5.939092
0,0.366797,1.348982,2.592688,6.180250
0,-0.761230,0.674491,-0.948239,-2.771704
0,-1.077579,3.372454,1.839488,3.745911
0,-0.860681,0.000000,-0.387544,-3.068954
0,0.255064,-0.674491,-0.665914,-1.322322
0,0.950669,0.674491,-1.146481,1.523365
0,0.880709,0.000000,-0.572924,1.323530
0,1.612677,-1.348982,1.043690,3.932344
0,-0.838526,-0.674491,-0.249986,-3.649770
0,-0.561535,3.372454,-0.837666,1.273946
0,-1.079505,0.000000,0.155030,-2.873621
0,0.070172,-0.674491,-0.017254,-0.883533
0,-1.798342,0.674491,0.413611,-3.586761
0,0.165527,2.023472,0.248559,3.106351
0,-0.593603,0.000000,-1.551964,-4.030076
0,-1.288322,0.674491,-0.230500,-3.149092
0,0.845659,0.000000,-0.598878,1.192399
0,0.466197,0.000000,-1.288590,-0.815452
0,-0.379525,-0.674491,-1.121439,-3.675775
0,-0.844775,1.348982,1.684287,1.631285
0,-0.561475,-0.674491,-0.262377,-2.926324
0,0.582932,0.000000,-0.369419,0.819662
0,-0.197839,0.000000,-0.258478,-1.109714
0,-0.416040,-0.674491,-0.744132,-3.230493
0,-1.391683,0.674491,2.168052,0.026112
1,1.737778,-0.674491,0.614844,4.487968
0,0.521412,1.348982,-0.345326,2.365842
0,1.017421,-1.348982,0.841111,2.048146
0,0.672131,-0.674491,-2.106127,-2.279027
0,-0.295718,-0.674491,0.411843,-1.244993
0,0.760599,-1.348982,-0.508860,-0.581752
0,-0.921635,0.000000,1.048451,-1.165501
0,-0.908001,0.674491,-0.986623,-3.219643
0,0.028909,-0.674491,2.248586,2.266835
0,-0.341417,-1.348982,0.822732,-1.614013
0,-1.370956,0.000000,-1.058447,-5.399742
0,1.409284,-1.348982,0.180687,2.146197
0,-0.765123,-1.348982,0.980225,-2.521031
0,-1.509612,-0.674491,-1.234127,-6.861605
0,0.072598,0.674491,-0.905414,-0.479083
0,-0.350574,-0.674491,-0.693396,-2.982317
0,-0.386137,0.674491,-1.502940,-2.566375
0,-1.722029,-0.674491,0.013650,-5.634271
0,1.651666,1.348982,-1.176145,4.194317
0,-1.675395,0.674491,0.681403,-2.872424
0,-0.896542,-0.674491,0.472637,-2.765071
0,-1.690377,0.000000,1.109674,-3.134241
0,-0.254734,2.023472,-1.214994,-0.124301
0,1.356024,-1.348982,-0.412386,1.150202
0,0.612312,0.000000,-1.227192,-0.336150
0,-0.468441,0.000000,0.427048,-0.847195
0,-0.327865,-0.674491,-0.858210,-3.158739
0,-1.207145,0.000000,0.934953,-2.092745
0,0.041837,2.697963,2.004973,6.141115
0,-0.624229,0.000000,-0.145639,-2.088175
0,-0.579732,0.000000,-0.469228,-2.434796
0,0.236003,0.674491,-1.010566,-0.193200
0,-0.764789,0.000000,0.484670,-1.557182
0,-0.162962,0.000000,-0.825688,-1.832669
0,1.651487,7.419398,2.584001,17.147557
0,0.575989,0.674491,-1.942093,-0.624096
0,0.332389,0.674491,-1.289985,-0.337423
0,-0.468878,0.000000,1.124573,0.155442
0,-0.177468,0.000000,-0.492455,-1.391925
0,0.201690,0.674491,-0.545089,0.384859
0,-1.634609,0.000000,0.249819,-4.222444
0,0.493515,0.000000,-0.097742,0.971388
0,0.977119,4.046945,0.967827,8.827108
0,1.736803,0.000000,0.088275,4.565625
0,-0.532665,-1.348982,0.948638,-1.944523
0,1.078883,-1.348982,-0.250628,0.641472
0,0.261153,0.674491,0.186804,1.597227
0,-0.642670,0.674491,-0.164331,-1.326362
0,-1.230151,0.000000,-0.165994,-3.738674
0,0.228310,-0.674491,-0.391316,-0.998731
0,-0.750379,2.697963,0.525458,1.892291
0,0.081856,-1.348982,-1.079947,-3.219648
0,-0.397183,-1.348982,-0.392025,-3.511375
0,-0.634879,0.674491,0.445772,-0.427518
0,0.861712,3.372454,0.571233,7.109532
0,-0.327899,0.000000,-1.476863,-3.211081
0,-1.222504,0.000000,3.548990,1.628019
0,-0.207656,1.348982,-0.621123,0.018246
0,-1.122750,-0.674491,0.854484,-2.820796
0,1.191987,0.000000,-0.984105,1.564654
0,-1.318345,3.372454,0.111386,0.614806
0,-0.561861,0.674491,1.206200,0.862181
0,0.968418,-0.674491,-0.415946,0.946056
0,-0.211275,0.674491,-1.498759,-2.092497
0,-1.539904,2.023472,1.322047,0.088154
0,0.561245,2.697963,0.149867,4.861160
0,0.631085,-1.348982,-0.175006,-0.447830
0,-0.761891,0.674491,-0.958795,-2.788662
0,-0.347872,-1.348982,0.907888,-1.508734
0,-0.370019,-1.348982,2.237555,0.345533
0,0.482338,-0.674491,-0.090708,0.113550
0,0.583047,-0.674491,-1.063406,-1.016802
0,-0.349558,1.348982,0.402874,1.112209
0,-0.703314,0.000000,0.405917,-1.506032
0,0.840464,0.000000,-0.835789,0.837562
0,-1.452826,1.348982,0.898749,-1.126082
0,1.849477,-0.674491,1.003471,5.346099
0,-1.617863,1.348982,-0.779074,-3.982210
0,-0.855776,1.348982,0.650315,0.113863
0,0.562415,1.348982,-1.196589,1.250497
0,-0.997379,0.000000,0.138022,-2.678359
0,0.506572,0.674491,1.236083,3.763885
0,-1.085467,-0.674491,-0.342412,-4.443496
0,1.661167,0.674491,0.155328,5.297804
0,-0.803415,-0.674491,0.823817,-2.010518
0,-1.235245,1.348982,1.106033,-0.245620
0,0.990367,0.000000,-0.567704,1.624442
0,-0.702324,-0.674491,-0.093005,-3.059436
0,-0.382859,0.674491,-1.321478,-2.296461
0,-0.402147,0.000000,-0.460024,-1.946405
0,0.353998,-0.674491,-0.614586,-0.983748
0,-0.607791,0.674491,2.157219,2.107902
0,-0.670715,0.000000,0.542097,-1.222832
0,1.099197,-0.674491,-0.158663,1.666226
0,-0.530044,-0.674491,0.002351,-2.461259
0,-1.074706,-0.674491,-0.122249,-4.097868
0,0.267078,-0.674491,0.578388,0.500498
0,1.499775,-1.348982,-0.627025,1.225938
0,-1.789537,0.000000,0.655131,-4.053687
0,-1.325208,0.674491,2.069788,0.062561
0,-0.228159,0.000000,0.828387,0.373268
0,0.571533,-1.348982,0.529498,0.406685
0,1.012698,0.000000,0.251396,2.862959
0,0.269591,-0.674491,0.449693,0.322017
0,1.391856,0.000000,1.842964,6.167860
0,1.176444,-1.348982,0.178430,1.519962
0,0.584610,0.000000,1.239374,3.139365
0,2.034042,1.348982,0.305138,7.349115
0,1.391079,-0.674491,0.857471,3.909502
0,0.447266,0.000000,0.654334,1.929957
0,-0.540966,2.697963,0.757286,2.786220
0,0.638361,-0.674491,0.109885,0.819679
0,-1.243479,0.000000,-0.716306,-4.566287
0,0.376162,0.674491,-0.060293,1.549346
0,-0.714447,1.348982,-0.456201,-1.100384
0,0.641285,0.000000,0.439781,2.140313
0,-0.535458,-0.674491,-0.109779,-2.637108
0,0.397682,0.000000,-1.027788,-0.623451
0,1.808321,1.348982,0.827708,7.497207
0,2.348405,-0.674491,2.381218,8.663748
0,-0.878262,0.674491,0.428336,-1.103803
0,1.228113,1.348982,0.544607,5.537391
0,-2.537067,1.348982,1.733898,-2.825214
0,0.437321,0.000000,-0.030979,0.917113
0,0.353355,1.348982,-0.158440,2.185136
0,0.328960,1.348982,-0.844236,1.132934
0,-1.568151,0.674491,1.488184,-1.424445
0,-0.556397,0.674491,-0.302954,-1.295022
0,0.786827,0.000000,0.578306,2.729075
0,0.921086,0.000000,0.946759,3.618539
0,-0.044956,3.372454,0.240126,4.207154
0,-0.133861,0.674491,0.431758,0.892838
0,-1.964492,3.372454,-0.244234,-1.625797
0,0.164633,0.000000,-0.538948,-0.543508
0,-0.602731,-0.674491,0.135946,-2.463484
0,-0.438742,-0.674491,-1.109274,-3.816710
0,-1.233248,-0.674491,0.643810,-3.419626
0,-1.205314,0.000000,0.071099,-3.331020
0,-1.269455,0.000000,0.056578,-3.523532
0,-0.301257,0.674491,0.187203,0.093016
0,1.537928,-0.674491,1.136092,4.703375
0,0.559334,0.000000,0.778888,2.409050
0,-0.821529,1.348982,-0.027889,-0.770507
0,0.906370,0.000000,-0.562570,1.407089
0,0.649770,-1.348982,-0.598325,-1.007035
0,-0.099355,-1.348982,-0.848451,-3.371351
0,-1.114571,0.674491,-0.586897,-3.197095
0,1.777946,-0.674491,0.497579,4.426684
0,0.657781,0.674491,2.399040,5.842071
0,-1.139191,-0.674491,1.599411,-1.792762
0,0.639756,1.348982,-1.242484,1.391383
0,-0.758900,-0.674491,0.470255,-2.400223
0,1.071012,1.348982,-0.797628,3.185442
0,-2.386976,0.674491,0.017201,-5.732185
0,-1.034501,2.023472,0.603269,0.406019
0,-1.636380,0.674491,1.972764,-0.909639
0,0.120063,0.000000,-0.245531,-0.240504
0,-0.270397,0.000000,0.717872,0.101215
0,0.244590,0.000000,-0.728409,-0.602228
0,0.561404,-0.674491,-0.678904,-0.521372
0,-0.845184,-1.348982,1.126885,-2.524184
0,-0.519531,2.697963,0.164981,1.991187
0,-0.714771,0.674491,-1.010894,-2.737563
0,0.422200,0.000000,0.069668,1.021499
0,-1.120282,-0.674491,2.083635,-1.045324
0,1.218733,-0.674491,-1.085679,0.651988
0,1.604054,0.000000,-0.812398,2.914284
0,0.391915,0.674491,-0.923275,0.349579
0,0.129870,2.023472,-0.708940,1.633010
0,0.102349,-1.348982,-0.155652,-1.834664
0,-0.002343,1.348982,0.289556,1.878139
0,-0.521670,0.674491,-0.279839,-1.168841
0,0.457563,2.023472,-1.210648,1.787776
0,-0.550385,0.000000,0.041109,-1.621852
0,-0.841140,0.674491,-1.584556,-3.901234
0,-0.575553,0.000000,3.021671,2.600139
0,-0.232453,-0.674491,1.244805,0.122993
0,2.434043,2.697963,1.945111,12.455555
0,-0.015227,0.000000,-1.704042,-2.701426
0,-2.171039,1.348982,1.404912,-2.319314
0,1.987717,0.000000,-0.696433,4.107699
0,0.868939,-0.674491,-0.601267,0.413195
0,-0.707588,0.000000,1.432862,-0.039590
0,0.517434,-0.674491,0.169357,0.581713
0,0.018430,0.000000,-1.396865,-2.169319
0,0.775871,0.000000,-0.026265,1.829722
0,1.242509,0.000000,0.218194,3.430060
0,-0.149206,0.674491,0.309781,0.676244
0,1.496806,-0.674491,-1.110074,1.360893
0,0.921811,1.348982,0.121411,4.108829
0,-1.728687,-0.674491,1.007310,-4.222110
0,0.268595,0.000000,1.834960,3.150945
0,2.673063,105.895049,3.093303,142.969818
0,0.401613,1.348982,-0.075236,2.433993
0,1.400507,-0.674491,2.988377,7.001316
0,-0.541463,2.023472,-0.178167,0.600626
0,0.928102,0.674491,0.419923,3.717197
0,0.240517,-0.674491,1.434009,1.660755
0,1.130908,7.419398,-0.007576,12.025158
0,0.376926,-2.023472,0.352296,-1.207070
0,-0.472039,-0.674491,0.413749,-1.714017
0,-0.043423,-0.674491,-1.455143,-3.256734
0,0.084098,-0.674491,3.411457,4.087985
0,-0.548799,-0.674491,-1.063007,-4.044595
0,-0.130560,-0.674491,-0.630772,-2.303524
0,-0.331376,0.674491,1.489577,1.886674
0,1.184970,0.674491,1.070763,5.341095
0,0.824884,1.348982,-0.061116,3.586818
0,-0.197103,1.348982,-0.278110,0.540113
0,0.355469,-1.348982,-0.446213,-1.575561
0,0.367319,0.000000,-1.258570,-1.036809
0,-0.286830,0.674491,0.125947,0.043462
0,-0.368781,0.000000,-0.670707,-2.160326
0,-1.663678,-0.674491,2.854079,-1.390486
0,0.162869,-1.348982,0.394635,-0.880817
0,-1.591114,-0.674491,1.467168,-3.192239
0,0.756801,0.674491,-0.020977,2.624364
0,0.834543,0.674491,1.239116,4.645770
0,-1.474938,-0.674491,-0.265112,-5.374320
0,0.328468,0.000000,-0.638323,-0.248162
0,0.684677,1.348982,1.157140,4.964871
0,-1.765542,0.674491,1.141603,-2.451348
0,1.512925,2.023472,-0.719551,5.318240
0,-0.335865,0.000000,0.342279,-0.614467
0,0.255087,-0.674491,-1.125877,-1.984193
0,-0.142678,0.000000,0.291280,-0.170969
0,0.061416,1.348982,-0.818915,0.453535
0,0.513199,-0.674491,-0.133639,0.134341
0,1.179333,0.000000,-0.055052,2.867798
0,-0.965265,0.000000,-1.076688,-4.340524
0,0.901560,0.674491,0.548795,3.831638
0,0.588059,1.348982,-0.470573,2.363920
0,0.959158,0.674491,-0.373784,2.658066
0,-1.615858,0.674491,-0.576412,-4.523248
0,1.018827,0.000000,-1.179077,0.820763
0,-0.023166,0.000000,2.047093,2.675589
0,-0.757188,-0.674491,0.636330,-2.156645
0,0.157335,0.674491,-1.395026,-0.956961
0,1.193228,-0.674491,-0.266849,1.762123
0,-0.208382,7.419398,0.245155,8.805458
0,-1.767709,0.000000,1.129344,-3.312843
0,0.395305,-0.674491,-0.587891,-0.834811
0,1.601977,-0.674491,-1.065258,1.706781
0,-1.381653,1.348982,1.206994,-0.492055
0,-1.342654,0.674491,1.717468,-0.491143
0,-0.182912,-0.674491,-1.176147,-3.228448
0,0.174244,-1.348982,-0.514818,-2.159176
0,1.342383,0.674491,-1.486842,2.081620
0,0.764120,-0.674491,0.240058,1.343493
0,-0.679694,2.023472,0.058096,0.570780
0,-2.178874,-0.674491,0.793259,-5.734670
0,1.171495,0.000000,-0.794250,1.783045
0,1.581624,0.000000,-0.215484,3.713290
0,0.114193,-0.674491,-0.110633,-0.900133
0,-0.193502,1.348982,-0.086201,0.825922
0,-0.528695,-0.674491,2.115923,0.583994
0,-0.046443,-0.674491,-1.026005,-2.647243
0,-2.205480,0.674491,0.455680,-4.615560
0,-1.280605,0.674491,-0.194789,-3.077053
0,-0.349727,-1.348982,1.950470,-0.013317
0,-1.297709,0.000000,-0.107654,-3.835476
0,1.415001,0.000000,1.943983,6.375161
0,0.367742,0.000000,-0.598734,-0.086107
0,-0.528764,-1.348982,-0.491402,-4.006447
0,0.302077,0.000000,-0.520624,-0.149394
0,-0.958088,-0.674491,0.939673,-2.257632
0,-0.229529,0.000000,0.508543,-0.090684
0,-0.718546,2.697963,0.507295,1.951326
0,-0.452040,0.674491,-0.037276,-0.633467
0,0.591078,2.023472,-0.046703,3.820043
0,1.660522,0.000000,-1.186599,2.526859
0,-0.724725,-1.348982,2.046409,-0.878596
0,-0.723505,-1.348982,-0.531943,-4.585839
0,-1.986160,-1.348982,2.196079,-4.038303
0,-0.796156,-0.674491,1.416788,-1.137751
0,0.213904,-1.348982,-0.446960,-1.955408
0,1.187717,0.674491,0.707613,4.825838
0,1.165750,0.674491,0.733100,4.803740
0,-0.124448,0.674491,-0.044248,0.233004
0,-0.867313,-0.674491,-0.518301,-4.112924
0,0.527919,0.000000,-1.369373,-0.766564
0,-0.388013,2.697963,-0.713077,1.079464
1,-1.628766,0.000000,1.365620,-2.601063
0,-0.183870,2.023472,-0.281380,1.408869
0,-1.356525,2.023472,-0.451206,-1.973085
0,0.266632,-2.023472,1.075294,-0.461708
0,0.426064,-0.674491,0.120319,0.266672
0,0.570674,0.674491,0.075507,2.265211
0,1.811938,-1.348982,0.563713,3.774751
0,-0.601724,0.674491,0.288834,-0.564656
0,1.334719,1.348982,0.456181,5.695375
0,-1.515774,0.000000,4.074315,1.599341
0,0.644881,1.348982,-0.122333,3.017103
0,1.605152,0.674491,0.385450,5.479101
0,-0.973631,2.023472,1.261699,1.516427
0,-0.264885,0.000000,-0.356406,-1.430030
0,-0.147416,2.697963,0.377530,3.292696
0,-0.623214,0.674491,0.274511,-0.642766
0,-0.555997,-1.348982,-0.563416,-4.182946
0,-1.577751,0.000000,0.853982,-3.200864
0,-1.339068,0.000000,3.080986,0.642637
0,0.095415,-1.348982,-1.295543,-3.493633
0,-0.996704,0.674491,-0.803974,-3.194126
0,1.157031,-1.348982,-0.867056,-0.036538
0,0.971280,-1.348982,-0.284864,0.304299
0,-0.618087,0.674491,-0.165285,-1.261960
0,1.379368,0.674491,-0.009010,4.307326
0,-0.276548,2.023472,-0.854376,0.336300
1,2.364434,31.026575,3.056000,49.066288
0,-1.607074,-0.674491,0.095115,-5.209461
0,0.760246,0.000000,0.023684,1.859798
0,0.656260,-1.348982,-1.177428,-1.823056
0,-0.770237,-0.674491,0.049537,-3.036011
0,1.461724,0.674491,-1.223006,2.780616
0,0.752888,-0.674491,-0.347954,0.467231
0,-0.337225,1.348982,0.134501,0.758990
0,-1.415469,-0.674491,0.965581,-3.444115
0,-0.754722,-0.674491,-0.196749,-3.348929
0,-0.912349,0.674491,-0.881557,-3.080075
0,-0.732867,1.348982,-1.229134,-2.261995
0,-0.348305,0.000000,-0.440753,-1.774611
0,-1.113538,1.348982,-0.328348,-1.984199
0,-0.002118,0.674491,0.250236,0.984103
0,0.903508,-0.674491,-1.490745,-0.774360
0,-0.516917,0.000000,0.099799,-1.447843
0,-0.739709,0.000000,1.331223,-0.271803
0,0.573596,0.000000,-0.272678,0.933902
0,-0.011058,0.674491,1.761710,3.135344
0,-1.630152,0.000000,2.830695,-0.496382
0,1.586845,0.674491,0.650953,5.812205
0,1.236437,2.023472,0.731796,6.667101
0,-1.650671,0.674491,0.493566,-3.076589
0,-0.550442,-0.674491,-1.032383,-4.004920
0,0.657970,0.674491,-0.934744,1.044928
0,0.514057,-1.348982,-0.593218,-1.362798
0,-0.662214,0.000000,1.221447,-0.222435
0,0.170777,2.697963,-0.212511,3.294925
0,-1.033108,0.674491,-0.056853,-2.216347
0,-0.479088,1.348982,-0.213644,-0.121593
0,1.290758,-0.674491,0.036575,2.459734
0,-1.202966,0.674491,1.232038,-0.815974
0,-0.556276,-0.674491,-0.272453,-2.926914
0,0.910504,0.674491,-1.213394,1.319604
0,-1.140425,-0.674491,1.595782,-1.801286
0,-2.313961,1.348982,1.717609,-2.251714
0,-1.027606,0.000000,-1.509144,-5.129671
0,-1.001978,0.674491,0.088271,-1.924207
0,1.158763,-0.674491,-0.582361,1.215857
0,-0.313610,1.348982,0.720656,1.665710
0,-0.990821,0.674491,-0.949447,-3.387734
0,0.545700,0.674491,-0.579690,1.255499
0,0.210595,0.000000,1.273167,2.187283
0,0.381310,-0.674491,-0.594613,-0.881930
0,-0.853665,-1.348982,-1.097901,-5.748564
0,1.091273,-0.674491,-0.488415,1.170477
0,-0.305146,0.000000,0.585484,-0.182278
0,-0.089946,-1.348982,1.301590,-0.252051
0,-1.234637,-0.674491,1.527804,-2.151188
0,-1.325762,1.348982,0.373475,-1.542032
0,-2.396314,-0.674491,1.618369,-5.129036
0,-0.620343,-0.674491,1.885720,0.007495
0,-2.519731,0.000000,1.933389,-4.167853
0,-1.555364,0.674491,1.055000,-2.013627
0,-0.217303,-0.674491,0.185966,-1.360247
0,-0.955522,0.000000,-0.430827,-3.384997
0,-0.364623,1.348982,1.078357,2.043986