y,rr,longstring,person_total,eta
0,0.204248,1.686227,-0.108162,2.277566
0,1.305986,-1.011736,1.528267,4.228144
0,-0.985901,0.674491,-0.606033,-2.880364
0,-0.954941,2.023472,0.545648,0.535968
0,-1.778105,-0.674491,-1.439567,-7.875633
0,1.521606,-1.011736,1.756101,5.132932
0,0.182920,-0.337245,0.133468,0.054068
0,1.066093,3.709699,1.065436,8.786608
0,-1.081771,1.011736,-1.393981,-3.851782
1,1.958557,0.674491,2.817000,9.923914
0,-0.954237,0.674491,-1.307787,-3.805538
0,-0.495905,-0.337245,-0.292428,-2.375103
0,0.736717,-1.011736,-0.369346,-0.025847
1,0.179611,27.654121,2.877814,38.773875
0,-0.018682,-0.674491,0.329138,-0.622778
0,0.715166,-0.674491,-0.044033,0.803675
0,1.539744,1.011736,0.752807,6.251787
0,0.768508,-0.337245,1.404400,3.449863
0,-0.388549,0.000000,0.366420,-0.720686
0,-0.839730,-0.674491,-1.110887,-4.891913
0,-0.096600,0.674491,0.078899,0.484737
0,-0.671283,0.000000,-0.052623,-2.080213
0,0.711891,1.686227,0.679618,4.769510
0,0.393247,1.011736,0.038989,2.156963
0,-0.339283,-1.011736,-0.370456,-2.906390
0,0.736551,2.360718,0.734875,5.753067
0,-1.773194,-0.674491,-1.399766,-7.805216
0,-0.242968,-1.011736,-0.215687,-2.425962
0,0.548215,-1.011736,0.874832,1.260294
0,1.238221,4.384190,-0.246481,8.197230
0,1.257968,0.000000,-0.843074,1.944152
0,0.066332,-0.337245,-0.028927,-0.491577
1,1.661355,-0.337245,1.467519,5.929600
0,-0.881426,0.337245,-0.697054,-3.150847
0,1.339338,1.011736,0.204696,4.926791
0,-0.520627,-1.011736,0.118113,-2.688497
1,1.900977,2.023472,1.695428,9.831909
0,1.540918,-1.348982,1.081573,3.794862
0,2.326551,-0.337245,2.457813,9.134530
0,1.333164,-0.674491,1.128570,4.144683
0,-0.458387,2.023472,-0.539466,0.302960
1,-0.242058,0.674491,0.551336,0.775430
0,0.505906,1.686227,-0.329349,2.766374
0,-0.420714,0.000000,-0.286680,-1.746622
0,0.088772,-1.011736,0.051321,-1.154107
0,0.777202,-1.348982,-0.124791,0.015386
0,-0.214448,1.011736,-0.902433,-0.823787
0,1.274539,1.348982,1.828596,7.509399
1,1.531471,3.372454,1.957421,10.896401
0,-0.781412,1.348982,-0.646829,-1.553889
1,1.687499,2.023472,1.876851,9.521812
0,-0.035161,0.674491,0.637574,1.453111
0,-0.488065,-1.011736,-0.305108,-3.210430
0,-0.572891,-1.348982,0.070738,-3.315536
0,2.161705,-1.011736,2.776230,8.313648
0,-0.903946,-0.337245,-1.226304,-4.810801
0,0.391763,0.674491,-0.460114,1.015706
1,1.178335,1.348982,0.997519,6.055994
0,1.110915,1.011736,1.676925,6.434310
0,0.488616,3.035208,0.745697,5.943320
0,-1.228296,0.337245,-1.280604,-4.918719
0,-1.278884,1.686227,-1.490014,-3.679324
0,1.444803,-0.674491,1.146019,4.468495
0,-1.215753,0.000000,0.637769,-2.543455
0,0.310391,-0.337245,-0.689377,-0.789028
0,-0.355004,-1.011736,-0.785426,-3.545638
0,1.084193,1.348982,0.499381,5.087235
0,0.274716,0.000000,-0.819486,-0.652694
0,-0.383394,1.686227,-1.384877,-1.132050
0,-1.526088,-0.337245,0.110020,-4.552297
0,-0.840044,2.023472,-1.101398,-1.526881
0,-1.683615,0.000000,-0.544105,-5.496101
0,-1.847057,0.000000,-1.338025,-7.075939
0,0.600928,0.000000,-0.002964,1.395176
0,-2.050579,-0.674491,-1.290525,-8.390179
0,0.779051,1.686227,-0.440019,3.337934
0,0.890355,0.674491,0.144483,3.219815
0,-0.102589,-0.674491,-0.355361,-1.832340
0,0.306183,-0.337245,-0.561641,-0.616462
0,0.498312,-0.674491,-0.314463,-0.165716
0,0.190538,1.011736,-0.778325,0.438399
0,1.262081,0.000000,0.803715,4.325052
0,-0.785115,-1.348982,-0.515915,-4.727615
0,-1.457372,5.395926,-1.195077,0.876859
0,-0.913566,-0.674491,-1.318530,-5.388288
0,-2.549902,2.023472,0.060060,-4.430322
0,0.336333,-1.348982,-0.288834,-1.400277
0,0.139276,0.000000,-1.263540,-1.654114
0,-0.378212,0.337245,1.460876,1.301030
0,-0.984157,0.000000,-0.666913,-3.801366
0,0.724415,2.360718,0.474270,5.345559
0,0.061122,2.023472,-1.275991,0.633024
1,1.473912,0.000000,1.521869,5.925322
0,0.843097,2.360718,2.106898,8.012618
1,1.429228,15.850533,1.461236,25.412795
0,1.992410,4.046945,0.098823,10.293037
0,2.068671,1.348982,0.982992,8.417268
1,0.943633,-1.011736,0.747178,2.134565
0,0.311212,-0.674491,0.552760,0.581701
0,-0.595871,2.023472,-0.667253,-0.248792
0,-0.572956,-0.674491,-1.218832,-4.333477
0,0.402424,1.348982,-0.180633,2.284487
0,-0.046874,-0.674491,-0.497184,-1.887367
1,1.147564,-1.011736,2.812757,5.652777
0,0.885116,-0.337245,-0.052606,1.665083
0,-0.325656,0.674491,-1.143239,-1.886905
0,-0.398262,0.674491,-0.543460,-1.218027
0,0.182695,1.686227,0.631901,3.284925
1,0.568307,2.360718,0.250832,4.606328
0,-1.233096,0.000000,-0.239369,-3.852147
0,-0.756071,0.674491,-1.300948,-3.265484
0,1.356829,0.000000,1.406564,5.446118
0,0.326535,1.011736,0.139206,2.122689
0,-0.136501,0.674491,0.825376,1.452231
0,0.960562,-0.337245,0.019005,1.970003
0,-0.218845,-0.674491,0.369043,-1.100906
0,-0.176693,1.011736,0.649154,1.510119
0,0.445023,-0.337245,0.453058,1.215272
0,-0.050236,0.000000,0.059014,-0.257884
0,-0.287887,2.360718,-1.287434,0.101776
0,-0.033395,0.337245,-0.999085,-1.316508
1,1.509495,0.337245,1.945798,7.049629
0,1.078102,0.674491,-0.992657,2.085691
0,0.879075,-0.674491,0.365749,1.831947
1,2.522620,0.000000,1.934913,9.325655
0,-0.794622,2.360718,1.643703,2.964154
0,0.952590,0.674491,0.076117,3.287943
0,-0.696931,10.791852,0.895084,12.623882
0,-0.286927,-1.011736,-0.959890,-3.614562
0,0.915068,-1.011736,0.667637,1.943671
0,1.043650,-0.674491,0.872933,3.002172
1,2.401200,-1.686227,2.821816,8.181988
0,-0.484887,-1.011736,0.572674,-1.938710
0,1.813244,16.525024,1.362984,27.136927
0,0.663318,0.000000,0.229228,1.896255
0,1.254798,1.686227,-0.109296,5.086786
0,0.959388,5.058681,-0.120675,8.470287
0,0.852077,1.686227,1.267039,5.989950
0,0.276512,0.000000,-0.565956,-0.283031
0,0.715226,-0.674491,0.699020,1.873163
0,-0.826323,0.000000,-0.633348,-3.330761
0,-1.426241,0.674491,0.056440,-3.105173
1,1.005595,0.337245,1.370791,4.873903
0,-1.153368,-1.348982,-0.185992,-5.238121
0,0.216912,-0.337245,-0.065317,-0.141057
0,-0.196491,1.348982,0.740904,2.008214
0,-0.026506,-1.011736,0.325648,-1.067763
0,0.391158,-0.337245,1.622542,2.754155
0,0.442945,-0.337245,-0.112217,0.396226
0,-1.145958,0.000000,-0.199260,-3.561281
0,-0.336951,0.000000,-0.454878,-1.764561
0,-0.044049,3.709699,1.243757,6.072934
0,-0.238172,-0.674491,-0.377397,-2.226820
0,-0.333647,-0.674491,0.444184,-1.299935
0,0.165541,1.011736,1.604569,3.800738
0,-0.452455,0.000000,-0.390007,-1.980248
0,0.699683,6.070417,1.619410,11.536658
0,-0.541776,0.000000,1.195018,0.061774
0,0.065730,-0.337245,-0.948826,-1.817014
0,0.882706,0.337245,-0.063150,2.481516
0,-1.122342,0.000000,-0.497278,-3.926972
0,0.724078,10.117361,-0.261283,13.923751
0,-0.098650,-0.674491,-0.415797,-1.908776
1,1.866494,-0.674491,2.514361,7.565954
0,-0.066771,0.337245,-0.416018,-0.566715
0,0.519574,0.337245,0.797239,2.748107
0,0.345160,-0.337245,0.954767,1.670088
0,-0.129845,-1.011736,0.226948,-1.486296
0,0.035008,0.000000,-0.450366,-0.762855
0,0.414608,0.000000,-0.918186,-0.420438
0,0.721010,-0.674491,-1.076422,-0.666399
0,0.780028,-0.674491,1.819781,3.659436
0,2.179527,5.395926,1.375798,14.307491
0,2.055867,3.035208,0.726175,10.108562
0,-0.739776,1.011736,0.160278,-0.700007
0,-1.033078,1.011736,-0.293976,-2.138483
0,0.839875,2.023472,0.180805,4.813129
0,-2.269414,-0.337245,-0.764596,-7.799803
1,1.983384,1.686227,0.853828,8.422222
1,2.252193,-0.674491,2.772144,8.968905
0,-1.069225,0.337245,-0.375548,-3.190642
0,0.888482,-0.674491,-0.079870,1.215827
0,1.806753,-0.674491,4.026180,9.581768
0,-1.695529,1.348982,-0.593786,-3.923366
0,-0.646038,-0.337245,-0.398252,-2.929091
0,0.793908,1.348982,0.657422,4.537985
0,-0.225852,0.337245,-0.164799,-0.630825
0,-0.943639,0.674491,-1.414184,-3.930298
0,-0.041224,1.686227,0.077814,1.888421
0,-0.882435,-0.674491,-1.133980,-5.039407
0,-0.669900,-1.011736,0.035855,-3.206267
1,-0.981340,3.035208,-0.632217,0.027349
0,0.149402,6.744908,1.253247,10.375436
0,1.053779,1.348982,0.758360,5.378555
1,1.920756,21.246459,1.165583,33.006890
0,0.074693,1.686227,-0.037708,2.032319
0,-0.808579,0.000000,1.231713,-0.599276
0,1.567755,30.352084,0.927033,43.032845
1,1.208386,-1.348982,1.067972,2.885566
0,-0.839546,-1.011736,-0.217452,-4.024708
0,-0.051527,0.674491,0.388668,1.051122
1,-0.732730,0.337245,0.050303,-1.677474
1,0.871120,0.674491,2.079066,5.952408
0,0.790863,-0.337245,0.675126,2.460180
0,0.249152,-1.011736,-0.176313,-1.052582
0,-0.339786,1.011736,0.276671,0.537707
0,1.276424,-1.348982,0.840826,2.740723
0,0.120055,2.697963,0.013502,3.484471
0,-1.423428,0.000000,-1.413299,-6.050803
0,-0.176841,-1.011736,-0.825741,-3.126961
0,-1.003487,1.686227,-1.539269,-3.013355
0,-1.065359,2.023472,-0.337923,-1.031014
0,-0.869148,-0.337245,0.491727,-2.245274
0,-1.091755,0.337245,-1.592118,-5.001689
0,-1.298763,2.023472,-0.111854,-1.330177
0,0.125060,-0.674491,0.427431,-0.096727
0,0.360779,-0.674491,-0.108980,-0.237989
1,1.198154,12.140834,2.001539,20.962781
0,0.188033,3.035208,0.161684,4.298625
0,-0.232616,0.000000,-0.625161,-1.730456
0,0.708100,1.011736,-0.196865,2.659967
0,-0.449688,-0.337245,0.430992,-1.210374
0,-1.111861,1.011736,-1.113230,-3.528264
0,1.536324,-0.337245,0.404304,4.064995
0,-1.512948,0.000000,-0.438768,-4.887875
0,1.014506,-0.674491,1.299134,3.537542
0,0.782572,-1.011736,-0.559192,-0.176366
0,-0.184350,0.000000,-0.111068,-0.861485
0,-0.014821,2.023472,-0.748220,1.189344
0,0.918692,2.697963,1.478024,7.728895
0,1.097721,0.337245,1.406127,5.171246
1,1.957907,-0.674491,2.261016,7.445951
0,0.535396,2.023472,1.116725,5.345349
0,-0.465998,-1.348982,0.656281,-2.186880
0,-0.428567,-1.348982,-0.476621,-3.717090
0,-0.439608,0.674491,-1.133737,-2.178122
1,2.203991,-0.337245,1.767940,7.813814
0,1.891666,7.082153,0.964225,15.040133
0,-0.369643,0.674491,-0.007688,-0.370426
1,1.214353,-0.674491,1.407107,4.227635
1,1.352727,-0.337245,1.608050,5.306073
0,-0.724856,2.023472,0.924870,1.697319
0,0.858659,-0.337245,0.637387,2.587263
0,-0.068489,-0.337245,0.585704,0.032211
0,-0.475436,0.337245,-0.999331,-2.499585
0,-2.008250,-0.337245,-0.945271,-7.361040
1,0.217887,-1.011736,0.763206,0.215828
0,-0.282412,-0.674491,-0.616555,-2.689360
0,-0.601192,1.348982,-1.260953,-1.955476
0,0.713441,-0.674491,-0.302167,0.427580
0,1.268969,0.674491,1.511594,6.200242
0,-0.372888,0.000000,-0.730873,-2.257898
0,-0.106798,-0.674491,0.409432,-0.742990
1,2.269753,-1.686227,2.694036,7.646401
0,0.533079,0.337245,0.463770,2.304345
0,-2.033049,2.023472,-1.037666,-4.627167
0,0.581228,1.348982,-0.246831,2.667627
0,-0.713928,0.674491,-0.295294,-1.705488
0,-0.334369,-0.674491,-0.165668,-2.179506
0,0.279285,1.686227,-1.193088,0.917020
0,0.038542,2.023472,-0.970061,1.012872
0,0.858190,1.348982,1.279057,5.604573
0,-1.285336,-0.674491,-0.496670,-5.200257
0,0.458821,0.674491,-0.720077,0.821013
0,1.293125,0.000000,-0.756270,2.163137
0,0.290866,-0.674491,-0.634274,-1.180997
0,-0.395181,0.000000,0.401055,-0.688587
0,-0.260832,-1.011736,-0.194064,-2.442643
0,-0.688098,2.023472,-1.004114,-0.980331
0,-0.201433,0.000000,-0.374825,-1.286765
0,-0.935199,-0.337245,-1.457260,-5.226789
0,-0.787351,-0.337245,-0.557911,-3.536954
0,0.192103,0.337245,1.731700,3.216707
0,1.121839,-0.337245,0.557107,3.175898
1,1.351284,-1.348982,2.406874,5.194717
0,-0.672962,0.337245,-0.870458,-2.842627
0,0.601848,-0.674491,0.297418,0.991864
1,2.361110,6.744908,3.071645,18.909938
0,-1.436408,-0.337245,-0.508551,-5.202536
0,0.088136,-0.674491,-0.560348,-1.617036
0,0.624533,-0.674491,-0.591855,-0.227193
0,-0.632277,-1.011736,-1.140103,-4.797926
0,-0.101689,2.023472,-0.288904,1.617922
0,-0.014055,0.674491,0.723461,1.633181
0,1.025588,-1.011736,-0.010364,1.263666
0,-0.555363,0.337245,0.194070,-0.996015
0,0.791674,2.023472,0.246919,4.779307
0,0.036777,-1.011736,-0.075847,-1.476233
0,-0.522482,-0.674491,-0.141761,-2.648417
1,2.265053,-1.011736,3.266747,9.296069
0,-1.218548,0.337245,-1.513678,-5.228054
0,-0.068750,-0.674491,-0.317691,-1.687591
0,0.175650,1.348982,-0.871545,0.683438
0,-0.243935,0.337245,0.499388,0.276624
0,0.230690,-0.674491,0.749161,0.648896
0,-0.139890,0.000000,-0.065321,-0.676692
0,-0.723808,-0.337245,1.091989,-0.992567
0,0.375027,0.674491,0.732401,2.687075
0,0.846685,0.000000,0.256818,2.426577
0,-1.433138,0.337245,-0.692397,-4.620304
0,0.569548,-1.011736,-0.679565,-0.919562
0,0.818545,2.360718,1.326491,6.823843
0,-1.670462,-0.337245,-1.104371,-6.686216
0,0.625817,0.000000,0.400025,2.041711
0,1.269620,2.697963,1.879237,9.245223
0,-1.658515,-1.011736,-0.997822,-7.338972
0,0.077872,2.360718,-0.587987,2.086973
0,0.972370,2.023472,0.504913,5.634057
0,-0.620280,2.023472,-0.524119,-0.108117
0,0.042554,-0.674491,0.991925,0.494883
0,2.096898,1.686227,0.890306,8.778437
0,0.630309,-0.337245,1.947229,3.861284
0,-0.938850,0.674491,-0.324563,-2.349411
0,1.311801,0.674491,1.199774,5.866104
0,-0.652698,-0.337245,-0.025708,-2.410782
0,1.232867,-0.337245,0.860929,3.910194
0,-0.537951,0.337245,1.375386,0.750605
0,-0.885858,1.348982,-0.953362,-2.274475
1,2.217135,15.176042,1.703247,27.031140
1,2.459656,0.000000,2.258187,9.622414
0,0.296269,-1.011736,0.957687,0.705422
0,0.528702,0.674491,1.508982,4.215827
0,1.140505,7.082153,0.198169,11.927897
1,2.062197,-1.011736,2.920737,8.255365
0,1.114388,0.000000,2.462671,6.317286
1,1.201716,-1.011736,1.098327,3.330432
0,1.085200,1.686227,0.448429,5.435632
0,-0.183431,-1.011736,0.970042,-0.560284
0,1.377264,6.407662,2.421252,14.922552
0,1.677805,1.348982,0.134639,6.150605
0,1.001931,5.395926,0.565750,9.990976
0,0.659844,2.023472,0.603775,4.940135
1,2.424777,-1.686227,2.660035,8.012254
0,0.545499,0.000000,-0.240471,0.905075
0,-0.379189,-1.011736,-0.552653,-3.275362
0,-0.909141,2.697963,-0.805359,-0.447670
1,2.003215,-0.674491,2.396153,7.761652
0,0.417128,0.000000,0.158472,1.135724
0,1.762078,2.023472,0.304968,7.459260
0,0.973601,2.360718,0.960156,6.711519
0,-0.011400,0.000000,-0.546019,-1.024679
0,1.890703,2.023472,0.396832,7.935609
0,-0.812698,0.000000,-0.947027,-3.745721
0,0.676572,-1.011736,0.082423,0.463369
0,1.652366,0.674491,1.867185,7.737792
0,1.163387,0.337245,-0.327564,2.851989
0,-1.190585,-0.674491,-0.794093,-5.374761
0,-0.887705,-0.674491,-0.069639,-3.521814
1,1.920545,-0.337245,0.593649,5.365503
0,-0.551655,0.337245,-0.903676,-2.565862
0,-1.291225,-0.674491,-0.140941,-4.704085
0,1.152460,0.337245,0.602538,4.161261
0,-0.983190,-0.674491,-1.011688,-5.132998
0,-0.346877,-0.674491,-0.380854,-2.522644
0,-0.637449,-1.011736,-0.489754,-3.875847
1,1.566388,2.697963,0.948926,8.700445
1,2.404183,-1.011736,3.345544,9.781721
0,-0.281907,1.686227,-0.597619,0.272431
0,0.183663,-0.674491,0.084029,-0.434120
0,-1.162467,0.000000,0.158670,-3.090354
0,-0.257065,1.686227,-0.064038,1.106778
0,0.992264,-1.011736,1.140262,2.830370
0,-0.211116,0.674491,1.049398,1.574982
0,-1.854831,0.000000,-0.468005,-5.844691
0,-0.045314,-0.674491,0.143301,-0.961472
0,-0.092879,1.348982,-0.209425,0.917818
0,0.908161,0.000000,1.573783,4.486306
0,1.528187,3.709699,1.217044,10.241165
1,0.674417,7.756644,-0.676464,10.260200
0,-0.670265,-1.011736,0.258895,-2.886268
0,-1.128574,0.000000,-1.367889,-5.196542
0,0.352591,0.674491,0.266367,1.956376
1,0.693362,-0.337245,-0.564314,0.415628
0,-0.733142,-0.337245,-1.105935,-4.180573
0,-1.193148,-1.011736,-0.336131,-5.141594
0,-0.179115,0.674491,-0.098665,0.008427
0,-0.451038,1.686227,0.921239,2.005696
0,-0.698609,-0.337245,-1.183402,-4.199658
0,-0.205191,0.000000,-1.104570,-2.346996
0,-0.178383,-0.674491,-0.826104,-2.712582
0,0.562434,-0.337245,1.188853,2.588298
0,-0.664786,-0.674491,-1.011611,-4.280966
0,0.233840,-0.674491,0.849313,0.801453
1,2.260471,1.686227,2.915216,12.130140
0,0.235566,2.360718,1.396677,5.365029
0,0.283140,0.000000,-0.160966,0.317522
0,-0.478530,0.674491,-0.364070,-1.174634
0,-0.376859,0.337245,-0.495010,-1.510064
0,0.279867,-1.011736,0.021259,-0.686076
1,0.977806,0.337245,-0.046016,2.760624
0,1.087267,-0.674491,2.121500,4.915686
0,0.650372,-1.348982,0.108313,0.011499
0,0.820066,1.686227,0.784049,5.209229
0,0.570898,1.686227,1.273270,5.246596
0,0.535404,0.337245,0.959416,3.023850
0,0.681402,0.000000,-0.385424,1.060096
0,0.447140,1.348982,-0.408691,2.075931
1,2.224525,-0.674491,3.329326,9.696718
0,-0.079035,-0.674491,-0.076730,-1.368344
0,-0.071159,6.744908,0.556098,8.782037
1,1.788823,2.360718,0.892422,8.795252
1,2.395717,-1.348982,2.748087,8.480243
0,-0.888439,-0.674491,-1.201544,-5.152704
0,-0.076380,-0.337245,-0.456583,-1.488859
0,-0.444760,-1.011736,-0.903165,-3.955227
1,0.815884,2.697963,0.977268,6.733183
0,0.325057,1.686227,-0.809466,1.591557
0,0.894125,2.023472,-0.996239,3.264397
0,0.046124,-1.011736,-0.900084,-2.637385
0,1.246500,0.000000,-0.780947,2.002873
0,-0.293115,-0.337245,-0.199798,-1.699216
0,-0.824570,-1.011736,-0.424680,-4.282859
1,-0.327533,-0.337245,-0.393335,-2.069824
0,1.566841,-0.337245,1.485127,5.702060
0,-0.089613,21.920950,2.907919,30.973398
0,-1.107707,0.000000,-0.853507,-4.400462
0,1.172890,1.011736,-0.357704,3.672095
0,-0.255245,-0.674491,-0.724406,-2.771880
1,-0.881485,-0.674491,-0.580301,-4.240067
1,1.240234,3.035208,1.516305,9.063332
0,0.350001,-0.337245,1.294000,2.171232
0,-0.214626,0.000000,0.597071,0.076592
0,-2.147526,1.686227,0.176754,-3.604817
0,-0.279885,-0.674491,0.132846,-1.604136
0,0.263552,-0.674491,-0.213704,-0.648836
0,1.442901,2.360718,-0.251644,6.223277
0,-0.984709,1.686227,-0.333658,-1.228117
0,-1.244598,1.011736,0.340134,-1.791877
0,-0.131252,1.686227,-0.694680,0.535846
0,-0.178653,-1.011736,1.275702,-0.107624
0,-1.394488,-0.674491,-1.276257,-6.614207
0,0.501968,2.360718,0.019347,4.095699
0,-0.946610,-0.674491,-0.479067,-4.268628
0,1.871400,-0.337245,1.011276,5.835017
0,-1.625320,-0.674491,-0.807346,-6.557012
1,2.331781,0.000000,2.819406,10.087921
0,-0.870492,-0.674491,-0.848476,-4.596584
0,1.557779,-0.337245,-0.017993,3.514673
0,0.019642,-0.674491,-1.135753,-2.628362
0,-0.499385,-0.674491,0.052719,-2.306741
0,2.124103,-0.337245,3.676382,10.346503
1,2.031472,-1.348982,1.386926,5.546823
0,-0.811466,2.023472,0.005199,0.142087
0,-0.637049,1.348982,-0.834993,-1.438416
0,0.035132,2.023472,1.037436,3.892737
0,0.776216,-0.674491,-0.400305,0.454311
0,-0.715996,1.348982,1.328539,1.463892
0,-1.551098,-0.337245,-0.666094,-5.736119
0,-0.215517,-0.674491,-1.165901,-3.300939
1,2.457168,-1.348982,2.554455,8.366007
0,-0.836905,-0.337245,-0.006172,-2.875532
0,-1.488063,-0.674491,-1.124362,-6.645986
0,-0.600045,0.000000,-0.438613,-2.445089
1,-0.762570,-0.674491,0.585257,-2.244543
0,-0.504716,0.000000,-0.677960,-2.534471
0,0.423557,-1.348982,-0.312122,-1.200415
0,0.958211,0.674491,-0.030663,3.149317
0,0.400422,-0.337245,0.304840,0.882637
0,1.312257,2.360718,-0.894470,4.948635
1,1.892594,1.011736,2.587045,9.835523
0,-1.758200,0.674491,0.467231,-3.402193
0,0.564274,5.058681,0.601714,8.452708
0,-0.444992,-1.011736,0.645503,-1.727159
0,-1.590340,0.674491,-1.316081,-5.519429
0,0.700862,0.337245,0.526024,2.842855
0,-0.210257,-1.011736,-0.285229,-2.438520
0,-1.496837,0.674491,0.242474,-3.026337
0,-0.400836,-0.674491,-0.096587,-2.257929
0,-0.453678,1.686227,-0.851122,-0.551974
0,0.634129,0.337245,-0.049462,1.836122
0,-1.950729,0.337245,-0.416924,-5.608739
0,-1.259640,0.337245,-1.403140,-5.178924
1,0.141322,2.697963,1.349812,5.464456
0,-0.099011,0.000000,-0.178508,-0.730206
0,-0.373161,-1.011736,-0.970428,-3.860456
0,-0.153393,0.674491,-0.610616,-0.659501
0,0.634170,0.000000,0.780418,2.611484
0,1.482115,0.000000,1.788690,6.331252
0,0.007002,-0.674491,-0.697938,-2.032121
0,0.916973,-0.337245,0.811147,2.993347
1,-0.792926,0.674491,1.543320,0.729093
1,1.327861,0.337245,0.967925,5.156393
0,0.614329,-0.674491,0.085460,0.720229
0,-1.443433,-0.674491,-0.579875,-5.743002
0,-1.510932,0.674491,-0.044821,-3.477498
0,0.054368,-1.348982,-0.883347,-3.010267
0,-0.743930,-1.011736,-1.319541,-5.354893
0,-1.939671,-1.011736,-1.158397,-8.322316
0,-0.167209,-1.348982,0.150467,-2.115356
0,1.111300,0.337245,1.005959,4.631696
0,-0.504976,-0.337245,0.077087,-1.867607
0,-0.767637,0.000000,-1.178538,-3.958324
0,1.016069,-0.674491,0.110080,1.830556
0,0.074569,0.000000,-0.244268,-0.360409
0,-1.087853,0.674491,-0.411955,-2.873849
0,-0.686190,-0.674491,0.168527,-2.639898
0,0.090476,0.000000,-1.054945,-1.484496
0,-0.169890,-1.348982,-0.675373,-3.310996
0,-0.465396,1.011736,-0.484334,-0.893537
0,2.011282,-1.348982,3.875720,9.074426
1,1.672827,-0.337245,1.506323,6.016138
0,-1.224397,-0.337245,-0.576894,-4.733632
0,-0.412765,-0.337245,0.588479,-0.884942
0,-0.209879,-0.337245,-0.178573,-1.445964
1,0.240341,4.384190,0.571524,6.704493
0,0.625890,7.082153,-0.201793,9.975406
0,-0.647778,1.348982,0.554198,0.532061
0,0.380499,-0.674491,0.228523,0.300476
0,-0.272031,0.337245,-1.526269,-2.713673
0,0.028711,1.686227,-0.854054,0.734486
0,-0.146212,0.000000,0.390006,-0.038345
1,1.091842,2.697963,1.875705,8.764478
0,0.472173,0.000000,-0.316518,0.599446
1,1.788603,13.489815,0.166221,21.577492
0,-0.469295,0.000000,-0.841876,-2.675589
0,-1.645166,1.686227,-0.573705,-3.340687
1,1.110632,-1.011736,2.621473,5.278687
0,-0.668360,-0.337245,0.173928,-2.165393
0,-0.399307,0.337245,-0.978229,-2.265527
1,0.144231,1.686227,2.631519,6.059662
0,-0.305756,1.348982,0.216251,0.960834
0,-1.212975,-1.011736,-0.502486,-5.434046
0,-0.239283,-0.337245,-0.535992,-2.038999
0,-1.678453,-0.674491,-0.792056,-6.677172
0,-0.399145,1.348982,-1.021468,-1.070237
0,-0.022881,4.046945,1.880709,7.465237
0,2.024072,-1.011736,2.722605,7.868226
0,-0.746033,-0.337245,-0.232905,-2.958687
0,-0.568309,-0.337245,0.169104,-1.904636
0,0.533505,-0.337245,-0.419505,0.196308
0,-0.195863,-0.674491,1.425614,0.481095
0,0.529595,6.744908,0.877726,10.852269
0,-1.144654,-0.674491,-1.398579,-6.121787
0,-0.058769,0.000000,-0.043210,-0.427826
1,2.478012,-0.674491,2.268281,8.847997
1,1.147163,13.152570,2.339942,22.570428
0,0.546588,-0.337245,-0.768835,-0.271406
0,-0.235735,-0.674491,-0.867677,-2.925860
0,-0.159413,-1.011736,-0.554749,-2.690347
0,0.046899,-1.011736,-0.574908,-2.167349
0,0.291366,-0.674491,0.529132,0.494598
0,0.373310,-0.674491,0.399577,0.527404
0,0.370946,-1.011736,0.310780,-0.025737
0,-0.887662,1.348982,0.068461,-0.808798
0,-0.625641,-0.337245,0.787666,-1.167861
1,-0.099205,-0.674491,1.216038,0.438113
0,0.138982,-1.011736,-0.127605,-1.277257
0,1.314586,0.000000,0.861120,4.548145
1,1.636340,10.454607,-0.552299,16.364828
0,-0.114348,7.082153,1.627219,10.626956
0,0.545768,-1.011736,1.036537,1.486455
0,-0.551228,1.686227,-1.014024,-1.047410
0,1.074021,-1.348982,0.344794,1.485335
0,-0.302216,-0.674491,-0.713231,-2.881473
0,-0.058385,-0.337245,0.525987,-0.026694
1,2.439324,-1.011736,2.488682,8.642635
0,-0.143348,0.000000,-0.715718,-1.621930
0,-0.597154,-0.674491,0.676759,-1.670277
0,1.319790,0.000000,0.125371,3.503251
0,1.127063,-1.348982,1.899641,3.864835
0,0.912558,-0.337245,0.660766,2.765121
0,-0.687355,-1.011736,-0.812610,-4.473997
1,1.736803,-1.011736,2.874321,7.317944
1,0.414048,0.337245,0.701753,2.328345
0,-0.674856,-1.011736,-0.271501,-3.661845
0,-1.118077,0.674491,-0.327874,-2.833716
1,0.209193,-0.674491,-0.286668,-0.899282
0,-0.027881,-1.011736,0.028407,-1.499200
1,0.461009,-0.337245,0.166326,0.845408
0,0.396076,-0.674491,0.613347,0.895952
1,1.540741,1.348982,2.200184,8.756401
0,-0.408619,-0.337245,-0.754580,-2.806645
0,0.045502,-0.337245,0.659041,0.442743
0,0.533690,-1.011736,0.917785,1.283243
1,1.509729,-1.011736,1.185727,4.280327
0,-1.049324,0.000000,-0.035382,-3.066889
0,0.576113,-0.674491,-0.198650,0.209115
0,-0.000317,-0.337245,-0.132441,-0.818871
0,-0.116969,0.000000,2.488341,3.059611
0,0.954122,2.023472,-0.319254,4.399173
0,-0.213709,-0.337245,-0.977291,-2.605648
0,0.857360,-0.337245,0.475269,2.350485
0,-0.878981,1.686227,2.023868,2.447484
0,1.175426,0.674491,-0.648279,2.841688
0,0.213924,0.000000,0.139365,0.564534
1,2.233919,-0.337245,3.376395,10.208618
0,0.050866,1.686227,0.093620,2.157563
0,0.043927,-1.348982,0.601768,-0.900974
0,-0.451267,0.337245,-0.231466,-1.329884
0,-1.749189,1.686227,-0.389587,-3.354049
1,1.053699,1.011736,3.174579,8.436496
0,-0.535098,-0.674491,0.557887,-1.675308
1,2.380219,14.838797,1.403318,26.616835
0,0.202755,0.000000,0.052281,0.409328
0,-1.325866,0.674491,-1.104360,-4.507115
0,-1.178206,-0.674491,-1.289130,-6.054051
0,-1.167841,-0.674491,-0.877068,-5.433317
0,-0.774980,-0.337245,0.993070,-1.271837
0,0.461004,-0.674491,0.897766,1.478984
0,0.584330,-1.011736,0.421380,0.704359
0,-0.657018,1.011736,0.388481,-0.150172
0,0.693481,-1.011736,1.253931,2.194527
0,-1.626231,0.337245,-0.319676,-4.600562
1,0.019589,1.348982,1.591272,3.810122
0,1.069300,0.000000,0.556154,3.452980
0,1.245282,5.395926,0.025603,9.864760
0,0.155475,2.360718,0.438175,3.771358
0,-0.932727,-1.011736,-0.376956,-4.503564
0,-0.412003,1.686227,0.430695,1.404196
0,0.390328,0.674491,0.503909,2.399191
0,0.378420,-0.337245,0.396041,0.955015
0,1.147723,1.348982,-0.185176,4.272070
0,-0.653481,0.000000,1.084689,-0.395878
0,0.163822,2.360718,1.692038,5.598126
1,1.772897,20.234723,3.352707,34.501687
0,-1.178469,-0.337245,-0.904938,-5.082835
0,-0.476431,2.023472,0.759024,2.123336
0,0.738716,0.000000,0.071555,1.871083
1,2.449235,0.000000,3.028000,10.702368
1,0.357825,-0.337245,1.812579,2.938451
1,2.207127,-1.011736,3.044143,8.820733
0,-0.149651,-1.011736,0.518674,-1.119465
0,0.692747,9.780116,1.522282,15.987623
0,0.225295,-0.337245,0.243066,0.325167
0,2.154659,6.070417,0.905862,14.402723
0,0.015287,5.733171,2.626797,10.736190
0,1.959085,-1.348982,0.707026,4.374699
0,-1.378753,0.674491,-0.124111,-3.237944
0,-1.005956,-1.011736,-0.347093,-4.656519
0,0.318309,0.674491,-0.824099,0.295361
0,0.551992,1.011736,1.853853,5.193473
0,0.647551,1.011736,0.354389,3.291272
0,-0.997880,-1.011736,-0.189479,-4.408091
0,0.046864,1.348982,0.202132,1.883987
0,0.663106,1.686227,-0.400001,3.085304
0,0.083769,0.337245,-0.429764,-0.183715
0,0.459188,2.023472,0.317202,3.990854
0,1.169488,-0.337245,-0.524548,1.746778
0,0.174435,-0.674491,0.124055,-0.401209
0,1.402955,1.348982,-0.100667,5.076586
0,0.784952,-0.674491,0.965777,2.443613
0,0.711923,-0.337245,1.731031,3.768521
0,0.802748,1.686227,0.074494,4.141774
0,0.087300,0.000000,-0.042535,-0.036033
0,1.860630,1.011736,1.234129,7.803019
0,0.859888,1.348982,1.544001,5.990397
0,-0.569222,-0.674491,-0.522734,-3.321732
0,-0.709436,-0.674491,-0.694972,-3.944757
0,-0.865376,-0.337245,-1.031020,-4.426569
1,1.367173,-0.674491,0.429160,3.229158
0,0.788828,1.011736,0.169438,3.403109
0,0.151567,-0.674491,0.327827,-0.169145
0,0.427428,-1.011736,-0.324667,-0.789085
0,0.561530,-1.011736,1.743045,2.545364
0,1.088649,-1.011736,-0.001667,1.444910
0,0.176699,0.337245,-0.737987,-0.378633
0,-0.219422,-0.674491,0.259643,-1.259889
0,0.795331,2.023472,-1.075291,2.886301
0,0.678493,1.011736,1.858734,5.538962
0,-1.092575,-0.674491,0.093205,-3.835615
0,0.319053,0.000000,1.322190,2.548023
0,1.564931,4.046945,-0.510314,8.272664
1,2.369269,-1.348982,2.243502,7.683329
0,1.649793,3.709699,0.645237,9.743648
0,1.419148,-1.011736,1.055298,3.850269
0,-0.585503,0.000000,0.012286,-1.757290
0,-1.624953,2.697963,0.319780,-0.743710
0,0.565774,-0.337245,1.167521,2.566539
0,2.203794,4.046945,0.077356,10.827722
0,1.151437,-1.348982,2.158333,4.302332
1,0.899960,0.000000,0.718157,3.233032
1,1.617154,-1.348982,1.493682,4.591906
0,-0.636718,-0.337245,0.585286,-1.488746
0,-0.849055,0.674491,-0.622849,-2.538420
0,-0.463049,-0.337245,-0.656865,-2.811656
0,-0.778282,-1.348982,-0.700231,-4.974583
0,-0.399692,-1.011736,-0.788584,-3.669748
0,-0.945295,-1.011736,-1.226770,-5.760156
0,-1.356983,0.674491,-0.293682,-3.423726
0,-1.004379,-0.674491,-0.757384,-4.823723
0,-1.049491,2.023472,-0.745223,-1.574703
0,-0.082253,-0.337245,-1.226336,-2.612324
0,0.806234,-0.674491,-0.470780,0.433205
0,0.187121,3.372454,-1.327587,2.572005
1,-0.991173,0.000000,-0.614494,-3.744701
0,-0.620171,0.674491,0.790695,0.108214
0,-0.926984,0.674491,-0.952267,-3.220992
0,-0.492224,-0.674491,-0.162686,-2.597570
0,-0.123122,0.674491,1.475055,2.422983
0,1.882357,-0.337245,1.438226,6.478757
1,-0.921484,0.000000,-1.231084,-4.445576
0,0.232564,0.674491,-0.217566,0.938805
0,-0.058465,-0.674491,-0.427672,-1.818345
1,1.993656,-0.337245,1.360948,6.665340
0,1.216584,-1.011736,0.927129,3.123841
0,-0.081547,0.337245,0.117028,0.160855
1,-1.786641,-0.674491,0.489489,-5.122367
1,0.688420,-0.337245,-0.271831,0.823317
1,2.443739,-1.348982,2.855780,8.763711
0,-1.443609,1.348982,-1.535429,-4.604446
0,1.452617,-1.348982,0.881744,3.271031
1,1.243073,12.815324,1.949394,21.845980
0,-0.081909,1.686227,-0.376098,1.126339
0,0.585447,-1.011736,-0.650562,-0.835283
0,-1.135503,0.337245,-1.151484,-4.484625
0,-1.020407,0.000000,-1.450112,-5.025455
0,0.452539,0.337245,0.767410,2.525819
0,-1.508633,1.011736,0.386125,-2.432145
0,-0.733730,0.000000,-0.696612,-3.174061
0,-0.804689,-0.674491,-0.636941,-4.116103
0,-0.591610,-1.011736,-0.662890,-4.002360
0,-1.159117,1.686227,0.815457,-0.041074
0,-0.164967,0.674491,-1.122397,-1.426972
0,-1.349324,2.360718,-1.526431,-3.082147
0,-1.108320,-1.011736,-0.850717,-5.655169
0,0.898221,1.011736,-0.087939,3.325409
0,0.056033,0.337245,-0.628069,-0.543304
0,-0.925001,-1.011736,-0.686380,-4.928185
0,-0.569391,7.419398,2.660619,11.315637
0,-1.163979,2.023472,1.214778,0.939608
0,-0.849221,4.384190,-0.408444,2.378988
0,-0.428109,-0.337245,-0.600069,-2.636435
0,1.056482,-0.674491,1.112356,3.381060
0,1.365943,1.348982,2.586646,8.844869
1,2.187104,-1.348982,2.855179,8.076194
0,-0.562813,0.337245,-0.736157,-2.354638
0,-0.039255,-0.337245,-0.017669,-0.757884
0,0.801935,-1.011736,0.904008,1.981134
0,-0.228499,-1.011736,-0.424334,-2.687511
0,-0.439267,0.000000,-0.983666,-2.799297
0,-0.327027,0.000000,-0.600449,-1.947501
0,1.416043,-1.011736,0.226933,2.649860
0,-1.382041,1.686227,0.633367,-0.899573
1,2.154417,2.360718,2.155425,11.591022
1,0.252888,-0.337245,0.436444,0.677284
0,-1.125915,0.337245,-0.735909,-3.860918
0,-0.396817,-0.674491,-0.445392,-2.749143
0,1.193883,0.674491,1.229003,5.592666
0,-0.056376,-1.011736,-0.088083,-1.743080
1,0.415143,1.348982,0.652303,3.517197
0,0.382699,0.000000,-0.865955,-0.430648
0,-0.127490,-1.011736,-0.307973,-2.249798
0,1.459202,-0.674491,0.674519,3.828486
0,-1.453428,0.674491,0.568230,-2.441398
0,-0.105684,-1.011736,-1.102327,-3.334609
0,0.289515,0.337245,-0.227701,0.657568
0,0.277494,0.674491,0.233991,1.708854
0,0.394889,-0.674491,0.880533,1.277286
0,-0.101051,2.023472,0.079785,2.150211
1,2.159998,-0.674491,2.847947,8.831316
0,0.468289,0.000000,0.242214,1.393125
0,-1.137839,-0.674491,-1.313630,-5.981302
1,1.607601,2.023472,1.602013,8.912519
0,-1.534145,-0.674491,-1.297024,-7.017761
0,-0.278584,-1.011736,0.742446,-1.142407
0,1.727023,-0.337245,1.884269,6.705045
0,0.828894,-0.337245,-0.214031,1.282349
0,-0.766365,-0.337245,-1.306776,-4.558494
0,-0.169475,2.023472,-0.536940,1.079605
0,0.507861,3.709699,0.205279,6.055151
0,0.428670,-0.674491,1.388440,2.098598
1,2.132087,-1.011736,3.202810,8.848295
0,-0.294757,0.674491,-0.528273,-0.919235
0,0.781998,-0.674491,0.149603,1.261154
0,0.274241,2.023472,0.238354,3.382539
0,-0.266636,2.023472,-0.465469,0.922496
0,-0.371715,-0.337245,-0.321126,-2.084119
0,0.812630,-0.337245,1.576900,3.816161
0,-0.129181,-1.011736,1.808822,0.791958
0,-0.475989,0.000000,0.067599,-1.384675
0,-1.123438,0.000000,2.110013,-0.177752
0,-0.306406,0.000000,0.273884,-0.634074
0,0.349110,-0.674491,0.373238,0.424750
0,-1.669854,2.023472,-1.544890,-4.385350
0,-1.006333,0.000000,-0.195400,-3.182146
0,-0.599978,0.000000,-0.654467,-2.755546
0,-0.681220,-1.348982,-0.738661,-4.770189
0,-1.012783,-0.337245,-0.374237,-3.875793
1,-0.881019,-0.674491,-0.718567,-4.437799
0,1.107357,13.827061,0.669356,20.897839
0,-0.027010,-1.348982,0.211926,-1.651795
0,0.393699,-0.674491,-0.319611,-0.453024
0,-0.545939,1.011736,-0.894273,-1.698979
0,-0.029434,0.674491,0.432482,1.173284
0,0.258361,-0.337245,1.308097,1.946324
0,1.361172,0.000000,0.659730,4.382970
0,1.528025,2.023472,0.302951,6.830126
0,-0.996848,0.000000,-0.674738,-3.846583
0,-0.636512,-0.674491,0.572836,-1.925139
0,-0.603615,0.337245,-0.645393,-2.333191
0,1.314189,-0.337245,0.487861,3.590898
0,-0.771544,0.000000,-0.613809,-3.156074
0,0.477413,0.000000,-0.055416,0.989216
0,1.751914,-1.348982,1.529552,5.004090
1,0.593841,27.654121,3.065500,40.152289
1,0.916592,5.058681,3.007376,12.857359
0,-0.947777,0.674491,-1.578349,-4.177620
0,-0.591993,-0.337245,-0.009114,-2.224481
0,0.379781,2.360718,0.435920,4.368268
0,0.050122,2.023472,0.822871,3.624064
1,2.408943,-1.011736,2.584272,8.698911
0,0.476953,-0.674491,-0.609640,-0.647652
0,-0.720844,0.337245,-0.780669,-2.841525
0,-0.548454,1.686227,0.368811,0.950049
0,1.088061,0.337245,1.198508,4.846617
1,1.193321,12.140834,1.913702,20.823443
0,-0.246461,-0.337245,-1.164953,-2.963343
0,-0.150679,-0.674491,-0.270362,-1.838691
0,-1.281729,-0.337245,-0.325085,-4.524653
0,1.400763,1.686227,1.040022,7.131315
0,0.137795,0.674491,-0.437709,0.368433
0,-1.468324,-0.674491,-0.637441,-5.892444
0,0.562640,-0.674491,0.469725,1.134926
0,0.803999,-0.337245,1.495553,3.676001
1,-0.805113,1.686227,2.048542,2.680634
0,0.102088,-0.674491,-0.958881,-2.153235
0,0.349210,-0.674491,0.170740,0.133602
0,-0.271166,-0.337245,-0.737756,-2.414663
0,0.260967,-1.348982,0.015294,-1.164257
0,0.003383,0.000000,0.713333,0.827207
0,1.395018,-0.674491,-0.176258,2.432402
0,0.688458,-0.337245,1.698375,3.658743
0,0.536787,-0.337245,1.088264,2.374919
0,-0.452733,-1.011736,-0.285706,-3.087974
0,1.113549,-0.337245,-0.129557,2.165539
0,0.024850,-0.337245,0.239901,-0.215698
0,-0.582094,-1.348982,-0.367294,-3.970534
0,1.012283,0.674491,1.910500,6.087519
0,-0.459117,0.000000,0.308449,-0.992926
0,0.008883,2.023472,1.571443,4.590996
0,0.701843,0.674491,-1.135720,0.873090
0,-0.119359,-0.674491,-0.035027,-1.416220
0,-0.429155,0.674491,-0.707775,-1.537152
0,0.892158,-1.011736,1.403501,2.941354
0,0.079845,0.674491,-0.262611,0.465365
0,-0.114272,0.337245,-0.286844,-0.507917
1,1.956312,-0.337245,2.036393,7.537456
0,1.789557,1.348982,0.424339,6.866515
1,1.846308,0.674491,2.713913,9.475229
0,1.913694,-0.674491,2.084921,7.074234
0,0.403156,2.360718,0.018528,3.830140
0,1.096142,-0.674491,-0.493374,1.176368
0,0.051149,0.674491,0.086467,0.890944
0,-0.816606,-0.337245,0.203904,-2.518899
0,-0.803316,-0.674491,-0.712285,-4.220857
0,-0.982680,0.000000,-1.584591,-5.118045
0,-1.199114,-0.337245,-1.049217,-5.345706
0,-0.804706,1.686227,-0.883494,-1.537770
0,1.660828,1.686227,1.414549,8.366127
0,-0.498086,-1.011736,-0.001349,-2.800102
0,-0.398042,-0.337245,-0.403461,-2.273050
1,-0.630906,0.337245,-1.383368,-3.468231
0,-0.474357,0.000000,-0.532736,-2.244250
0,-0.622194,-0.674491,0.861516,-1.471391
0,1.371883,2.697963,0.026765,6.852946
0,0.744227,-0.337245,0.252227,1.726806
0,-1.554652,-0.337245,-0.900115,-6.082409
0,0.116414,0.337245,2.047740,3.469007
0,-0.102168,-0.337245,0.794472,0.242537
0,0.904757,-0.674491,1.515000,3.554549
0,0.141808,-0.674491,-1.000550,-2.106925
1,1.971176,-1.348982,1.807342,5.990514
0,-0.671846,2.023472,0.784337,1.636912
0,-1.098937,0.337245,-0.796147,-3.875423
0,1.119396,-0.337245,0.653836,3.308563
0,-1.659493,-1.011736,0.506498,-5.176720
0,0.693130,0.337245,0.734229,3.121796
0,-0.567961,0.000000,-0.957204,-3.105550
0,-0.998752,-0.674491,-1.574120,-5.984030
0,-0.742240,-1.011736,-0.627330,-4.354211
0,-0.047295,1.686227,-1.058241,0.237280
0,-0.836601,-0.674491,-0.421937,-3.892075
0,0.135145,-0.674491,0.150194,-0.468716
1,1.367280,-1.348982,0.681067,2.753909
0,-0.744828,-0.337245,-0.988626,-4.043023
0,0.049144,0.337245,-0.903491,-0.958097
0,-0.020871,2.023472,0.749413,3.328403
1,2.216496,6.070417,2.589534,16.991149
0,-1.600366,-1.011736,-0.833561,-6.946998
0,0.443759,1.686227,1.739000,5.576654
0,-0.162455,-0.337245,0.263384,-0.683057
0,-0.982144,0.674491,-0.752767,-3.081476
0,-0.810164,0.337245,0.288913,-1.541271
0,-0.172121,-0.674491,-0.409071,-2.095677
0,-1.536282,-0.337245,-1.148620,-6.390883
0,-0.363139,-0.337245,-0.850847,-2.823497
0,0.130048,0.337245,-0.395180,-0.010121
0,-0.458885,0.337245,-1.556131,-3.256594
0,-0.756793,-1.348982,-0.374831,-4.448805
0,-0.647024,0.674491,-0.686889,-2.090025
0,-0.099396,1.011736,0.161824,1.015618
0,-0.167589,1.011736,-0.968112,-0.792928
0,-0.787213,-0.674491,-0.539942,-3.929753
1,2.467723,-1.348982,2.599219,8.458665
0,-0.535813,0.000000,-0.275694,-2.038773
0,-0.181597,0.674491,0.198327,0.429185
0,-1.024184,0.337245,-1.955190,-5.343393
0,0.786492,0.337245,0.446084,2.956926
0,0.186024,0.000000,1.387283,2.285766
0,1.054721,1.348982,0.678414,5.266026
0,-0.013009,-1.011736,-0.989354,-2.924067
0,-0.196662,-1.011736,-0.267902,-2.377209
0,0.605458,-0.337245,-0.633321,0.081123
0,-0.604862,-0.337245,-0.107648,-2.400712
0,-0.119557,-0.337245,-1.330724,-2.862358
0,0.620163,0.337245,1.114482,3.473785
0,0.741373,3.035208,0.534116,6.315110
0,-0.621361,-0.337245,0.551450,-1.496349
0,-0.903178,1.011736,-0.020827,-1.397833
0,-0.740667,-0.674491,-0.440885,-3.662660
0,-1.364147,0.674491,-1.376156,-5.000683
0,-1.134487,-0.337245,-0.460057,-4.324929
0,0.141779,0.000000,1.346227,2.108299
0,-1.450319,-0.674491,-0.695447,-5.927747
0,0.354272,0.337245,0.642500,2.083138
0,-1.227627,-0.674491,-0.197678,-4.615572
1,2.078589,-1.348982,3.418659,8.596756
0,0.013252,0.337245,-1.180646,-1.452984
0,-1.596212,-0.674491,-1.082506,-6.875113
0,-0.489288,0.000000,0.581110,-0.681263
0,-0.205858,-0.337245,-0.310537,-1.625115
0,-1.036556,0.000000,-0.106962,-3.135738
0,0.295324,-0.674491,1.563408,1.993614
0,0.037807,0.674491,-0.357619,0.216161
0,-0.814753,0.674491,-0.972355,-2.949614
0,0.826291,1.348982,0.357661,4.193244
0,-0.667697,-0.674491,-0.374560,-3.371973
0,0.260626,-1.011736,-0.423007,-1.376901
0,-1.380075,-1.011736,-0.105849,-5.310337
0,0.326567,-1.011736,1.519486,1.594974
0,0.029747,0.000000,0.782951,0.997937
0,0.012163,1.686227,0.364083,2.443233
1,0.929087,-0.337245,1.930125,4.636080
0,0.463859,-0.674491,0.603560,1.063229
0,1.819953,2.360718,0.233318,7.930028
0,-0.633691,-0.674491,-0.871664,-3.996370
0,0.978046,-0.337245,0.357296,2.503618
0,-0.394906,0.000000,-1.158417,-2.932089
0,-0.742751,1.686227,1.752505,2.421463
0,1.417761,2.360718,1.180439,8.216921
0,-0.040693,-0.337245,-0.479146,-1.425844
0,0.690921,-1.011736,-0.545196,-0.401446
0,0.018396,-0.674491,0.609704,-0.119810
0,0.138077,0.674491,1.787770,3.571873
0,2.491519,-1.011736,2.654903,9.021496
0,-0.286390,-1.011736,-0.573311,-3.056799
0,0.628631,-1.348982,1.377567,1.779912
0,0.663771,3.372454,1.744076,8.267760
0,-0.098771,-0.337245,-0.787725,-2.025315
0,-1.243858,3.372454,-1.433253,-1.408787
0,1.284747,-1.348982,0.437313,2.182296
0,0.328919,0.674491,-1.294516,-0.353228
0,0.941829,1.348982,-0.123109,3.810500
0,-0.943588,1.348982,-0.127022,-1.239751
0,0.343190,-0.674491,-0.222873,-0.448951
0,-0.067747,-0.337245,-0.412703,-1.402612
0,-0.929550,2.023472,0.121505,-0.006481
0,1.714894,0.674491,1.581638,7.494160
0,-1.086602,0.674491,-1.054860,-3.795707
0,0.970449,0.000000,-0.144163,2.180669
1,1.249311,1.348982,0.690742,5.804413
0,-0.447693,-0.674491,2.947128,1.996910
0,-1.240136,1.011736,-0.568299,-3.087265
0,-0.096134,1.686227,-0.410098,1.039348
0,1.827082,-1.348982,0.384010,3.556660
0,0.512451,-1.011736,1.595244,2.201349
0,-0.486164,0.000000,0.267679,-1.123963
0,1.230230,0.674491,0.318457,4.379548
0,-0.809961,-0.337245,-1.129117,-4.419471
0,-0.212587,0.000000,-0.172232,-1.025057
0,-0.874929,2.023472,-0.261840,-0.412011
0,-0.048358,-1.011736,-0.519820,-2.342942
0,-0.087057,3.035208,1.201769,5.059383
0,-0.506247,0.337245,-0.915037,-2.460717
0,-0.537879,-1.011736,0.444718,-2.264636
0,0.762661,0.000000,-0.434185,1.207341
0,-0.349971,0.000000,0.277731,-0.745099
0,-0.589734,0.000000,-0.530539,-2.549791
1,1.556113,0.000000,2.803868,7.990181
0,-0.531239,0.000000,-0.377036,-2.172374
0,-0.652729,0.000000,-0.478981,-2.644144
0,-0.858234,-0.674491,-0.559350,-4.147707
0,-0.694811,-1.348982,-1.013941,-5.202709
0,0.815008,1.011736,0.983972,4.645352
0,0.492735,2.360718,-0.175917,3.789992
0,-0.545418,-1.011736,0.079434,-2.810489
0,2.337599,1.348982,1.620153,10.053752
0,1.198954,2.697963,0.039022,6.407898
0,-1.017568,-1.011736,-0.262791,-4.566270
0,-1.734770,-0.674491,-1.358572,-7.643127
1,0.460633,0.337245,0.693514,2.441133
0,-0.045559,1.348982,2.106591,4.377407
0,0.256151,0.674491,1.213587,3.061486
0,1.332737,22.932686,3.606410,37.041318
0,0.207544,-0.674491,-0.205057,-0.786248
0,0.774195,-0.337245,1.151862,3.101653
0,2.461323,24.618913,1.832304,39.602984
0,0.423224,0.000000,-0.123474,0.746286
0,-0.676959,-1.011736,0.009740,-3.262738
0,-0.894795,0.000000,-0.725057,-3.645944
0,-1.088935,-0.337245,-1.134932,-5.174263
0,-0.687479,-0.674491,-0.941385,-4.240621
0,0.888050,3.035208,0.533272,6.706345
0,0.801025,-1.348982,0.177033,0.513481
0,-0.521899,1.686227,0.432186,1.112302
0,0.384535,0.000000,-0.914362,-0.495397
0,0.315295,-0.674491,0.055728,-0.122654
0,-0.186462,-0.674491,-0.341907,-2.037390
0,-0.657626,0.000000,-0.045444,-2.033343
0,1.169910,2.023472,0.749691,6.514857
0,1.427889,2.697963,0.887146,8.240972
0,-0.325923,-0.337245,0.878681,-0.234956
0,-0.543226,1.348982,-0.071492,-0.088629
0,-0.478555,0.000000,-1.148983,-3.142324
0,-1.003217,-0.674491,-0.548736,-4.520347
0,-1.173359,-0.674491,-1.362237,-6.146289
0,-0.671398,0.000000,-0.345604,-2.502152
1,-0.042121,0.337245,-0.444924,-0.542363
0,-0.575120,1.011736,-0.902674,-1.789147
0,-0.354135,0.674491,0.023277,-0.284370
0,1.043852,0.000000,-0.248828,2.226442
0,-0.071304,0.000000,-0.320900,-0.860988
0,-0.535411,0.000000,0.559478,-0.835801
0,0.376666,-0.337245,-0.559282,-0.424481
0,-1.009839,0.000000,-0.825389,-4.098141
0,0.110238,1.348982,0.286242,2.174593
0,-0.695810,1.686227,0.397558,0.597153
0,-1.062791,0.000000,-0.333502,-3.531945
0,-0.116283,0.674491,-0.608507,-0.557175
0,-0.807563,0.337245,-1.017158,-3.413880
0,-1.245089,-0.674491,-0.389095,-4.937763
0,-0.427399,-1.011736,-0.754935,-3.695458
0,-0.789365,1.348982,1.385598,1.349699
0,-0.224362,2.697963,-0.255687,2.175556
0,-1.359746,0.000000,0.101253,-3.700823
0,-0.105531,-0.674491,0.447471,-0.684858
0,0.767170,0.000000,-0.235670,1.505088
0,0.249805,-0.674491,0.745962,0.695437
0,0.225873,-1.348982,-0.410820,-1.871375
0,-1.432198,1.348982,0.639379,-1.444150
0,-0.754499,0.337245,-0.063025,-1.898808
0,-0.502639,12.478079,2.092683,16.962332
0,0.892502,1.686227,-0.046567,4.207701
0,1.311164,2.697963,2.317288,9.986779
0,-0.626893,2.023472,-0.998889,-0.809052
0,-0.018305,3.709699,-1.297583,2.484575
1,2.139064,0.337245,3.139261,10.451617
0,-1.530060,-0.337245,-1.034022,-6.209319
0,-0.453329,-1.011736,-1.034240,-4.166785
0,-0.430160,0.000000,0.490182,-0.653916
1,0.576375,13.152570,0.955866,19.051404
0,-0.322437,0.674491,-0.499780,-0.952292
0,-0.296914,-0.674491,-0.396736,-2.411821
0,1.613906,0.674491,0.970344,6.344244
0,-0.238963,1.011736,-0.383350,-0.142365
0,1.424083,3.372454,2.032203,10.716694
0,-1.298506,0.674491,-0.791054,-3.983034
0,1.029311,0.000000,0.228836,2.874941
0,-1.095590,-1.011736,-0.600698,-5.261308
0,-1.190999,-1.011736,-0.446475,-5.294641
0,-1.391434,0.337245,-0.954667,-4.886154
0,-0.007233,1.686227,0.014669,1.888494
0,0.251366,3.709699,2.076474,8.061710
0,0.947666,3.035208,0.749718,7.177342
0,-0.230928,2.023472,0.460457,2.350538
0,-0.403599,-1.011736,-0.110251,-2.704013
0,-0.450597,-0.674491,-0.305481,-2.691691
0,0.104094,0.000000,1.448294,2.154354
0,-1.085555,-0.337245,-0.299044,-3.962293
0,0.095566,2.023472,0.940769,3.915321
0,-0.308839,-0.337245,-0.786083,-2.585010
0,0.547763,1.011736,0.513606,3.253408
0,1.771610,4.721435,0.339570,10.886779
0,1.442141,-0.337245,0.085742,3.354558
0,-1.028544,-0.674491,-0.514509,-4.538856
0,1.355385,0.337245,1.781073,6.400239
0,1.103751,-0.337245,1.747296,4.840302
0,-1.559745,-1.011736,-1.111139,-7.237776
0,-1.158978,-0.337245,-1.008123,-5.179179
0,-0.591456,0.000000,1.208356,-0.051955
0,-1.133898,0.000000,-0.175596,-3.494956
0,0.095144,2.697963,0.931556,4.738990
0,-1.227074,-1.011736,-0.230236,-5.079974
0,-0.349257,-0.337245,-0.294214,-1.985303
1,0.218638,-0.674491,0.274139,-0.066953
0,-0.104276,0.674491,1.005404,1.797532
0,0.137716,-0.337245,-0.130557,-0.446839
0,-0.263404,-0.337245,-0.871398,-2.586219
0,-0.967412,0.337245,-0.708325,-3.397130
0,-1.299472,0.674491,-0.598342,-3.708286
0,-1.255213,0.337245,-1.002039,-4.589855
0,0.445701,0.000000,-0.092092,0.851587
0,1.079234,-0.674491,0.569090,2.660120
0,0.714573,0.337245,2.180489,5.260481
0,-0.812466,-0.674491,-0.089902,-3.349666
1,2.403905,-0.674491,1.550884,7.617310
0,0.438790,4.046945,-1.117681,4.385500
0,-0.815948,-0.337245,-1.089926,-4.379089
0,-0.273951,1.011736,2.198619,3.479732
0,0.569054,1.686227,-1.190935,1.695424
0,-0.017130,-1.348982,-0.058848,-2.015029
0,0.150684,-1.011736,-0.414253,-1.658463
1,1.949484,14.501551,1.007136,24.475185
0,-1.775455,0.674491,0.176396,-3.866901
0,-0.077669,1.011736,-1.051875,-0.672881
0,-1.051926,-0.674491,-0.711675,-4.885160
0,0.750325,2.023472,0.536436,5.085317
0,0.783899,-0.674491,2.519473,4.676719
0,1.122006,0.337245,1.695700,5.652949
0,0.431568,1.011736,1.508537,4.374320
0,-1.092459,-1.011736,0.721903,-3.349575
0,0.423787,0.337245,-1.248497,-0.452201
0,-0.577298,0.337245,-0.402268,-1.912894
0,1.220935,0.337245,1.999230,6.354452
1,-0.824128,6.070417,2.593832,8.861840
0,-1.132009,0.337245,1.420657,-0.773708
0,-1.022638,1.011736,-1.187190,-3.395972
0,0.789996,4.721435,0.218005,8.085427
0,-0.591774,-0.674491,-0.600280,-3.493668
0,0.409554,0.337245,-0.132843,1.115256
0,0.313851,-0.337245,0.447173,0.855839
0,-0.028261,-1.011736,0.033493,-1.492898
1,0.351537,1.686227,0.445227,3.468035
0,-0.705672,-1.348982,-1.125065,-5.391686
0,-0.066200,-0.337245,-0.155964,-1.029000
0,0.134501,-1.011736,-1.035804,-2.596237
0,-0.084899,-1.011736,-0.465952,-2.363189
0,0.579039,3.372454,1.687603,7.959780
0,-1.563663,0.337245,-1.266513,-5.795749
0,-0.204786,-0.674491,-0.694813,-2.594285
0,-1.323007,0.674491,-0.176479,-3.164154
0,-0.597420,-0.674491,-0.624084,-3.543033
0,0.241988,0.000000,-0.792432,-0.701325
0,-0.084084,-0.674491,-0.866411,-2.518283
0,2.134241,1.011736,1.184497,8.463668
0,1.557286,3.035208,1.071762,9.271892
0,-1.040925,-1.011736,-0.706240,-5.266930
0,-0.846779,-0.674491,-1.186755,-5.019955
1,0.778989,30.352084,2.041189,42.525803
0,1.439200,0.337245,0.699866,5.068526
0,-0.518928,-1.011736,-1.199696,-4.580408
1,2.151482,-0.337245,3.125109,9.626421
0,-0.764782,-0.674491,-0.487155,-3.793769
0,0.781326,2.360718,1.229893,6.585247
0,0.072677,-1.011736,-0.476034,-1.956087
0,-0.673248,-0.337245,-0.079616,-2.543345
0,0.079750,2.023472,0.097827,2.659927
1,-0.375347,-0.337245,-0.904377,-2.933196
1,2.522620,44.853636,2.840903,66.360108
1,2.522620,44.853636,2.840903,66.360108
0,-0.396974,1.686227,-1.125676,-0.795367
0,1.250228,2.023472,-0.316221,5.195801
0,1.650229,2.697963,-0.050158,7.486988
0,1.651173,3.372454,-0.459714,7.738177
0,1.333314,-0.337245,0.538773,3.715336
1,0.392328,1.348982,0.869579,3.768834
0,0.243645,-1.348982,0.700706,-0.224226
0,-0.664541,-0.674491,-1.032374,-4.310191
0,-0.148228,-0.674491,0.621410,-0.548781
0,0.641295,-1.348982,1.460942,1.933781
0,0.429414,0.337245,0.674491,2.330227
0,-0.261537,1.011736,0.524405,1.103585
0,-1.305319,-1.011736,-0.896076,-6.247538
0,-0.165199,-0.337245,-0.709639,-2.090675
0,-0.968294,-1.011736,-1.211080,-5.799114
0,-1.467785,2.023472,0.308426,-1.177586
0,0.022497,-1.011736,-0.867832,-2.654186
0,-0.149118,0.000000,0.230953,-0.275015
0,0.235281,-0.674491,2.090856,2.592015
1,1.838678,3.372454,0.079796,9.016276
0,1.142621,6.070417,-0.285020,9.981118
0,-1.263847,-0.674491,-1.113594,-6.030575
0,1.412586,0.674491,1.211099,6.152063
0,-1.019645,-0.337245,-1.358157,-5.310114
0,-0.584152,1.011736,2.011280,2.380159
0,1.260691,-0.337245,1.886430,5.460438
0,0.134286,0.000000,0.581601,0.987877
0,-1.197398,0.000000,-1.699157,-5.857415
0,-0.481985,-0.337245,0.278604,-1.516088
0,-0.535431,-0.674491,-0.549112,-3.269281
0,0.385831,-1.011736,0.132479,-0.242502
0,-1.105131,4.384190,-0.047888,2.213153
0,-0.886001,-0.337245,-0.451099,-3.647188
0,0.351516,-0.337245,0.096406,0.451827
0,1.088862,-1.011736,0.564599,2.260390
0,-1.080876,-0.674491,-0.249489,-4.297487
0,0.174730,2.697963,-0.435960,2.983937
0,0.730078,-0.337245,-0.414074,0.730074
0,0.687292,1.011736,0.054363,2.965835
0,0.666948,0.337245,-0.089360,1.866514
0,-1.456963,0.000000,-0.758237,-5.197828
0,0.275869,-0.337245,-0.756534,-0.978040
0,0.338434,0.337245,0.082709,1.235167
0,-0.407351,-0.674491,0.389618,-1.575665
0,0.678264,1.348982,-0.292939,2.860904
0,0.124998,0.674491,0.791682,2.103409
0,-0.812808,0.337245,0.961214,-0.580840
0,-0.488228,-1.348982,-0.046489,-3.257715
0,-0.012851,-0.337245,0.256867,-0.292154
1,2.075758,2.697963,1.129987,10.323882
0,-1.429813,0.000000,-0.427365,-4.649030
0,-0.885682,0.000000,-0.823152,-3.762729
0,0.704413,2.023472,3.010740,8.523249
0,-0.437654,-0.674491,-0.910502,-3.527745
0,-0.670226,5.733171,0.285548,5.532740
0,-0.136749,-0.674491,-1.473818,-3.533311
0,0.868406,1.348982,1.491876,5.938176
0,-1.833301,1.686227,0.227151,-2.691551
0,0.950386,2.023472,0.862848,6.090341
0,0.218695,-1.348982,-0.661676,-2.251587
0,-0.868151,0.337245,-0.900835,-3.408588
0,-1.080130,-0.337245,-0.658950,-4.465719
0,0.632496,0.000000,0.050376,1.556402
0,0.539604,2.360718,1.840230,6.816833
0,1.374321,0.674491,0.812909,5.476645
0,1.061827,-1.348982,0.292136,1.376926
0,1.806890,-1.011736,1.752731,5.891389
0,-1.122648,0.000000,0.050492,-3.139495
0,0.222965,2.360718,-1.340415,1.392366
0,0.131044,-0.674491,0.094087,-0.560433
0,-1.364190,-0.674491,-0.108364,-4.852427
1,1.914655,0.337245,0.284508,5.742912
0,0.306519,0.337245,-0.422422,0.422842
0,-0.879988,0.337245,-0.907634,-3.450046
0,-1.394798,0.000000,0.222714,-3.619814
0,-0.126726,0.337245,-0.234427,-0.465804
0,-1.352248,1.686227,-1.191057,-3.445387
0,0.985786,-1.348982,0.139478,0.953781
0,-0.582318,0.337245,-1.049778,-2.858158
1,2.115640,0.000000,2.565330,9.143973
0,0.662087,-1.348982,1.619206,2.217168
0,-0.395340,0.337245,0.597070,0.012100
0,-1.174510,0.674491,-1.376610,-4.493944
0,-0.975942,-0.674491,-1.270078,-5.485456
0,-0.422686,-0.674491,-0.127140,-2.360361
0,-1.400059,2.023472,-1.357932,-3.394432
0,-0.880053,0.000000,-1.117905,-4.171846
1,2.498559,-1.348982,2.635320,8.593124
1,0.732099,-1.011736,-0.281630,0.088030
0,1.672295,-1.011736,1.363318,4.970862
0,-1.652538,3.035208,0.100206,-0.714478
0,-0.577365,-0.337245,-0.938945,-3.523461
0,-1.691187,1.348982,-1.188665,-4.767840
0,-0.283219,-0.337245,1.190136,0.327516
0,-0.504415,-1.011736,-0.882872,-4.085637
0,-1.301398,4.384190,2.380338,5.182480
0,0.623290,5.058681,2.226739,10.949186
0,-0.305351,-1.011736,0.025282,-2.246097
0,-0.599374,-0.337245,0.043549,-2.168442
0,0.138285,-1.011736,-0.466041,-1.766167
0,0.538793,2.023472,2.763728,7.724641
0,-1.007451,1.686227,-0.286844,-1.221596
0,-1.112214,0.000000,-0.676962,-4.158455
1,0.762424,13.489815,0.500638,19.313105
0,-1.759866,2.023472,0.739912,-1.338124
0,-0.161580,-1.348982,0.038318,-2.261691
0,-1.569575,-0.337245,-0.870819,-6.080177
0,-0.934687,0.000000,1.754112,-0.184906
0,0.721624,0.337245,-0.786497,1.009557
0,-0.888410,0.337245,1.455087,-0.072388
0,-0.105461,-1.011736,-0.519636,-2.495460
0,-0.767068,0.000000,-0.154187,-2.482658
0,-0.968809,-0.674491,-0.640680,-4.560603
0,0.429636,0.337245,1.167605,3.040462
0,-0.758390,-0.337245,-0.649446,-3.591192
0,0.843901,3.035208,0.392478,6.385603
0,1.963274,0.337245,-0.252045,5.100846
0,-0.962741,0.674491,-0.482777,-2.641020
0,-0.520647,-0.674491,-0.702162,-3.449979
0,-0.945029,0.337245,-0.440323,-2.951563
0,-1.036909,-0.337245,-0.975036,-4.804956
0,-1.485368,-0.337245,-0.847431,-5.821215
0,-0.624447,-1.011736,-0.919960,-4.460166
0,-0.467741,0.674491,0.650523,0.314336
0,0.198937,-1.011736,1.743285,1.575556
0,-1.239849,-0.674491,0.565190,-3.550431
0,-0.046767,0.337245,0.094558,0.221577
0,0.906538,2.697963,0.010516,5.584486
0,0.125363,-0.337245,0.440928,0.342534
0,-0.164981,0.000000,0.232876,-0.314692
0,0.854198,0.674491,1.581773,5.191478
0,-0.512968,-0.674491,0.338256,-1.932168
0,0.190114,0.337245,1.123121,2.335579
0,-0.708754,0.000000,0.203685,-1.811619
0,0.963051,13.489815,1.096905,20.707990
0,-0.311985,1.348982,-1.008911,-0.818962
0,-0.778148,-0.674491,-1.433037,-5.190751
0,0.576219,-0.337245,0.200887,1.203402
0,0.832318,1.348982,-0.670816,2.729290
0,0.004690,1.348982,0.149325,1.695153
1,1.784448,-1.011736,1.273687,5.141950
0,1.701378,0.674491,-0.354453,4.671768
0,0.259374,-0.674491,-0.941021,-1.706697
0,-1.563028,-0.674491,0.215879,-4.917821
0,0.486669,1.686227,-0.466588,2.517403
0,-0.433160,0.000000,0.439818,-0.734420
0,-1.059864,-0.337245,-1.098187,-5.043602
1,0.100688,-1.348982,-0.590563,-2.464989
0,-1.188333,0.000000,-0.165215,-3.625665
0,0.612256,-1.011736,0.774152,1.286754
0,0.068239,-1.011736,-0.179106,-1.540654
0,2.274396,-1.348982,0.772807,5.313012
0,-0.475708,2.023472,-1.013425,-0.425459
0,1.182448,0.337245,0.073162,3.479674
0,1.893278,33.724538,0.991586,48.186984
0,-0.612399,-0.337245,1.760919,0.268176
0,-0.442629,0.337245,-1.162842,-2.647116
0,0.658855,-0.674491,-0.042474,0.655253
0,-1.385624,0.337245,-0.176394,-3.750596
0,1.352115,-1.348982,1.010222,3.187020
0,-1.298708,1.348982,-0.728674,-3.055747
0,-0.465883,-0.337245,-0.972696,-3.273751
0,0.737862,-0.674491,0.502435,1.650822
0,0.898652,-1.011736,-0.687375,-0.050250
0,0.389092,-1.011736,-0.044633,-0.488659
1,0.908401,-1.011736,0.835186,2.166950
0,-0.313639,-0.337245,0.217049,-1.154245
0,-0.315802,2.023472,-0.638832,0.541463
0,0.218957,-0.337245,0.423995,0.568585
0,0.918356,2.697963,-0.081938,5.483057
0,-0.023551,-1.011736,-0.470951,-2.206240
0,-0.524963,0.000000,-0.660570,-2.563616
0,-0.941297,-0.674491,-0.696041,-4.566662
0,-0.088183,0.337245,0.683497,0.958306
0,-0.464398,-0.674491,-0.470261,-2.965750
0,-0.163435,1.686227,0.347744,1.949889
0,-0.084106,-0.337245,-0.413348,-1.447311
0,-1.524236,0.337245,-0.982381,-5.281364
0,1.165482,-0.337245,-0.433618,1.866915
0,-1.335418,0.337245,-0.513500,-4.101395
0,1.411631,2.360718,-0.500099,5.782060
0,-0.087647,-0.674491,-0.130666,-1.469003
0,-0.154720,1.011736,-1.319358,-1.263974
0,0.038029,7.082153,2.397361,12.142968
0,1.235291,0.000000,-0.420139,2.492123
0,-0.911198,-0.337245,-1.108902,-4.661249
0,-0.900959,-1.011736,-0.812916,-5.045957
0,-0.158245,0.674491,-0.974311,-1.195876
0,0.520836,0.674491,0.110827,2.182694
0,-0.198200,-0.337245,-0.554048,-1.955061
0,-0.522886,-1.011736,0.730481,-1.813281
0,0.478650,2.023472,1.473054,5.706311
0,-0.593057,1.686227,-1.030625,-1.183218
0,-0.390340,0.674491,0.476665,0.271229
0,-0.229828,-0.674491,-0.098778,-1.803534
0,0.869047,0.337245,0.387190,3.093054
0,-0.100068,1.686227,0.726834,2.664982
0,-1.171877,0.674491,-1.455002,-4.599714
0,0.105344,2.023472,2.027033,5.504726
0,-0.311835,-0.674491,0.760020,-0.787054
0,0.612685,-0.337245,0.401173,1.589200
0,-1.248547,0.337245,-1.032379,-4.615680
0,0.078229,-1.348982,0.176562,-1.421111
0,-0.207723,-0.674491,-0.934340,-2.946848
0,-0.126842,2.023472,-0.628705,1.061617
0,-0.032759,-1.011736,1.264836,0.267092
0,-1.099650,0.000000,-0.569470,-3.970146
0,0.631221,-1.011736,0.167201,0.464031
0,0.123337,0.000000,-0.411182,-0.470131
0,2.466824,-0.674491,1.963570,8.379552
0,0.662307,0.000000,0.581613,2.400668
0,0.943585,2.023472,-0.463449,4.163471
1,2.364716,-1.011736,2.851082,8.964544
0,-1.223554,0.000000,-0.486059,-4.181628
0,-0.066522,0.674491,-1.267469,-1.372347
0,0.090718,0.337245,0.907909,1.759925
0,1.448804,1.348982,1.127293,6.966418
1,0.384450,-0.674491,1.599510,2.284036
0,1.241198,0.000000,1.158553,4.779823
0,0.230405,-0.337245,1.987360,2.849053
0,-0.074602,-0.337245,0.116545,-0.659312
0,-0.218323,-1.348982,0.319649,-2.008649
0,-0.002856,0.337245,0.222479,0.523155
0,-0.653972,-0.337245,0.284110,-1.968332
0,-0.320848,-0.674491,-1.064061,-3.436207
0,-0.643146,0.337245,-0.141490,-1.713792
0,0.522615,-1.011736,0.306277,0.373589
0,0.358399,2.697963,1.138771,5.741558
0,0.562265,-0.337245,-0.228705,0.547840
0,-0.388177,-1.011736,-0.863029,-3.746072
0,0.634931,0.000000,1.296553,3.356291
0,-0.983419,0.337245,-0.825884,-3.609139
0,-0.944906,0.000000,-0.920479,-4.061253
0,-1.174348,2.023472,1.039565,0.659716
0,0.899871,-0.674491,-0.125137,1.181155
0,1.525695,18.548496,4.086549,32.801208
0,-0.967128,1.686227,-1.347407,-2.639965
0,-0.368401,0.337245,-0.215070,-1.084572
0,0.169085,-1.348982,1.575488,0.835179
0,0.401521,0.337245,0.859663,2.522076
0,-0.837389,-1.011736,-1.136296,-5.341244
0,0.979582,-1.011736,0.105729,1.307643
0,-0.895486,-0.337245,-1.393190,-5.028329
0,-0.428809,-1.011736,0.874031,-1.354985
0,-2.023194,-1.011736,-0.811063,-8.045941
1,0.715367,0.000000,1.030642,3.188834
0,1.110369,0.674491,0.966767,4.991831
0,-0.097895,-1.011736,-0.673224,-2.696248
0,-0.837738,-0.337245,-0.785463,-3.999240
0,1.223767,1.686227,0.391544,5.724519
1,0.540499,-0.674491,0.045677,0.465438
0,-1.698064,0.000000,-0.887193,-6.028500
0,-1.691465,-0.674491,-0.800975,-6.724822
0,-0.569764,0.337245,0.685460,-0.327387
0,0.342022,1.348982,-0.337520,1.897098
0,0.395668,1.686227,0.451871,3.595673
0,0.338672,1.686227,0.263276,3.171767
0,1.970795,-0.674491,1.858333,6.900932
0,-0.775589,1.011736,-1.089705,-2.594678
0,1.185691,8.093889,2.780652,17.022329
0,0.217303,3.372454,1.461512,6.666550
0,0.060506,1.011736,-0.097157,1.070754
0,0.454087,2.023472,-0.745093,2.448456
0,0.580294,2.697963,-0.236561,4.356020
0,-0.717685,0.674491,0.236030,-0.950911
0,0.881597,0.000000,1.417961,4.190989
0,-0.172778,2.023472,-0.338942,1.355707
0,-0.164733,1.011736,0.330401,1.083404
0,0.050637,-1.011736,-0.014461,-1.350808
0,0.857576,0.337245,-0.383192,1.953705
0,0.546153,2.023472,1.004852,5.213135
0,0.888995,-0.674491,-0.102668,1.184389
0,-1.372100,0.000000,-1.055932,-5.399183
0,1.110606,-1.011736,0.746114,2.579787
0,0.132584,2.360718,0.636364,3.995325
0,-1.231419,-0.674491,-1.034751,-5.830350
0,0.366469,3.709699,-0.725448,4.337434
0,-1.453060,1.011736,-0.805339,-3.998089
1,1.526763,-1.011736,1.650070,4.994141
1,-0.344578,7.419398,2.991948,12.393963
0,-0.132318,2.023472,0.575588,2.780064
0,0.580066,-0.674491,-0.422413,-0.102324
0,-1.756168,0.337245,0.194621,-4.208096
0,1.571929,-0.674491,1.998609,6.035596
0,1.047771,0.337245,0.616265,3.900909
1,2.137103,-0.674491,2.325538,8.018260
0,0.191209,4.721435,-0.208124,5.870071
0,-0.380548,-0.337245,-1.072556,-3.189138
0,-1.261723,-0.674491,-1.075981,-5.970766
0,-0.331455,0.000000,0.141492,-0.891621
0,-1.225422,0.337245,-1.085544,-4.630319
1,2.329231,-1.011736,2.874124,8.902759
1,1.078368,-0.674491,1.755121,4.364622
0,-0.551020,1.686227,-1.083137,-1.146316
0,0.901417,0.674491,0.452968,3.693354
0,-0.013649,1.011736,1.607816,3.325972
0,-1.441347,0.337245,0.590845,-2.795555
0,0.517988,0.337245,1.810955,4.202701
0,0.461530,-1.348982,-0.363175,-1.172286
0,-0.491494,3.372454,0.336395,3.150938
1,2.193382,0.337245,1.519723,8.266274
0,0.060890,-0.674491,0.348691,-0.381736
0,-0.293411,2.697963,-1.241878,0.571583
1,1.241852,4.384190,2.003215,11.444482
1,1.976633,6.744908,2.650814,17.275613
0,0.131132,-1.011736,-0.503159,-1.838721
0,1.010328,0.000000,0.725088,3.538307
0,-0.539989,-0.337245,-0.280258,-2.475542
0,0.111086,0.000000,-0.568653,-0.729527
0,0.397836,-1.348982,0.713838,0.207225
0,-0.565240,0.000000,0.849418,-0.498358
1,-0.018115,-0.337245,0.389147,-0.115875
0,0.967371,-1.011736,0.400419,1.699058
0,0.095615,0.337245,0.851718,1.692163
1,0.973049,-1.011736,0.518172,1.883709
0,0.446823,-0.674491,0.307573,0.591694
0,2.450995,0.337245,2.081558,9.764080
0,-0.420725,-0.674491,-1.171880,-3.858599
0,-0.359466,0.000000,-0.445843,-1.811801
0,1.011373,-1.011736,-0.234163,0.903562
0,-0.468822,-1.011736,-0.312059,-3.168948
0,-1.232812,-0.674491,-0.482763,-5.039710
0,0.777324,-0.674491,-0.105851,0.881024
0,-0.440414,2.023472,-0.054272,1.049290
0,0.851473,4.384190,-0.055297,7.437579
0,-0.270706,1.686227,-0.986727,-0.257562
0,-1.699970,-0.337245,-0.422990,-5.784593
0,-0.147709,20.909214,1.106710,26.968755
1,1.944052,0.337245,2.898511,9.583379
0,0.016675,0.337245,0.554759,1.053597
0,1.597819,0.674491,0.631977,5.814257
0,-0.912160,-1.011736,0.291210,-3.486977
0,0.871639,0.337245,-0.140523,2.340558
0,-0.150742,-1.011736,-0.267783,-2.254173
0,-0.212673,3.709699,-0.829745,2.637788
0,-0.083486,-1.348982,0.749843,-1.028786
0,1.507097,0.000000,2.069132,6.801678
0,-1.275304,0.000000,-0.638759,-4.539841
0,1.814646,2.023472,0.967392,8.553206
0,0.151888,-1.348982,0.176585,-1.223994
0,0.863216,1.348982,-0.130866,3.589001
0,-1.258621,3.035208,-0.541005,-0.583281
0,-1.357102,0.000000,-1.267489,-5.663506
0,-0.338960,0.000000,-1.310185,-3.000809
0,-0.655066,0.000000,-0.681786,-2.942253
0,0.496156,0.337245,0.696241,2.540103
0,2.106890,6.407662,0.168570,13.632904
0,0.005276,-1.348982,0.520811,-1.120894
0,0.032848,-0.674491,-1.283382,-2.805481
0,1.170089,0.337245,-0.066374,3.245799
0,-0.848850,-0.674491,-1.018041,-4.782700
0,0.927030,-1.011736,-0.389445,0.454428
0,-1.107264,0.674491,-0.060006,-2.419296
1,2.310534,-1.348982,3.292847,9.036292
0,1.075499,1.348982,0.955785,5.720785
0,-0.320066,-1.348982,-1.334939,-4.661989
0,0.715928,-0.337245,0.154476,1.510417
0,-0.507068,0.000000,-1.372274,-3.539952
0,-1.166795,-0.674491,-1.362287,-6.128798
0,0.086444,-1.011736,0.396478,-0.663620
0,0.394513,2.023472,-0.694547,2.361800
0,-1.065744,-0.337245,-1.123275,-5.095436
0,0.447520,0.337245,-0.141397,1.204527
0,0.016514,-1.348982,-0.701677,-2.850109
0,-0.112806,-1.011736,-0.281265,-2.172074
0,-0.378570,-1.348982,-0.294892,-3.321791
0,-0.312930,-0.674491,0.671605,-0.917224
0,-2.063494,3.709699,-0.367844,-1.649549
0,-0.419417,0.000000,-1.184463,-3.035152
0,0.005268,1.348982,2.128605,4.545079
0,-0.923635,-0.674491,-1.382239,-5.506912
0,0.531753,-1.011736,0.640993,0.879728
0,-0.063794,1.011736,0.917756,2.198738
0,-0.682767,1.686227,-0.034404,0.010416
0,1.059344,0.337245,-0.301574,2.611013
0,-0.100129,1.011736,-0.312663,0.330825
0,-1.114315,-0.337245,0.162623,-3.374858
0,-0.572936,-0.337245,-1.304810,-4.038126
0,2.400357,-1.348982,2.973858,8.817566
0,-1.350863,0.674491,-0.543479,-3.766834
0,-0.236421,-1.348982,-0.403743,-3.098104
0,1.367210,-1.011736,2.470415,5.747798
0,-0.332466,0.674491,0.423571,0.349669
0,1.798869,-0.337245,3.487010,9.203784
0,-0.302774,-0.674491,1.346853,0.081699
0,1.556617,-0.674491,0.329231,3.592226
0,-0.320688,1.011736,0.168263,0.432798
0,0.489126,-1.011736,-0.434915,-0.782662
0,1.295147,0.337245,1.026304,5.152878
0,-1.163957,0.674491,0.080814,-2.368329
0,-0.477893,0.000000,0.086549,-1.362496
0,0.822094,-1.011736,-0.862193,-0.506670
0,1.638496,-1.686227,3.255524,6.765448
0,-0.340619,-1.011736,0.317872,-1.919394
0,0.313603,-0.674491,0.047415,-0.139145
0,0.399220,-0.337245,-0.526125,-0.316421
0,-0.842864,0.000000,-0.833150,-3.662552
0,-1.055348,-0.674491,-0.746479,-4.944402
0,0.035614,-0.337245,0.199374,-0.245220
0,1.487946,0.000000,1.233599,5.548020
0,2.356767,-1.011736,2.230672,8.050443
0,-0.846508,0.674491,0.332863,-1.156238
0,0.700677,1.686227,0.954852,5.135596
0,1.760138,1.686227,-0.481996,5.902522
1,1.946694,0.674491,2.879646,9.982328
0,-0.216135,-0.674491,-0.520631,-2.373985
0,-1.107997,-0.674491,-1.827286,-6.640660
1,-0.248173,7.082153,2.369469,11.337066
0,0.969514,2.023472,1.807032,7.500296
0,-0.464005,2.023472,-1.300724,-0.807600
0,0.548802,1.011736,0.728827,3.565912
0,0.873742,-0.674491,1.392890,3.295839
1,2.350681,-0.674491,4.399387,11.574183
0,1.410692,5.058681,0.294794,10.275696
0,0.671779,31.026575,4.130638,46.083933
0,0.424693,0.674491,-0.196408,1.483313
0,0.591556,-1.011736,2.118361,3.165818
0,0.870604,-1.011736,1.166572,2.542719
0,-0.622557,-1.348982,-0.711519,-4.574171
0,-1.445171,-0.337245,0.656183,-3.549814
1,1.540292,-0.337245,2.182998,6.635330
1,-0.270329,1.686227,0.625275,2.063278
0,-0.482400,-1.011736,0.915871,-1.438163
0,-0.226833,-1.011736,-0.647018,-3.003520
0,-0.561905,0.000000,-1.007489,-3.161710
1,1.672169,0.000000,0.730300,5.316631
0,-0.323581,-0.674491,0.550448,-1.120079
1,-1.081708,-0.337245,-0.658345,-4.469070
0,0.224357,-1.011736,-0.563138,-1.675604
0,0.676235,0.674491,0.079140,2.552879
0,0.074084,0.337245,-0.596869,-0.450108
0,1.110356,-0.674491,0.252952,2.288436
1,-0.077455,10.454607,2.610330,16.330736
0,-0.675341,0.000000,0.472556,-1.335286
0,0.666341,-0.674491,0.483496,1.432207
0,0.445532,1.686227,0.750691,4.159121
0,-0.960018,0.000000,-0.229770,-3.107687
0,0.448474,-0.674491,1.384618,2.146085
1,1.651559,1.348982,0.398630,6.460290
0,0.950607,-1.011736,0.284292,1.487087
0,-1.229541,-1.011736,-0.402176,-5.334012
0,-0.162670,-0.674491,1.164487,0.194118
0,0.986594,1.686227,0.614360,5.410594
0,-0.466612,2.360718,0.634542,2.389493
0,0.102720,0.337245,1.006572,1.934023
0,1.008465,2.023472,0.002456,5.007547
0,0.403515,-0.674491,0.464350,0.701436
0,0.731948,-1.011736,0.028061,0.533302
0,0.452223,1.686227,-1.196979,1.374133
0,-0.628917,0.000000,-1.648819,-4.263946
0,1.660883,-0.674491,2.721489,7.313899
0,-0.304976,-1.011736,-0.752967,-3.365071
0,0.321702,-0.674491,-0.426453,-0.799419
0,0.327253,-0.337245,0.127941,0.432291
0,-0.562698,-0.674491,-0.326059,-3.021240
0,0.909119,-0.337245,0.830723,3.000503
1,1.035397,-0.337245,1.491118,4.288749
0,0.160437,-0.337245,-1.322873,-2.101910
0,-1.860298,-1.011736,-0.404871,-7.025545
0,-0.159610,2.697963,0.363632,3.240069
0,1.002206,-0.674491,0.286367,2.047157
0,0.654117,0.674491,-1.040823,0.881962
0,0.873055,2.023472,-1.062863,3.112143
0,0.388292,1.686227,0.573356,3.750767
0,0.422207,-1.348982,-0.424462,-1.365694
1,1.577501,-1.011736,2.023948,5.667942
0,0.746811,-0.674491,0.337048,1.436758
0,0.506088,0.000000,0.301387,1.579415
0,0.908425,0.000000,0.966302,3.612786
0,-0.533455,0.000000,0.302370,-1.200572
0,-1.378615,-0.674491,0.164065,-4.498970
0,0.280148,-0.337245,0.203436,0.414902
0,-0.392052,-0.337245,0.607220,-0.802552
0,0.500108,1.686227,1.045531,4.729449
0,0.971899,0.674491,1.061322,4.757416
0,-0.978297,-0.337245,-0.968420,-4.638611
0,1.556082,-0.337245,0.862877,4.777791
0,0.702078,-1.011736,1.232874,2.187229
0,0.582536,0.000000,0.303922,1.787609
0,0.536042,-1.348982,0.363599,0.072980
0,-0.550369,0.000000,-0.657421,-2.627063
0,0.116845,-0.674491,-0.413696,-1.329174
1,0.726954,0.337245,1.102551,3.742347
0,-0.717827,0.337245,-1.161820,-3.381965
0,1.084592,1.348982,1.403965,6.390089
0,1.635885,2.023472,0.354248,7.192536
0,-1.164256,1.011736,-1.216058,-3.816432
0,-1.208390,-1.011736,-0.208381,-4.998532
0,-0.505284,1.686227,-0.951062,-0.833874
0,-0.143253,-1.011736,-0.664700,-2.805339
0,-0.313300,-1.348982,1.656002,-0.339623
1,2.302681,-1.348982,2.378157,7.698951
0,-0.557955,0.337245,-1.093818,-2.856350
0,-0.696504,-0.674491,-0.529442,-3.671940
0,-0.212537,1.348982,-1.007066,-0.550222
0,0.294640,0.337245,0.251940,1.361533
0,1.559628,-1.011736,1.965016,5.535313
0,-1.318862,0.000000,-0.435137,-4.363353
0,0.079366,0.000000,-0.346356,-0.494489
0,-0.610675,-1.348982,-0.616308,-4.405361
0,-1.003726,-0.674491,-0.145814,-3.941865
0,-0.970096,0.000000,-0.080502,-2.919839
0,-0.776437,0.337245,-0.530395,-2.630100
0,-0.870267,-0.337245,-0.100786,-3.100954
0,0.268603,-0.674491,0.348525,0.173781
0,-0.908562,-0.674491,-1.196491,-5.199272
0,0.529118,-1.011736,-0.900061,-1.345052
0,-0.924301,0.000000,-0.979472,-4.091017
0,-0.324820,-0.674491,0.832185,-0.717945
0,-0.872378,-0.337245,-0.870448,-4.214222
0,-1.621453,0.337245,1.824539,-1.502038
0,-0.332045,0.337245,-0.353308,-1.186237
0,1.182436,4.046945,-0.572378,7.159947
0,-0.869367,2.023472,-0.019670,-0.048620
0,0.479023,-0.337245,0.317094,1.110578
0,-0.130027,0.674491,1.161178,1.952805
0,0.772475,-0.337245,0.124034,1.617904
0,1.254901,0.000000,-0.237037,2.808093
0,2.055934,2.023472,2.118330,10.855111
0,0.593172,0.674491,0.827881,3.408150
0,-0.474187,3.709699,0.742803,4.201134
0,-0.126897,-0.337245,-0.465965,-1.637523
0,0.243280,3.035208,1.591788,6.504510
0,-0.372581,1.686227,-0.526040,0.132836
0,-0.136878,-0.674491,-0.218575,-1.727238
0,-0.479611,-0.337245,-0.887587,-3.187999
0,-1.452094,1.348982,-1.954281,-5.229919
0,-0.103933,0.000000,-1.052128,-2.000600
0,0.685981,0.000000,1.565578,3.880034
0,-1.159420,0.000000,0.524587,-2.555610
0,1.711196,5.733171,2.866274,15.618396
1,0.959909,2.023472,1.774928,7.428395
0,-0.620001,0.000000,-0.744197,-2.938247
0,1.348020,-0.337245,0.323587,3.445009
0,-1.703601,-0.337245,-1.166839,-6.864781
0,0.377810,1.011736,0.353821,2.568736
0,1.667536,0.000000,1.393839,6.259132
0,-0.740337,0.337245,-0.219539,-2.086156
0,0.521520,-1.011736,0.091960,0.062238
0,-0.024242,0.337245,1.844926,2.800798
0,0.608089,-0.674491,1.162970,2.254180
1,-0.784473,27.654121,3.657588,37.316546
0,-0.010456,0.000000,-0.507478,-0.966688
0,-0.017207,-1.011736,-0.582707,-2.350094
0,0.361702,1.686227,-0.551201,2.061275
0,-1.157708,-1.348982,-0.640828,-5.904288
0,0.058038,1.011736,-0.802936,0.048464
1,2.376672,32.038311,1.353529,47.906088
0,0.360374,0.000000,0.276970,1.154403
0,-0.974472,-1.348982,-0.967381,-5.883966
0,-1.430039,2.023472,0.562687,-0.710686
0,0.538589,-1.348982,0.958746,0.936270
0,2.074319,2.697963,2.866150,12.818543
0,0.633157,-0.674491,0.279783,1.050257
0,-0.539959,0.000000,-1.245020,-3.444823
0,0.684500,-0.337245,1.450833,3.291915
1,1.956357,0.337245,1.454080,7.537624
0,0.347344,1.348982,-0.090445,2.266903
0,1.063302,3.035208,2.411714,9.878516
0,0.707854,-1.011736,-0.315048,-0.024933
0,-0.226308,-0.337245,0.008437,-1.220795
0,-0.186980,-0.674491,-0.649975,-2.482118
0,-0.159887,-0.337245,0.295817,-0.629509
0,0.555959,2.697963,-0.260305,4.256739
0,0.167523,-1.011736,-0.087247,-1.142815
0,-0.780274,-0.674491,-1.240183,-4.918902
1,2.232928,-0.674491,1.022652,6.399666
0,0.101818,0.674491,-0.763847,-0.197174
0,-0.452660,0.674491,-0.351709,-1.087626
0,0.882267,0.000000,0.809017,3.316450
0,-0.099779,1.011736,0.031346,0.826824
1,2.500890,-1.011736,1.600788,7.529593
0,0.006002,-1.011736,1.691365,0.984621
0,0.568597,0.337245,0.138264,1.930942
0,-1.079609,0.000000,0.452835,-2.445327
0,-0.366536,0.337245,1.034543,0.718734
0,-0.182208,1.011736,0.395351,1.130116
1,0.399553,-0.674491,0.215383,0.332547
0,-1.509903,-1.011736,-0.869991,-6.757382
0,-0.352087,-1.011736,0.477715,-1.720048
0,-0.228492,0.674491,1.055094,1.536688
0,-0.654916,2.697963,-1.424796,-0.658898
0,-0.371064,10.791852,1.413055,14.241184
0,0.937533,-0.337245,1.042442,3.381213
1,-0.162089,0.000000,0.654225,0.299410
0,0.394423,-0.337245,0.344829,0.924134
0,-0.149483,-0.674491,-0.641963,-2.370260
0,-0.259910,-0.674491,-1.727982,-4.228609
0,-0.500817,0.000000,-0.313133,-1.999016
0,0.262434,0.674491,0.931501,2.672348
0,2.163302,-0.674491,1.585716,7.023680
0,-0.803156,-1.011736,0.721201,-2.576526
0,-0.608742,-1.011736,-0.119284,-3.265894
0,0.051007,0.337245,0.023369,0.380732
0,-0.653857,0.337245,-1.124422,-3.156989
0,-0.587099,-0.674491,-0.129728,-2.803989
0,0.660668,1.686227,-0.535285,2.884090
0,-0.832068,-1.011736,-0.675361,-4.663675
0,-0.140366,-1.011736,-0.589004,-2.688681
0,-1.137208,0.000000,-0.128566,-3.436134
0,0.160385,0.337245,-0.603117,-0.228193
0,0.452775,0.000000,-1.225331,-0.760330
0,-0.286053,0.337245,-0.098871,-0.697022
0,-1.495375,0.337245,-0.693537,-4.788467
0,-0.129672,-0.337245,-0.002340,-0.977747
0,-0.881316,1.686227,-0.579137,-1.304749
0,0.079876,0.337245,-0.619705,-0.467473
0,-0.025140,-1.011736,0.343549,-1.038345
0,-0.683168,1.686227,-0.983856,-1.357015
0,0.572452,-1.348982,2.130516,2.713168
0,-1.086441,0.337245,-1.032195,-4.181687
1,1.153191,-1.011736,0.854776,2.850103
0,-1.835557,-1.011736,-0.985917,-7.795533
0,-0.262843,1.348982,0.013928,0.784490
0,-0.935535,-1.011736,-0.552443,-4.763620
0,-1.303550,-0.674491,0.120680,-4.360562
0,-1.577322,0.337245,0.749325,-2.931301
0,-0.469040,-0.337245,0.006665,-1.872800
0,-1.744259,0.000000,-0.679071,-5.852592
0,0.008649,-0.674491,-0.853394,-2.251433
1,0.945006,0.000000,3.462936,7.303568
0,1.266396,0.337245,1.556449,5.838884
1,-0.158914,-0.337245,-0.802891,-2.208059
0,-0.439828,0.337245,-1.115193,-2.571051
0,-0.548901,-0.337245,-0.167052,-2.336471
0,-0.310709,0.000000,-0.579033,-1.873019
0,-0.537478,0.337245,-1.021068,-2.696869
0,-1.410030,0.337245,-0.145079,-3.770833
0,-0.978763,1.686227,-0.565706,-1.546149
0,0.463906,-0.674491,-0.146328,-0.015808
0,1.188850,0.000000,-0.775733,1.856130
0,-1.600682,-0.674491,-0.512047,-6.066127
0,1.220614,0.337245,-0.031641,3.430968
0,-0.466380,-1.011736,-0.687025,-3.702026
0,0.033190,0.674491,2.683963,4.580950
1,1.047355,30.352084,1.819818,42.925269
0,-0.088482,-0.337245,-0.599825,-1.727377
0,-0.679086,-0.674491,0.427672,-2.247954
1,1.764887,0.000000,2.858123,8.626855
0,-0.872552,0.000000,-0.360580,-3.061911
0,-1.592419,0.000000,-0.019171,-4.496664
0,0.857262,2.697963,-0.874679,4.178759
0,0.007399,-0.337245,-0.269598,-0.995610
0,1.066450,0.337245,-0.076547,2.953863
0,-0.740594,2.023472,0.027490,0.363792
0,-0.068912,-0.337245,-0.885865,-2.086656
0,-0.358710,0.337245,-0.629957,-1.655708
0,-0.779730,-0.337245,-0.578918,-3.546795
0,-0.865283,-0.674491,-1.064768,-4.893914
0,-1.201777,-0.337245,2.488888,-0.261142
1,-0.164288,9.780116,3.037612,15.875251
0,-0.084040,2.023472,1.240358,3.865906
0,0.570329,-1.348982,1.345538,1.577826
0,-0.428047,3.035208,1.999590,5.295174
1,2.423779,-1.348982,3.161812,9.150718
0,1.176112,0.000000,0.492644,3.647369
0,1.228184,-0.674491,0.914528,3.555772
0,0.007413,1.348982,1.043566,2.989339
0,0.784173,0.337245,1.934385,5.092535
0,-0.204862,1.348982,-0.168897,0.676520
0,-0.098606,0.000000,-0.064916,-0.565651
0,0.144822,-0.674491,-0.377527,-1.202266
0,0.562210,0.000000,1.859739,3.972198
0,-0.700454,1.011736,-0.662068,-1.778234
0,0.100580,-0.674491,-0.140395,-0.979385
0,-0.062327,-0.337245,-0.379765,-1.340709
0,0.559944,-0.674491,0.042786,0.513304
0,0.298340,2.023472,-1.215088,1.355370
0,-0.624238,2.697963,0.885372,2.747747
0,-0.673434,2.023472,1.665213,2.900332
0,0.493244,6.407662,0.693219,10.070455
0,0.393824,-1.011736,0.115822,-0.245087
1,0.765853,1.348982,2.677920,7.370622
0,1.452830,-0.674491,1.683494,5.263454
1,0.625014,-0.674491,0.604120,1.495222
0,0.903690,-0.337245,0.187573,2.060420
0,-0.600180,-1.348982,-1.465121,-5.598807
0,-0.893602,-0.337245,-0.198909,-3.304598
1,2.245668,-1.011736,1.238422,6.325241
0,-0.402566,-0.674491,-0.319247,-2.582989
0,0.599440,0.337245,0.250860,2.175500
0,-0.653427,-1.011736,1.028017,-1.734371
0,-0.065566,0.674491,0.381390,1.003086
0,1.237300,0.000000,-0.165860,2.863431
0,-0.103041,-1.348982,1.401374,-0.143490
1,0.600331,26.642385,2.830314,38.574114
0,-0.233850,0.674491,0.569503,0.823537
0,1.695796,0.000000,1.947317,7.131255
1,-0.093414,22.932686,2.171221,31.160129
0,-0.514479,-0.674491,-0.548683,-3.212605
0,1.582224,1.348982,0.611184,6.580664
1,0.607255,19.897477,3.448218,31.101316
1,2.418042,-1.011736,4.010670,10.775987
0,-0.322684,2.023472,-0.801472,0.288993
0,1.049755,-0.337245,-0.330208,1.706093
0,-0.947160,1.686227,0.144128,-0.440069
0,-0.106160,2.023472,-1.077341,0.471322
0,-0.484815,0.000000,-0.044220,-1.569207
0,0.055170,-0.674491,0.946081,0.462662
0,-0.345096,0.000000,0.263507,-0.752526
0,-0.822098,-1.011736,-0.785166,-4.795021
0,-0.816339,-0.337245,-1.481712,-4.943955
0,-0.358555,0.674491,-0.329465,-0.803827
0,0.585402,-0.337245,-0.321072,0.476821
0,-0.595289,-1.011736,-0.079996,-3.173361
0,-0.331885,0.000000,1.439011,0.974490
0,0.074020,-1.011736,-0.341409,-1.758755
0,-0.417793,-0.674491,-0.160349,-2.395059
1,0.426710,0.000000,0.482258,1.627322
0,0.077292,3.035208,0.990266,5.194739
0,-0.032135,-1.011736,-0.302562,-1.986878
0,-0.742093,1.686227,-0.829812,-1.292990
0,0.918898,1.348982,0.706896,4.943609
0,-0.360717,-0.674491,0.488260,-1.308935
0,0.160528,2.697963,0.451390,4.222923
0,-1.374828,0.337245,-1.413784,-5.502439
0,-0.826895,0.337245,-1.280493,-3.844571
0,-0.893715,-0.337245,-0.903144,-4.318367
1,0.710416,0.674491,0.414588,3.127078
0,-1.305704,0.337245,-1.639105,-5.641750
0,-0.112313,-1.011736,0.095783,-1.628146
0,-0.617815,-0.674491,-0.858675,-3.935198
0,-0.678930,2.360718,1.465219,3.016842
0,0.016345,0.337245,0.924474,1.584771
0,0.566523,2.360718,-0.640886,3.318282
1,1.377710,-0.337245,0.014531,3.079685
0,0.644431,-0.337245,-0.167691,0.855487
0,-0.781237,-1.011736,-0.883595,-4.827341
0,0.572217,0.337245,0.050015,1.813626
0,1.146965,0.000000,1.608157,5.174717
0,1.017077,5.395926,2.714976,13.124452
0,0.167033,-1.348982,0.280684,-1.033662
0,0.501683,-1.348982,-0.659096,-1.490712
0,-1.071332,0.337245,-0.410483,-3.246554
0,0.292859,-0.337245,-0.587703,-0.689616
0,-0.966505,-0.674491,-1.143504,-5.278053
0,-0.841414,0.000000,0.100743,-2.314709
1,-0.222003,5.733171,1.378593,8.305008
0,0.434511,2.023472,-1.397830,1.456725
0,0.870924,1.011736,0.104175,3.528844
0,-1.017366,0.000000,-0.896675,-4.220869
0,0.080980,1.348982,0.487121,2.385394
0,0.247848,1.011736,0.000000,1.711824
0,0.120071,0.000000,0.093657,0.247645
0,0.404828,-1.011736,-0.332486,-0.860804
0,-0.052584,-0.674491,-0.169895,-1.431645
1,1.944981,4.721435,3.214658,15.488189
0,0.231827,-0.674491,-0.517348,-1.170694
0,0.388795,1.686227,-0.028038,2.886647
0,0.368913,-0.674491,0.760549,1.035115
0,-1.292089,0.000000,2.133130,-0.595727
0,-0.114590,0.000000,-0.005578,-0.523025
0,0.198615,1.011736,0.046525,1.647050
0,0.970473,1.348982,-1.170554,2.379763
0,2.251943,0.337245,1.401643,8.253029
0,1.457541,-1.348982,0.872965,3.271570
0,-1.136547,0.000000,-1.197320,-4.972408
0,-0.886628,-1.011736,-1.102641,-5.424556
1,2.260284,0.000000,1.711381,8.302064
0,0.264616,0.337245,1.160227,2.588318
0,0.094599,0.000000,-0.632806,-0.865962
0,-0.089175,-0.674491,-0.960238,-2.666930
0,0.775773,-1.011736,0.226277,0.935812
0,-0.319113,2.023472,0.357950,1.967071
0,-0.220396,-1.011736,0.626308,-1.153855
0,0.462069,-1.011736,-0.403557,-0.809930
0,-1.022705,2.360718,-0.551864,-0.805746
1,-0.003917,39.794955,1.501627,51.387344
0,2.205382,0.674491,2.868581,10.658549
0,1.463949,20.909214,3.629253,34.911098
0,1.358987,2.697963,1.886461,9.494731
1,0.023785,0.337245,-0.125566,0.093564
0,0.450661,0.337245,0.339249,1.904629
0,1.688654,-0.674491,0.398168,4.044713
0,-0.725188,2.023472,0.507226,1.095401
0,0.086590,-1.011736,-0.345496,-1.731007
0,-0.383214,2.023472,0.521137,2.030406
0,-0.179691,-0.337245,0.001327,-1.106299
0,0.505659,-1.348982,-0.824942,-1.718742
1,1.894851,-1.686227,3.361189,7.603412
0,-1.836777,2.023472,-1.478784,-4.736835
0,0.256319,0.000000,-0.050250,0.405094
1,2.243783,0.674491,3.697999,11.954910
0,0.538944,-0.674491,-0.842469,-0.816854
0,0.878190,-1.348982,1.517933,2.649635
0,0.829452,-0.337245,-0.613805,0.708528
0,0.079869,0.337245,0.391681,0.987995
0,0.650956,-1.348982,0.426595,0.471103
0,-1.446737,-1.011736,-0.534248,-6.105207
0,-0.435115,-0.674491,-0.426203,-2.823997
0,0.267147,0.000000,0.252008,0.869043
0,-1.272651,-0.674491,-0.421253,-5.057786
0,-0.249219,-0.337245,0.720226,-0.257762
0,-0.369066,0.000000,0.192879,-0.918299
0,-0.624132,0.674491,-0.126558,-1.222403
0,-0.628854,-0.674491,-0.580294,-3.564118
0,-0.515132,-0.674491,0.365270,-1.899080
0,-0.444429,-0.337245,0.671033,-0.850858
0,-1.276252,0.674491,-0.413877,-3.380696
0,0.611106,4.046945,0.459891,7.116833
0,-0.160126,0.000000,-0.013756,-0.656630
0,1.364425,7.419398,-0.259317,12.287677
0,0.659869,2.360718,-0.863983,3.246979
1,2.364902,0.337245,3.119930,11.028050
0,-0.882790,1.686227,-0.447866,-1.119779
0,-0.933542,-1.348982,-0.432293,-5.004409
0,-1.123814,-0.337245,-0.886432,-4.909967
0,-0.656133,0.674491,1.436847,0.941872
0,-0.676761,4.721435,0.383290,4.398835
0,2.001752,4.046945,0.633100,11.086911
1,1.811376,-1.348982,2.987892,7.261885
0,1.783707,2.360718,0.578863,8.330320
0,-0.388010,3.709699,0.470963,4.040505
0,1.190882,2.360718,0.058232,5.994917
1,1.075098,-1.348982,0.879454,2.257645
0,-1.080699,0.337245,0.651925,-1.742705
0,1.847015,0.674491,0.233293,5.907260
0,0.413237,-0.674491,0.332362,0.537505
0,-0.004036,6.407662,0.069645,7.842548
0,-1.008619,0.000000,-1.407537,-4.932648
0,-0.951395,0.000000,-0.694951,-3.754057
0,-1.499266,1.348982,0.619517,-1.652180
0,0.926378,0.000000,0.473600,2.951776
0,0.380221,1.348982,-0.385828,1.929783
0,0.746020,-1.011736,0.957629,1.908693
0,0.832801,2.023472,-0.804908,3.375663
0,-0.281888,-0.337245,-0.605689,-2.253293
0,-0.362102,-0.674491,-0.212676,-2.321358
0,-0.394475,-1.011736,-0.417841,-3.122253
0,-0.112053,2.023472,-1.232993,0.231557
0,-0.767902,0.000000,0.574979,-1.435547
0,-0.944793,0.000000,-0.425440,-3.348540
0,0.072582,-0.337245,-0.649603,-1.368071
0,-0.137135,0.674491,1.248491,2.059439
0,0.953513,1.011736,0.557477,4.402166
0,-0.870806,-0.674491,-1.262147,-5.192740
0,1.449385,4.384190,-0.249595,8.757740
0,-0.811751,0.674491,-1.290089,-3.398835
0,-0.094048,0.337245,-0.149641,-0.256357
0,-1.215052,0.674491,0.106528,-2.468033
0,0.409478,-0.337245,-0.474457,-0.214619
0,-1.013735,0.337245,-0.138885,-2.701592
0,2.109461,2.360718,0.692228,9.365051
0,0.144657,1.011736,1.392583,3.439793
0,0.221971,-0.674491,-1.196783,-2.174840
1,1.579512,-0.337245,1.804053,6.194927
0,-0.755466,-0.674491,-0.152410,-3.287112
0,-0.391571,2.023472,-0.417229,0.657644
0,0.081957,0.000000,0.844651,1.226421
0,-1.525553,0.674491,-0.554513,-4.250115
0,1.415955,0.337245,-0.080348,3.883527
0,-0.857323,-0.674491,-0.775657,-4.456557
0,-0.796884,0.674491,0.840004,-0.293637
0,-0.546307,-1.011736,0.099101,-2.784566
0,0.022223,-1.011736,-0.530663,-2.169700
0,0.080131,-1.011736,0.807750,-0.088651
0,-1.060844,-0.337245,-0.470850,-4.143421
0,-0.074302,-1.011736,-0.572945,-2.488809
1,-0.220285,0.000000,-0.581591,-1.634762
1,-0.512788,0.000000,-0.052275,-1.655645
0,-1.491870,2.023472,-1.233835,-3.461493
0,-1.436800,0.674491,-0.651623,-4.152399
0,0.445033,1.348982,-0.134305,2.465162
0,-0.515471,-1.011736,-0.126791,-3.027142
0,0.017515,0.000000,0.167402,0.079371
0,-1.860222,0.000000,0.666468,-4.226495
0,-0.987994,0.337245,1.011700,-0.976911
0,0.340393,-0.674491,0.038328,-0.080540
0,-0.689021,-0.337245,-0.640770,-3.393106
0,0.432009,5.733171,1.906370,10.814405
0,-0.147139,-1.011736,-0.889798,-3.139674
0,-0.960887,-0.674491,-0.530511,-4.380863
0,-1.287396,-0.674491,-1.392691,-6.495233
0,-0.426153,-1.011736,-0.391459,-3.169046
1,0.481031,-1.011736,0.736101,0.880887
0,-1.008818,-0.337245,-1.176713,-5.020028
0,-0.016718,0.000000,0.702902,0.758416
0,-0.487870,0.000000,2.819448,2.543723
0,0.199138,-0.674491,-0.487538,-1.215258
0,-0.671891,-1.348982,-1.204568,-5.415716
1,1.875306,0.337245,3.060461,9.632507
0,-0.330376,-0.337245,-1.354031,-3.459966
0,-0.202162,0.337245,-1.670121,-2.733749
0,0.817427,-0.337245,0.592181,2.411889
0,-0.089577,-1.011736,-0.816778,-2.880579
1,-1.330630,-0.337245,-0.764724,-5.288175
0,-0.566814,-0.337245,-0.055505,-2.223872
0,-1.182882,0.674491,-0.481343,-3.227964
0,-1.473662,-0.337245,-0.123134,-4.747559
0,-1.546087,2.360718,-0.458953,-2.072397
0,-0.167221,2.697963,-0.786724,1.564229
0,-0.138826,-0.674491,0.269801,-1.029627
0,-0.990536,2.023472,-0.578568,-1.177131
0,2.114091,-0.674491,3.085141,9.049833
0,-0.307488,0.000000,-1.090491,-2.600440
0,-0.599178,-1.011736,-0.721760,-4.107327
1,0.556701,0.674491,0.602672,2.986468
0,0.937842,-1.011736,1.037783,2.537282
0,-0.525930,-1.011736,0.141103,-2.669599
0,0.219496,-0.674491,-0.083269,-0.579004
0,-0.137340,0.337245,0.786632,0.975202
0,0.359580,0.337245,0.360216,1.691107
0,-0.950755,0.337245,-0.896282,-3.623051
0,1.767448,-0.674491,1.694169,6.120607
0,1.465395,-0.674491,1.640550,5.235272
0,-0.237598,1.011736,0.043590,0.475695
0,-0.568837,2.023472,-0.678610,-0.192804
0,-0.666294,-1.348982,-0.885411,-4.941442
0,-0.859305,0.337245,-0.086997,-2.213726
0,-0.799257,1.686227,0.700957,0.756992
0,-0.800937,0.674491,-0.359376,-2.030510
0,0.246755,-0.337245,0.459408,0.693924
1,-0.025726,1.348982,1.224170,3.160580
0,-0.717363,-1.011736,-0.193992,-3.664033
0,-0.065798,1.011736,-0.625099,-0.026947
0,0.255788,-1.011736,1.387038,1.214991
0,0.949668,-1.011736,-0.202229,0.784422
0,-1.042229,-0.674491,-0.691866,-4.830709
0,-0.428071,1.011736,-1.561702,-2.344112
1,2.309494,-1.348982,3.079254,8.726127
0,0.727089,2.023472,-1.035487,2.760995
0,1.183949,0.337245,0.651220,4.315572
0,-1.298195,-0.674491,-0.237252,-4.861334
0,-0.404403,2.023472,1.451451,3.312527
0,0.547698,1.011736,0.430615,3.133800
0,0.466055,2.697963,0.742401,5.459184
0,1.037523,-0.674491,-0.329380,1.255531
0,0.295704,0.000000,0.705529,1.598113
0,0.244442,0.000000,0.425634,1.058159
1,0.084047,0.000000,1.101793,1.602066
0,1.266253,0.674491,0.512818,4.755639
0,-1.180476,0.337245,-0.861890,-4.188199
0,-0.275847,-0.674491,-0.337341,-2.269979
0,1.485745,-0.674491,1.341688,4.859628
0,0.054674,-0.337245,1.039233,1.014419
0,-1.795625,1.348982,0.499189,-2.618282
1,2.129592,-0.674491,1.964947,7.479236
1,1.542801,0.000000,1.105729,5.510772
0,-0.254429,1.348982,-0.066398,0.691405
0,-0.321746,-1.011736,0.103755,-2.177031
0,-0.716874,0.674491,-1.485360,-3.425996
0,-0.274660,-0.337245,0.292772,-0.940980
0,0.516997,-0.674491,-0.994250,-1.094004
0,0.020437,-0.674491,0.050296,-0.919393
0,-0.238529,-1.011736,-0.666555,-3.062930
1,1.499881,-1.348982,2.833330,6.206016
0,0.678141,-0.674491,1.196799,2.490294
0,0.536745,-0.674491,0.398550,0.963215
0,0.087902,0.000000,0.096317,0.165401
0,-0.812209,-0.337245,-0.039546,-2.857485
0,-1.589226,-1.348982,-1.293491,-7.998107
0,-1.790815,0.337245,-1.112019,-6.181185
1,1.698478,0.337245,0.628793,5.659972
1,-0.325669,-0.674491,-0.267086,-2.302178
0,-1.406379,-1.011736,-0.291963,-5.648555
0,-0.735367,0.674491,0.765887,-0.235704
0,-0.941609,-1.011736,-0.314123,-4.436905
0,-0.620181,0.337245,-0.607704,-2.323277
0,0.526067,-1.011736,0.434885,0.567907
1,0.321895,0.674491,0.476014,2.175949
0,0.659166,3.709699,0.236239,6.504538
0,0.318719,0.674491,0.679521,2.460318
0,-0.629042,0.337245,-0.799132,-2.622469
0,-0.054327,0.674491,1.531636,2.688475
0,1.720593,0.000000,2.356428,7.786354
0,0.250907,0.337245,-0.103984,0.732311
0,1.130402,1.348982,0.310861,4.939572
0,1.024459,2.023472,-0.646257,4.116779
0,0.254572,-1.011736,0.247097,-0.428751
0,-1.518506,-1.011736,-0.088545,-5.655821
0,-1.365960,-0.674491,-1.119071,-6.311672
0,0.092811,2.360718,1.629028,5.317452
0,-1.575055,0.674491,-1.115532,-5.189924
0,0.369010,-1.011736,-0.297124,-0.905749
0,-0.884080,2.023472,-1.578843,-2.331792
0,-0.305936,-0.674491,-0.276290,-2.262626
1,0.852977,1.348982,1.637585,6.106585
0,0.811507,0.337245,-0.346872,1.882713
0,-0.925941,0.337245,-0.817600,-3.443428
0,-0.682166,0.674491,-0.118818,-1.366540
0,0.039221,-0.674491,0.378277,-0.397136
0,0.556626,2.023472,1.116709,5.402128
0,-0.733898,0.674491,-1.304258,-3.210920
0,-0.295733,-0.337245,-0.737576,-2.480137
0,-0.077150,-1.011736,0.120804,-1.498055
0,0.874465,1.011736,3.487325,8.407009
0,-0.403052,4.384190,0.946851,5.523164
0,-0.616883,-1.348982,-1.231617,-5.307461
0,-1.271240,-1.011736,-0.801072,-6.019634
0,0.814655,-0.337245,-0.208389,1.252369
0,0.307216,1.686227,-0.119880,2.536205
1,2.286011,0.337245,1.570489,8.587168
0,0.027705,-0.674491,0.984283,0.444153
0,-0.501261,-1.011736,-0.986074,-4.225715
0,1.209403,-1.348982,0.711235,2.374907
0,-0.589826,-1.011736,-0.443164,-3.681379
0,0.651036,0.674491,-0.096296,2.232986
0,0.837188,1.011736,0.664996,4.245658
1,2.350592,0.674491,2.395771,10.366654
0,-0.242385,-0.337245,-0.177248,-1.531031
0,2.099395,-1.011736,1.351637,6.096801
0,-0.270588,3.709699,1.264413,5.496534
1,2.028385,-0.674491,3.567028,9.514002
0,-0.046936,0.337245,0.411628,0.677420
0,0.124384,0.674491,0.774091,2.076450
0,0.841546,0.337245,2.240695,5.686852
0,-1.415580,0.000000,-0.152725,-4.215712
0,-1.127180,1.348982,0.829932,-0.353818
0,-1.663551,0.337245,-0.927271,-5.574806
0,-0.751587,0.674491,-0.212801,-1.687533
0,0.688342,1.348982,0.092325,3.442302
0,1.820368,2.697963,0.133657,8.206740
0,0.609072,1.011736,0.320413,3.139422
0,-0.731381,0.337245,-0.580394,-2.581501
0,-0.833768,0.000000,-0.620952,-3.332841
0,-0.362686,11.803588,1.492594,15.635147
0,-0.988616,-1.348982,-0.733954,-5.585884
0,-1.514066,1.686227,-0.747974,-3.240707
0,0.213009,0.000000,0.536348,1.133386
0,-0.039752,1.348982,1.242907,3.150015
0,0.826168,1.011736,-0.363745,2.735712
0,-0.418051,0.000000,-0.537181,-2.099994
0,-0.062491,-1.011736,-0.737264,-2.693681
0,1.826177,-0.674491,1.306881,5.720398
0,-1.271681,-0.337245,-0.913458,-5.344495
0,0.997754,0.337245,0.280596,3.284023
0,-0.244064,-0.674491,-0.070565,-1.801021
0,0.373797,-1.348982,-0.103050,-1.032677
0,0.078356,-0.337245,0.270701,-0.028214
0,-1.316196,1.011736,-1.167700,-4.153369
0,1.546005,2.360718,1.466609,8.971881
0,-0.910677,-1.011736,-1.249553,-5.700321
0,-2.130216,0.000000,0.106420,-5.754856
0,0.117971,0.000000,0.018084,0.133267
0,0.705830,-0.674491,0.611770,1.722462
0,0.152350,2.023472,1.712755,5.178217
0,-0.926255,-0.674491,1.240835,-1.739056
0,1.290036,1.011736,0.171761,4.747482
0,0.731173,3.035208,0.302835,5.954983
0,0.051253,0.337245,-0.361726,-0.172800
0,-0.968874,0.337245,-1.666354,-4.779742
0,0.134953,-0.337245,0.074682,-0.158874
0,0.773989,0.674491,-1.011514,1.244868
0,-0.927379,-0.674491,-0.769538,-4.635193
0,-0.471352,1.348982,-0.634652,-0.706767
0,0.161431,0.337245,-0.448583,-0.003003
0,-1.102530,2.023472,-1.234737,-2.421075
0,1.648988,-1.011736,0.927026,4.280633
0,-0.814811,-0.674491,-1.332050,-5.143516
0,0.771758,1.011736,-0.865997,1.867341
0,1.425127,-0.674491,0.269612,3.154612
0,-1.230253,-0.337245,-1.303891,-5.795520
0,0.367340,0.337245,0.250313,1.553709
0,-0.483977,0.000000,-0.393159,-2.069124
0,-0.391004,1.011736,-0.868662,-1.247580
1,1.787859,1.011736,1.551190,8.064596
0,0.223854,-0.674491,-0.342097,-0.939824
0,0.431478,-1.348982,0.023759,-0.695856
0,0.067727,1.348982,0.471103,2.326883
0,0.376586,0.337245,1.737822,3.719122
0,-0.067133,0.000000,-1.085657,-1.950391
0,1.326586,0.000000,-0.541156,2.562236
0,-0.508792,0.000000,-1.071729,-3.112050
0,-1.398005,-1.011736,-0.965919,-6.596040
0,-0.827398,-0.674491,-1.141149,-4.902469
0,0.987462,0.674491,0.617522,4.160385
0,-0.027695,0.337245,-0.405314,-0.446761
0,1.287882,-1.011736,0.948275,3.345037
1,-0.284584,-1.011736,-0.497395,-2.942717
0,0.660876,2.697963,-0.972220,3.512938
0,-0.382865,0.674491,0.883371,0.876522
0,-1.361457,0.000000,-0.094734,-3.987446
0,0.945883,-0.674491,0.024583,1.519725
0,0.979708,-1.011736,1.007385,2.605553
0,-1.310891,-0.337245,-1.196374,-5.856550
0,-0.127906,0.000000,1.047468,0.956785
0,-0.627042,-1.348982,-0.078375,-3.675012
0,1.285865,-0.674491,2.619828,6.164199
0,-0.527954,0.674491,-1.165778,-2.460611
0,0.331322,0.337245,-0.381338,0.548328
0,-0.633223,2.023472,0.170324,0.856627
0,-0.230616,-0.337245,-1.157586,-2.910347
0,-0.406636,-0.337245,-0.177509,-1.970875
0,-0.272741,0.674491,-0.335536,-0.582960
0,-0.973200,-1.011736,-0.803482,-5.225667
0,-0.905238,-1.011736,-0.787433,-5.020732
0,0.963776,-0.337245,1.551269,4.183682
0,0.182593,0.674491,-0.725757,0.073762
0,0.768034,-1.011736,0.095873,0.727442
0,-0.013677,0.337245,-0.718832,-0.860439
0,1.096691,-1.348982,0.469678,1.725712
1,1.375287,0.000000,1.431897,5.531961
0,-0.261392,-1.348982,-0.796145,-3.729623
0,0.395325,0.337245,1.553711,3.504304
0,0.374054,-0.674491,0.322083,0.417873
0,-0.096268,-1.011736,0.738207,-0.660703
1,1.725044,-0.674491,1.726400,6.053534
0,0.591916,0.337245,-0.154737,1.571677
0,0.655828,0.000000,0.229210,1.876189
0,0.852282,-1.011736,0.801080,1.967717
0,0.676815,-1.348982,-0.568456,-0.891688
0,0.718967,-0.674491,-0.166727,0.637276
0,0.405489,0.337245,-0.128417,1.110749
0,0.413775,-1.348982,-0.624526,-1.676169
1,0.397157,0.000000,0.349004,1.356484
0,-1.287691,0.000000,-0.373623,-4.191427
0,0.870479,0.674491,1.495295,5.110587
0,-1.469451,-0.674491,-1.581588,-7.254181
0,-0.193190,-1.011736,-0.645266,-2.910984
1,1.841343,-1.348982,3.422161,7.967021
0,-0.114674,1.011736,-0.061064,0.653983
0,-0.105472,0.674491,0.538706,1.122707
0,0.144548,0.000000,0.597624,1.038393
0,-0.107228,0.337245,0.697473,0.927461
0,-0.227043,-0.674491,-0.143404,-1.860302
0,0.126068,0.000000,0.592380,0.981401
0,-0.482696,0.000000,0.819852,-0.320053
0,1.857370,5.058681,1.289089,12.901718
0,-0.123914,1.348982,0.057582,1.219032
0,2.426980,-1.011736,2.240430,8.252350
0,0.494897,-0.337245,0.739266,1.760595
0,-0.162048,-1.348982,-0.589032,-3.165760
0,-1.793298,2.023472,-0.490437,-3.198172
0,-1.507474,-1.011736,-1.476523,-7.623743
0,0.084827,-1.011736,0.229294,-0.908543
0,-0.919642,1.686227,-0.209726,-0.875673
0,-0.170299,-1.348982,0.830796,-1.144565
0,-1.504165,-1.348982,-1.044135,-7.411668
0,-0.806374,1.348982,-0.555989,-1.489948
0,-1.102679,0.674491,-1.036825,-3.812768
0,-1.136943,2.360718,0.630997,0.590855
0,0.050828,-0.674491,2.611873,2.848288
0,-0.351543,-1.348982,-0.336038,-3.308689
0,-1.127885,5.733171,-0.341686,3.405576
0,-0.694596,-0.674491,-0.435474,-3.531606
0,-1.668332,0.000000,-1.031696,-6.156904
0,-0.008197,-0.674491,-0.999079,-2.506161
0,-0.020980,1.011736,0.290501,1.410609
0,0.554178,12.140834,2.211499,19.541912
0,-1.175059,-0.337245,-1.023382,-5.244165
0,0.072695,0.337245,0.870864,1.658391
0,0.300020,-0.337245,0.456084,0.831657
0,1.187186,-0.337245,1.092076,4.120616
0,-1.676792,-0.674491,0.253762,-5.167691
0,0.205493,0.674491,0.766079,2.281935
0,-0.579942,0.000000,0.908238,-0.453048
0,-0.364656,0.674491,0.387934,0.212256
0,0.608116,0.000000,0.414615,2.015348
0,-0.850087,0.000000,-1.593830,-4.776574
0,1.337499,0.337245,2.075666,6.776330
1,1.707948,12.815324,3.438380,25.232597
0,0.281294,-1.011736,-0.489736,-1.417632
0,0.426295,-1.011736,-0.947680,-1.688693
0,0.069685,-0.674491,-1.159969,-2.529318
0,-1.405667,0.000000,0.549750,-3.178257
0,0.569717,-1.011736,-0.129545,-0.127575
0,-0.227395,-0.674491,0.274317,-1.260102
0,-0.133143,-1.348982,-0.662287,-3.193843
0,0.729229,1.686227,-0.297135,3.410255
0,-0.254109,0.000000,0.036627,-0.835585
0,0.806926,-0.337245,-0.346964,1.032267
1,1.172097,0.337245,0.623309,4.243694
0,0.073989,0.000000,-0.186548,-0.278896
0,0.271335,-1.011736,1.576806,1.529684
0,0.593783,0.674491,0.782232,3.344091
0,-0.768422,0.337245,-0.488971,-2.549040
0,-1.426691,-0.674491,-0.222068,-5.183288
1,1.077142,12.478079,3.390962,23.057548
0,-1.199056,0.000000,-0.969498,-4.811799
0,-1.159946,0.337245,-0.911799,-4.205095
0,1.443472,2.023472,0.575539,6.996175
0,0.523803,0.337245,-0.615490,0.726362
0,-0.407838,1.011736,1.519081,2.143580
0,0.293729,0.337245,1.584592,3.276916
0,0.412767,2.697963,0.962971,5.634030
0,-0.655416,0.337245,-0.582987,-2.381980
0,0.457828,0.674491,-1.190258,0.141720
0,0.828862,-0.674491,1.578194,3.442428
0,0.424157,3.035208,-1.194159,2.979206
0,-0.789053,-0.337245,-0.503126,-3.462666
1,0.280348,30.689330,3.020193,43.019552
0,0.585200,-0.337245,1.034991,2.427789
0,-0.797552,-1.011736,-0.705645,-4.614906
0,-0.779364,2.023472,-1.794739,-2.362311
0,-0.530266,1.348982,-0.240820,-0.297633
0,0.122507,-0.674491,0.110522,-0.559623
0,-0.187919,-0.337245,0.363982,-0.606417
1,1.273323,-0.674491,1.126608,3.981749
1,0.578698,1.348982,0.995578,4.448810
0,-0.263446,0.000000,-0.210715,-1.216517
0,1.500032,-0.674491,1.182941,4.669402
1,1.471525,-0.674491,2.298788,6.198944
0,-0.318897,-0.674491,-0.587578,-2.745278
0,-0.079999,-1.348982,-0.232780,-2.433547
0,0.623498,1.011736,0.689490,3.709159
0,1.258762,3.372454,0.785317,8.479967
0,-0.519915,-1.011736,-0.080203,-2.971987
0,1.694804,-1.348982,3.799197,8.117532
0,0.561615,1.348982,1.314392,4.861908
0,-1.036446,-0.337245,-0.765400,-4.502029
0,-1.378781,0.674491,0.499637,-2.340384
0,-0.098482,0.000000,-0.793144,-1.613312
0,1.038842,-1.011736,1.566007,3.567683
0,0.253138,-0.337245,1.027799,1.528974
0,0.292867,-1.011736,-0.378951,-1.227236
0,-0.892237,0.674491,-1.343494,-3.691036
0,-0.180311,0.674491,0.042950,0.209024
0,2.332744,0.000000,2.909314,10.219885
0,-0.529257,0.000000,0.156666,-1.399023
1,-0.054274,0.000000,-0.185126,-0.620029
0,-0.180113,-1.011736,0.138422,-1.748190
0,0.704233,0.000000,-0.666168,0.717163
0,-0.307908,-0.337245,-1.150082,-3.106349
0,0.688881,1.348982,0.681407,4.291494
0,-1.046880,0.337245,-0.644525,-3.517940
0,-0.809923,0.000000,0.782762,-1.248957
0,1.244516,0.000000,2.160051,6.229956
0,0.000572,-0.337245,1.021342,0.843916
0,-0.409843,0.000000,-1.290671,-3.162380
0,-0.932314,0.000000,-1.072094,-4.245749
0,-0.364751,0.337245,-0.559129,-1.569943
0,0.414636,0.000000,0.519947,1.649256
0,0.909464,2.360718,1.723601,7.638587
0,0.995269,0.337245,1.421164,4.918765
1,2.393741,-1.348982,1.837759,7.164903
0,1.283832,0.337245,-0.573456,2.820389
0,0.302214,-0.337245,-0.669603,-0.782449
0,-0.912819,-0.337245,-0.445778,-3.711286
0,1.014334,0.000000,0.397409,3.077462
0,-1.160677,0.337245,-0.198494,-3.180533
0,-0.170251,-0.337245,0.326779,-0.612684
0,0.411689,0.337245,0.252180,1.675055
0,-1.337478,3.035208,-0.334883,-0.497638
0,-0.691099,1.011736,-0.337072,-1.285503
0,-1.286659,-0.337245,-1.123591,-5.686971
0,1.037724,-0.337245,-0.376045,1.607941
1,1.967168,-0.674491,1.321413,6.118546
0,-0.486432,-0.337245,-1.273196,-3.761182
0,-0.164627,-1.348982,-0.819057,-3.503690
0,1.087098,-0.337245,0.370223,2.814000
0,-0.620182,0.000000,-0.880465,-3.134836
1,2.439096,-0.337245,2.125089,8.956834
0,0.485538,1.686227,-0.614745,2.301163
0,-1.305307,-0.674491,-1.037808,-6.032445
0,-0.473558,0.000000,0.262116,-1.098240
0,0.177984,-0.674491,-0.808428,-1.733651
1,2.177215,6.744908,0.960118,15.379209
0,-0.630335,-0.337245,-0.327400,-2.785114
0,1.297818,-0.337245,0.198915,3.131272
0,0.600865,6.070417,1.379042,10.926346
0,-1.438820,-0.337245,0.127007,-4.294359
1,1.769151,4.721435,2.424397,13.880472
0,1.427118,2.023472,2.130878,9.190709
0,0.756767,-1.011736,-0.000308,0.558882
0,-1.009144,-0.337245,-0.148477,-3.541166
0,-0.375810,0.674491,-0.755070,-1.462482
0,0.476123,2.023472,-0.286728,3.167050
0,0.440519,-0.674491,0.359446,0.649476
0,0.294060,1.348982,0.124254,2.433310
0,-0.853050,-0.337245,-0.683355,-3.893265
0,-0.127681,0.674491,-0.608569,-0.587760
0,0.418656,-1.011736,0.868242,0.904160
0,1.198495,2.697963,0.253546,6.715391
1,2.460747,-1.348982,3.066612,9.112626
0,-0.160516,1.011736,-0.018216,0.592990
0,0.140841,-0.674491,0.843363,0.544062
0,-0.320980,1.686227,-0.713736,0.000786
0,-0.244724,0.337245,0.128375,-0.259413
0,0.012067,-0.337245,-0.425626,-1.207660
0,0.224608,-0.674491,0.163212,-0.210614
0,-0.465725,1.686227,-0.270109,0.251930
0,1.432780,-0.337245,0.430788,3.826067
0,-0.976243,-0.674491,-0.058106,-3.742112
0,0.056502,-0.337245,-0.603077,-1.344138
0,0.266655,1.011736,0.426170,2.375446
0,-1.367191,-0.337245,-1.177354,-5.979814
0,-0.230623,0.000000,-0.035093,-0.875957
0,2.474522,9.442871,3.104803,22.613320
0,-0.451849,3.709699,3.060949,7.596945
0,0.511086,2.360718,0.031166,4.137105
0,-1.258815,1.686227,-1.060993,-3.008224
0,1.153255,5.733171,1.805016,12.598313
0,-1.110105,0.674491,-0.880345,-3.607447
0,-0.609769,-0.674491,-0.536980,-3.450720
0,0.725210,1.011736,-0.992374,1.560928
0,0.930807,0.000000,0.310147,2.728399
0,-2.094778,-0.337245,-1.772938,-8.783651
0,-0.185638,0.000000,0.655861,0.238756
0,0.575428,0.674491,0.311588,2.617676
0,0.387031,-1.011736,-0.042357,-0.490897
0,1.265246,-0.674491,1.440444,4.411781
0,0.974014,0.337245,-0.373162,2.279682
0,-0.453469,2.023472,-0.354663,0.582067
0,-0.806140,-0.674491,-0.047926,-3.272335
0,-0.743496,-1.348982,-0.055044,-3.953022
0,1.438791,8.093889,2.377593,17.119482
0,-0.580532,-0.337245,-0.089772,-2.309889
0,0.681018,0.000000,0.299856,2.045254
1,1.807436,-1.011736,3.007628,7.698772
0,-0.084662,-1.011736,-0.184331,-1.957274
0,-1.428380,-0.337245,-0.364152,-4.973253
1,2.015577,-1.011736,2.492809,7.514798
0,0.446921,0.000000,0.025741,1.024427
0,0.743808,-0.674491,2.161123,4.053751
0,2.490279,7.082153,2.464459,18.800768
0,0.400845,0.337245,0.586053,2.126519
0,0.462634,2.360718,1.997982,6.837911
0,0.399678,0.000000,-0.856325,-0.371360
0,-0.012855,1.348982,-0.385669,0.878299
0,-0.176377,0.337245,-0.688044,-1.251452
0,-1.595847,-0.337245,-1.114152,-6.500652
0,0.038961,-0.337245,0.248652,-0.165348
0,-1.314881,-0.337245,-1.185369,-5.851386
0,0.767590,-0.337245,1.035949,2.917169
0,-0.113233,-0.674491,0.452824,-0.697761
0,0.361697,-1.011736,-0.663791,-1.452987
1,1.119834,0.337245,2.592711,6.938025
0,-1.059868,-0.337245,-1.083847,-5.022975
0,0.644407,12.815324,0.769435,18.546111
0,0.344883,0.337245,0.718520,2.167418
1,1.816518,7.082153,1.698201,15.895332
0,0.507573,-1.348982,0.187042,-0.257273
0,-1.310345,0.337245,0.240451,-2.949298
0,2.349846,-0.337245,2.242933,8.887626
0,1.053946,2.697963,0.099205,6.106523
0,-0.730960,-0.674491,-0.234278,-3.339361
0,-0.758051,-0.337245,-0.123587,-2.833521
0,0.705555,-0.337245,1.652717,3.638781
0,0.773156,1.348982,0.763783,4.635525
0,0.535586,-0.337245,0.841911,2.017180
1,2.117673,0.674491,3.269754,11.001205
0,-1.196508,1.011736,-1.186327,-3.859937
0,-0.621079,1.011736,-0.484235,-1.309939
0,-0.580061,-1.011736,-0.856666,-4.250323
1,2.393173,-1.011736,2.534828,8.585563
0,0.532855,0.000000,0.316509,1.672795
0,0.743305,0.000000,0.208702,2.080730
0,0.906143,-0.337245,0.840656,3.006836
0,0.098955,-0.337245,-0.782760,-1.489132
1,0.942412,3.372454,2.620431,10.274453
0,-0.100720,-0.337245,-0.648684,-1.830434
0,-0.693856,-1.011736,-0.087225,-3.447489
1,0.189917,8.768380,0.186737,11.463188
0,-0.493451,0.337245,-1.095933,-2.686807
0,0.916560,10.454607,2.199102,18.398525
0,0.636616,2.023472,-0.133300,3.817263
0,-0.186011,-0.337245,-0.974756,-2.527891
0,-0.045762,-0.674491,-0.382210,-1.718934
0,0.586006,0.674491,-1.021149,0.728036
0,0.097459,2.360718,0.780934,4.109396
0,-0.079231,-1.011736,0.273465,-1.283931
0,0.067950,-0.674491,-0.800224,-2.016250
0,0.879685,0.337245,-0.304061,2.126739
0,-1.662409,0.000000,-0.644367,-5.583650
0,1.930484,0.674491,1.830725,8.429454
1,2.172025,3.709699,1.099428,11.794559
0,-0.183387,0.674491,-0.027934,0.098785
0,-0.776813,-0.674491,-0.060930,-3.212579
0,-0.113998,-0.674491,0.142613,-1.146232
0,1.091432,-0.674491,-0.111772,1.712930
0,-1.738647,0.674491,-0.914108,-5.337762
0,0.651928,3.372454,-1.059499,4.201448
0,0.916173,1.686227,1.104612,5.927696
0,0.235179,-0.674491,1.129642,1.208458
0,0.284842,1.011736,-0.660047,0.860930
0,-0.255883,1.348982,0.050849,0.856248
0,-0.256360,-0.674491,-0.959426,-3.113083
0,0.874771,-0.674491,1.237561,3.075056
0,0.050230,1.011736,0.842839,2.396008
0,-1.539739,0.000000,0.059068,-4.243119
0,0.846242,-0.674491,-0.315045,0.764368
0,0.314744,-0.337245,0.757902,1.305398
0,0.800242,-1.348982,1.119161,1.867203
0,1.296274,2.360718,0.188895,6.464941
1,0.273750,0.337245,-0.478759,0.254091
1,0.985879,5.395926,-0.431160,8.513374
0,-0.941262,-0.674491,-0.689553,-4.557231
1,1.503695,-1.348982,3.234558,6.793630
0,0.745563,-1.011736,0.567232,1.345649
0,-0.169212,0.674491,-0.793158,-0.964523
0,-0.056497,-0.674491,1.056372,0.322608
0,1.201764,1.686227,0.466131,5.772986
0,-0.295571,2.023472,0.367757,2.044174
0,-0.773538,-0.674491,-1.094424,-4.691119
0,1.703074,3.372454,0.704132,9.551935
0,0.543455,5.058681,0.857050,8.764459
0,-1.636183,-0.337245,-0.334726,-5.486903
0,0.657138,3.035208,-0.283170,4.913574
0,1.249165,0.337245,-0.640482,2.631176
0,1.282694,2.360718,0.327320,6.627815
0,-0.213366,1.686227,-0.238513,0.972611
0,-0.329957,-0.674491,-1.091993,-3.500776
0,0.976377,3.709699,1.303850,8.889668
1,1.249940,-0.674491,2.027063,5.215032
0,-1.401235,0.000000,-0.785259,-5.087612
1,2.022859,0.000000,2.217947,8.395810
0,-0.694633,-1.348982,-1.197048,-5.465743
0,-1.157350,-1.011736,-0.407757,-5.148890
0,-1.346164,-1.011736,-0.262348,-5.444824
0,1.528745,1.686227,1.528934,8.177336
0,-0.360357,-0.674491,0.253827,-1.645345
0,-1.291034,2.023472,-1.230455,-2.919273
0,0.850747,-1.011736,0.893334,2.096373
0,-0.267366,0.000000,-0.232774,-1.258750
0,0.269601,-1.011736,-0.130642,-0.932146
0,0.339949,3.035208,0.394662,5.040371
0,-0.093659,0.337245,-0.619870,-0.932022
0,-0.054795,-0.674491,-0.773915,-2.306805
0,0.724362,-0.337245,-0.171135,1.064395
0,-0.265364,-0.674491,-0.282814,-2.163460
0,-0.512524,0.000000,-1.210923,-3.322348
0,-0.676441,2.023472,-0.748168,-0.580810
0,-0.468983,1.686227,-0.398061,0.059075
0,0.809563,2.360718,0.757233,5.980593
0,1.220898,0.000000,1.357738,5.012157
0,-1.489812,1.686227,-0.619354,-2.990717
0,-1.349934,-0.674491,-1.175992,-6.350707
0,0.439485,-0.674491,-0.037338,0.075699
0,1.839307,-0.337245,3.334041,9.091841
0,0.529569,1.348982,0.284946,3.294689
1,0.056792,-1.011736,2.441447,2.199959
0,0.319669,-0.674491,-0.892854,-1.476055
0,1.087964,1.686227,1.177739,6.492579
1,-0.331849,0.337245,0.918544,0.644608
0,-0.655206,0.337245,0.742040,-0.474572
0,-0.643283,0.000000,-0.783745,-3.057456
0,0.775189,-0.674491,-0.632028,0.118091
0,-0.574578,-0.337245,1.253611,-0.360697
0,-1.513569,0.000000,-0.853585,-5.486501
0,-0.367396,-0.337245,0.309585,-1.164909
0,-0.055855,-0.674491,2.312605,2.132168
0,0.601509,-1.011736,1.786856,2.715379
0,-0.515725,-0.337245,-0.028147,-2.047807
0,0.031065,-0.337245,1.532320,1.660852
0,-0.544391,-1.011736,-0.863238,-4.164341
0,2.132157,8.431134,1.625387,18.311177
0,-1.397256,-0.674491,-1.260542,-6.599000
0,1.502929,-0.337245,1.530342,5.596125
0,-1.051338,0.674491,-1.412356,-4.215827
0,-0.354422,0.337245,2.252545,2.503974
0,-0.989200,-0.337245,-1.036945,-4.766398
0,0.404740,4.046945,-0.878414,4.638726
0,0.184622,-0.674491,-0.489078,-1.256311
0,2.165346,0.000000,2.568478,9.281497
0,-0.198775,-0.674491,0.002178,-1.575164
1,1.120655,0.337245,3.232676,7.861197
0,-0.534198,-1.348982,-0.437748,-3.943773
0,-0.717831,0.337245,0.242466,-1.361069
0,0.476983,0.337245,-0.087456,1.360986
0,-0.129026,-0.674491,2.537619,2.260211
0,-0.042407,0.674491,-1.322242,-1.386646
0,-0.687970,0.674491,0.267477,-0.826152
0,0.467492,1.686227,1.743942,5.647265
0,0.055477,1.348982,-0.063163,1.525245
0,-1.986032,1.348982,-0.369331,-4.377623
0,0.311620,0.000000,0.823955,1.811124
0,-0.432726,-1.011736,-1.127466,-4.245822
0,2.209696,-0.674491,2.781225,8.868267
0,1.239601,-0.674491,1.003891,3.714923
1,1.001832,-1.348982,0.807580,1.958181
0,0.267506,-1.011736,-0.343108,-1.243509
0,-0.200817,0.000000,1.811327,1.860975
0,-1.158975,-0.674491,-0.892923,-5.432414
0,-0.434701,0.337245,-1.063044,-2.482284
0,-0.256372,1.686227,-1.552917,-1.034015
0,0.409922,1.686227,2.177090,6.116574
0,0.186536,-0.674491,-0.502386,-1.270343
0,0.511985,-1.348982,1.472184,1.603977
0,-1.167700,-0.337245,-1.214146,-5.499001
0,-0.262605,-1.348982,-0.645652,-3.516294
0,0.643205,0.337245,-0.016314,1.908110
0,-1.647455,-1.011736,0.103803,-5.724030
0,0.344510,-0.337245,-0.225091,-0.029584
0,-1.488736,-0.337245,-1.585798,-6.892811
0,-0.436613,0.674491,0.042636,-0.477191
0,-0.314961,0.000000,-0.904466,-2.352728
0,-1.240383,0.000000,-1.306149,-5.406848
0,-1.133334,2.023472,0.756948,0.362739
0,1.041314,-0.674491,0.414165,2.335710
0,-0.400610,0.674491,0.052013,-0.367366
0,0.444179,-0.674491,0.431782,0.763368
0,-0.228646,-0.337245,-0.526957,-1.997537
0,0.240216,0.337245,0.461139,1.516976
0,0.320810,-1.011736,-0.332166,-1.085143
0,0.138171,0.000000,0.477517,0.848485
0,0.585750,-1.011736,1.762906,2.638749
0,-0.234605,0.000000,0.062764,-0.745785
0,0.334356,-1.011736,1.258025,1.239545
0,0.811765,4.721435,2.689047,11.699750
0,-0.309877,-0.337245,-1.173494,-3.145309
0,0.950462,-1.011736,0.124723,1.257064
1,0.037097,-1.011736,-0.375177,-1.906142
0,-0.377786,-1.348982,-0.704033,-3.908489
0,-0.740395,-0.337245,-0.712778,-3.634188
0,1.585100,2.697963,-0.497186,6.669412
0,0.013980,0.000000,0.009072,-0.157938
0,-0.054852,1.348982,0.613414,2.203713
0,0.402762,0.000000,2.458435,4.407162
0,-0.728948,-1.011736,-0.714058,-4.443456
0,0.137527,2.023472,0.137810,2.872053
0,1.769028,-0.674491,0.684646,4.672029
1,0.495318,2.023472,2.912138,7.821896
0,-0.369363,2.360718,-0.119812,1.564102
0,-0.500805,-0.337245,-1.140649,-3.608890
0,0.091373,-0.337245,1.276775,1.454456
0,-0.834252,-0.674491,-0.849731,-4.501428
0,-0.175658,-0.337245,-0.962908,-2.483139
0,0.351658,-0.674491,0.473446,0.575779
0,-1.322740,-0.674491,-0.664021,-5.541171
0,-0.042550,1.686227,0.969941,3.168732
0,-1.298362,-0.337245,0.123819,-3.923137
0,-0.109722,-0.337245,-0.501099,-1.642131
0,-0.022856,0.000000,1.079752,1.284317
0,0.699433,-1.348982,0.474562,0.669835
0,1.019963,2.023472,-0.239694,4.689835
0,-0.812500,-0.337245,-0.674957,-3.772683
0,-0.956404,-0.674491,-0.425410,-4.217617
0,-0.989718,-0.674491,-0.302443,-4.129790
0,0.485512,2.360718,1.074855,5.570650
0,0.878485,2.360718,0.972413,6.474667
0,0.326926,2.360718,0.298694,4.029365
0,-1.389611,-1.011736,-0.704766,-6.197753
0,0.398694,2.023472,1.209465,5.113051
1,1.486238,-1.348982,2.508882,5.702600
0,-1.186292,1.011736,-1.605561,-4.435924
0,-0.075840,0.674491,-0.330955,-0.049541
0,-0.162706,0.337245,1.623190,2.111224
0,-0.164192,-0.674491,0.280682,-1.081838
0,1.700586,0.337245,0.372993,5.297489
0,1.050718,1.011736,1.213002,5.605614
0,0.338172,0.000000,0.543152,1.478064
0,0.064322,1.011736,1.005350,2.667583
0,0.089314,0.674491,-0.049791,0.796969
0,-0.542197,0.337245,-0.631521,-2.148897
1,1.888753,-1.348982,3.067247,7.583113
1,2.492095,21.246459,2.877451,36.999114
0,1.231130,3.372454,2.136580,10.350639
0,0.023295,0.674491,-1.099976,-0.890993
0,0.196275,-0.337245,0.424822,0.509088
1,-1.461542,0.000000,-0.199913,-4.406596
0,0.015402,-0.674491,-0.144978,-1.213882
1,2.380507,-1.011736,2.219198,8.097451
0,1.318549,-1.348982,0.886748,2.919520
0,-0.658367,2.023472,-0.699859,-0.462930
0,-0.826796,-1.348982,-1.524797,-6.291022
0,1.037408,-0.674491,0.204382,2.023361
0,-2.352243,3.035208,0.800404,-1.578953
0,-1.840294,-0.674491,-1.502627,-8.132775
0,0.803088,-0.674491,-0.149016,0.887839
0,0.264213,-1.011736,0.086480,-0.634101
0,0.559113,0.674491,1.992651,4.993241
0,-0.326435,-0.674491,-1.052233,-3.434132
1,0.940018,2.023472,0.959816,6.202148
0,-0.332343,1.348982,0.078106,0.690896
0,-0.073812,-0.674491,-1.237189,-3.024384
0,-0.111502,0.337245,0.194127,0.191661
1,0.812536,2.360718,2.701690,8.786814
0,-0.092411,-1.348982,-1.151989,-3.789591
0,-0.498078,-0.337245,-0.971903,-3.358750
0,1.818713,15.176042,0.986364,24.933456
0,-0.665278,-0.337245,0.728709,-1.358760
0,1.029093,0.674491,0.765165,4.484245
0,-0.378281,0.674491,-1.024389,-1.856671
0,-0.266255,-0.337245,-0.867286,-2.587932
0,-0.504484,0.000000,-0.706825,-2.575387
0,-2.195448,0.674491,-1.220706,-7.001202
0,-0.142563,2.023472,-0.433827,1.300001
0,-0.222972,-0.674491,1.111006,-0.044191
0,-0.686361,-0.337245,-1.187567,-4.172884
0,1.431115,22.595440,1.187420,33.404344
0,-0.131861,-0.674491,-0.150748,-1.616204
1,0.624079,-1.011736,1.153464,1.864254
0,-0.808617,-0.674491,-1.117267,-4.817850
0,-0.136594,0.337245,-0.636214,-1.070420
1,-0.099182,-0.337245,-0.038252,-0.947847
0,0.952210,0.674491,-0.010983,3.161582
0,-1.452601,0.337245,-0.345821,-4.173624
0,-0.468482,0.337245,0.639982,-0.121846
0,0.583852,-0.674491,-0.111295,0.355535
0,0.395862,4.384190,2.777686,10.295493
0,0.859494,-0.674491,0.353092,1.761342
0,-1.158650,1.011736,-0.604545,-2.921404
1,-0.224165,1.348982,0.513333,1.606670
0,0.109481,-0.337245,0.495459,0.378516
0,1.498229,19.560232,4.004786,33.867137
0,-1.637487,0.337245,-1.490977,-6.316298
0,0.659749,-0.337245,0.655681,2.081387
1,0.417601,-0.674491,-0.364723,-0.453994
0,-0.551841,-0.337245,-0.007846,-2.115224
0,1.656953,2.360718,-0.028251,7.117478
0,-0.118977,-1.348982,0.010148,-2.188239
0,-1.230939,-0.337245,-1.181959,-5.621885
0,0.791965,-0.674491,0.525783,1.829182
0,0.384302,-0.674491,0.709952,1.003476
1,0.919150,5.733171,4.382714,15.681506
0,-0.463098,-1.011736,-0.270917,-3.094424
0,-1.142226,2.023472,-0.260001,-1.124543
0,-0.794413,0.337245,-0.748874,-2.992610
0,1.050175,-1.011736,0.414030,1.940197
0,1.961028,0.337245,0.042408,5.518582
0,-1.039648,-0.337245,-1.298261,-5.277436
0,-1.672120,-1.011736,-1.045756,-7.444355
0,0.375473,-1.011736,0.590208,0.388502
0,0.611502,1.686227,-0.588496,2.675968
0,-0.835350,0.337245,-0.993254,-3.453827
0,-0.651376,0.000000,1.022544,-0.479680
0,-0.727816,2.023472,-0.117821,0.188862
0,1.462086,8.768380,0.248245,14.955519
0,1.316124,4.384190,-0.083967,8.639540
0,-1.458614,-0.337245,-1.092717,-6.102624
0,1.472105,-1.011736,0.830604,3.668603
0,0.277926,-1.348982,0.444653,-0.500990
0,-0.016692,0.674491,-0.213781,0.277342
0,0.279193,0.337245,-1.109879,-0.639589
0,1.184988,-1.011736,0.597497,2.564929
0,-0.601127,0.337245,-0.942812,-2.754549
0,0.756503,-0.337245,0.554271,2.194323
0,0.578220,0.000000,-0.315628,0.884466
0,0.436951,0.337245,-0.209279,1.078560
0,0.668161,0.674491,-0.055827,2.337045
0,-0.092661,-1.348982,0.253106,-1.768189
0,-0.962826,-0.674491,-0.656355,-4.567153
0,-0.076970,-0.674491,-0.653548,-2.192916
0,-1.266704,-0.674491,0.184283,-4.170446
0,1.367943,-0.337245,1.127585,4.655349
0,-0.980600,0.674491,0.071646,-1.890932
0,0.683209,-0.674491,-0.710275,-0.240617
0,0.418938,0.337245,-0.038451,1.276202
0,-0.286721,-0.337245,0.079109,-1.280732
0,-0.975668,-1.011736,0.091701,-3.944012
0,-0.756785,-0.337245,0.230754,-2.320202
0,-1.404534,0.000000,-1.489283,-6.109597
1,2.220341,0.000000,4.194292,11.768350
0,-0.149595,0.000000,0.192310,-0.331904
0,0.237804,2.023472,-1.358608,0.986859
0,-1.531423,2.023472,-0.813041,-2.961758
0,-0.620349,0.674491,0.169530,-0.786179
0,-0.178294,-1.348982,-0.953357,-3.733530
0,-1.379270,0.674491,-1.766382,-5.602721
0,-1.123623,-0.674491,-0.119779,-4.225195
0,-0.056338,-0.337245,-0.224053,-1.100600
0,-0.226238,1.348982,1.372300,2.837265
0,-0.119580,-0.674491,-0.504815,-2.092883
0,-1.069701,1.348982,0.523669,-0.640771
0,1.743854,-0.337245,2.585734,7.759557
0,0.139395,1.011736,0.033174,1.469388
0,-0.223309,0.000000,0.656721,0.139201
0,0.241120,-0.337245,1.365288,1.982498
0,0.466280,0.337245,-1.060365,-0.067765
0,-1.462202,0.000000,-0.664474,-5.076912
0,-1.274557,-0.674491,-0.118158,-4.626700
0,-0.411147,0.337245,1.439862,1.182668
0,-0.435931,-1.348982,0.508719,-2.318789
0,-1.930560,-0.337245,-1.447012,-7.875229
1,2.151585,15.513287,0.043500,24.886241
0,-0.971025,-1.011736,-0.931465,-5.404027
0,2.086097,0.674491,1.992823,9.079087
0,0.400238,0.674491,0.392279,2.265061
0,0.623873,1.011736,-0.187230,2.448475
0,1.324835,5.058681,1.260266,11.435390
0,1.484065,1.348982,0.066766,5.534556
0,-0.016563,0.674491,-0.433350,-0.038294
0,-0.927251,0.000000,-0.775936,-3.806003
0,-0.194318,0.337245,-0.578860,-1.142327
0,0.214737,0.000000,-0.083046,0.246638
0,-1.887166,-1.011736,-0.171400,-6.761446
0,0.165911,1.686227,-0.095522,2.193184
0,-1.389334,-1.348982,-0.211461,-5.906125
0,0.157927,-1.011736,-1.166544,-2.721705
0,1.319091,-0.337245,0.069052,3.001304
0,0.391171,0.000000,0.630297,1.745278
0,0.352455,-0.337245,-0.054517,0.237146
0,-1.779803,-0.674491,-1.122812,-7.424335
0,-0.519195,1.686227,1.202170,2.227623
0,0.735144,-0.674491,0.518890,1.667231
0,0.222570,-0.337245,0.210093,0.270426
0,0.340039,0.000000,-0.471546,0.022808
0,-0.846761,0.674491,0.413518,-1.040845
0,-0.760211,0.674491,0.303243,-0.967969
0,-0.507191,-1.686227,-0.850861,-4.885053
0,0.311360,0.337245,-0.273703,0.649816
0,0.545018,-1.348982,0.981026,0.985535
0,-0.383992,-0.674491,-0.640364,-2.995412
0,0.537536,1.686227,-0.628775,2.420097
0,-1.525225,-0.674491,-1.069131,-6.665934
0,0.180891,-0.337245,0.000648,-0.142502
0,1.566575,0.337245,1.296867,6.268477
0,-0.534947,0.337245,-0.620735,-2.113978
0,-0.547850,-1.011736,-1.027942,-4.410620
0,-1.452683,0.000000,-0.503047,-4.819133
0,0.965064,-0.674491,-0.234956,1.197546
0,-1.365376,2.023472,-1.330496,-3.262153
0,1.112226,0.000000,0.747345,3.842977
0,-1.039134,-1.011736,-1.049654,-5.756347
0,-2.019170,0.674491,0.368042,-4.243186
0,-0.277746,0.337245,0.679992,0.446068
0,1.032948,0.674491,0.853309,4.621408
1,-1.487796,-0.337245,-1.271784,-6.438401
0,-0.539572,0.000000,-1.369380,-3.622754
0,0.066732,-0.337245,-0.566694,-1.264407
0,-0.143085,2.023472,0.409204,2.511813
0,-0.036695,2.360718,2.142775,5.710278
0,-0.478387,-0.337245,-0.453306,-2.559751
0,-1.523472,-1.011736,-0.658794,-6.489753
0,-1.445765,0.337245,-1.347868,-5.597378
0,0.542519,0.674491,-0.102971,1.933035
0,-1.232630,0.674491,-0.681725,-3.649440
0,-0.803328,-1.011736,-1.229869,-5.384772
0,2.434912,-1.348982,2.637623,8.426146
0,2.030666,8.093889,3.151171,19.816358
0,-0.123531,0.674491,-0.784550,-0.829911
0,0.676863,-1.011736,0.016006,0.368568
0,0.218094,-0.674491,1.462462,1.641705
1,2.427797,-1.011736,2.850247,9.132121
0,-0.444372,0.000000,-0.523233,-2.150346
0,0.046463,1.348982,-0.671334,0.625907
0,-0.063649,1.011736,-0.237759,0.536224
0,-1.321407,0.000000,-1.101588,-5.329253
0,-0.561248,2.697963,-1.939662,-1.149223
0,-0.536473,-0.674491,-0.181474,-2.742999
0,-1.709776,-0.337245,-1.120402,-6.814473
0,0.900732,0.000000,0.764803,3.302226
0,-0.286889,-1.011736,2.540950,1.423598
0,-1.093061,-1.011736,0.162816,-4.155767
0,1.051719,-1.348982,-0.284303,0.520329
0,-0.422155,0.337245,-1.161802,-2.590839
0,1.061812,-0.337245,-0.111906,2.052513
0,0.378523,-0.337245,0.251579,0.747398
0,-0.636938,0.000000,-0.264482,-2.293208
0,-1.571463,1.686227,-0.959391,-3.698529
1,0.748482,2.023472,0.377450,4.851592
0,-0.881656,-1.011736,-0.827881,-5.015844
0,-1.271011,0.000000,-0.615842,-4.495375
0,1.094384,2.360718,-0.791941,4.513242
0,0.401887,1.011736,-0.450517,1.475633
0,0.954462,-1.011736,0.897414,2.379745
0,2.482723,0.337245,1.630103,9.199281
0,0.908095,0.337245,0.210397,2.943109
1,-0.011371,0.000000,0.995604,1.193949
0,-0.727378,-0.674491,-0.996874,-4.427231
0,-0.143172,-0.674491,-0.839053,-2.637008
0,0.739280,-0.674491,-0.996899,-0.503075
0,0.832116,1.348982,-0.430549,3.074515
0,1.230161,9.780116,0.630104,16.141597
0,0.947939,-0.674491,0.531762,2.255109
0,-0.380885,-1.011736,-1.095292,-4.060814
0,1.269823,-0.674491,1.845573,5.007046
0,1.611149,2.360718,-0.172106,6.787903
0,-0.447996,2.023472,-1.380435,-0.879478
0,-0.163445,0.000000,-0.925373,-1.977417
0,0.451147,0.000000,-1.181064,-0.700980
0,0.821565,1.686227,-0.412924,3.490677
0,-1.026766,0.000000,-0.297006,-3.383035
0,0.855052,0.000000,-0.398318,1.506159
0,0.568859,0.000000,0.366741,1.841416
1,2.507122,-1.011736,2.499929,8.840222
0,-0.626803,13.827061,2.143077,18.378752
0,-1.354864,1.011736,-1.199300,-4.302305
0,-0.471291,-0.337245,-0.385084,-2.442590
0,-0.532495,0.000000,-0.115761,-1.799735
0,-0.530847,0.674491,0.572374,0.033022
0,0.490207,-0.337245,-0.731414,-0.368407
0,0.093896,0.337245,-0.104031,0.312145
0,-0.296535,2.023472,0.947566,2.875997
0,-0.858171,-1.011736,-0.929740,-5.099594
0,0.409037,1.348982,-0.578200,1.730041
0,0.545050,2.023472,1.430126,5.822194
0,-0.335124,0.337245,-0.349407,-1.188861
0,-0.203203,0.674491,0.424734,0.697201
1,1.132767,0.337245,0.453032,3.893419
0,0.712416,2.023472,0.942841,5.568747
0,-1.134183,1.686227,0.028637,-1.106670
0,1.090319,-1.011736,0.174124,1.702356
0,1.143424,0.337245,0.563165,4.080424
0,1.956405,19.897477,0.605558,30.620233
0,0.200284,-0.674491,-0.367340,-1.039214
1,-0.438249,0.674491,-0.210052,-0.845210
0,-0.586643,0.337245,-0.720107,-2.395301
0,0.171038,0.674491,-0.136837,0.890360
0,-0.834300,0.000000,-0.699598,-3.447445
0,-0.781396,-0.337245,-1.318231,-4.615196
0,1.125147,0.000000,1.277301,4.640208
0,-0.686451,-0.674491,-0.759243,-3.975752
0,-0.820112,-1.011736,-0.150524,-3.876394
0,0.279721,-0.337245,1.265478,1.942145
1,0.377869,6.744908,1.391728,11.186010
0,-0.980618,0.337245,-0.700365,-3.421010
0,-0.613576,0.674491,0.012540,-0.993982
1,1.821742,-1.011736,3.071482,7.828940
0,0.040123,2.360718,0.080452,2.947923
0,-0.720067,-0.337245,-0.696372,-3.556187
0,-0.426388,5.058681,-0.129563,4.749713
0,-0.350848,0.337245,0.218574,-0.413552
0,-0.486569,-0.337245,-1.080949,-3.484886
0,0.891052,6.070417,-0.800461,8.566248
0,1.435177,0.337245,0.767736,5.155436
1,2.014951,-0.337245,2.837173,8.846751
0,-1.783597,0.000000,-1.557909,-7.222579
0,-0.318562,-0.674491,-0.086329,-2.023035
0,-0.298903,-0.674491,-0.775331,-2.961979
0,-1.086509,0.000000,-0.679504,-4.093338
0,-0.271074,-1.011736,-1.035643,-3.681160
0,-1.288912,2.360718,-1.411512,-2.755128
0,0.769979,3.035208,1.099191,7.204848
0,-1.244341,-0.674491,-0.408872,-4.964220
0,-0.446048,-1.011736,-1.188039,-4.368635
0,-1.005713,0.674491,-1.707349,-4.518276
0,-0.945487,-1.011736,-0.582717,-4.833814
0,-1.291951,-0.674491,-1.037951,-5.996914
0,1.435134,-1.348982,1.412063,3.987435
0,1.554098,4.046945,2.962135,13.240881
1,0.340257,-1.011736,1.601289,1.749326
0,1.442361,14.501551,0.074392,21.776017
0,0.499694,0.337245,0.753668,2.632211
0,1.436393,-1.348982,0.652681,2.897976
0,0.399669,-0.674491,0.450266,0.670876
0,-0.306743,-1.011736,-1.171615,-3.972276
0,0.850860,-0.337245,-0.164452,1.412470
1,0.203267,7.082153,1.408536,11.162060
0,-0.648987,0.000000,-0.032161,-1.991113
0,-0.667212,1.011736,-1.023282,-2.209115
0,-0.974909,2.697963,-0.411108,-0.056272
0,-0.699920,-1.348982,0.035592,-3.705995
0,-0.768720,-1.348982,-0.618483,-4.831356
0,-0.136896,-0.337245,-0.589447,-1.841980
0,-1.068522,0.000000,-0.735793,-4.126217
0,-0.423928,-0.674491,-1.000467,-3.620489
0,-0.698467,-0.337245,-0.607004,-3.369784
0,-0.851366,0.337245,0.517186,-1.323004
0,-1.854610,3.035208,-1.083363,-2.958417
0,1.162646,1.011736,0.063408,4.250708
0,0.778407,-0.674491,-0.355327,0.524900
0,-0.487057,-0.337245,-0.580785,-2.766405
0,-0.882516,-0.337245,-0.638691,-3.907827
0,-0.051479,0.000000,-0.373605,-0.883791
0,-1.213255,0.337245,-1.294239,-4.898096
1,2.131738,-0.674491,2.136151,7.731360
0,0.764032,0.674491,0.412456,3.267463
1,1.364603,-1.348982,0.772237,2.877949
0,-0.677937,1.348982,4.389486,5.970731
0,-1.301199,0.337245,-0.407593,-3.857427
0,-0.268673,1.686227,0.217597,1.481021
0,0.638824,2.023472,-0.970392,2.618511
0,-0.578214,0.674491,0.385738,-0.362299
0,-1.097401,0.674491,-0.164596,-2.543422
0,-0.610796,-0.337245,-1.052930,-3.776944
0,0.693051,3.035208,1.474107,7.538561
0,-0.122806,0.337245,-0.968822,-1.512185
0,0.147293,-1.011736,-0.005127,-1.078764
0,-1.136043,0.000000,0.054616,-3.169399
0,1.677497,1.011736,-0.445032,4.896549
0,-0.199817,-0.337245,0.146157,-0.951724
0,-1.559147,-0.674491,-0.491486,-5.925405
0,-0.490315,0.000000,-0.804303,-2.677760
0,1.276654,-0.674491,1.034946,3.858752
0,1.279320,0.000000,2.348570,6.594375
0,0.771208,4.721435,-0.031099,7.676672
0,-0.845707,0.000000,-0.717462,-3.503673
0,-0.375635,-0.674491,-0.119313,-2.223207
1,0.297991,-0.674491,0.089037,-0.121016
0,-0.554886,0.337245,-1.199343,-3.000001
0,0.006072,-1.011736,-0.005756,-1.457521
1,1.147463,0.000000,1.155479,4.524603
0,0.381650,1.686227,1.766408,5.449917
0,-1.289636,0.674491,-0.810296,-3.986994
0,0.234618,5.058681,2.443764,10.221576
0,0.858369,2.360718,-0.290378,4.603560
0,-1.239593,0.337245,-0.244613,-3.458050
0,0.367297,-0.337245,-0.299539,-0.075753
0,-0.205796,-0.337245,-0.049515,-1.249311
0,-0.466565,-0.337245,-0.792664,-3.016492
0,-0.084434,-0.337245,0.211201,-0.549399
0,-0.127069,-0.674491,-0.337479,-1.872107
0,-0.193153,1.348982,-0.594218,0.095769
0,0.898732,1.686227,1.121499,5.905334
1,-0.214684,0.000000,0.999413,0.655446
0,0.859366,0.000000,0.876900,3.352867
0,0.842344,-0.674491,1.329366,3.120413
0,-0.254806,-1.348982,-0.089605,-2.695220
0,-0.183466,-0.674491,-0.269444,-1.925094
0,0.790950,-0.674491,0.244356,1.421464
0,0.346190,3.372454,-0.543000,4.126709
0,-1.139866,-0.674491,-0.356852,-4.609827
0,-0.343245,2.360718,-1.324968,-0.100355
0,0.420807,0.000000,-0.823636,-0.267784
0,-0.963650,-1.686227,-0.418878,-5.484685
0,-0.530897,-0.337245,-0.781564,-3.172643
0,0.487361,-0.674491,1.764842,2.797312
0,0.253417,-1.011736,-0.145778,-0.997229
0,-1.235433,-0.337245,-1.354906,-5.882798
0,-0.712852,-0.337245,-0.656922,-3.480110
0,1.067652,0.000000,0.358540,3.164185
0,-0.335861,-0.337245,-1.064019,-3.057287
0,0.887548,2.360718,0.559344,5.904467
0,-0.443898,0.674491,1.138965,1.081047
0,0.714588,0.000000,-0.074770,1.595950
0,1.108931,2.023472,1.952023,8.081976
0,-1.713393,-0.674491,-0.808457,-6.794259
0,0.482025,3.035208,1.366597,6.819223
0,0.326299,-1.011736,1.780558,1.969966
0,1.314219,-0.674491,0.444841,3.110039
0,0.218696,0.000000,-0.280680,-0.027185
0,1.661390,7.082153,0.048676,13.106441
0,0.524952,-0.674491,-0.483712,-0.338003
1,0.650124,0.000000,0.814245,2.702853
0,-0.901146,-1.011736,-0.520408,-4.625507
0,0.255179,0.000000,1.255580,2.281262
1,2.285279,-1.011736,2.522330,8.278896
0,1.404132,-0.674491,2.566680,6.404149
1,-0.700162,0.337245,-0.358147,-2.178134
0,-0.741290,-0.337245,-0.511779,-3.347324
0,-0.896910,0.000000,-0.292475,-3.029073
0,-1.336793,-0.337245,-0.259646,-4.577806
0,0.385289,0.000000,-0.966423,-0.568301
0,1.544205,1.686227,-0.299936,5.586775
1,2.047103,13.152570,1.392742,23.615192
0,-0.072018,-0.674491,-0.666566,-2.198401
0,-1.175824,-0.337245,0.391702,-3.209764
0,-0.837921,0.000000,-0.601666,-3.316198
0,0.509870,-0.674491,0.657807,1.264404
0,1.322480,-0.337245,1.183175,4.613708
1,1.406935,0.000000,1.622328,5.890688
1,0.053643,0.674491,0.563423,1.584004
0,-0.331840,0.000000,-0.910248,-2.406208
0,-0.358588,2.023472,0.719651,2.381975
0,0.153876,-0.674491,-0.395352,-1.203695
0,0.884744,-0.337245,-0.151790,1.521354
0,0.876379,0.337245,0.825794,3.743868
0,0.329868,-0.337245,-0.659815,-0.694371
0,-0.492498,0.337245,1.189022,0.604021
0,1.524705,0.674491,0.880243,5.975913
0,0.038396,-0.674491,0.528236,-0.183539
1,1.984161,6.407662,2.402283,16.519066
0,-0.456155,0.674491,-0.289477,-1.007419
0,1.502637,-0.337245,1.068461,4.930649
0,0.948088,1.686227,-0.384321,3.870365
0,1.736100,16.187778,0.682111,25.531649
1,1.872917,-1.011736,0.545274,4.330398
0,0.433978,0.000000,-0.625665,0.052357
0,0.791529,-1.011736,1.490593,2.797445
0,0.422532,-0.337245,-0.491662,-0.204452
0,-0.365504,-0.337245,-0.600649,-2.469763
0,0.870621,1.686227,-0.470018,3.539766
0,0.629487,1.686227,-0.979055,2.162035
0,0.503700,-1.348982,0.268088,-0.151006
0,-0.823477,0.674491,-0.596818,-2.432521
0,-0.223479,-0.674491,0.308849,-1.199930
0,1.175866,3.372454,2.136920,10.203262
0,0.908587,0.337245,0.488793,3.345065
0,-1.163733,-0.674491,-1.450455,-6.247488
0,-0.752610,0.000000,1.064259,-0.690506
0,-0.437254,2.697963,-1.254716,0.168242
0,0.179501,2.360718,2.568714,6.901702
0,0.200562,0.000000,-0.022727,0.295518
0,0.163049,0.337245,-0.757620,-0.443410
0,1.202527,-0.674491,-0.780696,1.047528
0,0.586232,1.011736,-0.950382,1.249509
0,1.156411,0.000000,0.737522,3.947062
1,2.394930,-0.674491,2.683138,9.222722
0,-0.876540,1.011736,0.449143,-0.650227
0,-0.120252,-0.674491,-0.780740,-2.491765
0,-2.014821,2.697963,-0.788716,-3.382078
0,-0.399287,0.000000,-0.415530,-1.874723
0,0.298701,-0.674491,0.573719,0.578391
0,1.002726,2.360718,1.931543,8.187371
0,-0.273382,-1.348982,-0.653128,-3.555887
0,1.937155,4.384190,-0.027516,10.382410
0,-0.847007,0.000000,-0.583651,-3.314585
0,-0.488418,0.000000,0.027360,-1.475837
0,-0.202592,0.000000,0.829897,0.443849
0,0.829775,1.348982,0.703594,4.700398
0,-0.013362,0.000000,0.453987,0.409183
0,-1.239163,0.000000,-0.933792,-4.867725
0,-0.540887,0.337245,0.053404,-1.159715
0,1.036163,3.035208,1.056180,7.855153
0,-1.353777,-0.674491,0.499584,-3.949670
0,0.930892,0.000000,0.133506,2.474423
0,-0.072158,0.000000,-0.452740,-1.053004
0,0.896390,1.686227,-0.464121,3.617202
0,1.056048,0.000000,1.131859,4.246021
0,-0.329205,-1.011736,-1.412371,-4.378845
0,0.137338,-0.674491,-0.519691,-1.426880
0,-0.604040,0.000000,-0.787034,-2.957190
0,1.338389,-0.674491,0.599630,3.397466
0,1.786611,3.035208,1.715756,10.812247
0,-0.415103,0.674491,-0.374718,-1.020252
0,-0.996376,2.697963,-0.573538,-0.347462
0,-0.558029,0.674491,0.272846,-0.470756
0,-1.376256,-1.011736,-1.291976,-7.007076
0,-1.535329,3.372454,-1.288527,-1.980370
0,0.071964,-0.337245,-0.452014,-1.085373
0,-0.890652,-0.674491,1.767313,-0.886142
0,-1.806945,-1.011736,-0.455433,-6.955557
0,1.049504,3.035208,0.242696,6.720165
0,-2.003517,-0.674491,-1.180672,-8.106169
0,0.123536,-0.674491,1.600658,1.587585
0,0.901924,-0.674491,1.108817,2.962432
0,-1.945713,-0.674491,-0.913323,-7.566768
1,0.976587,0.674491,0.718811,4.277051
0,-0.389028,-1.011736,-0.368414,-3.036551
1,1.822744,-1.348982,3.172700,7.558257
0,0.839626,0.337245,-0.348968,1.954930
0,0.221064,0.337245,-0.417032,0.201956
0,0.044400,0.000000,0.120804,0.084246
1,-0.041419,2.023472,0.988690,3.617767
0,0.519197,-0.674491,0.001676,0.345122
0,-0.049660,1.348982,0.797099,2.481946
0,-0.696283,-0.337245,-0.906972,-3.795627
0,-0.522572,2.697963,-0.810076,0.579846
0,-0.287457,1.348982,0.125981,0.879888
0,-0.538768,0.337245,-0.423625,-1.840538
0,-0.914047,2.360718,-0.666974,-0.680674
0,-0.603639,0.674491,-1.289134,-2.840634
0,0.099017,0.674491,1.140326,2.535627
0,0.320282,0.000000,1.618974,2.978412
0,-0.115844,4.046945,-0.395090,3.941403
0,-0.143212,1.011736,-0.403639,0.084627
0,1.669995,0.000000,3.314728,9.030063
0,-0.869574,1.348982,-0.993651,-2.288885
0,-1.131014,-1.011736,-0.849198,-5.713703
0,0.539140,0.674491,0.664853,3.028968
0,0.145892,-0.674491,0.361452,-0.135940
0,0.590834,1.011736,0.633216,3.540778
0,-0.750523,0.674491,0.306970,-0.936684
0,-0.568844,0.674491,-0.551123,-1.685465
0,-0.923458,-1.348982,-1.113971,-5.958429
0,-1.203112,1.686227,-0.969198,-2.727082
0,-0.456919,0.000000,-0.399904,-2.006435
0,-0.504503,0.337245,-0.171721,-1.386344
0,-0.274006,-0.674491,-0.192669,-2.056854
0,0.637918,-1.011736,-0.302543,-0.194058
0,0.674386,-1.011736,0.681989,1.320355
0,-0.992036,0.000000,-0.196134,-3.144949
1,2.171052,-0.674491,1.453047,6.853493
0,0.431595,-1.686227,1.304051,0.727899
0,0.632967,-1.348982,0.007933,-0.179526
0,0.313511,-0.337245,0.087698,0.337608
0,1.890885,3.372454,1.615096,11.365410
0,0.785631,0.000000,0.198692,2.179572
0,1.108606,0.337245,-0.039259,3.120316
1,0.119069,-1.011736,-0.006906,-1.156840
0,0.163345,0.674491,-0.551724,0.272715
0,-0.729827,-0.674491,-0.447139,-3.642659
0,0.000000,-0.674491,0.023593,-1.012502
1,2.103639,-1.686227,2.575617,7.031529
0,-0.183749,0.674491,-0.380609,-0.409717
0,0.224941,-0.337245,1.235244,1.752064
1,1.855462,0.000000,0.876738,6.017789
0,-0.663019,0.674491,-0.896768,-2.434858
0,-0.739419,-1.011736,-0.000742,-3.444941
0,-0.907442,2.023472,-1.537987,-2.335505
0,0.728599,-1.011736,0.197476,0.768145
0,0.743004,2.023472,1.274454,6.127811
0,0.654855,6.407662,2.062564,12.473485
0,-0.451417,0.000000,-0.100293,-1.560543
0,0.476348,-0.337245,-0.783874,-0.480983
0,0.229354,-0.674491,-0.642517,-1.357440
0,-0.265585,-1.011736,0.140945,-1.973249
0,0.192111,-0.674491,-0.618699,-1.422812
0,0.221177,-0.337245,0.495883,0.677978
1,1.414815,6.070417,1.681180,13.538960
0,-0.831068,-0.674491,-1.179111,-4.966920
1,-0.305937,-1.011736,-0.729369,-3.333681
0,0.063898,-0.337245,-0.114669,-0.621482
0,1.781765,-0.337245,1.864466,6.823015
0,1.668960,-0.337245,1.197629,5.561550
0,0.827455,1.348982,1.002222,5.123946
0,0.161415,0.674491,-0.279588,0.659180
0,1.465714,-0.337245,3.397532,8.183626
0,-0.738996,0.337245,-0.228545,-2.095529
0,0.344426,2.360718,0.074991,3.754258
0,-0.189867,-1.011736,-0.732560,-3.027718
0,-0.876855,-0.337245,-0.303915,-3.410904
0,-1.257511,-1.011736,-1.482085,-6.962949
1,2.381328,-1.011736,3.033642,9.271714
0,2.427674,-0.337245,1.402154,7.885899
0,0.175100,-1.011736,0.610554,-0.118336
0,1.484072,-0.337245,0.859489,4.580246
0,-1.193912,-1.011736,0.294514,-4.236078
0,0.296927,-1.011736,1.009532,0.781793
0,-0.529507,-0.674491,-0.741834,-3.530776
0,0.860749,0.674491,-0.006276,2.923642
0,1.054862,-0.674491,2.567858,5.471338
0,-0.870812,0.000000,-0.500920,-3.259220
0,-0.525083,-1.011736,-0.137774,-3.068666
0,0.920007,-0.337245,-0.711227,0.810617
0,0.898344,0.674491,-0.206845,2.735594
0,-0.194186,0.000000,-0.586622,-1.572170
0,0.600902,2.023472,0.612834,4.795468
0,-1.313394,0.000000,-0.465631,-4.392607
0,-0.593044,2.360718,1.276392,2.974898
0,-0.174992,0.000000,0.176626,-0.422426
0,-1.554863,-1.011736,-0.343359,-6.119800
0,0.624346,-0.674491,1.902749,3.362292
0,-1.393723,-0.674491,0.357373,-4.261206
0,-0.479949,0.674491,-0.980254,-2.065180
0,1.072827,-1.011736,-0.202642,1.113353
0,-0.417548,1.348982,1.483816,2.485877
0,-1.179586,1.011736,-0.778509,-3.227770
0,2.150730,1.686227,0.727518,8.688200
0,-0.366420,0.000000,-0.731100,-2.240920
0,-1.885212,0.000000,-1.036892,-6.744666
0,0.102625,0.000000,0.804207,1.223517
0,-0.866482,0.000000,-1.269014,-4.352999
0,-0.410497,-0.674491,-0.044404,-2.208682
0,0.858462,2.023472,-0.174229,4.351933
0,1.651289,3.709699,4.047421,14.643734
0,-1.261649,0.337245,-1.006952,-4.614146
1,1.085718,-0.674491,2.354391,5.246695
0,1.288571,2.023472,2.005794,8.640005
1,1.567247,2.697963,0.400029,7.912828
0,-1.134708,-0.337245,-0.991007,-5.089608
0,-1.226850,1.348982,-0.480416,-2.506218
1,2.054175,3.372454,2.775385,13.472081
1,1.181651,5.058681,2.234916,12.454904
0,-0.999880,0.674491,-0.463458,-2.712587
0,0.559896,-0.337245,0.888070,2.148653
0,-1.173966,0.337245,-1.146551,-4.580439
0,0.405463,0.674491,-0.663348,0.759887
0,0.189868,-1.011736,0.583654,-0.117534
0,-0.278438,0.337245,-1.426619,-2.587410
0,0.482270,0.674491,-0.439493,1.287542
0,-0.310136,-1.011736,0.015768,-2.272592
0,-1.285664,-0.337245,-1.060216,-5.593105
0,0.574127,5.395926,2.149278,11.125198
0,0.762006,3.035208,0.333560,6.081695
0,0.364509,-0.674491,-1.069046,-1.609638
1,1.179959,-0.674491,1.023610,3.583720
0,-0.078754,0.337245,-0.846805,-1.218724
0,0.437539,-0.674491,1.382994,2.114491
0,-1.374130,1.348982,-0.450073,-2.856613
0,-0.857125,2.360718,0.232549,0.766127
0,-0.083391,2.697963,-0.189165,2.648471
0,-0.499443,1.686227,0.757241,1.640172
0,-0.968024,2.697963,-2.076473,-2.434477
0,1.182051,2.697963,-0.427267,5.691633
0,-1.352338,2.023472,0.338329,-0.825661
0,-0.793987,2.360718,2.110124,3.637080
0,-0.032925,0.000000,-1.178938,-1.993104
0,-0.463960,1.348982,-0.208176,-0.073249
1,1.116881,12.815324,1.332419,20.620451
0,-0.535156,0.000000,0.415665,-1.042081
0,1.394388,0.000000,0.557706,4.325021
0,-0.423798,0.000000,0.098477,-1.200595
0,-0.902529,0.337245,-1.097837,-3.784077
0,-0.933881,0.000000,-0.776156,-3.824059
0,1.278836,0.000000,-0.357302,2.699059
0,-0.890571,-1.011736,0.360806,-3.329057
1,1.970418,0.674491,1.673614,8.310203
0,-0.666845,0.674491,0.610420,-0.276101
0,0.095338,-0.337245,0.234873,-0.034336
0,0.459740,4.384190,2.584323,10.188137
0,1.141624,-1.011736,-0.218008,1.275313
0,0.077059,2.697963,0.785335,4.480175
0,0.763962,1.011736,0.324539,3.559784
0,-0.589052,1.011736,-1.101968,-2.113227
0,0.192186,-0.337245,0.747984,0.963208
0,0.461398,1.011736,1.306648,4.163597
0,0.793493,0.337245,-0.154718,2.111043
0,0.765263,0.674491,-0.156716,2.451663
0,-0.240048,0.674491,-0.961713,-1.396618
0,0.902523,2.697963,-0.778818,4.437813
0,0.850082,0.000000,0.084915,2.188280
0,0.050263,2.360718,0.503134,3.583335
0,0.124215,1.011736,1.481823,3.513524
0,-0.567059,1.686227,-0.236198,0.029601
0,-0.732950,-0.337245,-0.056459,-2.669759
0,0.668286,1.011736,0.381660,3.385994
0,0.843792,-0.337245,0.324019,2.096519
0,-1.478711,-0.674491,-1.754591,-7.527925
0,1.479225,0.674491,0.450220,5.235381
1,0.775106,0.337245,1.148699,3.937593
0,-0.157379,-0.337245,-0.640341,-1.970025
0,-0.393085,-1.011736,-0.217314,-2.829956
0,1.332858,-0.674491,1.012166,3.976347
0,-0.688086,0.674491,-1.150542,-2.867131
0,-0.854404,1.348982,-0.908514,-2.125777
0,0.452172,-0.674491,-0.236943,-0.177608
0,-0.272292,-1.348982,-0.637973,-3.531161
0,-1.928596,-1.011736,-0.885574,-7.900062
0,-0.807656,-0.674491,-0.472289,-3.887092
0,0.670794,-0.674491,-0.194660,0.468186
0,-1.143356,-0.674491,0.784554,-2.976567
0,0.522592,0.337245,-0.579059,0.775550
0,-1.456539,-1.348982,-1.352355,-7.727801
0,-1.114251,1.011736,-1.402424,-3.950835
0,0.107800,-0.674491,-0.559636,-1.563396
1,2.124581,1.686227,3.462844,12.554645
0,0.398563,1.011736,-1.470129,-0.000587
1,0.845014,-0.337245,-0.134902,1.439356
1,0.632998,-1.348982,-0.244417,-0.542601
0,0.810682,2.360718,2.369092,8.303212
0,0.923066,-1.011736,0.748892,2.082003
0,0.297318,1.348982,-0.074437,2.156092
0,0.024573,0.674491,-0.639616,-0.225068
0,0.020282,0.337245,0.068227,0.363081
0,1.260781,2.023472,-0.264237,5.298847
0,-0.911938,1.348982,0.912212,0.340494
0,0.624891,0.674491,-0.075723,2.192640
0,-0.796522,-1.011736,-0.896924,-4.887420
0,0.556579,1.011736,-0.211657,2.233270
0,-0.195914,-0.674491,0.378129,-1.026478
0,-0.284935,-0.674491,0.338610,-1.321532
0,-1.825352,-0.674491,-1.747306,-8.444914
0,-2.178012,0.000000,-0.874891,-7.294943
0,-0.733047,-1.348982,-1.117302,-5.453761
0,-0.017077,2.360718,-1.310923,0.792551
0,0.376135,0.337245,0.297050,1.644498
0,-1.201614,-0.674491,-0.008657,-4.273950
0,-0.258048,-1.011736,-0.778572,-3.276356
0,-0.691421,0.337245,0.032844,-1.592073
1,1.394258,5.058681,2.121666,12.860776
0,-0.632993,0.674491,-0.181512,-1.325194
0,-0.277529,-0.674491,-1.069961,-3.328791
0,-0.808278,0.337245,-0.873766,-3.209438
0,0.190559,-0.674491,-0.049485,-0.607811
0,-0.837265,-0.674491,-0.106293,-3.439606
0,-0.788290,-1.348982,-0.424898,-4.605127
0,-0.174809,6.744908,1.449805,9.790844
0,1.637163,2.697963,2.538673,11.177616
0,-0.194987,-1.348982,-0.109066,-2.563173
0,2.036555,2.360718,1.550297,10.404831
0,0.211781,-0.674491,-0.556195,-1.280233
0,1.249174,-0.674491,1.308572,4.179000
0,-0.235002,-1.011736,-0.523280,-2.847305
0,-1.020313,2.697963,-1.300090,-1.457089
0,-0.169316,1.348982,-0.565188,0.201325
0,-0.865125,1.011736,-0.143967,-1.473230
0,-1.087521,-0.337245,-0.500298,-4.257178
0,-0.521946,-0.674491,1.629220,-0.098363
0,1.713569,1.011736,1.787613,8.206062
0,0.360561,1.348982,0.478220,3.120633
0,-0.264901,-0.337245,-0.373524,-1.873733
0,1.204767,0.674491,0.586751,4.697523
0,0.613787,2.023472,0.238696,4.291520
1,0.490667,-0.674491,0.510477,1.001003
0,0.056325,0.337245,-0.886817,-0.914889
1,2.137931,-1.011736,3.422750,9.180447
0,1.235045,0.000000,-0.299053,2.665719
0,-0.222587,-0.674491,-0.915380,-2.959332
0,0.267303,0.337245,0.680519,1.905157
0,-0.109559,2.360718,-0.912653,1.118256
0,-0.302843,-0.337245,-0.302231,-1.872653
0,0.977565,11.129098,2.231615,19.446595
0,-1.218667,4.046945,-1.082451,0.001507
0,0.288976,2.023472,0.872168,4.334085
1,2.172047,-1.011736,3.042036,8.723839
0,-0.713875,-0.674491,-1.503715,-5.120495
0,0.132798,4.721435,1.404581,8.034629
0,2.108328,-1.348982,1.944100,6.554286
0,-0.757733,-0.337245,-0.579753,-3.489140
0,0.544855,1.011736,-0.059870,2.420337
1,2.040448,-0.337245,2.582407,8.548338
0,0.376658,0.674491,0.125304,1.817765
0,-0.811831,1.348982,0.407422,-0.118104
1,0.380355,2.697963,0.218656,4.476165
0,0.206804,-0.337245,-0.479986,-0.764851
0,0.003949,-0.337245,0.175375,-0.364479
0,-1.151197,-0.674491,1.774268,-1.573250
0,1.277182,1.686227,0.387419,5.861500
0,-1.760588,1.348982,-0.408410,-3.830663
1,-0.840166,-0.337245,-1.022582,-4.346975
1,-1.414069,0.337245,0.316130,-3.117914
0,-0.327622,0.000000,0.030926,-1.040479
0,-0.590137,-0.674491,-1.029296,-4.106686
1,-1.015729,-0.337245,-0.413773,-3.940574
0,2.265722,-0.337245,1.268304,7.259956
0,-1.295269,2.023472,-0.085538,-1.282956
0,0.783484,-0.337245,0.431239,2.089459
0,0.969095,2.360718,0.022408,5.349949
0,-0.203862,0.674491,-0.810097,-1.081610
0,0.239644,-0.337245,0.599216,0.876094
0,0.044823,-1.011736,0.277597,-0.946065
0,0.031124,2.023472,-0.480819,1.697092
0,0.502811,1.686227,-0.412422,2.638543
0,0.113651,-1.011736,0.131597,-0.972015
0,-1.250774,-0.674491,0.578127,-3.561044
0,1.309770,1.686227,0.590333,6.240706
0,-0.312398,-1.011736,-1.560464,-4.546997
0,-2.006607,-1.011736,-0.554811,-7.632789
0,-0.219269,0.000000,-1.038151,-2.289080
0,-1.158541,0.000000,0.999988,-1.869109
0,-0.290867,-0.674491,-0.762343,-2.921787
0,-0.957269,2.023472,1.027498,1.223169
1,1.642148,0.337245,2.552779,8.278063
0,0.692919,0.674491,0.752415,3.566431
0,0.534805,2.360718,0.053247,4.232345
0,0.249796,3.372454,-0.723592,3.608907
0,-0.334195,0.000000,0.498709,-0.384881
0,-0.632711,4.046945,0.909961,4.436573
0,1.159810,0.674491,-0.603567,2.864249
0,-1.145294,1.686227,-0.134629,-1.371357
0,1.620142,-0.337245,0.467432,4.380107
0,0.872056,-1.348982,1.455138,2.542854
0,1.685245,-1.348982,1.059740,4.149604
0,-1.146146,0.337245,-0.591825,-3.707697
0,-1.066568,-1.348982,-0.633096,-5.649309
1,0.255494,-0.674491,0.831411,0.833627
0,0.176093,-0.337245,-0.809623,-1.321402
0,-0.242169,-0.674491,-1.074682,-3.240977
0,0.157639,0.000000,-0.884542,-1.059567
0,0.255932,-1.011736,-0.715436,-1.810295
0,-1.575094,-0.337245,-1.318461,-6.739147
0,-0.756528,2.697963,1.081909,2.676628
0,-1.095288,-0.337245,-0.984392,-4.974617
0,-0.247845,0.000000,0.740750,0.194478
0,0.104089,4.384190,0.112245,5.678988
0,-1.526406,-1.011736,-1.154383,-7.210805
0,-1.425249,-0.337245,-0.842551,-5.653338
0,-1.078221,-0.337245,0.557936,-2.709390
0,1.226995,0.674491,0.192118,4.189081
1,1.742149,-0.337245,0.909673,5.342977
0,0.136408,-1.011736,0.475862,-0.415695
1,1.333414,27.991367,1.871622,40.832006
0,-0.087269,0.337245,-0.385016,-0.576946
0,-0.797650,0.000000,1.182598,-0.640716
1,0.160688,-1.011736,0.925842,0.296834
0,0.590411,-0.337245,0.065810,1.046983
0,0.883071,-1.011736,0.301575,1.331260
0,0.672064,1.686227,0.869326,4.935960
0,0.025586,-0.337245,-0.163312,-0.793992
0,0.081666,1.686227,1.364914,4.069490
0,0.482066,1.348982,2.038236,5.690750
0,-1.420720,4.046945,-1.536275,-1.192203
0,-0.135890,1.348982,1.126477,2.725237
1,0.496225,9.780116,0.980718,14.682445
0,0.339029,-1.011736,0.243453,-0.208023
0,0.308321,-1.011736,-0.025346,-0.677014
0,-0.187862,-0.674491,2.107046,1.483150
0,-0.717282,-0.674491,-0.913117,-4.279681
0,0.235722,1.686227,-1.125350,0.897943
0,-0.324724,-1.011736,0.452645,-1.682913
0,0.192417,0.000000,-0.820506,-0.874360
0,-1.173251,-0.674491,-1.028672,-5.665967
1,2.093895,0.000000,2.447002,8.915507
1,0.685808,0.000000,1.029595,3.108239
0,-1.448208,1.348982,-1.602639,-4.713474
0,1.452667,0.674491,1.038371,6.010729
0,-2.234509,0.000000,-1.562204,-8.435218
0,0.642442,-0.337245,0.549731,1.882609
0,-0.772142,-1.011736,-1.183896,-5.235170
0,1.118819,2.360718,-0.327643,5.246793
0,0.841896,0.000000,0.352745,2.551813
0,-0.268977,-1.348982,0.421232,-1.997991
0,0.082507,4.384190,1.516435,7.642014
1,-0.669242,0.000000,0.383107,-1.447695
0,-0.421557,-0.337245,-0.782218,-2.881035
0,0.650007,2.023472,1.035387,5.534949
0,-1.091317,0.000000,-0.981237,-4.540425
0,0.320779,1.011736,1.286664,3.758596
0,-0.467255,-0.674491,1.151705,-0.639223
0,0.766989,2.023472,0.990675,5.783599
0,-1.700367,-0.337245,-0.058946,-5.261760
0,-1.439765,1.348982,-0.703664,-3.397167
0,-1.305510,-1.011736,-1.101772,-6.544065
0,-0.136362,0.674491,0.321731,0.727808
0,-0.135564,1.348982,0.738493,2.167759
1,1.564651,1.686227,1.391702,8.075915
0,1.702135,4.046945,0.741991,10.441960
0,2.000343,2.023472,0.578442,8.490319
0,-0.982971,0.000000,-1.433469,-4.901341
0,-1.478799,-0.337245,-0.760293,-5.678240
0,1.020661,5.395926,1.838939,11.873335
0,-0.258000,2.360718,0.593070,2.887974
0,-0.386572,0.000000,-0.063416,-1.333975
0,-0.243547,-1.011736,-0.155806,-2.341336
0,0.722271,0.674491,0.163511,2.797473
0,1.811020,10.454607,1.142710,19.271489
0,-0.103481,0.674491,0.055489,0.432634
0,0.584976,2.023472,-0.330136,3.395828
0,-0.635930,0.674491,-0.693088,-2.069263
1,-0.192179,7.419398,2.518660,12.120614
0,-1.486381,0.337245,-0.248768,-4.124336
0,-0.230154,-1.011736,0.165734,-1.842774
0,0.903592,1.686227,0.559515,5.109586
0,0.847818,1.348982,1.516772,5.918917
0,-0.861369,0.000000,0.789010,-1.377615
0,1.373584,3.035208,0.466120,7.908802
0,0.194090,0.337245,0.442507,1.366747
0,-1.237149,-0.674491,-0.981281,-5.768732
0,-0.201608,1.011736,-0.302877,0.073391
1,1.275002,3.372454,2.454461,10.925485
0,-1.434491,-1.011736,-0.270593,-5.693016
1,2.403689,-1.348982,2.228182,7.753377
0,-0.122621,3.709699,-0.538428,3.297966
0,-1.704040,0.337245,-1.169965,-6.032399
0,-1.415395,0.674491,-1.747547,-5.672270
0,0.836003,0.674491,-0.201382,2.576656
0,1.644837,12.478079,2.875943,23.835307
0,-1.008858,1.686227,-0.776748,-1.930380
0,-0.784445,1.686227,-1.540374,-2.428876
0,0.585992,0.674491,-0.285520,1.786644
0,-1.166552,0.000000,-0.277538,-3.729031
0,0.063888,-0.337245,0.020135,-0.427512
0,-1.573841,0.674491,-0.574911,-4.408667
0,1.841830,10.791852,1.061243,19.655711
0,-0.541180,-1.011736,0.144518,-2.705487
0,-0.505450,0.000000,-0.198860,-1.846960
0,-0.055907,-0.674491,-0.678796,-2.172896
0,2.268045,10.117361,4.299666,24.618452
0,-0.365558,1.011736,-0.083497,-0.049565
0,1.840745,12.478079,1.115499,21.826024
0,-0.378557,0.674491,-0.164673,-0.620194
0,0.311519,-1.011736,-0.374858,-1.171441
0,0.528894,-0.337245,-0.770804,-0.321583
1,1.507251,10.454607,0.794647,17.957825
0,-1.922175,-0.337245,-1.257532,-7.580113
0,-1.331192,1.686227,-0.358765,-2.191298
0,-0.074936,4.384190,2.171626,8.163646
0,0.852913,0.000000,0.934313,3.418223
0,-0.156875,0.000000,0.280107,-0.225032
0,-0.879549,2.023472,-0.918203,-1.368943
0,0.406022,1.686227,-1.238312,1.191035
1,0.716682,3.035208,0.598881,6.342251
0,-1.820096,0.674491,-0.659219,-5.188876
0,-0.159296,-0.674491,0.433018,-0.849512
0,-0.348645,0.337245,-0.801608,-1.875801
0,0.104890,-0.674491,-0.665353,-1.723322
0,-1.156382,-1.011736,-0.649114,-5.493639
0,1.325735,-0.337245,0.769160,4.026607
0,-0.871495,0.337245,0.344822,-1.624912
0,-0.293403,-0.674491,-1.269371,-3.658235
0,1.199945,5.395926,2.150835,12.801879
0,-0.419383,1.348982,-0.538618,-0.429518
0,0.898276,0.000000,0.649743,3.130072
0,0.015150,1.011736,0.079784,1.204034
0,0.901988,4.046945,2.010219,10.126193
0,-0.895713,2.023472,-0.019393,-0.118713
0,0.940610,-1.011736,0.414135,1.647195
0,-1.648347,-0.674491,-0.372841,-5.993328
0,1.624918,1.686227,0.874874,7.493399
0,-1.840833,-0.337245,-0.651378,-6.490157
0,-0.402675,-0.337245,-0.450103,-2.352567
0,0.924268,0.337245,-0.263493,2.304406
0,-0.550117,-0.674491,-0.448385,-3.163619
0,-0.643278,-0.337245,-1.306318,-4.228504
1,1.233523,2.360718,-0.770767,4.915994
0,0.521879,-0.674491,0.429926,0.968591
0,0.543758,0.337245,-0.228447,1.336747
0,-0.917564,0.000000,-0.262720,-3.041513
0,-0.162111,-0.337245,1.105822,0.530217
0,-2.081254,0.000000,-0.628354,-6.681266
1,2.090394,-1.011736,2.787747,8.139423
0,0.327401,-0.674491,0.754462,0.915286
0,0.147185,0.000000,-0.618209,-0.704256
0,-0.999145,-0.337245,-0.148802,-3.514881
0,-1.431184,1.348982,-0.710738,-3.384388
0,-1.436870,0.337245,-1.292681,-5.494160
0,-1.746505,0.337245,-0.106110,-4.615024
0,0.697490,2.023472,0.274393,4.566846
0,-1.071595,0.674491,-0.223768,-2.559529
0,-0.513523,0.674491,-0.576995,-1.574682
0,-0.364046,-0.674491,-0.686462,-3.008382
0,-0.493308,0.000000,-1.028018,-3.007715
1,-0.153078,2.697963,1.311478,4.621590
0,0.416186,5.058681,2.185370,10.335525
0,0.575749,0.000000,0.883058,2.602883
0,-0.697975,-1.011736,-0.813838,-4.504178
0,-0.225878,-1.348982,0.562470,-1.679419
1,1.545622,1.348982,1.646161,7.972165
0,0.373166,-1.348982,0.509560,-0.152759
0,-0.277540,-0.674491,-0.430833,-2.409052
0,-0.407402,-0.337245,0.099620,-1.574107
0,0.549009,0.000000,2.174469,4.389807
0,-1.650840,5.395926,-1.631985,-0.269540
1,2.333971,-1.011736,3.086370,9.220886
0,0.764180,1.011736,0.644159,4.020331
0,0.064739,0.000000,-0.338310,-0.522047
0,-0.046143,1.348982,1.757274,3.873143
0,-1.363817,-0.337245,-1.088167,-5.842436
0,0.898204,1.348982,-0.090292,3.741004
0,-0.767737,0.000000,0.229780,-1.931882
0,-0.815132,0.337245,-1.266998,-3.793676
0,0.077491,-0.337245,0.226053,-0.094780
0,0.486913,-0.674491,0.550414,1.048430
0,1.380236,0.337245,0.524409,4.658264
0,-1.581947,1.348982,-1.140617,-4.406409
0,1.536825,7.082153,1.315604,14.596389
0,1.539679,-0.337245,0.563957,4.303726
0,-0.230422,-0.337245,-0.833910,-2.444024
0,0.629927,-0.674491,0.568987,1.457808
0,0.569159,-1.686227,0.889282,0.499071
0,-0.672738,-0.337245,-0.541403,-3.206538
0,0.657092,1.686227,0.169626,3.888961
0,0.029164,-0.674491,-1.125799,-2.588560
0,-0.059567,-1.348982,0.482280,-1.349838
1,0.508712,-1.011736,0.460782,0.558739
0,1.009300,2.023472,1.158273,6.673117
0,-0.087467,1.348982,-0.944848,-0.126049
0,1.610954,0.000000,2.389101,7.540024
0,1.930466,-0.674491,2.354815,7.507514
0,1.707901,-1.011736,2.110139,6.140879
0,-1.297979,-1.011736,-0.078852,-5.051831
0,-1.287167,0.000000,-1.288838,-5.507110
0,0.328633,2.023472,-0.620373,2.292276
0,-0.537531,0.674491,-0.263588,-1.187893
0,0.942436,0.337245,-0.796083,1.586567
0,0.345453,0.337245,0.156499,1.360140
0,-1.060225,-0.674491,-0.807210,-5.044848
0,0.827135,0.000000,1.790314,4.581123
0,-0.202133,-1.011736,-0.654361,-2.948001
0,-0.406535,-0.337245,-0.190969,-1.989975
0,0.582404,-0.674491,-0.323237,0.046655
0,0.373741,-0.674491,-0.093482,-0.181003
0,1.258048,-0.674491,0.913567,3.634294
1,2.172225,4.384190,3.027583,15.407957
0,0.082336,-1.011736,-0.754523,-2.331018
1,-0.135275,-1.348982,0.013895,-2.226454
0,-0.351489,0.337245,-0.608024,-1.604823
0,-0.106895,2.360718,-0.258035,2.067447
0,0.016335,0.337245,0.257519,0.624929
0,-1.915465,-0.337245,0.203036,-5.460256
0,0.466113,0.674491,0.834352,3.077504
0,0.062643,-0.337245,0.236920,-0.118869
0,0.660271,-0.337245,0.759572,2.232294
0,0.388556,-1.011736,-0.958491,-1.805225
0,-0.798196,1.011736,1.308798,0.796520
0,-0.166490,4.046945,0.415744,4.972766
1,0.982741,19.560232,1.894173,29.450515
0,0.674979,0.337245,0.493392,2.726640
0,0.025632,-1.011736,0.508773,-0.664726
0,-1.218802,0.674491,-0.524784,-3.386589
1,-0.570406,0.000000,0.351004,-1.229448
0,-0.243827,-0.337245,1.275106,0.555194
1,0.739592,0.000000,0.318247,2.228442
0,-0.991601,-0.674491,-0.361173,-4.219348
0,-0.702228,0.337245,0.495481,-0.955208
0,0.171052,0.674491,-0.782721,-0.039093
1,0.985097,1.686227,0.427940,5.138311
0,-1.040084,0.674491,-0.423803,-2.763089
0,1.206204,2.697963,2.557783,10.052043
0,0.050211,-0.337245,0.774324,0.621246
0,-1.240102,-0.674491,-0.885193,-5.638354
0,-0.511835,-0.337245,-1.007462,-3.446731
0,1.142960,-1.348982,2.143420,4.258189
0,0.507339,-1.011736,1.355321,1.842397
1,0.718525,0.000000,3.304859,6.470107
0,0.052153,-0.674491,-0.300518,-1.339390
0,2.305029,-1.348982,2.638832,8.080370
0,-1.337089,-1.011736,-0.378263,-5.587355
0,0.896409,12.478079,-0.220953,17.376072
1,-0.743534,0.000000,-0.286627,-2.610284
0,-0.380005,-1.348982,0.110433,-2.742325
0,1.229605,11.466343,1.725928,19.812244
0,-0.011923,-0.674491,-0.200303,-1.366611
0,-0.396288,-1.011736,-0.740365,-3.591251
0,1.076560,2.023472,0.117800,5.355735
1,2.254875,-1.686227,2.652985,7.547517
0,0.634094,-0.674491,1.033395,2.137286
0,-1.301868,-0.674491,0.013784,-4.509896
0,-0.729159,-1.011736,-0.989165,-4.839929
0,0.185443,0.000000,-0.279716,-0.114768
0,1.261603,13.489815,-0.264735,19.547261
0,-0.054922,-0.337245,0.284537,-0.364900
0,1.085157,-0.674491,0.883645,3.128646
0,-0.718251,-1.011736,-0.742164,-4.455282
0,0.699631,0.337245,-0.814227,0.910805
0,0.111319,-0.674491,-0.835589,-1.951106
0,2.004066,4.721435,0.227603,11.347604
0,0.225281,4.046945,-0.930007,4.084317
0,0.505150,0.674491,0.944449,3.340391
0,-0.155900,-1.011736,-0.696190,-2.884496
0,-0.304357,0.674491,-0.444097,-0.823782
0,0.133900,-0.674491,-0.196000,-0.970255
0,-1.091538,0.337245,-1.387986,-4.707343
0,-0.296764,-0.337245,-0.520361,-2.170301
0,-1.144485,1.348982,-0.030439,-1.638280
0,0.682187,-0.674491,-0.090811,0.648120
0,-0.145797,-0.674491,-0.614118,-2.320327
0,1.128397,1.686227,1.325739,6.813747
0,-0.213519,2.023472,-0.191064,1.459513
0,0.074360,0.000000,-0.450568,-0.657856
0,-0.838109,0.674491,-0.136289,-1.808922
0,-1.161348,-0.337245,-1.154099,-5.395594
0,-0.874108,2.697963,-0.674718,-0.165931
0,-0.231300,4.046945,0.997883,5.637116
0,-1.959570,1.348982,-0.557091,-4.577025
0,0.987294,-1.348982,0.566899,1.572918
0,-1.088867,-1.011736,-0.957728,-5.757120
0,-1.832096,-1.011736,-0.684001,-7.351783
0,0.750791,-1.011736,0.097328,0.683398
0,-0.444748,-0.674491,-0.325036,-2.704183
0,-0.896437,1.686227,-0.663889,-1.467172
0,0.148304,2.697963,1.320278,5.440632
0,-0.572146,-1.348982,0.018033,-3.389391
0,-0.413634,-0.674491,0.001112,-2.151575
0,-1.474956,-0.674491,0.895390,-3.704292
0,-0.430179,0.000000,-0.637634,-2.277006
0,2.216140,-0.674491,1.202573,6.613672
0,-0.500738,-1.011736,-0.311249,-3.253174
0,0.743107,1.686227,-0.458674,3.214917
0,-1.011823,0.337245,-0.840122,-3.705626
0,-0.361583,0.674491,-0.077941,-0.449963
0,-1.081723,-1.011736,-0.895475,-5.648418
0,-1.014254,1.011736,-0.754963,-2.751524
0,-0.761136,-1.011736,-0.668370,-4.463829
0,-0.693098,-1.011736,-1.031482,-4.804341
0,-1.304562,-0.337245,-0.208288,-4.417661
0,-0.262905,1.348982,-1.618493,-1.564893
0,-0.458821,0.000000,-0.704212,-2.449454
0,0.911822,1.348982,-0.363841,3.383778
0,-0.009520,1.686227,0.522273,2.612869
0,-0.068122,3.035208,0.771271,4.490515
0,0.363559,1.011736,1.703054,4.472285
0,-0.309639,0.337245,1.114330,0.985790
0,0.031956,0.337245,1.614150,2.619053
0,-0.504817,-0.674491,-0.672061,-3.364307
0,0.351076,-0.337245,0.551470,1.105533
0,0.648551,-1.011736,1.054690,1.787586
1,2.235197,-1.686227,2.719944,7.591229
0,0.004377,-1.348982,-0.024389,-1.907896
0,-0.282501,-1.011736,0.228165,-1.892990
1,0.595953,2.697963,1.419963,6.781820
0,1.014385,22.258195,0.975624,31.565516
1,1.514937,6.744908,0.538242,13.000097
0,0.214904,-0.674491,0.189814,-0.198297
0,0.157610,-0.674491,-0.639411,-1.544929
0,-0.431837,-1.011736,-1.322772,-4.524506
0,-0.233517,-0.337245,-1.246516,-3.046087
0,-1.152701,-1.011736,-0.968891,-5.943981
0,-0.430224,-0.337245,-0.584795,-2.620114
0,2.189472,2.023472,1.317172,10.059458
0,-1.617074,1.686227,0.160681,-2.208670
0,-1.365362,2.697963,-1.115191,-2.114216
0,-0.123385,0.674491,-0.787588,-0.833891
1,0.057787,9.442871,1.341039,13.608872
0,1.024291,2.360718,1.420065,7.509001
0,0.911169,1.686227,1.605840,6.635627
0,0.166777,0.000000,0.139896,0.439153
0,0.749920,0.000000,1.047528,3.305582
1,0.958560,20.571968,2.324589,31.262311
0,0.216880,-0.674491,-0.297443,-0.894221
0,1.776073,10.117361,0.221917,17.433843
0,1.170907,0.337245,-0.651860,2.405414
0,0.151198,0.000000,0.164571,0.432980
0,0.725049,1.686227,0.219222,4.142161
0,-0.153578,-1.011736,-0.447364,-2.520198
0,-0.009341,0.337245,0.521125,0.935584
0,-0.678309,-0.337245,-0.425575,-3.054756
1,2.187120,-1.011736,2.632485,8.174784
1,-0.450453,-1.011736,-0.601617,-3.536502
0,-0.273551,-1.011736,-1.255996,-4.004899
0,0.158160,-0.674491,-0.388642,-1.182577
1,1.638725,-0.337245,1.061512,5.284768
0,-1.857760,0.337245,-0.518301,-5.505883
0,-0.834726,0.674491,0.290262,-1.186021
1,1.658478,0.337245,2.481342,8.218951
0,0.127743,-1.348982,-0.478503,-2.231335
0,-0.128544,-0.674491,-0.010887,-1.406055
0,0.547442,-1.011736,2.098635,3.019398
0,-0.099645,1.011736,0.596815,1.640949
0,0.497559,-1.011736,3.016667,4.207073
0,0.896010,1.686227,0.822325,5.467509
0,0.417200,-1.011736,1.942259,2.445882
0,-0.817250,2.023472,-0.724097,-0.922918
0,-0.727684,1.686227,-1.083261,-1.619176
0,-1.068154,0.337245,-1.186659,-4.355047
0,0.585661,-0.674491,0.593283,1.374334
0,-0.878256,-0.337245,-1.182500,-4.679026
0,-0.741039,1.348982,1.319830,1.384353
0,-0.229198,-0.674491,0.649508,-0.724990
0,-0.673292,-0.674491,1.319575,-0.948915
0,-1.192222,0.674491,-0.023920,-2.594678
0,0.391555,-0.674491,-0.467494,-0.671581
0,0.484881,3.035208,-0.443857,4.221440
0,0.050576,0.674491,-0.154997,0.541919
0,0.453156,-0.674491,0.500761,0.886653
1,0.916810,0.000000,1.038524,3.739157
0,-0.599634,0.674491,-0.491107,-1.681477
0,-0.639030,1.686227,-1.168467,-1.504592
1,2.477139,-0.337245,1.539901,8.216477
0,0.873690,-0.674491,1.495190,3.442918
0,-0.640481,-0.674491,-0.037617,-2.814260
0,-1.527586,2.023472,1.612501,0.539107
0,-0.901251,-0.337245,-0.380469,-3.586348
1,2.282816,-1.011736,0.755100,5.729085
0,-0.458379,-1.348982,0.264206,-2.730729
0,0.080072,2.360718,1.726638,5.423837
0,-2.070560,0.337245,-0.929376,-6.666828
0,0.227309,2.023472,-1.279132,1.073153
0,1.032931,0.000000,1.870137,5.246625
1,1.532376,1.011736,3.861786,10.706202
0,-1.732919,0.000000,-0.833290,-6.044186
0,0.598994,3.709699,-0.391154,5.440661
0,-0.125978,-1.011736,1.611518,0.516586
0,-1.449668,0.337245,-1.251173,-5.468666
0,-0.684477,0.337245,0.029406,-1.578440
0,-1.315687,-0.674491,-0.876184,-5.827622
0,-0.383397,-0.674491,0.025113,-2.036131
0,0.939224,-0.337245,-0.011205,1.869436
0,0.609090,-0.674491,0.915656,1.900946
0,-1.338021,-0.337245,-0.393472,-4.773682
0,0.409606,0.674491,0.375608,2.266134
0,0.102266,0.000000,-0.268188,-0.320727
1,1.804694,-1.011736,1.890982,6.084469
0,0.296386,0.337245,1.692632,3.439504
0,-0.813144,-0.674491,0.410472,-2.631393
0,-0.197305,-1.011736,1.262441,-0.176614
0,-0.605179,-0.337245,0.096432,-2.107869
0,0.173702,-0.674491,0.834212,0.618817
0,0.762448,1.686227,-1.086922,2.362553
0,-0.450562,2.360718,-1.071583,-0.022847
0,1.104628,-0.674491,0.616239,2.795917
0,0.597342,0.000000,1.247087,3.184530
0,-1.004956,-0.674491,-0.227977,-4.063397
0,-1.211126,-0.337245,-0.898099,-5.160371
0,-0.370880,6.744908,1.836693,9.823006
0,-0.807167,0.674491,-1.370460,-3.502229
0,-0.320029,1.011736,0.184911,0.458519
0,1.330190,4.046945,-0.595656,7.521777
0,0.081762,4.384190,1.558211,7.700140
0,0.796972,2.697963,1.422050,7.322671
0,-0.002240,-1.011736,-0.876705,-2.733141
0,0.832087,-1.011736,0.301672,1.194987
0,1.063249,6.407662,1.313864,12.488730
0,-0.183497,-0.674491,0.638698,-0.618269
0,-0.162130,-0.337245,-0.503895,-1.786377
0,0.643574,0.000000,0.167066,1.753970
1,2.193366,0.000000,1.197712,7.383799
0,1.637640,4.046945,-0.670449,8.236755
0,-1.179429,-0.337245,-1.439688,-5.854964
0,0.165285,1.686227,1.666830,4.727709
0,1.255318,1.348982,0.134480,5.019969
0,-1.595208,-1.011736,-0.911271,-7.045030
0,-0.031811,0.000000,0.076101,-0.183996
0,0.134605,-1.011736,-0.031684,-1.150931
0,0.372970,1.011736,1.376557,4.027603
0,-1.232651,-1.011736,-0.823597,-5.948803
0,0.533201,-1.011736,0.430297,0.580389
0,-0.191640,1.011736,-0.194307,0.256303
0,-1.585518,0.674491,-0.171989,-3.860066
0,0.241956,-1.348982,0.176360,-0.983332
0,1.260976,2.023472,-1.005793,4.232195
0,0.470969,-1.011736,1.450635,1.882252
0,0.264341,0.000000,-0.387059,-0.058146
0,-0.320188,-0.337245,-1.164329,-3.159709
0,-0.088801,-0.674491,0.199040,-0.997613
0,0.198610,0.000000,2.467017,3.873286
0,-0.581079,0.674491,-0.085004,-1.047409
0,-1.257211,0.674491,0.133090,-2.542609
0,0.156673,5.733171,2.351107,10.717738
0,-1.252010,-0.337245,1.443180,-1.900424
0,-0.748594,1.686227,-0.185875,-0.383695
0,-0.331687,-1.011736,-0.459561,-3.014297
0,0.593760,0.337245,0.942444,3.155565
0,1.943117,-0.337245,1.127162,6.193675
0,0.399576,2.360718,-0.659464,2.844862
0,-0.528783,-0.674491,-0.846160,-3.678977
1,1.286016,1.686227,0.864512,6.571721
1,0.541581,2.023472,1.501341,5.915398
0,-0.474783,-0.337245,-0.178358,-2.154430
0,0.674491,2.360718,-0.764099,3.429844
0,0.568490,-1.011736,-0.237174,-0.285748
0,0.603262,0.674491,0.917717,3.564430
0,0.172118,1.686227,-1.106612,0.754731
0,1.873731,13.489815,0.831637,22.762859
0,-1.155499,-0.337245,-0.458088,-4.378315
0,0.661262,0.000000,-0.849523,0.338323
0,-1.022279,0.674491,-0.261962,-2.482545
0,-0.962748,-0.337245,-0.239865,-3.548546
0,-1.206497,-1.011736,-0.425511,-5.305938
0,-0.735034,2.023472,-1.445645,-1.741320
1,2.007891,2.023472,2.909563,11.865230
0,-0.933324,-0.337245,-0.652274,-4.063317
0,1.409136,0.337245,-0.723153,2.940223
0,-1.449406,-0.337245,-1.243234,-6.294596
0,0.678358,-0.337245,-0.204133,0.893819
0,0.817162,-0.674491,1.367347,3.107693
0,-1.109142,-0.674491,-1.545680,-6.238464
0,0.024145,-0.674491,-0.605571,-1.853331
0,-0.034414,-0.337245,-0.115545,-0.885787
0,-0.169636,0.000000,-0.528754,-1.423209
0,0.499465,-0.337245,0.802375,1.863640
0,-0.888800,0.337245,0.532330,-1.401371
0,0.194975,0.000000,-0.286734,-0.099365
0,0.072495,0.000000,0.884170,1.257977
0,-1.664781,-0.674491,-0.811430,-6.668473
0,-1.452833,0.337245,-1.529047,-5.877023
0,0.784813,0.337245,-0.402203,1.731663
0,-0.606786,-1.011736,-0.144485,-3.296928
0,-0.376675,0.337245,0.333186,-0.317716
0,0.464456,-0.674491,-0.392706,-0.368899
0,0.829767,0.674491,1.928682,5.625344
0,-1.253548,0.337245,-1.252491,-4.945826
1,0.627041,0.674491,0.483004,3.002455
1,0.825617,-0.337245,-0.114820,1.416357
0,-0.849685,1.686227,-0.241934,-0.734847
0,1.717724,-1.011736,0.577536,3.961594
0,0.160954,1.686227,-1.409508,0.288964
1,1.738130,1.348982,2.065775,9.091107
0,0.635973,0.674491,-1.340350,0.402368
0,-0.586942,-0.337245,-0.717821,-3.230865
0,1.161040,22.932686,2.993975,35.700571
0,0.829496,1.686227,0.177540,4.361634
0,-0.005985,-1.011736,0.369842,-0.949257
0,-1.415358,2.023472,-1.054965,-2.999367
0,-0.157278,-0.337245,-0.300071,-1.480073
0,-0.779441,2.023472,-1.339973,-1.708062
0,1.279911,-0.337245,1.374423,4.775034
0,0.501761,-0.674491,0.970362,1.692506
0,0.612624,4.046945,1.829029,9.091219
0,0.113094,3.035208,-0.365708,3.339152
0,-0.497176,-0.674491,-0.980561,-3.787823
0,-0.206458,0.337245,-0.132545,-0.532518
0,-0.178715,-0.337245,-0.198665,-1.391496
0,-0.626592,1.348982,0.427065,0.405791
0,-0.406344,-0.674491,-0.672105,-3.100896
0,-1.478025,-0.337245,0.019380,-4.554143
0,-0.697795,0.000000,-1.042471,-3.575640
0,0.177308,1.011736,1.004702,2.968955
0,-1.014588,1.348982,-0.513810,-1.986347
0,-0.028797,1.686227,-0.035828,1.758127
0,0.048936,-0.337245,-0.141886,-0.700681
0,0.567912,-0.337245,-1.244497,-0.898877
0,0.249625,0.000000,1.403291,2.478973
0,2.419661,-1.011736,2.934659,9.231830
0,0.004420,0.000000,-0.882483,-1.466555
1,1.618627,0.337245,2.555883,8.219596
0,0.099121,0.337245,-0.369151,-0.055410
0,-0.618263,-0.337245,-0.752994,-3.365285
0,-0.919276,-0.674491,-0.182519,-3.768732
0,-0.936216,0.000000,0.075728,-2.604359
1,0.847639,-0.337245,0.499381,2.359174
1,0.647299,2.697963,1.533541,7.082651
0,0.553647,-0.674491,0.721000,1.472473
0,-0.730647,0.337245,-1.477632,-3.870753
1,2.509679,-0.337245,2.613039,9.847895
0,-0.698795,-1.348982,-0.770026,-4.862349
1,0.240951,7.082153,-0.043883,9.172712
0,-0.585883,1.011736,-1.548901,-2.747930
0,-0.452081,-0.337245,-1.067296,-3.372962
0,0.666444,0.337245,0.453230,2.646008
0,2.408137,5.395926,1.366742,14.906127
0,-0.749861,-0.337245,0.383711,-2.081558
0,-0.197971,1.686227,0.519693,2.104937
0,0.122647,0.000000,2.227746,3.325704
0,-0.606219,0.000000,-0.049162,-1.901148
0,-0.286832,-0.337245,-0.128593,-1.579934
0,0.037470,1.686227,0.385296,2.541472
0,-0.760256,0.000000,0.682441,-1.260441
1,0.788932,-0.674491,2.818910,5.121106
0,0.151444,0.674491,1.587835,3.319912
0,0.153804,4.384190,0.221967,5.969907
0,-0.092515,0.000000,-0.078351,-0.568687
0,1.695106,0.000000,1.758350,6.857469
0,0.213334,-0.337245,0.284091,0.352206
0,-0.279991,-1.011736,-0.548916,-3.004571
0,-0.375496,-1.011736,-0.806379,-3.630618
0,-0.000813,-0.337245,-0.230192,-0.960873
0,1.180525,-0.337245,0.449362,3.177862